  0
SECTION
  2
HEADER
  9
$ACADVER
  1
AC1015
  9
$ACADMAINTVER
 70
     6
  9
$DWGCODEPAGE
  3
ANSI_1252
  9
$INSBASE
 10
0.0
 20
0.0
 30
0.0
  9
$EXTMIN
 10
1.000000000000000E+20
 20
1.000000000000000E+20
 30
1.000000000000000E+20
  9
$EXTMAX
 10
-1.000000000000000E+20
 20
-1.000000000000000E+20
 30
-1.000000000000000E+20
  9
$LIMMIN
 10
0.0
 20
0.0
  9
$LIMMAX
 10
12.0
 20
9.0
  9
$ORTHOMODE
 70
     0
  9
$REGENMODE
 70
     1
  9
$FILLMODE
 70
     1
  9
$QTEXTMODE
 70
     0
  9
$MIRRTEXT
 70
     1
  9
$LTSCALE
 40
1.0
  9
$ATTMODE
 70
     1
  9
$TEXTSIZE
 40
0.2
  9
$TRACEWID
 40
0.05
  9
$TEXTSTYLE
  7
Standard
  9
$CLAYER
  8
Layer 01
  9
$CELTYPE
  6
ByLayer
  9
$CECOLOR
 62
   256
  9
$CELTSCALE
 40
1.0
  9
$DISPSILH
 70
     0
  9
$DIMSCALE
 40
1.0
  9
$DIMASZ
 40
0.18
  9
$DIMEXO
 40
0.0625
  9
$DIMDLI
 40
0.38
  9
$DIMRND
 40
0.0
  9
$DIMDLE
 40
0.0
  9
$DIMEXE
 40
0.18
  9
$DIMTP
 40
0.0
  9
$DIMTM
 40
0.0
  9
$DIMTXT
 40
0.18
  9
$DIMCEN
 40
0.09
  9
$DIMTSZ
 40
0.0
  9
$DIMTOL
 70
     0
  9
$DIMLIM
 70
     0
  9
$DIMTIH
 70
     1
  9
$DIMTOH
 70
     1
  9
$DIMSE1
 70
     0
  9
$DIMSE2
 70
     0
  9
$DIMTAD
 70
     0
  9
$DIMZIN
 70
     0
  9
$DIMBLK
  1

  9
$DIMASO
 70
     1
  9
$DIMSHO
 70
     1
  9
$DIMPOST
  1

  9
$DIMAPOST
  1

  9
$DIMALT
 70
     0
  9
$DIMALTD
 70
     2
  9
$DIMALTF
 40
25.4
  9
$DIMLFAC
 40
1.0
  9
$DIMTOFL
 70
     0
  9
$DIMTVP
 40
0.0
  9
$DIMTIX
 70
     0
  9
$DIMSOXD
 70
     0
  9
$DIMSAH
 70
     0
  9
$DIMBLK1
  1

  9
$DIMBLK2
  1

  9
$DIMSTYLE
  2
STANDARD_ACAD
  9
$DIMCLRD
 70
     0
  9
$DIMCLRE
 70
     0
  9
$DIMCLRT
 70
     0
  9
$DIMTFAC
 40
1.0
  9
$DIMGAP
 40
0.09
  9
$DIMJUST
 70
     0
  9
$DIMSD1
 70
     0
  9
$DIMSD2
 70
     0
  9
$DIMTOLJ
 70
     1
  9
$DIMTZIN
 70
     0
  9
$DIMALTZ
 70
     0
  9
$DIMALTTZ
 70
     0
  9
$DIMUPT
 70
     0
  9
$DIMDEC
 70
     4
  9
$DIMTDEC
 70
     4
  9
$DIMALTU
 70
     2
  9
$DIMALTTD
 70
     2
  9
$DIMTXSTY
  7
Standard
  9
$DIMAUNIT
 70
     0
  9
$DIMADEC
 70
     0
  9
$DIMALTRND
 40
0.0
  9
$DIMAZIN
 70
     0
  9
$DIMDSEP
 70
    46
  9
$DIMATFIT
 70
     3
  9
$DIMFRAC
 70
     0
  9
$DIMLDRBLK
  1

  9
$DIMLUNIT
 70
     2
  9
$DIMLWD
 70
    -2
  9
$DIMLWE
 70
    -2
  9
$DIMTMOVE
 70
     2
  9
$LUNITS
 70
     2
  9
$LUPREC
 70
     3
  9
$SKETCHINC
 40
0.1
  9
$FILLETRAD
 40
0.5
  9
$AUNITS
 70
     0
  9
$AUPREC
 70
     0
  9
$MENU
  1
.
  9
$ELEVATION
 40
0.0
  9
$PELEVATION
 40
0.0
  9
$THICKNESS
 40
0.0
  9
$LIMCHECK
 70
     0
  9
$CHAMFERA
 40
0.0
  9
$CHAMFERB
 40
0.0
  9
$CHAMFERC
 40
0.0
  9
$CHAMFERD
 40
0.0
  9
$SKPOLY
 70
     0
  9
$TDCREATE
 40
2460447.568328889
  9
$TDUCREATE
 40
2460447.443328889
  9
$TDUPDATE
 40
2460447.568329051
  9
$TDUUPDATE
 40
2460447.443329051
  9
$TDINDWG
 40
0.0000000116
  9
$TDUSRTIMER
 40
0.0000000116
  9
$USRTIMER
 70
     1
  9
$ANGBASE
 50
0.0
  9
$ANGDIR
 70
     0
  9
$PDMODE
 70
     0
  9
$PDSIZE
 40
0.0
  9
$PLINEWID
 40
0.0
  9
$SPLFRAME
 70
     0
  9
$SPLINETYPE
 70
     6
  9
$SPLINESEGS
 70
     8
  9
$HANDSEED
  5
8CA
  9
$SURFTAB1
 70
     6
  9
$SURFTAB2
 70
     6
  9
$SURFTYPE
 70
     6
  9
$SURFU
 70
     6
  9
$SURFV
 70
     6
  9
$UCSBASE
  2

  9
$UCSNAME
  2

  9
$UCSORG
 10
0.0
 20
0.0
 30
0.0
  9
$UCSXDIR
 10
1.0
 20
0.0
 30
0.0
  9
$UCSYDIR
 10
0.0
 20
1.0
 30
0.0
  9
$UCSORTHOREF
  2

  9
$UCSORTHOVIEW
 70
     0
  9
$UCSORGTOP
 10
0.0
 20
0.0
 30
0.0
  9
$UCSORGBOTTOM
 10
0.0
 20
0.0
 30
0.0
  9
$UCSORGLEFT
 10
0.0
 20
0.0
 30
0.0
  9
$UCSORGRIGHT
 10
0.0
 20
0.0
 30
0.0
  9
$UCSORGFRONT
 10
0.0
 20
0.0
 30
0.0
  9
$UCSORGBACK
 10
0.0
 20
0.0
 30
0.0
  9
$PUCSBASE
  2

  9
$PUCSNAME
  2

  9
$PUCSORG
 10
0.0
 20
0.0
 30
0.0
  9
$PUCSXDIR
 10
1.0
 20
0.0
 30
0.0
  9
$PUCSYDIR
 10
0.0
 20
1.0
 30
0.0
  9
$PUCSORTHOREF
  2

  9
$PUCSORTHOVIEW
 70
     0
  9
$PUCSORGTOP
 10
0.0
 20
0.0
 30
0.0
  9
$PUCSORGBOTTOM
 10
0.0
 20
0.0
 30
0.0
  9
$PUCSORGLEFT
 10
0.0
 20
0.0
 30
0.0
  9
$PUCSORGRIGHT
 10
0.0
 20
0.0
 30
0.0
  9
$PUCSORGFRONT
 10
0.0
 20
0.0
 30
0.0
  9
$PUCSORGBACK
 10
0.0
 20
0.0
 30
0.0
  9
$USERI1
 70
     0
  9
$USERI2
 70
     0
  9
$USERI3
 70
     0
  9
$USERI4
 70
     0
  9
$USERI5
 70
     0
  9
$USERR1
 40
0.0
  9
$USERR2
 40
0.0
  9
$USERR3
 40
0.0
  9
$USERR4
 40
0.0
  9
$USERR5
 40
0.0
  9
$WORLDVIEW
 70
     1
  9
$SHADEDGE
 70
     3
  9
$SHADEDIF
 70
    70
  9
$TILEMODE
 70
     1
  9
$MAXACTVP
 70
    64
  9
$PINSBASE
 10
0.0
 20
0.0
 30
0.0
  9
$PLIMCHECK
 70
     0
  9
$PEXTMIN
 10
1.000000000000000E+20
 20
1.000000000000000E+20
 30
1.000000000000000E+20
  9
$PEXTMAX
 10
-1.000000000000000E+20
 20
-1.000000000000000E+20
 30
-1.000000000000000E+20
  9
$PLIMMIN
 10
0.0
 20
0.0
  9
$PLIMMAX
 10
12.0
 20
9.0
  9
$UNITMODE
 70
     0
  9
$VISRETAIN
 70
     1
  9
$PLINEGEN
 70
     0
  9
$PSLTSCALE
 70
     1
  9
$TREEDEPTH
 70
  3020
  9
$CMLSTYLE
  2
Standard
  9
$CMLJUST
 70
     0
  9
$CMLSCALE
 40
1.0
  9
$PROXYGRAPHICS
 70
     1
  9
$MEASUREMENT
 70
     1
  9
$CELWEIGHT
370
    -1
  9
$ENDCAPS
280
     0
  9
$JOINSTYLE
280
     0
  9
$LWDISPLAY
290
     0
  9
$INSUNITS
 70
     4
  9
$HYPERLINKBASE
  1

  9
$STYLESHEET
  1

  9
$XEDIT
290
     1
  9
$CEPSNTYPE
380
     0
  9
$PSTYLEMODE
290
     1
  9
$FINGERPRINTGUID
  2
{12dab384-6143-470e-830b-d03a7c52e80b}
  9
$VERSIONGUID
  2
{FAEB1C32-E019-11D5-929B-00C0DF256EC4}
  9
$EXTNAMES
290
     1
  9
$PSVPSCALE
 40
0.0
  9
$OLESTARTUP
290
     0
  0
ENDSEC
  0
SECTION
  2
CLASSES
  0
CLASS
  1
ACDBDICTIONARYWDFLT
  2
AcDbDictionaryWithDefault
  3
ObjectDBX Classes
 90
        0
280
     0
281
     0
  0
CLASS
  1
VISUALSTYLE
  2
AcDbVisualStyle
  3
ObjectDBX Classes
 90
     4095
280
     0
281
     0
  0
CLASS
  1
MATERIAL
  2
AcDbMaterial
  3
ObjectDBX Classes
 90
     1153
280
     0
281
     0
  0
CLASS
  1
SCALE
  2
AcDbScale
  3
ObjectDBX Classes
 90
     1153
280
     0
281
     0
  0
CLASS
  1
TABLESTYLE
  2
AcDbTableStyle
  3
ObjectDBX Classes
 90
     4095
280
     0
281
     0
  0
CLASS
  1
MLEADERSTYLE
  2
AcDbMLeaderStyle
  3
ACDB_MLEADERSTYLE_CLASS
 90
     4095
280
     0
281
     0
  0
CLASS
  1
SUN
  2
AcDbSun
  3
SCENEOE
 90
     1153
280
     0
281
     0
  0
CLASS
  1
DICTIONARYVAR
  2
AcDbDictionaryVar
  3
ObjectDBX Classes
 90
        0
280
     0
281
     0
  0
CLASS
  1
ACDBPLACEHOLDER
  2
AcDbPlaceHolder
  3
ObjectDBX Classes
 90
        0
280
     0
281
     0
  0
CLASS
  1
LAYOUT
  2
AcDbLayout
  3
ObjectDBX Classes
 90
        0
280
     0
281
     0
  0
ENDSEC
  0
SECTION
  2
TABLES
  0
TABLE
  2
VPORT
  5
8
102
{ACAD_XDICTIONARY
360
88D
102
}
330
0
100
AcDbSymbolTable
 70
     1
  0
VPORT
  5
29
330
8
100
AcDbSymbolTableRecord
100
AcDbViewportTableRecord
  2
*Active
 70
     0
 10
0.0
 20
0.0
 11
1.0
 21
1.0
 12
10.42990654205607
 22
4.5
 13
0.0
 23
0.0
 14
0.5
 24
0.5
 15
0.5
 25
0.5
 16
0.0
 26
0.0
 36
1.0
 17
0.0
 27
0.0
 37
0.0
 40
9.0
 41
1.972972972850329
 42
50.0
 43
0.0
 44
0.0
 50
0.0
 51
0.0
 71
     0
 72
   100
 73
     1
 74
     3
 75
     0
 76
     0
 77
     0
 78
     0
281
     0
 65
     1
110
0.0
120
0.0
130
0.0
111
1.0
121
0.0
131
0.0
112
0.0
122
1.0
132
0.0
 79
     0
146
0.0
  0
ENDTAB
  0
TABLE
  2
LTYPE
  5
5
330
0
100
AcDbSymbolTable
 70
     1
  0
LTYPE
  5
14
330
5
100
AcDbSymbolTableRecord
100
AcDbLinetypeTableRecord
  2
ByBlock
 70
     0
  3

 72
    65
 73
     0
 40
0.0
  0
LTYPE
  5
15
330
5
100
AcDbSymbolTableRecord
100
AcDbLinetypeTableRecord
  2
ByLayer
 70
     0
  3

 72
    65
 73
     0
 40
0.0
  0
LTYPE
  5
16
330
5
100
AcDbSymbolTableRecord
100
AcDbLinetypeTableRecord
  2
Continuous
 70
     0
  3
Solid line
 72
    65
 73
     0
 40
0.0
  0
ENDTAB
  0
TABLE
  2
LAYER
  5
2
330
0
100
AcDbSymbolTable
 70
     2
  0
LAYER
  5
10
330
2
100
AcDbSymbolTableRecord
100
AcDbLayerTableRecord
  2
0
 70
     0
 62
     7
  6
Continuous
370
    -3
390
F
  0
LAYER
  5
6F
330
2
100
AcDbSymbolTableRecord
100
AcDbLayerTableRecord
  2
Layer 01
 70
     0
 62
     1
  6
Continuous
370
    -3
390
F
  0
ENDTAB
  0
TABLE
  2
STYLE
  5
3
330
0
100
AcDbSymbolTable
 70
     1
  0
STYLE
  5
11
330
3
100
AcDbSymbolTableRecord
100
AcDbTextStyleTableRecord
  2
Standard
 70
     0
 40
0.0
 41
1.0
 50
0.0
 71
     0
 42
0.2
  3
txt
  4

  0
ENDTAB
  0
TABLE
  2
VIEW
  5
6
330
0
100
AcDbSymbolTable
 70
     0
  0
ENDTAB
  0
TABLE
  2
UCS
  5
7
330
0
100
AcDbSymbolTable
 70
     0
  0
ENDTAB
  0
TABLE
  2
APPID
  5
9
330
0
100
AcDbSymbolTable
 70
     3
  0
APPID
  5
12
330
9
100
AcDbSymbolTableRecord
100
AcDbRegAppTableRecord
  2
ACAD
 70
     0
  0
APPID
  5
6E
330
9
100
AcDbSymbolTableRecord
100
AcDbRegAppTableRecord
  2
Rhino
 70
     0
  0
APPID
  5
8C7
330
9
100
AcDbSymbolTableRecord
100
AcDbRegAppTableRecord
  2
ACAD_MLEADERVER
 70
     0
  0
ENDTAB
  0
TABLE
  2
DIMSTYLE
  5
A
330
0
100
AcDbSymbolTable
 70
     1
100
AcDbDimStyleTable
  0
DIMSTYLE
105
27
330
A
100
AcDbSymbolTableRecord
100
AcDbDimStyleTableRecord
  2
STANDARD_ACAD
 70
     0
178
     0
340
11
  0
ENDTAB
  0
TABLE
  2
BLOCK_RECORD
  5
1
330
0
100
AcDbSymbolTable
 70
     1
  0
BLOCK_RECORD
  5
1F
330
1
100
AcDbSymbolTableRecord
100
AcDbBlockTableRecord
  2
*Model_Space
340
22
  0
BLOCK_RECORD
  5
1B
330
1
100
AcDbSymbolTableRecord
100
AcDbBlockTableRecord
  2
*Paper_Space
340
1E
  0
BLOCK_RECORD
  5
23
330
1
100
AcDbSymbolTableRecord
100
AcDbBlockTableRecord
  2
*Paper_Space0
340
26
  0
ENDTAB
  0
ENDSEC
  0
SECTION
  2
BLOCKS
  0
BLOCK
  5
20
330
1F
100
AcDbEntity
  8
0
100
AcDbBlockBegin
  2
*Model_Space
 70
     0
 10
0.0
 20
0.0
 30
0.0
  3
*Model_Space
  1

  0
ENDBLK
  5
21
330
1F
100
AcDbEntity
  8
0
100
AcDbBlockEnd
  0
BLOCK
  5
1C
330
1B
100
AcDbEntity
 67
     1
  8
0
100
AcDbBlockBegin
  2
*Paper_Space
 70
     0
 10
0.0
 20
0.0
 30
0.0
  3
*Paper_Space
  1

  0
ENDBLK
  5
1D
330
1B
100
AcDbEntity
 67
     1
  8
0
100
AcDbBlockEnd
  0
BLOCK
  5
24
330
23
100
AcDbEntity
  8
0
100
AcDbBlockBegin
  2
*Paper_Space0
 70
     0
 10
0.0
 20
0.0
 30
0.0
  3
*Paper_Space0
  1

  0
ENDBLK
  5
25
330
23
100
AcDbEntity
  8
0
100
AcDbBlockEnd
  0
ENDSEC
  0
SECTION
  2
ENTITIES
  0
POLYLINE
  5
70
330
1F
100
AcDbEntity
  8
Layer 01
100
AcDb2dPolyline
 66
     1
 10
0.0
 20
0.0
 30
0.0
 70
     1
  0
VERTEX
  5
71
330
70
100
AcDbEntity
  8
Layer 01
100
AcDbVertex
100
AcDb2dVertex
 10
7858.332995240492
 20
10875.66234554919
 30
0.0
  0
VERTEX
  5
72
330
70
100
AcDbEntity
  8
Layer 01
100
AcDbVertex
100
AcDb2dVertex
 10
34527.28508961946
 20
10875.66234554919
 30
0.0
  0
VERTEX
  5
73
330
70
100
AcDbEntity
  8
Layer 01
100
AcDbVertex
100
AcDb2dVertex
 10
34527.28508961946
 20
18347.61649196746
 30
0.0
  0
VERTEX
  5
74
330
70
100
AcDbEntity
  8
Layer 01
100
AcDbVertex
100
AcDb2dVertex
 10
7858.332995240492
 20
18347.61649196746
 30
0.0
  0
SEQEND
  5
75
330
70
100
AcDbEntity
  8
Layer 01
  0
POLYLINE
  5
76
330
1F
100
AcDbEntity
  8
Layer 01
100
AcDb2dPolyline
 66
     1
 10
0.0
 20
0.0
 30
0.0
 70
     1
  0
VERTEX
  5
77
330
76
100
AcDbEntity
  8
Layer 01
100
AcDbVertex
100
AcDb2dVertex
 10
23555.95921023568
 20
18047.61649196746
 30
0.0
  0
VERTEX
  5
78
330
76
100
AcDbEntity
  8
Layer 01
100
AcDbVertex
100
AcDb2dVertex
 10
23636.74040497111
 20
17948.22420957278
 30
0.0
  0
VERTEX
  5
79
330
76
100
AcDbEntity
  8
Layer 01
100
AcDbVertex
100
AcDb2dVertex
 10
23826.38502619441
 20
17589.21560459821
 30
0.0
  0
VERTEX
  5
7A
330
76
100
AcDbEntity
  8
Layer 01
100
AcDbVertex
100
AcDb2dVertex
 10
23473.63951512691
 20
16900.91697861004
 30
0.0
  0
VERTEX
  5
7B
330
76
100
AcDbEntity
  8
Layer 01
100
AcDbVertex
100
AcDb2dVertex
 10
23097.39569311285
 20
18047.61649196746
 30
0.0
  0
VERTEX
  5
7C
330
76
100
AcDbEntity
  8
Layer 01
100
AcDbVertex
100
AcDb2dVertex
 10
23584.23689534467
 20
18047.61649196746
 30
0.0
  0
SEQEND
  5
7D
330
76
100
AcDbEntity
  8
Layer 01
  0
POLYLINE
  5
7E
330
1F
100
AcDbEntity
  8
Layer 01
100
AcDb2dPolyline
 66
     1
 10
0.0
 20
0.0
 30
0.0
 70
     1
  0
VERTEX
  5
7F
330
7E
100
AcDbEntity
  8
Layer 01
100
AcDbVertex
100
AcDb2dVertex
 10
34227.28508961945
 20
12586.73214330257
 30
0.0
  0
VERTEX
  5
80
330
7E
100
AcDbEntity
  8
Layer 01
100
AcDbVertex
100
AcDb2dVertex
 10
34192.42261745273
 20
12518.44678331236
 30
0.0
  0
VERTEX
  5
81
330
7E
100
AcDbEntity
  8
Layer 01
100
AcDbVertex
100
AcDb2dVertex
 10
33764.4810337285
 20
13353.47258757901
 30
0.0
  0
VERTEX
  5
82
330
7E
100
AcDbEntity
  8
Layer 01
100
AcDbVertex
100
AcDb2dVertex
 10
34227.28508961946
 20
12851.40588052621
 30
0.0
  0
SEQEND
  5
83
330
7E
100
AcDbEntity
  8
Layer 01
  0
POLYLINE
  5
84
330
1F
100
AcDbEntity
  8
Layer 01
100
AcDb2dPolyline
 66
     1
 10
0.0
 20
0.0
 30
0.0
 70
     1
  0
VERTEX
  5
85
330
84
100
AcDbEntity
  8
Layer 01
100
AcDbVertex
100
AcDb2dVertex
 10
34227.28508961946
 20
11628.51811799334
 30
0.0
  0
VERTEX
  5
86
330
84
100
AcDbEntity
  8
Layer 01
100
AcDbVertex
100
AcDb2dVertex
 10
34201.18437191815
 20
11659.71212271718
 30
0.0
  0
VERTEX
  5
87
330
84
100
AcDbEntity
  8
Layer 01
100
AcDbVertex
100
AcDb2dVertex
 10
34037.37973748231
 20
11459.15924751325
 30
0.0
  0
VERTEX
  5
88
330
84
100
AcDbEntity
  8
Layer 01
100
AcDbVertex
100
AcDb2dVertex
 10
34227.28508961946
 20
11290.13091723128
 30
0.0
  0
SEQEND
  5
89
330
84
100
AcDbEntity
  8
Layer 01
  0
POLYLINE
  5
8A
330
1F
100
AcDbEntity
  8
Layer 01
100
AcDb2dPolyline
 66
     1
 10
0.0
 20
0.0
 30
0.0
 70
     1
  0
VERTEX
  5
8B
330
8A
100
AcDbEntity
  8
Layer 01
100
AcDbVertex
100
AcDb2dVertex
 10
34227.28508961946
 20
13006.02838909218
 30
0.0
  0
VERTEX
  5
8C
330
8A
100
AcDbEntity
  8
Layer 01
100
AcDbVertex
100
AcDb2dVertex
 10
33660.04548548891
 20
13621.39058510298
 30
0.0
  0
VERTEX
  5
8D
330
8A
100
AcDbEntity
  8
Layer 01
100
AcDbVertex
100
AcDb2dVertex
 10
33694.78477550164
 20
13892.51805493733
 30
0.0
  0
VERTEX
  5
8E
330
8A
100
AcDbEntity
  8
Layer 01
100
AcDbVertex
100
AcDb2dVertex
 10
34203.79333325092
 20
14584.93434938755
 30
0.0
  0
VERTEX
  5
8F
330
8A
100
AcDbEntity
  8
Layer 01
100
AcDbVertex
100
AcDb2dVertex
 10
34227.28508961946
 20
14552.47387189095
 30
0.0
  0
SEQEND
  5
90
330
8A
100
AcDbEntity
  8
Layer 01
  0
POLYLINE
  5
91
330
1F
100
AcDbEntity
  8
Layer 01
100
AcDb2dPolyline
 66
     1
 10
0.0
 20
0.0
 30
0.0
 70
     1
  0
VERTEX
  5
92
330
91
100
AcDbEntity
  8
Layer 01
100
AcDbVertex
100
AcDb2dVertex
 10
34227.28508961946
 20
16228.0897713651
 30
0.0
  0
VERTEX
  5
93
330
91
100
AcDbEntity
  8
Layer 01
100
AcDbVertex
100
AcDb2dVertex
 10
34177.55981381606
 20
16192.15345019588
 30
0.0
  0
VERTEX
  5
94
330
91
100
AcDbEntity
  8
Layer 01
100
AcDbVertex
100
AcDb2dVertex
 10
33822.54512525817
 20
16449.62600121167
 30
0.0
  0
VERTEX
  5
95
330
91
100
AcDbEntity
  8
Layer 01
100
AcDbVertex
100
AcDb2dVertex
 10
33753.31097657788
 20
16688.5803826718
 30
0.0
  0
VERTEX
  5
96
330
91
100
AcDbEntity
  8
Layer 01
100
AcDbVertex
100
AcDb2dVertex
 10
34185.72773764114
 20
17278.34840354783
 30
0.0
  0
VERTEX
  5
97
330
91
100
AcDbEntity
  8
Layer 01
100
AcDbVertex
100
AcDb2dVertex
 10
34227.28508961945
 20
17216.46495803454
 30
0.0
  0
SEQEND
  5
98
330
91
100
AcDbEntity
  8
Layer 01
  0
POLYLINE
  5
99
330
1F
100
AcDbEntity
  8
Layer 01
100
AcDb2dPolyline
 66
     1
 10
0.0
 20
0.0
 30
0.0
 70
     1
  0
VERTEX
  5
9A
330
99
100
AcDbEntity
  8
Layer 01
100
AcDbVertex
100
AcDb2dVertex
 10
34227.28508961946
 20
18047.61649196746
 30
0.0
  0
VERTEX
  5
9B
330
99
100
AcDbEntity
  8
Layer 01
100
AcDbVertex
100
AcDb2dVertex
 10
33833.02725362294
 20
18047.61649196746
 30
0.0
  0
VERTEX
  5
9C
330
99
100
AcDbEntity
  8
Layer 01
100
AcDbVertex
100
AcDb2dVertex
 10
34208.07412950921
 20
17489.13064520441
 30
0.0
  0
VERTEX
  5
9D
330
99
100
AcDbEntity
  8
Layer 01
100
AcDbVertex
100
AcDb2dVertex
 10
34227.28508961946
 20
17515.33224269912
 30
0.0
  0
SEQEND
  5
9E
330
99
100
AcDbEntity
  8
Layer 01
  0
POLYLINE
  5
9F
330
1F
100
AcDbEntity
  8
Layer 01
100
AcDb2dPolyline
 66
     1
 10
0.0
 20
0.0
 30
0.0
 70
     1
  0
VERTEX
  5
A0
330
9F
100
AcDbEntity
  8
Layer 01
100
AcDbVertex
100
AcDb2dVertex
 10
31864.13492181375
 20
18047.61649196746
 30
0.0
  0
VERTEX
  5
A1
330
9F
100
AcDbEntity
  8
Layer 01
100
AcDbVertex
100
AcDb2dVertex
 10
31783.35372707832
 20
17948.22420957278
 30
0.0
  0
VERTEX
  5
A2
330
9F
100
AcDbEntity
  8
Layer 01
100
AcDbVertex
100
AcDb2dVertex
 10
31593.70910585502
 20
17589.21560459821
 30
0.0
  0
VERTEX
  5
A3
330
9F
100
AcDbEntity
  8
Layer 01
100
AcDbVertex
100
AcDb2dVertex
 10
31946.45461692252
 20
16900.91697861004
 30
0.0
  0
VERTEX
  5
A4
330
9F
100
AcDbEntity
  8
Layer 01
100
AcDbVertex
100
AcDb2dVertex
 10
32322.69843893658
 20
18047.61649196746
 30
0.0
  0
VERTEX
  5
A5
330
9F
100
AcDbEntity
  8
Layer 01
100
AcDbVertex
100
AcDb2dVertex
 10
31835.85723670475
 20
18047.61649196746
 30
0.0
  0
SEQEND
  5
A6
330
9F
100
AcDbEntity
  8
Layer 01
  0
POLYLINE
  5
A7
330
1F
100
AcDbEntity
  8
Layer 01
100
AcDb2dPolyline
 66
     1
 10
0.0
 20
0.0
 30
0.0
 70
     1
  0
VERTEX
  5
A8
330
A7
100
AcDbEntity
  8
Layer 01
100
AcDbVertex
100
AcDb2dVertex
 10
34227.28508961946
 20
11834.92631713958
 30
0.0
  0
VERTEX
  5
A9
330
A7
100
AcDbEntity
  8
Layer 01
100
AcDbVertex
100
AcDb2dVertex
 10
34201.54803431808
 20
11803.4153622893
 30
0.0
  0
VERTEX
  5
AA
330
A7
100
AcDbEntity
  8
Layer 01
100
AcDbVertex
100
AcDb2dVertex
 10
34046.18253807073
 20
11989.09883962984
 30
0.0
  0
VERTEX
  5
AB
330
A7
100
AcDbEntity
  8
Layer 01
100
AcDbVertex
100
AcDb2dVertex
 10
34186.76497961929
 20
12264.4586185789
 30
0.0
  0
VERTEX
  5
AC
330
A7
100
AcDbEntity
  8
Layer 01
100
AcDbVertex
100
AcDb2dVertex
 10
34227.28508961946
 20
12185.39330048712
 30
0.0
  0
SEQEND
  5
AD
330
A7
100
AcDbEntity
  8
Layer 01
  0
POLYLINE
  5
AE
330
1F
100
AcDbEntity
  8
Layer 01
100
AcDb2dPolyline
 66
     1
 10
0.0
 20
0.0
 30
0.0
 70
     1
  0
VERTEX
  5
AF
330
AE
100
AcDbEntity
  8
Layer 01
100
AcDbVertex
100
AcDb2dVertex
 10
34227.28508961946
 20
15979.83506429161
 30
0.0
  0
VERTEX
  5
B0
330
AE
100
AcDbEntity
  8
Layer 01
100
AcDbVertex
100
AcDb2dVertex
 10
34187.67328241998
 20
16008.56332083621
 30
0.0
  0
VERTEX
  5
B1
330
AE
100
AcDbEntity
  8
Layer 01
100
AcDbVertex
100
AcDb2dVertex
 10
33991.42970891162
 20
15866.73862562742
 30
0.0
  0
VERTEX
  5
B2
330
AE
100
AcDbEntity
  8
Layer 01
100
AcDbVertex
100
AcDb2dVertex
 10
34227.28508961946
 20
15052.70858863887
 30
0.0
  0
SEQEND
  5
B3
330
AE
100
AcDbEntity
  8
Layer 01
  0
POLYLINE
  5
B4
330
1F
100
AcDbEntity
  8
Layer 01
100
AcDb2dPolyline
 66
     1
 10
0.0
 20
0.0
 30
0.0
 70
     1
  0
VERTEX
  5
B5
330
B4
100
AcDbEntity
  8
Layer 01
100
AcDbVertex
100
AcDb2dVertex
 10
18829.65887462427
 20
18047.61649196746
 30
0.0
  0
VERTEX
  5
B6
330
B4
100
AcDbEntity
  8
Layer 01
100
AcDbVertex
100
AcDb2dVertex
 10
18748.87767988884
 20
17948.22420957278
 30
0.0
  0
VERTEX
  5
B7
330
B4
100
AcDbEntity
  8
Layer 01
100
AcDbVertex
100
AcDb2dVertex
 10
18559.23305866554
 20
17589.21560459821
 30
0.0
  0
VERTEX
  5
B8
330
B4
100
AcDbEntity
  8
Layer 01
100
AcDbVertex
100
AcDb2dVertex
 10
18911.97856973304
 20
16900.91697861004
 30
0.0
  0
VERTEX
  5
B9
330
B4
100
AcDbEntity
  8
Layer 01
100
AcDbVertex
100
AcDb2dVertex
 10
19288.2223917471
 20
18047.61649196746
 30
0.0
  0
VERTEX
  5
BA
330
B4
100
AcDbEntity
  8
Layer 01
100
AcDbVertex
100
AcDb2dVertex
 10
18801.38118951528
 20
18047.61649196746
 30
0.0
  0
SEQEND
  5
BB
330
B4
100
AcDbEntity
  8
Layer 01
  0
POLYLINE
  5
BC
330
1F
100
AcDbEntity
  8
Layer 01
100
AcDb2dPolyline
 66
     1
 10
0.0
 20
0.0
 30
0.0
 70
     1
  0
VERTEX
  5
BD
330
BC
100
AcDbEntity
  8
Layer 01
100
AcDbVertex
100
AcDb2dVertex
 10
8158.332995240494
 20
12586.73214330257
 30
0.0
  0
VERTEX
  5
BE
330
BC
100
AcDbEntity
  8
Layer 01
100
AcDbVertex
100
AcDb2dVertex
 10
8193.195467407219
 20
12518.44678331236
 30
0.0
  0
VERTEX
  5
BF
330
BC
100
AcDbEntity
  8
Layer 01
100
AcDbVertex
100
AcDb2dVertex
 10
8621.137051131447
 20
13353.47258757901
 30
0.0
  0
VERTEX
  5
C0
330
BC
100
AcDbEntity
  8
Layer 01
100
AcDbVertex
100
AcDb2dVertex
 10
8158.332995240493
 20
12851.40588052621
 30
0.0
  0
SEQEND
  5
C1
330
BC
100
AcDbEntity
  8
Layer 01
  0
POLYLINE
  5
C2
330
1F
100
AcDbEntity
  8
Layer 01
100
AcDb2dPolyline
 66
     1
 10
0.0
 20
0.0
 30
0.0
 70
     1
  0
VERTEX
  5
C3
330
C2
100
AcDbEntity
  8
Layer 01
100
AcDbVertex
100
AcDb2dVertex
 10
8158.332995240493
 20
11628.51811799334
 30
0.0
  0
VERTEX
  5
C4
330
C2
100
AcDbEntity
  8
Layer 01
100
AcDbVertex
100
AcDb2dVertex
 10
8184.433712941796
 20
11659.71212271718
 30
0.0
  0
VERTEX
  5
C5
330
C2
100
AcDbEntity
  8
Layer 01
100
AcDbVertex
100
AcDb2dVertex
 10
8348.238347377635
 20
11459.15924751325
 30
0.0
  0
VERTEX
  5
C6
330
C2
100
AcDbEntity
  8
Layer 01
100
AcDbVertex
100
AcDb2dVertex
 10
8158.332995240492
 20
11290.13091723128
 30
0.0
  0
SEQEND
  5
C7
330
C2
100
AcDbEntity
  8
Layer 01
  0
POLYLINE
  5
C8
330
1F
100
AcDbEntity
  8
Layer 01
100
AcDb2dPolyline
 66
     1
 10
0.0
 20
0.0
 30
0.0
 70
     1
  0
VERTEX
  5
C9
330
C8
100
AcDbEntity
  8
Layer 01
100
AcDbVertex
100
AcDb2dVertex
 10
8158.332995240493
 20
13006.02838909218
 30
0.0
  0
VERTEX
  5
CA
330
C8
100
AcDbEntity
  8
Layer 01
100
AcDbVertex
100
AcDb2dVertex
 10
8725.572599371035
 20
13621.39058510298
 30
0.0
  0
VERTEX
  5
CB
330
C8
100
AcDbEntity
  8
Layer 01
100
AcDbVertex
100
AcDb2dVertex
 10
8690.833309358302
 20
13892.51805493733
 30
0.0
  0
VERTEX
  5
CC
330
C8
100
AcDbEntity
  8
Layer 01
100
AcDbVertex
100
AcDb2dVertex
 10
8181.824751609029
 20
14584.93434938755
 30
0.0
  0
VERTEX
  5
CD
330
C8
100
AcDbEntity
  8
Layer 01
100
AcDbVertex
100
AcDb2dVertex
 10
8158.332995240493
 20
14552.47387189095
 30
0.0
  0
SEQEND
  5
CE
330
C8
100
AcDbEntity
  8
Layer 01
  0
POLYLINE
  5
CF
330
1F
100
AcDbEntity
  8
Layer 01
100
AcDb2dPolyline
 66
     1
 10
0.0
 20
0.0
 30
0.0
 70
     1
  0
VERTEX
  5
D0
330
CF
100
AcDbEntity
  8
Layer 01
100
AcDbVertex
100
AcDb2dVertex
 10
8158.332995240493
 20
16228.0897713651
 30
0.0
  0
VERTEX
  5
D1
330
CF
100
AcDbEntity
  8
Layer 01
100
AcDbVertex
100
AcDb2dVertex
 10
8208.058271043894
 20
16192.15345019588
 30
0.0
  0
VERTEX
  5
D2
330
CF
100
AcDbEntity
  8
Layer 01
100
AcDbVertex
100
AcDb2dVertex
 10
8563.072959601779
 20
16449.62600121167
 30
0.0
  0
VERTEX
  5
D3
330
CF
100
AcDbEntity
  8
Layer 01
100
AcDbVertex
100
AcDb2dVertex
 10
8632.30710828207
 20
16688.5803826718
 30
0.0
  0
VERTEX
  5
D4
330
CF
100
AcDbEntity
  8
Layer 01
100
AcDbVertex
100
AcDb2dVertex
 10
8199.890347218803
 20
17278.34840354783
 30
0.0
  0
VERTEX
  5
D5
330
CF
100
AcDbEntity
  8
Layer 01
100
AcDbVertex
100
AcDb2dVertex
 10
8158.332995240494
 20
17216.46495803454
 30
0.0
  0
SEQEND
  5
D6
330
CF
100
AcDbEntity
  8
Layer 01
  0
POLYLINE
  5
D7
330
1F
100
AcDbEntity
  8
Layer 01
100
AcDb2dPolyline
 66
     1
 10
0.0
 20
0.0
 30
0.0
 70
     1
  0
VERTEX
  5
D8
330
D7
100
AcDbEntity
  8
Layer 01
100
AcDbVertex
100
AcDb2dVertex
 10
8158.332995240493
 20
18047.61649196746
 30
0.0
  0
VERTEX
  5
D9
330
D7
100
AcDbEntity
  8
Layer 01
100
AcDbVertex
100
AcDb2dVertex
 10
8552.590831237008
 20
18047.61649196746
 30
0.0
  0
VERTEX
  5
DA
330
D7
100
AcDbEntity
  8
Layer 01
100
AcDbVertex
100
AcDb2dVertex
 10
8177.543955350737
 20
17489.13064520441
 30
0.0
  0
VERTEX
  5
DB
330
D7
100
AcDbEntity
  8
Layer 01
100
AcDbVertex
100
AcDb2dVertex
 10
8158.332995240493
 20
17515.33224269912
 30
0.0
  0
SEQEND
  5
DC
330
D7
100
AcDbEntity
  8
Layer 01
  0
POLYLINE
  5
DD
330
1F
100
AcDbEntity
  8
Layer 01
100
AcDb2dPolyline
 66
     1
 10
0.0
 20
0.0
 30
0.0
 70
     1
  0
VERTEX
  5
DE
330
DD
100
AcDbEntity
  8
Layer 01
100
AcDbVertex
100
AcDb2dVertex
 10
10521.4831630462
 20
18047.61649196746
 30
0.0
  0
VERTEX
  5
DF
330
DD
100
AcDbEntity
  8
Layer 01
100
AcDbVertex
100
AcDb2dVertex
 10
10602.26435778163
 20
17948.22420957278
 30
0.0
  0
VERTEX
  5
E0
330
DD
100
AcDbEntity
  8
Layer 01
100
AcDbVertex
100
AcDb2dVertex
 10
10791.90897900493
 20
17589.21560459821
 30
0.0
  0
VERTEX
  5
E1
330
DD
100
AcDbEntity
  8
Layer 01
100
AcDbVertex
100
AcDb2dVertex
 10
10439.16346793743
 20
16900.91697861004
 30
0.0
  0
VERTEX
  5
E2
330
DD
100
AcDbEntity
  8
Layer 01
100
AcDbVertex
100
AcDb2dVertex
 10
10062.91964592337
 20
18047.61649196746
 30
0.0
  0
VERTEX
  5
E3
330
DD
100
AcDbEntity
  8
Layer 01
100
AcDbVertex
100
AcDb2dVertex
 10
10549.76084815519
 20
18047.61649196746
 30
0.0
  0
SEQEND
  5
E4
330
DD
100
AcDbEntity
  8
Layer 01
  0
POLYLINE
  5
E5
330
1F
100
AcDbEntity
  8
Layer 01
100
AcDb2dPolyline
 66
     1
 10
0.0
 20
0.0
 30
0.0
 70
     1
  0
VERTEX
  5
E6
330
E5
100
AcDbEntity
  8
Layer 01
100
AcDbVertex
100
AcDb2dVertex
 10
8158.332995240493
 20
11834.92631713958
 30
0.0
  0
VERTEX
  5
E7
330
E5
100
AcDbEntity
  8
Layer 01
100
AcDbVertex
100
AcDb2dVertex
 10
8184.070050541872
 20
11803.4153622893
 30
0.0
  0
VERTEX
  5
E8
330
E5
100
AcDbEntity
  8
Layer 01
100
AcDbVertex
100
AcDb2dVertex
 10
8339.435546789216
 20
11989.09883962984
 30
0.0
  0
VERTEX
  5
E9
330
E5
100
AcDbEntity
  8
Layer 01
100
AcDbVertex
100
AcDb2dVertex
 10
8198.853105240652
 20
12264.4586185789
 30
0.0
  0
VERTEX
  5
EA
330
E5
100
AcDbEntity
  8
Layer 01
100
AcDbVertex
100
AcDb2dVertex
 10
8158.332995240492
 20
12185.39330048712
 30
0.0
  0
SEQEND
  5
EB
330
E5
100
AcDbEntity
  8
Layer 01
  0
POLYLINE
  5
EC
330
1F
100
AcDbEntity
  8
Layer 01
100
AcDb2dPolyline
 66
     1
 10
0.0
 20
0.0
 30
0.0
 70
     1
  0
VERTEX
  5
ED
330
EC
100
AcDbEntity
  8
Layer 01
100
AcDbVertex
100
AcDb2dVertex
 10
8158.332995240493
 20
15979.83506429161
 30
0.0
  0
VERTEX
  5
EE
330
EC
100
AcDbEntity
  8
Layer 01
100
AcDbVertex
100
AcDb2dVertex
 10
8197.944802439968
 20
16008.56332083621
 30
0.0
  0
VERTEX
  5
EF
330
EC
100
AcDbEntity
  8
Layer 01
100
AcDbVertex
100
AcDb2dVertex
 10
8394.18837594833
 20
15866.73862562742
 30
0.0
  0
VERTEX
  5
F0
330
EC
100
AcDbEntity
  8
Layer 01
100
AcDbVertex
100
AcDb2dVertex
 10
8158.332995240493
 20
15052.70858863887
 30
0.0
  0
SEQEND
  5
F1
330
EC
100
AcDbEntity
  8
Layer 01
  0
POLYLINE
  5
F2
330
1F
100
AcDbEntity
  8
Layer 01
100
AcDb2dPolyline
 66
     1
 10
0.0
 20
0.0
 30
0.0
 70
     1
  0
VERTEX
  5
F3
330
F2
100
AcDbEntity
  8
Layer 01
100
AcDbVertex
100
AcDb2dVertex
 10
27710.04706602471
 20
11518.09963117802
 30
0.0
  0
VERTEX
  5
F4
330
F2
100
AcDbEntity
  8
Layer 01
100
AcDbVertex
100
AcDb2dVertex
 10
28306.26643640847
 20
11948.98574362771
 30
0.0
  0
VERTEX
  5
F5
330
F2
100
AcDbEntity
  8
Layer 01
100
AcDbVertex
100
AcDb2dVertex
 10
28070.96199063843
 20
12508.15713440288
 30
0.0
  0
VERTEX
  5
F6
330
F2
100
AcDbEntity
  8
Layer 01
100
AcDbVertex
100
AcDb2dVertex
 10
27710.04706602472
 20
12954.45373937897
 30
0.0
  0
VERTEX
  5
F7
330
F2
100
AcDbEntity
  8
Layer 01
100
AcDbVertex
100
AcDb2dVertex
 10
27349.132141411
 20
12508.15713440288
 30
0.0
  0
VERTEX
  5
F8
330
F2
100
AcDbEntity
  8
Layer 01
100
AcDbVertex
100
AcDb2dVertex
 10
27113.82769564096
 20
11948.98574362771
 30
0.0
  0
SEQEND
  5
F9
330
F2
100
AcDbEntity
  8
Layer 01
  0
POLYLINE
  5
FA
330
1F
100
AcDbEntity
  8
Layer 01
100
AcDb2dPolyline
 66
     1
 10
0.0
 20
0.0
 30
0.0
 70
     1
  0
VERTEX
  5
FB
330
FA
100
AcDbEntity
  8
Layer 01
100
AcDbVertex
100
AcDb2dVertex
 10
27710.04706602471
 20
16229.9123953857
 30
0.0
  0
VERTEX
  5
FC
330
FA
100
AcDbEntity
  8
Layer 01
100
AcDbVertex
100
AcDb2dVertex
 10
27687.86727272228
 20
16254.98032538704
 30
0.0
  0
VERTEX
  5
FD
330
FA
100
AcDbEntity
  8
Layer 01
100
AcDbVertex
100
AcDb2dVertex
 10
27338.08734779592
 20
15689.69910236895
 30
0.0
  0
VERTEX
  5
FE
330
FA
100
AcDbEntity
  8
Layer 01
100
AcDbVertex
100
AcDb2dVertex
 10
27710.04706602472
 20
15434.83658137818
 30
0.0
  0
VERTEX
  5
FF
330
FA
100
AcDbEntity
  8
Layer 01
100
AcDbVertex
100
AcDb2dVertex
 10
28082.00678425351
 20
15689.69910236895
 30
0.0
  0
VERTEX
  5
100
330
FA
100
AcDbEntity
  8
Layer 01
100
AcDbVertex
100
AcDb2dVertex
 10
27732.22685932715
 20
16254.98032538704
 30
0.0
  0
SEQEND
  5
101
330
FA
100
AcDbEntity
  8
Layer 01
  0
POLYLINE
  5
102
330
1F
100
AcDbEntity
  8
Layer 01
100
AcDb2dPolyline
 66
     1
 10
0.0
 20
0.0
 30
0.0
 70
     1
  0
VERTEX
  5
103
330
102
100
AcDbEntity
  8
Layer 01
100
AcDbVertex
100
AcDb2dVertex
 10
14675.57101883523
 20
12954.45373937897
 30
0.0
  0
VERTEX
  5
104
330
102
100
AcDbEntity
  8
Layer 01
100
AcDbVertex
100
AcDb2dVertex
 10
15036.48594344895
 20
12508.15713440288
 30
0.0
  0
VERTEX
  5
105
330
102
100
AcDbEntity
  8
Layer 01
100
AcDbVertex
100
AcDb2dVertex
 10
15271.79038921899
 20
11948.98574362771
 30
0.0
  0
VERTEX
  5
106
330
102
100
AcDbEntity
  8
Layer 01
100
AcDbVertex
100
AcDb2dVertex
 10
14675.57101883523
 20
11518.09963117802
 30
0.0
  0
VERTEX
  5
107
330
102
100
AcDbEntity
  8
Layer 01
100
AcDbVertex
100
AcDb2dVertex
 10
14079.35164845148
 20
11948.98574362771
 30
0.0
  0
VERTEX
  5
108
330
102
100
AcDbEntity
  8
Layer 01
100
AcDbVertex
100
AcDb2dVertex
 10
14314.65609422152
 20
12508.15713440288
 30
0.0
  0
SEQEND
  5
109
330
102
100
AcDbEntity
  8
Layer 01
  0
POLYLINE
  5
10A
330
1F
100
AcDbEntity
  8
Layer 01
100
AcDb2dPolyline
 66
     1
 10
0.0
 20
0.0
 30
0.0
 70
     1
  0
VERTEX
  5
10B
330
10A
100
AcDbEntity
  8
Layer 01
100
AcDbVertex
100
AcDb2dVertex
 10
14675.57101883524
 20
16229.9123953857
 30
0.0
  0
VERTEX
  5
10C
330
10A
100
AcDbEntity
  8
Layer 01
100
AcDbVertex
100
AcDb2dVertex
 10
14697.75081213767
 20
16254.98032538704
 30
0.0
  0
VERTEX
  5
10D
330
10A
100
AcDbEntity
  8
Layer 01
100
AcDbVertex
100
AcDb2dVertex
 10
15047.53073706403
 20
15689.69910236895
 30
0.0
  0
VERTEX
  5
10E
330
10A
100
AcDbEntity
  8
Layer 01
100
AcDbVertex
100
AcDb2dVertex
 10
14675.57101883523
 20
15434.83658137818
 30
0.0
  0
VERTEX
  5
10F
330
10A
100
AcDbEntity
  8
Layer 01
100
AcDbVertex
100
AcDb2dVertex
 10
14303.61130060644
 20
15689.69910236895
 30
0.0
  0
VERTEX
  5
110
330
10A
100
AcDbEntity
  8
Layer 01
100
AcDbVertex
100
AcDb2dVertex
 10
14653.3912255328
 20
16254.98032538704
 30
0.0
  0
SEQEND
  5
111
330
10A
100
AcDbEntity
  8
Layer 01
  0
POLYLINE
  5
112
330
1F
100
AcDbEntity
  8
Layer 01
100
AcDb2dPolyline
 66
     1
 10
0.0
 20
0.0
 30
0.0
 70
     1
  0
VERTEX
  5
113
330
112
100
AcDbEntity
  8
Layer 01
100
AcDbVertex
100
AcDb2dVertex
 10
21192.80904242997
 20
12586.73214330257
 30
0.0
  0
VERTEX
  5
114
330
112
100
AcDbEntity
  8
Layer 01
100
AcDbVertex
100
AcDb2dVertex
 10
21227.6715145967
 20
12518.44678331236
 30
0.0
  0
VERTEX
  5
115
330
112
100
AcDbEntity
  8
Layer 01
100
AcDbVertex
100
AcDb2dVertex
 10
21655.61309832093
 20
13353.47258757901
 30
0.0
  0
VERTEX
  5
116
330
112
100
AcDbEntity
  8
Layer 01
100
AcDbVertex
100
AcDb2dVertex
 10
21192.80904242997
 20
12851.40588052621
 30
0.0
  0
VERTEX
  5
117
330
112
100
AcDbEntity
  8
Layer 01
100
AcDbVertex
100
AcDb2dVertex
 10
20730.00498653902
 20
13353.47258757901
 30
0.0
  0
VERTEX
  5
118
330
112
100
AcDbEntity
  8
Layer 01
100
AcDbVertex
100
AcDb2dVertex
 10
21157.94657026325
 20
12518.44678331236
 30
0.0
  0
SEQEND
  5
119
330
112
100
AcDbEntity
  8
Layer 01
  0
POLYLINE
  5
11A
330
1F
100
AcDbEntity
  8
Layer 01
100
AcDb2dPolyline
 66
     1
 10
0.0
 20
0.0
 30
0.0
 70
     1
  0
VERTEX
  5
11B
330
11A
100
AcDbEntity
  8
Layer 01
100
AcDbVertex
100
AcDb2dVertex
 10
27710.04706602472
 20
15305.88247434648
 30
0.0
  0
VERTEX
  5
11C
330
11A
100
AcDbEntity
  8
Layer 01
100
AcDbVertex
100
AcDb2dVertex
 10
27670.59626170482
 20
15332.9137117395
 30
0.0
  0
VERTEX
  5
11D
330
11A
100
AcDbEntity
  8
Layer 01
100
AcDbVertex
100
AcDb2dVertex
 10
27184.7319763921
 20
14988.32472694323
 30
0.0
  0
VERTEX
  5
11E
330
11A
100
AcDbEntity
  8
Layer 01
100
AcDbVertex
100
AcDb2dVertex
 10
27710.04706602472
 20
13731.24595016267
 30
0.0
  0
VERTEX
  5
11F
330
11A
100
AcDbEntity
  8
Layer 01
100
AcDbVertex
100
AcDb2dVertex
 10
28235.36215565733
 20
14988.32472694323
 30
0.0
  0
VERTEX
  5
120
330
11A
100
AcDbEntity
  8
Layer 01
100
AcDbVertex
100
AcDb2dVertex
 10
27749.49787034461
 20
15332.9137117395
 30
0.0
  0
SEQEND
  5
121
330
11A
100
AcDbEntity
  8
Layer 01
  0
POLYLINE
  5
122
330
1F
100
AcDbEntity
  8
Layer 01
100
AcDb2dPolyline
 66
     1
 10
0.0
 20
0.0
 30
0.0
 70
     1
  0
VERTEX
  5
123
330
122
100
AcDbEntity
  8
Layer 01
100
AcDbVertex
100
AcDb2dVertex
 10
27710.04706602471
 20
13365.82601391482
 30
0.0
  0
VERTEX
  5
124
330
122
100
AcDbEntity
  8
Layer 01
100
AcDbVertex
100
AcDb2dVertex
 10
27669.16646590409
 20
13268.67841455533
 30
0.0
  0
VERTEX
  5
125
330
122
100
AcDbEntity
  8
Layer 01
100
AcDbVertex
100
AcDb2dVertex
 10
27710.04706602472
 20
13218.37937942765
 30
0.0
  0
VERTEX
  5
126
330
122
100
AcDbEntity
  8
Layer 01
100
AcDbVertex
100
AcDb2dVertex
 10
27750.92766614534
 20
13268.67841455533
 30
0.0
  0
SEQEND
  5
127
330
122
100
AcDbEntity
  8
Layer 01
  0
POLYLINE
  5
128
330
1F
100
AcDbEntity
  8
Layer 01
100
AcDb2dPolyline
 66
     1
 10
0.0
 20
0.0
 30
0.0
 70
     1
  0
VERTEX
  5
129
330
128
100
AcDbEntity
  8
Layer 01
100
AcDbVertex
100
AcDb2dVertex
 10
21192.80904242997
 20
11290.13091723128
 30
0.0
  0
VERTEX
  5
12A
330
128
100
AcDbEntity
  8
Layer 01
100
AcDbVertex
100
AcDb2dVertex
 10
21002.90369029283
 20
11459.15924751325
 30
0.0
  0
VERTEX
  5
12B
330
128
100
AcDbEntity
  8
Layer 01
100
AcDbVertex
100
AcDb2dVertex
 10
21166.70832472867
 20
11659.71212271718
 30
0.0
  0
VERTEX
  5
12C
330
128
100
AcDbEntity
  8
Layer 01
100
AcDbVertex
100
AcDb2dVertex
 10
21192.80904242997
 20
11628.51811799334
 30
0.0
  0
VERTEX
  5
12D
330
128
100
AcDbEntity
  8
Layer 01
100
AcDbVertex
100
AcDb2dVertex
 10
21218.90976013128
 20
11659.71212271718
 30
0.0
  0
VERTEX
  5
12E
330
128
100
AcDbEntity
  8
Layer 01
100
AcDbVertex
100
AcDb2dVertex
 10
21382.71439456712
 20
11459.15924751325
 30
0.0
  0
SEQEND
  5
12F
330
128
100
AcDbEntity
  8
Layer 01
  0
POLYLINE
  5
130
330
1F
100
AcDbEntity
  8
Layer 01
100
AcDb2dPolyline
 66
     1
 10
0.0
 20
0.0
 30
0.0
 70
     1
  0
VERTEX
  5
131
330
130
100
AcDbEntity
  8
Layer 01
100
AcDbVertex
100
AcDb2dVertex
 10
21192.80904242997
 20
13006.02838909218
 30
0.0
  0
VERTEX
  5
132
330
130
100
AcDbEntity
  8
Layer 01
100
AcDbVertex
100
AcDb2dVertex
 10
21760.04864656051
 20
13621.39058510298
 30
0.0
  0
VERTEX
  5
133
330
130
100
AcDbEntity
  8
Layer 01
100
AcDbVertex
100
AcDb2dVertex
 10
21725.30935654778
 20
13892.51805493733
 30
0.0
  0
VERTEX
  5
134
330
130
100
AcDbEntity
  8
Layer 01
100
AcDbVertex
100
AcDb2dVertex
 10
21216.30079879851
 20
14584.93434938755
 30
0.0
  0
VERTEX
  5
135
330
130
100
AcDbEntity
  8
Layer 01
100
AcDbVertex
100
AcDb2dVertex
 10
21192.80904242997
 20
14552.47387189095
 30
0.0
  0
VERTEX
  5
136
330
130
100
AcDbEntity
  8
Layer 01
100
AcDbVertex
100
AcDb2dVertex
 10
21169.31728606144
 20
14584.93434938755
 30
0.0
  0
VERTEX
  5
137
330
130
100
AcDbEntity
  8
Layer 01
100
AcDbVertex
100
AcDb2dVertex
 10
20660.30872831216
 20
13892.51805493733
 30
0.0
  0
VERTEX
  5
138
330
130
100
AcDbEntity
  8
Layer 01
100
AcDbVertex
100
AcDb2dVertex
 10
20625.56943829943
 20
13621.39058510298
 30
0.0
  0
SEQEND
  5
139
330
130
100
AcDbEntity
  8
Layer 01
  0
POLYLINE
  5
13A
330
1F
100
AcDbEntity
  8
Layer 01
100
AcDb2dPolyline
 66
     1
 10
0.0
 20
0.0
 30
0.0
 70
     1
  0
VERTEX
  5
13B
330
13A
100
AcDbEntity
  8
Layer 01
100
AcDbVertex
100
AcDb2dVertex
 10
21192.80904242997
 20
17216.46495803454
 30
0.0
  0
VERTEX
  5
13C
330
13A
100
AcDbEntity
  8
Layer 01
100
AcDbVertex
100
AcDb2dVertex
 10
21151.25169045166
 20
17278.34840354783
 30
0.0
  0
VERTEX
  5
13D
330
13A
100
AcDbEntity
  8
Layer 01
100
AcDbVertex
100
AcDb2dVertex
 10
20718.83492938839
 20
16688.5803826718
 30
0.0
  0
VERTEX
  5
13E
330
13A
100
AcDbEntity
  8
Layer 01
100
AcDbVertex
100
AcDb2dVertex
 10
20788.06907806869
 20
16449.62600121167
 30
0.0
  0
VERTEX
  5
13F
330
13A
100
AcDbEntity
  8
Layer 01
100
AcDbVertex
100
AcDb2dVertex
 10
21143.08376662657
 20
16192.15345019588
 30
0.0
  0
VERTEX
  5
140
330
13A
100
AcDbEntity
  8
Layer 01
100
AcDbVertex
100
AcDb2dVertex
 10
21192.80904242997
 20
16228.0897713651
 30
0.0
  0
VERTEX
  5
141
330
13A
100
AcDbEntity
  8
Layer 01
100
AcDbVertex
100
AcDb2dVertex
 10
21242.53431823337
 20
16192.15345019588
 30
0.0
  0
VERTEX
  5
142
330
13A
100
AcDbEntity
  8
Layer 01
100
AcDbVertex
100
AcDb2dVertex
 10
21597.54900679126
 20
16449.62600121167
 30
0.0
  0
VERTEX
  5
143
330
13A
100
AcDbEntity
  8
Layer 01
100
AcDbVertex
100
AcDb2dVertex
 10
21666.78315547155
 20
16688.5803826718
 30
0.0
  0
VERTEX
  5
144
330
13A
100
AcDbEntity
  8
Layer 01
100
AcDbVertex
100
AcDb2dVertex
 10
21234.36639440828
 20
17278.34840354783
 30
0.0
  0
SEQEND
  5
145
330
13A
100
AcDbEntity
  8
Layer 01
  0
POLYLINE
  5
146
330
1F
100
AcDbEntity
  8
Layer 01
100
AcDb2dPolyline
 66
     1
 10
0.0
 20
0.0
 30
0.0
 70
     1
  0
VERTEX
  5
147
330
146
100
AcDbEntity
  8
Layer 01
100
AcDbVertex
100
AcDb2dVertex
 10
21192.80904242997
 20
12185.39330048712
 30
0.0
  0
VERTEX
  5
148
330
146
100
AcDbEntity
  8
Layer 01
100
AcDbVertex
100
AcDb2dVertex
 10
21152.28893242982
 20
12264.4586185789
 30
0.0
  0
VERTEX
  5
149
330
146
100
AcDbEntity
  8
Layer 01
100
AcDbVertex
100
AcDb2dVertex
 10
21011.70649088125
 20
11989.09883962984
 30
0.0
  0
VERTEX
  5
14A
330
146
100
AcDbEntity
  8
Layer 01
100
AcDbVertex
100
AcDb2dVertex
 10
21167.07198712859
 20
11803.4153622893
 30
0.0
  0
VERTEX
  5
14B
330
146
100
AcDbEntity
  8
Layer 01
100
AcDbVertex
100
AcDb2dVertex
 10
21192.80904242997
 20
11834.92631713958
 30
0.0
  0
VERTEX
  5
14C
330
146
100
AcDbEntity
  8
Layer 01
100
AcDbVertex
100
AcDb2dVertex
 10
21218.54609773135
 20
11803.4153622893
 30
0.0
  0
VERTEX
  5
14D
330
146
100
AcDbEntity
  8
Layer 01
100
AcDbVertex
100
AcDb2dVertex
 10
21373.9115939787
 20
11989.09883962984
 30
0.0
  0
VERTEX
  5
14E
330
146
100
AcDbEntity
  8
Layer 01
100
AcDbVertex
100
AcDb2dVertex
 10
21233.32915243013
 20
12264.4586185789
 30
0.0
  0
SEQEND
  5
14F
330
146
100
AcDbEntity
  8
Layer 01
  0
POLYLINE
  5
150
330
1F
100
AcDbEntity
  8
Layer 01
100
AcDb2dPolyline
 66
     1
 10
0.0
 20
0.0
 30
0.0
 70
     1
  0
VERTEX
  5
151
330
150
100
AcDbEntity
  8
Layer 01
100
AcDbVertex
100
AcDb2dVertex
 10
21192.80904242997
 20
15979.83506429161
 30
0.0
  0
VERTEX
  5
152
330
150
100
AcDbEntity
  8
Layer 01
100
AcDbVertex
100
AcDb2dVertex
 10
21232.42084962945
 20
16008.56332083621
 30
0.0
  0
VERTEX
  5
153
330
150
100
AcDbEntity
  8
Layer 01
100
AcDbVertex
100
AcDb2dVertex
 10
21428.66442313781
 20
15866.73862562742
 30
0.0
  0
VERTEX
  5
154
330
150
100
AcDbEntity
  8
Layer 01
100
AcDbVertex
100
AcDb2dVertex
 10
21192.80904242997
 20
15052.70858863887
 30
0.0
  0
VERTEX
  5
155
330
150
100
AcDbEntity
  8
Layer 01
100
AcDbVertex
100
AcDb2dVertex
 10
20956.95366172214
 20
15866.73862562742
 30
0.0
  0
VERTEX
  5
156
330
150
100
AcDbEntity
  8
Layer 01
100
AcDbVertex
100
AcDb2dVertex
 10
21153.1972352305
 20
16008.56332083621
 30
0.0
  0
SEQEND
  5
157
330
150
100
AcDbEntity
  8
Layer 01
  0
POLYLINE
  5
158
330
1F
100
AcDbEntity
  8
Layer 01
100
AcDb2dPolyline
 66
     1
 10
0.0
 20
0.0
 30
0.0
 70
     1
  0
VERTEX
  5
159
330
158
100
AcDbEntity
  8
Layer 01
100
AcDbVertex
100
AcDb2dVertex
 10
14675.57101883523
 20
15305.88247434648
 30
0.0
  0
VERTEX
  5
15A
330
158
100
AcDbEntity
  8
Layer 01
100
AcDbVertex
100
AcDb2dVertex
 10
14715.02182315513
 20
15332.9137117395
 30
0.0
  0
VERTEX
  5
15B
330
158
100
AcDbEntity
  8
Layer 01
100
AcDbVertex
100
AcDb2dVertex
 10
15200.88610846785
 20
14988.32472694323
 30
0.0
  0
VERTEX
  5
15C
330
158
100
AcDbEntity
  8
Layer 01
100
AcDbVertex
100
AcDb2dVertex
 10
14675.57101883523
 20
13731.24595016267
 30
0.0
  0
VERTEX
  5
15D
330
158
100
AcDbEntity
  8
Layer 01
100
AcDbVertex
100
AcDb2dVertex
 10
14150.25592920262
 20
14988.32472694323
 30
0.0
  0
VERTEX
  5
15E
330
158
100
AcDbEntity
  8
Layer 01
100
AcDbVertex
100
AcDb2dVertex
 10
14636.12021451534
 20
15332.9137117395
 30
0.0
  0
SEQEND
  5
15F
330
158
100
AcDbEntity
  8
Layer 01
  0
POLYLINE
  5
160
330
1F
100
AcDbEntity
  8
Layer 01
100
AcDb2dPolyline
 66
     1
 10
0.0
 20
0.0
 30
0.0
 70
     1
  0
VERTEX
  5
161
330
160
100
AcDbEntity
  8
Layer 01
100
AcDbVertex
100
AcDb2dVertex
 10
14675.57101883524
 20
13365.82601391482
 30
0.0
  0
VERTEX
  5
162
330
160
100
AcDbEntity
  8
Layer 01
100
AcDbVertex
100
AcDb2dVertex
 10
14716.45161895586
 20
13268.67841455533
 30
0.0
  0
VERTEX
  5
163
330
160
100
AcDbEntity
  8
Layer 01
100
AcDbVertex
100
AcDb2dVertex
 10
14675.57101883523
 20
13218.37937942765
 30
0.0
  0
VERTEX
  5
164
330
160
100
AcDbEntity
  8
Layer 01
100
AcDbVertex
100
AcDb2dVertex
 10
14634.69041871461
 20
13268.67841455533
 30
0.0
  0
SEQEND
  5
165
330
160
100
AcDbEntity
  8
Layer 01
  0
POLYLINE
  5
166
330
1F
100
AcDbEntity
  8
Layer 01
100
AcDb2dPolyline
 66
     1
 10
0.0
 20
0.0
 30
0.0
 70
     1
  0
VERTEX
  5
167
330
166
100
AcDbEntity
  8
Layer 01
100
AcDbVertex
100
AcDb2dVertex
 10
27710.04706602472
 20
11309.42815134798
 30
0.0
  0
VERTEX
  5
168
330
166
100
AcDbEntity
  8
Layer 01
100
AcDbVertex
100
AcDb2dVertex
 10
27523.0550757196
 20
11175.66234554919
 30
0.0
  0
VERTEX
  5
169
330
166
100
AcDbEntity
  8
Layer 01
100
AcDbVertex
100
AcDb2dVertex
 10
27897.03905632983
 20
11175.66234554919
 30
0.0
  0
SEQEND
  5
16A
330
166
100
AcDbEntity
  8
Layer 01
  0
POLYLINE
  5
16B
330
1F
100
AcDbEntity
  8
Layer 01
100
AcDb2dPolyline
 66
     1
 10
0.0
 20
0.0
 30
0.0
 70
     1
  0
VERTEX
  5
16C
330
16B
100
AcDbEntity
  8
Layer 01
100
AcDbVertex
100
AcDb2dVertex
 10
21192.80904242997
 20
17515.33224269912
 30
0.0
  0
VERTEX
  5
16D
330
16B
100
AcDbEntity
  8
Layer 01
100
AcDbVertex
100
AcDb2dVertex
 10
21173.59808231973
 20
17489.13064520441
 30
0.0
  0
VERTEX
  5
16E
330
16B
100
AcDbEntity
  8
Layer 01
100
AcDbVertex
100
AcDb2dVertex
 10
20798.55120643346
 20
18047.61649196746
 30
0.0
  0
VERTEX
  5
16F
330
16B
100
AcDbEntity
  8
Layer 01
100
AcDbVertex
100
AcDb2dVertex
 10
21587.06687842649
 20
18047.61649196746
 30
0.0
  0
VERTEX
  5
170
330
16B
100
AcDbEntity
  8
Layer 01
100
AcDbVertex
100
AcDb2dVertex
 10
21212.02000254022
 20
17489.13064520441
 30
0.0
  0
SEQEND
  5
171
330
16B
100
AcDbEntity
  8
Layer 01
  0
POLYLINE
  5
172
330
1F
100
AcDbEntity
  8
Layer 01
100
AcDb2dPolyline
 66
     1
 10
0.0
 20
0.0
 30
0.0
 70
     1
  0
VERTEX
  5
173
330
172
100
AcDbEntity
  8
Layer 01
100
AcDbVertex
100
AcDb2dVertex
 10
27710.04706602472
 20
16514.7230042066
 30
0.0
  0
VERTEX
  5
174
330
172
100
AcDbEntity
  8
Layer 01
100
AcDbVertex
100
AcDb2dVertex
 10
28291.49069253929
 20
17171.87917921882
 30
0.0
  0
VERTEX
  5
175
330
172
100
AcDbEntity
  8
Layer 01
100
AcDbVertex
100
AcDb2dVertex
 10
28099.57651115071
 20
18047.61649196746
 30
0.0
  0
VERTEX
  5
176
330
172
100
AcDbEntity
  8
Layer 01
100
AcDbVertex
100
AcDb2dVertex
 10
27320.51762089871
 20
18047.61649196746
 30
0.0
  0
VERTEX
  5
177
330
172
100
AcDbEntity
  8
Layer 01
100
AcDbVertex
100
AcDb2dVertex
 10
27128.60343951013
 20
17171.87917921882
 30
0.0
  0
SEQEND
  5
178
330
172
100
AcDbEntity
  8
Layer 01
  0
POLYLINE
  5
179
330
1F
100
AcDbEntity
  8
Layer 01
100
AcDb2dPolyline
 66
     1
 10
0.0
 20
0.0
 30
0.0
 70
     1
  0
VERTEX
  5
17A
330
179
100
AcDbEntity
  8
Layer 01
100
AcDbVertex
100
AcDb2dVertex
 10
14675.57101883523
 20
11309.42815134798
 30
0.0
  0
VERTEX
  5
17B
330
179
100
AcDbEntity
  8
Layer 01
100
AcDbVertex
100
AcDb2dVertex
 10
14862.56300914035
 20
11175.66234554919
 30
0.0
  0
VERTEX
  5
17C
330
179
100
AcDbEntity
  8
Layer 01
100
AcDbVertex
100
AcDb2dVertex
 10
14488.57902853012
 20
11175.66234554919
 30
0.0
  0
SEQEND
  5
17D
330
179
100
AcDbEntity
  8
Layer 01
  0
POLYLINE
  5
17E
330
1F
100
AcDbEntity
  8
Layer 01
100
AcDb2dPolyline
 66
     1
 10
0.0
 20
0.0
 30
0.0
 70
     1
  0
VERTEX
  5
17F
330
17E
100
AcDbEntity
  8
Layer 01
100
AcDbVertex
100
AcDb2dVertex
 10
14675.57101883523
 20
16514.7230042066
 30
0.0
  0
VERTEX
  5
180
330
17E
100
AcDbEntity
  8
Layer 01
100
AcDbVertex
100
AcDb2dVertex
 10
14094.12739232065
 20
17171.87917921882
 30
0.0
  0
VERTEX
  5
181
330
17E
100
AcDbEntity
  8
Layer 01
100
AcDbVertex
100
AcDb2dVertex
 10
14286.04157370923
 20
18047.61649196746
 30
0.0
  0
VERTEX
  5
182
330
17E
100
AcDbEntity
  8
Layer 01
100
AcDbVertex
100
AcDb2dVertex
 10
15065.10046396123
 20
18047.61649196746
 30
0.0
  0
VERTEX
  5
183
330
17E
100
AcDbEntity
  8
Layer 01
100
AcDbVertex
100
AcDb2dVertex
 10
15257.01464534981
 20
17171.87917921882
 30
0.0
  0
SEQEND
  5
184
330
17E
100
AcDbEntity
  8
Layer 01
  0
POLYLINE
  5
185
330
1F
100
AcDbEntity
  8
Layer 01
100
AcDb2dPolyline
 66
     1
 10
0.0
 20
0.0
 30
0.0
 70
     1
  0
VERTEX
  5
186
330
185
100
AcDbEntity
  8
Layer 01
100
AcDbVertex
100
AcDb2dVertex
 10
26169.24994437705
 20
16490.57304829554
 30
0.0
  0
VERTEX
  5
187
330
185
100
AcDbEntity
  8
Layer 01
100
AcDbVertex
100
AcDb2dVertex
 10
26513.8039797705
 20
16254.48858598852
 30
0.0
  0
VERTEX
  5
188
330
185
100
AcDbEntity
  8
Layer 01
100
AcDbVertex
100
AcDb2dVertex
 10
26310.2445454711
 20
16741.60622209181
 30
0.0
  0
SEQEND
  5
189
330
185
100
AcDbEntity
  8
Layer 01
  0
POLYLINE
  5
18A
330
1F
100
AcDbEntity
  8
Layer 01
100
AcDb2dPolyline
 66
     1
 10
0.0
 20
0.0
 30
0.0
 70
     1
  0
VERTEX
  5
18B
330
18A
100
AcDbEntity
  8
Layer 01
100
AcDbVertex
100
AcDb2dVertex
 10
24671.14674339571
 20
16624.83338902015
 30
0.0
  0
VERTEX
  5
18C
330
18A
100
AcDbEntity
  8
Layer 01
100
AcDbVertex
100
AcDb2dVertex
 10
24560.86161437655
 20
16505.19206164037
 30
0.0
  0
VERTEX
  5
18D
330
18A
100
AcDbEntity
  8
Layer 01
100
AcDbVertex
100
AcDb2dVertex
 10
24629.30293687745
 20
16375.62854670825
 30
0.0
  0
SEQEND
  5
18E
330
18A
100
AcDbEntity
  8
Layer 01
  0
POLYLINE
  5
18F
330
1F
100
AcDbEntity
  8
Layer 01
100
AcDb2dPolyline
 66
     1
 10
0.0
 20
0.0
 30
0.0
 70
     1
  0
VERTEX
  5
190
330
18F
100
AcDbEntity
  8
Layer 01
100
AcDbVertex
100
AcDb2dVertex
 10
23817.38510588845
 20
15853.2641572694
 30
0.0
  0
VERTEX
  5
191
330
18F
100
AcDbEntity
  8
Layer 01
100
AcDbVertex
100
AcDb2dVertex
 10
24406.05197050786
 20
16491.87142639024
 30
0.0
  0
VERTEX
  5
192
330
18F
100
AcDbEntity
  8
Layer 01
100
AcDbVertex
100
AcDb2dVertex
 10
23895.32507981229
 20
17458.70796184739
 30
0.0
  0
VERTEX
  5
193
330
18F
100
AcDbEntity
  8
Layer 01
100
AcDbVertex
100
AcDb2dVertex
 10
23526.6554706616
 20
16739.3372612704
 30
0.0
  0
SEQEND
  5
194
330
18F
100
AcDbEntity
  8
Layer 01
  0
POLYLINE
  5
195
330
1F
100
AcDbEntity
  8
Layer 01
100
AcDb2dPolyline
 66
     1
 10
0.0
 20
0.0
 30
0.0
 70
     1
  0
VERTEX
  5
196
330
195
100
AcDbEntity
  8
Layer 01
100
AcDbVertex
100
AcDb2dVertex
 10
26510.79300788277
 20
14352.70425808075
 30
0.0
  0
VERTEX
  5
197
330
195
100
AcDbEntity
  8
Layer 01
100
AcDbVertex
100
AcDb2dVertex
 10
26272.44205086469
 20
13265.06797669805
 30
0.0
  0
VERTEX
  5
198
330
195
100
AcDbEntity
  8
Layer 01
100
AcDbVertex
100
AcDb2dVertex
 10
26877.71560799521
 20
12119.24894965816
 30
0.0
  0
VERTEX
  5
199
330
195
100
AcDbEntity
  8
Layer 01
100
AcDbVertex
100
AcDb2dVertex
 10
27303.45850437004
 20
12645.70988625738
 30
0.0
  0
VERTEX
  5
19A
330
195
100
AcDbEntity
  8
Layer 01
100
AcDbVertex
100
AcDb2dVertex
 10
27522.77571912285
 20
13166.8896352967
 30
0.0
  0
VERTEX
  5
19B
330
195
100
AcDbEntity
  8
Layer 01
100
AcDbVertex
100
AcDb2dVertex
 10
26531.63184681345
 20
14386.38201805938
 30
0.0
  0
SEQEND
  5
19C
330
195
100
AcDbEntity
  8
Layer 01
  0
POLYLINE
  5
19D
330
1F
100
AcDbEntity
  8
Layer 01
100
AcDb2dPolyline
 66
     1
 10
0.0
 20
0.0
 30
0.0
 70
     1
  0
VERTEX
  5
19E
330
19D
100
AcDbEntity
  8
Layer 01
100
AcDbVertex
100
AcDb2dVertex
 10
24627.61040877126
 20
13745.76819428002
 30
0.0
  0
VERTEX
  5
19F
330
19D
100
AcDbEntity
  8
Layer 01
100
AcDbVertex
100
AcDb2dVertex
 10
24928.53959288925
 20
13528.28749387305
 30
0.0
  0
VERTEX
  5
1A0
330
19D
100
AcDbEntity
  8
Layer 01
100
AcDbVertex
100
AcDb2dVertex
 10
25687.28848041325
 20
14066.41412052746
 30
0.0
  0
VERTEX
  5
1A1
330
19D
100
AcDbEntity
  8
Layer 01
100
AcDbVertex
100
AcDb2dVertex
 10
25260.9782189559
 20
14873.44493039125
 30
0.0
  0
SEQEND
  5
1A2
330
19D
100
AcDbEntity
  8
Layer 01
  0
POLYLINE
  5
1A3
330
1F
100
AcDbEntity
  8
Layer 01
100
AcDb2dPolyline
 66
     1
 10
0.0
 20
0.0
 30
0.0
 70
     1
  0
VERTEX
  5
1A4
330
1A3
100
AcDbEntity
  8
Layer 01
100
AcDbVertex
100
AcDb2dVertex
 10
26730.74693137821
 20
15735.34419889522
 30
0.0
  0
VERTEX
  5
1A5
330
1A3
100
AcDbEntity
  8
Layer 01
100
AcDbVertex
100
AcDb2dVertex
 10
26504.28086054732
 20
14701.94069081043
 30
0.0
  0
VERTEX
  5
1A6
330
1A3
100
AcDbEntity
  8
Layer 01
100
AcDbVertex
100
AcDb2dVertex
 10
25712.09621958395
 20
15676.63585100493
 30
0.0
  0
VERTEX
  5
1A7
330
1A3
100
AcDbEntity
  8
Layer 01
100
AcDbVertex
100
AcDb2dVertex
 10
26116.949352344
 20
16397.45470541144
 30
0.0
  0
VERTEX
  5
1A8
330
1A3
100
AcDbEntity
  8
Layer 01
100
AcDbVertex
100
AcDb2dVertex
 10
26589.31239530671
 20
16073.79698105996
 30
0.0
  0
SEQEND
  5
1A9
330
1A3
100
AcDbEntity
  8
Layer 01
  0
POLYLINE
  5
1AA
330
1F
100
AcDbEntity
  8
Layer 01
100
AcDb2dPolyline
 66
     1
 10
0.0
 20
0.0
 30
0.0
 70
     1
  0
VERTEX
  5
1AB
330
1AA
100
AcDbEntity
  8
Layer 01
100
AcDbVertex
100
AcDb2dVertex
 10
24554.07495517375
 20
13608.01296045575
 30
0.0
  0
VERTEX
  5
1AC
330
1AA
100
AcDbEntity
  8
Layer 01
100
AcDbVertex
100
AcDb2dVertex
 10
24795.22328691025
 20
13433.7357189787
 30
0.0
  0
VERTEX
  5
1AD
330
1AA
100
AcDbEntity
  8
Layer 01
100
AcDbVertex
100
AcDb2dVertex
 10
24645.98551066524
 20
13327.89197749763
 30
0.0
  0
SEQEND
  5
1AE
330
1AA
100
AcDbEntity
  8
Layer 01
  0
POLYLINE
  5
1AF
330
1F
100
AcDbEntity
  8
Layer 01
100
AcDb2dPolyline
 66
     1
 10
0.0
 20
0.0
 30
0.0
 70
     1
  0
VERTEX
  5
1B0
330
1AF
100
AcDbEntity
  8
Layer 01
100
AcDbVertex
100
AcDb2dVertex
 10
23872.95780022616
 20
12639.51882427232
 30
0.0
  0
VERTEX
  5
1B1
330
1AF
100
AcDbEntity
  8
Layer 01
100
AcDbVertex
100
AcDb2dVertex
 10
22693.62488545616
 20
11803.10185739063
 30
0.0
  0
VERTEX
  5
1B2
330
1AF
100
AcDbEntity
  8
Layer 01
100
AcDbVertex
100
AcDb2dVertex
 10
22696.25199050213
 20
11175.66234554919
 30
0.0
  0
VERTEX
  5
1B3
330
1AF
100
AcDbEntity
  8
Layer 01
100
AcDbVertex
100
AcDb2dVertex
 10
23050.77220158487
 20
11175.66234554919
 30
0.0
  0
SEQEND
  5
1B4
330
1AF
100
AcDbEntity
  8
Layer 01
  0
POLYLINE
  5
1B5
330
1F
100
AcDbEntity
  8
Layer 01
100
AcDb2dPolyline
 66
     1
 10
0.0
 20
0.0
 30
0.0
 70
     1
  0
VERTEX
  5
1B6
330
1B5
100
AcDbEntity
  8
Layer 01
100
AcDbVertex
100
AcDb2dVertex
 10
22869.76933764213
 20
14825.25603534654
 30
0.0
  0
VERTEX
  5
1B7
330
1B5
100
AcDbEntity
  8
Layer 01
100
AcDbVertex
100
AcDb2dVertex
 10
22681.82473877362
 20
14621.36688471968
 30
0.0
  0
VERTEX
  5
1B8
330
1B5
100
AcDbEntity
  8
Layer 01
100
AcDbVertex
100
AcDb2dVertex
 10
22680.3980213082
 20
14962.11416904335
 30
0.0
  0
SEQEND
  5
1B9
330
1B5
100
AcDbEntity
  8
Layer 01
  0
POLYLINE
  5
1BA
330
1F
100
AcDbEntity
  8
Layer 01
100
AcDb2dPolyline
 66
     1
 10
0.0
 20
0.0
 30
0.0
 70
     1
  0
VERTEX
  5
1BB
330
1BA
100
AcDbEntity
  8
Layer 01
100
AcDbVertex
100
AcDb2dVertex
 10
23854.8004803644
 20
15739.23121056482
 30
0.0
  0
VERTEX
  5
1BC
330
1BA
100
AcDbEntity
  8
Layer 01
100
AcDbVertex
100
AcDb2dVertex
 10
24039.84472203428
 20
15175.26144027975
 30
0.0
  0
VERTEX
  5
1BD
330
1BA
100
AcDbEntity
  8
Layer 01
100
AcDbVertex
100
AcDb2dVertex
 10
24525.1360130254
 20
15755.25234309162
 30
0.0
  0
VERTEX
  5
1BE
330
1BA
100
AcDbEntity
  8
Layer 01
100
AcDbVertex
100
AcDb2dVertex
 10
24590.26637813043
 20
16143.14254038124
 30
0.0
  0
VERTEX
  5
1BF
330
1BA
100
AcDbEntity
  8
Layer 01
100
AcDbVertex
100
AcDb2dVertex
 10
24457.97537442608
 20
16393.57731878006
 30
0.0
  0
SEQEND
  5
1C0
330
1BA
100
AcDbEntity
  8
Layer 01
  0
POLYLINE
  5
1C1
330
1F
100
AcDbEntity
  8
Layer 01
100
AcDb2dPolyline
 66
     1
 10
0.0
 20
0.0
 30
0.0
 70
     1
  0
VERTEX
  5
1C2
330
1C1
100
AcDbEntity
  8
Layer 01
100
AcDbVertex
100
AcDb2dVertex
 10
24494.85785625863
 20
15574.92784801337
 30
0.0
  0
VERTEX
  5
1C3
330
1C1
100
AcDbEntity
  8
Layer 01
100
AcDbVertex
100
AcDb2dVertex
 10
24296.43893968325
 20
14393.22477338292
 30
0.0
  0
VERTEX
  5
1C4
330
1C1
100
AcDbEntity
  8
Layer 01
100
AcDbVertex
100
AcDb2dVertex
 10
24073.8162977693
 20
15071.72435319934
 30
0.0
  0
SEQEND
  5
1C5
330
1C1
100
AcDbEntity
  8
Layer 01
  0
POLYLINE
  5
1C6
330
1F
100
AcDbEntity
  8
Layer 01
100
AcDb2dPolyline
 66
     1
 10
0.0
 20
0.0
 30
0.0
 70
     1
  0
VERTEX
  5
1C7
330
1C6
100
AcDbEntity
  8
Layer 01
100
AcDbVertex
100
AcDb2dVertex
 10
24695.07373702349
 20
15944.73594458876
 30
0.0
  0
VERTEX
  5
1C8
330
1C6
100
AcDbEntity
  8
Layer 01
100
AcDbVertex
100
AcDb2dVertex
 10
25196.36191662311
 20
14995.76745348455
 30
0.0
  0
VERTEX
  5
1C9
330
1C6
100
AcDbEntity
  8
Layer 01
100
AcDbVertex
100
AcDb2dVertex
 10
24503.49759490459
 20
13762.16043348822
 30
0.0
  0
VERTEX
  5
1CA
330
1C6
100
AcDbEntity
  8
Layer 01
100
AcDbVertex
100
AcDb2dVertex
 10
24387.80456204659
 20
14114.76461384912
 30
0.0
  0
SEQEND
  5
1CB
330
1C6
100
AcDbEntity
  8
Layer 01
  0
POLYLINE
  5
1CC
330
1F
100
AcDbEntity
  8
Layer 01
100
AcDb2dPolyline
 66
     1
 10
0.0
 20
0.0
 30
0.0
 70
     1
  0
VERTEX
  5
1CD
330
1CC
100
AcDbEntity
  8
Layer 01
100
AcDbVertex
100
AcDb2dVertex
 10
24235.32754590951
 20
14029.2699490961
 30
0.0
  0
VERTEX
  5
1CE
330
1CC
100
AcDbEntity
  8
Layer 01
100
AcDbVertex
100
AcDb2dVertex
 10
23591.12112376369
 20
14494.83617294232
 30
0.0
  0
VERTEX
  5
1CF
330
1CC
100
AcDbEntity
  8
Layer 01
100
AcDbVertex
100
AcDb2dVertex
 10
23983.74119957863
 20
14964.07202460762
 30
0.0
  0
VERTEX
  5
1D0
330
1CC
100
AcDbEntity
  8
Layer 01
100
AcDbVertex
100
AcDb2dVertex
 10
24253.99039028698
 20
14140.41832629142
 30
0.0
  0
SEQEND
  5
1D1
330
1CC
100
AcDbEntity
  8
Layer 01
  0
POLYLINE
  5
1D2
330
1F
100
AcDbEntity
  8
Layer 01
100
AcDb2dPolyline
 66
     1
 10
0.0
 20
0.0
 30
0.0
 70
     1
  0
VERTEX
  5
1D3
330
1D2
100
AcDbEntity
  8
Layer 01
100
AcDbVertex
100
AcDb2dVertex
 10
23949.76962384361
 20
15067.60911168803
 30
0.0
  0
VERTEX
  5
1D4
330
1D2
100
AcDbEntity
  8
Layer 01
100
AcDbVertex
100
AcDb2dVertex
 10
23762.3211822889
 20
15638.90629753886
 30
0.0
  0
VERTEX
  5
1D5
330
1D2
100
AcDbEntity
  8
Layer 01
100
AcDbVertex
100
AcDb2dVertex
 10
23060.92572422737
 20
14878.00694177841
 30
0.0
  0
VERTEX
  5
1D6
330
1D2
100
AcDbEntity
  8
Layer 01
100
AcDbVertex
100
AcDb2dVertex
 10
23515.96464969463
 20
14549.1515517201
 30
0.0
  0
SEQEND
  5
1D7
330
1D2
100
AcDbEntity
  8
Layer 01
  0
POLYLINE
  5
1D8
330
1F
100
AcDbEntity
  8
Layer 01
100
AcDb2dPolyline
 66
     1
 10
0.0
 20
0.0
 30
0.0
 70
     1
  0
VERTEX
  5
1D9
330
1D8
100
AcDbEntity
  8
Layer 01
100
AcDbVertex
100
AcDb2dVertex
 10
23724.90580781295
 20
15752.93924424345
 30
0.0
  0
VERTEX
  5
1DA
330
1D8
100
AcDbEntity
  8
Layer 01
100
AcDbVertex
100
AcDb2dVertex
 10
23450.20459235914
 20
16590.16162943335
 30
0.0
  0
VERTEX
  5
1DB
330
1D8
100
AcDbEntity
  8
Layer 01
100
AcDbVertex
100
AcDb2dVertex
 10
22704.68610677669
 20
15135.46034146432
 30
0.0
  0
VERTEX
  5
1DC
330
1D8
100
AcDbEntity
  8
Layer 01
100
AcDbVertex
100
AcDb2dVertex
 10
22975.38236364892
 20
14939.8288951004
 30
0.0
  0
SEQEND
  5
1DD
330
1D8
100
AcDbEntity
  8
Layer 01
  0
POLYLINE
  5
1DE
330
1F
100
AcDbEntity
  8
Layer 01
100
AcDb2dPolyline
 66
     1
 10
0.0
 20
0.0
 30
0.0
 70
     1
  0
VERTEX
  5
1DF
330
1DE
100
AcDbEntity
  8
Layer 01
100
AcDbVertex
100
AcDb2dVertex
 10
24099.08836378974
 20
17379.35642991184
 30
0.0
  0
VERTEX
  5
1E0
330
1DE
100
AcDbEntity
  8
Layer 01
100
AcDbVertex
100
AcDb2dVertex
 10
24626.24669549197
 20
16730.74668920604
 30
0.0
  0
VERTEX
  5
1E1
330
1DE
100
AcDbEntity
  8
Layer 01
100
AcDbVertex
100
AcDb2dVertex
 10
24508.93821045833
 20
16603.48616925055
 30
0.0
  0
SEQEND
  5
1E2
330
1DE
100
AcDbEntity
  8
Layer 01
  0
POLYLINE
  5
1E3
330
1F
100
AcDbEntity
  8
Layer 01
100
AcDb2dPolyline
 66
     1
 10
0.0
 20
0.0
 30
0.0
 70
     1
  0
VERTEX
  5
1E4
330
1E3
100
AcDbEntity
  8
Layer 01
100
AcDbVertex
100
AcDb2dVertex
 10
24871.77650131458
 20
16997.10637107045
 30
0.0
  0
VERTEX
  5
1E5
330
1E3
100
AcDbEntity
  8
Layer 01
100
AcDbVertex
100
AcDb2dVertex
 10
24909.95368032148
 20
17224.47425812385
 30
0.0
  0
VERTEX
  5
1E6
330
1E3
100
AcDbEntity
  8
Layer 01
100
AcDbVertex
100
AcDb2dVertex
 10
25015.00976579463
 20
17152.4910366164
 30
0.0
  0
SEQEND
  5
1E7
330
1E3
100
AcDbEntity
  8
Layer 01
  0
POLYLINE
  5
1E8
330
1F
100
AcDbEntity
  8
Layer 01
100
AcDb2dPolyline
 66
     1
 10
0.0
 20
0.0
 30
0.0
 70
     1
  0
VERTEX
  5
1E9
330
1E8
100
AcDbEntity
  8
Layer 01
100
AcDbVertex
100
AcDb2dVertex
 10
26253.36867362892
 20
16877.7101582146
 30
0.0
  0
VERTEX
  5
1EA
330
1E8
100
AcDbEntity
  8
Layer 01
100
AcDbVertex
100
AcDb2dVertex
 10
26072.97923490494
 20
16556.53663120841
 30
0.0
  0
VERTEX
  5
1EB
330
1E8
100
AcDbEntity
  8
Layer 01
100
AcDbVertex
100
AcDb2dVertex
 10
25591.96386641042
 20
16886.12282950317
 30
0.0
  0
VERTEX
  5
1EC
330
1E8
100
AcDbEntity
  8
Layer 01
100
AcDbVertex
100
AcDb2dVertex
 10
26030.72295940173
 20
17410.50125373004
 30
0.0
  0
SEQEND
  5
1ED
330
1E8
100
AcDbEntity
  8
Layer 01
  0
POLYLINE
  5
1EE
330
1F
100
AcDbEntity
  8
Layer 01
100
AcDb2dPolyline
 66
     1
 10
0.0
 20
0.0
 30
0.0
 70
     1
  0
VERTEX
  5
1EF
330
1EE
100
AcDbEntity
  8
Layer 01
100
AcDbVertex
100
AcDb2dVertex
 10
25344.38209062001
 20
15021.94096107808
 30
0.0
  0
VERTEX
  5
1F0
330
1EE
100
AcDbEntity
  8
Layer 01
100
AcDbVertex
100
AcDb2dVertex
 10
25805.02505202177
 20
14149.91629780287
 30
0.0
  0
VERTEX
  5
1F1
330
1EE
100
AcDbEntity
  8
Layer 01
100
AcDbVertex
100
AcDb2dVertex
 10
26387.85877286798
 20
14563.27880713436
 30
0.0
  0
VERTEX
  5
1F2
330
1EE
100
AcDbEntity
  8
Layer 01
100
AcDbVertex
100
AcDb2dVertex
 10
25618.46558129164
 20
15509.93162181666
 30
0.0
  0
SEQEND
  5
1F3
330
1EE
100
AcDbEntity
  8
Layer 01
  0
POLYLINE
  5
1F4
330
1F
100
AcDbEntity
  8
Layer 01
100
AcDb2dPolyline
 66
     1
 10
0.0
 20
0.0
 30
0.0
 70
     1
  0
VERTEX
  5
1F5
330
1F4
100
AcDbEntity
  8
Layer 01
100
AcDbVertex
100
AcDb2dVertex
 10
26642.17067815937
 20
14743.64415588511
 30
0.0
  0
VERTEX
  5
1F6
330
1F4
100
AcDbEntity
  8
Layer 01
100
AcDbVertex
100
AcDb2dVertex
 10
26588.05494276767
 20
14705.26371327216
 30
0.0
  0
VERTEX
  5
1F7
330
1F4
100
AcDbEntity
  8
Layer 01
100
AcDbVertex
100
AcDb2dVertex
 10
26785.22409666074
 20
15604.98036650705
 30
0.0
  0
VERTEX
  5
1F8
330
1F4
100
AcDbEntity
  8
Layer 01
100
AcDbVertex
100
AcDb2dVertex
 10
26942.40302247295
 20
15228.85126666742
 30
0.0
  0
SEQEND
  5
1F9
330
1F4
100
AcDbEntity
  8
Layer 01
  0
POLYLINE
  5
1FA
330
1F
100
AcDbEntity
  8
Layer 01
100
AcDb2dPolyline
 66
     1
 10
0.0
 20
0.0
 30
0.0
 70
     1
  0
VERTEX
  5
1FB
330
1FA
100
AcDbEntity
  8
Layer 01
100
AcDbVertex
100
AcDb2dVertex
 10
27027.05197626459
 20
15365.65289739742
 30
0.0
  0
VERTEX
  5
1FC
330
1FA
100
AcDbEntity
  8
Layer 01
100
AcDbVertex
100
AcDb2dVertex
 10
26834.01049645867
 20
15827.60107305719
 30
0.0
  0
VERTEX
  5
1FD
330
1FA
100
AcDbEntity
  8
Layer 01
100
AcDbVertex
100
AcDb2dVertex
 10
26848.97356762735
 20
15895.88013217056
 30
0.0
  0
VERTEX
  5
1FE
330
1FA
100
AcDbEntity
  8
Layer 01
100
AcDbVertex
100
AcDb2dVertex
 10
27204.43477761502
 20
15652.3221992759
 30
0.0
  0
SEQEND
  5
1FF
330
1FA
100
AcDbEntity
  8
Layer 01
  0
POLYLINE
  5
200
330
1F
100
AcDbEntity
  8
Layer 01
100
AcDb2dPolyline
 66
     1
 10
0.0
 20
0.0
 30
0.0
 70
     1
  0
VERTEX
  5
201
330
200
100
AcDbEntity
  8
Layer 01
100
AcDbVertex
100
AcDb2dVertex
 10
27078.57862160023
 20
16943.60735850092
 30
0.0
  0
VERTEX
  5
202
330
200
100
AcDbEntity
  8
Layer 01
100
AcDbVertex
100
AcDb2dVertex
 10
26873.54393024833
 20
16007.99890932015
 30
0.0
  0
VERTEX
  5
203
330
200
100
AcDbEntity
  8
Layer 01
100
AcDbVertex
100
AcDb2dVertex
 10
27260.47025725871
 20
15742.88144012445
 30
0.0
  0
VERTEX
  5
204
330
200
100
AcDbEntity
  8
Layer 01
100
AcDbVertex
100
AcDb2dVertex
 10
27622.82761029604
 20
16328.48911254208
 30
0.0
  0
SEQEND
  5
205
330
200
100
AcDbEntity
  8
Layer 01
  0
POLYLINE
  5
206
330
1F
100
AcDbEntity
  8
Layer 01
100
AcDb2dPolyline
 66
     1
 10
0.0
 20
0.0
 30
0.0
 70
     1
  0
VERTEX
  5
207
330
206
100
AcDbEntity
  8
Layer 01
100
AcDbVertex
100
AcDb2dVertex
 10
27071.60549596218
 20
15259.03634449793
 30
0.0
  0
VERTEX
  5
208
330
206
100
AcDbEntity
  8
Layer 01
100
AcDbVertex
100
AcDb2dVertex
 10
27282.05186815223
 20
15599.13986152041
 30
0.0
  0
VERTEX
  5
209
330
206
100
AcDbEntity
  8
Layer 01
100
AcDbVertex
100
AcDb2dVertex
 10
27570.11015570902
 20
15401.76563586877
 30
0.0
  0
VERTEX
  5
20A
330
206
100
AcDbEntity
  8
Layer 01
100
AcDbVertex
100
AcDb2dVertex
 10
27139.56458282299
 20
15096.41027974534
 30
0.0
  0
SEQEND
  5
20B
330
206
100
AcDbEntity
  8
Layer 01
  0
POLYLINE
  5
20C
330
1F
100
AcDbEntity
  8
Layer 01
100
AcDb2dPolyline
 66
     1
 10
0.0
 20
0.0
 30
0.0
 70
     1
  0
VERTEX
  5
20D
330
20C
100
AcDbEntity
  8
Layer 01
100
AcDbVertex
100
AcDb2dVertex
 10
26468.88106628976
 20
14463.58987960096
 30
0.0
  0
VERTEX
  5
20E
330
20C
100
AcDbEntity
  8
Layer 01
100
AcDbVertex
100
AcDb2dVertex
 10
26021.36930073482
 20
13740.36370188036
 30
0.0
  0
VERTEX
  5
20F
330
20C
100
AcDbEntity
  8
Layer 01
100
AcDbVertex
100
AcDb2dVertex
 10
25858.86979832656
 20
14047.98497419664
 30
0.0
  0
VERTEX
  5
210
330
20C
100
AcDbEntity
  8
Layer 01
100
AcDbVertex
100
AcDb2dVertex
 10
26460.09959099262
 20
14474.39450901296
 30
0.0
  0
SEQEND
  5
211
330
20C
100
AcDbEntity
  8
Layer 01
  0
POLYLINE
  5
212
330
1F
100
AcDbEntity
  8
Layer 01
100
AcDb2dPolyline
 66
     1
 10
0.0
 20
0.0
 30
0.0
 70
     1
  0
VERTEX
  5
213
330
212
100
AcDbEntity
  8
Layer 01
100
AcDbVertex
100
AcDb2dVertex
 10
25984.96041058948
 20
13502.90336180772
 30
0.0
  0
VERTEX
  5
214
330
212
100
AcDbEntity
  8
Layer 01
100
AcDbVertex
100
AcDb2dVertex
 10
26166.29079960708
 20
13159.63409542524
 30
0.0
  0
VERTEX
  5
215
330
212
100
AcDbEntity
  8
Layer 01
100
AcDbVertex
100
AcDb2dVertex
 10
26066.80553995342
 20
12705.66579919604
 30
0.0
  0
VERTEX
  5
216
330
212
100
AcDbEntity
  8
Layer 01
100
AcDbVertex
100
AcDb2dVertex
 10
25669.37657703959
 20
12992.88662648085
 30
0.0
  0
SEQEND
  5
217
330
212
100
AcDbEntity
  8
Layer 01
  0
POLYLINE
  5
218
330
1F
100
AcDbEntity
  8
Layer 01
100
AcDb2dPolyline
 66
     1
 10
0.0
 20
0.0
 30
0.0
 70
     1
  0
VERTEX
  5
219
330
218
100
AcDbEntity
  8
Layer 01
100
AcDbVertex
100
AcDb2dVertex
 10
26615.60972280455
 20
12309.04651342436
 30
0.0
  0
VERTEX
  5
21A
330
218
100
AcDbEntity
  8
Layer 01
100
AcDbVertex
100
AcDb2dVertex
 10
26224.986416939
 20
13048.51978297849
 30
0.0
  0
VERTEX
  5
21B
330
218
100
AcDbEntity
  8
Layer 01
100
AcDbVertex
100
AcDb2dVertex
 10
26138.4971572963
 20
12653.85446292191
 30
0.0
  0
SEQEND
  5
21C
330
218
100
AcDbEntity
  8
Layer 01
  0
POLYLINE
  5
21D
330
1F
100
AcDbEntity
  8
Layer 01
100
AcDb2dPolyline
 66
     1
 10
0.0
 20
0.0
 30
0.0
 70
     1
  0
VERTEX
  5
21E
330
21D
100
AcDbEntity
  8
Layer 01
100
AcDbVertex
100
AcDb2dVertex
 10
27133.22624870021
 20
12241.1743627309
 30
0.0
  0
VERTEX
  5
21F
330
21D
100
AcDbEntity
  8
Layer 01
100
AcDbVertex
100
AcDb2dVertex
 10
26976.9393097021
 20
12047.91460670497
 30
0.0
  0
VERTEX
  5
220
330
21D
100
AcDbEntity
  8
Layer 01
100
AcDbVertex
100
AcDb2dVertex
 10
27034.41990846739
 20
12006.37353478825
 30
0.0
  0
SEQEND
  5
221
330
21D
100
AcDbEntity
  8
Layer 01
  0
POLYLINE
  5
222
330
1F
100
AcDbEntity
  8
Layer 01
100
AcDb2dPolyline
 66
     1
 10
0.0
 20
0.0
 30
0.0
 70
     1
  0
VERTEX
  5
223
330
222
100
AcDbEntity
  8
Layer 01
100
AcDbVertex
100
AcDb2dVertex
 10
27040.50683601003
 20
11811.07542332922
 30
0.0
  0
VERTEX
  5
224
330
222
100
AcDbEntity
  8
Layer 01
100
AcDbVertex
100
AcDb2dVertex
 10
27373.63856150257
 20
11180.43715228104
 30
0.0
  0
VERTEX
  5
225
330
222
100
AcDbEntity
  8
Layer 01
100
AcDbVertex
100
AcDb2dVertex
 10
27644.75851390808
 20
11374.38438415164
 30
0.0
  0
SEQEND
  5
226
330
222
100
AcDbEntity
  8
Layer 01
  0
POLYLINE
  5
227
330
1F
100
AcDbEntity
  8
Layer 01
100
AcDb2dPolyline
 66
     1
 10
0.0
 20
0.0
 30
0.0
 70
     1
  0
VERTEX
  5
228
330
227
100
AcDbEntity
  8
Layer 01
100
AcDbVertex
100
AcDb2dVertex
 10
22691.00045295986
 20
12429.90307604534
 30
0.0
  0
VERTEX
  5
229
330
227
100
AcDbEntity
  8
Layer 01
100
AcDbVertex
100
AcDb2dVertex
 10
24190.94649686916
 20
13764.95431321072
 30
0.0
  0
VERTEX
  5
22A
330
227
100
AcDbEntity
  8
Layer 01
100
AcDbVertex
100
AcDb2dVertex
 10
24046.12456435583
 20
12902.45326805506
 30
0.0
  0
VERTEX
  5
22B
330
227
100
AcDbEntity
  8
Layer 01
100
AcDbVertex
100
AcDb2dVertex
 10
22693.03993830883
 20
11942.80656890971
 30
0.0
  0
SEQEND
  5
22C
330
227
100
AcDbEntity
  8
Layer 01
  0
POLYLINE
  5
22D
330
1F
100
AcDbEntity
  8
Layer 01
100
AcDb2dPolyline
 66
     1
 10
0.0
 20
0.0
 30
0.0
 70
     1
  0
VERTEX
  5
22E
330
22D
100
AcDbEntity
  8
Layer 01
100
AcDbVertex
100
AcDb2dVertex
 10
24952.19401710325
 20
12012.46375999773
 30
0.0
  0
VERTEX
  5
22F
330
22D
100
AcDbEntity
  8
Layer 01
100
AcDbVertex
100
AcDb2dVertex
 10
24581.55626909363
 20
13142.07732547615
 30
0.0
  0
VERTEX
  5
230
330
22D
100
AcDbEntity
  8
Layer 01
100
AcDbVertex
100
AcDb2dVertex
 10
24176.2102548256
 20
12854.59422418598
 30
0.0
  0
VERTEX
  5
231
330
22D
100
AcDbEntity
  8
Layer 01
100
AcDbVertex
100
AcDb2dVertex
 10
23894.30200603207
 20
11175.66234554919
 30
0.0
  0
VERTEX
  5
232
330
22D
100
AcDbEntity
  8
Layer 01
100
AcDbVertex
100
AcDb2dVertex
 10
24434.40512901435
 20
11175.66234554919
 30
0.0
  0
SEQEND
  5
233
330
22D
100
AcDbEntity
  8
Layer 01
  0
POLYLINE
  5
234
330
1F
100
AcDbEntity
  8
Layer 01
100
AcDb2dPolyline
 66
     1
 10
0.0
 20
0.0
 30
0.0
 70
     1
  0
VERTEX
  5
235
330
234
100
AcDbEntity
  8
Layer 01
100
AcDbVertex
100
AcDb2dVertex
 10
24473.50486057081
 20
13471.39169642697
 30
0.0
  0
VERTEX
  5
236
330
234
100
AcDbEntity
  8
Layer 01
100
AcDbVertex
100
AcDb2dVertex
 10
24544.26052193058
 20
13255.74567727323
 30
0.0
  0
VERTEX
  5
237
330
234
100
AcDbEntity
  8
Layer 01
100
AcDbVertex
100
AcDb2dVertex
 10
24225.34960852738
 20
13029.56484609869
 30
0.0
  0
SEQEND
  5
238
330
234
100
AcDbEntity
  8
Layer 01
  0
POLYLINE
  5
239
330
1F
100
AcDbEntity
  8
Layer 01
100
AcDb2dPolyline
 66
     1
 10
0.0
 20
0.0
 30
0.0
 70
     1
  0
VERTEX
  5
23A
330
239
100
AcDbEntity
  8
Layer 01
100
AcDbVertex
100
AcDb2dVertex
 10
24000.14089035007
 20
12628.59304397323
 30
0.0
  0
VERTEX
  5
23B
330
239
100
AcDbEntity
  8
Layer 01
100
AcDbVertex
100
AcDb2dVertex
 10
23184.09183538394
 20
11175.66234554919
 30
0.0
  0
VERTEX
  5
23C
330
239
100
AcDbEntity
  8
Layer 01
100
AcDbVertex
100
AcDb2dVertex
 10
23756.18033779708
 20
11175.66234554919
 30
0.0
  0
SEQEND
  5
23D
330
239
100
AcDbEntity
  8
Layer 01
  0
POLYLINE
  5
23E
330
1F
100
AcDbEntity
  8
Layer 01
100
AcDb2dPolyline
 66
     1
 10
0.0
 20
0.0
 30
0.0
 70
     1
  0
VERTEX
  5
23F
330
23E
100
AcDbEntity
  8
Layer 01
100
AcDbVertex
100
AcDb2dVertex
 10
23491.58236980785
 20
14375.87345334827
 30
0.0
  0
VERTEX
  5
240
330
23E
100
AcDbEntity
  8
Layer 01
100
AcDbVertex
100
AcDb2dVertex
 10
24136.24117396053
 20
13909.98029425982
 30
0.0
  0
VERTEX
  5
241
330
23E
100
AcDbEntity
  8
Layer 01
100
AcDbVertex
100
AcDb2dVertex
 10
22690.19236510708
 20
12622.90116291338
 30
0.0
  0
VERTEX
  5
242
330
23E
100
AcDbEntity
  8
Layer 01
100
AcDbVertex
100
AcDb2dVertex
 10
22686.87942400783
 20
13414.14099143507
 30
0.0
  0
SEQEND
  5
243
330
23E
100
AcDbEntity
  8
Layer 01
  0
POLYLINE
  5
244
330
1F
100
AcDbEntity
  8
Layer 01
100
AcDb2dPolyline
 66
     1
 10
0.0
 20
0.0
 30
0.0
 70
     1
  0
VERTEX
  5
245
330
244
100
AcDbEntity
  8
Layer 01
100
AcDbVertex
100
AcDb2dVertex
 10
22686.27892009669
 20
13557.56117230727
 30
0.0
  0
VERTEX
  5
246
330
244
100
AcDbEntity
  8
Layer 01
100
AcDbVertex
100
AcDb2dVertex
 10
23416.42589573879
 20
14430.18883212604
 30
0.0
  0
VERTEX
  5
247
330
244
100
AcDbEntity
  8
Layer 01
100
AcDbVertex
100
AcDb2dVertex
 10
22955.31269822058
 20
14763.43408202456
 30
0.0
  0
VERTEX
  5
248
330
244
100
AcDbEntity
  8
Layer 01
100
AcDbVertex
100
AcDb2dVertex
 10
22682.46921972751
 20
14467.44353258105
 30
0.0
  0
SEQEND
  5
249
330
244
100
AcDbEntity
  8
Layer 01
  0
POLYLINE
  5
24A
330
1F
100
AcDbEntity
  8
Layer 01
100
AcDb2dPolyline
 66
     1
 10
0.0
 20
0.0
 30
0.0
 70
     1
  0
VERTEX
  5
24B
330
24A
100
AcDbEntity
  8
Layer 01
100
AcDbVertex
100
AcDb2dVertex
 10
22534.1797934786
 20
15067.78568340261
 30
0.0
  0
VERTEX
  5
24C
330
24A
100
AcDbEntity
  8
Layer 01
100
AcDbVertex
100
AcDb2dVertex
 10
21849.42480713296
 20
13731.64985331383
 30
0.0
  0
VERTEX
  5
24D
330
24A
100
AcDbEntity
  8
Layer 01
100
AcDbVertex
100
AcDb2dVertex
 10
21661.307531413
 20
15199.83647944788
 30
0.0
  0
VERTEX
  5
24E
330
24A
100
AcDbEntity
  8
Layer 01
100
AcDbVertex
100
AcDb2dVertex
 10
21898.31233347009
 20
15527.32536206145
 30
0.0
  0
SEQEND
  5
24F
330
24A
100
AcDbEntity
  8
Layer 01
  0
POLYLINE
  5
250
330
1F
100
AcDbEntity
  8
Layer 01
100
AcDb2dPolyline
 66
     1
 10
0.0
 20
0.0
 30
0.0
 70
     1
  0
VERTEX
  5
251
330
250
100
AcDbEntity
  8
Layer 01
100
AcDbVertex
100
AcDb2dVertex
 10
21992.38512837714
 20
11808.08920669042
 30
0.0
  0
VERTEX
  5
252
330
250
100
AcDbEntity
  8
Layer 01
100
AcDbVertex
100
AcDb2dVertex
 10
22034.92835932735
 20
11476.054828271
 30
0.0
  0
VERTEX
  5
253
330
250
100
AcDbEntity
  8
Layer 01
100
AcDbVertex
100
AcDb2dVertex
 10
21832.97915319435
 20
11332.82661820203
 30
0.0
  0
VERTEX
  5
254
330
250
100
AcDbEntity
  8
Layer 01
100
AcDbVertex
100
AcDb2dVertex
 10
21715.9530758777
 20
11562.04638723027
 30
0.0
  0
SEQEND
  5
255
330
250
100
AcDbEntity
  8
Layer 01
  0
POLYLINE
  5
256
330
1F
100
AcDbEntity
  8
Layer 01
100
AcDb2dPolyline
 66
     1
 10
0.0
 20
0.0
 30
0.0
 70
     1
  0
VERTEX
  5
257
330
256
100
AcDbEntity
  8
Layer 01
100
AcDbVertex
100
AcDb2dVertex
 10
21906.15696105483
 20
12481.06855733302
 30
0.0
  0
VERTEX
  5
258
330
256
100
AcDbEntity
  8
Layer 01
100
AcDbVertex
100
AcDb2dVertex
 10
21970.10519714815
 20
11981.97593206646
 30
0.0
  0
VERTEX
  5
259
330
256
100
AcDbEntity
  8
Layer 01
100
AcDbVertex
100
AcDb2dVertex
 10
21647.95280248966
 20
11695.23898256683
 30
0.0
  0
VERTEX
  5
25A
330
256
100
AcDbEntity
  8
Layer 01
100
AcDbVertex
100
AcDb2dVertex
 10
21496.63296898636
 20
11991.63016374919
 30
0.0
  0
SEQEND
  5
25B
330
256
100
AcDbEntity
  8
Layer 01
  0
POLYLINE
  5
25C
330
1F
100
AcDbEntity
  8
Layer 01
100
AcDb2dPolyline
 66
     1
 10
0.0
 20
0.0
 30
0.0
 70
     1
  0
VERTEX
  5
25D
330
25C
100
AcDbEntity
  8
Layer 01
100
AcDbVertex
100
AcDb2dVertex
 10
21230.40421958419
 20
14834.28720532317
 30
0.0
  0
VERTEX
  5
25E
330
25C
100
AcDbEntity
  8
Layer 01
100
AcDbVertex
100
AcDb2dVertex
 10
21512.07829513021
 20
15806.45564789718
 30
0.0
  0
VERTEX
  5
25F
330
25C
100
AcDbEntity
  8
Layer 01
100
AcDbVertex
100
AcDb2dVertex
 10
21789.08576555842
 20
15606.26310471378
 30
0.0
  0
SEQEND
  5
260
330
25C
100
AcDbEntity
  8
Layer 01
  0
POLYLINE
  5
261
330
1F
100
AcDbEntity
  8
Layer 01
100
AcDb2dPolyline
 66
     1
 10
0.0
 20
0.0
 30
0.0
 70
     1
  0
VERTEX
  5
262
330
261
100
AcDbEntity
  8
Layer 01
100
AcDbVertex
100
AcDb2dVertex
 10
21474.39870541104
 20
16024.58569012427
 30
0.0
  0
VERTEX
  5
263
330
261
100
AcDbEntity
  8
Layer 01
100
AcDbVertex
100
AcDb2dVertex
 10
21532.89541572646
 20
16226.48093253453
 30
0.0
  0
VERTEX
  5
264
330
261
100
AcDbEntity
  8
Layer 01
100
AcDbVertex
100
AcDb2dVertex
 10
21364.26252436087
 20
16104.1808077103
 30
0.0
  0
SEQEND
  5
265
330
261
100
AcDbEntity
  8
Layer 01
  0
POLYLINE
  5
266
330
1F
100
AcDbEntity
  8
Layer 01
100
AcDb2dPolyline
 66
     1
 10
0.0
 20
0.0
 30
0.0
 70
     1
  0
VERTEX
  5
267
330
266
100
AcDbEntity
  8
Layer 01
100
AcDbVertex
100
AcDb2dVertex
 10
23949.18283932582
 20
17563.7985178116
 30
0.0
  0
VERTEX
  5
268
330
266
100
AcDbEntity
  8
Layer 01
100
AcDbVertex
100
AcDb2dVertex
 10
23865.88401974131
 20
17666.28845778343
 30
0.0
  0
VERTEX
  5
269
330
266
100
AcDbEntity
  8
Layer 01
100
AcDbVertex
100
AcDb2dVertex
 10
23906.08298792952
 20
17744.72714432079
 30
0.0
  0
VERTEX
  5
26A
330
266
100
AcDbEntity
  8
Layer 01
100
AcDbVertex
100
AcDb2dVertex
 10
23975.0230415474
 20
17614.21950156996
 30
0.0
  0
SEQEND
  5
26B
330
266
100
AcDbEntity
  8
Layer 01
  0
POLYLINE
  5
26C
330
1F
100
AcDbEntity
  8
Layer 01
100
AcDb2dPolyline
 66
     1
 10
0.0
 20
0.0
 30
0.0
 70
     1
  0
VERTEX
  5
26D
330
26C
100
AcDbEntity
  8
Layer 01
100
AcDbVertex
100
AcDb2dVertex
 10
24805.50174748579
 20
17424.9976282242
 30
0.0
  0
VERTEX
  5
26E
330
26C
100
AcDbEntity
  8
Layer 01
100
AcDbVertex
100
AcDb2dVertex
 10
24910.04523479284
 20
18047.61649196746
 30
0.0
  0
VERTEX
  5
26F
330
26C
100
AcDbEntity
  8
Layer 01
100
AcDbVertex
100
AcDb2dVertex
 10
24197.13425476302
 20
18047.61649196746
 30
0.0
  0
VERTEX
  5
270
330
26C
100
AcDbEntity
  8
Layer 01
100
AcDbVertex
100
AcDb2dVertex
 10
24119.08518164233
 20
17895.32236460623
 30
0.0
  0
SEQEND
  5
271
330
26C
100
AcDbEntity
  8
Layer 01
  0
POLYLINE
  5
272
330
1F
100
AcDbEntity
  8
Layer 01
100
AcDb2dPolyline
 66
     1
 10
0.0
 20
0.0
 30
0.0
 70
     1
  0
VERTEX
  5
273
330
272
100
AcDbEntity
  8
Layer 01
100
AcDbVertex
100
AcDb2dVertex
 10
25279.76578828723
 20
15144.26348417138
 30
0.0
  0
VERTEX
  5
274
330
272
100
AcDbEntity
  8
Layer 01
100
AcDbVertex
100
AcDb2dVertex
 10
24836.54992302432
 20
15983.29761265996
 30
0.0
  0
VERTEX
  5
275
330
272
100
AcDbEntity
  8
Layer 01
100
AcDbVertex
100
AcDb2dVertex
 10
25038.02943909585
 20
16224.09378723331
 30
0.0
  0
VERTEX
  5
276
330
272
100
AcDbEntity
  8
Layer 01
100
AcDbVertex
100
AcDb2dVertex
 10
25539.62752443132
 20
15606.93308900927
 30
0.0
  0
SEQEND
  5
277
330
272
100
AcDbEntity
  8
Layer 01
  0
POLYLINE
  5
278
330
1F
100
AcDbEntity
  8
Layer 01
100
AcDb2dPolyline
 66
     1
 10
0.0
 20
0.0
 30
0.0
 70
     1
  0
VERTEX
  5
279
330
278
100
AcDbEntity
  8
Layer 01
100
AcDbVertex
100
AcDb2dVertex
 10
24789.87616815644
 20
16071.6538207926
 30
0.0
  0
VERTEX
  5
27A
330
278
100
AcDbEntity
  8
Layer 01
100
AcDbVertex
100
AcDb2dVertex
 10
24978.60409680451
 20
16297.21006660706
 30
0.0
  0
VERTEX
  5
27B
330
278
100
AcDbEntity
  8
Layer 01
100
AcDbVertex
100
AcDb2dVertex
 10
24792.67019032856
 20
16525.98107450968
 30
0.0
  0
VERTEX
  5
27C
330
278
100
AcDbEntity
  8
Layer 01
100
AcDbVertex
100
AcDb2dVertex
 10
24734.11029577052
 20
16177.22195091578
 30
0.0
  0
SEQEND
  5
27D
330
278
100
AcDbEntity
  8
Layer 01
  0
POLYLINE
  5
27E
330
1F
100
AcDbEntity
  8
Layer 01
100
AcDb2dPolyline
 66
     1
 10
0.0
 20
0.0
 30
0.0
 70
     1
  0
VERTEX
  5
27F
330
27E
100
AcDbEntity
  8
Layer 01
100
AcDbVertex
100
AcDb2dVertex
 10
21989.02320018688
 20
15652.6679716801
 30
0.0
  0
VERTEX
  5
280
330
27E
100
AcDbEntity
  8
Layer 01
100
AcDbVertex
100
AcDb2dVertex
 10
22562.54365457425
 20
15238.18630389683
 30
0.0
  0
VERTEX
  5
281
330
27E
100
AcDbEntity
  8
Layer 01
100
AcDbVertex
100
AcDb2dVertex
 10
22557.51914510463
 20
16438.20522727802
 30
0.0
  0
SEQEND
  5
282
330
27E
100
AcDbEntity
  8
Layer 01
  0
POLYLINE
  5
283
330
1F
100
AcDbEntity
  8
Layer 01
100
AcDb2dPolyline
 66
     1
 10
0.0
 20
0.0
 30
0.0
 70
     1
  0
VERTEX
  5
284
330
283
100
AcDbEntity
  8
Layer 01
100
AcDbVertex
100
AcDb2dVertex
 10
23397.18863682444
 20
16751.74134677298
 30
0.0
  0
VERTEX
  5
285
330
283
100
AcDbEntity
  8
Layer 01
100
AcDbVertex
100
AcDb2dVertex
 10
22678.77423832526
 20
15349.92721204259
 30
0.0
  0
VERTEX
  5
286
330
283
100
AcDbEntity
  8
Layer 01
100
AcDbVertex
100
AcDb2dVertex
 10
22667.4789453353
 20
18047.61649196746
 30
0.0
  0
VERTEX
  5
287
330
283
100
AcDbEntity
  8
Layer 01
100
AcDbVertex
100
AcDb2dVertex
 10
22971.99876641676
 20
18047.61649196746
 30
0.0
  0
SEQEND
  5
288
330
283
100
AcDbEntity
  8
Layer 01
  0
POLYLINE
  5
289
330
1F
100
AcDbEntity
  8
Layer 01
100
AcDb2dPolyline
 66
     1
 10
0.0
 20
0.0
 30
0.0
 70
     1
  0
VERTEX
  5
28A
330
289
100
AcDbEntity
  8
Layer 01
100
AcDbVertex
100
AcDb2dVertex
 10
23881.1738114226
 20
17929.38239221067
 30
0.0
  0
VERTEX
  5
28B
330
289
100
AcDbEntity
  8
Layer 01
100
AcDbVertex
100
AcDb2dVertex
 10
24786.08324496733
 20
17309.34885578435
 30
0.0
  0
VERTEX
  5
28C
330
289
100
AcDbEntity
  8
Layer 01
100
AcDbVertex
100
AcDb2dVertex
 10
24717.42781301344
 20
16900.46478147202
 30
0.0
  0
SEQEND
  5
28D
330
289
100
AcDbEntity
  8
Layer 01
  0
POLYLINE
  5
28E
330
1F
100
AcDbEntity
  8
Layer 01
100
AcDb2dPolyline
 66
     1
 10
0.0
 20
0.0
 30
0.0
 70
     1
  0
VERTEX
  5
28F
330
28E
100
AcDbEntity
  8
Layer 01
100
AcDbVertex
100
AcDb2dVertex
 10
25446.72753496077
 20
16856.68298640567
 30
0.0
  0
VERTEX
  5
290
330
28E
100
AcDbEntity
  8
Layer 01
100
AcDbVertex
100
AcDb2dVertex
 10
25102.36588415634
 20
17092.63562900493
 30
0.0
  0
VERTEX
  5
291
330
28E
100
AcDbEntity
  8
Layer 01
100
AcDbVertex
100
AcDb2dVertex
 10
24814.79371536125
 20
16780.66685952422
 30
0.0
  0
VERTEX
  5
292
330
28E
100
AcDbEntity
  8
Layer 01
100
AcDbVertex
100
AcDb2dVertex
 10
25094.82879293867
 20
16436.11481864209
 30
0.0
  0
SEQEND
  5
293
330
28E
100
AcDbEntity
  8
Layer 01
  0
POLYLINE
  5
294
330
1F
100
AcDbEntity
  8
Layer 01
100
AcDb2dPolyline
 66
     1
 10
0.0
 20
0.0
 30
0.0
 70
     1
  0
VERTEX
  5
295
330
294
100
AcDbEntity
  8
Layer 01
100
AcDbVertex
100
AcDb2dVertex
 10
25633.25816272364
 20
15773.63731819754
 30
0.0
  0
VERTEX
  5
296
330
294
100
AcDbEntity
  8
Layer 01
100
AcDbVertex
100
AcDb2dVertex
 10
25154.25413523001
 20
16362.99853926835
 30
0.0
  0
VERTEX
  5
297
330
294
100
AcDbEntity
  8
Layer 01
100
AcDbVertex
100
AcDb2dVertex
 10
25523.38322979466
 20
16804.159385929
 30
0.0
  0
VERTEX
  5
298
330
294
100
AcDbEntity
  8
Layer 01
100
AcDbVertex
100
AcDb2dVertex
 10
26020.67864287189
 20
16463.41828832431
 30
0.0
  0
SEQEND
  5
299
330
294
100
AcDbEntity
  8
Layer 01
  0
POLYLINE
  5
29A
330
1F
100
AcDbEntity
  8
Layer 01
100
AcDb2dPolyline
 66
     1
 10
0.0
 20
0.0
 30
0.0
 70
     1
  0
VERTEX
  5
29B
330
29A
100
AcDbEntity
  8
Layer 01
100
AcDbVertex
100
AcDb2dVertex
 10
25832.53938645725
 20
17884.75445599251
 30
0.0
  0
VERTEX
  5
29C
330
29A
100
AcDbEntity
  8
Layer 01
100
AcDbVertex
100
AcDb2dVertex
 10
25175.22028512009
 20
17171.67073840077
 30
0.0
  0
VERTEX
  5
29D
330
29A
100
AcDbEntity
  8
Layer 01
100
AcDbVertex
100
AcDb2dVertex
 10
25515.30817157653
 20
16938.64642997984
 30
0.0
  0
VERTEX
  5
29E
330
29A
100
AcDbEntity
  8
Layer 01
100
AcDbVertex
100
AcDb2dVertex
 10
25990.55231512107
 20
17506.6295876984
 30
0.0
  0
SEQEND
  5
29F
330
29A
100
AcDbEntity
  8
Layer 01
  0
POLYLINE
  5
2A0
330
1F
100
AcDbEntity
  8
Layer 01
100
AcDb2dPolyline
 66
     1
 10
0.0
 20
0.0
 30
0.0
 70
     1
  0
VERTEX
  5
2A1
330
2A0
100
AcDbEntity
  8
Layer 01
100
AcDbVertex
100
AcDb2dVertex
 10
24929.37218283994
 20
17340.1230305637
 30
0.0
  0
VERTEX
  5
2A2
330
2A0
100
AcDbEntity
  8
Layer 01
100
AcDbVertex
100
AcDb2dVertex
 10
25087.86416675839
 20
17231.52614601224
 30
0.0
  0
VERTEX
  5
2A3
330
2A0
100
AcDbEntity
  8
Layer 01
100
AcDbVertex
100
AcDb2dVertex
 10
25788.07998456333
 20
17991.1457850295
 30
0.0
  0
VERTEX
  5
2A4
330
2A0
100
AcDbEntity
  8
Layer 01
100
AcDbVertex
100
AcDb2dVertex
 10
25764.48169062609
 20
18047.61649196746
 30
0.0
  0
VERTEX
  5
2A5
330
2A0
100
AcDbEntity
  8
Layer 01
100
AcDbVertex
100
AcDb2dVertex
 10
25048.16690302784
 20
18047.61649196746
 30
0.0
  0
SEQEND
  5
2A6
330
2A0
100
AcDbEntity
  8
Layer 01
  0
POLYLINE
  5
2A7
330
1F
100
AcDbEntity
  8
Layer 01
100
AcDb2dPolyline
 66
     1
 10
0.0
 20
0.0
 30
0.0
 70
     1
  0
VERTEX
  5
2A8
330
2A7
100
AcDbEntity
  8
Layer 01
100
AcDbVertex
100
AcDb2dVertex
 10
26443.20809283968
 20
18047.61649196746
 30
0.0
  0
VERTEX
  5
2A9
330
2A7
100
AcDbEntity
  8
Layer 01
100
AcDbVertex
100
AcDb2dVertex
 10
25982.66527558922
 20
18047.61649196746
 30
0.0
  0
VERTEX
  5
2AA
330
2A7
100
AcDbEntity
  8
Layer 01
100
AcDbVertex
100
AcDb2dVertex
 10
25930.1191859042
 20
17990.61257879761
 30
0.0
  0
VERTEX
  5
2AB
330
2A7
100
AcDbEntity
  8
Layer 01
100
AcDbVertex
100
AcDb2dVertex
 10
26085.13240592746
 20
17619.66601195154
 30
0.0
  0
SEQEND
  5
2AC
330
2A7
100
AcDbEntity
  8
Layer 01
  0
POLYLINE
  5
2AD
330
1F
100
AcDbEntity
  8
Layer 01
100
AcDb2dPolyline
 66
     1
 10
0.0
 20
0.0
 30
0.0
 70
     1
  0
VERTEX
  5
2AE
330
2AD
100
AcDbEntity
  8
Layer 01
100
AcDbVertex
100
AcDb2dVertex
 10
26334.68436172016
 20
17022.48829228908
 30
0.0
  0
VERTEX
  5
2AF
330
2AD
100
AcDbEntity
  8
Layer 01
100
AcDbVertex
100
AcDb2dVertex
 10
26125.30305020812
 20
17523.53767798317
 30
0.0
  0
VERTEX
  5
2B0
330
2AD
100
AcDbEntity
  8
Layer 01
100
AcDbVertex
100
AcDb2dVertex
 10
26563.81145264427
 20
18047.61649196746
 30
0.0
  0
VERTEX
  5
2B1
330
2AD
100
AcDbEntity
  8
Layer 01
100
AcDbVertex
100
AcDb2dVertex
 10
26910.4550433322
 20
18047.61649196746
 30
0.0
  0
SEQEND
  5
2B2
330
2AD
100
AcDbEntity
  8
Layer 01
  0
POLYLINE
  5
2B3
330
1F
100
AcDbEntity
  8
Layer 01
100
AcDb2dPolyline
 66
     1
 10
0.0
 20
0.0
 30
0.0
 70
     1
  0
VERTEX
  5
2B4
330
2B3
100
AcDbEntity
  8
Layer 01
100
AcDbVertex
100
AcDb2dVertex
 10
26712.51831532113
 20
16118.3318086993
 30
0.0
  0
VERTEX
  5
2B5
330
2B3
100
AcDbEntity
  8
Layer 01
100
AcDbVertex
100
AcDb2dVertex
 10
26801.33995006642
 20
16057.47224611682
 30
0.0
  0
VERTEX
  5
2B6
330
2B3
100
AcDbEntity
  8
Layer 01
100
AcDbVertex
100
AcDb2dVertex
 10
27237.47176519812
 20
18047.61649196746
 30
0.0
  0
VERTEX
  5
2B7
330
2B3
100
AcDbEntity
  8
Layer 01
100
AcDbVertex
100
AcDb2dVertex
 10
27043.77467713127
 20
18047.61649196746
 30
0.0
  0
VERTEX
  5
2B8
330
2B3
100
AcDbEntity
  8
Layer 01
100
AcDbVertex
100
AcDb2dVertex
 10
26391.56023356234
 20
16886.38435616628
 30
0.0
  0
SEQEND
  5
2B9
330
2B3
100
AcDbEntity
  8
Layer 01
  0
POLYLINE
  5
2BA
330
1F
100
AcDbEntity
  8
Layer 01
100
AcDb2dPolyline
 66
     1
 10
0.0
 20
0.0
 30
0.0
 70
     1
  0
VERTEX
  5
2BB
330
2BA
100
AcDbEntity
  8
Layer 01
100
AcDbVertex
100
AcDb2dVertex
 10
26839.13215480412
 20
14883.33492413597
 30
0.0
  0
VERTEX
  5
2BC
330
2BA
100
AcDbEntity
  8
Layer 01
100
AcDbVertex
100
AcDb2dVertex
 10
26986.95654217053
 20
15122.23471376793
 30
0.0
  0
VERTEX
  5
2BD
330
2BA
100
AcDbEntity
  8
Layer 01
100
AcDbVertex
100
AcDb2dVertex
 10
27030.17014391573
 20
15018.82458393494
 30
0.0
  0
SEQEND
  5
2BE
330
2BA
100
AcDbEntity
  8
Layer 01
  0
POLYLINE
  5
2BF
330
1F
100
AcDbEntity
  8
Layer 01
100
AcDb2dPolyline
 66
     1
 10
0.0
 20
0.0
 30
0.0
 70
     1
  0
VERTEX
  5
2C0
330
2BF
100
AcDbEntity
  8
Layer 01
100
AcDbVertex
100
AcDb2dVertex
 10
27663.91165722645
 20
13502.2814233247
 30
0.0
  0
VERTEX
  5
2C1
330
2BF
100
AcDbEntity
  8
Layer 01
100
AcDbVertex
100
AcDb2dVertex
 10
27075.33753748485
 20
14910.73903113284
 30
0.0
  0
VERTEX
  5
2C2
330
2BF
100
AcDbEntity
  8
Layer 01
100
AcDbVertex
100
AcDb2dVertex
 10
26605.44076669419
 20
14577.47466883962
 30
0.0
  0
VERTEX
  5
2C3
330
2BF
100
AcDbEntity
  8
Layer 01
100
AcDbVertex
100
AcDb2dVertex
 10
27600.93619892246
 20
13352.62817521327
 30
0.0
  0
SEQEND
  5
2C4
330
2BF
100
AcDbEntity
  8
Layer 01
  0
POLYLINE
  5
2C5
330
1F
100
AcDbEntity
  8
Layer 01
100
AcDb2dPolyline
 66
     1
 10
0.0
 20
0.0
 30
0.0
 70
     1
  0
VERTEX
  5
2C6
330
2C5
100
AcDbEntity
  8
Layer 01
100
AcDbVertex
100
AcDb2dVertex
 10
26382.20665434226
 20
14144.89515866454
 30
0.0
  0
VERTEX
  5
2C7
330
2C5
100
AcDbEntity
  8
Layer 01
100
AcDbVertex
100
AcDb2dVertex
 10
26072.27022090891
 20
13644.00521712214
 30
0.0
  0
VERTEX
  5
2C8
330
2C5
100
AcDbEntity
  8
Layer 01
100
AcDbVertex
100
AcDb2dVertex
 10
26213.74643353277
 20
13376.18228914481
 30
0.0
  0
SEQEND
  5
2C9
330
2C5
100
AcDbEntity
  8
Layer 01
  0
POLYLINE
  5
2CA
330
1F
100
AcDbEntity
  8
Layer 01
100
AcDb2dPolyline
 66
     1
 10
0.0
 20
0.0
 30
0.0
 70
     1
  0
VERTEX
  5
2CB
330
2CA
100
AcDbEntity
  8
Layer 01
100
AcDbVertex
100
AcDb2dVertex
 10
25934.05949041539
 20
13599.26184656595
 30
0.0
  0
VERTEX
  5
2CC
330
2CA
100
AcDbEntity
  8
Layer 01
100
AcDbVertex
100
AcDb2dVertex
 10
25593.00427806809
 20
13048.08067859878
 30
0.0
  0
VERTEX
  5
2CD
330
2CA
100
AcDbEntity
  8
Layer 01
100
AcDbVertex
100
AcDb2dVertex
 10
25026.3935027165
 20
13457.56874019296
 30
0.0
  0
VERTEX
  5
2CE
330
2CA
100
AcDbEntity
  8
Layer 01
100
AcDbVertex
100
AcDb2dVertex
 10
25741.13322671804
 20
13964.48279692123
 30
0.0
  0
SEQEND
  5
2CF
330
2CA
100
AcDbEntity
  8
Layer 01
  0
POLYLINE
  5
2D0
330
1F
100
AcDbEntity
  8
Layer 01
100
AcDb2dPolyline
 66
     1
 10
0.0
 20
0.0
 30
0.0
 70
     1
  0
VERTEX
  5
2D1
330
2D0
100
AcDbEntity
  8
Layer 01
100
AcDbVertex
100
AcDb2dVertex
 10
26030.69054813516
 20
12540.86689972946
 30
0.0
  0
VERTEX
  5
2D2
330
2D0
100
AcDbEntity
  8
Layer 01
100
AcDbVertex
100
AcDb2dVertex
 10
25587.75399793272
 20
12860.97593619999
 30
0.0
  0
VERTEX
  5
2D3
330
2D0
100
AcDbEntity
  8
Layer 01
100
AcDbVertex
100
AcDb2dVertex
 10
25072.43750781751
 20
12028.17017745027
 30
0.0
  0
VERTEX
  5
2D4
330
2D0
100
AcDbEntity
  8
Layer 01
100
AcDbVertex
100
AcDb2dVertex
 10
25352.15403445338
 20
11175.66234554919
 30
0.0
  0
VERTEX
  5
2D5
330
2D0
100
AcDbEntity
  8
Layer 01
100
AcDbVertex
100
AcDb2dVertex
 10
25731.51166123683
 20
11175.66234554919
 30
0.0
  0
SEQEND
  5
2D6
330
2D0
100
AcDbEntity
  8
Layer 01
  0
POLYLINE
  5
2D7
330
1F
100
AcDbEntity
  8
Layer 01
100
AcDb2dPolyline
 66
     1
 10
0.0
 20
0.0
 30
0.0
 70
     1
  0
VERTEX
  5
2D8
330
2D7
100
AcDbEntity
  8
Layer 01
100
AcDbVertex
100
AcDb2dVertex
 10
25814.55751693742
 20
11175.66234554919
 30
0.0
  0
VERTEX
  5
2D9
330
2D7
100
AcDbEntity
  8
Layer 01
100
AcDbVertex
100
AcDb2dVertex
 10
26102.38216547803
 20
12489.05556345534
 30
0.0
  0
VERTEX
  5
2DA
330
2D7
100
AcDbEntity
  8
Layer 01
100
AcDbVertex
100
AcDb2dVertex
 10
26780.47275460629
 20
11999.0013445692
 30
0.0
  0
VERTEX
  5
2DB
330
2D7
100
AcDbEntity
  8
Layer 01
100
AcDbVertex
100
AcDb2dVertex
 10
26114.64798818496
 20
11175.66234554919
 30
0.0
  0
SEQEND
  5
2DC
330
2D7
100
AcDbEntity
  8
Layer 01
  0
POLYLINE
  5
2DD
330
1F
100
AcDbEntity
  8
Layer 01
100
AcDb2dPolyline
 66
     1
 10
0.0
 20
0.0
 30
0.0
 70
     1
  0
VERTEX
  5
2DE
330
2DD
100
AcDbEntity
  8
Layer 01
100
AcDbVertex
100
AcDb2dVertex
 10
26841.81579106916
 20
11880.82490354889
 30
0.0
  0
VERTEX
  5
2DF
330
2DD
100
AcDbEntity
  8
Layer 01
100
AcDbVertex
100
AcDb2dVertex
 10
26271.55895150725
 20
11175.66234554919
 30
0.0
  0
VERTEX
  5
2E0
330
2DD
100
AcDbEntity
  8
Layer 01
100
AcDbVertex
100
AcDb2dVertex
 10
27214.31462357536
 20
11175.66234554919
 30
0.0
  0
SEQEND
  5
2E1
330
2DD
100
AcDbEntity
  8
Layer 01
  0
POLYLINE
  5
2E2
330
1F
100
AcDbEntity
  8
Layer 01
100
AcDb2dPolyline
 66
     1
 10
0.0
 20
0.0
 30
0.0
 70
     1
  0
VERTEX
  5
2E3
330
2E2
100
AcDbEntity
  8
Layer 01
100
AcDbVertex
100
AcDb2dVertex
 10
24990.49269416696
 20
11895.73872218558
 30
0.0
  0
VERTEX
  5
2E4
330
2E2
100
AcDbEntity
  8
Layer 01
100
AcDbVertex
100
AcDb2dVertex
 10
24544.92993583515
 20
11175.66234554919
 30
0.0
  0
VERTEX
  5
2E5
330
2E2
100
AcDbEntity
  8
Layer 01
100
AcDbVertex
100
AcDb2dVertex
 10
25226.75710775729
 20
11175.66234554919
 30
0.0
  0
SEQEND
  5
2E6
330
2E2
100
AcDbEntity
  8
Layer 01
  0
POLYLINE
  5
2E7
330
1F
100
AcDbEntity
  8
Layer 01
100
AcDb2dPolyline
 66
     1
 10
0.0
 20
0.0
 30
0.0
 70
     1
  0
VERTEX
  5
2E8
330
2E7
100
AcDbEntity
  8
Layer 01
100
AcDbVertex
100
AcDb2dVertex
 10
24683.28125782829
 20
13214.22362570055
 30
0.0
  0
VERTEX
  5
2E9
330
2E7
100
AcDbEntity
  8
Layer 01
100
AcDbVertex
100
AcDb2dVertex
 10
24893.0771967375
 20
13363.01696529861
 30
0.0
  0
VERTEX
  5
2EA
330
2E7
100
AcDbEntity
  8
Layer 01
100
AcDbVertex
100
AcDb2dVertex
 10
25511.38169896121
 20
12916.16998831791
 30
0.0
  0
VERTEX
  5
2EB
330
2E7
100
AcDbEntity
  8
Layer 01
100
AcDbVertex
100
AcDb2dVertex
 10
25034.13883075381
 20
12144.89521526243
 30
0.0
  0
SEQEND
  5
2EC
330
2E7
100
AcDbEntity
  8
Layer 01
  0
POLYLINE
  5
2ED
330
1F
100
AcDbEntity
  8
Layer 01
100
AcDb2dPolyline
 66
     1
 10
0.0
 20
0.0
 30
0.0
 70
     1
  0
VERTEX
  5
2EE
330
2ED
100
AcDbEntity
  8
Layer 01
100
AcDbVertex
100
AcDb2dVertex
 10
24389.70094782455
 20
13726.80560714365
 30
0.0
  0
VERTEX
  5
2EF
330
2ED
100
AcDbEntity
  8
Layer 01
100
AcDbVertex
100
AcDb2dVertex
 10
24424.34197759071
 20
13621.22818726092
 30
0.0
  0
VERTEX
  5
2F0
330
2ED
100
AcDbEntity
  8
Layer 01
100
AcDbVertex
100
AcDb2dVertex
 10
24254.01557538336
 20
13317.97134624975
 30
0.0
  0
VERTEX
  5
2F1
330
2ED
100
AcDbEntity
  8
Layer 01
100
AcDbVertex
100
AcDb2dVertex
 10
24329.91725028829
 20
13770.01112225914
 30
0.0
  0
SEQEND
  5
2F2
330
2ED
100
AcDbEntity
  8
Layer 01
  0
POLYLINE
  5
2F3
330
1F
100
AcDbEntity
  8
Layer 01
100
AcDb2dPolyline
 66
     1
 10
0.0
 20
0.0
 30
0.0
 70
     1
  0
VERTEX
  5
2F4
330
2F3
100
AcDbEntity
  8
Layer 01
100
AcDbVertex
100
AcDb2dVertex
 10
21979.89988552716
 20
12713.33952318055
 30
0.0
  0
VERTEX
  5
2F5
330
2F3
100
AcDbEntity
  8
Layer 01
100
AcDbVertex
100
AcDb2dVertex
 10
22570.16153505122
 20
13418.78467201786
 30
0.0
  0
VERTEX
  5
2F6
330
2F3
100
AcDbEntity
  8
Layer 01
100
AcDbVertex
100
AcDb2dVertex
 10
22566.29844921261
 20
14341.4172468003
 30
0.0
  0
VERTEX
  5
2F7
330
2F3
100
AcDbEntity
  8
Layer 01
100
AcDbVertex
100
AcDb2dVertex
 10
21961.49966880496
 20
13685.30948749326
 30
0.0
  0
VERTEX
  5
2F8
330
2F3
100
AcDbEntity
  8
Layer 01
100
AcDbVertex
100
AcDb2dVertex
 10
21876.590707182
 20
13519.62992592406
 30
0.0
  0
SEQEND
  5
2F9
330
2F3
100
AcDbEntity
  8
Layer 01
  0
POLYLINE
  5
2FA
330
1F
100
AcDbEntity
  8
Layer 01
100
AcDb2dPolyline
 66
     1
 10
0.0
 20
0.0
 30
0.0
 70
     1
  0
VERTEX
  5
2FB
330
2FA
100
AcDbEntity
  8
Layer 01
100
AcDbVertex
100
AcDb2dVertex
 10
22139.96007109087
 20
14033.53234457503
 30
0.0
  0
VERTEX
  5
2FC
330
2FA
100
AcDbEntity
  8
Layer 01
100
AcDbVertex
100
AcDb2dVertex
 10
22564.1221752448
 20
14861.18339703458
 30
0.0
  0
VERTEX
  5
2FD
330
2FA
100
AcDbEntity
  8
Layer 01
100
AcDbVertex
100
AcDb2dVertex
 10
22565.65396825873
 20
14495.34059893894
 30
0.0
  0
SEQEND
  5
2FE
330
2FA
100
AcDbEntity
  8
Layer 01
  0
POLYLINE
  5
2FF
330
1F
100
AcDbEntity
  8
Layer 01
100
AcDb2dPolyline
 66
     1
 10
0.0
 20
0.0
 30
0.0
 70
     1
  0
VERTEX
  5
300
330
2FF
100
AcDbEntity
  8
Layer 01
100
AcDbVertex
100
AcDb2dVertex
 10
21793.78872141883
 20
13358.0616245801
 30
0.0
  0
VERTEX
  5
301
330
2FF
100
AcDbEntity
  8
Layer 01
100
AcDbVertex
100
AcDb2dVertex
 10
21295.45408904053
 20
12385.68059637
 30
0.0
  0
VERTEX
  5
302
330
2FF
100
AcDbEntity
  8
Layer 01
100
AcDbVertex
100
AcDb2dVertex
 10
21450.93072340553
 20
12081.1474612295
 30
0.0
  0
VERTEX
  5
303
330
2FF
100
AcDbEntity
  8
Layer 01
100
AcDbVertex
100
AcDb2dVertex
 10
21890.14124117744
 20
12606.06540114708
 30
0.0
  0
SEQEND
  5
304
330
2FF
100
AcDbEntity
  8
Layer 01
  0
POLYLINE
  5
305
330
1F
100
AcDbEntity
  8
Layer 01
100
AcDb2dPolyline
 66
     1
 10
0.0
 20
0.0
 30
0.0
 70
     1
  0
VERTEX
  5
306
330
305
100
AcDbEntity
  8
Layer 01
100
AcDbVertex
100
AcDb2dVertex
 10
22570.76203896236
 20
13275.36449114566
 30
0.0
  0
VERTEX
  5
307
330
305
100
AcDbEntity
  8
Layer 01
100
AcDbVertex
100
AcDb2dVertex
 10
22573.92720814832
 20
12519.41747943869
 30
0.0
  0
VERTEX
  5
308
330
305
100
AcDbEntity
  8
Layer 01
100
AcDbVertex
100
AcDb2dVertex
 10
22063.01322973899
 20
12064.67022920913
 30
0.0
  0
VERTEX
  5
309
330
305
100
AcDbEntity
  8
Layer 01
100
AcDbVertex
100
AcDb2dVertex
 10
21995.91560540455
 20
12588.34267936649
 30
0.0
  0
SEQEND
  5
30A
330
305
100
AcDbEntity
  8
Layer 01
  0
POLYLINE
  5
30B
330
1F
100
AcDbEntity
  8
Layer 01
100
AcDb2dPolyline
 66
     1
 10
0.0
 20
0.0
 30
0.0
 70
     1
  0
VERTEX
  5
30C
330
30B
100
AcDbEntity
  8
Layer 01
100
AcDbVertex
100
AcDb2dVertex
 10
22085.29316096799
 20
11890.7835038331
 30
0.0
  0
VERTEX
  5
30D
330
30B
100
AcDbEntity
  8
Layer 01
100
AcDbVertex
100
AcDb2dVertex
 10
22574.73529600109
 20
12326.41939257065
 30
0.0
  0
VERTEX
  5
30E
330
30B
100
AcDbEntity
  8
Layer 01
100
AcDbVertex
100
AcDb2dVertex
 10
22576.687009471
 20
11860.28571105226
 30
0.0
  0
VERTEX
  5
30F
330
30B
100
AcDbEntity
  8
Layer 01
100
AcDbVertex
100
AcDb2dVertex
 10
22129.80978938106
 20
11543.34747901026
 30
0.0
  0
SEQEND
  5
310
330
30B
100
AcDbEntity
  8
Layer 01
  0
POLYLINE
  5
311
330
1F
100
AcDbEntity
  8
Layer 01
100
AcDb2dPolyline
 66
     1
 10
0.0
 20
0.0
 30
0.0
 70
     1
  0
VERTEX
  5
312
330
311
100
AcDbEntity
  8
Layer 01
100
AcDbVertex
100
AcDb2dVertex
 10
22577.27195661833
 20
11720.58099953318
 30
0.0
  0
VERTEX
  5
313
330
311
100
AcDbEntity
  8
Layer 01
100
AcDbVertex
100
AcDb2dVertex
 10
22146.26760207886
 20
11414.90026220973
 30
0.0
  0
VERTEX
  5
314
330
311
100
AcDbEntity
  8
Layer 01
100
AcDbVertex
100
AcDb2dVertex
 10
22176.9209157176
 20
11175.66234554919
 30
0.0
  0
VERTEX
  5
315
330
311
100
AcDbEntity
  8
Layer 01
100
AcDbVertex
100
AcDb2dVertex
 10
22579.55354475313
 20
11175.66234554919
 30
0.0
  0
SEQEND
  5
316
330
311
100
AcDbEntity
  8
Layer 01
  0
POLYLINE
  5
317
330
1F
100
AcDbEntity
  8
Layer 01
100
AcDb2dPolyline
 66
     1
 10
0.0
 20
0.0
 30
0.0
 70
     1
  0
VERTEX
  5
318
330
317
100
AcDbEntity
  8
Layer 01
100
AcDbVertex
100
AcDb2dVertex
 10
22051.38617202515
 20
11347.60761147048
 30
0.0
  0
VERTEX
  5
319
330
317
100
AcDbEntity
  8
Layer 01
100
AcDbVertex
100
AcDb2dVertex
 10
21885.4990005607
 20
11229.95563800042
 30
0.0
  0
VERTEX
  5
31A
330
317
100
AcDbEntity
  8
Layer 01
100
AcDbVertex
100
AcDb2dVertex
 10
21913.21794935429
 20
11175.66234554919
 30
0.0
  0
VERTEX
  5
31B
330
317
100
AcDbEntity
  8
Layer 01
100
AcDbVertex
100
AcDb2dVertex
 10
22073.41734600691
 20
11175.66234554919
 30
0.0
  0
SEQEND
  5
31C
330
317
100
AcDbEntity
  8
Layer 01
  0
POLYLINE
  5
31D
330
1F
100
AcDbEntity
  8
Layer 01
100
AcDb2dPolyline
 66
     1
 10
0.0
 20
0.0
 30
0.0
 70
     1
  0
VERTEX
  5
31E
330
31D
100
AcDbEntity
  8
Layer 01
100
AcDbVertex
100
AcDb2dVertex
 10
21630.68600945049
 20
11486.15305560987
 30
0.0
  0
VERTEX
  5
31F
330
31D
100
AcDbEntity
  8
Layer 01
100
AcDbVertex
100
AcDb2dVertex
 10
21741.93253759166
 20
11268.25372863581
 30
0.0
  0
VERTEX
  5
320
330
31D
100
AcDbEntity
  8
Layer 01
100
AcDbVertex
100
AcDb2dVertex
 10
21687.29667461388
 20
11229.5043965155
 30
0.0
  0
VERTEX
  5
321
330
31D
100
AcDbEntity
  8
Layer 01
100
AcDbVertex
100
AcDb2dVertex
 10
21542.0853963906
 20
11407.29264689082
 30
0.0
  0
SEQEND
  5
322
330
31D
100
AcDbEntity
  8
Layer 01
  0
POLYLINE
  5
323
330
1F
100
AcDbEntity
  8
Layer 01
100
AcDb2dPolyline
 66
     1
 10
0.0
 20
0.0
 30
0.0
 70
     1
  0
VERTEX
  5
324
330
323
100
AcDbEntity
  8
Layer 01
100
AcDbVertex
100
AcDb2dVertex
 10
21281.84598049779
 20
11175.66234554919
 30
0.0
  0
VERTEX
  5
325
330
323
100
AcDbEntity
  8
Layer 01
100
AcDbVertex
100
AcDb2dVertex
 10
21614.26483403447
 20
11175.66234554919
 30
0.0
  0
VERTEX
  5
326
330
323
100
AcDbEntity
  8
Layer 01
100
AcDbVertex
100
AcDb2dVertex
 10
21474.3321584587
 20
11346.98778159901
 30
0.0
  0
SEQEND
  5
327
330
323
100
AcDbEntity
  8
Layer 01
  0
POLYLINE
  5
328
330
1F
100
AcDbEntity
  8
Layer 01
100
AcDb2dPolyline
 66
     1
 10
0.0
 20
0.0
 30
0.0
 70
     1
  0
VERTEX
  5
329
330
328
100
AcDbEntity
  8
Layer 01
100
AcDbVertex
100
AcDb2dVertex
 10
21562.68573606246
 20
11619.34565094643
 30
0.0
  0
VERTEX
  5
32A
330
328
100
AcDbEntity
  8
Layer 01
100
AcDbVertex
100
AcDb2dVertex
 10
21450.46763249902
 20
11519.46411280506
 30
0.0
  0
VERTEX
  5
32B
330
328
100
AcDbEntity
  8
Layer 01
100
AcDbVertex
100
AcDb2dVertex
 10
21278.11996095462
 20
11730.47658618214
 30
0.0
  0
VERTEX
  5
32C
330
328
100
AcDbEntity
  8
Layer 01
100
AcDbVertex
100
AcDb2dVertex
 10
21419.61383955953
 20
11899.58154214953
 30
0.0
  0
SEQEND
  5
32D
330
328
100
AcDbEntity
  8
Layer 01
  0
POLYLINE
  5
32E
330
1F
100
AcDbEntity
  8
Layer 01
100
AcDb2dPolyline
 66
     1
 10
0.0
 20
0.0
 30
0.0
 70
     1
  0
VERTEX
  5
32F
330
32E
100
AcDbEntity
  8
Layer 01
100
AcDbVertex
100
AcDb2dVertex
 10
21691.88729531466
 20
14153.36503527187
 30
0.0
  0
VERTEX
  5
330
330
32E
100
AcDbEntity
  8
Layer 01
100
AcDbVertex
100
AcDb2dVertex
 10
21294.84708216355
 20
14693.46816114748
 30
0.0
  0
VERTEX
  5
331
330
32E
100
AcDbEntity
  8
Layer 01
100
AcDbVertex
100
AcDb2dVertex
 10
21573.37252791701
 20
15078.32950664577
 30
0.0
  0
SEQEND
  5
332
330
32E
100
AcDbEntity
  8
Layer 01
  0
POLYLINE
  5
333
330
1F
100
AcDbEntity
  8
Layer 01
100
AcDb2dPolyline
 66
     1
 10
0.0
 20
0.0
 30
0.0
 70
     1
  0
VERTEX
  5
334
330
333
100
AcDbEntity
  8
Layer 01
100
AcDbVertex
100
AcDb2dVertex
 10
22556.56223080347
 20
16666.74798879122
 30
0.0
  0
VERTEX
  5
335
330
333
100
AcDbEntity
  8
Layer 01
100
AcDbVertex
100
AcDb2dVertex
 10
22550.7804995863
 20
18047.61649196746
 30
0.0
  0
VERTEX
  5
336
330
333
100
AcDbEntity
  8
Layer 01
100
AcDbVertex
100
AcDb2dVertex
 10
22161.42760668777
 20
18047.61649196746
 30
0.0
  0
VERTEX
  5
337
330
333
100
AcDbEntity
  8
Layer 01
100
AcDbVertex
100
AcDb2dVertex
 10
21557.81257740344
 20
15964.30271239404
 30
0.0
  0
VERTEX
  5
338
330
333
100
AcDbEntity
  8
Layer 01
100
AcDbVertex
100
AcDb2dVertex
 10
21879.7966322752
 20
15731.60571433243
 30
0.0
  0
SEQEND
  5
339
330
333
100
AcDbEntity
  8
Layer 01
  0
POLYLINE
  5
33A
330
1F
100
AcDbEntity
  8
Layer 01
100
AcDb2dPolyline
 66
     1
 10
0.0
 20
0.0
 30
0.0
 70
     1
  0
VERTEX
  5
33B
330
33A
100
AcDbEntity
  8
Layer 01
100
AcDbVertex
100
AcDb2dVertex
 10
21704.22732531566
 20
16817.81499615287
 30
0.0
  0
VERTEX
  5
33C
330
33A
100
AcDbEntity
  8
Layer 01
100
AcDbVertex
100
AcDb2dVertex
 10
21297.56458201324
 20
17372.45742188064
 30
0.0
  0
VERTEX
  5
33D
330
33A
100
AcDbEntity
  8
Layer 01
100
AcDbVertex
100
AcDb2dVertex
 10
21750.96246385746
 20
18047.61649196746
 30
0.0
  0
VERTEX
  5
33E
330
33A
100
AcDbEntity
  8
Layer 01
100
AcDbVertex
100
AcDb2dVertex
 10
22060.54746930378
 20
18047.61649196746
 30
0.0
  0
SEQEND
  5
33F
330
33A
100
AcDbEntity
  8
Layer 01
  0
POLYLINE
  5
340
330
1F
100
AcDbEntity
  8
Layer 01
100
AcDb2dPolyline
 66
     1
 10
0.0
 20
0.0
 30
0.0
 70
     1
  0
VERTEX
  5
341
330
340
100
AcDbEntity
  8
Layer 01
100
AcDbVertex
100
AcDb2dVertex
 10
24018.56071690494
 20
17964.20057170407
 30
0.0
  0
VERTEX
  5
342
330
340
100
AcDbEntity
  8
Layer 01
100
AcDbVertex
100
AcDb2dVertex
 10
24061.31046289234
 20
18047.61649196746
 30
0.0
  0
VERTEX
  5
343
330
340
100
AcDbEntity
  8
Layer 01
100
AcDbVertex
100
AcDb2dVertex
 10
23896.81915178055
 20
18047.61649196746
 30
0.0
  0
SEQEND
  5
344
330
340
100
AcDbEntity
  8
Layer 01
  0
POLYLINE
  5
345
330
1F
100
AcDbEntity
  8
Layer 01
100
AcDb2dPolyline
 66
     1
 10
0.0
 20
0.0
 30
0.0
 70
     1
  0
VERTEX
  5
346
330
345
100
AcDbEntity
  8
Layer 01
100
AcDbVertex
100
AcDb2dVertex
 10
29250.84418767237
 20
16490.57304829554
 30
0.0
  0
VERTEX
  5
347
330
345
100
AcDbEntity
  8
Layer 01
100
AcDbVertex
100
AcDb2dVertex
 10
28906.29015227893
 20
16254.48858598852
 30
0.0
  0
VERTEX
  5
348
330
345
100
AcDbEntity
  8
Layer 01
100
AcDbVertex
100
AcDb2dVertex
 10
29109.84958657833
 20
16741.60622209181
 30
0.0
  0
SEQEND
  5
349
330
345
100
AcDbEntity
  8
Layer 01
  0
POLYLINE
  5
34A
330
1F
100
AcDbEntity
  8
Layer 01
100
AcDb2dPolyline
 66
     1
 10
0.0
 20
0.0
 30
0.0
 70
     1
  0
VERTEX
  5
34B
330
34A
100
AcDbEntity
  8
Layer 01
100
AcDbVertex
100
AcDb2dVertex
 10
30748.94738865372
 20
16624.83338902015
 30
0.0
  0
VERTEX
  5
34C
330
34A
100
AcDbEntity
  8
Layer 01
100
AcDbVertex
100
AcDb2dVertex
 10
30859.23251767287
 20
16505.19206164037
 30
0.0
  0
VERTEX
  5
34D
330
34A
100
AcDbEntity
  8
Layer 01
100
AcDbVertex
100
AcDb2dVertex
 10
30790.79119517198
 20
16375.62854670825
 30
0.0
  0
SEQEND
  5
34E
330
34A
100
AcDbEntity
  8
Layer 01
  0
POLYLINE
  5
34F
330
1F
100
AcDbEntity
  8
Layer 01
100
AcDb2dPolyline
 66
     1
 10
0.0
 20
0.0
 30
0.0
 70
     1
  0
VERTEX
  5
350
330
34F
100
AcDbEntity
  8
Layer 01
100
AcDbVertex
100
AcDb2dVertex
 10
31602.70902616098
 20
15853.2641572694
 30
0.0
  0
VERTEX
  5
351
330
34F
100
AcDbEntity
  8
Layer 01
100
AcDbVertex
100
AcDb2dVertex
 10
31014.04216154157
 20
16491.87142639024
 30
0.0
  0
VERTEX
  5
352
330
34F
100
AcDbEntity
  8
Layer 01
100
AcDbVertex
100
AcDb2dVertex
 10
31524.76905223714
 20
17458.70796184739
 30
0.0
  0
VERTEX
  5
353
330
34F
100
AcDbEntity
  8
Layer 01
100
AcDbVertex
100
AcDb2dVertex
 10
31893.43866138782
 20
16739.3372612704
 30
0.0
  0
SEQEND
  5
354
330
34F
100
AcDbEntity
  8
Layer 01
  0
POLYLINE
  5
355
330
1F
100
AcDbEntity
  8
Layer 01
100
AcDb2dPolyline
 66
     1
 10
0.0
 20
0.0
 30
0.0
 70
     1
  0
VERTEX
  5
356
330
355
100
AcDbEntity
  8
Layer 01
100
AcDbVertex
100
AcDb2dVertex
 10
28909.30112416666
 20
14352.70425808075
 30
0.0
  0
VERTEX
  5
357
330
355
100
AcDbEntity
  8
Layer 01
100
AcDbVertex
100
AcDb2dVertex
 10
29147.65208118474
 20
13265.06797669805
 30
0.0
  0
VERTEX
  5
358
330
355
100
AcDbEntity
  8
Layer 01
100
AcDbVertex
100
AcDb2dVertex
 10
28542.37852405422
 20
12119.24894965816
 30
0.0
  0
VERTEX
  5
359
330
355
100
AcDbEntity
  8
Layer 01
100
AcDbVertex
100
AcDb2dVertex
 10
28116.63562767939
 20
12645.70988625738
 30
0.0
  0
VERTEX
  5
35A
330
355
100
AcDbEntity
  8
Layer 01
100
AcDbVertex
100
AcDb2dVertex
 10
27897.31841292658
 20
13166.8896352967
 30
0.0
  0
VERTEX
  5
35B
330
355
100
AcDbEntity
  8
Layer 01
100
AcDbVertex
100
AcDb2dVertex
 10
28888.46228523598
 20
14386.38201805938
 30
0.0
  0
SEQEND
  5
35C
330
355
100
AcDbEntity
  8
Layer 01
  0
POLYLINE
  5
35D
330
1F
100
AcDbEntity
  8
Layer 01
100
AcDb2dPolyline
 66
     1
 10
0.0
 20
0.0
 30
0.0
 70
     1
  0
VERTEX
  5
35E
330
35D
100
AcDbEntity
  8
Layer 01
100
AcDbVertex
100
AcDb2dVertex
 10
30792.48372327816
 20
13745.76819428002
 30
0.0
  0
VERTEX
  5
35F
330
35D
100
AcDbEntity
  8
Layer 01
100
AcDbVertex
100
AcDb2dVertex
 10
30491.55453916017
 20
13528.28749387305
 30
0.0
  0
VERTEX
  5
360
330
35D
100
AcDbEntity
  8
Layer 01
100
AcDbVertex
100
AcDb2dVertex
 10
29732.80565163618
 20
14066.41412052746
 30
0.0
  0
VERTEX
  5
361
330
35D
100
AcDbEntity
  8
Layer 01
100
AcDbVertex
100
AcDb2dVertex
 10
30159.11591309353
 20
14873.44493039125
 30
0.0
  0
SEQEND
  5
362
330
35D
100
AcDbEntity
  8
Layer 01
  0
POLYLINE
  5
363
330
1F
100
AcDbEntity
  8
Layer 01
100
AcDb2dPolyline
 66
     1
 10
0.0
 20
0.0
 30
0.0
 70
     1
  0
VERTEX
  5
364
330
363
100
AcDbEntity
  8
Layer 01
100
AcDbVertex
100
AcDb2dVertex
 10
28689.34720067122
 20
15735.34419889522
 30
0.0
  0
VERTEX
  5
365
330
363
100
AcDbEntity
  8
Layer 01
100
AcDbVertex
100
AcDb2dVertex
 10
28915.81327150211
 20
14701.94069081043
 30
0.0
  0
VERTEX
  5
366
330
363
100
AcDbEntity
  8
Layer 01
100
AcDbVertex
100
AcDb2dVertex
 10
29707.99791246547
 20
15676.63585100493
 30
0.0
  0
VERTEX
  5
367
330
363
100
AcDbEntity
  8
Layer 01
100
AcDbVertex
100
AcDb2dVertex
 10
29303.14477970544
 20
16397.45470541144
 30
0.0
  0
VERTEX
  5
368
330
363
100
AcDbEntity
  8
Layer 01
100
AcDbVertex
100
AcDb2dVertex
 10
28830.78173674272
 20
16073.79698105996
 30
0.0
  0
SEQEND
  5
369
330
363
100
AcDbEntity
  8
Layer 01
  0
POLYLINE
  5
36A
330
1F
100
AcDbEntity
  8
Layer 01
100
AcDb2dPolyline
 66
     1
 10
0.0
 20
0.0
 30
0.0
 70
     1
  0
VERTEX
  5
36B
330
36A
100
AcDbEntity
  8
Layer 01
100
AcDbVertex
100
AcDb2dVertex
 10
30866.01917687567
 20
13608.01296045575
 30
0.0
  0
VERTEX
  5
36C
330
36A
100
AcDbEntity
  8
Layer 01
100
AcDbVertex
100
AcDb2dVertex
 10
30624.87084513918
 20
13433.7357189787
 30
0.0
  0
VERTEX
  5
36D
330
36A
100
AcDbEntity
  8
Layer 01
100
AcDbVertex
100
AcDb2dVertex
 10
30774.10862138419
 20
13327.89197749763
 30
0.0
  0
SEQEND
  5
36E
330
36A
100
AcDbEntity
  8
Layer 01
  0
POLYLINE
  5
36F
330
1F
100
AcDbEntity
  8
Layer 01
100
AcDb2dPolyline
 66
     1
 10
0.0
 20
0.0
 30
0.0
 70
     1
  0
VERTEX
  5
370
330
36F
100
AcDbEntity
  8
Layer 01
100
AcDbVertex
100
AcDb2dVertex
 10
31547.13633182327
 20
12639.51882427232
 30
0.0
  0
VERTEX
  5
371
330
36F
100
AcDbEntity
  8
Layer 01
100
AcDbVertex
100
AcDb2dVertex
 10
32726.46924659326
 20
11803.10185739063
 30
0.0
  0
VERTEX
  5
372
330
36F
100
AcDbEntity
  8
Layer 01
100
AcDbVertex
100
AcDb2dVertex
 10
32723.84214154731
 20
11175.66234554919
 30
0.0
  0
VERTEX
  5
373
330
36F
100
AcDbEntity
  8
Layer 01
100
AcDbVertex
100
AcDb2dVertex
 10
32369.32193046455
 20
11175.66234554919
 30
0.0
  0
SEQEND
  5
374
330
36F
100
AcDbEntity
  8
Layer 01
  0
POLYLINE
  5
375
330
1F
100
AcDbEntity
  8
Layer 01
100
AcDb2dPolyline
 66
     1
 10
0.0
 20
0.0
 30
0.0
 70
     1
  0
VERTEX
  5
376
330
375
100
AcDbEntity
  8
Layer 01
100
AcDbVertex
100
AcDb2dVertex
 10
32550.3247944073
 20
14825.25603534654
 30
0.0
  0
VERTEX
  5
377
330
375
100
AcDbEntity
  8
Layer 01
100
AcDbVertex
100
AcDb2dVertex
 10
32738.2693932758
 20
14621.36688471968
 30
0.0
  0
VERTEX
  5
378
330
375
100
AcDbEntity
  8
Layer 01
100
AcDbVertex
100
AcDb2dVertex
 10
32739.69611074123
 20
14962.11416904335
 30
0.0
  0
SEQEND
  5
379
330
375
100
AcDbEntity
  8
Layer 01
  0
POLYLINE
  5
37A
330
1F
100
AcDbEntity
  8
Layer 01
100
AcDb2dPolyline
 66
     1
 10
0.0
 20
0.0
 30
0.0
 70
     1
  0
VERTEX
  5
37B
330
37A
100
AcDbEntity
  8
Layer 01
100
AcDbVertex
100
AcDb2dVertex
 10
31565.29365168503
 20
15739.23121056482
 30
0.0
  0
VERTEX
  5
37C
330
37A
100
AcDbEntity
  8
Layer 01
100
AcDbVertex
100
AcDb2dVertex
 10
31380.24941001515
 20
15175.26144027975
 30
0.0
  0
VERTEX
  5
37D
330
37A
100
AcDbEntity
  8
Layer 01
100
AcDbVertex
100
AcDb2dVertex
 10
30894.95811902403
 20
15755.25234309162
 30
0.0
  0
VERTEX
  5
37E
330
37A
100
AcDbEntity
  8
Layer 01
100
AcDbVertex
100
AcDb2dVertex
 10
30829.82775391899
 20
16143.14254038124
 30
0.0
  0
VERTEX
  5
37F
330
37A
100
AcDbEntity
  8
Layer 01
100
AcDbVertex
100
AcDb2dVertex
 10
30962.11875762335
 20
16393.57731878006
 30
0.0
  0
SEQEND
  5
380
330
37A
100
AcDbEntity
  8
Layer 01
  0
POLYLINE
  5
381
330
1F
100
AcDbEntity
  8
Layer 01
100
AcDb2dPolyline
 66
     1
 10
0.0
 20
0.0
 30
0.0
 70
     1
  0
VERTEX
  5
382
330
381
100
AcDbEntity
  8
Layer 01
100
AcDbVertex
100
AcDb2dVertex
 10
30925.23627579079
 20
15574.92784801337
 30
0.0
  0
VERTEX
  5
383
330
381
100
AcDbEntity
  8
Layer 01
100
AcDbVertex
100
AcDb2dVertex
 10
31123.65519236618
 20
14393.22477338292
 30
0.0
  0
VERTEX
  5
384
330
381
100
AcDbEntity
  8
Layer 01
100
AcDbVertex
100
AcDb2dVertex
 10
31346.27783428012
 20
15071.72435319934
 30
0.0
  0
SEQEND
  5
385
330
381
100
AcDbEntity
  8
Layer 01
  0
POLYLINE
  5
386
330
1F
100
AcDbEntity
  8
Layer 01
100
AcDb2dPolyline
 66
     1
 10
0.0
 20
0.0
 30
0.0
 70
     1
  0
VERTEX
  5
387
330
386
100
AcDbEntity
  8
Layer 01
100
AcDbVertex
100
AcDb2dVertex
 10
30725.02039502593
 20
15944.73594458876
 30
0.0
  0
VERTEX
  5
388
330
386
100
AcDbEntity
  8
Layer 01
100
AcDbVertex
100
AcDb2dVertex
 10
30223.73221542631
 20
14995.76745348455
 30
0.0
  0
VERTEX
  5
389
330
386
100
AcDbEntity
  8
Layer 01
100
AcDbVertex
100
AcDb2dVertex
 10
30916.59653714483
 20
13762.16043348822
 30
0.0
  0
VERTEX
  5
38A
330
386
100
AcDbEntity
  8
Layer 01
100
AcDbVertex
100
AcDb2dVertex
 10
31032.28957000284
 20
14114.76461384912
 30
0.0
  0
SEQEND
  5
38B
330
386
100
AcDbEntity
  8
Layer 01
  0
POLYLINE
  5
38C
330
1F
100
AcDbEntity
  8
Layer 01
100
AcDb2dPolyline
 66
     1
 10
0.0
 20
0.0
 30
0.0
 70
     1
  0
VERTEX
  5
38D
330
38C
100
AcDbEntity
  8
Layer 01
100
AcDbVertex
100
AcDb2dVertex
 10
31184.76658613991
 20
14029.2699490961
 30
0.0
  0
VERTEX
  5
38E
330
38C
100
AcDbEntity
  8
Layer 01
100
AcDbVertex
100
AcDb2dVertex
 10
31828.97300828574
 20
14494.83617294232
 30
0.0
  0
VERTEX
  5
38F
330
38C
100
AcDbEntity
  8
Layer 01
100
AcDbVertex
100
AcDb2dVertex
 10
31436.3529324708
 20
14964.07202460762
 30
0.0
  0
VERTEX
  5
390
330
38C
100
AcDbEntity
  8
Layer 01
100
AcDbVertex
100
AcDb2dVertex
 10
31166.10374176244
 20
14140.41832629142
 30
0.0
  0
SEQEND
  5
391
330
38C
100
AcDbEntity
  8
Layer 01
  0
POLYLINE
  5
392
330
1F
100
AcDbEntity
  8
Layer 01
100
AcDb2dPolyline
 66
     1
 10
0.0
 20
0.0
 30
0.0
 70
     1
  0
VERTEX
  5
393
330
392
100
AcDbEntity
  8
Layer 01
100
AcDbVertex
100
AcDb2dVertex
 10
31470.32450820582
 20
15067.60911168803
 30
0.0
  0
VERTEX
  5
394
330
392
100
AcDbEntity
  8
Layer 01
100
AcDbVertex
100
AcDb2dVertex
 10
31657.77294976053
 20
15638.90629753886
 30
0.0
  0
VERTEX
  5
395
330
392
100
AcDbEntity
  8
Layer 01
100
AcDbVertex
100
AcDb2dVertex
 10
32359.16840782206
 20
14878.00694177841
 30
0.0
  0
VERTEX
  5
396
330
392
100
AcDbEntity
  8
Layer 01
100
AcDbVertex
100
AcDb2dVertex
 10
31904.1294823548
 20
14549.1515517201
 30
0.0
  0
SEQEND
  5
397
330
392
100
AcDbEntity
  8
Layer 01
  0
POLYLINE
  5
398
330
1F
100
AcDbEntity
  8
Layer 01
100
AcDb2dPolyline
 66
     1
 10
0.0
 20
0.0
 30
0.0
 70
     1
  0
VERTEX
  5
399
330
398
100
AcDbEntity
  8
Layer 01
100
AcDbVertex
100
AcDb2dVertex
 10
31695.18832423648
 20
15752.93924424345
 30
0.0
  0
VERTEX
  5
39A
330
398
100
AcDbEntity
  8
Layer 01
100
AcDbVertex
100
AcDb2dVertex
 10
31969.88953969029
 20
16590.16162943335
 30
0.0
  0
VERTEX
  5
39B
330
398
100
AcDbEntity
  8
Layer 01
100
AcDbVertex
100
AcDb2dVertex
 10
32715.40802527274
 20
15135.46034146432
 30
0.0
  0
VERTEX
  5
39C
330
398
100
AcDbEntity
  8
Layer 01
100
AcDbVertex
100
AcDb2dVertex
 10
32444.71176840051
 20
14939.8288951004
 30
0.0
  0
SEQEND
  5
39D
330
398
100
AcDbEntity
  8
Layer 01
  0
POLYLINE
  5
39E
330
1F
100
AcDbEntity
  8
Layer 01
100
AcDb2dPolyline
 66
     1
 10
0.0
 20
0.0
 30
0.0
 70
     1
  0
VERTEX
  5
39F
330
39E
100
AcDbEntity
  8
Layer 01
100
AcDbVertex
100
AcDb2dVertex
 10
31321.00576825969
 20
17379.35642991184
 30
0.0
  0
VERTEX
  5
3A0
330
39E
100
AcDbEntity
  8
Layer 01
100
AcDbVertex
100
AcDb2dVertex
 10
30793.84743655746
 20
16730.74668920604
 30
0.0
  0
VERTEX
  5
3A1
330
39E
100
AcDbEntity
  8
Layer 01
100
AcDbVertex
100
AcDb2dVertex
 10
30911.1559215911
 20
16603.48616925055
 30
0.0
  0
SEQEND
  5
3A2
330
39E
100
AcDbEntity
  8
Layer 01
  0
POLYLINE
  5
3A3
330
1F
100
AcDbEntity
  8
Layer 01
100
AcDb2dPolyline
 66
     1
 10
0.0
 20
0.0
 30
0.0
 70
     1
  0
VERTEX
  5
3A4
330
3A3
100
AcDbEntity
  8
Layer 01
100
AcDbVertex
100
AcDb2dVertex
 10
30548.31763073485
 20
16997.10637107045
 30
0.0
  0
VERTEX
  5
3A5
330
3A3
100
AcDbEntity
  8
Layer 01
100
AcDbVertex
100
AcDb2dVertex
 10
30510.14045172795
 20
17224.47425812385
 30
0.0
  0
VERTEX
  5
3A6
330
3A3
100
AcDbEntity
  8
Layer 01
100
AcDbVertex
100
AcDb2dVertex
 10
30405.08436625479
 20
17152.4910366164
 30
0.0
  0
SEQEND
  5
3A7
330
3A3
100
AcDbEntity
  8
Layer 01
  0
POLYLINE
  5
3A8
330
1F
100
AcDbEntity
  8
Layer 01
100
AcDb2dPolyline
 66
     1
 10
0.0
 20
0.0
 30
0.0
 70
     1
  0
VERTEX
  5
3A9
330
3A8
100
AcDbEntity
  8
Layer 01
100
AcDbVertex
100
AcDb2dVertex
 10
29166.72545842051
 20
16877.7101582146
 30
0.0
  0
VERTEX
  5
3AA
330
3A8
100
AcDbEntity
  8
Layer 01
100
AcDbVertex
100
AcDb2dVertex
 10
29347.11489714449
 20
16556.53663120841
 30
0.0
  0
VERTEX
  5
3AB
330
3A8
100
AcDbEntity
  8
Layer 01
100
AcDbVertex
100
AcDb2dVertex
 10
29828.13026563901
 20
16886.12282950317
 30
0.0
  0
VERTEX
  5
3AC
330
3A8
100
AcDbEntity
  8
Layer 01
100
AcDbVertex
100
AcDb2dVertex
 10
29389.37117264769
 20
17410.50125373004
 30
0.0
  0
SEQEND
  5
3AD
330
3A8
100
AcDbEntity
  8
Layer 01
  0
POLYLINE
  5
3AE
330
1F
100
AcDbEntity
  8
Layer 01
100
AcDb2dPolyline
 66
     1
 10
0.0
 20
0.0
 30
0.0
 70
     1
  0
VERTEX
  5
3AF
330
3AE
100
AcDbEntity
  8
Layer 01
100
AcDbVertex
100
AcDb2dVertex
 10
30075.71204142941
 20
15021.94096107808
 30
0.0
  0
VERTEX
  5
3B0
330
3AE
100
AcDbEntity
  8
Layer 01
100
AcDbVertex
100
AcDb2dVertex
 10
29615.06908002765
 20
14149.91629780287
 30
0.0
  0
VERTEX
  5
3B1
330
3AE
100
AcDbEntity
  8
Layer 01
100
AcDbVertex
100
AcDb2dVertex
 10
29032.23535918145
 20
14563.27880713436
 30
0.0
  0
VERTEX
  5
3B2
330
3AE
100
AcDbEntity
  8
Layer 01
100
AcDbVertex
100
AcDb2dVertex
 10
29801.62855075779
 20
15509.93162181666
 30
0.0
  0
SEQEND
  5
3B3
330
3AE
100
AcDbEntity
  8
Layer 01
  0
POLYLINE
  5
3B4
330
1F
100
AcDbEntity
  8
Layer 01
100
AcDb2dPolyline
 66
     1
 10
0.0
 20
0.0
 30
0.0
 70
     1
  0
VERTEX
  5
3B5
330
3B4
100
AcDbEntity
  8
Layer 01
100
AcDbVertex
100
AcDb2dVertex
 10
28777.92345389006
 20
14743.64415588511
 30
0.0
  0
VERTEX
  5
3B6
330
3B4
100
AcDbEntity
  8
Layer 01
100
AcDbVertex
100
AcDb2dVertex
 10
28832.03918928176
 20
14705.26371327216
 30
0.0
  0
VERTEX
  5
3B7
330
3B4
100
AcDbEntity
  8
Layer 01
100
AcDbVertex
100
AcDb2dVertex
 10
28634.87003538868
 20
15604.98036650705
 30
0.0
  0
VERTEX
  5
3B8
330
3B4
100
AcDbEntity
  8
Layer 01
100
AcDbVertex
100
AcDb2dVertex
 10
28477.69110957648
 20
15228.85126666742
 30
0.0
  0
SEQEND
  5
3B9
330
3B4
100
AcDbEntity
  8
Layer 01
  0
POLYLINE
  5
3BA
330
1F
100
AcDbEntity
  8
Layer 01
100
AcDb2dPolyline
 66
     1
 10
0.0
 20
0.0
 30
0.0
 70
     1
  0
VERTEX
  5
3BB
330
3BA
100
AcDbEntity
  8
Layer 01
100
AcDbVertex
100
AcDb2dVertex
 10
28393.04215578484
 20
15365.65289739742
 30
0.0
  0
VERTEX
  5
3BC
330
3BA
100
AcDbEntity
  8
Layer 01
100
AcDbVertex
100
AcDb2dVertex
 10
28586.08363559076
 20
15827.60107305719
 30
0.0
  0
VERTEX
  5
3BD
330
3BA
100
AcDbEntity
  8
Layer 01
100
AcDbVertex
100
AcDb2dVertex
 10
28571.12056442208
 20
15895.88013217056
 30
0.0
  0
VERTEX
  5
3BE
330
3BA
100
AcDbEntity
  8
Layer 01
100
AcDbVertex
100
AcDb2dVertex
 10
28215.65935443441
 20
15652.3221992759
 30
0.0
  0
SEQEND
  5
3BF
330
3BA
100
AcDbEntity
  8
Layer 01
  0
POLYLINE
  5
3C0
330
1F
100
AcDbEntity
  8
Layer 01
100
AcDb2dPolyline
 66
     1
 10
0.0
 20
0.0
 30
0.0
 70
     1
  0
VERTEX
  5
3C1
330
3C0
100
AcDbEntity
  8
Layer 01
100
AcDbVertex
100
AcDb2dVertex
 10
28341.51551044919
 20
16943.60735850092
 30
0.0
  0
VERTEX
  5
3C2
330
3C0
100
AcDbEntity
  8
Layer 01
100
AcDbVertex
100
AcDb2dVertex
 10
28546.5502018011
 20
16007.99890932015
 30
0.0
  0
VERTEX
  5
3C3
330
3C0
100
AcDbEntity
  8
Layer 01
100
AcDbVertex
100
AcDb2dVertex
 10
28159.62387479072
 20
15742.88144012445
 30
0.0
  0
VERTEX
  5
3C4
330
3C0
100
AcDbEntity
  8
Layer 01
100
AcDbVertex
100
AcDb2dVertex
 10
27797.26652175339
 20
16328.48911254208
 30
0.0
  0
SEQEND
  5
3C5
330
3C0
100
AcDbEntity
  8
Layer 01
  0
POLYLINE
  5
3C6
330
1F
100
AcDbEntity
  8
Layer 01
100
AcDb2dPolyline
 66
     1
 10
0.0
 20
0.0
 30
0.0
 70
     1
  0
VERTEX
  5
3C7
330
3C6
100
AcDbEntity
  8
Layer 01
100
AcDbVertex
100
AcDb2dVertex
 10
28348.48863608725
 20
15259.03634449793
 30
0.0
  0
VERTEX
  5
3C8
330
3C6
100
AcDbEntity
  8
Layer 01
100
AcDbVertex
100
AcDb2dVertex
 10
28138.0422638972
 20
15599.13986152041
 30
0.0
  0
VERTEX
  5
3C9
330
3C6
100
AcDbEntity
  8
Layer 01
100
AcDbVertex
100
AcDb2dVertex
 10
27849.98397634041
 20
15401.76563586877
 30
0.0
  0
VERTEX
  5
3CA
330
3C6
100
AcDbEntity
  8
Layer 01
100
AcDbVertex
100
AcDb2dVertex
 10
28280.52954922644
 20
15096.41027974534
 30
0.0
  0
SEQEND
  5
3CB
330
3C6
100
AcDbEntity
  8
Layer 01
  0
POLYLINE
  5
3CC
330
1F
100
AcDbEntity
  8
Layer 01
100
AcDb2dPolyline
 66
     1
 10
0.0
 20
0.0
 30
0.0
 70
     1
  0
VERTEX
  5
3CD
330
3CC
100
AcDbEntity
  8
Layer 01
100
AcDbVertex
100
AcDb2dVertex
 10
28951.21306575966
 20
14463.58987960096
 30
0.0
  0
VERTEX
  5
3CE
330
3CC
100
AcDbEntity
  8
Layer 01
100
AcDbVertex
100
AcDb2dVertex
 10
29398.72483131461
 20
13740.36370188036
 30
0.0
  0
VERTEX
  5
3CF
330
3CC
100
AcDbEntity
  8
Layer 01
100
AcDbVertex
100
AcDb2dVertex
 10
29561.22433372286
 20
14047.98497419664
 30
0.0
  0
VERTEX
  5
3D0
330
3CC
100
AcDbEntity
  8
Layer 01
100
AcDbVertex
100
AcDb2dVertex
 10
28959.99454105681
 20
14474.39450901296
 30
0.0
  0
SEQEND
  5
3D1
330
3CC
100
AcDbEntity
  8
Layer 01
  0
POLYLINE
  5
3D2
330
1F
100
AcDbEntity
  8
Layer 01
100
AcDb2dPolyline
 66
     1
 10
0.0
 20
0.0
 30
0.0
 70
     1
  0
VERTEX
  5
3D3
330
3D2
100
AcDbEntity
  8
Layer 01
100
AcDbVertex
100
AcDb2dVertex
 10
29435.13372145995
 20
13502.90336180772
 30
0.0
  0
VERTEX
  5
3D4
330
3D2
100
AcDbEntity
  8
Layer 01
100
AcDbVertex
100
AcDb2dVertex
 10
29253.80333244234
 20
13159.63409542524
 30
0.0
  0
VERTEX
  5
3D5
330
3D2
100
AcDbEntity
  8
Layer 01
100
AcDbVertex
100
AcDb2dVertex
 10
29353.28859209601
 20
12705.66579919604
 30
0.0
  0
VERTEX
  5
3D6
330
3D2
100
AcDbEntity
  8
Layer 01
100
AcDbVertex
100
AcDb2dVertex
 10
29750.71755500984
 20
12992.88662648085
 30
0.0
  0
SEQEND
  5
3D7
330
3D2
100
AcDbEntity
  8
Layer 01
  0
POLYLINE
  5
3D8
330
1F
100
AcDbEntity
  8
Layer 01
100
AcDb2dPolyline
 66
     1
 10
0.0
 20
0.0
 30
0.0
 70
     1
  0
VERTEX
  5
3D9
330
3D8
100
AcDbEntity
  8
Layer 01
100
AcDbVertex
100
AcDb2dVertex
 10
28804.48440924488
 20
12309.04651342436
 30
0.0
  0
VERTEX
  5
3DA
330
3D8
100
AcDbEntity
  8
Layer 01
100
AcDbVertex
100
AcDb2dVertex
 10
29195.10771511043
 20
13048.51978297849
 30
0.0
  0
VERTEX
  5
3DB
330
3D8
100
AcDbEntity
  8
Layer 01
100
AcDbVertex
100
AcDb2dVertex
 10
29281.59697475313
 20
12653.85446292191
 30
0.0
  0
SEQEND
  5
3DC
330
3D8
100
AcDbEntity
  8
Layer 01
  0
POLYLINE
  5
3DD
330
1F
100
AcDbEntity
  8
Layer 01
100
AcDb2dPolyline
 66
     1
 10
0.0
 20
0.0
 30
0.0
 70
     1
  0
VERTEX
  5
3DE
330
3DD
100
AcDbEntity
  8
Layer 01
100
AcDbVertex
100
AcDb2dVertex
 10
28286.86788334922
 20
12241.1743627309
 30
0.0
  0
VERTEX
  5
3DF
330
3DD
100
AcDbEntity
  8
Layer 01
100
AcDbVertex
100
AcDb2dVertex
 10
28443.15482234733
 20
12047.91460670497
 30
0.0
  0
VERTEX
  5
3E0
330
3DD
100
AcDbEntity
  8
Layer 01
100
AcDbVertex
100
AcDb2dVertex
 10
28385.67422358203
 20
12006.37353478825
 30
0.0
  0
SEQEND
  5
3E1
330
3DD
100
AcDbEntity
  8
Layer 01
  0
POLYLINE
  5
3E2
330
1F
100
AcDbEntity
  8
Layer 01
100
AcDb2dPolyline
 66
     1
 10
0.0
 20
0.0
 30
0.0
 70
     1
  0
VERTEX
  5
3E3
330
3E2
100
AcDbEntity
  8
Layer 01
100
AcDbVertex
100
AcDb2dVertex
 10
28379.5872960394
 20
11811.07542332922
 30
0.0
  0
VERTEX
  5
3E4
330
3E2
100
AcDbEntity
  8
Layer 01
100
AcDbVertex
100
AcDb2dVertex
 10
28046.45557054686
 20
11180.43715228104
 30
0.0
  0
VERTEX
  5
3E5
330
3E2
100
AcDbEntity
  8
Layer 01
100
AcDbVertex
100
AcDb2dVertex
 10
27775.33561814135
 20
11374.38438415164
 30
0.0
  0
SEQEND
  5
3E6
330
3E2
100
AcDbEntity
  8
Layer 01
  0
POLYLINE
  5
3E7
330
1F
100
AcDbEntity
  8
Layer 01
100
AcDb2dPolyline
 66
     1
 10
0.0
 20
0.0
 30
0.0
 70
     1
  0
VERTEX
  5
3E8
330
3E7
100
AcDbEntity
  8
Layer 01
100
AcDbVertex
100
AcDb2dVertex
 10
32729.09367908957
 20
12429.90307604534
 30
0.0
  0
VERTEX
  5
3E9
330
3E7
100
AcDbEntity
  8
Layer 01
100
AcDbVertex
100
AcDb2dVertex
 10
31229.14763518027
 20
13764.95431321072
 30
0.0
  0
VERTEX
  5
3EA
330
3E7
100
AcDbEntity
  8
Layer 01
100
AcDbVertex
100
AcDb2dVertex
 10
31373.9695676936
 20
12902.45326805506
 30
0.0
  0
VERTEX
  5
3EB
330
3E7
100
AcDbEntity
  8
Layer 01
100
AcDbVertex
100
AcDb2dVertex
 10
32727.05419374059
 20
11942.80656890971
 30
0.0
  0
SEQEND
  5
3EC
330
3E7
100
AcDbEntity
  8
Layer 01
  0
POLYLINE
  5
3ED
330
1F
100
AcDbEntity
  8
Layer 01
100
AcDb2dPolyline
 66
     1
 10
0.0
 20
0.0
 30
0.0
 70
     1
  0
VERTEX
  5
3EE
330
3ED
100
AcDbEntity
  8
Layer 01
100
AcDbVertex
100
AcDb2dVertex
 10
30467.90011494617
 20
12012.46375999773
 30
0.0
  0
VERTEX
  5
3EF
330
3ED
100
AcDbEntity
  8
Layer 01
100
AcDbVertex
100
AcDb2dVertex
 10
30838.5378629558
 20
13142.07732547615
 30
0.0
  0
VERTEX
  5
3F0
330
3ED
100
AcDbEntity
  8
Layer 01
100
AcDbVertex
100
AcDb2dVertex
 10
31243.88387722383
 20
12854.59422418598
 30
0.0
  0
VERTEX
  5
3F1
330
3ED
100
AcDbEntity
  8
Layer 01
100
AcDbVertex
100
AcDb2dVertex
 10
31525.79212601735
 20
11175.66234554919
 30
0.0
  0
VERTEX
  5
3F2
330
3ED
100
AcDbEntity
  8
Layer 01
100
AcDbVertex
100
AcDb2dVertex
 10
30985.68900303508
 20
11175.66234554919
 30
0.0
  0
SEQEND
  5
3F3
330
3ED
100
AcDbEntity
  8
Layer 01
  0
POLYLINE
  5
3F4
330
1F
100
AcDbEntity
  8
Layer 01
100
AcDb2dPolyline
 66
     1
 10
0.0
 20
0.0
 30
0.0
 70
     1
  0
VERTEX
  5
3F5
330
3F4
100
AcDbEntity
  8
Layer 01
100
AcDbVertex
100
AcDb2dVertex
 10
30946.58927147861
 20
13471.39169642697
 30
0.0
  0
VERTEX
  5
3F6
330
3F4
100
AcDbEntity
  8
Layer 01
100
AcDbVertex
100
AcDb2dVertex
 10
30875.83361011885
 20
13255.74567727323
 30
0.0
  0
VERTEX
  5
3F7
330
3F4
100
AcDbEntity
  8
Layer 01
100
AcDbVertex
100
AcDb2dVertex
 10
31194.74452352204
 20
13029.56484609869
 30
0.0
  0
SEQEND
  5
3F8
330
3F4
100
AcDbEntity
  8
Layer 01
  0
POLYLINE
  5
3F9
330
1F
100
AcDbEntity
  8
Layer 01
100
AcDb2dPolyline
 66
     1
 10
0.0
 20
0.0
 30
0.0
 70
     1
  0
VERTEX
  5
3FA
330
3F9
100
AcDbEntity
  8
Layer 01
100
AcDbVertex
100
AcDb2dVertex
 10
31419.95324169936
 20
12628.59304397323
 30
0.0
  0
VERTEX
  5
3FB
330
3F9
100
AcDbEntity
  8
Layer 01
100
AcDbVertex
100
AcDb2dVertex
 10
32236.00229666549
 20
11175.66234554919
 30
0.0
  0
VERTEX
  5
3FC
330
3F9
100
AcDbEntity
  8
Layer 01
100
AcDbVertex
100
AcDb2dVertex
 10
31663.91379425235
 20
11175.66234554919
 30
0.0
  0
SEQEND
  5
3FD
330
3F9
100
AcDbEntity
  8
Layer 01
  0
POLYLINE
  5
3FE
330
1F
100
AcDbEntity
  8
Layer 01
100
AcDb2dPolyline
 66
     1
 10
0.0
 20
0.0
 30
0.0
 70
     1
  0
VERTEX
  5
3FF
330
3FE
100
AcDbEntity
  8
Layer 01
100
AcDbVertex
100
AcDb2dVertex
 10
31928.51176224158
 20
14375.87345334827
 30
0.0
  0
VERTEX
  5
400
330
3FE
100
AcDbEntity
  8
Layer 01
100
AcDbVertex
100
AcDb2dVertex
 10
31283.8529580889
 20
13909.98029425982
 30
0.0
  0
VERTEX
  5
401
330
3FE
100
AcDbEntity
  8
Layer 01
100
AcDbVertex
100
AcDb2dVertex
 10
32729.90176694234
 20
12622.90116291338
 30
0.0
  0
VERTEX
  5
402
330
3FE
100
AcDbEntity
  8
Layer 01
100
AcDbVertex
100
AcDb2dVertex
 10
32733.2147080416
 20
13414.14099143507
 30
0.0
  0
SEQEND
  5
403
330
3FE
100
AcDbEntity
  8
Layer 01
  0
POLYLINE
  5
404
330
1F
100
AcDbEntity
  8
Layer 01
100
AcDb2dPolyline
 66
     1
 10
0.0
 20
0.0
 30
0.0
 70
     1
  0
VERTEX
  5
405
330
404
100
AcDbEntity
  8
Layer 01
100
AcDbVertex
100
AcDb2dVertex
 10
32733.81521195274
 20
13557.56117230727
 30
0.0
  0
VERTEX
  5
406
330
404
100
AcDbEntity
  8
Layer 01
100
AcDbVertex
100
AcDb2dVertex
 10
32003.66823631064
 20
14430.18883212604
 30
0.0
  0
VERTEX
  5
407
330
404
100
AcDbEntity
  8
Layer 01
100
AcDbVertex
100
AcDb2dVertex
 10
32464.78143382885
 20
14763.43408202456
 30
0.0
  0
VERTEX
  5
408
330
404
100
AcDbEntity
  8
Layer 01
100
AcDbVertex
100
AcDb2dVertex
 10
32737.62491232192
 20
14467.44353258105
 30
0.0
  0
SEQEND
  5
409
330
404
100
AcDbEntity
  8
Layer 01
  0
POLYLINE
  5
40A
330
1F
100
AcDbEntity
  8
Layer 01
100
AcDb2dPolyline
 66
     1
 10
0.0
 20
0.0
 30
0.0
 70
     1
  0
VERTEX
  5
40B
330
40A
100
AcDbEntity
  8
Layer 01
100
AcDbVertex
100
AcDb2dVertex
 10
32885.91433857082
 20
15067.78568340261
 30
0.0
  0
VERTEX
  5
40C
330
40A
100
AcDbEntity
  8
Layer 01
100
AcDbVertex
100
AcDb2dVertex
 10
33570.66932491647
 20
13731.64985331383
 30
0.0
  0
VERTEX
  5
40D
330
40A
100
AcDbEntity
  8
Layer 01
100
AcDbVertex
100
AcDb2dVertex
 10
33758.78660063643
 20
15199.83647944788
 30
0.0
  0
VERTEX
  5
40E
330
40A
100
AcDbEntity
  8
Layer 01
100
AcDbVertex
100
AcDb2dVertex
 10
33521.78179857934
 20
15527.32536206145
 30
0.0
  0
SEQEND
  5
40F
330
40A
100
AcDbEntity
  8
Layer 01
  0
POLYLINE
  5
410
330
1F
100
AcDbEntity
  8
Layer 01
100
AcDb2dPolyline
 66
     1
 10
0.0
 20
0.0
 30
0.0
 70
     1
  0
VERTEX
  5
411
330
410
100
AcDbEntity
  8
Layer 01
100
AcDbVertex
100
AcDb2dVertex
 10
33427.70900367228
 20
11808.08920669042
 30
0.0
  0
VERTEX
  5
412
330
410
100
AcDbEntity
  8
Layer 01
100
AcDbVertex
100
AcDb2dVertex
 10
33385.16577272207
 20
11476.054828271
 30
0.0
  0
VERTEX
  5
413
330
410
100
AcDbEntity
  8
Layer 01
100
AcDbVertex
100
AcDb2dVertex
 10
33587.11497885508
 20
11332.82661820203
 30
0.0
  0
VERTEX
  5
414
330
410
100
AcDbEntity
  8
Layer 01
100
AcDbVertex
100
AcDb2dVertex
 10
33704.14105617173
 20
11562.04638723027
 30
0.0
  0
SEQEND
  5
415
330
410
100
AcDbEntity
  8
Layer 01
  0
POLYLINE
  5
416
330
1F
100
AcDbEntity
  8
Layer 01
100
AcDb2dPolyline
 66
     1
 10
0.0
 20
0.0
 30
0.0
 70
     1
  0
VERTEX
  5
417
330
416
100
AcDbEntity
  8
Layer 01
100
AcDbVertex
100
AcDb2dVertex
 10
33513.9371709946
 20
12481.06855733302
 30
0.0
  0
VERTEX
  5
418
330
416
100
AcDbEntity
  8
Layer 01
100
AcDbVertex
100
AcDb2dVertex
 10
33449.98893490128
 20
11981.97593206646
 30
0.0
  0
VERTEX
  5
419
330
416
100
AcDbEntity
  8
Layer 01
100
AcDbVertex
100
AcDb2dVertex
 10
33772.14132955976
 20
11695.23898256683
 30
0.0
  0
VERTEX
  5
41A
330
416
100
AcDbEntity
  8
Layer 01
100
AcDbVertex
100
AcDb2dVertex
 10
33923.46116306307
 20
11991.63016374919
 30
0.0
  0
SEQEND
  5
41B
330
416
100
AcDbEntity
  8
Layer 01
  0
POLYLINE
  5
41C
330
1F
100
AcDbEntity
  8
Layer 01
100
AcDb2dPolyline
 66
     1
 10
0.0
 20
0.0
 30
0.0
 70
     1
  0
VERTEX
  5
41D
330
41C
100
AcDbEntity
  8
Layer 01
100
AcDbVertex
100
AcDb2dVertex
 10
34189.68991246523
 20
14834.28720532317
 30
0.0
  0
VERTEX
  5
41E
330
41C
100
AcDbEntity
  8
Layer 01
100
AcDbVertex
100
AcDb2dVertex
 10
33908.01583691922
 20
15806.45564789718
 30
0.0
  0
VERTEX
  5
41F
330
41C
100
AcDbEntity
  8
Layer 01
100
AcDbVertex
100
AcDb2dVertex
 10
33631.00836649101
 20
15606.26310471378
 30
0.0
  0
SEQEND
  5
420
330
41C
100
AcDbEntity
  8
Layer 01
  0
POLYLINE
  5
421
330
1F
100
AcDbEntity
  8
Layer 01
100
AcDb2dPolyline
 66
     1
 10
0.0
 20
0.0
 30
0.0
 70
     1
  0
VERTEX
  5
422
330
421
100
AcDbEntity
  8
Layer 01
100
AcDbVertex
100
AcDb2dVertex
 10
33945.69542663839
 20
16024.58569012427
 30
0.0
  0
VERTEX
  5
423
330
421
100
AcDbEntity
  8
Layer 01
100
AcDbVertex
100
AcDb2dVertex
 10
33887.19871632296
 20
16226.48093253453
 30
0.0
  0
VERTEX
  5
424
330
421
100
AcDbEntity
  8
Layer 01
100
AcDbVertex
100
AcDb2dVertex
 10
34055.83160768855
 20
16104.1808077103
 30
0.0
  0
SEQEND
  5
425
330
421
100
AcDbEntity
  8
Layer 01
  0
POLYLINE
  5
426
330
1F
100
AcDbEntity
  8
Layer 01
100
AcDb2dPolyline
 66
     1
 10
0.0
 20
0.0
 30
0.0
 70
     1
  0
VERTEX
  5
427
330
426
100
AcDbEntity
  8
Layer 01
100
AcDbVertex
100
AcDb2dVertex
 10
31470.91129272361
 20
17563.7985178116
 30
0.0
  0
VERTEX
  5
428
330
426
100
AcDbEntity
  8
Layer 01
100
AcDbVertex
100
AcDb2dVertex
 10
31554.21011230812
 20
17666.28845778343
 30
0.0
  0
VERTEX
  5
429
330
426
100
AcDbEntity
  8
Layer 01
100
AcDbVertex
100
AcDb2dVertex
 10
31514.01114411991
 20
17744.72714432079
 30
0.0
  0
VERTEX
  5
42A
330
426
100
AcDbEntity
  8
Layer 01
100
AcDbVertex
100
AcDb2dVertex
 10
31445.07109050203
 20
17614.21950156996
 30
0.0
  0
SEQEND
  5
42B
330
426
100
AcDbEntity
  8
Layer 01
  0
POLYLINE
  5
42C
330
1F
100
AcDbEntity
  8
Layer 01
100
AcDb2dPolyline
 66
     1
 10
0.0
 20
0.0
 30
0.0
 70
     1
  0
VERTEX
  5
42D
330
42C
100
AcDbEntity
  8
Layer 01
100
AcDbVertex
100
AcDb2dVertex
 10
30614.59238456364
 20
17424.9976282242
 30
0.0
  0
VERTEX
  5
42E
330
42C
100
AcDbEntity
  8
Layer 01
100
AcDbVertex
100
AcDb2dVertex
 10
30510.04889725659
 20
18047.61649196746
 30
0.0
  0
VERTEX
  5
42F
330
42C
100
AcDbEntity
  8
Layer 01
100
AcDbVertex
100
AcDb2dVertex
 10
31222.95987728641
 20
18047.61649196746
 30
0.0
  0
VERTEX
  5
430
330
42C
100
AcDbEntity
  8
Layer 01
100
AcDbVertex
100
AcDb2dVertex
 10
31301.00895040709
 20
17895.32236460623
 30
0.0
  0
SEQEND
  5
431
330
42C
100
AcDbEntity
  8
Layer 01
  0
POLYLINE
  5
432
330
1F
100
AcDbEntity
  8
Layer 01
100
AcDb2dPolyline
 66
     1
 10
0.0
 20
0.0
 30
0.0
 70
     1
  0
VERTEX
  5
433
330
432
100
AcDbEntity
  8
Layer 01
100
AcDbVertex
100
AcDb2dVertex
 10
30140.32834376219
 20
15144.26348417138
 30
0.0
  0
VERTEX
  5
434
330
432
100
AcDbEntity
  8
Layer 01
100
AcDbVertex
100
AcDb2dVertex
 10
30583.54420902511
 20
15983.29761265996
 30
0.0
  0
VERTEX
  5
435
330
432
100
AcDbEntity
  8
Layer 01
100
AcDbVertex
100
AcDb2dVertex
 10
30382.06469295358
 20
16224.09378723331
 30
0.0
  0
VERTEX
  5
436
330
432
100
AcDbEntity
  8
Layer 01
100
AcDbVertex
100
AcDb2dVertex
 10
29880.46660761811
 20
15606.93308900927
 30
0.0
  0
SEQEND
  5
437
330
432
100
AcDbEntity
  8
Layer 01
  0
POLYLINE
  5
438
330
1F
100
AcDbEntity
  8
Layer 01
100
AcDb2dPolyline
 66
     1
 10
0.0
 20
0.0
 30
0.0
 70
     1
  0
VERTEX
  5
439
330
438
100
AcDbEntity
  8
Layer 01
100
AcDbVertex
100
AcDb2dVertex
 10
30630.21796389298
 20
16071.6538207926
 30
0.0
  0
VERTEX
  5
43A
330
438
100
AcDbEntity
  8
Layer 01
100
AcDbVertex
100
AcDb2dVertex
 10
30441.49003524491
 20
16297.21006660706
 30
0.0
  0
VERTEX
  5
43B
330
438
100
AcDbEntity
  8
Layer 01
100
AcDbVertex
100
AcDb2dVertex
 10
30627.42394172086
 20
16525.98107450968
 30
0.0
  0
VERTEX
  5
43C
330
438
100
AcDbEntity
  8
Layer 01
100
AcDbVertex
100
AcDb2dVertex
 10
30685.98383627891
 20
16177.22195091578
 30
0.0
  0
SEQEND
  5
43D
330
438
100
AcDbEntity
  8
Layer 01
  0
POLYLINE
  5
43E
330
1F
100
AcDbEntity
  8
Layer 01
100
AcDb2dPolyline
 66
     1
 10
0.0
 20
0.0
 30
0.0
 70
     1
  0
VERTEX
  5
43F
330
43E
100
AcDbEntity
  8
Layer 01
100
AcDbVertex
100
AcDb2dVertex
 10
33431.07093186254
 20
15652.6679716801
 30
0.0
  0
VERTEX
  5
440
330
43E
100
AcDbEntity
  8
Layer 01
100
AcDbVertex
100
AcDb2dVertex
 10
32857.55047747518
 20
15238.18630389683
 30
0.0
  0
VERTEX
  5
441
330
43E
100
AcDbEntity
  8
Layer 01
100
AcDbVertex
100
AcDb2dVertex
 10
32862.5749869448
 20
16438.20522727802
 30
0.0
  0
SEQEND
  5
442
330
43E
100
AcDbEntity
  8
Layer 01
  0
POLYLINE
  5
443
330
1F
100
AcDbEntity
  8
Layer 01
100
AcDb2dPolyline
 66
     1
 10
0.0
 20
0.0
 30
0.0
 70
     1
  0
VERTEX
  5
444
330
443
100
AcDbEntity
  8
Layer 01
100
AcDbVertex
100
AcDb2dVertex
 10
32022.90549522499
 20
16751.74134677298
 30
0.0
  0
VERTEX
  5
445
330
443
100
AcDbEntity
  8
Layer 01
100
AcDbVertex
100
AcDb2dVertex
 10
32741.31989372417
 20
15349.92721204259
 30
0.0
  0
VERTEX
  5
446
330
443
100
AcDbEntity
  8
Layer 01
100
AcDbVertex
100
AcDb2dVertex
 10
32752.61518671413
 20
18047.61649196746
 30
0.0
  0
VERTEX
  5
447
330
443
100
AcDbEntity
  8
Layer 01
100
AcDbVertex
100
AcDb2dVertex
 10
32448.09536563267
 20
18047.61649196746
 30
0.0
  0
SEQEND
  5
448
330
443
100
AcDbEntity
  8
Layer 01
  0
POLYLINE
  5
449
330
1F
100
AcDbEntity
  8
Layer 01
100
AcDb2dPolyline
 66
     1
 10
0.0
 20
0.0
 30
0.0
 70
     1
  0
VERTEX
  5
44A
330
449
100
AcDbEntity
  8
Layer 01
100
AcDbVertex
100
AcDb2dVertex
 10
31538.92032062682
 20
17929.38239221067
 30
0.0
  0
VERTEX
  5
44B
330
449
100
AcDbEntity
  8
Layer 01
100
AcDbVertex
100
AcDb2dVertex
 10
30634.0108870821
 20
17309.34885578435
 30
0.0
  0
VERTEX
  5
44C
330
449
100
AcDbEntity
  8
Layer 01
100
AcDbVertex
100
AcDb2dVertex
 10
30702.66631903598
 20
16900.46478147202
 30
0.0
  0
SEQEND
  5
44D
330
449
100
AcDbEntity
  8
Layer 01
  0
POLYLINE
  5
44E
330
1F
100
AcDbEntity
  8
Layer 01
100
AcDb2dPolyline
 66
     1
 10
0.0
 20
0.0
 30
0.0
 70
     1
  0
VERTEX
  5
44F
330
44E
100
AcDbEntity
  8
Layer 01
100
AcDbVertex
100
AcDb2dVertex
 10
29973.36659708866
 20
16856.68298640567
 30
0.0
  0
VERTEX
  5
450
330
44E
100
AcDbEntity
  8
Layer 01
100
AcDbVertex
100
AcDb2dVertex
 10
30317.72824789309
 20
17092.63562900493
 30
0.0
  0
VERTEX
  5
451
330
44E
100
AcDbEntity
  8
Layer 01
100
AcDbVertex
100
AcDb2dVertex
 10
30605.30041668818
 20
16780.66685952422
 30
0.0
  0
VERTEX
  5
452
330
44E
100
AcDbEntity
  8
Layer 01
100
AcDbVertex
100
AcDb2dVertex
 10
30325.26533911076
 20
16436.11481864209
 30
0.0
  0
SEQEND
  5
453
330
44E
100
AcDbEntity
  8
Layer 01
  0
POLYLINE
  5
454
330
1F
100
AcDbEntity
  8
Layer 01
100
AcDb2dPolyline
 66
     1
 10
0.0
 20
0.0
 30
0.0
 70
     1
  0
VERTEX
  5
455
330
454
100
AcDbEntity
  8
Layer 01
100
AcDbVertex
100
AcDb2dVertex
 10
29786.83596932579
 20
15773.63731819754
 30
0.0
  0
VERTEX
  5
456
330
454
100
AcDbEntity
  8
Layer 01
100
AcDbVertex
100
AcDb2dVertex
 10
30265.83999681942
 20
16362.99853926835
 30
0.0
  0
VERTEX
  5
457
330
454
100
AcDbEntity
  8
Layer 01
100
AcDbVertex
100
AcDb2dVertex
 10
29896.71090225476
 20
16804.159385929
 30
0.0
  0
VERTEX
  5
458
330
454
100
AcDbEntity
  8
Layer 01
100
AcDbVertex
100
AcDb2dVertex
 10
29399.41548917754
 20
16463.41828832431
 30
0.0
  0
SEQEND
  5
459
330
454
100
AcDbEntity
  8
Layer 01
  0
POLYLINE
  5
45A
330
1F
100
AcDbEntity
  8
Layer 01
100
AcDb2dPolyline
 66
     1
 10
0.0
 20
0.0
 30
0.0
 70
     1
  0
VERTEX
  5
45B
330
45A
100
AcDbEntity
  8
Layer 01
100
AcDbVertex
100
AcDb2dVertex
 10
29587.55474559218
 20
17884.75445599251
 30
0.0
  0
VERTEX
  5
45C
330
45A
100
AcDbEntity
  8
Layer 01
100
AcDbVertex
100
AcDb2dVertex
 10
30244.87384692933
 20
17171.67073840077
 30
0.0
  0
VERTEX
  5
45D
330
45A
100
AcDbEntity
  8
Layer 01
100
AcDbVertex
100
AcDb2dVertex
 10
29904.7859604729
 20
16938.64642997984
 30
0.0
  0
VERTEX
  5
45E
330
45A
100
AcDbEntity
  8
Layer 01
100
AcDbVertex
100
AcDb2dVertex
 10
29429.54181692836
 20
17506.6295876984
 30
0.0
  0
SEQEND
  5
45F
330
45A
100
AcDbEntity
  8
Layer 01
  0
POLYLINE
  5
460
330
1F
100
AcDbEntity
  8
Layer 01
100
AcDb2dPolyline
 66
     1
 10
0.0
 20
0.0
 30
0.0
 70
     1
  0
VERTEX
  5
461
330
460
100
AcDbEntity
  8
Layer 01
100
AcDbVertex
100
AcDb2dVertex
 10
30490.72194920948
 20
17340.1230305637
 30
0.0
  0
VERTEX
  5
462
330
460
100
AcDbEntity
  8
Layer 01
100
AcDbVertex
100
AcDb2dVertex
 10
30332.22996529103
 20
17231.52614601224
 30
0.0
  0
VERTEX
  5
463
330
460
100
AcDbEntity
  8
Layer 01
100
AcDbVertex
100
AcDb2dVertex
 10
29632.0141474861
 20
17991.1457850295
 30
0.0
  0
VERTEX
  5
464
330
460
100
AcDbEntity
  8
Layer 01
100
AcDbVertex
100
AcDb2dVertex
 10
29655.61244142333
 20
18047.61649196746
 30
0.0
  0
VERTEX
  5
465
330
460
100
AcDbEntity
  8
Layer 01
100
AcDbVertex
100
AcDb2dVertex
 10
30371.92722902158
 20
18047.61649196746
 30
0.0
  0
SEQEND
  5
466
330
460
100
AcDbEntity
  8
Layer 01
  0
POLYLINE
  5
467
330
1F
100
AcDbEntity
  8
Layer 01
100
AcDb2dPolyline
 66
     1
 10
0.0
 20
0.0
 30
0.0
 70
     1
  0
VERTEX
  5
468
330
467
100
AcDbEntity
  8
Layer 01
100
AcDbVertex
100
AcDb2dVertex
 10
28976.88603920975
 20
18047.61649196746
 30
0.0
  0
VERTEX
  5
469
330
467
100
AcDbEntity
  8
Layer 01
100
AcDbVertex
100
AcDb2dVertex
 10
29437.42885646021
 20
18047.61649196746
 30
0.0
  0
VERTEX
  5
46A
330
467
100
AcDbEntity
  8
Layer 01
100
AcDbVertex
100
AcDb2dVertex
 10
29489.97494614523
 20
17990.61257879761
 30
0.0
  0
VERTEX
  5
46B
330
467
100
AcDbEntity
  8
Layer 01
100
AcDbVertex
100
AcDb2dVertex
 10
29334.96172612197
 20
17619.66601195154
 30
0.0
  0
SEQEND
  5
46C
330
467
100
AcDbEntity
  8
Layer 01
  0
POLYLINE
  5
46D
330
1F
100
AcDbEntity
  8
Layer 01
100
AcDb2dPolyline
 66
     1
 10
0.0
 20
0.0
 30
0.0
 70
     1
  0
VERTEX
  5
46E
330
46D
100
AcDbEntity
  8
Layer 01
100
AcDbVertex
100
AcDb2dVertex
 10
29085.40977032927
 20
17022.48829228908
 30
0.0
  0
VERTEX
  5
46F
330
46D
100
AcDbEntity
  8
Layer 01
100
AcDbVertex
100
AcDb2dVertex
 10
29294.7910818413
 20
17523.53767798317
 30
0.0
  0
VERTEX
  5
470
330
46D
100
AcDbEntity
  8
Layer 01
100
AcDbVertex
100
AcDb2dVertex
 10
28856.28267940516
 20
18047.61649196746
 30
0.0
  0
VERTEX
  5
471
330
46D
100
AcDbEntity
  8
Layer 01
100
AcDbVertex
100
AcDb2dVertex
 10
28509.63908871722
 20
18047.61649196746
 30
0.0
  0
SEQEND
  5
472
330
46D
100
AcDbEntity
  8
Layer 01
  0
POLYLINE
  5
473
330
1F
100
AcDbEntity
  8
Layer 01
100
AcDb2dPolyline
 66
     1
 10
0.0
 20
0.0
 30
0.0
 70
     1
  0
VERTEX
  5
474
330
473
100
AcDbEntity
  8
Layer 01
100
AcDbVertex
100
AcDb2dVertex
 10
28707.5758167283
 20
16118.3318086993
 30
0.0
  0
VERTEX
  5
475
330
473
100
AcDbEntity
  8
Layer 01
100
AcDbVertex
100
AcDb2dVertex
 10
28618.754181983
 20
16057.47224611682
 30
0.0
  0
VERTEX
  5
476
330
473
100
AcDbEntity
  8
Layer 01
100
AcDbVertex
100
AcDb2dVertex
 10
28182.6223668513
 20
18047.61649196746
 30
0.0
  0
VERTEX
  5
477
330
473
100
AcDbEntity
  8
Layer 01
100
AcDbVertex
100
AcDb2dVertex
 10
28376.31945491816
 20
18047.61649196746
 30
0.0
  0
VERTEX
  5
478
330
473
100
AcDbEntity
  8
Layer 01
100
AcDbVertex
100
AcDb2dVertex
 10
29028.53389848709
 20
16886.38435616628
 30
0.0
  0
SEQEND
  5
479
330
473
100
AcDbEntity
  8
Layer 01
  0
POLYLINE
  5
47A
330
1F
100
AcDbEntity
  8
Layer 01
100
AcDb2dPolyline
 66
     1
 10
0.0
 20
0.0
 30
0.0
 70
     1
  0
VERTEX
  5
47B
330
47A
100
AcDbEntity
  8
Layer 01
100
AcDbVertex
100
AcDb2dVertex
 10
28580.96197724531
 20
14883.33492413597
 30
0.0
  0
VERTEX
  5
47C
330
47A
100
AcDbEntity
  8
Layer 01
100
AcDbVertex
100
AcDb2dVertex
 10
28433.13758987889
 20
15122.23471376793
 30
0.0
  0
VERTEX
  5
47D
330
47A
100
AcDbEntity
  8
Layer 01
100
AcDbVertex
100
AcDb2dVertex
 10
28389.92398813369
 20
15018.82458393494
 30
0.0
  0
SEQEND
  5
47E
330
47A
100
AcDbEntity
  8
Layer 01
  0
POLYLINE
  5
47F
330
1F
100
AcDbEntity
  8
Layer 01
100
AcDb2dPolyline
 66
     1
 10
0.0
 20
0.0
 30
0.0
 70
     1
  0
VERTEX
  5
480
330
47F
100
AcDbEntity
  8
Layer 01
100
AcDbVertex
100
AcDb2dVertex
 10
27756.18247482298
 20
13502.2814233247
 30
0.0
  0
VERTEX
  5
481
330
47F
100
AcDbEntity
  8
Layer 01
100
AcDbVertex
100
AcDb2dVertex
 10
28344.75659456458
 20
14910.73903113284
 30
0.0
  0
VERTEX
  5
482
330
47F
100
AcDbEntity
  8
Layer 01
100
AcDbVertex
100
AcDb2dVertex
 10
28814.65336535524
 20
14577.47466883962
 30
0.0
  0
VERTEX
  5
483
330
47F
100
AcDbEntity
  8
Layer 01
100
AcDbVertex
100
AcDb2dVertex
 10
27819.15793312696
 20
13352.62817521327
 30
0.0
  0
SEQEND
  5
484
330
47F
100
AcDbEntity
  8
Layer 01
  0
POLYLINE
  5
485
330
1F
100
AcDbEntity
  8
Layer 01
100
AcDb2dPolyline
 66
     1
 10
0.0
 20
0.0
 30
0.0
 70
     1
  0
VERTEX
  5
486
330
485
100
AcDbEntity
  8
Layer 01
100
AcDbVertex
100
AcDb2dVertex
 10
29037.88747770717
 20
14144.89515866454
 30
0.0
  0
VERTEX
  5
487
330
485
100
AcDbEntity
  8
Layer 01
100
AcDbVertex
100
AcDb2dVertex
 10
29347.82391114052
 20
13644.00521712214
 30
0.0
  0
VERTEX
  5
488
330
485
100
AcDbEntity
  8
Layer 01
100
AcDbVertex
100
AcDb2dVertex
 10
29206.34769851666
 20
13376.18228914481
 30
0.0
  0
SEQEND
  5
489
330
485
100
AcDbEntity
  8
Layer 01
  0
POLYLINE
  5
48A
330
1F
100
AcDbEntity
  8
Layer 01
100
AcDb2dPolyline
 66
     1
 10
0.0
 20
0.0
 30
0.0
 70
     1
  0
VERTEX
  5
48B
330
48A
100
AcDbEntity
  8
Layer 01
100
AcDbVertex
100
AcDb2dVertex
 10
29486.03464163404
 20
13599.26184656595
 30
0.0
  0
VERTEX
  5
48C
330
48A
100
AcDbEntity
  8
Layer 01
100
AcDbVertex
100
AcDb2dVertex
 10
29827.08985398134
 20
13048.08067859878
 30
0.0
  0
VERTEX
  5
48D
330
48A
100
AcDbEntity
  8
Layer 01
100
AcDbVertex
100
AcDb2dVertex
 10
30393.70062933293
 20
13457.56874019296
 30
0.0
  0
VERTEX
  5
48E
330
48A
100
AcDbEntity
  8
Layer 01
100
AcDbVertex
100
AcDb2dVertex
 10
29678.96090533138
 20
13964.48279692123
 30
0.0
  0
SEQEND
  5
48F
330
48A
100
AcDbEntity
  8
Layer 01
  0
POLYLINE
  5
490
330
1F
100
AcDbEntity
  8
Layer 01
100
AcDb2dPolyline
 66
     1
 10
0.0
 20
0.0
 30
0.0
 70
     1
  0
VERTEX
  5
491
330
490
100
AcDbEntity
  8
Layer 01
100
AcDbVertex
100
AcDb2dVertex
 10
29389.40358391427
 20
12540.86689972946
 30
0.0
  0
VERTEX
  5
492
330
490
100
AcDbEntity
  8
Layer 01
100
AcDbVertex
100
AcDb2dVertex
 10
29832.34013411671
 20
12860.97593619999
 30
0.0
  0
VERTEX
  5
493
330
490
100
AcDbEntity
  8
Layer 01
100
AcDbVertex
100
AcDb2dVertex
 10
30347.65662423192
 20
12028.17017745027
 30
0.0
  0
VERTEX
  5
494
330
490
100
AcDbEntity
  8
Layer 01
100
AcDbVertex
100
AcDb2dVertex
 10
30067.94009759605
 20
11175.66234554919
 30
0.0
  0
VERTEX
  5
495
330
490
100
AcDbEntity
  8
Layer 01
100
AcDbVertex
100
AcDb2dVertex
 10
29688.5824708126
 20
11175.66234554919
 30
0.0
  0
SEQEND
  5
496
330
490
100
AcDbEntity
  8
Layer 01
  0
POLYLINE
  5
497
330
1F
100
AcDbEntity
  8
Layer 01
100
AcDb2dPolyline
 66
     1
 10
0.0
 20
0.0
 30
0.0
 70
     1
  0
VERTEX
  5
498
330
497
100
AcDbEntity
  8
Layer 01
100
AcDbVertex
100
AcDb2dVertex
 10
29605.536615112
 20
11175.66234554919
 30
0.0
  0
VERTEX
  5
499
330
497
100
AcDbEntity
  8
Layer 01
100
AcDbVertex
100
AcDb2dVertex
 10
29317.7119665714
 20
12489.05556345534
 30
0.0
  0
VERTEX
  5
49A
330
497
100
AcDbEntity
  8
Layer 01
100
AcDbVertex
100
AcDb2dVertex
 10
28639.62137744314
 20
11999.0013445692
 30
0.0
  0
VERTEX
  5
49B
330
497
100
AcDbEntity
  8
Layer 01
100
AcDbVertex
100
AcDb2dVertex
 10
29305.44614386447
 20
11175.66234554919
 30
0.0
  0
SEQEND
  5
49C
330
497
100
AcDbEntity
  8
Layer 01
  0
POLYLINE
  5
49D
330
1F
100
AcDbEntity
  8
Layer 01
100
AcDb2dPolyline
 66
     1
 10
0.0
 20
0.0
 30
0.0
 70
     1
  0
VERTEX
  5
49E
330
49D
100
AcDbEntity
  8
Layer 01
100
AcDbVertex
100
AcDb2dVertex
 10
28578.27834098027
 20
11880.82490354889
 30
0.0
  0
VERTEX
  5
49F
330
49D
100
AcDbEntity
  8
Layer 01
100
AcDbVertex
100
AcDb2dVertex
 10
29148.53518054218
 20
11175.66234554919
 30
0.0
  0
VERTEX
  5
4A0
330
49D
100
AcDbEntity
  8
Layer 01
100
AcDbVertex
100
AcDb2dVertex
 10
28205.77950847407
 20
11175.66234554919
 30
0.0
  0
SEQEND
  5
4A1
330
49D
100
AcDbEntity
  8
Layer 01
  0
POLYLINE
  5
4A2
330
1F
100
AcDbEntity
  8
Layer 01
100
AcDb2dPolyline
 66
     1
 10
0.0
 20
0.0
 30
0.0
 70
     1
  0
VERTEX
  5
4A3
330
4A2
100
AcDbEntity
  8
Layer 01
100
AcDbVertex
100
AcDb2dVertex
 10
30429.60143788247
 20
11895.73872218558
 30
0.0
  0
VERTEX
  5
4A4
330
4A2
100
AcDbEntity
  8
Layer 01
100
AcDbVertex
100
AcDb2dVertex
 10
30875.16419621427
 20
11175.66234554919
 30
0.0
  0
VERTEX
  5
4A5
330
4A2
100
AcDbEntity
  8
Layer 01
100
AcDbVertex
100
AcDb2dVertex
 10
30193.33702429214
 20
11175.66234554919
 30
0.0
  0
SEQEND
  5
4A6
330
4A2
100
AcDbEntity
  8
Layer 01
  0
POLYLINE
  5
4A7
330
1F
100
AcDbEntity
  8
Layer 01
100
AcDb2dPolyline
 66
     1
 10
0.0
 20
0.0
 30
0.0
 70
     1
  0
VERTEX
  5
4A8
330
4A7
100
AcDbEntity
  8
Layer 01
100
AcDbVertex
100
AcDb2dVertex
 10
30736.81287422113
 20
13214.22362570055
 30
0.0
  0
VERTEX
  5
4A9
330
4A7
100
AcDbEntity
  8
Layer 01
100
AcDbVertex
100
AcDb2dVertex
 10
30527.01693531193
 20
13363.01696529861
 30
0.0
  0
VERTEX
  5
4AA
330
4A7
100
AcDbEntity
  8
Layer 01
100
AcDbVertex
100
AcDb2dVertex
 10
29908.71243308822
 20
12916.16998831791
 30
0.0
  0
VERTEX
  5
4AB
330
4A7
100
AcDbEntity
  8
Layer 01
100
AcDbVertex
100
AcDb2dVertex
 10
30385.95530129562
 20
12144.89521526243
 30
0.0
  0
SEQEND
  5
4AC
330
4A7
100
AcDbEntity
  8
Layer 01
  0
POLYLINE
  5
4AD
330
1F
100
AcDbEntity
  8
Layer 01
100
AcDb2dPolyline
 66
     1
 10
0.0
 20
0.0
 30
0.0
 70
     1
  0
VERTEX
  5
4AE
330
4AD
100
AcDbEntity
  8
Layer 01
100
AcDbVertex
100
AcDb2dVertex
 10
31030.39318422488
 20
13726.80560714365
 30
0.0
  0
VERTEX
  5
4AF
330
4AD
100
AcDbEntity
  8
Layer 01
100
AcDbVertex
100
AcDb2dVertex
 10
30995.75215445872
 20
13621.22818726092
 30
0.0
  0
VERTEX
  5
4B0
330
4AD
100
AcDbEntity
  8
Layer 01
100
AcDbVertex
100
AcDb2dVertex
 10
31166.07855666607
 20
13317.97134624975
 30
0.0
  0
VERTEX
  5
4B1
330
4AD
100
AcDbEntity
  8
Layer 01
100
AcDbVertex
100
AcDb2dVertex
 10
31090.17688176113
 20
13770.01112225914
 30
0.0
  0
SEQEND
  5
4B2
330
4AD
100
AcDbEntity
  8
Layer 01
  0
POLYLINE
  5
4B3
330
1F
100
AcDbEntity
  8
Layer 01
100
AcDb2dPolyline
 66
     1
 10
0.0
 20
0.0
 30
0.0
 70
     1
  0
VERTEX
  5
4B4
330
4B3
100
AcDbEntity
  8
Layer 01
100
AcDbVertex
100
AcDb2dVertex
 10
33440.19424652227
 20
12713.33952318055
 30
0.0
  0
VERTEX
  5
4B5
330
4B3
100
AcDbEntity
  8
Layer 01
100
AcDbVertex
100
AcDb2dVertex
 10
32849.9325969982
 20
13418.78467201786
 30
0.0
  0
VERTEX
  5
4B6
330
4B3
100
AcDbEntity
  8
Layer 01
100
AcDbVertex
100
AcDb2dVertex
 10
32853.79568283682
 20
14341.4172468003
 30
0.0
  0
VERTEX
  5
4B7
330
4B3
100
AcDbEntity
  8
Layer 01
100
AcDbVertex
100
AcDb2dVertex
 10
33458.59446324447
 20
13685.30948749326
 30
0.0
  0
VERTEX
  5
4B8
330
4B3
100
AcDbEntity
  8
Layer 01
100
AcDbVertex
100
AcDb2dVertex
 10
33543.50342486743
 20
13519.62992592406
 30
0.0
  0
SEQEND
  5
4B9
330
4B3
100
AcDbEntity
  8
Layer 01
  0
POLYLINE
  5
4BA
330
1F
100
AcDbEntity
  8
Layer 01
100
AcDb2dPolyline
 66
     1
 10
0.0
 20
0.0
 30
0.0
 70
     1
  0
VERTEX
  5
4BB
330
4BA
100
AcDbEntity
  8
Layer 01
100
AcDbVertex
100
AcDb2dVertex
 10
33280.13406095855
 20
14033.53234457503
 30
0.0
  0
VERTEX
  5
4BC
330
4BA
100
AcDbEntity
  8
Layer 01
100
AcDbVertex
100
AcDb2dVertex
 10
32855.97195680463
 20
14861.18339703458
 30
0.0
  0
VERTEX
  5
4BD
330
4BA
100
AcDbEntity
  8
Layer 01
100
AcDbVertex
100
AcDb2dVertex
 10
32854.4401637907
 20
14495.34059893894
 30
0.0
  0
SEQEND
  5
4BE
330
4BA
100
AcDbEntity
  8
Layer 01
  0
POLYLINE
  5
4BF
330
1F
100
AcDbEntity
  8
Layer 01
100
AcDb2dPolyline
 66
     1
 10
0.0
 20
0.0
 30
0.0
 70
     1
  0
VERTEX
  5
4C0
330
4BF
100
AcDbEntity
  8
Layer 01
100
AcDbVertex
100
AcDb2dVertex
 10
33626.3054106306
 20
13358.0616245801
 30
0.0
  0
VERTEX
  5
4C1
330
4BF
100
AcDbEntity
  8
Layer 01
100
AcDbVertex
100
AcDb2dVertex
 10
34124.6400430089
 20
12385.68059637
 30
0.0
  0
VERTEX
  5
4C2
330
4BF
100
AcDbEntity
  8
Layer 01
100
AcDbVertex
100
AcDb2dVertex
 10
33969.1634086439
 20
12081.1474612295
 30
0.0
  0
VERTEX
  5
4C3
330
4BF
100
AcDbEntity
  8
Layer 01
100
AcDbVertex
100
AcDb2dVertex
 10
33529.95289087199
 20
12606.06540114708
 30
0.0
  0
SEQEND
  5
4C4
330
4BF
100
AcDbEntity
  8
Layer 01
  0
POLYLINE
  5
4C5
330
1F
100
AcDbEntity
  8
Layer 01
100
AcDb2dPolyline
 66
     1
 10
0.0
 20
0.0
 30
0.0
 70
     1
  0
VERTEX
  5
4C6
330
4C5
100
AcDbEntity
  8
Layer 01
100
AcDbVertex
100
AcDb2dVertex
 10
32849.33209308707
 20
13275.36449114566
 30
0.0
  0
VERTEX
  5
4C7
330
4C5
100
AcDbEntity
  8
Layer 01
100
AcDbVertex
100
AcDb2dVertex
 10
32846.16692390111
 20
12519.41747943869
 30
0.0
  0
VERTEX
  5
4C8
330
4C5
100
AcDbEntity
  8
Layer 01
100
AcDbVertex
100
AcDb2dVertex
 10
33357.08090231044
 20
12064.67022920913
 30
0.0
  0
VERTEX
  5
4C9
330
4C5
100
AcDbEntity
  8
Layer 01
100
AcDbVertex
100
AcDb2dVertex
 10
33424.17852664488
 20
12588.34267936649
 30
0.0
  0
SEQEND
  5
4CA
330
4C5
100
AcDbEntity
  8
Layer 01
  0
POLYLINE
  5
4CB
330
1F
100
AcDbEntity
  8
Layer 01
100
AcDb2dPolyline
 66
     1
 10
0.0
 20
0.0
 30
0.0
 70
     1
  0
VERTEX
  5
4CC
330
4CB
100
AcDbEntity
  8
Layer 01
100
AcDbVertex
100
AcDb2dVertex
 10
33334.80097108144
 20
11890.7835038331
 30
0.0
  0
VERTEX
  5
4CD
330
4CB
100
AcDbEntity
  8
Layer 01
100
AcDbVertex
100
AcDb2dVertex
 10
32845.35883604833
 20
12326.41939257065
 30
0.0
  0
VERTEX
  5
4CE
330
4CB
100
AcDbEntity
  8
Layer 01
100
AcDbVertex
100
AcDb2dVertex
 10
32843.40712257843
 20
11860.28571105226
 30
0.0
  0
VERTEX
  5
4CF
330
4CB
100
AcDbEntity
  8
Layer 01
100
AcDbVertex
100
AcDb2dVertex
 10
33290.28434266837
 20
11543.34747901026
 30
0.0
  0
SEQEND
  5
4D0
330
4CB
100
AcDbEntity
  8
Layer 01
  0
POLYLINE
  5
4D1
330
1F
100
AcDbEntity
  8
Layer 01
100
AcDb2dPolyline
 66
     1
 10
0.0
 20
0.0
 30
0.0
 70
     1
  0
VERTEX
  5
4D2
330
4D1
100
AcDbEntity
  8
Layer 01
100
AcDbVertex
100
AcDb2dVertex
 10
32842.82217543109
 20
11720.58099953318
 30
0.0
  0
VERTEX
  5
4D3
330
4D1
100
AcDbEntity
  8
Layer 01
100
AcDbVertex
100
AcDb2dVertex
 10
33273.82652997057
 20
11414.90026220973
 30
0.0
  0
VERTEX
  5
4D4
330
4D1
100
AcDbEntity
  8
Layer 01
100
AcDbVertex
100
AcDb2dVertex
 10
33243.17321633182
 20
11175.66234554919
 30
0.0
  0
VERTEX
  5
4D5
330
4D1
100
AcDbEntity
  8
Layer 01
100
AcDbVertex
100
AcDb2dVertex
 10
32840.5405872963
 20
11175.66234554919
 30
0.0
  0
SEQEND
  5
4D6
330
4D1
100
AcDbEntity
  8
Layer 01
  0
POLYLINE
  5
4D7
330
1F
100
AcDbEntity
  8
Layer 01
100
AcDb2dPolyline
 66
     1
 10
0.0
 20
0.0
 30
0.0
 70
     1
  0
VERTEX
  5
4D8
330
4D7
100
AcDbEntity
  8
Layer 01
100
AcDbVertex
100
AcDb2dVertex
 10
33368.70796002427
 20
11347.60761147048
 30
0.0
  0
VERTEX
  5
4D9
330
4D7
100
AcDbEntity
  8
Layer 01
100
AcDbVertex
100
AcDb2dVertex
 10
33534.59513148873
 20
11229.95563800042
 30
0.0
  0
VERTEX
  5
4DA
330
4D7
100
AcDbEntity
  8
Layer 01
100
AcDbVertex
100
AcDb2dVertex
 10
33506.87618269514
 20
11175.66234554919
 30
0.0
  0
VERTEX
  5
4DB
330
4D7
100
AcDbEntity
  8
Layer 01
100
AcDbVertex
100
AcDb2dVertex
 10
33346.67678604252
 20
11175.66234554919
 30
0.0
  0
SEQEND
  5
4DC
330
4D7
100
AcDbEntity
  8
Layer 01
  0
POLYLINE
  5
4DD
330
1F
100
AcDbEntity
  8
Layer 01
100
AcDb2dPolyline
 66
     1
 10
0.0
 20
0.0
 30
0.0
 70
     1
  0
VERTEX
  5
4DE
330
4DD
100
AcDbEntity
  8
Layer 01
100
AcDbVertex
100
AcDb2dVertex
 10
33789.40812259894
 20
11486.15305560987
 30
0.0
  0
VERTEX
  5
4DF
330
4DD
100
AcDbEntity
  8
Layer 01
100
AcDbVertex
100
AcDb2dVertex
 10
33678.16159445777
 20
11268.25372863581
 30
0.0
  0
VERTEX
  5
4E0
330
4DD
100
AcDbEntity
  8
Layer 01
100
AcDbVertex
100
AcDb2dVertex
 10
33732.79745743555
 20
11229.5043965155
 30
0.0
  0
VERTEX
  5
4E1
330
4DD
100
AcDbEntity
  8
Layer 01
100
AcDbVertex
100
AcDb2dVertex
 10
33878.00873565882
 20
11407.29264689082
 30
0.0
  0
SEQEND
  5
4E2
330
4DD
100
AcDbEntity
  8
Layer 01
  0
POLYLINE
  5
4E3
330
1F
100
AcDbEntity
  8
Layer 01
100
AcDb2dPolyline
 66
     1
 10
0.0
 20
0.0
 30
0.0
 70
     1
  0
VERTEX
  5
4E4
330
4E3
100
AcDbEntity
  8
Layer 01
100
AcDbVertex
100
AcDb2dVertex
 10
34138.24815155164
 20
11175.66234554919
 30
0.0
  0
VERTEX
  5
4E5
330
4E3
100
AcDbEntity
  8
Layer 01
100
AcDbVertex
100
AcDb2dVertex
 10
33805.82929801496
 20
11175.66234554919
 30
0.0
  0
VERTEX
  5
4E6
330
4E3
100
AcDbEntity
  8
Layer 01
100
AcDbVertex
100
AcDb2dVertex
 10
33945.76197359072
 20
11346.98778159901
 30
0.0
  0
SEQEND
  5
4E7
330
4E3
100
AcDbEntity
  8
Layer 01
  0
POLYLINE
  5
4E8
330
1F
100
AcDbEntity
  8
Layer 01
100
AcDb2dPolyline
 66
     1
 10
0.0
 20
0.0
 30
0.0
 70
     1
  0
VERTEX
  5
4E9
330
4E8
100
AcDbEntity
  8
Layer 01
100
AcDbVertex
100
AcDb2dVertex
 10
33857.40839598697
 20
11619.34565094643
 30
0.0
  0
VERTEX
  5
4EA
330
4E8
100
AcDbEntity
  8
Layer 01
100
AcDbVertex
100
AcDb2dVertex
 10
33969.62649955041
 20
11519.46411280506
 30
0.0
  0
VERTEX
  5
4EB
330
4E8
100
AcDbEntity
  8
Layer 01
100
AcDbVertex
100
AcDb2dVertex
 10
34141.97417109481
 20
11730.47658618214
 30
0.0
  0
VERTEX
  5
4EC
330
4E8
100
AcDbEntity
  8
Layer 01
100
AcDbVertex
100
AcDb2dVertex
 10
34000.4802924899
 20
11899.58154214953
 30
0.0
  0
SEQEND
  5
4ED
330
4E8
100
AcDbEntity
  8
Layer 01
  0
POLYLINE
  5
4EE
330
1F
100
AcDbEntity
  8
Layer 01
100
AcDb2dPolyline
 66
     1
 10
0.0
 20
0.0
 30
0.0
 70
     1
  0
VERTEX
  5
4EF
330
4EE
100
AcDbEntity
  8
Layer 01
100
AcDbVertex
100
AcDb2dVertex
 10
33728.20683673477
 20
14153.36503527187
 30
0.0
  0
VERTEX
  5
4F0
330
4EE
100
AcDbEntity
  8
Layer 01
100
AcDbVertex
100
AcDb2dVertex
 10
34125.24704988588
 20
14693.46816114748
 30
0.0
  0
VERTEX
  5
4F1
330
4EE
100
AcDbEntity
  8
Layer 01
100
AcDbVertex
100
AcDb2dVertex
 10
33846.72160413241
 20
15078.32950664577
 30
0.0
  0
SEQEND
  5
4F2
330
4EE
100
AcDbEntity
  8
Layer 01
  0
POLYLINE
  5
4F3
330
1F
100
AcDbEntity
  8
Layer 01
100
AcDb2dPolyline
 66
     1
 10
0.0
 20
0.0
 30
0.0
 70
     1
  0
VERTEX
  5
4F4
330
4F3
100
AcDbEntity
  8
Layer 01
100
AcDbVertex
100
AcDb2dVertex
 10
32863.53190124595
 20
16666.74798879122
 30
0.0
  0
VERTEX
  5
4F5
330
4F3
100
AcDbEntity
  8
Layer 01
100
AcDbVertex
100
AcDb2dVertex
 10
32869.31363246313
 20
18047.61649196746
 30
0.0
  0
VERTEX
  5
4F6
330
4F3
100
AcDbEntity
  8
Layer 01
100
AcDbVertex
100
AcDb2dVertex
 10
33258.66652536166
 20
18047.61649196746
 30
0.0
  0
VERTEX
  5
4F7
330
4F3
100
AcDbEntity
  8
Layer 01
100
AcDbVertex
100
AcDb2dVertex
 10
33862.28155464599
 20
15964.30271239404
 30
0.0
  0
VERTEX
  5
4F8
330
4F3
100
AcDbEntity
  8
Layer 01
100
AcDbVertex
100
AcDb2dVertex
 10
33540.29749977423
 20
15731.60571433243
 30
0.0
  0
SEQEND
  5
4F9
330
4F3
100
AcDbEntity
  8
Layer 01
  0
POLYLINE
  5
4FA
330
1F
100
AcDbEntity
  8
Layer 01
100
AcDb2dPolyline
 66
     1
 10
0.0
 20
0.0
 30
0.0
 70
     1
  0
VERTEX
  5
4FB
330
4FA
100
AcDbEntity
  8
Layer 01
100
AcDbVertex
100
AcDb2dVertex
 10
33715.86680673377
 20
16817.81499615287
 30
0.0
  0
VERTEX
  5
4FC
330
4FA
100
AcDbEntity
  8
Layer 01
100
AcDbVertex
100
AcDb2dVertex
 10
34122.52955003619
 20
17372.45742188064
 30
0.0
  0
VERTEX
  5
4FD
330
4FA
100
AcDbEntity
  8
Layer 01
100
AcDbVertex
100
AcDb2dVertex
 10
33669.13166819196
 20
18047.61649196746
 30
0.0
  0
VERTEX
  5
4FE
330
4FA
100
AcDbEntity
  8
Layer 01
100
AcDbVertex
100
AcDb2dVertex
 10
33359.54666274565
 20
18047.61649196746
 30
0.0
  0
SEQEND
  5
4FF
330
4FA
100
AcDbEntity
  8
Layer 01
  0
POLYLINE
  5
500
330
1F
100
AcDbEntity
  8
Layer 01
100
AcDb2dPolyline
 66
     1
 10
0.0
 20
0.0
 30
0.0
 70
     1
  0
VERTEX
  5
501
330
500
100
AcDbEntity
  8
Layer 01
100
AcDbVertex
100
AcDb2dVertex
 10
31401.53341514449
 20
17964.20057170407
 30
0.0
  0
VERTEX
  5
502
330
500
100
AcDbEntity
  8
Layer 01
100
AcDbVertex
100
AcDb2dVertex
 10
31358.78366915708
 20
18047.61649196746
 30
0.0
  0
VERTEX
  5
503
330
500
100
AcDbEntity
  8
Layer 01
100
AcDbVertex
100
AcDb2dVertex
 10
31523.27498026888
 20
18047.61649196746
 30
0.0
  0
SEQEND
  5
504
330
500
100
AcDbEntity
  8
Layer 01
  0
POLYLINE
  5
505
330
1F
100
AcDbEntity
  8
Layer 01
100
AcDb2dPolyline
 66
     1
 10
0.0
 20
0.0
 30
0.0
 70
     1
  0
VERTEX
  5
506
330
505
100
AcDbEntity
  8
Layer 01
100
AcDbVertex
100
AcDb2dVertex
 10
16216.36814048289
 20
16490.57304829554
 30
0.0
  0
VERTEX
  5
507
330
505
100
AcDbEntity
  8
Layer 01
100
AcDbVertex
100
AcDb2dVertex
 10
15871.81410508945
 20
16254.48858598852
 30
0.0
  0
VERTEX
  5
508
330
505
100
AcDbEntity
  8
Layer 01
100
AcDbVertex
100
AcDb2dVertex
 10
16075.37353938885
 20
16741.60622209181
 30
0.0
  0
SEQEND
  5
509
330
505
100
AcDbEntity
  8
Layer 01
  0
POLYLINE
  5
50A
330
1F
100
AcDbEntity
  8
Layer 01
100
AcDb2dPolyline
 66
     1
 10
0.0
 20
0.0
 30
0.0
 70
     1
  0
VERTEX
  5
50B
330
50A
100
AcDbEntity
  8
Layer 01
100
AcDbVertex
100
AcDb2dVertex
 10
17714.47134146424
 20
16624.83338902015
 30
0.0
  0
VERTEX
  5
50C
330
50A
100
AcDbEntity
  8
Layer 01
100
AcDbVertex
100
AcDb2dVertex
 10
17824.75647048339
 20
16505.19206164037
 30
0.0
  0
VERTEX
  5
50D
330
50A
100
AcDbEntity
  8
Layer 01
100
AcDbVertex
100
AcDb2dVertex
 10
17756.3151479825
 20
16375.62854670825
 30
0.0
  0
SEQEND
  5
50E
330
50A
100
AcDbEntity
  8
Layer 01
  0
POLYLINE
  5
50F
330
1F
100
AcDbEntity
  8
Layer 01
100
AcDb2dPolyline
 66
     1
 10
0.0
 20
0.0
 30
0.0
 70
     1
  0
VERTEX
  5
510
330
50F
100
AcDbEntity
  8
Layer 01
100
AcDbVertex
100
AcDb2dVertex
 10
18568.2329789715
 20
15853.2641572694
 30
0.0
  0
VERTEX
  5
511
330
50F
100
AcDbEntity
  8
Layer 01
100
AcDbVertex
100
AcDb2dVertex
 10
17979.56611435209
 20
16491.87142639024
 30
0.0
  0
VERTEX
  5
512
330
50F
100
AcDbEntity
  8
Layer 01
100
AcDbVertex
100
AcDb2dVertex
 10
18490.29300504766
 20
17458.70796184739
 30
0.0
  0
VERTEX
  5
513
330
50F
100
AcDbEntity
  8
Layer 01
100
AcDbVertex
100
AcDb2dVertex
 10
18858.96261419834
 20
16739.3372612704
 30
0.0
  0
SEQEND
  5
514
330
50F
100
AcDbEntity
  8
Layer 01
  0
POLYLINE
  5
515
330
1F
100
AcDbEntity
  8
Layer 01
100
AcDb2dPolyline
 66
     1
 10
0.0
 20
0.0
 30
0.0
 70
     1
  0
VERTEX
  5
516
330
515
100
AcDbEntity
  8
Layer 01
100
AcDbVertex
100
AcDb2dVertex
 10
15874.82507697718
 20
14352.70425808075
 30
0.0
  0
VERTEX
  5
517
330
515
100
AcDbEntity
  8
Layer 01
100
AcDbVertex
100
AcDb2dVertex
 10
16113.17603399526
 20
13265.06797669805
 30
0.0
  0
VERTEX
  5
518
330
515
100
AcDbEntity
  8
Layer 01
100
AcDbVertex
100
AcDb2dVertex
 10
15507.90247686474
 20
12119.24894965816
 30
0.0
  0
VERTEX
  5
519
330
515
100
AcDbEntity
  8
Layer 01
100
AcDbVertex
100
AcDb2dVertex
 10
15082.15958048991
 20
12645.70988625738
 30
0.0
  0
VERTEX
  5
51A
330
515
100
AcDbEntity
  8
Layer 01
100
AcDbVertex
100
AcDb2dVertex
 10
14862.8423657371
 20
13166.8896352967
 30
0.0
  0
VERTEX
  5
51B
330
515
100
AcDbEntity
  8
Layer 01
100
AcDbVertex
100
AcDb2dVertex
 10
15853.9862380465
 20
14386.38201805938
 30
0.0
  0
SEQEND
  5
51C
330
515
100
AcDbEntity
  8
Layer 01
  0
POLYLINE
  5
51D
330
1F
100
AcDbEntity
  8
Layer 01
100
AcDb2dPolyline
 66
     1
 10
0.0
 20
0.0
 30
0.0
 70
     1
  0
VERTEX
  5
51E
330
51D
100
AcDbEntity
  8
Layer 01
100
AcDbVertex
100
AcDb2dVertex
 10
17758.00767608868
 20
13745.76819428002
 30
0.0
  0
VERTEX
  5
51F
330
51D
100
AcDbEntity
  8
Layer 01
100
AcDbVertex
100
AcDb2dVertex
 10
17457.07849197069
 20
13528.28749387305
 30
0.0
  0
VERTEX
  5
520
330
51D
100
AcDbEntity
  8
Layer 01
100
AcDbVertex
100
AcDb2dVertex
 10
16698.3296044467
 20
14066.41412052746
 30
0.0
  0
VERTEX
  5
521
330
51D
100
AcDbEntity
  8
Layer 01
100
AcDbVertex
100
AcDb2dVertex
 10
17124.63986590405
 20
14873.44493039125
 30
0.0
  0
SEQEND
  5
522
330
51D
100
AcDbEntity
  8
Layer 01
  0
POLYLINE
  5
523
330
1F
100
AcDbEntity
  8
Layer 01
100
AcDb2dPolyline
 66
     1
 10
0.0
 20
0.0
 30
0.0
 70
     1
  0
VERTEX
  5
524
330
523
100
AcDbEntity
  8
Layer 01
100
AcDbVertex
100
AcDb2dVertex
 10
15654.87115348174
 20
15735.34419889522
 30
0.0
  0
VERTEX
  5
525
330
523
100
AcDbEntity
  8
Layer 01
100
AcDbVertex
100
AcDb2dVertex
 10
15881.33722431263
 20
14701.94069081043
 30
0.0
  0
VERTEX
  5
526
330
523
100
AcDbEntity
  8
Layer 01
100
AcDbVertex
100
AcDb2dVertex
 10
16673.52186527599
 20
15676.63585100493
 30
0.0
  0
VERTEX
  5
527
330
523
100
AcDbEntity
  8
Layer 01
100
AcDbVertex
100
AcDb2dVertex
 10
16268.66873251595
 20
16397.45470541144
 30
0.0
  0
VERTEX
  5
528
330
523
100
AcDbEntity
  8
Layer 01
100
AcDbVertex
100
AcDb2dVertex
 10
15796.30568955324
 20
16073.79698105996
 30
0.0
  0
SEQEND
  5
529
330
523
100
AcDbEntity
  8
Layer 01
  0
POLYLINE
  5
52A
330
1F
100
AcDbEntity
  8
Layer 01
100
AcDb2dPolyline
 66
     1
 10
0.0
 20
0.0
 30
0.0
 70
     1
  0
VERTEX
  5
52B
330
52A
100
AcDbEntity
  8
Layer 01
100
AcDbVertex
100
AcDb2dVertex
 10
17831.54312968619
 20
13608.01296045575
 30
0.0
  0
VERTEX
  5
52C
330
52A
100
AcDbEntity
  8
Layer 01
100
AcDbVertex
100
AcDb2dVertex
 10
17590.3947979497
 20
13433.7357189787
 30
0.0
  0
VERTEX
  5
52D
330
52A
100
AcDbEntity
  8
Layer 01
100
AcDbVertex
100
AcDb2dVertex
 10
17739.63257419471
 20
13327.89197749763
 30
0.0
  0
SEQEND
  5
52E
330
52A
100
AcDbEntity
  8
Layer 01
  0
POLYLINE
  5
52F
330
1F
100
AcDbEntity
  8
Layer 01
100
AcDb2dPolyline
 66
     1
 10
0.0
 20
0.0
 30
0.0
 70
     1
  0
VERTEX
  5
530
330
52F
100
AcDbEntity
  8
Layer 01
100
AcDbVertex
100
AcDb2dVertex
 10
18512.66028463379
 20
12639.51882427232
 30
0.0
  0
VERTEX
  5
531
330
52F
100
AcDbEntity
  8
Layer 01
100
AcDbVertex
100
AcDb2dVertex
 10
19691.99319940378
 20
11803.10185739063
 30
0.0
  0
VERTEX
  5
532
330
52F
100
AcDbEntity
  8
Layer 01
100
AcDbVertex
100
AcDb2dVertex
 10
19689.36609435782
 20
11175.66234554919
 30
0.0
  0
VERTEX
  5
533
330
52F
100
AcDbEntity
  8
Layer 01
100
AcDbVertex
100
AcDb2dVertex
 10
19334.84588327507
 20
11175.66234554919
 30
0.0
  0
SEQEND
  5
534
330
52F
100
AcDbEntity
  8
Layer 01
  0
POLYLINE
  5
535
330
1F
100
AcDbEntity
  8
Layer 01
100
AcDb2dPolyline
 66
     1
 10
0.0
 20
0.0
 30
0.0
 70
     1
  0
VERTEX
  5
536
330
535
100
AcDbEntity
  8
Layer 01
100
AcDbVertex
100
AcDb2dVertex
 10
19515.84874721782
 20
14825.25603534654
 30
0.0
  0
VERTEX
  5
537
330
535
100
AcDbEntity
  8
Layer 01
100
AcDbVertex
100
AcDb2dVertex
 10
19703.79334608632
 20
14621.36688471968
 30
0.0
  0
VERTEX
  5
538
330
535
100
AcDbEntity
  8
Layer 01
100
AcDbVertex
100
AcDb2dVertex
 10
19705.22006355175
 20
14962.11416904335
 30
0.0
  0
SEQEND
  5
539
330
535
100
AcDbEntity
  8
Layer 01
  0
POLYLINE
  5
53A
330
1F
100
AcDbEntity
  8
Layer 01
100
AcDb2dPolyline
 66
     1
 10
0.0
 20
0.0
 30
0.0
 70
     1
  0
VERTEX
  5
53B
330
53A
100
AcDbEntity
  8
Layer 01
100
AcDbVertex
100
AcDb2dVertex
 10
18530.81760449555
 20
15739.23121056482
 30
0.0
  0
VERTEX
  5
53C
330
53A
100
AcDbEntity
  8
Layer 01
100
AcDbVertex
100
AcDb2dVertex
 10
18345.77336282567
 20
15175.26144027975
 30
0.0
  0
VERTEX
  5
53D
330
53A
100
AcDbEntity
  8
Layer 01
100
AcDbVertex
100
AcDb2dVertex
 10
17860.48207183455
 20
15755.25234309162
 30
0.0
  0
VERTEX
  5
53E
330
53A
100
AcDbEntity
  8
Layer 01
100
AcDbVertex
100
AcDb2dVertex
 10
17795.35170672952
 20
16143.14254038124
 30
0.0
  0
VERTEX
  5
53F
330
53A
100
AcDbEntity
  8
Layer 01
100
AcDbVertex
100
AcDb2dVertex
 10
17927.64271043387
 20
16393.57731878006
 30
0.0
  0
SEQEND
  5
540
330
53A
100
AcDbEntity
  8
Layer 01
  0
POLYLINE
  5
541
330
1F
100
AcDbEntity
  8
Layer 01
100
AcDb2dPolyline
 66
     1
 10
0.0
 20
0.0
 30
0.0
 70
     1
  0
VERTEX
  5
542
330
541
100
AcDbEntity
  8
Layer 01
100
AcDbVertex
100
AcDb2dVertex
 10
17890.76022860131
 20
15574.92784801337
 30
0.0
  0
VERTEX
  5
543
330
541
100
AcDbEntity
  8
Layer 01
100
AcDbVertex
100
AcDb2dVertex
 10
18089.1791451767
 20
14393.22477338292
 30
0.0
  0
VERTEX
  5
544
330
541
100
AcDbEntity
  8
Layer 01
100
AcDbVertex
100
AcDb2dVertex
 10
18311.80178709064
 20
15071.72435319934
 30
0.0
  0
SEQEND
  5
545
330
541
100
AcDbEntity
  8
Layer 01
  0
POLYLINE
  5
546
330
1F
100
AcDbEntity
  8
Layer 01
100
AcDb2dPolyline
 66
     1
 10
0.0
 20
0.0
 30
0.0
 70
     1
  0
VERTEX
  5
547
330
546
100
AcDbEntity
  8
Layer 01
100
AcDbVertex
100
AcDb2dVertex
 10
17690.54434783645
 20
15944.73594458876
 30
0.0
  0
VERTEX
  5
548
330
546
100
AcDbEntity
  8
Layer 01
100
AcDbVertex
100
AcDb2dVertex
 10
17189.25616823683
 20
14995.76745348455
 30
0.0
  0
VERTEX
  5
549
330
546
100
AcDbEntity
  8
Layer 01
100
AcDbVertex
100
AcDb2dVertex
 10
17882.12048995535
 20
13762.16043348822
 30
0.0
  0
VERTEX
  5
54A
330
546
100
AcDbEntity
  8
Layer 01
100
AcDbVertex
100
AcDb2dVertex
 10
17997.81352281336
 20
14114.76461384912
 30
0.0
  0
SEQEND
  5
54B
330
546
100
AcDbEntity
  8
Layer 01
  0
POLYLINE
  5
54C
330
1F
100
AcDbEntity
  8
Layer 01
100
AcDb2dPolyline
 66
     1
 10
0.0
 20
0.0
 30
0.0
 70
     1
  0
VERTEX
  5
54D
330
54C
100
AcDbEntity
  8
Layer 01
100
AcDbVertex
100
AcDb2dVertex
 10
18150.29053895043
 20
14029.2699490961
 30
0.0
  0
VERTEX
  5
54E
330
54C
100
AcDbEntity
  8
Layer 01
100
AcDbVertex
100
AcDb2dVertex
 10
18794.49696109626
 20
14494.83617294232
 30
0.0
  0
VERTEX
  5
54F
330
54C
100
AcDbEntity
  8
Layer 01
100
AcDbVertex
100
AcDb2dVertex
 10
18401.87688528132
 20
14964.07202460762
 30
0.0
  0
VERTEX
  5
550
330
54C
100
AcDbEntity
  8
Layer 01
100
AcDbVertex
100
AcDb2dVertex
 10
18131.62769457296
 20
14140.41832629142
 30
0.0
  0
SEQEND
  5
551
330
54C
100
AcDbEntity
  8
Layer 01
  0
POLYLINE
  5
552
330
1F
100
AcDbEntity
  8
Layer 01
100
AcDb2dPolyline
 66
     1
 10
0.0
 20
0.0
 30
0.0
 70
     1
  0
VERTEX
  5
553
330
552
100
AcDbEntity
  8
Layer 01
100
AcDbVertex
100
AcDb2dVertex
 10
18435.84846101634
 20
15067.60911168803
 30
0.0
  0
VERTEX
  5
554
330
552
100
AcDbEntity
  8
Layer 01
100
AcDbVertex
100
AcDb2dVertex
 10
18623.29690257105
 20
15638.90629753886
 30
0.0
  0
VERTEX
  5
555
330
552
100
AcDbEntity
  8
Layer 01
100
AcDbVertex
100
AcDb2dVertex
 10
19324.69236063258
 20
14878.00694177841
 30
0.0
  0
VERTEX
  5
556
330
552
100
AcDbEntity
  8
Layer 01
100
AcDbVertex
100
AcDb2dVertex
 10
18869.65343516532
 20
14549.1515517201
 30
0.0
  0
SEQEND
  5
557
330
552
100
AcDbEntity
  8
Layer 01
  0
POLYLINE
  5
558
330
1F
100
AcDbEntity
  8
Layer 01
100
AcDb2dPolyline
 66
     1
 10
0.0
 20
0.0
 30
0.0
 70
     1
  0
VERTEX
  5
559
330
558
100
AcDbEntity
  8
Layer 01
100
AcDbVertex
100
AcDb2dVertex
 10
18660.712277047
 20
15752.93924424345
 30
0.0
  0
VERTEX
  5
55A
330
558
100
AcDbEntity
  8
Layer 01
100
AcDbVertex
100
AcDb2dVertex
 10
18935.41349250081
 20
16590.16162943335
 30
0.0
  0
VERTEX
  5
55B
330
558
100
AcDbEntity
  8
Layer 01
100
AcDbVertex
100
AcDb2dVertex
 10
19680.93197808326
 20
15135.46034146432
 30
0.0
  0
VERTEX
  5
55C
330
558
100
AcDbEntity
  8
Layer 01
100
AcDbVertex
100
AcDb2dVertex
 10
19410.23572121103
 20
14939.8288951004
 30
0.0
  0
SEQEND
  5
55D
330
558
100
AcDbEntity
  8
Layer 01
  0
POLYLINE
  5
55E
330
1F
100
AcDbEntity
  8
Layer 01
100
AcDb2dPolyline
 66
     1
 10
0.0
 20
0.0
 30
0.0
 70
     1
  0
VERTEX
  5
55F
330
55E
100
AcDbEntity
  8
Layer 01
100
AcDbVertex
100
AcDb2dVertex
 10
18286.5297210702
 20
17379.35642991184
 30
0.0
  0
VERTEX
  5
560
330
55E
100
AcDbEntity
  8
Layer 01
100
AcDbVertex
100
AcDb2dVertex
 10
17759.37138936798
 20
16730.74668920604
 30
0.0
  0
VERTEX
  5
561
330
55E
100
AcDbEntity
  8
Layer 01
100
AcDbVertex
100
AcDb2dVertex
 10
17876.67987440162
 20
16603.48616925055
 30
0.0
  0
SEQEND
  5
562
330
55E
100
AcDbEntity
  8
Layer 01
  0
POLYLINE
  5
563
330
1F
100
AcDbEntity
  8
Layer 01
100
AcDb2dPolyline
 66
     1
 10
0.0
 20
0.0
 30
0.0
 70
     1
  0
VERTEX
  5
564
330
563
100
AcDbEntity
  8
Layer 01
100
AcDbVertex
100
AcDb2dVertex
 10
17513.84158354537
 20
16997.10637107045
 30
0.0
  0
VERTEX
  5
565
330
563
100
AcDbEntity
  8
Layer 01
100
AcDbVertex
100
AcDb2dVertex
 10
17475.66440453847
 20
17224.47425812385
 30
0.0
  0
VERTEX
  5
566
330
563
100
AcDbEntity
  8
Layer 01
100
AcDbVertex
100
AcDb2dVertex
 10
17370.60831906532
 20
17152.4910366164
 30
0.0
  0
SEQEND
  5
567
330
563
100
AcDbEntity
  8
Layer 01
  0
POLYLINE
  5
568
330
1F
100
AcDbEntity
  8
Layer 01
100
AcDb2dPolyline
 66
     1
 10
0.0
 20
0.0
 30
0.0
 70
     1
  0
VERTEX
  5
569
330
568
100
AcDbEntity
  8
Layer 01
100
AcDbVertex
100
AcDb2dVertex
 10
16132.24941123103
 20
16877.7101582146
 30
0.0
  0
VERTEX
  5
56A
330
568
100
AcDbEntity
  8
Layer 01
100
AcDbVertex
100
AcDb2dVertex
 10
16312.638849955
 20
16556.53663120841
 30
0.0
  0
VERTEX
  5
56B
330
568
100
AcDbEntity
  8
Layer 01
100
AcDbVertex
100
AcDb2dVertex
 10
16793.65421844953
 20
16886.12282950317
 30
0.0
  0
VERTEX
  5
56C
330
568
100
AcDbEntity
  8
Layer 01
100
AcDbVertex
100
AcDb2dVertex
 10
16354.89512545821
 20
17410.50125373004
 30
0.0
  0
SEQEND
  5
56D
330
568
100
AcDbEntity
  8
Layer 01
  0
POLYLINE
  5
56E
330
1F
100
AcDbEntity
  8
Layer 01
100
AcDb2dPolyline
 66
     1
 10
0.0
 20
0.0
 30
0.0
 70
     1
  0
VERTEX
  5
56F
330
56E
100
AcDbEntity
  8
Layer 01
100
AcDbVertex
100
AcDb2dVertex
 10
17041.23599423993
 20
15021.94096107808
 30
0.0
  0
VERTEX
  5
570
330
56E
100
AcDbEntity
  8
Layer 01
100
AcDbVertex
100
AcDb2dVertex
 10
16580.59303283817
 20
14149.91629780287
 30
0.0
  0
VERTEX
  5
571
330
56E
100
AcDbEntity
  8
Layer 01
100
AcDbVertex
100
AcDb2dVertex
 10
15997.75931199197
 20
14563.27880713436
 30
0.0
  0
VERTEX
  5
572
330
56E
100
AcDbEntity
  8
Layer 01
100
AcDbVertex
100
AcDb2dVertex
 10
16767.15250356831
 20
15509.93162181666
 30
0.0
  0
SEQEND
  5
573
330
56E
100
AcDbEntity
  8
Layer 01
  0
POLYLINE
  5
574
330
1F
100
AcDbEntity
  8
Layer 01
100
AcDb2dPolyline
 66
     1
 10
0.0
 20
0.0
 30
0.0
 70
     1
  0
VERTEX
  5
575
330
574
100
AcDbEntity
  8
Layer 01
100
AcDbVertex
100
AcDb2dVertex
 10
15743.44740670058
 20
14743.64415588511
 30
0.0
  0
VERTEX
  5
576
330
574
100
AcDbEntity
  8
Layer 01
100
AcDbVertex
100
AcDb2dVertex
 10
15797.56314209228
 20
14705.26371327216
 30
0.0
  0
VERTEX
  5
577
330
574
100
AcDbEntity
  8
Layer 01
100
AcDbVertex
100
AcDb2dVertex
 10
15600.3939881992
 20
15604.98036650705
 30
0.0
  0
VERTEX
  5
578
330
574
100
AcDbEntity
  8
Layer 01
100
AcDbVertex
100
AcDb2dVertex
 10
15443.215062387
 20
15228.85126666742
 30
0.0
  0
SEQEND
  5
579
330
574
100
AcDbEntity
  8
Layer 01
  0
POLYLINE
  5
57A
330
1F
100
AcDbEntity
  8
Layer 01
100
AcDb2dPolyline
 66
     1
 10
0.0
 20
0.0
 30
0.0
 70
     1
  0
VERTEX
  5
57B
330
57A
100
AcDbEntity
  8
Layer 01
100
AcDbVertex
100
AcDb2dVertex
 10
15358.56610859536
 20
15365.65289739742
 30
0.0
  0
VERTEX
  5
57C
330
57A
100
AcDbEntity
  8
Layer 01
100
AcDbVertex
100
AcDb2dVertex
 10
15551.60758840128
 20
15827.60107305719
 30
0.0
  0
VERTEX
  5
57D
330
57A
100
AcDbEntity
  8
Layer 01
100
AcDbVertex
100
AcDb2dVertex
 10
15536.64451723259
 20
15895.88013217056
 30
0.0
  0
VERTEX
  5
57E
330
57A
100
AcDbEntity
  8
Layer 01
100
AcDbVertex
100
AcDb2dVertex
 10
15181.18330724493
 20
15652.3221992759
 30
0.0
  0
SEQEND
  5
57F
330
57A
100
AcDbEntity
  8
Layer 01
  0
POLYLINE
  5
580
330
1F
100
AcDbEntity
  8
Layer 01
100
AcDb2dPolyline
 66
     1
 10
0.0
 20
0.0
 30
0.0
 70
     1
  0
VERTEX
  5
581
330
580
100
AcDbEntity
  8
Layer 01
100
AcDbVertex
100
AcDb2dVertex
 10
15307.03946325971
 20
16943.60735850092
 30
0.0
  0
VERTEX
  5
582
330
580
100
AcDbEntity
  8
Layer 01
100
AcDbVertex
100
AcDb2dVertex
 10
15512.07415461162
 20
16007.99890932015
 30
0.0
  0
VERTEX
  5
583
330
580
100
AcDbEntity
  8
Layer 01
100
AcDbVertex
100
AcDb2dVertex
 10
15125.14782760124
 20
15742.88144012445
 30
0.0
  0
VERTEX
  5
584
330
580
100
AcDbEntity
  8
Layer 01
100
AcDbVertex
100
AcDb2dVertex
 10
14762.79047456391
 20
16328.48911254208
 30
0.0
  0
SEQEND
  5
585
330
580
100
AcDbEntity
  8
Layer 01
  0
POLYLINE
  5
586
330
1F
100
AcDbEntity
  8
Layer 01
100
AcDb2dPolyline
 66
     1
 10
0.0
 20
0.0
 30
0.0
 70
     1
  0
VERTEX
  5
587
330
586
100
AcDbEntity
  8
Layer 01
100
AcDbVertex
100
AcDb2dVertex
 10
15314.01258889777
 20
15259.03634449793
 30
0.0
  0
VERTEX
  5
588
330
586
100
AcDbEntity
  8
Layer 01
100
AcDbVertex
100
AcDb2dVertex
 10
15103.56621670772
 20
15599.13986152041
 30
0.0
  0
VERTEX
  5
589
330
586
100
AcDbEntity
  8
Layer 01
100
AcDbVertex
100
AcDb2dVertex
 10
14815.50792915092
 20
15401.76563586877
 30
0.0
  0
VERTEX
  5
58A
330
586
100
AcDbEntity
  8
Layer 01
100
AcDbVertex
100
AcDb2dVertex
 10
15246.05350203696
 20
15096.41027974534
 30
0.0
  0
SEQEND
  5
58B
330
586
100
AcDbEntity
  8
Layer 01
  0
POLYLINE
  5
58C
330
1F
100
AcDbEntity
  8
Layer 01
100
AcDb2dPolyline
 66
     1
 10
0.0
 20
0.0
 30
0.0
 70
     1
  0
VERTEX
  5
58D
330
58C
100
AcDbEntity
  8
Layer 01
100
AcDbVertex
100
AcDb2dVertex
 10
15916.73701857018
 20
14463.58987960096
 30
0.0
  0
VERTEX
  5
58E
330
58C
100
AcDbEntity
  8
Layer 01
100
AcDbVertex
100
AcDb2dVertex
 10
16364.24878412513
 20
13740.36370188036
 30
0.0
  0
VERTEX
  5
58F
330
58C
100
AcDbEntity
  8
Layer 01
100
AcDbVertex
100
AcDb2dVertex
 10
16526.74828653338
 20
14047.98497419664
 30
0.0
  0
VERTEX
  5
590
330
58C
100
AcDbEntity
  8
Layer 01
100
AcDbVertex
100
AcDb2dVertex
 10
15925.51849386733
 20
14474.39450901296
 30
0.0
  0
SEQEND
  5
591
330
58C
100
AcDbEntity
  8
Layer 01
  0
POLYLINE
  5
592
330
1F
100
AcDbEntity
  8
Layer 01
100
AcDb2dPolyline
 66
     1
 10
0.0
 20
0.0
 30
0.0
 70
     1
  0
VERTEX
  5
593
330
592
100
AcDbEntity
  8
Layer 01
100
AcDbVertex
100
AcDb2dVertex
 10
16400.65767427046
 20
13502.90336180772
 30
0.0
  0
VERTEX
  5
594
330
592
100
AcDbEntity
  8
Layer 01
100
AcDbVertex
100
AcDb2dVertex
 10
16219.32728525287
 20
13159.63409542524
 30
0.0
  0
VERTEX
  5
595
330
592
100
AcDbEntity
  8
Layer 01
100
AcDbVertex
100
AcDb2dVertex
 10
16318.81254490653
 20
12705.66579919604
 30
0.0
  0
VERTEX
  5
596
330
592
100
AcDbEntity
  8
Layer 01
100
AcDbVertex
100
AcDb2dVertex
 10
16716.24150782036
 20
12992.88662648085
 30
0.0
  0
SEQEND
  5
597
330
592
100
AcDbEntity
  8
Layer 01
  0
POLYLINE
  5
598
330
1F
100
AcDbEntity
  8
Layer 01
100
AcDb2dPolyline
 66
     1
 10
0.0
 20
0.0
 30
0.0
 70
     1
  0
VERTEX
  5
599
330
598
100
AcDbEntity
  8
Layer 01
100
AcDbVertex
100
AcDb2dVertex
 10
15770.0083620554
 20
12309.04651342436
 30
0.0
  0
VERTEX
  5
59A
330
598
100
AcDbEntity
  8
Layer 01
100
AcDbVertex
100
AcDb2dVertex
 10
16160.63166792095
 20
13048.51978297849
 30
0.0
  0
VERTEX
  5
59B
330
598
100
AcDbEntity
  8
Layer 01
100
AcDbVertex
100
AcDb2dVertex
 10
16247.12092756365
 20
12653.85446292191
 30
0.0
  0
SEQEND
  5
59C
330
598
100
AcDbEntity
  8
Layer 01
  0
POLYLINE
  5
59D
330
1F
100
AcDbEntity
  8
Layer 01
100
AcDb2dPolyline
 66
     1
 10
0.0
 20
0.0
 30
0.0
 70
     1
  0
VERTEX
  5
59E
330
59D
100
AcDbEntity
  8
Layer 01
100
AcDbVertex
100
AcDb2dVertex
 10
15252.39183615974
 20
12241.1743627309
 30
0.0
  0
VERTEX
  5
59F
330
59D
100
AcDbEntity
  8
Layer 01
100
AcDbVertex
100
AcDb2dVertex
 10
15408.67877515784
 20
12047.91460670497
 30
0.0
  0
VERTEX
  5
5A0
330
59D
100
AcDbEntity
  8
Layer 01
100
AcDbVertex
100
AcDb2dVertex
 10
15351.19817639256
 20
12006.37353478825
 30
0.0
  0
SEQEND
  5
5A1
330
59D
100
AcDbEntity
  8
Layer 01
  0
POLYLINE
  5
5A2
330
1F
100
AcDbEntity
  8
Layer 01
100
AcDb2dPolyline
 66
     1
 10
0.0
 20
0.0
 30
0.0
 70
     1
  0
VERTEX
  5
5A3
330
5A2
100
AcDbEntity
  8
Layer 01
100
AcDbVertex
100
AcDb2dVertex
 10
15345.11124884991
 20
11811.07542332922
 30
0.0
  0
VERTEX
  5
5A4
330
5A2
100
AcDbEntity
  8
Layer 01
100
AcDbVertex
100
AcDb2dVertex
 10
15011.97952335738
 20
11180.43715228104
 30
0.0
  0
VERTEX
  5
5A5
330
5A2
100
AcDbEntity
  8
Layer 01
100
AcDbVertex
100
AcDb2dVertex
 10
14740.85957095187
 20
11374.38438415164
 30
0.0
  0
SEQEND
  5
5A6
330
5A2
100
AcDbEntity
  8
Layer 01
  0
POLYLINE
  5
5A7
330
1F
100
AcDbEntity
  8
Layer 01
100
AcDb2dPolyline
 66
     1
 10
0.0
 20
0.0
 30
0.0
 70
     1
  0
VERTEX
  5
5A8
330
5A7
100
AcDbEntity
  8
Layer 01
100
AcDbVertex
100
AcDb2dVertex
 10
19694.61763190009
 20
12429.90307604534
 30
0.0
  0
VERTEX
  5
5A9
330
5A7
100
AcDbEntity
  8
Layer 01
100
AcDbVertex
100
AcDb2dVertex
 10
18194.67158799079
 20
13764.95431321072
 30
0.0
  0
VERTEX
  5
5AA
330
5A7
100
AcDbEntity
  8
Layer 01
100
AcDbVertex
100
AcDb2dVertex
 10
18339.49352050412
 20
12902.45326805506
 30
0.0
  0
VERTEX
  5
5AB
330
5A7
100
AcDbEntity
  8
Layer 01
100
AcDbVertex
100
AcDb2dVertex
 10
19692.57814655112
 20
11942.80656890971
 30
0.0
  0
SEQEND
  5
5AC
330
5A7
100
AcDbEntity
  8
Layer 01
  0
POLYLINE
  5
5AD
330
1F
100
AcDbEntity
  8
Layer 01
100
AcDb2dPolyline
 66
     1
 10
0.0
 20
0.0
 30
0.0
 70
     1
  0
VERTEX
  5
5AE
330
5AD
100
AcDbEntity
  8
Layer 01
100
AcDbVertex
100
AcDb2dVertex
 10
17433.42406775669
 20
12012.46375999773
 30
0.0
  0
VERTEX
  5
5AF
330
5AD
100
AcDbEntity
  8
Layer 01
100
AcDbVertex
100
AcDb2dVertex
 10
17804.06181576632
 20
13142.07732547615
 30
0.0
  0
VERTEX
  5
5B0
330
5AD
100
AcDbEntity
  8
Layer 01
100
AcDbVertex
100
AcDb2dVertex
 10
18209.40783003435
 20
12854.59422418598
 30
0.0
  0
VERTEX
  5
5B1
330
5AD
100
AcDbEntity
  8
Layer 01
100
AcDbVertex
100
AcDb2dVertex
 10
18491.31607882787
 20
11175.66234554919
 30
0.0
  0
VERTEX
  5
5B2
330
5AD
100
AcDbEntity
  8
Layer 01
100
AcDbVertex
100
AcDb2dVertex
 10
17951.2129558456
 20
11175.66234554919
 30
0.0
  0
SEQEND
  5
5B3
330
5AD
100
AcDbEntity
  8
Layer 01
  0
POLYLINE
  5
5B4
330
1F
100
AcDbEntity
  8
Layer 01
100
AcDb2dPolyline
 66
     1
 10
0.0
 20
0.0
 30
0.0
 70
     1
  0
VERTEX
  5
5B5
330
5B4
100
AcDbEntity
  8
Layer 01
100
AcDbVertex
100
AcDb2dVertex
 10
17912.11322428913
 20
13471.39169642697
 30
0.0
  0
VERTEX
  5
5B6
330
5B4
100
AcDbEntity
  8
Layer 01
100
AcDbVertex
100
AcDb2dVertex
 10
17841.35756292937
 20
13255.74567727323
 30
0.0
  0
VERTEX
  5
5B7
330
5B4
100
AcDbEntity
  8
Layer 01
100
AcDbVertex
100
AcDb2dVertex
 10
18160.26847633256
 20
13029.56484609869
 30
0.0
  0
SEQEND
  5
5B8
330
5B4
100
AcDbEntity
  8
Layer 01
  0
POLYLINE
  5
5B9
330
1F
100
AcDbEntity
  8
Layer 01
100
AcDb2dPolyline
 66
     1
 10
0.0
 20
0.0
 30
0.0
 70
     1
  0
VERTEX
  5
5BA
330
5B9
100
AcDbEntity
  8
Layer 01
100
AcDbVertex
100
AcDb2dVertex
 10
18385.47719450988
 20
12628.59304397323
 30
0.0
  0
VERTEX
  5
5BB
330
5B9
100
AcDbEntity
  8
Layer 01
100
AcDbVertex
100
AcDb2dVertex
 10
19201.52624947601
 20
11175.66234554919
 30
0.0
  0
VERTEX
  5
5BC
330
5B9
100
AcDbEntity
  8
Layer 01
100
AcDbVertex
100
AcDb2dVertex
 10
18629.43774706287
 20
11175.66234554919
 30
0.0
  0
SEQEND
  5
5BD
330
5B9
100
AcDbEntity
  8
Layer 01
  0
POLYLINE
  5
5BE
330
1F
100
AcDbEntity
  8
Layer 01
100
AcDb2dPolyline
 66
     1
 10
0.0
 20
0.0
 30
0.0
 70
     1
  0
VERTEX
  5
5BF
330
5BE
100
AcDbEntity
  8
Layer 01
100
AcDbVertex
100
AcDb2dVertex
 10
18894.0357150521
 20
14375.87345334827
 30
0.0
  0
VERTEX
  5
5C0
330
5BE
100
AcDbEntity
  8
Layer 01
100
AcDbVertex
100
AcDb2dVertex
 10
18249.37691089942
 20
13909.98029425982
 30
0.0
  0
VERTEX
  5
5C1
330
5BE
100
AcDbEntity
  8
Layer 01
100
AcDbVertex
100
AcDb2dVertex
 10
19695.42571975286
 20
12622.90116291338
 30
0.0
  0
VERTEX
  5
5C2
330
5BE
100
AcDbEntity
  8
Layer 01
100
AcDbVertex
100
AcDb2dVertex
 10
19698.73866085212
 20
13414.14099143507
 30
0.0
  0
SEQEND
  5
5C3
330
5BE
100
AcDbEntity
  8
Layer 01
  0
POLYLINE
  5
5C4
330
1F
100
AcDbEntity
  8
Layer 01
100
AcDb2dPolyline
 66
     1
 10
0.0
 20
0.0
 30
0.0
 70
     1
  0
VERTEX
  5
5C5
330
5C4
100
AcDbEntity
  8
Layer 01
100
AcDbVertex
100
AcDb2dVertex
 10
19699.33916476325
 20
13557.56117230727
 30
0.0
  0
VERTEX
  5
5C6
330
5C4
100
AcDbEntity
  8
Layer 01
100
AcDbVertex
100
AcDb2dVertex
 10
18969.19218912116
 20
14430.18883212604
 30
0.0
  0
VERTEX
  5
5C7
330
5C4
100
AcDbEntity
  8
Layer 01
100
AcDbVertex
100
AcDb2dVertex
 10
19430.30538663937
 20
14763.43408202456
 30
0.0
  0
VERTEX
  5
5C8
330
5C4
100
AcDbEntity
  8
Layer 01
100
AcDbVertex
100
AcDb2dVertex
 10
19703.14886513244
 20
14467.44353258105
 30
0.0
  0
SEQEND
  5
5C9
330
5C4
100
AcDbEntity
  8
Layer 01
  0
POLYLINE
  5
5CA
330
1F
100
AcDbEntity
  8
Layer 01
100
AcDb2dPolyline
 66
     1
 10
0.0
 20
0.0
 30
0.0
 70
     1
  0
VERTEX
  5
5CB
330
5CA
100
AcDbEntity
  8
Layer 01
100
AcDbVertex
100
AcDb2dVertex
 10
19851.43829138134
 20
15067.78568340261
 30
0.0
  0
VERTEX
  5
5CC
330
5CA
100
AcDbEntity
  8
Layer 01
100
AcDbVertex
100
AcDb2dVertex
 10
20536.19327772699
 20
13731.64985331383
 30
0.0
  0
VERTEX
  5
5CD
330
5CA
100
AcDbEntity
  8
Layer 01
100
AcDbVertex
100
AcDb2dVertex
 10
20724.31055344695
 20
15199.83647944788
 30
0.0
  0
VERTEX
  5
5CE
330
5CA
100
AcDbEntity
  8
Layer 01
100
AcDbVertex
100
AcDb2dVertex
 10
20487.30575138985
 20
15527.32536206145
 30
0.0
  0
SEQEND
  5
5CF
330
5CA
100
AcDbEntity
  8
Layer 01
  0
POLYLINE
  5
5D0
330
1F
100
AcDbEntity
  8
Layer 01
100
AcDb2dPolyline
 66
     1
 10
0.0
 20
0.0
 30
0.0
 70
     1
  0
VERTEX
  5
5D1
330
5D0
100
AcDbEntity
  8
Layer 01
100
AcDbVertex
100
AcDb2dVertex
 10
20393.2329564828
 20
11808.08920669042
 30
0.0
  0
VERTEX
  5
5D2
330
5D0
100
AcDbEntity
  8
Layer 01
100
AcDbVertex
100
AcDb2dVertex
 10
20350.68972553259
 20
11476.054828271
 30
0.0
  0
VERTEX
  5
5D3
330
5D0
100
AcDbEntity
  8
Layer 01
100
AcDbVertex
100
AcDb2dVertex
 10
20552.6389316656
 20
11332.82661820203
 30
0.0
  0
VERTEX
  5
5D4
330
5D0
100
AcDbEntity
  8
Layer 01
100
AcDbVertex
100
AcDb2dVertex
 10
20669.66500898225
 20
11562.04638723027
 30
0.0
  0
SEQEND
  5
5D5
330
5D0
100
AcDbEntity
  8
Layer 01
  0
POLYLINE
  5
5D6
330
1F
100
AcDbEntity
  8
Layer 01
100
AcDb2dPolyline
 66
     1
 10
0.0
 20
0.0
 30
0.0
 70
     1
  0
VERTEX
  5
5D7
330
5D6
100
AcDbEntity
  8
Layer 01
100
AcDbVertex
100
AcDb2dVertex
 10
20479.46112380511
 20
12481.06855733302
 30
0.0
  0
VERTEX
  5
5D8
330
5D6
100
AcDbEntity
  8
Layer 01
100
AcDbVertex
100
AcDb2dVertex
 10
20415.5128877118
 20
11981.97593206646
 30
0.0
  0
VERTEX
  5
5D9
330
5D6
100
AcDbEntity
  8
Layer 01
100
AcDbVertex
100
AcDb2dVertex
 10
20737.66528237028
 20
11695.23898256683
 30
0.0
  0
VERTEX
  5
5DA
330
5D6
100
AcDbEntity
  8
Layer 01
100
AcDbVertex
100
AcDb2dVertex
 10
20888.98511587359
 20
11991.63016374919
 30
0.0
  0
SEQEND
  5
5DB
330
5D6
100
AcDbEntity
  8
Layer 01
  0
POLYLINE
  5
5DC
330
1F
100
AcDbEntity
  8
Layer 01
100
AcDb2dPolyline
 66
     1
 10
0.0
 20
0.0
 30
0.0
 70
     1
  0
VERTEX
  5
5DD
330
5DC
100
AcDbEntity
  8
Layer 01
100
AcDbVertex
100
AcDb2dVertex
 10
21155.21386527575
 20
14834.28720532317
 30
0.0
  0
VERTEX
  5
5DE
330
5DC
100
AcDbEntity
  8
Layer 01
100
AcDbVertex
100
AcDb2dVertex
 10
20873.53978972974
 20
15806.45564789718
 30
0.0
  0
VERTEX
  5
5DF
330
5DC
100
AcDbEntity
  8
Layer 01
100
AcDbVertex
100
AcDb2dVertex
 10
20596.53231930153
 20
15606.26310471378
 30
0.0
  0
SEQEND
  5
5E0
330
5DC
100
AcDbEntity
  8
Layer 01
  0
POLYLINE
  5
5E1
330
1F
100
AcDbEntity
  8
Layer 01
100
AcDb2dPolyline
 66
     1
 10
0.0
 20
0.0
 30
0.0
 70
     1
  0
VERTEX
  5
5E2
330
5E1
100
AcDbEntity
  8
Layer 01
100
AcDbVertex
100
AcDb2dVertex
 10
20911.21937944891
 20
16024.58569012427
 30
0.0
  0
VERTEX
  5
5E3
330
5E1
100
AcDbEntity
  8
Layer 01
100
AcDbVertex
100
AcDb2dVertex
 10
20852.72266913349
 20
16226.48093253453
 30
0.0
  0
VERTEX
  5
5E4
330
5E1
100
AcDbEntity
  8
Layer 01
100
AcDbVertex
100
AcDb2dVertex
 10
21021.35556049908
 20
16104.1808077103
 30
0.0
  0
SEQEND
  5
5E5
330
5E1
100
AcDbEntity
  8
Layer 01
  0
POLYLINE
  5
5E6
330
1F
100
AcDbEntity
  8
Layer 01
100
AcDb2dPolyline
 66
     1
 10
0.0
 20
0.0
 30
0.0
 70
     1
  0
VERTEX
  5
5E7
330
5E6
100
AcDbEntity
  8
Layer 01
100
AcDbVertex
100
AcDb2dVertex
 10
18436.43524553413
 20
17563.7985178116
 30
0.0
  0
VERTEX
  5
5E8
330
5E6
100
AcDbEntity
  8
Layer 01
100
AcDbVertex
100
AcDb2dVertex
 10
18519.73406511864
 20
17666.28845778343
 30
0.0
  0
VERTEX
  5
5E9
330
5E6
100
AcDbEntity
  8
Layer 01
100
AcDbVertex
100
AcDb2dVertex
 10
18479.53509693043
 20
17744.72714432079
 30
0.0
  0
VERTEX
  5
5EA
330
5E6
100
AcDbEntity
  8
Layer 01
100
AcDbVertex
100
AcDb2dVertex
 10
18410.59504331255
 20
17614.21950156996
 30
0.0
  0
SEQEND
  5
5EB
330
5E6
100
AcDbEntity
  8
Layer 01
  0
POLYLINE
  5
5EC
330
1F
100
AcDbEntity
  8
Layer 01
100
AcDb2dPolyline
 66
     1
 10
0.0
 20
0.0
 30
0.0
 70
     1
  0
VERTEX
  5
5ED
330
5EC
100
AcDbEntity
  8
Layer 01
100
AcDbVertex
100
AcDb2dVertex
 10
17580.11633737416
 20
17424.9976282242
 30
0.0
  0
VERTEX
  5
5EE
330
5EC
100
AcDbEntity
  8
Layer 01
100
AcDbVertex
100
AcDb2dVertex
 10
17475.57285006711
 20
18047.61649196746
 30
0.0
  0
VERTEX
  5
5EF
330
5EC
100
AcDbEntity
  8
Layer 01
100
AcDbVertex
100
AcDb2dVertex
 10
18188.48383009693
 20
18047.61649196746
 30
0.0
  0
VERTEX
  5
5F0
330
5EC
100
AcDbEntity
  8
Layer 01
100
AcDbVertex
100
AcDb2dVertex
 10
18266.53290321761
 20
17895.32236460623
 30
0.0
  0
SEQEND
  5
5F1
330
5EC
100
AcDbEntity
  8
Layer 01
  0
POLYLINE
  5
5F2
330
1F
100
AcDbEntity
  8
Layer 01
100
AcDb2dPolyline
 66
     1
 10
0.0
 20
0.0
 30
0.0
 70
     1
  0
VERTEX
  5
5F3
330
5F2
100
AcDbEntity
  8
Layer 01
100
AcDbVertex
100
AcDb2dVertex
 10
17105.85229657272
 20
15144.26348417138
 30
0.0
  0
VERTEX
  5
5F4
330
5F2
100
AcDbEntity
  8
Layer 01
100
AcDbVertex
100
AcDb2dVertex
 10
17549.06816183563
 20
15983.29761265996
 30
0.0
  0
VERTEX
  5
5F5
330
5F2
100
AcDbEntity
  8
Layer 01
100
AcDbVertex
100
AcDb2dVertex
 10
17347.5886457641
 20
16224.09378723331
 30
0.0
  0
VERTEX
  5
5F6
330
5F2
100
AcDbEntity
  8
Layer 01
100
AcDbVertex
100
AcDb2dVertex
 10
16845.99056042863
 20
15606.93308900927
 30
0.0
  0
SEQEND
  5
5F7
330
5F2
100
AcDbEntity
  8
Layer 01
  0
POLYLINE
  5
5F8
330
1F
100
AcDbEntity
  8
Layer 01
100
AcDb2dPolyline
 66
     1
 10
0.0
 20
0.0
 30
0.0
 70
     1
  0
VERTEX
  5
5F9
330
5F8
100
AcDbEntity
  8
Layer 01
100
AcDbVertex
100
AcDb2dVertex
 10
17595.7419167035
 20
16071.6538207926
 30
0.0
  0
VERTEX
  5
5FA
330
5F8
100
AcDbEntity
  8
Layer 01
100
AcDbVertex
100
AcDb2dVertex
 10
17407.01398805543
 20
16297.21006660706
 30
0.0
  0
VERTEX
  5
5FB
330
5F8
100
AcDbEntity
  8
Layer 01
100
AcDbVertex
100
AcDb2dVertex
 10
17592.94789453138
 20
16525.98107450968
 30
0.0
  0
VERTEX
  5
5FC
330
5F8
100
AcDbEntity
  8
Layer 01
100
AcDbVertex
100
AcDb2dVertex
 10
17651.50778908943
 20
16177.22195091578
 30
0.0
  0
SEQEND
  5
5FD
330
5F8
100
AcDbEntity
  8
Layer 01
  0
POLYLINE
  5
5FE
330
1F
100
AcDbEntity
  8
Layer 01
100
AcDb2dPolyline
 66
     1
 10
0.0
 20
0.0
 30
0.0
 70
     1
  0
VERTEX
  5
5FF
330
5FE
100
AcDbEntity
  8
Layer 01
100
AcDbVertex
100
AcDb2dVertex
 10
20396.59488467307
 20
15652.6679716801
 30
0.0
  0
VERTEX
  5
600
330
5FE
100
AcDbEntity
  8
Layer 01
100
AcDbVertex
100
AcDb2dVertex
 10
19823.0744302857
 20
15238.18630389683
 30
0.0
  0
VERTEX
  5
601
330
5FE
100
AcDbEntity
  8
Layer 01
100
AcDbVertex
100
AcDb2dVertex
 10
19828.09893975532
 20
16438.20522727802
 30
0.0
  0
SEQEND
  5
602
330
5FE
100
AcDbEntity
  8
Layer 01
  0
POLYLINE
  5
603
330
1F
100
AcDbEntity
  8
Layer 01
100
AcDb2dPolyline
 66
     1
 10
0.0
 20
0.0
 30
0.0
 70
     1
  0
VERTEX
  5
604
330
603
100
AcDbEntity
  8
Layer 01
100
AcDbVertex
100
AcDb2dVertex
 10
18988.4294480355
 20
16751.74134677298
 30
0.0
  0
VERTEX
  5
605
330
603
100
AcDbEntity
  8
Layer 01
100
AcDbVertex
100
AcDb2dVertex
 10
19706.84384653469
 20
15349.92721204259
 30
0.0
  0
VERTEX
  5
606
330
603
100
AcDbEntity
  8
Layer 01
100
AcDbVertex
100
AcDb2dVertex
 10
19718.13913952465
 20
18047.61649196746
 30
0.0
  0
VERTEX
  5
607
330
603
100
AcDbEntity
  8
Layer 01
100
AcDbVertex
100
AcDb2dVertex
 10
19413.61931844319
 20
18047.61649196746
 30
0.0
  0
SEQEND
  5
608
330
603
100
AcDbEntity
  8
Layer 01
  0
POLYLINE
  5
609
330
1F
100
AcDbEntity
  8
Layer 01
100
AcDb2dPolyline
 66
     1
 10
0.0
 20
0.0
 30
0.0
 70
     1
  0
VERTEX
  5
60A
330
609
100
AcDbEntity
  8
Layer 01
100
AcDbVertex
100
AcDb2dVertex
 10
18504.44427343734
 20
17929.38239221067
 30
0.0
  0
VERTEX
  5
60B
330
609
100
AcDbEntity
  8
Layer 01
100
AcDbVertex
100
AcDb2dVertex
 10
17599.53483989262
 20
17309.34885578435
 30
0.0
  0
VERTEX
  5
60C
330
609
100
AcDbEntity
  8
Layer 01
100
AcDbVertex
100
AcDb2dVertex
 10
17668.1902718465
 20
16900.46478147202
 30
0.0
  0
SEQEND
  5
60D
330
609
100
AcDbEntity
  8
Layer 01
  0
POLYLINE
  5
60E
330
1F
100
AcDbEntity
  8
Layer 01
100
AcDb2dPolyline
 66
     1
 10
0.0
 20
0.0
 30
0.0
 70
     1
  0
VERTEX
  5
60F
330
60E
100
AcDbEntity
  8
Layer 01
100
AcDbVertex
100
AcDb2dVertex
 10
16938.89054989918
 20
16856.68298640567
 30
0.0
  0
VERTEX
  5
610
330
60E
100
AcDbEntity
  8
Layer 01
100
AcDbVertex
100
AcDb2dVertex
 10
17283.25220070361
 20
17092.63562900493
 30
0.0
  0
VERTEX
  5
611
330
60E
100
AcDbEntity
  8
Layer 01
100
AcDbVertex
100
AcDb2dVertex
 10
17570.8243694987
 20
16780.66685952422
 30
0.0
  0
VERTEX
  5
612
330
60E
100
AcDbEntity
  8
Layer 01
100
AcDbVertex
100
AcDb2dVertex
 10
17290.78929192128
 20
16436.11481864209
 30
0.0
  0
SEQEND
  5
613
330
60E
100
AcDbEntity
  8
Layer 01
  0
POLYLINE
  5
614
330
1F
100
AcDbEntity
  8
Layer 01
100
AcDb2dPolyline
 66
     1
 10
0.0
 20
0.0
 30
0.0
 70
     1
  0
VERTEX
  5
615
330
614
100
AcDbEntity
  8
Layer 01
100
AcDbVertex
100
AcDb2dVertex
 10
16752.35992213631
 20
15773.63731819754
 30
0.0
  0
VERTEX
  5
616
330
614
100
AcDbEntity
  8
Layer 01
100
AcDbVertex
100
AcDb2dVertex
 10
17231.36394962994
 20
16362.99853926835
 30
0.0
  0
VERTEX
  5
617
330
614
100
AcDbEntity
  8
Layer 01
100
AcDbVertex
100
AcDb2dVertex
 10
16862.23485506528
 20
16804.159385929
 30
0.0
  0
VERTEX
  5
618
330
614
100
AcDbEntity
  8
Layer 01
100
AcDbVertex
100
AcDb2dVertex
 10
16364.93944198806
 20
16463.41828832431
 30
0.0
  0
SEQEND
  5
619
330
614
100
AcDbEntity
  8
Layer 01
  0
POLYLINE
  5
61A
330
1F
100
AcDbEntity
  8
Layer 01
100
AcDb2dPolyline
 66
     1
 10
0.0
 20
0.0
 30
0.0
 70
     1
  0
VERTEX
  5
61B
330
61A
100
AcDbEntity
  8
Layer 01
100
AcDbVertex
100
AcDb2dVertex
 10
16553.0786984027
 20
17884.75445599251
 30
0.0
  0
VERTEX
  5
61C
330
61A
100
AcDbEntity
  8
Layer 01
100
AcDbVertex
100
AcDb2dVertex
 10
17210.39779973985
 20
17171.67073840077
 30
0.0
  0
VERTEX
  5
61D
330
61A
100
AcDbEntity
  8
Layer 01
100
AcDbVertex
100
AcDb2dVertex
 10
16870.30991328342
 20
16938.64642997984
 30
0.0
  0
VERTEX
  5
61E
330
61A
100
AcDbEntity
  8
Layer 01
100
AcDbVertex
100
AcDb2dVertex
 10
16395.06576973888
 20
17506.6295876984
 30
0.0
  0
SEQEND
  5
61F
330
61A
100
AcDbEntity
  8
Layer 01
  0
POLYLINE
  5
620
330
1F
100
AcDbEntity
  8
Layer 01
100
AcDb2dPolyline
 66
     1
 10
0.0
 20
0.0
 30
0.0
 70
     1
  0
VERTEX
  5
621
330
620
100
AcDbEntity
  8
Layer 01
100
AcDbVertex
100
AcDb2dVertex
 10
17456.24590202
 20
17340.1230305637
 30
0.0
  0
VERTEX
  5
622
330
620
100
AcDbEntity
  8
Layer 01
100
AcDbVertex
100
AcDb2dVertex
 10
17297.75391810155
 20
17231.52614601224
 30
0.0
  0
VERTEX
  5
623
330
620
100
AcDbEntity
  8
Layer 01
100
AcDbVertex
100
AcDb2dVertex
 10
16597.53810029662
 20
17991.1457850295
 30
0.0
  0
VERTEX
  5
624
330
620
100
AcDbEntity
  8
Layer 01
100
AcDbVertex
100
AcDb2dVertex
 10
16621.13639423385
 20
18047.61649196746
 30
0.0
  0
VERTEX
  5
625
330
620
100
AcDbEntity
  8
Layer 01
100
AcDbVertex
100
AcDb2dVertex
 10
17337.4511818321
 20
18047.61649196746
 30
0.0
  0
SEQEND
  5
626
330
620
100
AcDbEntity
  8
Layer 01
  0
POLYLINE
  5
627
330
1F
100
AcDbEntity
  8
Layer 01
100
AcDb2dPolyline
 66
     1
 10
0.0
 20
0.0
 30
0.0
 70
     1
  0
VERTEX
  5
628
330
627
100
AcDbEntity
  8
Layer 01
100
AcDbVertex
100
AcDb2dVertex
 10
15942.40999202027
 20
18047.61649196746
 30
0.0
  0
VERTEX
  5
629
330
627
100
AcDbEntity
  8
Layer 01
100
AcDbVertex
100
AcDb2dVertex
 10
16402.95280927073
 20
18047.61649196746
 30
0.0
  0
VERTEX
  5
62A
330
627
100
AcDbEntity
  8
Layer 01
100
AcDbVertex
100
AcDb2dVertex
 10
16455.49889895575
 20
17990.61257879761
 30
0.0
  0
VERTEX
  5
62B
330
627
100
AcDbEntity
  8
Layer 01
100
AcDbVertex
100
AcDb2dVertex
 10
16300.48567893249
 20
17619.66601195154
 30
0.0
  0
SEQEND
  5
62C
330
627
100
AcDbEntity
  8
Layer 01
  0
POLYLINE
  5
62D
330
1F
100
AcDbEntity
  8
Layer 01
100
AcDb2dPolyline
 66
     1
 10
0.0
 20
0.0
 30
0.0
 70
     1
  0
VERTEX
  5
62E
330
62D
100
AcDbEntity
  8
Layer 01
100
AcDbVertex
100
AcDb2dVertex
 10
16050.93372313979
 20
17022.48829228908
 30
0.0
  0
VERTEX
  5
62F
330
62D
100
AcDbEntity
  8
Layer 01
100
AcDbVertex
100
AcDb2dVertex
 10
16260.31503465182
 20
17523.53767798317
 30
0.0
  0
VERTEX
  5
630
330
62D
100
AcDbEntity
  8
Layer 01
100
AcDbVertex
100
AcDb2dVertex
 10
15821.80663221568
 20
18047.61649196746
 30
0.0
  0
VERTEX
  5
631
330
62D
100
AcDbEntity
  8
Layer 01
100
AcDbVertex
100
AcDb2dVertex
 10
15475.16304152774
 20
18047.61649196746
 30
0.0
  0
SEQEND
  5
632
330
62D
100
AcDbEntity
  8
Layer 01
  0
POLYLINE
  5
633
330
1F
100
AcDbEntity
  8
Layer 01
100
AcDb2dPolyline
 66
     1
 10
0.0
 20
0.0
 30
0.0
 70
     1
  0
VERTEX
  5
634
330
633
100
AcDbEntity
  8
Layer 01
100
AcDbVertex
100
AcDb2dVertex
 10
15673.09976953882
 20
16118.3318086993
 30
0.0
  0
VERTEX
  5
635
330
633
100
AcDbEntity
  8
Layer 01
100
AcDbVertex
100
AcDb2dVertex
 10
15584.27813479352
 20
16057.47224611682
 30
0.0
  0
VERTEX
  5
636
330
633
100
AcDbEntity
  8
Layer 01
100
AcDbVertex
100
AcDb2dVertex
 10
15148.14631966183
 20
18047.61649196746
 30
0.0
  0
VERTEX
  5
637
330
633
100
AcDbEntity
  8
Layer 01
100
AcDbVertex
100
AcDb2dVertex
 10
15341.84340772868
 20
18047.61649196746
 30
0.0
  0
VERTEX
  5
638
330
633
100
AcDbEntity
  8
Layer 01
100
AcDbVertex
100
AcDb2dVertex
 10
15994.05785129761
 20
16886.38435616628
 30
0.0
  0
SEQEND
  5
639
330
633
100
AcDbEntity
  8
Layer 01
  0
POLYLINE
  5
63A
330
1F
100
AcDbEntity
  8
Layer 01
100
AcDb2dPolyline
 66
     1
 10
0.0
 20
0.0
 30
0.0
 70
     1
  0
VERTEX
  5
63B
330
63A
100
AcDbEntity
  8
Layer 01
100
AcDbVertex
100
AcDb2dVertex
 10
15546.48593005583
 20
14883.33492413597
 30
0.0
  0
VERTEX
  5
63C
330
63A
100
AcDbEntity
  8
Layer 01
100
AcDbVertex
100
AcDb2dVertex
 10
15398.66154268941
 20
15122.23471376793
 30
0.0
  0
VERTEX
  5
63D
330
63A
100
AcDbEntity
  8
Layer 01
100
AcDbVertex
100
AcDb2dVertex
 10
15355.44794094421
 20
15018.82458393494
 30
0.0
  0
SEQEND
  5
63E
330
63A
100
AcDbEntity
  8
Layer 01
  0
POLYLINE
  5
63F
330
1F
100
AcDbEntity
  8
Layer 01
100
AcDb2dPolyline
 66
     1
 10
0.0
 20
0.0
 30
0.0
 70
     1
  0
VERTEX
  5
640
330
63F
100
AcDbEntity
  8
Layer 01
100
AcDbVertex
100
AcDb2dVertex
 10
14721.7064276335
 20
13502.2814233247
 30
0.0
  0
VERTEX
  5
641
330
63F
100
AcDbEntity
  8
Layer 01
100
AcDbVertex
100
AcDb2dVertex
 10
15310.2805473751
 20
14910.73903113284
 30
0.0
  0
VERTEX
  5
642
330
63F
100
AcDbEntity
  8
Layer 01
100
AcDbVertex
100
AcDb2dVertex
 10
15780.17731816576
 20
14577.47466883962
 30
0.0
  0
VERTEX
  5
643
330
63F
100
AcDbEntity
  8
Layer 01
100
AcDbVertex
100
AcDb2dVertex
 10
14784.68188593748
 20
13352.62817521327
 30
0.0
  0
SEQEND
  5
644
330
63F
100
AcDbEntity
  8
Layer 01
  0
POLYLINE
  5
645
330
1F
100
AcDbEntity
  8
Layer 01
100
AcDb2dPolyline
 66
     1
 10
0.0
 20
0.0
 30
0.0
 70
     1
  0
VERTEX
  5
646
330
645
100
AcDbEntity
  8
Layer 01
100
AcDbVertex
100
AcDb2dVertex
 10
16003.41143051769
 20
14144.89515866454
 30
0.0
  0
VERTEX
  5
647
330
645
100
AcDbEntity
  8
Layer 01
100
AcDbVertex
100
AcDb2dVertex
 10
16313.34786395104
 20
13644.00521712214
 30
0.0
  0
VERTEX
  5
648
330
645
100
AcDbEntity
  8
Layer 01
100
AcDbVertex
100
AcDb2dVertex
 10
16171.87165132718
 20
13376.18228914481
 30
0.0
  0
SEQEND
  5
649
330
645
100
AcDbEntity
  8
Layer 01
  0
POLYLINE
  5
64A
330
1F
100
AcDbEntity
  8
Layer 01
100
AcDb2dPolyline
 66
     1
 10
0.0
 20
0.0
 30
0.0
 70
     1
  0
VERTEX
  5
64B
330
64A
100
AcDbEntity
  8
Layer 01
100
AcDbVertex
100
AcDb2dVertex
 10
16451.55859444456
 20
13599.26184656595
 30
0.0
  0
VERTEX
  5
64C
330
64A
100
AcDbEntity
  8
Layer 01
100
AcDbVertex
100
AcDb2dVertex
 10
16792.61380679186
 20
13048.08067859878
 30
0.0
  0
VERTEX
  5
64D
330
64A
100
AcDbEntity
  8
Layer 01
100
AcDbVertex
100
AcDb2dVertex
 10
17359.22458214344
 20
13457.56874019296
 30
0.0
  0
VERTEX
  5
64E
330
64A
100
AcDbEntity
  8
Layer 01
100
AcDbVertex
100
AcDb2dVertex
 10
16644.48485814191
 20
13964.48279692123
 30
0.0
  0
SEQEND
  5
64F
330
64A
100
AcDbEntity
  8
Layer 01
  0
POLYLINE
  5
650
330
1F
100
AcDbEntity
  8
Layer 01
100
AcDb2dPolyline
 66
     1
 10
0.0
 20
0.0
 30
0.0
 70
     1
  0
VERTEX
  5
651
330
650
100
AcDbEntity
  8
Layer 01
100
AcDbVertex
100
AcDb2dVertex
 10
16354.92753672479
 20
12540.86689972946
 30
0.0
  0
VERTEX
  5
652
330
650
100
AcDbEntity
  8
Layer 01
100
AcDbVertex
100
AcDb2dVertex
 10
16797.86408692723
 20
12860.97593619999
 30
0.0
  0
VERTEX
  5
653
330
650
100
AcDbEntity
  8
Layer 01
100
AcDbVertex
100
AcDb2dVertex
 10
17313.18057704244
 20
12028.17017745027
 30
0.0
  0
VERTEX
  5
654
330
650
100
AcDbEntity
  8
Layer 01
100
AcDbVertex
100
AcDb2dVertex
 10
17033.46405040656
 20
11175.66234554919
 30
0.0
  0
VERTEX
  5
655
330
650
100
AcDbEntity
  8
Layer 01
100
AcDbVertex
100
AcDb2dVertex
 10
16654.10642362312
 20
11175.66234554919
 30
0.0
  0
SEQEND
  5
656
330
650
100
AcDbEntity
  8
Layer 01
  0
POLYLINE
  5
657
330
1F
100
AcDbEntity
  8
Layer 01
100
AcDb2dPolyline
 66
     1
 10
0.0
 20
0.0
 30
0.0
 70
     1
  0
VERTEX
  5
658
330
657
100
AcDbEntity
  8
Layer 01
100
AcDbVertex
100
AcDb2dVertex
 10
16571.06056792253
 20
11175.66234554919
 30
0.0
  0
VERTEX
  5
659
330
657
100
AcDbEntity
  8
Layer 01
100
AcDbVertex
100
AcDb2dVertex
 10
16283.23591938192
 20
12489.05556345534
 30
0.0
  0
VERTEX
  5
65A
330
657
100
AcDbEntity
  8
Layer 01
100
AcDbVertex
100
AcDb2dVertex
 10
15605.14533025366
 20
11999.0013445692
 30
0.0
  0
VERTEX
  5
65B
330
657
100
AcDbEntity
  8
Layer 01
100
AcDbVertex
100
AcDb2dVertex
 10
16270.97009667499
 20
11175.66234554919
 30
0.0
  0
SEQEND
  5
65C
330
657
100
AcDbEntity
  8
Layer 01
  0
POLYLINE
  5
65D
330
1F
100
AcDbEntity
  8
Layer 01
100
AcDb2dPolyline
 66
     1
 10
0.0
 20
0.0
 30
0.0
 70
     1
  0
VERTEX
  5
65E
330
65D
100
AcDbEntity
  8
Layer 01
100
AcDbVertex
100
AcDb2dVertex
 10
15543.80229379078
 20
11880.82490354889
 30
0.0
  0
VERTEX
  5
65F
330
65D
100
AcDbEntity
  8
Layer 01
100
AcDbVertex
100
AcDb2dVertex
 10
16114.0591333527
 20
11175.66234554919
 30
0.0
  0
VERTEX
  5
660
330
65D
100
AcDbEntity
  8
Layer 01
100
AcDbVertex
100
AcDb2dVertex
 10
15171.30346128459
 20
11175.66234554919
 30
0.0
  0
SEQEND
  5
661
330
65D
100
AcDbEntity
  8
Layer 01
  0
POLYLINE
  5
662
330
1F
100
AcDbEntity
  8
Layer 01
100
AcDb2dPolyline
 66
     1
 10
0.0
 20
0.0
 30
0.0
 70
     1
  0
VERTEX
  5
663
330
662
100
AcDbEntity
  8
Layer 01
100
AcDbVertex
100
AcDb2dVertex
 10
17395.12539069299
 20
11895.73872218558
 30
0.0
  0
VERTEX
  5
664
330
662
100
AcDbEntity
  8
Layer 01
100
AcDbVertex
100
AcDb2dVertex
 10
17840.68814902479
 20
11175.66234554919
 30
0.0
  0
VERTEX
  5
665
330
662
100
AcDbEntity
  8
Layer 01
100
AcDbVertex
100
AcDb2dVertex
 10
17158.86097710266
 20
11175.66234554919
 30
0.0
  0
SEQEND
  5
666
330
662
100
AcDbEntity
  8
Layer 01
  0
POLYLINE
  5
667
330
1F
100
AcDbEntity
  8
Layer 01
100
AcDb2dPolyline
 66
     1
 10
0.0
 20
0.0
 30
0.0
 70
     1
  0
VERTEX
  5
668
330
667
100
AcDbEntity
  8
Layer 01
100
AcDbVertex
100
AcDb2dVertex
 10
17702.33682703166
 20
13214.22362570055
 30
0.0
  0
VERTEX
  5
669
330
667
100
AcDbEntity
  8
Layer 01
100
AcDbVertex
100
AcDb2dVertex
 10
17492.54088812245
 20
13363.01696529861
 30
0.0
  0
VERTEX
  5
66A
330
667
100
AcDbEntity
  8
Layer 01
100
AcDbVertex
100
AcDb2dVertex
 10
16874.23638589874
 20
12916.16998831791
 30
0.0
  0
VERTEX
  5
66B
330
667
100
AcDbEntity
  8
Layer 01
100
AcDbVertex
100
AcDb2dVertex
 10
17351.47925410614
 20
12144.89521526243
 30
0.0
  0
SEQEND
  5
66C
330
667
100
AcDbEntity
  8
Layer 01
  0
POLYLINE
  5
66D
330
1F
100
AcDbEntity
  8
Layer 01
100
AcDb2dPolyline
 66
     1
 10
0.0
 20
0.0
 30
0.0
 70
     1
  0
VERTEX
  5
66E
330
66D
100
AcDbEntity
  8
Layer 01
100
AcDbVertex
100
AcDb2dVertex
 10
17995.9171370354
 20
13726.80560714365
 30
0.0
  0
VERTEX
  5
66F
330
66D
100
AcDbEntity
  8
Layer 01
100
AcDbVertex
100
AcDb2dVertex
 10
17961.27610726924
 20
13621.22818726092
 30
0.0
  0
VERTEX
  5
670
330
66D
100
AcDbEntity
  8
Layer 01
100
AcDbVertex
100
AcDb2dVertex
 10
18131.60250947659
 20
13317.97134624975
 30
0.0
  0
VERTEX
  5
671
330
66D
100
AcDbEntity
  8
Layer 01
100
AcDbVertex
100
AcDb2dVertex
 10
18055.70083457165
 20
13770.01112225914
 30
0.0
  0
SEQEND
  5
672
330
66D
100
AcDbEntity
  8
Layer 01
  0
POLYLINE
  5
673
330
1F
100
AcDbEntity
  8
Layer 01
100
AcDb2dPolyline
 66
     1
 10
0.0
 20
0.0
 30
0.0
 70
     1
  0
VERTEX
  5
674
330
673
100
AcDbEntity
  8
Layer 01
100
AcDbVertex
100
AcDb2dVertex
 10
20405.71819933279
 20
12713.33952318055
 30
0.0
  0
VERTEX
  5
675
330
673
100
AcDbEntity
  8
Layer 01
100
AcDbVertex
100
AcDb2dVertex
 10
19815.45654980872
 20
13418.78467201786
 30
0.0
  0
VERTEX
  5
676
330
673
100
AcDbEntity
  8
Layer 01
100
AcDbVertex
100
AcDb2dVertex
 10
19819.31963564733
 20
14341.4172468003
 30
0.0
  0
VERTEX
  5
677
330
673
100
AcDbEntity
  8
Layer 01
100
AcDbVertex
100
AcDb2dVertex
 10
20424.11841605499
 20
13685.30948749326
 30
0.0
  0
VERTEX
  5
678
330
673
100
AcDbEntity
  8
Layer 01
100
AcDbVertex
100
AcDb2dVertex
 10
20509.02737767795
 20
13519.62992592406
 30
0.0
  0
SEQEND
  5
679
330
673
100
AcDbEntity
  8
Layer 01
  0
POLYLINE
  5
67A
330
1F
100
AcDbEntity
  8
Layer 01
100
AcDb2dPolyline
 66
     1
 10
0.0
 20
0.0
 30
0.0
 70
     1
  0
VERTEX
  5
67B
330
67A
100
AcDbEntity
  8
Layer 01
100
AcDbVertex
100
AcDb2dVertex
 10
20245.65801376907
 20
14033.53234457503
 30
0.0
  0
VERTEX
  5
67C
330
67A
100
AcDbEntity
  8
Layer 01
100
AcDbVertex
100
AcDb2dVertex
 10
19821.49590961515
 20
14861.18339703458
 30
0.0
  0
VERTEX
  5
67D
330
67A
100
AcDbEntity
  8
Layer 01
100
AcDbVertex
100
AcDb2dVertex
 10
19819.96411660122
 20
14495.34059893894
 30
0.0
  0
SEQEND
  5
67E
330
67A
100
AcDbEntity
  8
Layer 01
  0
POLYLINE
  5
67F
330
1F
100
AcDbEntity
  8
Layer 01
100
AcDb2dPolyline
 66
     1
 10
0.0
 20
0.0
 30
0.0
 70
     1
  0
VERTEX
  5
680
330
67F
100
AcDbEntity
  8
Layer 01
100
AcDbVertex
100
AcDb2dVertex
 10
20591.82936344112
 20
13358.0616245801
 30
0.0
  0
VERTEX
  5
681
330
67F
100
AcDbEntity
  8
Layer 01
100
AcDbVertex
100
AcDb2dVertex
 10
21090.16399581942
 20
12385.68059637
 30
0.0
  0
VERTEX
  5
682
330
67F
100
AcDbEntity
  8
Layer 01
100
AcDbVertex
100
AcDb2dVertex
 10
20934.68736145442
 20
12081.1474612295
 30
0.0
  0
VERTEX
  5
683
330
67F
100
AcDbEntity
  8
Layer 01
100
AcDbVertex
100
AcDb2dVertex
 10
20495.47684368251
 20
12606.06540114708
 30
0.0
  0
SEQEND
  5
684
330
67F
100
AcDbEntity
  8
Layer 01
  0
POLYLINE
  5
685
330
1F
100
AcDbEntity
  8
Layer 01
100
AcDb2dPolyline
 66
     1
 10
0.0
 20
0.0
 30
0.0
 70
     1
  0
VERTEX
  5
686
330
685
100
AcDbEntity
  8
Layer 01
100
AcDbVertex
100
AcDb2dVertex
 10
19814.85604589759
 20
13275.36449114566
 30
0.0
  0
VERTEX
  5
687
330
685
100
AcDbEntity
  8
Layer 01
100
AcDbVertex
100
AcDb2dVertex
 10
19811.69087671163
 20
12519.41747943869
 30
0.0
  0
VERTEX
  5
688
330
685
100
AcDbEntity
  8
Layer 01
100
AcDbVertex
100
AcDb2dVertex
 10
20322.60485512095
 20
12064.67022920913
 30
0.0
  0
VERTEX
  5
689
330
685
100
AcDbEntity
  8
Layer 01
100
AcDbVertex
100
AcDb2dVertex
 10
20389.70247945539
 20
12588.34267936649
 30
0.0
  0
SEQEND
  5
68A
330
685
100
AcDbEntity
  8
Layer 01
  0
POLYLINE
  5
68B
330
1F
100
AcDbEntity
  8
Layer 01
100
AcDb2dPolyline
 66
     1
 10
0.0
 20
0.0
 30
0.0
 70
     1
  0
VERTEX
  5
68C
330
68B
100
AcDbEntity
  8
Layer 01
100
AcDbVertex
100
AcDb2dVertex
 10
20300.32492389196
 20
11890.7835038331
 30
0.0
  0
VERTEX
  5
68D
330
68B
100
AcDbEntity
  8
Layer 01
100
AcDbVertex
100
AcDb2dVertex
 10
19810.88278885885
 20
12326.41939257065
 30
0.0
  0
VERTEX
  5
68E
330
68B
100
AcDbEntity
  8
Layer 01
100
AcDbVertex
100
AcDb2dVertex
 10
19808.93107538895
 20
11860.28571105226
 30
0.0
  0
VERTEX
  5
68F
330
68B
100
AcDbEntity
  8
Layer 01
100
AcDbVertex
100
AcDb2dVertex
 10
20255.80829547888
 20
11543.34747901026
 30
0.0
  0
SEQEND
  5
690
330
68B
100
AcDbEntity
  8
Layer 01
  0
POLYLINE
  5
691
330
1F
100
AcDbEntity
  8
Layer 01
100
AcDb2dPolyline
 66
     1
 10
0.0
 20
0.0
 30
0.0
 70
     1
  0
VERTEX
  5
692
330
691
100
AcDbEntity
  8
Layer 01
100
AcDbVertex
100
AcDb2dVertex
 10
19808.34612824162
 20
11720.58099953318
 30
0.0
  0
VERTEX
  5
693
330
691
100
AcDbEntity
  8
Layer 01
100
AcDbVertex
100
AcDb2dVertex
 10
20239.35048278109
 20
11414.90026220973
 30
0.0
  0
VERTEX
  5
694
330
691
100
AcDbEntity
  8
Layer 01
100
AcDbVertex
100
AcDb2dVertex
 10
20208.69716914235
 20
11175.66234554919
 30
0.0
  0
VERTEX
  5
695
330
691
100
AcDbEntity
  8
Layer 01
100
AcDbVertex
100
AcDb2dVertex
 10
19806.06454010682
 20
11175.66234554919
 30
0.0
  0
SEQEND
  5
696
330
691
100
AcDbEntity
  8
Layer 01
  0
POLYLINE
  5
697
330
1F
100
AcDbEntity
  8
Layer 01
100
AcDb2dPolyline
 66
     1
 10
0.0
 20
0.0
 30
0.0
 70
     1
  0
VERTEX
  5
698
330
697
100
AcDbEntity
  8
Layer 01
100
AcDbVertex
100
AcDb2dVertex
 10
20334.2319128348
 20
11347.60761147048
 30
0.0
  0
VERTEX
  5
699
330
697
100
AcDbEntity
  8
Layer 01
100
AcDbVertex
100
AcDb2dVertex
 10
20500.11908429925
 20
11229.95563800042
 30
0.0
  0
VERTEX
  5
69A
330
697
100
AcDbEntity
  8
Layer 01
100
AcDbVertex
100
AcDb2dVertex
 10
20472.40013550566
 20
11175.66234554919
 30
0.0
  0
VERTEX
  5
69B
330
697
100
AcDbEntity
  8
Layer 01
100
AcDbVertex
100
AcDb2dVertex
 10
20312.20073885303
 20
11175.66234554919
 30
0.0
  0
SEQEND
  5
69C
330
697
100
AcDbEntity
  8
Layer 01
  0
POLYLINE
  5
69D
330
1F
100
AcDbEntity
  8
Layer 01
100
AcDb2dPolyline
 66
     1
 10
0.0
 20
0.0
 30
0.0
 70
     1
  0
VERTEX
  5
69E
330
69D
100
AcDbEntity
  8
Layer 01
100
AcDbVertex
100
AcDb2dVertex
 10
20754.93207540946
 20
11486.15305560987
 30
0.0
  0
VERTEX
  5
69F
330
69D
100
AcDbEntity
  8
Layer 01
100
AcDbVertex
100
AcDb2dVertex
 10
20643.68554726829
 20
11268.25372863581
 30
0.0
  0
VERTEX
  5
6A0
330
69D
100
AcDbEntity
  8
Layer 01
100
AcDbVertex
100
AcDb2dVertex
 10
20698.32141024607
 20
11229.5043965155
 30
0.0
  0
VERTEX
  5
6A1
330
69D
100
AcDbEntity
  8
Layer 01
100
AcDbVertex
100
AcDb2dVertex
 10
20843.53268846934
 20
11407.29264689082
 30
0.0
  0
SEQEND
  5
6A2
330
69D
100
AcDbEntity
  8
Layer 01
  0
POLYLINE
  5
6A3
330
1F
100
AcDbEntity
  8
Layer 01
100
AcDb2dPolyline
 66
     1
 10
0.0
 20
0.0
 30
0.0
 70
     1
  0
VERTEX
  5
6A4
330
6A3
100
AcDbEntity
  8
Layer 01
100
AcDbVertex
100
AcDb2dVertex
 10
21103.77210436216
 20
11175.66234554919
 30
0.0
  0
VERTEX
  5
6A5
330
6A3
100
AcDbEntity
  8
Layer 01
100
AcDbVertex
100
AcDb2dVertex
 10
20771.35325082548
 20
11175.66234554919
 30
0.0
  0
VERTEX
  5
6A6
330
6A3
100
AcDbEntity
  8
Layer 01
100
AcDbVertex
100
AcDb2dVertex
 10
20911.28592640124
 20
11346.98778159901
 30
0.0
  0
SEQEND
  5
6A7
330
6A3
100
AcDbEntity
  8
Layer 01
  0
POLYLINE
  5
6A8
330
1F
100
AcDbEntity
  8
Layer 01
100
AcDb2dPolyline
 66
     1
 10
0.0
 20
0.0
 30
0.0
 70
     1
  0
VERTEX
  5
6A9
330
6A8
100
AcDbEntity
  8
Layer 01
100
AcDbVertex
100
AcDb2dVertex
 10
20822.93234879749
 20
11619.34565094643
 30
0.0
  0
VERTEX
  5
6AA
330
6A8
100
AcDbEntity
  8
Layer 01
100
AcDbVertex
100
AcDb2dVertex
 10
20935.15045236093
 20
11519.46411280506
 30
0.0
  0
VERTEX
  5
6AB
330
6A8
100
AcDbEntity
  8
Layer 01
100
AcDbVertex
100
AcDb2dVertex
 10
21107.49812390533
 20
11730.47658618214
 30
0.0
  0
VERTEX
  5
6AC
330
6A8
100
AcDbEntity
  8
Layer 01
100
AcDbVertex
100
AcDb2dVertex
 10
20966.00424530042
 20
11899.58154214953
 30
0.0
  0
SEQEND
  5
6AD
330
6A8
100
AcDbEntity
  8
Layer 01
  0
POLYLINE
  5
6AE
330
1F
100
AcDbEntity
  8
Layer 01
100
AcDb2dPolyline
 66
     1
 10
0.0
 20
0.0
 30
0.0
 70
     1
  0
VERTEX
  5
6AF
330
6AE
100
AcDbEntity
  8
Layer 01
100
AcDbVertex
100
AcDb2dVertex
 10
20693.73078954529
 20
14153.36503527187
 30
0.0
  0
VERTEX
  5
6B0
330
6AE
100
AcDbEntity
  8
Layer 01
100
AcDbVertex
100
AcDb2dVertex
 10
21090.7710026964
 20
14693.46816114748
 30
0.0
  0
VERTEX
  5
6B1
330
6AE
100
AcDbEntity
  8
Layer 01
100
AcDbVertex
100
AcDb2dVertex
 10
20812.24555694293
 20
15078.32950664577
 30
0.0
  0
SEQEND
  5
6B2
330
6AE
100
AcDbEntity
  8
Layer 01
  0
POLYLINE
  5
6B3
330
1F
100
AcDbEntity
  8
Layer 01
100
AcDb2dPolyline
 66
     1
 10
0.0
 20
0.0
 30
0.0
 70
     1
  0
VERTEX
  5
6B4
330
6B3
100
AcDbEntity
  8
Layer 01
100
AcDbVertex
100
AcDb2dVertex
 10
19829.05585405647
 20
16666.74798879122
 30
0.0
  0
VERTEX
  5
6B5
330
6B3
100
AcDbEntity
  8
Layer 01
100
AcDbVertex
100
AcDb2dVertex
 10
19834.83758527365
 20
18047.61649196746
 30
0.0
  0
VERTEX
  5
6B6
330
6B3
100
AcDbEntity
  8
Layer 01
100
AcDbVertex
100
AcDb2dVertex
 10
20224.19047817218
 20
18047.61649196746
 30
0.0
  0
VERTEX
  5
6B7
330
6B3
100
AcDbEntity
  8
Layer 01
100
AcDbVertex
100
AcDb2dVertex
 10
20827.80550745651
 20
15964.30271239404
 30
0.0
  0
VERTEX
  5
6B8
330
6B3
100
AcDbEntity
  8
Layer 01
100
AcDbVertex
100
AcDb2dVertex
 10
20505.82145258474
 20
15731.60571433243
 30
0.0
  0
SEQEND
  5
6B9
330
6B3
100
AcDbEntity
  8
Layer 01
  0
POLYLINE
  5
6BA
330
1F
100
AcDbEntity
  8
Layer 01
100
AcDb2dPolyline
 66
     1
 10
0.0
 20
0.0
 30
0.0
 70
     1
  0
VERTEX
  5
6BB
330
6BA
100
AcDbEntity
  8
Layer 01
100
AcDbVertex
100
AcDb2dVertex
 10
20681.39075954429
 20
16817.81499615287
 30
0.0
  0
VERTEX
  5
6BC
330
6BA
100
AcDbEntity
  8
Layer 01
100
AcDbVertex
100
AcDb2dVertex
 10
21088.05350284671
 20
17372.45742188064
 30
0.0
  0
VERTEX
  5
6BD
330
6BA
100
AcDbEntity
  8
Layer 01
100
AcDbVertex
100
AcDb2dVertex
 10
20634.65562100248
 20
18047.61649196746
 30
0.0
  0
VERTEX
  5
6BE
330
6BA
100
AcDbEntity
  8
Layer 01
100
AcDbVertex
100
AcDb2dVertex
 10
20325.07061555616
 20
18047.61649196746
 30
0.0
  0
SEQEND
  5
6BF
330
6BA
100
AcDbEntity
  8
Layer 01
  0
POLYLINE
  5
6C0
330
1F
100
AcDbEntity
  8
Layer 01
100
AcDb2dPolyline
 66
     1
 10
0.0
 20
0.0
 30
0.0
 70
     1
  0
VERTEX
  5
6C1
330
6C0
100
AcDbEntity
  8
Layer 01
100
AcDbVertex
100
AcDb2dVertex
 10
18367.05736795501
 20
17964.20057170407
 30
0.0
  0
VERTEX
  5
6C2
330
6C0
100
AcDbEntity
  8
Layer 01
100
AcDbVertex
100
AcDb2dVertex
 10
18324.30762196761
 20
18047.61649196746
 30
0.0
  0
VERTEX
  5
6C3
330
6C0
100
AcDbEntity
  8
Layer 01
100
AcDbVertex
100
AcDb2dVertex
 10
18488.7989330794
 20
18047.61649196746
 30
0.0
  0
SEQEND
  5
6C4
330
6C0
100
AcDbEntity
  8
Layer 01
  0
POLYLINE
  5
6C5
330
1F
100
AcDbEntity
  8
Layer 01
100
AcDb2dPolyline
 66
     1
 10
0.0
 20
0.0
 30
0.0
 70
     1
  0
VERTEX
  5
6C6
330
6C5
100
AcDbEntity
  8
Layer 01
100
AcDbVertex
100
AcDb2dVertex
 10
13134.77389718757
 20
16490.57304829554
 30
0.0
  0
VERTEX
  5
6C7
330
6C5
100
AcDbEntity
  8
Layer 01
100
AcDbVertex
100
AcDb2dVertex
 10
13479.32793258102
 20
16254.48858598852
 30
0.0
  0
VERTEX
  5
6C8
330
6C5
100
AcDbEntity
  8
Layer 01
100
AcDbVertex
100
AcDb2dVertex
 10
13275.76849828162
 20
16741.60622209181
 30
0.0
  0
SEQEND
  5
6C9
330
6C5
100
AcDbEntity
  8
Layer 01
  0
POLYLINE
  5
6CA
330
1F
100
AcDbEntity
  8
Layer 01
100
AcDb2dPolyline
 66
     1
 10
0.0
 20
0.0
 30
0.0
 70
     1
  0
VERTEX
  5
6CB
330
6CA
100
AcDbEntity
  8
Layer 01
100
AcDbVertex
100
AcDb2dVertex
 10
11636.67069620623
 20
16624.83338902015
 30
0.0
  0
VERTEX
  5
6CC
330
6CA
100
AcDbEntity
  8
Layer 01
100
AcDbVertex
100
AcDb2dVertex
 10
11526.38556718707
 20
16505.19206164037
 30
0.0
  0
VERTEX
  5
6CD
330
6CA
100
AcDbEntity
  8
Layer 01
100
AcDbVertex
100
AcDb2dVertex
 10
11594.82688968797
 20
16375.62854670825
 30
0.0
  0
SEQEND
  5
6CE
330
6CA
100
AcDbEntity
  8
Layer 01
  0
POLYLINE
  5
6CF
330
1F
100
AcDbEntity
  8
Layer 01
100
AcDb2dPolyline
 66
     1
 10
0.0
 20
0.0
 30
0.0
 70
     1
  0
VERTEX
  5
6D0
330
6CF
100
AcDbEntity
  8
Layer 01
100
AcDbVertex
100
AcDb2dVertex
 10
10782.90905869897
 20
15853.2641572694
 30
0.0
  0
VERTEX
  5
6D1
330
6CF
100
AcDbEntity
  8
Layer 01
100
AcDbVertex
100
AcDb2dVertex
 10
11371.57592331837
 20
16491.87142639024
 30
0.0
  0
VERTEX
  5
6D2
330
6CF
100
AcDbEntity
  8
Layer 01
100
AcDbVertex
100
AcDb2dVertex
 10
10860.84903262281
 20
17458.70796184739
 30
0.0
  0
VERTEX
  5
6D3
330
6CF
100
AcDbEntity
  8
Layer 01
100
AcDbVertex
100
AcDb2dVertex
 10
10492.17942347212
 20
16739.3372612704
 30
0.0
  0
SEQEND
  5
6D4
330
6CF
100
AcDbEntity
  8
Layer 01
  0
POLYLINE
  5
6D5
330
1F
100
AcDbEntity
  8
Layer 01
100
AcDb2dPolyline
 66
     1
 10
0.0
 20
0.0
 30
0.0
 70
     1
  0
VERTEX
  5
6D6
330
6D5
100
AcDbEntity
  8
Layer 01
100
AcDbVertex
100
AcDb2dVertex
 10
13476.31696069329
 20
14352.70425808075
 30
0.0
  0
VERTEX
  5
6D7
330
6D5
100
AcDbEntity
  8
Layer 01
100
AcDbVertex
100
AcDb2dVertex
 10
13237.96600367521
 20
13265.06797669805
 30
0.0
  0
VERTEX
  5
6D8
330
6D5
100
AcDbEntity
  8
Layer 01
100
AcDbVertex
100
AcDb2dVertex
 10
13843.23956080573
 20
12119.24894965816
 30
0.0
  0
VERTEX
  5
6D9
330
6D5
100
AcDbEntity
  8
Layer 01
100
AcDbVertex
100
AcDb2dVertex
 10
14268.98245718056
 20
12645.70988625738
 30
0.0
  0
VERTEX
  5
6DA
330
6D5
100
AcDbEntity
  8
Layer 01
100
AcDbVertex
100
AcDb2dVertex
 10
14488.29967193337
 20
13166.8896352967
 30
0.0
  0
VERTEX
  5
6DB
330
6D5
100
AcDbEntity
  8
Layer 01
100
AcDbVertex
100
AcDb2dVertex
 10
13497.15579962397
 20
14386.38201805938
 30
0.0
  0
SEQEND
  5
6DC
330
6D5
100
AcDbEntity
  8
Layer 01
  0
POLYLINE
  5
6DD
330
1F
100
AcDbEntity
  8
Layer 01
100
AcDb2dPolyline
 66
     1
 10
0.0
 20
0.0
 30
0.0
 70
     1
  0
VERTEX
  5
6DE
330
6DD
100
AcDbEntity
  8
Layer 01
100
AcDbVertex
100
AcDb2dVertex
 10
11593.13436158178
 20
13745.76819428002
 30
0.0
  0
VERTEX
  5
6DF
330
6DD
100
AcDbEntity
  8
Layer 01
100
AcDbVertex
100
AcDb2dVertex
 10
11894.06354569977
 20
13528.28749387305
 30
0.0
  0
VERTEX
  5
6E0
330
6DD
100
AcDbEntity
  8
Layer 01
100
AcDbVertex
100
AcDb2dVertex
 10
12652.81243322377
 20
14066.41412052746
 30
0.0
  0
VERTEX
  5
6E1
330
6DD
100
AcDbEntity
  8
Layer 01
100
AcDbVertex
100
AcDb2dVertex
 10
12226.50217176642
 20
14873.44493039125
 30
0.0
  0
SEQEND
  5
6E2
330
6DD
100
AcDbEntity
  8
Layer 01
  0
POLYLINE
  5
6E3
330
1F
100
AcDbEntity
  8
Layer 01
100
AcDb2dPolyline
 66
     1
 10
0.0
 20
0.0
 30
0.0
 70
     1
  0
VERTEX
  5
6E4
330
6E3
100
AcDbEntity
  8
Layer 01
100
AcDbVertex
100
AcDb2dVertex
 10
13696.27088418873
 20
15735.34419889522
 30
0.0
  0
VERTEX
  5
6E5
330
6E3
100
AcDbEntity
  8
Layer 01
100
AcDbVertex
100
AcDb2dVertex
 10
13469.80481335784
 20
14701.94069081043
 30
0.0
  0
VERTEX
  5
6E6
330
6E3
100
AcDbEntity
  8
Layer 01
100
AcDbVertex
100
AcDb2dVertex
 10
12677.62017239447
 20
15676.63585100493
 30
0.0
  0
VERTEX
  5
6E7
330
6E3
100
AcDbEntity
  8
Layer 01
100
AcDbVertex
100
AcDb2dVertex
 10
13082.47330515451
 20
16397.45470541144
 30
0.0
  0
VERTEX
  5
6E8
330
6E3
100
AcDbEntity
  8
Layer 01
100
AcDbVertex
100
AcDb2dVertex
 10
13554.83634811723
 20
16073.79698105996
 30
0.0
  0
SEQEND
  5
6E9
330
6E3
100
AcDbEntity
  8
Layer 01
  0
POLYLINE
  5
6EA
330
1F
100
AcDbEntity
  8
Layer 01
100
AcDb2dPolyline
 66
     1
 10
0.0
 20
0.0
 30
0.0
 70
     1
  0
VERTEX
  5
6EB
330
6EA
100
AcDbEntity
  8
Layer 01
100
AcDbVertex
100
AcDb2dVertex
 10
11519.59890798427
 20
13608.01296045575
 30
0.0
  0
VERTEX
  5
6EC
330
6EA
100
AcDbEntity
  8
Layer 01
100
AcDbVertex
100
AcDb2dVertex
 10
11760.74723972077
 20
13433.7357189787
 30
0.0
  0
VERTEX
  5
6ED
330
6EA
100
AcDbEntity
  8
Layer 01
100
AcDbVertex
100
AcDb2dVertex
 10
11611.50946347576
 20
13327.89197749763
 30
0.0
  0
SEQEND
  5
6EE
330
6EA
100
AcDbEntity
  8
Layer 01
  0
POLYLINE
  5
6EF
330
1F
100
AcDbEntity
  8
Layer 01
100
AcDb2dPolyline
 66
     1
 10
0.0
 20
0.0
 30
0.0
 70
     1
  0
VERTEX
  5
6F0
330
6EF
100
AcDbEntity
  8
Layer 01
100
AcDbVertex
100
AcDb2dVertex
 10
10838.48175303667
 20
12639.51882427232
 30
0.0
  0
VERTEX
  5
6F1
330
6EF
100
AcDbEntity
  8
Layer 01
100
AcDbVertex
100
AcDb2dVertex
 10
9659.148838266683
 20
11803.10185739063
 30
0.0
  0
VERTEX
  5
6F2
330
6EF
100
AcDbEntity
  8
Layer 01
100
AcDbVertex
100
AcDb2dVertex
 10
9661.775943312643
 20
11175.66234554919
 30
0.0
  0
VERTEX
  5
6F3
330
6EF
100
AcDbEntity
  8
Layer 01
100
AcDbVertex
100
AcDb2dVertex
 10
10016.29615439539
 20
11175.66234554919
 30
0.0
  0
SEQEND
  5
6F4
330
6EF
100
AcDbEntity
  8
Layer 01
  0
POLYLINE
  5
6F5
330
1F
100
AcDbEntity
  8
Layer 01
100
AcDb2dPolyline
 66
     1
 10
0.0
 20
0.0
 30
0.0
 70
     1
  0
VERTEX
  5
6F6
330
6F5
100
AcDbEntity
  8
Layer 01
100
AcDbVertex
100
AcDb2dVertex
 10
9835.293290452648
 20
14825.25603534654
 30
0.0
  0
VERTEX
  5
6F7
330
6F5
100
AcDbEntity
  8
Layer 01
100
AcDbVertex
100
AcDb2dVertex
 10
9647.348691584142
 20
14621.36688471968
 30
0.0
  0
VERTEX
  5
6F8
330
6F5
100
AcDbEntity
  8
Layer 01
100
AcDbVertex
100
AcDb2dVertex
 10
9645.921974118715
 20
14962.11416904335
 30
0.0
  0
SEQEND
  5
6F9
330
6F5
100
AcDbEntity
  8
Layer 01
  0
POLYLINE
  5
6FA
330
1F
100
AcDbEntity
  8
Layer 01
100
AcDb2dPolyline
 66
     1
 10
0.0
 20
0.0
 30
0.0
 70
     1
  0
VERTEX
  5
6FB
330
6FA
100
AcDbEntity
  8
Layer 01
100
AcDbVertex
100
AcDb2dVertex
 10
10820.32443317492
 20
15739.23121056482
 30
0.0
  0
VERTEX
  5
6FC
330
6FA
100
AcDbEntity
  8
Layer 01
100
AcDbVertex
100
AcDb2dVertex
 10
11005.3686748448
 20
15175.26144027975
 30
0.0
  0
VERTEX
  5
6FD
330
6FA
100
AcDbEntity
  8
Layer 01
100
AcDbVertex
100
AcDb2dVertex
 10
11490.65996583592
 20
15755.25234309162
 30
0.0
  0
VERTEX
  5
6FE
330
6FA
100
AcDbEntity
  8
Layer 01
100
AcDbVertex
100
AcDb2dVertex
 10
11555.79033094095
 20
16143.14254038124
 30
0.0
  0
VERTEX
  5
6FF
330
6FA
100
AcDbEntity
  8
Layer 01
100
AcDbVertex
100
AcDb2dVertex
 10
11423.4993272366
 20
16393.57731878006
 30
0.0
  0
SEQEND
  5
700
330
6FA
100
AcDbEntity
  8
Layer 01
  0
POLYLINE
  5
701
330
1F
100
AcDbEntity
  8
Layer 01
100
AcDb2dPolyline
 66
     1
 10
0.0
 20
0.0
 30
0.0
 70
     1
  0
VERTEX
  5
702
330
701
100
AcDbEntity
  8
Layer 01
100
AcDbVertex
100
AcDb2dVertex
 10
11460.38180906915
 20
15574.92784801337
 30
0.0
  0
VERTEX
  5
703
330
701
100
AcDbEntity
  8
Layer 01
100
AcDbVertex
100
AcDb2dVertex
 10
11261.96289249377
 20
14393.22477338292
 30
0.0
  0
VERTEX
  5
704
330
701
100
AcDbEntity
  8
Layer 01
100
AcDbVertex
100
AcDb2dVertex
 10
11039.34025057982
 20
15071.72435319934
 30
0.0
  0
SEQEND
  5
705
330
701
100
AcDbEntity
  8
Layer 01
  0
POLYLINE
  5
706
330
1F
100
AcDbEntity
  8
Layer 01
100
AcDb2dPolyline
 66
     1
 10
0.0
 20
0.0
 30
0.0
 70
     1
  0
VERTEX
  5
707
330
706
100
AcDbEntity
  8
Layer 01
100
AcDbVertex
100
AcDb2dVertex
 10
11660.59768983401
 20
15944.73594458876
 30
0.0
  0
VERTEX
  5
708
330
706
100
AcDbEntity
  8
Layer 01
100
AcDbVertex
100
AcDb2dVertex
 10
12161.88586943363
 20
14995.76745348455
 30
0.0
  0
VERTEX
  5
709
330
706
100
AcDbEntity
  8
Layer 01
100
AcDbVertex
100
AcDb2dVertex
 10
11469.02154771511
 20
13762.16043348822
 30
0.0
  0
VERTEX
  5
70A
330
706
100
AcDbEntity
  8
Layer 01
100
AcDbVertex
100
AcDb2dVertex
 10
11353.3285148571
 20
14114.76461384912
 30
0.0
  0
SEQEND
  5
70B
330
706
100
AcDbEntity
  8
Layer 01
  0
POLYLINE
  5
70C
330
1F
100
AcDbEntity
  8
Layer 01
100
AcDb2dPolyline
 66
     1
 10
0.0
 20
0.0
 30
0.0
 70
     1
  0
VERTEX
  5
70D
330
70C
100
AcDbEntity
  8
Layer 01
100
AcDbVertex
100
AcDb2dVertex
 10
11200.85149872003
 20
14029.2699490961
 30
0.0
  0
VERTEX
  5
70E
330
70C
100
AcDbEntity
  8
Layer 01
100
AcDbVertex
100
AcDb2dVertex
 10
10556.6450765742
 20
14494.83617294232
 30
0.0
  0
VERTEX
  5
70F
330
70C
100
AcDbEntity
  8
Layer 01
100
AcDbVertex
100
AcDb2dVertex
 10
10949.26515238915
 20
14964.07202460762
 30
0.0
  0
VERTEX
  5
710
330
70C
100
AcDbEntity
  8
Layer 01
100
AcDbVertex
100
AcDb2dVertex
 10
11219.5143430975
 20
14140.41832629142
 30
0.0
  0
SEQEND
  5
711
330
70C
100
AcDbEntity
  8
Layer 01
  0
POLYLINE
  5
712
330
1F
100
AcDbEntity
  8
Layer 01
100
AcDb2dPolyline
 66
     1
 10
0.0
 20
0.0
 30
0.0
 70
     1
  0
VERTEX
  5
713
330
712
100
AcDbEntity
  8
Layer 01
100
AcDbVertex
100
AcDb2dVertex
 10
10915.29357665413
 20
15067.60911168803
 30
0.0
  0
VERTEX
  5
714
330
712
100
AcDbEntity
  8
Layer 01
100
AcDbVertex
100
AcDb2dVertex
 10
10727.84513509942
 20
15638.90629753886
 30
0.0
  0
VERTEX
  5
715
330
712
100
AcDbEntity
  8
Layer 01
100
AcDbVertex
100
AcDb2dVertex
 10
10026.44967703789
 20
14878.00694177841
 30
0.0
  0
VERTEX
  5
716
330
712
100
AcDbEntity
  8
Layer 01
100
AcDbVertex
100
AcDb2dVertex
 10
10481.48860250515
 20
14549.1515517201
 30
0.0
  0
SEQEND
  5
717
330
712
100
AcDbEntity
  8
Layer 01
  0
POLYLINE
  5
718
330
1F
100
AcDbEntity
  8
Layer 01
100
AcDb2dPolyline
 66
     1
 10
0.0
 20
0.0
 30
0.0
 70
     1
  0
VERTEX
  5
719
330
718
100
AcDbEntity
  8
Layer 01
100
AcDbVertex
100
AcDb2dVertex
 10
10690.42976062346
 20
15752.93924424345
 30
0.0
  0
VERTEX
  5
71A
330
718
100
AcDbEntity
  8
Layer 01
100
AcDbVertex
100
AcDb2dVertex
 10
10415.72854516966
 20
16590.16162943335
 30
0.0
  0
VERTEX
  5
71B
330
718
100
AcDbEntity
  8
Layer 01
100
AcDbVertex
100
AcDb2dVertex
 10
9670.21005958721
 20
15135.46034146432
 30
0.0
  0
VERTEX
  5
71C
330
718
100
AcDbEntity
  8
Layer 01
100
AcDbVertex
100
AcDb2dVertex
 10
9940.906316459439
 20
14939.8288951004
 30
0.0
  0
SEQEND
  5
71D
330
718
100
AcDbEntity
  8
Layer 01
  0
POLYLINE
  5
71E
330
1F
100
AcDbEntity
  8
Layer 01
100
AcDb2dPolyline
 66
     1
 10
0.0
 20
0.0
 30
0.0
 70
     1
  0
VERTEX
  5
71F
330
71E
100
AcDbEntity
  8
Layer 01
100
AcDbVertex
100
AcDb2dVertex
 10
11064.61231660026
 20
17379.35642991184
 30
0.0
  0
VERTEX
  5
720
330
71E
100
AcDbEntity
  8
Layer 01
100
AcDbVertex
100
AcDb2dVertex
 10
11591.77064830249
 20
16730.74668920604
 30
0.0
  0
VERTEX
  5
721
330
71E
100
AcDbEntity
  8
Layer 01
100
AcDbVertex
100
AcDb2dVertex
 10
11474.46216326885
 20
16603.48616925055
 30
0.0
  0
SEQEND
  5
722
330
71E
100
AcDbEntity
  8
Layer 01
  0
POLYLINE
  5
723
330
1F
100
AcDbEntity
  8
Layer 01
100
AcDb2dPolyline
 66
     1
 10
0.0
 20
0.0
 30
0.0
 70
     1
  0
VERTEX
  5
724
330
723
100
AcDbEntity
  8
Layer 01
100
AcDbVertex
100
AcDb2dVertex
 10
11837.3004541251
 20
16997.10637107045
 30
0.0
  0
VERTEX
  5
725
330
723
100
AcDbEntity
  8
Layer 01
100
AcDbVertex
100
AcDb2dVertex
 10
11875.477633132
 20
17224.47425812385
 30
0.0
  0
VERTEX
  5
726
330
723
100
AcDbEntity
  8
Layer 01
100
AcDbVertex
100
AcDb2dVertex
 10
11980.53371860515
 20
17152.4910366164
 30
0.0
  0
SEQEND
  5
727
330
723
100
AcDbEntity
  8
Layer 01
  0
POLYLINE
  5
728
330
1F
100
AcDbEntity
  8
Layer 01
100
AcDb2dPolyline
 66
     1
 10
0.0
 20
0.0
 30
0.0
 70
     1
  0
VERTEX
  5
729
330
728
100
AcDbEntity
  8
Layer 01
100
AcDbVertex
100
AcDb2dVertex
 10
13218.89262643944
 20
16877.7101582146
 30
0.0
  0
VERTEX
  5
72A
330
728
100
AcDbEntity
  8
Layer 01
100
AcDbVertex
100
AcDb2dVertex
 10
13038.50318771546
 20
16556.53663120841
 30
0.0
  0
VERTEX
  5
72B
330
728
100
AcDbEntity
  8
Layer 01
100
AcDbVertex
100
AcDb2dVertex
 10
12557.48781922094
 20
16886.12282950317
 30
0.0
  0
VERTEX
  5
72C
330
728
100
AcDbEntity
  8
Layer 01
100
AcDbVertex
100
AcDb2dVertex
 10
12996.24691221225
 20
17410.50125373004
 30
0.0
  0
SEQEND
  5
72D
330
728
100
AcDbEntity
  8
Layer 01
  0
POLYLINE
  5
72E
330
1F
100
AcDbEntity
  8
Layer 01
100
AcDb2dPolyline
 66
     1
 10
0.0
 20
0.0
 30
0.0
 70
     1
  0
VERTEX
  5
72F
330
72E
100
AcDbEntity
  8
Layer 01
100
AcDbVertex
100
AcDb2dVertex
 10
12309.90604343053
 20
15021.94096107808
 30
0.0
  0
VERTEX
  5
730
330
72E
100
AcDbEntity
  8
Layer 01
100
AcDbVertex
100
AcDb2dVertex
 10
12770.54900483229
 20
14149.91629780287
 30
0.0
  0
VERTEX
  5
731
330
72E
100
AcDbEntity
  8
Layer 01
100
AcDbVertex
100
AcDb2dVertex
 10
13353.3827256785
 20
14563.27880713436
 30
0.0
  0
VERTEX
  5
732
330
72E
100
AcDbEntity
  8
Layer 01
100
AcDbVertex
100
AcDb2dVertex
 10
12583.98953410216
 20
15509.93162181666
 30
0.0
  0
SEQEND
  5
733
330
72E
100
AcDbEntity
  8
Layer 01
  0
POLYLINE
  5
734
330
1F
100
AcDbEntity
  8
Layer 01
100
AcDb2dPolyline
 66
     1
 10
0.0
 20
0.0
 30
0.0
 70
     1
  0
VERTEX
  5
735
330
734
100
AcDbEntity
  8
Layer 01
100
AcDbVertex
100
AcDb2dVertex
 10
13607.69463096989
 20
14743.64415588511
 30
0.0
  0
VERTEX
  5
736
330
734
100
AcDbEntity
  8
Layer 01
100
AcDbVertex
100
AcDb2dVertex
 10
13553.57889557819
 20
14705.26371327216
 30
0.0
  0
VERTEX
  5
737
330
734
100
AcDbEntity
  8
Layer 01
100
AcDbVertex
100
AcDb2dVertex
 10
13750.74804947126
 20
15604.98036650705
 30
0.0
  0
VERTEX
  5
738
330
734
100
AcDbEntity
  8
Layer 01
100
AcDbVertex
100
AcDb2dVertex
 10
13907.92697528347
 20
15228.85126666742
 30
0.0
  0
SEQEND
  5
739
330
734
100
AcDbEntity
  8
Layer 01
  0
POLYLINE
  5
73A
330
1F
100
AcDbEntity
  8
Layer 01
100
AcDb2dPolyline
 66
     1
 10
0.0
 20
0.0
 30
0.0
 70
     1
  0
VERTEX
  5
73B
330
73A
100
AcDbEntity
  8
Layer 01
100
AcDbVertex
100
AcDb2dVertex
 10
13992.57592907511
 20
15365.65289739742
 30
0.0
  0
VERTEX
  5
73C
330
73A
100
AcDbEntity
  8
Layer 01
100
AcDbVertex
100
AcDb2dVertex
 10
13799.53444926919
 20
15827.60107305719
 30
0.0
  0
VERTEX
  5
73D
330
73A
100
AcDbEntity
  8
Layer 01
100
AcDbVertex
100
AcDb2dVertex
 10
13814.49752043787
 20
15895.88013217056
 30
0.0
  0
VERTEX
  5
73E
330
73A
100
AcDbEntity
  8
Layer 01
100
AcDbVertex
100
AcDb2dVertex
 10
14169.95873042554
 20
15652.3221992759
 30
0.0
  0
SEQEND
  5
73F
330
73A
100
AcDbEntity
  8
Layer 01
  0
POLYLINE
  5
740
330
1F
100
AcDbEntity
  8
Layer 01
100
AcDb2dPolyline
 66
     1
 10
0.0
 20
0.0
 30
0.0
 70
     1
  0
VERTEX
  5
741
330
740
100
AcDbEntity
  8
Layer 01
100
AcDbVertex
100
AcDb2dVertex
 10
14044.10257441075
 20
16943.60735850092
 30
0.0
  0
VERTEX
  5
742
330
740
100
AcDbEntity
  8
Layer 01
100
AcDbVertex
100
AcDb2dVertex
 10
13839.06788305885
 20
16007.99890932015
 30
0.0
  0
VERTEX
  5
743
330
740
100
AcDbEntity
  8
Layer 01
100
AcDbVertex
100
AcDb2dVertex
 10
14225.99421006923
 20
15742.88144012445
 30
0.0
  0
VERTEX
  5
744
330
740
100
AcDbEntity
  8
Layer 01
100
AcDbVertex
100
AcDb2dVertex
 10
14588.35156310656
 20
16328.48911254208
 30
0.0
  0
SEQEND
  5
745
330
740
100
AcDbEntity
  8
Layer 01
  0
POLYLINE
  5
746
330
1F
100
AcDbEntity
  8
Layer 01
100
AcDb2dPolyline
 66
     1
 10
0.0
 20
0.0
 30
0.0
 70
     1
  0
VERTEX
  5
747
330
746
100
AcDbEntity
  8
Layer 01
100
AcDbVertex
100
AcDb2dVertex
 10
14037.1294487727
 20
15259.03634449793
 30
0.0
  0
VERTEX
  5
748
330
746
100
AcDbEntity
  8
Layer 01
100
AcDbVertex
100
AcDb2dVertex
 10
14247.57582096275
 20
15599.13986152041
 30
0.0
  0
VERTEX
  5
749
330
746
100
AcDbEntity
  8
Layer 01
100
AcDbVertex
100
AcDb2dVertex
 10
14535.63410851954
 20
15401.76563586877
 30
0.0
  0
VERTEX
  5
74A
330
746
100
AcDbEntity
  8
Layer 01
100
AcDbVertex
100
AcDb2dVertex
 10
14105.08853563351
 20
15096.41027974534
 30
0.0
  0
SEQEND
  5
74B
330
746
100
AcDbEntity
  8
Layer 01
  0
POLYLINE
  5
74C
330
1F
100
AcDbEntity
  8
Layer 01
100
AcDb2dPolyline
 66
     1
 10
0.0
 20
0.0
 30
0.0
 70
     1
  0
VERTEX
  5
74D
330
74C
100
AcDbEntity
  8
Layer 01
100
AcDbVertex
100
AcDb2dVertex
 10
13434.40501910028
 20
14463.58987960096
 30
0.0
  0
VERTEX
  5
74E
330
74C
100
AcDbEntity
  8
Layer 01
100
AcDbVertex
100
AcDb2dVertex
 10
12986.89325354534
 20
13740.36370188036
 30
0.0
  0
VERTEX
  5
74F
330
74C
100
AcDbEntity
  8
Layer 01
100
AcDbVertex
100
AcDb2dVertex
 10
12824.39375113708
 20
14047.98497419664
 30
0.0
  0
VERTEX
  5
750
330
74C
100
AcDbEntity
  8
Layer 01
100
AcDbVertex
100
AcDb2dVertex
 10
13425.62354380314
 20
14474.39450901296
 30
0.0
  0
SEQEND
  5
751
330
74C
100
AcDbEntity
  8
Layer 01
  0
POLYLINE
  5
752
330
1F
100
AcDbEntity
  8
Layer 01
100
AcDb2dPolyline
 66
     1
 10
0.0
 20
0.0
 30
0.0
 70
     1
  0
VERTEX
  5
753
330
752
100
AcDbEntity
  8
Layer 01
100
AcDbVertex
100
AcDb2dVertex
 10
12950.4843634
 20
13502.90336180772
 30
0.0
  0
VERTEX
  5
754
330
752
100
AcDbEntity
  8
Layer 01
100
AcDbVertex
100
AcDb2dVertex
 10
13131.8147524176
 20
13159.63409542524
 30
0.0
  0
VERTEX
  5
755
330
752
100
AcDbEntity
  8
Layer 01
100
AcDbVertex
100
AcDb2dVertex
 10
13032.32949276394
 20
12705.66579919604
 30
0.0
  0
VERTEX
  5
756
330
752
100
AcDbEntity
  8
Layer 01
100
AcDbVertex
100
AcDb2dVertex
 10
12634.90052985011
 20
12992.88662648085
 30
0.0
  0
SEQEND
  5
757
330
752
100
AcDbEntity
  8
Layer 01
  0
POLYLINE
  5
758
330
1F
100
AcDbEntity
  8
Layer 01
100
AcDb2dPolyline
 66
     1
 10
0.0
 20
0.0
 30
0.0
 70
     1
  0
VERTEX
  5
759
330
758
100
AcDbEntity
  8
Layer 01
100
AcDbVertex
100
AcDb2dVertex
 10
13581.13367561506
 20
12309.04651342436
 30
0.0
  0
VERTEX
  5
75A
330
758
100
AcDbEntity
  8
Layer 01
100
AcDbVertex
100
AcDb2dVertex
 10
13190.51036974952
 20
13048.51978297849
 30
0.0
  0
VERTEX
  5
75B
330
758
100
AcDbEntity
  8
Layer 01
100
AcDbVertex
100
AcDb2dVertex
 10
13104.02111010682
 20
12653.85446292191
 30
0.0
  0
SEQEND
  5
75C
330
758
100
AcDbEntity
  8
Layer 01
  0
POLYLINE
  5
75D
330
1F
100
AcDbEntity
  8
Layer 01
100
AcDb2dPolyline
 66
     1
 10
0.0
 20
0.0
 30
0.0
 70
     1
  0
VERTEX
  5
75E
330
75D
100
AcDbEntity
  8
Layer 01
100
AcDbVertex
100
AcDb2dVertex
 10
14098.75020151073
 20
12241.1743627309
 30
0.0
  0
VERTEX
  5
75F
330
75D
100
AcDbEntity
  8
Layer 01
100
AcDbVertex
100
AcDb2dVertex
 10
13942.46326251262
 20
12047.91460670497
 30
0.0
  0
VERTEX
  5
760
330
75D
100
AcDbEntity
  8
Layer 01
100
AcDbVertex
100
AcDb2dVertex
 10
13999.94386127791
 20
12006.37353478825
 30
0.0
  0
SEQEND
  5
761
330
75D
100
AcDbEntity
  8
Layer 01
  0
POLYLINE
  5
762
330
1F
100
AcDbEntity
  8
Layer 01
100
AcDb2dPolyline
 66
     1
 10
0.0
 20
0.0
 30
0.0
 70
     1
  0
VERTEX
  5
763
330
762
100
AcDbEntity
  8
Layer 01
100
AcDbVertex
100
AcDb2dVertex
 10
14006.03078882055
 20
11811.07542332922
 30
0.0
  0
VERTEX
  5
764
330
762
100
AcDbEntity
  8
Layer 01
100
AcDbVertex
100
AcDb2dVertex
 10
14339.16251431309
 20
11180.43715228104
 30
0.0
  0
VERTEX
  5
765
330
762
100
AcDbEntity
  8
Layer 01
100
AcDbVertex
100
AcDb2dVertex
 10
14610.2824667186
 20
11374.38438415164
 30
0.0
  0
SEQEND
  5
766
330
762
100
AcDbEntity
  8
Layer 01
  0
POLYLINE
  5
767
330
1F
100
AcDbEntity
  8
Layer 01
100
AcDb2dPolyline
 66
     1
 10
0.0
 20
0.0
 30
0.0
 70
     1
  0
VERTEX
  5
768
330
767
100
AcDbEntity
  8
Layer 01
100
AcDbVertex
100
AcDb2dVertex
 10
9656.524405770379
 20
12429.90307604534
 30
0.0
  0
VERTEX
  5
769
330
767
100
AcDbEntity
  8
Layer 01
100
AcDbVertex
100
AcDb2dVertex
 10
11156.47044967968
 20
13764.95431321072
 30
0.0
  0
VERTEX
  5
76A
330
767
100
AcDbEntity
  8
Layer 01
100
AcDbVertex
100
AcDb2dVertex
 10
11011.64851716635
 20
12902.45326805506
 30
0.0
  0
VERTEX
  5
76B
330
767
100
AcDbEntity
  8
Layer 01
100
AcDbVertex
100
AcDb2dVertex
 10
9658.563891119351
 20
11942.80656890971
 30
0.0
  0
SEQEND
  5
76C
330
767
100
AcDbEntity
  8
Layer 01
  0
POLYLINE
  5
76D
330
1F
100
AcDbEntity
  8
Layer 01
100
AcDb2dPolyline
 66
     1
 10
0.0
 20
0.0
 30
0.0
 70
     1
  0
VERTEX
  5
76E
330
76D
100
AcDbEntity
  8
Layer 01
100
AcDbVertex
100
AcDb2dVertex
 10
11917.71796991378
 20
12012.46375999773
 30
0.0
  0
VERTEX
  5
76F
330
76D
100
AcDbEntity
  8
Layer 01
100
AcDbVertex
100
AcDb2dVertex
 10
11547.08022190415
 20
13142.07732547615
 30
0.0
  0
VERTEX
  5
770
330
76D
100
AcDbEntity
  8
Layer 01
100
AcDbVertex
100
AcDb2dVertex
 10
11141.73420763612
 20
12854.59422418598
 30
0.0
  0
VERTEX
  5
771
330
76D
100
AcDbEntity
  8
Layer 01
100
AcDbVertex
100
AcDb2dVertex
 10
10859.82595884259
 20
11175.66234554919
 30
0.0
  0
VERTEX
  5
772
330
76D
100
AcDbEntity
  8
Layer 01
100
AcDbVertex
100
AcDb2dVertex
 10
11399.92908182487
 20
11175.66234554919
 30
0.0
  0
SEQEND
  5
773
330
76D
100
AcDbEntity
  8
Layer 01
  0
POLYLINE
  5
774
330
1F
100
AcDbEntity
  8
Layer 01
100
AcDb2dPolyline
 66
     1
 10
0.0
 20
0.0
 30
0.0
 70
     1
  0
VERTEX
  5
775
330
774
100
AcDbEntity
  8
Layer 01
100
AcDbVertex
100
AcDb2dVertex
 10
11439.02881338134
 20
13471.39169642697
 30
0.0
  0
VERTEX
  5
776
330
774
100
AcDbEntity
  8
Layer 01
100
AcDbVertex
100
AcDb2dVertex
 10
11509.7844747411
 20
13255.74567727323
 30
0.0
  0
VERTEX
  5
777
330
774
100
AcDbEntity
  8
Layer 01
100
AcDbVertex
100
AcDb2dVertex
 10
11190.8735613379
 20
13029.56484609869
 30
0.0
  0
SEQEND
  5
778
330
774
100
AcDbEntity
  8
Layer 01
  0
POLYLINE
  5
779
330
1F
100
AcDbEntity
  8
Layer 01
100
AcDb2dPolyline
 66
     1
 10
0.0
 20
0.0
 30
0.0
 70
     1
  0
VERTEX
  5
77A
330
779
100
AcDbEntity
  8
Layer 01
100
AcDbVertex
100
AcDb2dVertex
 10
10965.66484316059
 20
12628.59304397323
 30
0.0
  0
VERTEX
  5
77B
330
779
100
AcDbEntity
  8
Layer 01
100
AcDbVertex
100
AcDb2dVertex
 10
10149.61578819445
 20
11175.66234554919
 30
0.0
  0
VERTEX
  5
77C
330
779
100
AcDbEntity
  8
Layer 01
100
AcDbVertex
100
AcDb2dVertex
 10
10721.7042906076
 20
11175.66234554919
 30
0.0
  0
SEQEND
  5
77D
330
779
100
AcDbEntity
  8
Layer 01
  0
POLYLINE
  5
77E
330
1F
100
AcDbEntity
  8
Layer 01
100
AcDb2dPolyline
 66
     1
 10
0.0
 20
0.0
 30
0.0
 70
     1
  0
VERTEX
  5
77F
330
77E
100
AcDbEntity
  8
Layer 01
100
AcDbVertex
100
AcDb2dVertex
 10
10457.10632261837
 20
14375.87345334827
 30
0.0
  0
VERTEX
  5
780
330
77E
100
AcDbEntity
  8
Layer 01
100
AcDbVertex
100
AcDb2dVertex
 10
11101.76512677105
 20
13909.98029425982
 30
0.0
  0
VERTEX
  5
781
330
77E
100
AcDbEntity
  8
Layer 01
100
AcDbVertex
100
AcDb2dVertex
 10
9655.716317917602
 20
12622.90116291338
 30
0.0
  0
VERTEX
  5
782
330
77E
100
AcDbEntity
  8
Layer 01
100
AcDbVertex
100
AcDb2dVertex
 10
9652.40337681835
 20
13414.14099143507
 30
0.0
  0
SEQEND
  5
783
330
77E
100
AcDbEntity
  8
Layer 01
  0
POLYLINE
  5
784
330
1F
100
AcDbEntity
  8
Layer 01
100
AcDb2dPolyline
 66
     1
 10
0.0
 20
0.0
 30
0.0
 70
     1
  0
VERTEX
  5
785
330
784
100
AcDbEntity
  8
Layer 01
100
AcDbVertex
100
AcDb2dVertex
 10
9651.802872907212
 20
13557.56117230727
 30
0.0
  0
VERTEX
  5
786
330
784
100
AcDbEntity
  8
Layer 01
100
AcDbVertex
100
AcDb2dVertex
 10
10381.94984854931
 20
14430.18883212604
 30
0.0
  0
VERTEX
  5
787
330
784
100
AcDbEntity
  8
Layer 01
100
AcDbVertex
100
AcDb2dVertex
 10
9920.836651031095
 20
14763.43408202456
 30
0.0
  0
VERTEX
  5
788
330
784
100
AcDbEntity
  8
Layer 01
100
AcDbVertex
100
AcDb2dVertex
 10
9647.993172538027
 20
14467.44353258105
 30
0.0
  0
SEQEND
  5
789
330
784
100
AcDbEntity
  8
Layer 01
  0
POLYLINE
  5
78A
330
1F
100
AcDbEntity
  8
Layer 01
100
AcDb2dPolyline
 66
     1
 10
0.0
 20
0.0
 30
0.0
 70
     1
  0
VERTEX
  5
78B
330
78A
100
AcDbEntity
  8
Layer 01
100
AcDbVertex
100
AcDb2dVertex
 10
9499.703746289124
 20
15067.78568340261
 30
0.0
  0
VERTEX
  5
78C
330
78A
100
AcDbEntity
  8
Layer 01
100
AcDbVertex
100
AcDb2dVertex
 10
8814.948759943474
 20
13731.64985331383
 30
0.0
  0
VERTEX
  5
78D
330
78A
100
AcDbEntity
  8
Layer 01
100
AcDbVertex
100
AcDb2dVertex
 10
8626.831484223518
 20
15199.83647944788
 30
0.0
  0
VERTEX
  5
78E
330
78A
100
AcDbEntity
  8
Layer 01
100
AcDbVertex
100
AcDb2dVertex
 10
8863.836286280613
 20
15527.32536206145
 30
0.0
  0
SEQEND
  5
78F
330
78A
100
AcDbEntity
  8
Layer 01
  0
POLYLINE
  5
790
330
1F
100
AcDbEntity
  8
Layer 01
100
AcDb2dPolyline
 66
     1
 10
0.0
 20
0.0
 30
0.0
 70
     1
  0
VERTEX
  5
791
330
790
100
AcDbEntity
  8
Layer 01
100
AcDbVertex
100
AcDb2dVertex
 10
8957.909081187663
 20
11808.08920669042
 30
0.0
  0
VERTEX
  5
792
330
790
100
AcDbEntity
  8
Layer 01
100
AcDbVertex
100
AcDb2dVertex
 10
9000.452312137873
 20
11476.054828271
 30
0.0
  0
VERTEX
  5
793
330
790
100
AcDbEntity
  8
Layer 01
100
AcDbVertex
100
AcDb2dVertex
 10
8798.503106004868
 20
11332.82661820203
 30
0.0
  0
VERTEX
  5
794
330
790
100
AcDbEntity
  8
Layer 01
100
AcDbVertex
100
AcDb2dVertex
 10
8681.477028688216
 20
11562.04638723027
 30
0.0
  0
SEQEND
  5
795
330
790
100
AcDbEntity
  8
Layer 01
  0
POLYLINE
  5
796
330
1F
100
AcDbEntity
  8
Layer 01
100
AcDb2dPolyline
 66
     1
 10
0.0
 20
0.0
 30
0.0
 70
     1
  0
VERTEX
  5
797
330
796
100
AcDbEntity
  8
Layer 01
100
AcDbVertex
100
AcDb2dVertex
 10
8871.68091386535
 20
12481.06855733302
 30
0.0
  0
VERTEX
  5
798
330
796
100
AcDbEntity
  8
Layer 01
100
AcDbVertex
100
AcDb2dVertex
 10
8935.629149958666
 20
11981.97593206646
 30
0.0
  0
VERTEX
  5
799
330
796
100
AcDbEntity
  8
Layer 01
100
AcDbVertex
100
AcDb2dVertex
 10
8613.476755300186
 20
11695.23898256683
 30
0.0
  0
VERTEX
  5
79A
330
796
100
AcDbEntity
  8
Layer 01
100
AcDbVertex
100
AcDb2dVertex
 10
8462.156921796875
 20
11991.63016374919
 30
0.0
  0
SEQEND
  5
79B
330
796
100
AcDbEntity
  8
Layer 01
  0
POLYLINE
  5
79C
330
1F
100
AcDbEntity
  8
Layer 01
100
AcDb2dPolyline
 66
     1
 10
0.0
 20
0.0
 30
0.0
 70
     1
  0
VERTEX
  5
79D
330
79C
100
AcDbEntity
  8
Layer 01
100
AcDbVertex
100
AcDb2dVertex
 10
8195.928172394713
 20
14834.28720532317
 30
0.0
  0
VERTEX
  5
79E
330
79C
100
AcDbEntity
  8
Layer 01
100
AcDbVertex
100
AcDb2dVertex
 10
8477.60224794073
 20
15806.45564789718
 30
0.0
  0
VERTEX
  5
79F
330
79C
100
AcDbEntity
  8
Layer 01
100
AcDbVertex
100
AcDb2dVertex
 10
8754.609718368938
 20
15606.26310471378
 30
0.0
  0
SEQEND
  5
7A0
330
79C
100
AcDbEntity
  8
Layer 01
  0
POLYLINE
  5
7A1
330
1F
100
AcDbEntity
  8
Layer 01
100
AcDb2dPolyline
 66
     1
 10
0.0
 20
0.0
 30
0.0
 70
     1
  0
VERTEX
  5
7A2
330
7A1
100
AcDbEntity
  8
Layer 01
100
AcDbVertex
100
AcDb2dVertex
 10
8439.922658221556
 20
16024.58569012427
 30
0.0
  0
VERTEX
  5
7A3
330
7A1
100
AcDbEntity
  8
Layer 01
100
AcDbVertex
100
AcDb2dVertex
 10
8498.41936853698
 20
16226.48093253453
 30
0.0
  0
VERTEX
  5
7A4
330
7A1
100
AcDbEntity
  8
Layer 01
100
AcDbVertex
100
AcDb2dVertex
 10
8329.78647717139
 20
16104.1808077103
 30
0.0
  0
SEQEND
  5
7A5
330
7A1
100
AcDbEntity
  8
Layer 01
  0
POLYLINE
  5
7A6
330
1F
100
AcDbEntity
  8
Layer 01
100
AcDb2dPolyline
 66
     1
 10
0.0
 20
0.0
 30
0.0
 70
     1
  0
VERTEX
  5
7A7
330
7A6
100
AcDbEntity
  8
Layer 01
100
AcDbVertex
100
AcDb2dVertex
 10
10914.70679213634
 20
17563.7985178116
 30
0.0
  0
VERTEX
  5
7A8
330
7A6
100
AcDbEntity
  8
Layer 01
100
AcDbVertex
100
AcDb2dVertex
 10
10831.40797255183
 20
17666.28845778343
 30
0.0
  0
VERTEX
  5
7A9
330
7A6
100
AcDbEntity
  8
Layer 01
100
AcDbVertex
100
AcDb2dVertex
 10
10871.60694074004
 20
17744.72714432079
 30
0.0
  0
VERTEX
  5
7AA
330
7A6
100
AcDbEntity
  8
Layer 01
100
AcDbVertex
100
AcDb2dVertex
 10
10940.54699435792
 20
17614.21950156996
 30
0.0
  0
SEQEND
  5
7AB
330
7A6
100
AcDbEntity
  8
Layer 01
  0
POLYLINE
  5
7AC
330
1F
100
AcDbEntity
  8
Layer 01
100
AcDb2dPolyline
 66
     1
 10
0.0
 20
0.0
 30
0.0
 70
     1
  0
VERTEX
  5
7AD
330
7AC
100
AcDbEntity
  8
Layer 01
100
AcDbVertex
100
AcDb2dVertex
 10
11771.02570029631
 20
17424.9976282242
 30
0.0
  0
VERTEX
  5
7AE
330
7AC
100
AcDbEntity
  8
Layer 01
100
AcDbVertex
100
AcDb2dVertex
 10
11875.56918760336
 20
18047.61649196746
 30
0.0
  0
VERTEX
  5
7AF
330
7AC
100
AcDbEntity
  8
Layer 01
100
AcDbVertex
100
AcDb2dVertex
 10
11162.65820757354
 20
18047.61649196746
 30
0.0
  0
VERTEX
  5
7B0
330
7AC
100
AcDbEntity
  8
Layer 01
100
AcDbVertex
100
AcDb2dVertex
 10
11084.60913445285
 20
17895.32236460623
 30
0.0
  0
SEQEND
  5
7B1
330
7AC
100
AcDbEntity
  8
Layer 01
  0
POLYLINE
  5
7B2
330
1F
100
AcDbEntity
  8
Layer 01
100
AcDb2dPolyline
 66
     1
 10
0.0
 20
0.0
 30
0.0
 70
     1
  0
VERTEX
  5
7B3
330
7B2
100
AcDbEntity
  8
Layer 01
100
AcDbVertex
100
AcDb2dVertex
 10
12245.28974109775
 20
15144.26348417138
 30
0.0
  0
VERTEX
  5
7B4
330
7B2
100
AcDbEntity
  8
Layer 01
100
AcDbVertex
100
AcDb2dVertex
 10
11802.07387583484
 20
15983.29761265996
 30
0.0
  0
VERTEX
  5
7B5
330
7B2
100
AcDbEntity
  8
Layer 01
100
AcDbVertex
100
AcDb2dVertex
 10
12003.55339190637
 20
16224.09378723331
 30
0.0
  0
VERTEX
  5
7B6
330
7B2
100
AcDbEntity
  8
Layer 01
100
AcDbVertex
100
AcDb2dVertex
 10
12505.15147724184
 20
15606.93308900927
 30
0.0
  0
SEQEND
  5
7B7
330
7B2
100
AcDbEntity
  8
Layer 01
  0
POLYLINE
  5
7B8
330
1F
100
AcDbEntity
  8
Layer 01
100
AcDb2dPolyline
 66
     1
 10
0.0
 20
0.0
 30
0.0
 70
     1
  0
VERTEX
  5
7B9
330
7B8
100
AcDbEntity
  8
Layer 01
100
AcDbVertex
100
AcDb2dVertex
 10
11755.40012096696
 20
16071.6538207926
 30
0.0
  0
VERTEX
  5
7BA
330
7B8
100
AcDbEntity
  8
Layer 01
100
AcDbVertex
100
AcDb2dVertex
 10
11944.12804961503
 20
16297.21006660706
 30
0.0
  0
VERTEX
  5
7BB
330
7B8
100
AcDbEntity
  8
Layer 01
100
AcDbVertex
100
AcDb2dVertex
 10
11758.19414313908
 20
16525.98107450968
 30
0.0
  0
VERTEX
  5
7BC
330
7B8
100
AcDbEntity
  8
Layer 01
100
AcDbVertex
100
AcDb2dVertex
 10
11699.63424858103
 20
16177.22195091578
 30
0.0
  0
SEQEND
  5
7BD
330
7B8
100
AcDbEntity
  8
Layer 01
  0
POLYLINE
  5
7BE
330
1F
100
AcDbEntity
  8
Layer 01
100
AcDb2dPolyline
 66
     1
 10
0.0
 20
0.0
 30
0.0
 70
     1
  0
VERTEX
  5
7BF
330
7BE
100
AcDbEntity
  8
Layer 01
100
AcDbVertex
100
AcDb2dVertex
 10
8954.547152997398
 20
15652.6679716801
 30
0.0
  0
VERTEX
  5
7C0
330
7BE
100
AcDbEntity
  8
Layer 01
100
AcDbVertex
100
AcDb2dVertex
 10
9528.067607384768
 20
15238.18630389683
 30
0.0
  0
VERTEX
  5
7C1
330
7BE
100
AcDbEntity
  8
Layer 01
100
AcDbVertex
100
AcDb2dVertex
 10
9523.043097915146
 20
16438.20522727802
 30
0.0
  0
SEQEND
  5
7C2
330
7BE
100
AcDbEntity
  8
Layer 01
  0
POLYLINE
  5
7C3
330
1F
100
AcDbEntity
  8
Layer 01
100
AcDb2dPolyline
 66
     1
 10
0.0
 20
0.0
 30
0.0
 70
     1
  0
VERTEX
  5
7C4
330
7C3
100
AcDbEntity
  8
Layer 01
100
AcDbVertex
100
AcDb2dVertex
 10
10362.71258963496
 20
16751.74134677298
 30
0.0
  0
VERTEX
  5
7C5
330
7C3
100
AcDbEntity
  8
Layer 01
100
AcDbVertex
100
AcDb2dVertex
 10
9644.298191135775
 20
15349.92721204259
 30
0.0
  0
VERTEX
  5
7C6
330
7C3
100
AcDbEntity
  8
Layer 01
100
AcDbVertex
100
AcDb2dVertex
 10
9633.002898145816
 20
18047.61649196746
 30
0.0
  0
VERTEX
  5
7C7
330
7C3
100
AcDbEntity
  8
Layer 01
100
AcDbVertex
100
AcDb2dVertex
 10
9937.52271922728
 20
18047.61649196746
 30
0.0
  0
SEQEND
  5
7C8
330
7C3
100
AcDbEntity
  8
Layer 01
  0
POLYLINE
  5
7C9
330
1F
100
AcDbEntity
  8
Layer 01
100
AcDb2dPolyline
 66
     1
 10
0.0
 20
0.0
 30
0.0
 70
     1
  0
VERTEX
  5
7CA
330
7C9
100
AcDbEntity
  8
Layer 01
100
AcDbVertex
100
AcDb2dVertex
 10
10846.69776423312
 20
17929.38239221067
 30
0.0
  0
VERTEX
  5
7CB
330
7C9
100
AcDbEntity
  8
Layer 01
100
AcDbVertex
100
AcDb2dVertex
 10
11751.60719777784
 20
17309.34885578435
 30
0.0
  0
VERTEX
  5
7CC
330
7C9
100
AcDbEntity
  8
Layer 01
100
AcDbVertex
100
AcDb2dVertex
 10
11682.95176582396
 20
16900.46478147202
 30
0.0
  0
SEQEND
  5
7CD
330
7C9
100
AcDbEntity
  8
Layer 01
  0
POLYLINE
  5
7CE
330
1F
100
AcDbEntity
  8
Layer 01
100
AcDb2dPolyline
 66
     1
 10
0.0
 20
0.0
 30
0.0
 70
     1
  0
VERTEX
  5
7CF
330
7CE
100
AcDbEntity
  8
Layer 01
100
AcDbVertex
100
AcDb2dVertex
 10
12412.25148777129
 20
16856.68298640567
 30
0.0
  0
VERTEX
  5
7D0
330
7CE
100
AcDbEntity
  8
Layer 01
100
AcDbVertex
100
AcDb2dVertex
 10
12067.88983696686
 20
17092.63562900493
 30
0.0
  0
VERTEX
  5
7D1
330
7CE
100
AcDbEntity
  8
Layer 01
100
AcDbVertex
100
AcDb2dVertex
 10
11780.31766817177
 20
16780.66685952422
 30
0.0
  0
VERTEX
  5
7D2
330
7CE
100
AcDbEntity
  8
Layer 01
100
AcDbVertex
100
AcDb2dVertex
 10
12060.35274574919
 20
16436.11481864209
 30
0.0
  0
SEQEND
  5
7D3
330
7CE
100
AcDbEntity
  8
Layer 01
  0
POLYLINE
  5
7D4
330
1F
100
AcDbEntity
  8
Layer 01
100
AcDb2dPolyline
 66
     1
 10
0.0
 20
0.0
 30
0.0
 70
     1
  0
VERTEX
  5
7D5
330
7D4
100
AcDbEntity
  8
Layer 01
100
AcDbVertex
100
AcDb2dVertex
 10
12598.78211553416
 20
15773.63731819754
 30
0.0
  0
VERTEX
  5
7D6
330
7D4
100
AcDbEntity
  8
Layer 01
100
AcDbVertex
100
AcDb2dVertex
 10
12119.77808804053
 20
16362.99853926835
 30
0.0
  0
VERTEX
  5
7D7
330
7D4
100
AcDbEntity
  8
Layer 01
100
AcDbVertex
100
AcDb2dVertex
 10
12488.90718260518
 20
16804.159385929
 30
0.0
  0
VERTEX
  5
7D8
330
7D4
100
AcDbEntity
  8
Layer 01
100
AcDbVertex
100
AcDb2dVertex
 10
12986.20259568241
 20
16463.41828832431
 30
0.0
  0
SEQEND
  5
7D9
330
7D4
100
AcDbEntity
  8
Layer 01
  0
POLYLINE
  5
7DA
330
1F
100
AcDbEntity
  8
Layer 01
100
AcDb2dPolyline
 66
     1
 10
0.0
 20
0.0
 30
0.0
 70
     1
  0
VERTEX
  5
7DB
330
7DA
100
AcDbEntity
  8
Layer 01
100
AcDbVertex
100
AcDb2dVertex
 10
12798.06333926777
 20
17884.75445599251
 30
0.0
  0
VERTEX
  5
7DC
330
7DA
100
AcDbEntity
  8
Layer 01
100
AcDbVertex
100
AcDb2dVertex
 10
12140.74423793061
 20
17171.67073840077
 30
0.0
  0
VERTEX
  5
7DD
330
7DA
100
AcDbEntity
  8
Layer 01
100
AcDbVertex
100
AcDb2dVertex
 10
12480.83212438705
 20
16938.64642997984
 30
0.0
  0
VERTEX
  5
7DE
330
7DA
100
AcDbEntity
  8
Layer 01
100
AcDbVertex
100
AcDb2dVertex
 10
12956.07626793159
 20
17506.6295876984
 30
0.0
  0
SEQEND
  5
7DF
330
7DA
100
AcDbEntity
  8
Layer 01
  0
POLYLINE
  5
7E0
330
1F
100
AcDbEntity
  8
Layer 01
100
AcDb2dPolyline
 66
     1
 10
0.0
 20
0.0
 30
0.0
 70
     1
  0
VERTEX
  5
7E1
330
7E0
100
AcDbEntity
  8
Layer 01
100
AcDbVertex
100
AcDb2dVertex
 10
11894.89613565046
 20
17340.1230305637
 30
0.0
  0
VERTEX
  5
7E2
330
7E0
100
AcDbEntity
  8
Layer 01
100
AcDbVertex
100
AcDb2dVertex
 10
12053.38811956891
 20
17231.52614601224
 30
0.0
  0
VERTEX
  5
7E3
330
7E0
100
AcDbEntity
  8
Layer 01
100
AcDbVertex
100
AcDb2dVertex
 10
12753.60393737385
 20
17991.1457850295
 30
0.0
  0
VERTEX
  5
7E4
330
7E0
100
AcDbEntity
  8
Layer 01
100
AcDbVertex
100
AcDb2dVertex
 10
12730.00564343661
 20
18047.61649196746
 30
0.0
  0
VERTEX
  5
7E5
330
7E0
100
AcDbEntity
  8
Layer 01
100
AcDbVertex
100
AcDb2dVertex
 10
12013.69085583836
 20
18047.61649196746
 30
0.0
  0
SEQEND
  5
7E6
330
7E0
100
AcDbEntity
  8
Layer 01
  0
POLYLINE
  5
7E7
330
1F
100
AcDbEntity
  8
Layer 01
100
AcDb2dPolyline
 66
     1
 10
0.0
 20
0.0
 30
0.0
 70
     1
  0
VERTEX
  5
7E8
330
7E7
100
AcDbEntity
  8
Layer 01
100
AcDbVertex
100
AcDb2dVertex
 10
13408.7320456502
 20
18047.61649196746
 30
0.0
  0
VERTEX
  5
7E9
330
7E7
100
AcDbEntity
  8
Layer 01
100
AcDbVertex
100
AcDb2dVertex
 10
12948.18922839974
 20
18047.61649196746
 30
0.0
  0
VERTEX
  5
7EA
330
7E7
100
AcDbEntity
  8
Layer 01
100
AcDbVertex
100
AcDb2dVertex
 10
12895.64313871472
 20
17990.61257879761
 30
0.0
  0
VERTEX
  5
7EB
330
7E7
100
AcDbEntity
  8
Layer 01
100
AcDbVertex
100
AcDb2dVertex
 10
13050.65635873798
 20
17619.66601195154
 30
0.0
  0
SEQEND
  5
7EC
330
7E7
100
AcDbEntity
  8
Layer 01
  0
POLYLINE
  5
7ED
330
1F
100
AcDbEntity
  8
Layer 01
100
AcDb2dPolyline
 66
     1
 10
0.0
 20
0.0
 30
0.0
 70
     1
  0
VERTEX
  5
7EE
330
7ED
100
AcDbEntity
  8
Layer 01
100
AcDbVertex
100
AcDb2dVertex
 10
13300.20831453068
 20
17022.48829228908
 30
0.0
  0
VERTEX
  5
7EF
330
7ED
100
AcDbEntity
  8
Layer 01
100
AcDbVertex
100
AcDb2dVertex
 10
13090.82700301864
 20
17523.53767798317
 30
0.0
  0
VERTEX
  5
7F0
330
7ED
100
AcDbEntity
  8
Layer 01
100
AcDbVertex
100
AcDb2dVertex
 10
13529.33540545479
 20
18047.61649196746
 30
0.0
  0
VERTEX
  5
7F1
330
7ED
100
AcDbEntity
  8
Layer 01
100
AcDbVertex
100
AcDb2dVertex
 10
13875.97899614272
 20
18047.61649196746
 30
0.0
  0
SEQEND
  5
7F2
330
7ED
100
AcDbEntity
  8
Layer 01
  0
POLYLINE
  5
7F3
330
1F
100
AcDbEntity
  8
Layer 01
100
AcDb2dPolyline
 66
     1
 10
0.0
 20
0.0
 30
0.0
 70
     1
  0
VERTEX
  5
7F4
330
7F3
100
AcDbEntity
  8
Layer 01
100
AcDbVertex
100
AcDb2dVertex
 10
13678.04226813165
 20
16118.3318086993
 30
0.0
  0
VERTEX
  5
7F5
330
7F3
100
AcDbEntity
  8
Layer 01
100
AcDbVertex
100
AcDb2dVertex
 10
13766.86390287694
 20
16057.47224611682
 30
0.0
  0
VERTEX
  5
7F6
330
7F3
100
AcDbEntity
  8
Layer 01
100
AcDbVertex
100
AcDb2dVertex
 10
14202.99571800864
 20
18047.61649196746
 30
0.0
  0
VERTEX
  5
7F7
330
7F3
100
AcDbEntity
  8
Layer 01
100
AcDbVertex
100
AcDb2dVertex
 10
14009.29862994179
 20
18047.61649196746
 30
0.0
  0
VERTEX
  5
7F8
330
7F3
100
AcDbEntity
  8
Layer 01
100
AcDbVertex
100
AcDb2dVertex
 10
13357.08418637286
 20
16886.38435616628
 30
0.0
  0
SEQEND
  5
7F9
330
7F3
100
AcDbEntity
  8
Layer 01
  0
POLYLINE
  5
7FA
330
1F
100
AcDbEntity
  8
Layer 01
100
AcDb2dPolyline
 66
     1
 10
0.0
 20
0.0
 30
0.0
 70
     1
  0
VERTEX
  5
7FB
330
7FA
100
AcDbEntity
  8
Layer 01
100
AcDbVertex
100
AcDb2dVertex
 10
13804.65610761464
 20
14883.33492413597
 30
0.0
  0
VERTEX
  5
7FC
330
7FA
100
AcDbEntity
  8
Layer 01
100
AcDbVertex
100
AcDb2dVertex
 10
13952.48049498106
 20
15122.23471376793
 30
0.0
  0
VERTEX
  5
7FD
330
7FA
100
AcDbEntity
  8
Layer 01
100
AcDbVertex
100
AcDb2dVertex
 10
13995.69409672625
 20
15018.82458393494
 30
0.0
  0
SEQEND
  5
7FE
330
7FA
100
AcDbEntity
  8
Layer 01
  0
POLYLINE
  5
7FF
330
1F
100
AcDbEntity
  8
Layer 01
100
AcDb2dPolyline
 66
     1
 10
0.0
 20
0.0
 30
0.0
 70
     1
  0
VERTEX
  5
800
330
7FF
100
AcDbEntity
  8
Layer 01
100
AcDbVertex
100
AcDb2dVertex
 10
14629.43561003697
 20
13502.2814233247
 30
0.0
  0
VERTEX
  5
801
330
7FF
100
AcDbEntity
  8
Layer 01
100
AcDbVertex
100
AcDb2dVertex
 10
14040.86149029537
 20
14910.73903113284
 30
0.0
  0
VERTEX
  5
802
330
7FF
100
AcDbEntity
  8
Layer 01
100
AcDbVertex
100
AcDb2dVertex
 10
13570.96471950471
 20
14577.47466883962
 30
0.0
  0
VERTEX
  5
803
330
7FF
100
AcDbEntity
  8
Layer 01
100
AcDbVertex
100
AcDb2dVertex
 10
14566.46015173298
 20
13352.62817521327
 30
0.0
  0
SEQEND
  5
804
330
7FF
100
AcDbEntity
  8
Layer 01
  0
POLYLINE
  5
805
330
1F
100
AcDbEntity
  8
Layer 01
100
AcDb2dPolyline
 66
     1
 10
0.0
 20
0.0
 30
0.0
 70
     1
  0
VERTEX
  5
806
330
805
100
AcDbEntity
  8
Layer 01
100
AcDbVertex
100
AcDb2dVertex
 10
13347.73060715278
 20
14144.89515866454
 30
0.0
  0
VERTEX
  5
807
330
805
100
AcDbEntity
  8
Layer 01
100
AcDbVertex
100
AcDb2dVertex
 10
13037.79417371943
 20
13644.00521712214
 30
0.0
  0
VERTEX
  5
808
330
805
100
AcDbEntity
  8
Layer 01
100
AcDbVertex
100
AcDb2dVertex
 10
13179.27038634329
 20
13376.18228914481
 30
0.0
  0
SEQEND
  5
809
330
805
100
AcDbEntity
  8
Layer 01
  0
POLYLINE
  5
80A
330
1F
100
AcDbEntity
  8
Layer 01
100
AcDb2dPolyline
 66
     1
 10
0.0
 20
0.0
 30
0.0
 70
     1
  0
VERTEX
  5
80B
330
80A
100
AcDbEntity
  8
Layer 01
100
AcDbVertex
100
AcDb2dVertex
 10
12899.58344322591
 20
13599.26184656595
 30
0.0
  0
VERTEX
  5
80C
330
80A
100
AcDbEntity
  8
Layer 01
100
AcDbVertex
100
AcDb2dVertex
 10
12558.5282308786
 20
13048.08067859878
 30
0.0
  0
VERTEX
  5
80D
330
80A
100
AcDbEntity
  8
Layer 01
100
AcDbVertex
100
AcDb2dVertex
 10
11991.91745552702
 20
13457.56874019296
 30
0.0
  0
VERTEX
  5
80E
330
80A
100
AcDbEntity
  8
Layer 01
100
AcDbVertex
100
AcDb2dVertex
 10
12706.65717952856
 20
13964.48279692123
 30
0.0
  0
SEQEND
  5
80F
330
80A
100
AcDbEntity
  8
Layer 01
  0
POLYLINE
  5
810
330
1F
100
AcDbEntity
  8
Layer 01
100
AcDb2dPolyline
 66
     1
 10
0.0
 20
0.0
 30
0.0
 70
     1
  0
VERTEX
  5
811
330
810
100
AcDbEntity
  8
Layer 01
100
AcDbVertex
100
AcDb2dVertex
 10
12996.21450094567
 20
12540.86689972946
 30
0.0
  0
VERTEX
  5
812
330
810
100
AcDbEntity
  8
Layer 01
100
AcDbVertex
100
AcDb2dVertex
 10
12553.27795074324
 20
12860.97593619999
 30
0.0
  0
VERTEX
  5
813
330
810
100
AcDbEntity
  8
Layer 01
100
AcDbVertex
100
AcDb2dVertex
 10
12037.96146062803
 20
12028.17017745027
 30
0.0
  0
VERTEX
  5
814
330
810
100
AcDbEntity
  8
Layer 01
100
AcDbVertex
100
AcDb2dVertex
 10
12317.6779872639
 20
11175.66234554919
 30
0.0
  0
VERTEX
  5
815
330
810
100
AcDbEntity
  8
Layer 01
100
AcDbVertex
100
AcDb2dVertex
 10
12697.03561404735
 20
11175.66234554919
 30
0.0
  0
SEQEND
  5
816
330
810
100
AcDbEntity
  8
Layer 01
  0
POLYLINE
  5
817
330
1F
100
AcDbEntity
  8
Layer 01
100
AcDb2dPolyline
 66
     1
 10
0.0
 20
0.0
 30
0.0
 70
     1
  0
VERTEX
  5
818
330
817
100
AcDbEntity
  8
Layer 01
100
AcDbVertex
100
AcDb2dVertex
 10
12780.08146974794
 20
11175.66234554919
 30
0.0
  0
VERTEX
  5
819
330
817
100
AcDbEntity
  8
Layer 01
100
AcDbVertex
100
AcDb2dVertex
 10
13067.90611828855
 20
12489.05556345534
 30
0.0
  0
VERTEX
  5
81A
330
817
100
AcDbEntity
  8
Layer 01
100
AcDbVertex
100
AcDb2dVertex
 10
13745.99670741681
 20
11999.0013445692
 30
0.0
  0
VERTEX
  5
81B
330
817
100
AcDbEntity
  8
Layer 01
100
AcDbVertex
100
AcDb2dVertex
 10
13080.17194099547
 20
11175.66234554919
 30
0.0
  0
SEQEND
  5
81C
330
817
100
AcDbEntity
  8
Layer 01
  0
POLYLINE
  5
81D
330
1F
100
AcDbEntity
  8
Layer 01
100
AcDb2dPolyline
 66
     1
 10
0.0
 20
0.0
 30
0.0
 70
     1
  0
VERTEX
  5
81E
330
81D
100
AcDbEntity
  8
Layer 01
100
AcDbVertex
100
AcDb2dVertex
 10
13807.33974387968
 20
11880.82490354889
 30
0.0
  0
VERTEX
  5
81F
330
81D
100
AcDbEntity
  8
Layer 01
100
AcDbVertex
100
AcDb2dVertex
 10
13237.08290431777
 20
11175.66234554919
 30
0.0
  0
VERTEX
  5
820
330
81D
100
AcDbEntity
  8
Layer 01
100
AcDbVertex
100
AcDb2dVertex
 10
14179.83857638588
 20
11175.66234554919
 30
0.0
  0
SEQEND
  5
821
330
81D
100
AcDbEntity
  8
Layer 01
  0
POLYLINE
  5
822
330
1F
100
AcDbEntity
  8
Layer 01
100
AcDb2dPolyline
 66
     1
 10
0.0
 20
0.0
 30
0.0
 70
     1
  0
VERTEX
  5
823
330
822
100
AcDbEntity
  8
Layer 01
100
AcDbVertex
100
AcDb2dVertex
 10
11956.01664697748
 20
11895.73872218558
 30
0.0
  0
VERTEX
  5
824
330
822
100
AcDbEntity
  8
Layer 01
100
AcDbVertex
100
AcDb2dVertex
 10
11510.45388864567
 20
11175.66234554919
 30
0.0
  0
VERTEX
  5
825
330
822
100
AcDbEntity
  8
Layer 01
100
AcDbVertex
100
AcDb2dVertex
 10
12192.28106056781
 20
11175.66234554919
 30
0.0
  0
SEQEND
  5
826
330
822
100
AcDbEntity
  8
Layer 01
  0
POLYLINE
  5
827
330
1F
100
AcDbEntity
  8
Layer 01
100
AcDb2dPolyline
 66
     1
 10
0.0
 20
0.0
 30
0.0
 70
     1
  0
VERTEX
  5
828
330
827
100
AcDbEntity
  8
Layer 01
100
AcDbVertex
100
AcDb2dVertex
 10
11648.80521063881
 20
13214.22362570055
 30
0.0
  0
VERTEX
  5
829
330
827
100
AcDbEntity
  8
Layer 01
100
AcDbVertex
100
AcDb2dVertex
 10
11858.60114954802
 20
13363.01696529861
 30
0.0
  0
VERTEX
  5
82A
330
827
100
AcDbEntity
  8
Layer 01
100
AcDbVertex
100
AcDb2dVertex
 10
12476.90565177173
 20
12916.16998831791
 30
0.0
  0
VERTEX
  5
82B
330
827
100
AcDbEntity
  8
Layer 01
100
AcDbVertex
100
AcDb2dVertex
 10
11999.66278356433
 20
12144.89521526243
 30
0.0
  0
SEQEND
  5
82C
330
827
100
AcDbEntity
  8
Layer 01
  0
POLYLINE
  5
82D
330
1F
100
AcDbEntity
  8
Layer 01
100
AcDb2dPolyline
 66
     1
 10
0.0
 20
0.0
 30
0.0
 70
     1
  0
VERTEX
  5
82E
330
82D
100
AcDbEntity
  8
Layer 01
100
AcDbVertex
100
AcDb2dVertex
 10
11355.22490063506
 20
13726.80560714365
 30
0.0
  0
VERTEX
  5
82F
330
82D
100
AcDbEntity
  8
Layer 01
100
AcDbVertex
100
AcDb2dVertex
 10
11389.86593040123
 20
13621.22818726092
 30
0.0
  0
VERTEX
  5
830
330
82D
100
AcDbEntity
  8
Layer 01
100
AcDbVertex
100
AcDb2dVertex
 10
11219.53952819388
 20
13317.97134624975
 30
0.0
  0
VERTEX
  5
831
330
82D
100
AcDbEntity
  8
Layer 01
100
AcDbVertex
100
AcDb2dVertex
 10
11295.44120309881
 20
13770.01112225914
 30
0.0
  0
SEQEND
  5
832
330
82D
100
AcDbEntity
  8
Layer 01
  0
POLYLINE
  5
833
330
1F
100
AcDbEntity
  8
Layer 01
100
AcDb2dPolyline
 66
     1
 10
0.0
 20
0.0
 30
0.0
 70
     1
  0
VERTEX
  5
834
330
833
100
AcDbEntity
  8
Layer 01
100
AcDbVertex
100
AcDb2dVertex
 10
8945.42383833768
 20
12713.33952318055
 30
0.0
  0
VERTEX
  5
835
330
833
100
AcDbEntity
  8
Layer 01
100
AcDbVertex
100
AcDb2dVertex
 10
9535.685487861741
 20
13418.78467201786
 30
0.0
  0
VERTEX
  5
836
330
833
100
AcDbEntity
  8
Layer 01
100
AcDbVertex
100
AcDb2dVertex
 10
9531.822402023132
 20
14341.4172468003
 30
0.0
  0
VERTEX
  5
837
330
833
100
AcDbEntity
  8
Layer 01
100
AcDbVertex
100
AcDb2dVertex
 10
8927.02362161548
 20
13685.30948749326
 30
0.0
  0
VERTEX
  5
838
330
833
100
AcDbEntity
  8
Layer 01
100
AcDbVertex
100
AcDb2dVertex
 10
8842.11465999252
 20
13519.62992592406
 30
0.0
  0
SEQEND
  5
839
330
833
100
AcDbEntity
  8
Layer 01
  0
POLYLINE
  5
83A
330
1F
100
AcDbEntity
  8
Layer 01
100
AcDb2dPolyline
 66
     1
 10
0.0
 20
0.0
 30
0.0
 70
     1
  0
VERTEX
  5
83B
330
83A
100
AcDbEntity
  8
Layer 01
100
AcDbVertex
100
AcDb2dVertex
 10
9105.484023901394
 20
14033.53234457503
 30
0.0
  0
VERTEX
  5
83C
330
83A
100
AcDbEntity
  8
Layer 01
100
AcDbVertex
100
AcDb2dVertex
 10
9529.646128055316
 20
14861.18339703458
 30
0.0
  0
VERTEX
  5
83D
330
83A
100
AcDbEntity
  8
Layer 01
100
AcDbVertex
100
AcDb2dVertex
 10
9531.177921069251
 20
14495.34059893894
 30
0.0
  0
SEQEND
  5
83E
330
83A
100
AcDbEntity
  8
Layer 01
  0
POLYLINE
  5
83F
330
1F
100
AcDbEntity
  8
Layer 01
100
AcDb2dPolyline
 66
     1
 10
0.0
 20
0.0
 30
0.0
 70
     1
  0
VERTEX
  5
840
330
83F
100
AcDbEntity
  8
Layer 01
100
AcDbVertex
100
AcDb2dVertex
 10
8759.312674229346
 20
13358.0616245801
 30
0.0
  0
VERTEX
  5
841
330
83F
100
AcDbEntity
  8
Layer 01
100
AcDbVertex
100
AcDb2dVertex
 10
8260.978041851045
 20
12385.68059637
 30
0.0
  0
VERTEX
  5
842
330
83F
100
AcDbEntity
  8
Layer 01
100
AcDbVertex
100
AcDb2dVertex
 10
8416.454676216048
 20
12081.1474612295
 30
0.0
  0
VERTEX
  5
843
330
83F
100
AcDbEntity
  8
Layer 01
100
AcDbVertex
100
AcDb2dVertex
 10
8855.66519398796
 20
12606.06540114708
 30
0.0
  0
SEQEND
  5
844
330
83F
100
AcDbEntity
  8
Layer 01
  0
POLYLINE
  5
845
330
1F
100
AcDbEntity
  8
Layer 01
100
AcDb2dPolyline
 66
     1
 10
0.0
 20
0.0
 30
0.0
 70
     1
  0
VERTEX
  5
846
330
845
100
AcDbEntity
  8
Layer 01
100
AcDbVertex
100
AcDb2dVertex
 10
9536.285991772877
 20
13275.36449114566
 30
0.0
  0
VERTEX
  5
847
330
845
100
AcDbEntity
  8
Layer 01
100
AcDbVertex
100
AcDb2dVertex
 10
9539.451160958837
 20
12519.41747943869
 30
0.0
  0
VERTEX
  5
848
330
845
100
AcDbEntity
  8
Layer 01
100
AcDbVertex
100
AcDb2dVertex
 10
9028.537182549513
 20
12064.67022920913
 30
0.0
  0
VERTEX
  5
849
330
845
100
AcDbEntity
  8
Layer 01
100
AcDbVertex
100
AcDb2dVertex
 10
8961.43955821507
 20
12588.34267936649
 30
0.0
  0
SEQEND
  5
84A
330
845
100
AcDbEntity
  8
Layer 01
  0
POLYLINE
  5
84B
330
1F
100
AcDbEntity
  8
Layer 01
100
AcDb2dPolyline
 66
     1
 10
0.0
 20
0.0
 30
0.0
 70
     1
  0
VERTEX
  5
84C
330
84B
100
AcDbEntity
  8
Layer 01
100
AcDbVertex
100
AcDb2dVertex
 10
9050.81711377851
 20
11890.7835038331
 30
0.0
  0
VERTEX
  5
84D
330
84B
100
AcDbEntity
  8
Layer 01
100
AcDbVertex
100
AcDb2dVertex
 10
9540.259248811613
 20
12326.41939257065
 30
0.0
  0
VERTEX
  5
84E
330
84B
100
AcDbEntity
  8
Layer 01
100
AcDbVertex
100
AcDb2dVertex
 10
9542.210962281515
 20
11860.28571105226
 30
0.0
  0
VERTEX
  5
84F
330
84B
100
AcDbEntity
  8
Layer 01
100
AcDbVertex
100
AcDb2dVertex
 10
9095.33374219158
 20
11543.34747901026
 30
0.0
  0
SEQEND
  5
850
330
84B
100
AcDbEntity
  8
Layer 01
  0
POLYLINE
  5
851
330
1F
100
AcDbEntity
  8
Layer 01
100
AcDb2dPolyline
 66
     1
 10
0.0
 20
0.0
 30
0.0
 70
     1
  0
VERTEX
  5
852
330
851
100
AcDbEntity
  8
Layer 01
100
AcDbVertex
100
AcDb2dVertex
 10
9542.795909428849
 20
11720.58099953318
 30
0.0
  0
VERTEX
  5
853
330
851
100
AcDbEntity
  8
Layer 01
100
AcDbVertex
100
AcDb2dVertex
 10
9111.79155488938
 20
11414.90026220973
 30
0.0
  0
VERTEX
  5
854
330
851
100
AcDbEntity
  8
Layer 01
100
AcDbVertex
100
AcDb2dVertex
 10
9142.44486852812
 20
11175.66234554919
 30
0.0
  0
VERTEX
  5
855
330
851
100
AcDbEntity
  8
Layer 01
100
AcDbVertex
100
AcDb2dVertex
 10
9545.077497563645
 20
11175.66234554919
 30
0.0
  0
SEQEND
  5
856
330
851
100
AcDbEntity
  8
Layer 01
  0
POLYLINE
  5
857
330
1F
100
AcDbEntity
  8
Layer 01
100
AcDb2dPolyline
 66
     1
 10
0.0
 20
0.0
 30
0.0
 70
     1
  0
VERTEX
  5
858
330
857
100
AcDbEntity
  8
Layer 01
100
AcDbVertex
100
AcDb2dVertex
 10
9016.910124835673
 20
11347.60761147048
 30
0.0
  0
VERTEX
  5
859
330
857
100
AcDbEntity
  8
Layer 01
100
AcDbVertex
100
AcDb2dVertex
 10
8851.022953371217
 20
11229.95563800042
 30
0.0
  0
VERTEX
  5
85A
330
857
100
AcDbEntity
  8
Layer 01
100
AcDbVertex
100
AcDb2dVertex
 10
8878.74190216481
 20
11175.66234554919
 30
0.0
  0
VERTEX
  5
85B
330
857
100
AcDbEntity
  8
Layer 01
100
AcDbVertex
100
AcDb2dVertex
 10
9038.941298817434
 20
11175.66234554919
 30
0.0
  0
SEQEND
  5
85C
330
857
100
AcDbEntity
  8
Layer 01
  0
POLYLINE
  5
85D
330
1F
100
AcDbEntity
  8
Layer 01
100
AcDb2dPolyline
 66
     1
 10
0.0
 20
0.0
 30
0.0
 70
     1
  0
VERTEX
  5
85E
330
85D
100
AcDbEntity
  8
Layer 01
100
AcDbVertex
100
AcDb2dVertex
 10
8596.209962261008
 20
11486.15305560987
 30
0.0
  0
VERTEX
  5
85F
330
85D
100
AcDbEntity
  8
Layer 01
100
AcDbVertex
100
AcDb2dVertex
 10
8707.456490402177
 20
11268.25372863581
 30
0.0
  0
VERTEX
  5
860
330
85D
100
AcDbEntity
  8
Layer 01
100
AcDbVertex
100
AcDb2dVertex
 10
8652.8206274244
 20
11229.5043965155
 30
0.0
  0
VERTEX
  5
861
330
85D
100
AcDbEntity
  8
Layer 01
100
AcDbVertex
100
AcDb2dVertex
 10
8507.609349201124
 20
11407.29264689082
 30
0.0
  0
SEQEND
  5
862
330
85D
100
AcDbEntity
  8
Layer 01
  0
POLYLINE
  5
863
330
1F
100
AcDbEntity
  8
Layer 01
100
AcDb2dPolyline
 66
     1
 10
0.0
 20
0.0
 30
0.0
 70
     1
  0
VERTEX
  5
864
330
863
100
AcDbEntity
  8
Layer 01
100
AcDbVertex
100
AcDb2dVertex
 10
8247.369933308306
 20
11175.66234554919
 30
0.0
  0
VERTEX
  5
865
330
863
100
AcDbEntity
  8
Layer 01
100
AcDbVertex
100
AcDb2dVertex
 10
8579.78878684499
 20
11175.66234554919
 30
0.0
  0
VERTEX
  5
866
330
863
100
AcDbEntity
  8
Layer 01
100
AcDbVertex
100
AcDb2dVertex
 10
8439.856111269222
 20
11346.98778159901
 30
0.0
  0
SEQEND
  5
867
330
863
100
AcDbEntity
  8
Layer 01
  0
POLYLINE
  5
868
330
1F
100
AcDbEntity
  8
Layer 01
100
AcDb2dPolyline
 66
     1
 10
0.0
 20
0.0
 30
0.0
 70
     1
  0
VERTEX
  5
869
330
868
100
AcDbEntity
  8
Layer 01
100
AcDbVertex
100
AcDb2dVertex
 10
8528.209688872977
 20
11619.34565094643
 30
0.0
  0
VERTEX
  5
86A
330
868
100
AcDbEntity
  8
Layer 01
100
AcDbVertex
100
AcDb2dVertex
 10
8415.991585309537
 20
11519.46411280506
 30
0.0
  0
VERTEX
  5
86B
330
868
100
AcDbEntity
  8
Layer 01
100
AcDbVertex
100
AcDb2dVertex
 10
8243.643913765136
 20
11730.47658618214
 30
0.0
  0
VERTEX
  5
86C
330
868
100
AcDbEntity
  8
Layer 01
100
AcDbVertex
100
AcDb2dVertex
 10
8385.137792370044
 20
11899.58154214953
 30
0.0
  0
SEQEND
  5
86D
330
868
100
AcDbEntity
  8
Layer 01
  0
POLYLINE
  5
86E
330
1F
100
AcDbEntity
  8
Layer 01
100
AcDb2dPolyline
 66
     1
 10
0.0
 20
0.0
 30
0.0
 70
     1
  0
VERTEX
  5
86F
330
86E
100
AcDbEntity
  8
Layer 01
100
AcDbVertex
100
AcDb2dVertex
 10
8657.411248125178
 20
14153.36503527187
 30
0.0
  0
VERTEX
  5
870
330
86E
100
AcDbEntity
  8
Layer 01
100
AcDbVertex
100
AcDb2dVertex
 10
8260.371034974065
 20
14693.46816114748
 30
0.0
  0
VERTEX
  5
871
330
86E
100
AcDbEntity
  8
Layer 01
100
AcDbVertex
100
AcDb2dVertex
 10
8538.896480727533
 20
15078.32950664577
 30
0.0
  0
SEQEND
  5
872
330
86E
100
AcDbEntity
  8
Layer 01
  0
POLYLINE
  5
873
330
1F
100
AcDbEntity
  8
Layer 01
100
AcDb2dPolyline
 66
     1
 10
0.0
 20
0.0
 30
0.0
 70
     1
  0
VERTEX
  5
874
330
873
100
AcDbEntity
  8
Layer 01
100
AcDbVertex
100
AcDb2dVertex
 10
9522.086183613992
 20
16666.74798879122
 30
0.0
  0
VERTEX
  5
875
330
873
100
AcDbEntity
  8
Layer 01
100
AcDbVertex
100
AcDb2dVertex
 10
9516.304452396818
 20
18047.61649196746
 30
0.0
  0
VERTEX
  5
876
330
873
100
AcDbEntity
  8
Layer 01
100
AcDbVertex
100
AcDb2dVertex
 10
9126.95155949829
 20
18047.61649196746
 30
0.0
  0
VERTEX
  5
877
330
873
100
AcDbEntity
  8
Layer 01
100
AcDbVertex
100
AcDb2dVertex
 10
8523.336530213957
 20
15964.30271239404
 30
0.0
  0
VERTEX
  5
878
330
873
100
AcDbEntity
  8
Layer 01
100
AcDbVertex
100
AcDb2dVertex
 10
8845.320585085721
 20
15731.60571433243
 30
0.0
  0
SEQEND
  5
879
330
873
100
AcDbEntity
  8
Layer 01
  0
POLYLINE
  5
87A
330
1F
100
AcDbEntity
  8
Layer 01
100
AcDb2dPolyline
 66
     1
 10
0.0
 20
0.0
 30
0.0
 70
     1
  0
VERTEX
  5
87B
330
87A
100
AcDbEntity
  8
Layer 01
100
AcDbVertex
100
AcDb2dVertex
 10
8669.751278126176
 20
16817.81499615287
 30
0.0
  0
VERTEX
  5
87C
330
87A
100
AcDbEntity
  8
Layer 01
100
AcDbVertex
100
AcDb2dVertex
 10
8263.088534823759
 20
17372.45742188064
 30
0.0
  0
VERTEX
  5
87D
330
87A
100
AcDbEntity
  8
Layer 01
100
AcDbVertex
100
AcDb2dVertex
 10
8716.486416667984
 20
18047.61649196746
 30
0.0
  0
VERTEX
  5
87E
330
87A
100
AcDbEntity
  8
Layer 01
100
AcDbVertex
100
AcDb2dVertex
 10
9026.0714221143
 20
18047.61649196746
 30
0.0
  0
SEQEND
  5
87F
330
87A
100
AcDbEntity
  8
Layer 01
  0
POLYLINE
  5
880
330
1F
100
AcDbEntity
  8
Layer 01
100
AcDb2dPolyline
 66
     1
 10
0.0
 20
0.0
 30
0.0
 70
     1
  0
VERTEX
  5
881
330
880
100
AcDbEntity
  8
Layer 01
100
AcDbVertex
100
AcDb2dVertex
 10
10984.08466971546
 20
17964.20057170407
 30
0.0
  0
VERTEX
  5
882
330
880
100
AcDbEntity
  8
Layer 01
100
AcDbVertex
100
AcDb2dVertex
 10
11026.83441570286
 20
18047.61649196746
 30
0.0
  0
VERTEX
  5
883
330
880
100
AcDbEntity
  8
Layer 01
100
AcDbVertex
100
AcDb2dVertex
 10
10862.34310459107
 20
18047.61649196746
 30
0.0
  0
SEQEND
  5
884
330
880
100
AcDbEntity
  8
Layer 01
  0
ENDSEC
  0
SECTION
  2
OBJECTS
  0
DICTIONARY
  5
C
330
0
100
AcDbDictionary
281
     1
  3
ACAD_GROUP
350
D
  3
ACAD_LAYOUT
350
1A
  3
ACAD_MATERIAL
350
43
  3
ACAD_MLEADERSTYLE
350
6B
  3
ACAD_MLINESTYLE
350
17
  3
ACAD_PLOTSETTINGS
350
19
  3
ACAD_PLOTSTYLENAME
350
E
  3
ACAD_SCALELIST
350
47
  3
ACAD_TABLESTYLE
350
69
  3
ACAD_VISUALSTYLE
350
2A
  3
AcDbVariableDictionary
350
885
  3
DWGPROPS
350
88C
  0
DICTIONARY
  5
88D
330
8
100
AcDbDictionary
280
     1
281
     1
  3
ACAD_XREC_ROUNDTRIP
360
88E
  0
DICTIONARY
  5
D
102
{ACAD_REACTORS
330
C
102
}
330
C
100
AcDbDictionary
281
     1
  0
DICTIONARY
  5
1A
102
{ACAD_REACTORS
330
C
102
}
330
C
100
AcDbDictionary
281
     1
  3
Layout1
350
1E
  3
Layout2
350
26
  3
Model
350
22
  0
DICTIONARY
  5
43
102
{ACAD_REACTORS
330
C
102
}
330
C
100
AcDbDictionary
281
     1
  3
ByBlock
350
45
  3
ByLayer
350
44
  3
Global
350
46
  0
DICTIONARY
  5
6B
102
{ACAD_REACTORS
330
C
102
}
330
C
100
AcDbDictionary
281
     1
  3
Standard
350
6C
  0
DICTIONARY
  5
17
102
{ACAD_REACTORS
330
C
102
}
330
C
100
AcDbDictionary
281
     1
  3
Standard
350
18
  0
DICTIONARY
  5
19
102
{ACAD_REACTORS
330
C
102
}
330
C
100
AcDbDictionary
281
     1
  0
ACDBDICTIONARYWDFLT
  5
E
102
{ACAD_REACTORS
330
C
102
}
330
C
100
AcDbDictionary
281
     1
  3
Normal
350
F
100
AcDbDictionaryWithDefault
340
F
  0
DICTIONARY
  5
47
102
{ACAD_REACTORS
330
C
102
}
330
C
100
AcDbDictionary
281
     1
  3
A0
350
48
  3
A1
350
49
  3
A2
350
4A
  3
A3
350
4B
  3
A4
350
4C
  3
A5
350
4D
  3
A6
350
4E
  3
A7
350
4F
  3
A8
350
50
  3
A9
350
51
  3
B0
350
52
  3
B1
350
53
  3
B2
350
54
  3
B3
350
55
  3
B4
350
56
  3
B5
350
57
  3
B6
350
58
  3
B7
350
59
  3
B8
350
5A
  3
B9
350
5B
  3
C0
350
5C
  3
C1
350
5D
  3
C2
350
5E
  3
C3
350
5F
  3
C4
350
60
  3
C5
350
61
  3
C6
350
62
  3
C7
350
63
  3
C8
350
64
  3
C9
350
65
  3
D0
350
66
  3
D1
350
67
  3
D2
350
68
  0
DICTIONARY
  5
69
102
{ACAD_REACTORS
330
C
102
}
330
C
100
AcDbDictionary
281
     1
  3
Standard
350
6A
  0
DICTIONARY
  5
2A
102
{ACAD_REACTORS
330
C
102
}
330
C
100
AcDbDictionary
281
     1
  3
2dWireframe
350
2F
  3
Basic
350
32
  3
Brighten
350
36
  3
ColorChange
350
3A
  3
Conceptual
350
34
  3
Dim
350
35
  3
EdgeColorOff
350
3D
  3
Facepattern
350
39
  3
Flat
350
2B
  3
FlatWithEdges
350
2C
  3
Gouraud
350
2D
  3
GouraudWithEdges
350
2E
  3
Hidden
350
31
  3
JitterOff
350
3B
  3
Linepattern
350
38
  3
OverhangOff
350
3C
  3
Realistic
350
33
  3
Shaded
350
42
  3
Shaded with edges
350
41
  3
Shades of Gray
350
3E
  3
Sketchy
350
3F
  3
Thicken
350
37
  3
Wireframe
350
30
  3
X-Ray
350
40
  0
DICTIONARY
  5
885
102
{ACAD_REACTORS
330
C
102
}
330
C
100
AcDbDictionary
281
     1
  3
CANNOSCALE
350
88F
  3
CMLEADERSTYLE
350
887
  3
CTABLESTYLE
350
886
  3
DIMASSOC
350
88A
  3
HIDETEXT
350
88B
  3
MSLTSCALE
350
890
  0
XRECORD
  5
88C
102
{ACAD_REACTORS
330
C
102
}
330
C
100
AcDbXrecord
280
     1
  1
DWGPROPS COOKIE
  2

  3

  4

  6

  7

  8
Nabil
  9

300
=
301
=
302
=
303
=
304
=
305
=
306
=
307
=
308
=
309
=
 40
0.0
 41
2460447.443328889
 42
2460447.443329051
  1

 90
        0
  0
XRECORD
  5
88E
102
{ACAD_REACTORS
330
88D
102
}
330
88D
100
AcDbXrecord
280
     1
102
VTR_0.000_0.000_1.000_1.000_VISUALSTYLE
340
2F
102
VTR_0.000_0.000_1.000_1.000_GRIDDISPLAY
 70
     3
102
VTR_0.000_0.000_1.000_1.000_GRIDMAJOR
 70
     5
102
VTR_0.000_0.000_1.000_1.000_DEFAULTLIGHTING
280
     1
102
VTR_0.000_0.000_1.000_1.000_DEFAULTLIGHTINGTYPE
 70
     1
102
VTR_0.000_0.000_1.000_1.000_BRIGHTNESS
141
0.0
102
VTR_0.000_0.000_1.000_1.000_CONTRAST
142
0.0
  0
LAYOUT
  5
1E
102
{ACAD_REACTORS
330
1A
102
}
330
1A
100
AcDbPlotSettings
  1

  2
none_device
  4

  6

 40
0.0
 41
0.0
 42
0.0
 43
0.0
 44
0.0
 45
0.0
 46
0.0
 47
0.0
 48
0.0
 49
0.0
140
0.0
141
0.0
142
1.0
143
1.0
 70
   688
 72
     0
 73
     0
 74
     5
  7

 75
    16
147
1.0
148
0.0
149
0.0
100
AcDbLayout
  1
Layout1
 70
     1
 71
     1
 10
0.0
 20
0.0
 11
12.0
 21
9.0
 12
0.0
 22
0.0
 32
0.0
 14
1.000000000000000E+20
 24
1.000000000000000E+20
 34
1.000000000000000E+20
 15
-1.000000000000000E+20
 25
-1.000000000000000E+20
 35
-1.000000000000000E+20
146
0.0
 13
0.0
 23
0.0
 33
0.0
 16
1.0
 26
0.0
 36
0.0
 17
0.0
 27
1.0
 37
0.0
 76
     0
330
1B
  0
LAYOUT
  5
26
102
{ACAD_REACTORS
330
1A
102
}
330
1A
100
AcDbPlotSettings
  1

  2
none_device
  4

  6

 40
0.0
 41
0.0
 42
0.0
 43
0.0
 44
0.0
 45
0.0
 46
0.0
 47
0.0
 48
0.0
 49
0.0
140
0.0
141
0.0
142
1.0
143
1.0
 70
   688
 72
     0
 73
     0
 74
     5
  7

 75
    16
147
1.0
148
0.0
149
0.0
100
AcDbLayout
  1
Layout2
 70
     1
 71
     2
 10
0.0
 20
0.0
 11
0.0
 21
0.0
 12
0.0
 22
0.0
 32
0.0
 14
0.0
 24
0.0
 34
0.0
 15
0.0
 25
0.0
 35
0.0
146
0.0
 13
0.0
 23
0.0
 33
0.0
 16
1.0
 26
0.0
 36
0.0
 17
0.0
 27
1.0
 37
0.0
 76
     0
330
23
  0
LAYOUT
  5
22
102
{ACAD_REACTORS
330
1A
102
}
330
1A
100
AcDbPlotSettings
  1

  2
none_device
  4
Letter_(8.50_x_11.00_Inches)
  6

 40
6.35
 41
6.35
 42
6.35000508
 43
6.35000508
 44
215.9
 45
279.4
 46
0.0
 47
0.0
 48
0.0
 49
0.0
140
0.0
141
0.0
142
1.0
143
1.0
 70
  1712
 72
     0
 73
     0
 74
     0
  7

 75
     0
147
1.0
148
0.0
149
0.0
100
AcDbLayout
  1
Model
 70
     1
 71
     0
 10
0.0
 20
0.0
 11
12.0
 21
9.0
 12
0.0
 22
0.0
 32
0.0
 14
1.000000000000000E+20
 24
1.000000000000000E+20
 34
1.000000000000000E+20
 15
-1.000000000000000E+20
 25
-1.000000000000000E+20
 35
-1.000000000000000E+20
146
0.0
 13
0.0
 23
0.0
 33
0.0
 16
1.0
 26
0.0
 36
0.0
 17
0.0
 27
1.0
 37
0.0
 76
     0
330
1F
331
29
  0
MATERIAL
  5
45
102
{ACAD_REACTORS
330
43
102
}
102
{ACAD_XDICTIONARY
360
8C3
102
}
330
43
100
AcDbMaterial
  1
ByBlock
  0
MATERIAL
  5
44
102
{ACAD_REACTORS
330
43
102
}
102
{ACAD_XDICTIONARY
360
8C1
102
}
330
43
100
AcDbMaterial
  1
ByLayer
  0
MATERIAL
  5
46
102
{ACAD_REACTORS
330
43
102
}
102
{ACAD_XDICTIONARY
360
8C5
102
}
330
43
100
AcDbMaterial
  1
Global
  0
MLEADERSTYLE
  5
6C
102
{ACAD_REACTORS
330
6B
102
}
102
{ACAD_XDICTIONARY
360
8C8
102
}
330
6B
100
AcDbMLeaderStyle
170
     2
171
     1
172
     0
 90
        2
 40
0.0
 41
0.0
173
     1
 91
-1056964608
340
14
 92
       -2
290
     1
 42
0.09
291
     1
 43
0.36
  3
Standard
341
0
 44
0.18
300

342
11
174
     1
178
     6
175
     1
176
     0
 93
-1056964608
 45
0.18
292
     0
297
     0
 46
0.18
343
0
 94
-1056964608
 47
1.0
 49
1.0
140
1.0
293
     1
141
0.0
294
     1
177
     0
142
1.0
295
     0
296
     0
143
0.125
1001
ACAD_MLEADERVER
1070
     2
  0
MLINESTYLE
  5
18
102
{ACAD_REACTORS
330
17
102
}
330
17
100
AcDbMlineStyle
  2
Standard
 70
     0
  3

 62
   256
 51
90.0
 52
90.0
 71
     2
 49
0.5
 62
   256
  6
BYLAYER
 49
-0.5
 62
   256
  6
BYLAYER
  0
ACDBPLACEHOLDER
  5
F
102
{ACAD_REACTORS
330
E
102
}
330
E
  0
SCALE
  5
48
102
{ACAD_REACTORS
330
47
102
}
330
47
100
AcDbScale
 70
     0
300
1:1
140
1.0
141
1.0
290
     1
  0
SCALE
  5
49
102
{ACAD_REACTORS
330
47
102
}
330
47
100
AcDbScale
 70
     0
300
1:2
140
1.0
141
2.0
290
     0
  0
SCALE
  5
4A
102
{ACAD_REACTORS
330
47
102
}
330
47
100
AcDbScale
 70
     0
300
1:4
140
1.0
141
4.0
290
     0
  0
SCALE
  5
4B
102
{ACAD_REACTORS
330
47
102
}
330
47
100
AcDbScale
 70
     0
300
1:5
140
1.0
141
5.0
290
     0
  0
SCALE
  5
4C
102
{ACAD_REACTORS
330
47
102
}
330
47
100
AcDbScale
 70
     0
300
1:8
140
1.0
141
8.0
290
     0
  0
SCALE
  5
4D
102
{ACAD_REACTORS
330
47
102
}
330
47
100
AcDbScale
 70
     0
300
1:10
140
1.0
141
10.0
290
     0
  0
SCALE
  5
4E
102
{ACAD_REACTORS
330
47
102
}
330
47
100
AcDbScale
 70
     0
300
1:16
140
1.0
141
16.0
290
     0
  0
SCALE
  5
4F
102
{ACAD_REACTORS
330
47
102
}
330
47
100
AcDbScale
 70
     0
300
1:20
140
1.0
141
20.0
290
     0
  0
SCALE
  5
50
102
{ACAD_REACTORS
330
47
102
}
330
47
100
AcDbScale
 70
     0
300
1:30
140
1.0
141
30.0
290
     0
  0
SCALE
  5
51
102
{ACAD_REACTORS
330
47
102
}
330
47
100
AcDbScale
 70
     0
300
1:40
140
1.0
141
40.0
290
     0
  0
SCALE
  5
52
102
{ACAD_REACTORS
330
47
102
}
330
47
100
AcDbScale
 70
     0
300
1:50
140
1.0
141
50.0
290
     0
  0
SCALE
  5
53
102
{ACAD_REACTORS
330
47
102
}
330
47
100
AcDbScale
 70
     0
300
1:100
140
1.0
141
100.0
290
     0
  0
SCALE
  5
54
102
{ACAD_REACTORS
330
47
102
}
330
47
100
AcDbScale
 70
     0
300
2:1
140
2.0
141
1.0
290
     0
  0
SCALE
  5
55
102
{ACAD_REACTORS
330
47
102
}
330
47
100
AcDbScale
 70
     0
300
4:1
140
4.0
141
1.0
290
     0
  0
SCALE
  5
56
102
{ACAD_REACTORS
330
47
102
}
330
47
100
AcDbScale
 70
     0
300
8:1
140
8.0
141
1.0
290
     0
  0
SCALE
  5
57
102
{ACAD_REACTORS
330
47
102
}
330
47
100
AcDbScale
 70
     0
300
10:1
140
10.0
141
1.0
290
     0
  0
SCALE
  5
58
102
{ACAD_REACTORS
330
47
102
}
330
47
100
AcDbScale
 70
     0
300
100:1
140
100.0
141
1.0
290
     0
  0
SCALE
  5
59
102
{ACAD_REACTORS
330
47
102
}
330
47
100
AcDbScale
 70
     0
300
1/128" = 1'-0"
140
0.0078125
141
12.0
290
     0
  0
SCALE
  5
5A
102
{ACAD_REACTORS
330
47
102
}
330
47
100
AcDbScale
 70
     0
300
1/64" = 1'-0"
140
0.015625
141
12.0
290
     0
  0
SCALE
  5
5B
102
{ACAD_REACTORS
330
47
102
}
330
47
100
AcDbScale
 70
     0
300
1/32" = 1'-0"
140
0.03125
141
12.0
290
     0
  0
SCALE
  5
5C
102
{ACAD_REACTORS
330
47
102
}
330
47
100
AcDbScale
 70
     0
300
1/16" = 1'-0"
140
0.0625
141
12.0
290
     0
  0
SCALE
  5
5D
102
{ACAD_REACTORS
330
47
102
}
330
47
100
AcDbScale
 70
     0
300
3/32" = 1'-0"
140
0.09375
141
12.0
290
     0
  0
SCALE
  5
5E
102
{ACAD_REACTORS
330
47
102
}
330
47
100
AcDbScale
 70
     0
300
1/8" = 1'-0"
140
0.125
141
12.0
290
     0
  0
SCALE
  5
5F
102
{ACAD_REACTORS
330
47
102
}
330
47
100
AcDbScale
 70
     0
300
3/16" = 1'-0"
140
0.1875
141
12.0
290
     0
  0
SCALE
  5
60
102
{ACAD_REACTORS
330
47
102
}
330
47
100
AcDbScale
 70
     0
300
1/4" = 1'-0"
140
0.25
141
12.0
290
     0
  0
SCALE
  5
61
102
{ACAD_REACTORS
330
47
102
}
330
47
100
AcDbScale
 70
     0
300
3/8" = 1'-0"
140
0.375
141
12.0
290
     0
  0
SCALE
  5
62
102
{ACAD_REACTORS
330
47
102
}
330
47
100
AcDbScale
 70
     0
300
1/2" = 1'-0"
140
0.5
141
12.0
290
     0
  0
SCALE
  5
63
102
{ACAD_REACTORS
330
47
102
}
330
47
100
AcDbScale
 70
     0
300
3/4" = 1'-0"
140
0.75
141
12.0
290
     0
  0
SCALE
  5
64
102
{ACAD_REACTORS
330
47
102
}
330
47
100
AcDbScale
 70
     0
300
1" = 1'-0"
140
1.0
141
12.0
290
     0
  0
SCALE
  5
65
102
{ACAD_REACTORS
330
47
102
}
330
47
100
AcDbScale
 70
     0
300
1-1/2" = 1'-0"
140
1.5
141
12.0
290
     0
  0
SCALE
  5
66
102
{ACAD_REACTORS
330
47
102
}
330
47
100
AcDbScale
 70
     0
300
3" = 1'-0"
140
3.0
141
12.0
290
     0
  0
SCALE
  5
67
102
{ACAD_REACTORS
330
47
102
}
330
47
100
AcDbScale
 70
     0
300
6" = 1'-0"
140
6.0
141
12.0
290
     0
  0
SCALE
  5
68
102
{ACAD_REACTORS
330
47
102
}
330
47
100
AcDbScale
 70
     0
300
1'-0" = 1'-0"
140
12.0
141
12.0
290
     0
  0
TABLESTYLE
  5
6A
102
{ACAD_REACTORS
330
69
102
}
330
69
100
AcDbTableStyle
  3
Standard
 70
     0
 71
     0
 40
0.06
 41
0.06
280
     0
281
     0
  7
Standard
140
0.18
170
     2
 62
     0
 63
   257
283
     0
274
    -2
284
     1
 64
     0
275
    -2
285
     1
 65
     0
276
    -2
286
     1
 66
     0
277
    -2
287
     1
 67
     0
278
    -2
288
     1
 68
     0
279
    -2
289
     1
 69
     0
  7
Standard
140
0.25
170
     5
 62
     0
 63
   257
283
     0
274
    -2
284
     1
 64
     0
275
    -2
285
     1
 65
     0
276
    -2
286
     1
 66
     0
277
    -2
287
     1
 67
     0
278
    -2
288
     1
 68
     0
279
    -2
289
     1
 69
     0
  7
Standard
140
0.18
170
     5
 62
     0
 63
   257
283
     0
274
    -2
284
     1
 64
     0
275
    -2
285
     1
 65
     0
276
    -2
286
     1
 66
     0
277
    -2
287
     1
 67
     0
278
    -2
288
     1
 68
     0
279
    -2
289
     1
 69
     0
  0
VISUALSTYLE
  5
2F
102
{ACAD_REACTORS
330
2A
102
}
102
{ACAD_XDICTIONARY
360
899
102
}
330
2A
100
AcDbVisualStyle
  2
2dWireframe
 70
     4
 71
     0
 72
     2
 73
     0
 90
        0
 40
0.6
 41
30.0
 62
     5
 63
     7
 74
     1
 91
        4
 64
     7
 65
   257
 75
     1
175
     1
 42
1.0
 92
        0
 66
   257
 43
1.0
 76
     1
 77
     6
 78
     2
 67
     7
 79
     5
170
     0
171
     0
290
     0
174
     0
 93
        1
 44
0.0
173
     0
291
     0
 45
0.0
1001
ACAD
1000
AcDbSavedByObjectVersion
1070
     0
  0
VISUALSTYLE
  5
32
102
{ACAD_REACTORS
330
2A
102
}
102
{ACAD_XDICTIONARY
360
89F
102
}
330
2A
100
AcDbVisualStyle
  2
Basic
 70
     7
 71
     1
 72
     0
 73
     1
 90
        0
 40
0.6
 41
30.0
 62
     5
 63
     7
 74
     0
 91
        4
 64
     7
 65
   257
 75
     1
175
     1
 42
1.0
 92
        8
 66
     7
 43
1.0
 76
     1
 77
     6
 78
     2
 67
     7
 79
     5
170
     0
171
     0
290
     0
174
     0
 93
        1
 44
0.0
173
     0
291
     1
 45
0.0
1001
ACAD
1000
AcDbSavedByObjectVersion
1070
     0
  0
VISUALSTYLE
  5
36
102
{ACAD_REACTORS
330
2A
102
}
102
{ACAD_XDICTIONARY
360
8A7
102
}
330
2A
100
AcDbVisualStyle
  2
Brighten
 70
    12
 71
     2
 72
     2
 73
     0
 90
        0
 40
0.6
 41
30.0
 62
     5
 63
     7
 74
     1
 91
        4
 64
     7
 65
   257
 75
     1
175
     1
 42
1.0
 92
        8
 66
     7
 43
1.0
 76
     1
 77
     6
 78
     2
 67
     7
 79
     5
170
     0
171
     0
290
     0
174
     0
 93
        1
 44
50.0
173
     0
291
     1
 45
0.0
1001
ACAD
1000
AcDbSavedByObjectVersion
1070
     0
  0
VISUALSTYLE
  5
3A
102
{ACAD_REACTORS
330
2A
102
}
102
{ACAD_XDICTIONARY
360
8AF
102
}
330
2A
100
AcDbVisualStyle
  2
ColorChange
 70
    16
 71
     2
 72
     2
 73
     3
 90
        0
 40
0.6
 41
30.0
 62
     5
 63
     8
 74
     1
 91
        4
 64
     7
 65
   257
 75
     1
175
     1
 42
1.0
 92
        8
 66
     8
 43
1.0
 76
     1
 77
     6
 78
     2
 67
     7
 79
     5
170
     0
171
     0
290
     0
174
     0
 93
        1
 44
0.0
173
     0
291
     1
 45
0.0
1001
ACAD
1000
AcDbSavedByObjectVersion
1070
     0
  0
VISUALSTYLE
  5
34
102
{ACAD_REACTORS
330
2A
102
}
102
{ACAD_XDICTIONARY
360
8A3
102
}
330
2A
100
AcDbVisualStyle
  2
Conceptual
 70
     9
 71
     3
 72
     2
 73
     0
 90
        0
 40
0.6
 41
30.0
 62
     5
 63
     7
 74
     2
 91
        2
 64
     7
 65
   257
 75
     1
175
     1
 42
179.0
 92
        8
 66
     7
 43
1.0
 76
     1
 77
     6
 78
     2
 67
     7
 79
     3
170
     0
171
     0
290
     0
174
     0
 93
        1
 44
0.0
173
     0
291
     0
 45
0.0
1001
ACAD
1000
AcDbSavedByObjectVersion
1070
     0
  0
VISUALSTYLE
  5
35
102
{ACAD_REACTORS
330
2A
102
}
102
{ACAD_XDICTIONARY
360
8A5
102
}
330
2A
100
AcDbVisualStyle
  2
Dim
 70
    11
 71
     2
 72
     2
 73
     0
 90
        0
 40
0.6
 41
30.0
 62
     5
 63
     7
 74
     1
 91
        4
 64
     7
 65
   257
 75
     1
175
     1
 42
1.0
 92
        8
 66
     7
 43
1.0
 76
     1
 77
     6
 78
     2
 67
     7
 79
     5
170
     0
171
     0
290
     0
174
     0
 93
        1
 44
-50.0
173
     0
291
     1
 45
0.0
1001
ACAD
1000
AcDbSavedByObjectVersion
1070
     0
  0
VISUALSTYLE
  5
3D
102
{ACAD_REACTORS
330
2A
102
}
102
{ACAD_XDICTIONARY
360
8B5
102
}
330
2A
100
AcDbVisualStyle
  2
EdgeColorOff
 70
    22
 71
     2
 72
     2
 73
     0
 90
        0
 40
0.6
 41
30.0
 62
     5
 63
     7
 74
     1
 91
        4
 64
     7
 65
   257
 75
     1
175
     1
 42
1.0
 92
        8
 66
     7
 43
1.0
 76
     1
 77
     6
 78
     2
 67
     7
 79
     5
170
     0
171
     0
290
     0
174
     0
 93
        1
 44
0.0
173
     0
291
     1
 45
0.0
1001
ACAD
1000
AcDbSavedByObjectVersion
1070
     0
  0
VISUALSTYLE
  5
39
102
{ACAD_REACTORS
330
2A
102
}
102
{ACAD_XDICTIONARY
360
8AD
102
}
330
2A
100
AcDbVisualStyle
  2
Facepattern
 70
    15
 71
     2
 72
     2
 73
     0
 90
        0
 40
0.6
 41
30.0
 62
     5
 63
     7
 74
     1
 91
        4
 64
     7
 65
   257
 75
     1
175
     1
 42
1.0
 92
        8
 66
     7
 43
1.0
 76
     1
 77
     6
 78
     2
 67
     7
 79
     5
170
     0
171
     0
290
     0
174
     0
 93
        1
 44
0.0
173
     0
291
     1
 45
0.0
1001
ACAD
1000
AcDbSavedByObjectVersion
1070
     0
  0
VISUALSTYLE
  5
2B
102
{ACAD_REACTORS
330
2A
102
}
102
{ACAD_XDICTIONARY
360
891
102
}
330
2A
100
AcDbVisualStyle
  2
Flat
 70
     0
 71
     2
 72
     1
 73
     1
 90
        2
 40
0.6
 41
30.0
 62
     5
 63
     7
 74
     0
 91
        0
 64
     7
 65
   257
 75
     1
175
     1
 42
1.0
 92
        8
 66
     7
 43
1.0
 76
     1
 77
     6
 78
     2
 67
     7
 79
     5
170
     0
171
     0
290
     0
174
     0
 93
       13
 44
0.0
173
     0
291
     1
 45
0.0
1001
ACAD
1000
AcDbSavedByObjectVersion
1070
     0
  0
VISUALSTYLE
  5
2C
102
{ACAD_REACTORS
330
2A
102
}
102
{ACAD_XDICTIONARY
360
893
102
}
330
2A
100
AcDbVisualStyle
  2
FlatWithEdges
 70
     1
 71
     2
 72
     1
 73
     1
 90
        2
 40
0.6
 41
30.0
 62
     5
 63
     7
 74
     1
 91
        0
 64
     7
 65
   257
 75
     1
175
     1
 42
1.0
 92
        0
 66
   257
 43
1.0
 76
     1
 77
     6
 78
     2
 67
     7
 79
     5
170
     0
171
     0
290
     0
174
     0
 93
       13
 44
0.0
173
     0
291
     1
 45
0.0
1001
ACAD
1000
AcDbSavedByObjectVersion
1070
     0
  0
VISUALSTYLE
  5
2D
102
{ACAD_REACTORS
330
2A
102
}
102
{ACAD_XDICTIONARY
360
895
102
}
330
2A
100
AcDbVisualStyle
  2
Gouraud
 70
     2
 71
     2
 72
     2
 73
     1
 90
        2
 40
0.6
 41
30.0
 62
     5
 63
     7
 74
     0
 91
        0
 64
     7
 65
   257
 75
     1
175
     1
 42
1.0
 92
        0
 66
     7
 43
1.0
 76
     1
 77
     6
 78
     2
 67
     7
 79
     5
170
     0
171
     0
290
     0
174
     0
 93
       13
 44
0.0
173
     0
291
     1
 45
0.0
1001
ACAD
1000
AcDbSavedByObjectVersion
1070
     0
  0
VISUALSTYLE
  5
2E
102
{ACAD_REACTORS
330
2A
102
}
102
{ACAD_XDICTIONARY
360
897
102
}
330
2A
100
AcDbVisualStyle
  2
GouraudWithEdges
 70
     3
 71
     2
 72
     2
 73
     1
 90
        2
 40
0.6
 41
30.0
 62
     5
 63
     7
 74
     1
 91
        0
 64
     7
 65
   257
 75
     1
175
     1
 42
1.0
 92
        0
 66
   257
 43
1.0
 76
     1
 77
     6
 78
     2
 67
     7
 79
     5
170
     0
171
     0
290
     0
174
     0
 93
       13
 44
0.0
173
     0
291
     1
 45
0.0
1001
ACAD
1000
AcDbSavedByObjectVersion
1070
     0
  0
VISUALSTYLE
  5
31
102
{ACAD_REACTORS
330
2A
102
}
102
{ACAD_XDICTIONARY
360
89D
102
}
330
2A
100
AcDbVisualStyle
  2
Hidden
 70
     6
 71
     1
 72
     2
 73
     2
 90
        0
 40
0.6
 41
30.0
 62
     5
 63
     7
 74
     2
 91
        2
 64
     7
 65
   257
 75
     2
175
     1
 42
40.0
 92
        0
 66
   257
 43
1.0
 76
     1
 77
     6
 78
     2
 67
     7
 79
     3
170
     0
171
     0
290
     0
174
     0
 93
        1
 44
0.0
173
     0
291
     0
 45
0.0
1001
ACAD
1000
AcDbSavedByObjectVersion
1070
     0
  0
VISUALSTYLE
  5
3B
102
{ACAD_REACTORS
330
2A
102
}
102
{ACAD_XDICTIONARY
360
8B1
102
}
330
2A
100
AcDbVisualStyle
  2
JitterOff
 70
    20
 71
     2
 72
     2
 73
     0
 90
        0
 40
0.6
 41
30.0
 62
     5
 63
     7
 74
     1
 91
        4
 64
     7
 65
   257
 75
     1
175
     1
 42
1.0
 92
       10
 66
     7
 43
1.0
 76
     1
 77
     6
 78
     2
 67
     7
 79
     5
170
     0
171
     0
290
     0
174
     0
 93
        1
 44
0.0
173
     0
291
     1
 45
0.0
1001
ACAD
1000
AcDbSavedByObjectVersion
1070
     0
  0
VISUALSTYLE
  5
38
102
{ACAD_REACTORS
330
2A
102
}
102
{ACAD_XDICTIONARY
360
8AB
102
}
330
2A
100
AcDbVisualStyle
  2
Linepattern
 70
    14
 71
     2
 72
     2
 73
     0
 90
        0
 40
0.6
 41
30.0
 62
     5
 63
     7
 74
     1
 91
        4
 64
     7
 65
   257
 75
     7
175
     7
 42
1.0
 92
        8
 66
     7
 43
1.0
 76
     1
 77
     6
 78
     2
 67
     7
 79
     5
170
     0
171
     0
290
     0
174
     0
 93
        1
 44
0.0
173
     0
291
     1
 45
0.0
1001
ACAD
1000
AcDbSavedByObjectVersion
1070
     0
  0
VISUALSTYLE
  5
3C
102
{ACAD_REACTORS
330
2A
102
}
102
{ACAD_XDICTIONARY
360
8B3
102
}
330
2A
100
AcDbVisualStyle
  2
OverhangOff
 70
    21
 71
     2
 72
     2
 73
     0
 90
        0
 40
0.6
 41
30.0
 62
     5
 63
     7
 74
     1
 91
        4
 64
     7
 65
   257
 75
     1
175
     1
 42
1.0
 92
        9
 66
     7
 43
1.0
 76
     1
 77
     6
 78
     2
 67
     7
 79
     5
170
     0
171
     0
290
     0
174
     0
 93
        1
 44
0.0
173
     0
291
     1
 45
0.0
1001
ACAD
1000
AcDbSavedByObjectVersion
1070
     0
  0
VISUALSTYLE
  5
33
102
{ACAD_REACTORS
330
2A
102
}
102
{ACAD_XDICTIONARY
360
8A1
102
}
330
2A
100
AcDbVisualStyle
  2
Realistic
 70
     8
 71
     2
 72
     3
 73
     0
 90
        2
 40
0.6
 41
30.0
 62
     5
 63
     7
 74
     0
 91
        0
 64
     7
 65
   257
 75
     1
175
     1
 42
1.0
 92
        8
 66
   257
 43
1.0
 76
     1
 77
     6
 78
     2
 67
     7
 79
     3
170
     0
171
     0
290
     0
174
     0
 93
       13
 44
0.0
173
     0
291
     0
 45
0.0
1001
ACAD
1000
AcDbSavedByObjectVersion
1070
     0
  0
VISUALSTYLE
  5
42
102
{ACAD_REACTORS
330
2A
102
}
102
{ACAD_XDICTIONARY
360
8BF
102
}
330
2A
100
AcDbVisualStyle
  2
Shaded
 70
    27
 71
     2
 72
     2
 73
     1
 90
        2
 40
0.6
 41
30.0
 62
     5
 63
     7
 74
     0
 91
        4
 64
     7
 65
   257
 75
     1
175
     1
 42
1.0
 92
        8
 66
   257
 43
1.0
 76
     1
 77
     6
 78
     2
 67
     8
 79
     3
170
     0
171
     0
290
     0
174
     0
 93
        5
 44
0.0
173
     0
291
     0
 45
0.0
1001
ACAD
1000
AcDbSavedByObjectVersion
1070
     0
  0
VISUALSTYLE
  5
41
102
{ACAD_REACTORS
330
2A
102
}
102
{ACAD_XDICTIONARY
360
8BD
102
}
330
2A
100
AcDbVisualStyle
  2
Shaded with edges
 70
    26
 71
     2
 72
     2
 73
     1
 90
        2
 40
0.6
 41
30.0
 62
     5
 63
     7
 74
     1
 91
       10
 64
     7
 65
   257
 75
     2
175
     1
 42
1.0
 92
        8
 66
   257
 43
1.0
 76
     1
 77
     6
 78
     2
 67
     7
 79
     3
170
     0
171
     0
290
     0
174
     0
 93
        5
 44
0.0
173
     0
291
     0
 45
0.0
1001
ACAD
1000
AcDbSavedByObjectVersion
1070
     0
  0
VISUALSTYLE
  5
3E
102
{ACAD_REACTORS
330
2A
102
}
102
{ACAD_XDICTIONARY
360
8B7
102
}
330
2A
100
AcDbVisualStyle
  2
Shades of Gray
 70
    23
 71
     2
 72
     2
 73
     3
 90
        0
 40
0.6
 41
30.0
 62
     5
 63
     7
 74
     2
 91
        2
 64
     7
 65
     7
 75
     1
175
     1
 42
40.0
 92
        8
 66
     7
 43
1.0
 76
     1
 77
     6
 78
     2
 67
     7
 79
     3
170
     0
171
     0
290
     0
174
     0
 93
        1
 44
0.0
173
     0
291
     0
 45
0.0
1001
ACAD
1000
AcDbSavedByObjectVersion
1070
     0
  0
VISUALSTYLE
  5
3F
102
{ACAD_REACTORS
330
2A
102
}
102
{ACAD_XDICTIONARY
360
8B9
102
}
330
2A
100
AcDbVisualStyle
  2
Sketchy
 70
    24
 71
     1
 72
     2
 73
     2
 90
        0
 40
0.6
 41
30.0
 62
     5
 63
     7
 74
     2
 91
        2
 64
     7
 65
     7
 75
     1
175
     1
 42
40.0
 92
       11
 66
     7
 43
1.0
 76
     1
 77
     6
 78
     2
 67
     7
 79
     6
170
     0
171
     0
290
     0
174
     0
 93
        1
 44
0.0
173
     0
291
     0
 45
0.0
1001
ACAD
1000
AcDbSavedByObjectVersion
1070
     0
  0
VISUALSTYLE
  5
37
102
{ACAD_REACTORS
330
2A
102
}
102
{ACAD_XDICTIONARY
360
8A9
102
}
330
2A
100
AcDbVisualStyle
  2
Thicken
 70
    13
 71
     2
 72
     2
 73
     0
 90
        0
 40
0.6
 41
30.0
 62
     5
 63
     7
 74
     1
 91
        4
 64
     7
 65
   257
 75
     1
175
     1
 42
1.0
 92
       12
 66
     7
 43
1.0
 76
     1
 77
     6
 78
     2
 67
     7
 79
     5
170
     0
171
     0
290
     0
174
     0
 93
        1
 44
0.0
173
     0
291
     1
 45
0.0
1001
ACAD
1000
AcDbSavedByObjectVersion
1070
     0
  0
VISUALSTYLE
  5
30
102
{ACAD_REACTORS
330
2A
102
}
102
{ACAD_XDICTIONARY
360
89B
102
}
330
2A
100
AcDbVisualStyle
  2
Wireframe
 70
     5
 71
     0
 72
     2
 73
     0
 90
        0
 40
0.6
 41
30.0
 62
     5
 63
     7
 74
     1
 91
        4
 64
     7
 65
   257
 75
     1
175
     1
 42
1.0
 92
        0
 66
   257
 43
1.0
 76
     1
 77
     6
 78
     2
 67
     7
 79
     3
170
     0
171
     0
290
     0
174
     0
 93
        1
 44
0.0
173
     0
291
     0
 45
0.0
1001
ACAD
1000
AcDbSavedByObjectVersion
1070
     0
  0
VISUALSTYLE
  5
40
102
{ACAD_REACTORS
330
2A
102
}
102
{ACAD_XDICTIONARY
360
8BB
102
}
330
2A
100
AcDbVisualStyle
  2
X-Ray
 70
    25
 71
     2
 72
     2
 73
     1
 90
        1
 40
0.5
 41
30.0
 62
     5
 63
     7
 74
     1
 91
        0
 64
     7
 65
   257
 75
     1
175
     1
 42
1.0
 92
        8
 66
     7
 43
1.0
 76
     1
 77
     6
 78
     2
 67
     7
 79
     3
170
     0
171
     0
290
     0
174
     0
 93
       13
 44
0.0
173
     0
291
     0
 45
0.0
1001
ACAD
1000
AcDbSavedByObjectVersion
1070
     0
  0
DICTIONARYVAR
  5
88F
102
{ACAD_REACTORS
330
885
102
}
330
885
100
DictionaryVariables
280
     0
  1
1:1
  0
DICTIONARYVAR
  5
887
102
{ACAD_REACTORS
330
885
102
}
330
885
100
DictionaryVariables
280
     0
  1
Standard
  0
DICTIONARYVAR
  5
886
102
{ACAD_REACTORS
330
885
102
}
330
885
100
DictionaryVariables
280
     0
  1
Standard
  0
DICTIONARYVAR
  5
88A
102
{ACAD_REACTORS
330
885
102
}
330
885
100
DictionaryVariables
280
     0
  1
2
  0
DICTIONARYVAR
  5
88B
102
{ACAD_REACTORS
330
885
102
}
330
885
100
DictionaryVariables
280
     0
  1
1
  0
DICTIONARYVAR
  5
890
102
{ACAD_REACTORS
330
885
102
}
330
885
100
DictionaryVariables
280
     0
  1
1
  0
DICTIONARY
  5
8C3
330
45
100
AcDbDictionary
280
     1
281
     1
  3
ACAD_XREC_ROUNDTRIP
360
8C4
  0
DICTIONARY
  5
8C1
330
44
100
AcDbDictionary
280
     1
281
     1
  3
ACAD_XREC_ROUNDTRIP
360
8C2
  0
DICTIONARY
  5
8C5
330
46
100
AcDbDictionary
280
     1
281
     1
  3
ACAD_XREC_ROUNDTRIP
360
8C6
  0
DICTIONARY
  5
8C8
330
6C
100
AcDbDictionary
280
     1
281
     1
  3
ACAD_XREC_ROUNDTRIP
360
8C9
  0
DICTIONARY
  5
899
330
2F
100
AcDbDictionary
280
     1
281
     1
  3
ACAD_XREC_ROUNDTRIP
360
89A
  0
DICTIONARY
  5
89F
330
32
100
AcDbDictionary
280
     1
281
     1
  3
ACAD_XREC_ROUNDTRIP
360
8A0
  0
DICTIONARY
  5
8A7
330
36
100
AcDbDictionary
280
     1
281
     1
  3
ACAD_XREC_ROUNDTRIP
360
8A8
  0
DICTIONARY
  5
8AF
330
3A
100
AcDbDictionary
280
     1
281
     1
  3
ACAD_XREC_ROUNDTRIP
360
8B0
  0
DICTIONARY
  5
8A3
330
34
100
AcDbDictionary
280
     1
281
     1
  3
ACAD_XREC_ROUNDTRIP
360
8A4
  0
DICTIONARY
  5
8A5
330
35
100
AcDbDictionary
280
     1
281
     1
  3
ACAD_XREC_ROUNDTRIP
360
8A6
  0
DICTIONARY
  5
8B5
330
3D
100
AcDbDictionary
280
     1
281
     1
  3
ACAD_XREC_ROUNDTRIP
360
8B6
  0
DICTIONARY
  5
8AD
330
39
100
AcDbDictionary
280
     1
281
     1
  3
ACAD_XREC_ROUNDTRIP
360
8AE
  0
DICTIONARY
  5
891
330
2B
100
AcDbDictionary
280
     1
281
     1
  3
ACAD_XREC_ROUNDTRIP
360
892
  0
DICTIONARY
  5
893
330
2C
100
AcDbDictionary
280
     1
281
     1
  3
ACAD_XREC_ROUNDTRIP
360
894
  0
DICTIONARY
  5
895
330
2D
100
AcDbDictionary
280
     1
281
     1
  3
ACAD_XREC_ROUNDTRIP
360
896
  0
DICTIONARY
  5
897
330
2E
100
AcDbDictionary
280
     1
281
     1
  3
ACAD_XREC_ROUNDTRIP
360
898
  0
DICTIONARY
  5
89D
330
31
100
AcDbDictionary
280
     1
281
     1
  3
ACAD_XREC_ROUNDTRIP
360
89E
  0
DICTIONARY
  5
8B1
330
3B
100
AcDbDictionary
280
     1
281
     1
  3
ACAD_XREC_ROUNDTRIP
360
8B2
  0
DICTIONARY
  5
8AB
330
38
100
AcDbDictionary
280
     1
281
     1
  3
ACAD_XREC_ROUNDTRIP
360
8AC
  0
DICTIONARY
  5
8B3
330
3C
100
AcDbDictionary
280
     1
281
     1
  3
ACAD_XREC_ROUNDTRIP
360
8B4
  0
DICTIONARY
  5
8A1
330
33
100
AcDbDictionary
280
     1
281
     1
  3
ACAD_XREC_ROUNDTRIP
360
8A2
  0
DICTIONARY
  5
8BF
330
42
100
AcDbDictionary
280
     1
281
     1
  3
ACAD_XREC_ROUNDTRIP
360
8C0
  0
DICTIONARY
  5
8BD
330
41
100
AcDbDictionary
280
     1
281
     1
  3
ACAD_XREC_ROUNDTRIP
360
8BE
  0
DICTIONARY
  5
8B7
330
3E
100
AcDbDictionary
280
     1
281
     1
  3
ACAD_XREC_ROUNDTRIP
360
8B8
  0
DICTIONARY
  5
8B9
330
3F
100
AcDbDictionary
280
     1
281
     1
  3
ACAD_XREC_ROUNDTRIP
360
8BA
  0
DICTIONARY
  5
8A9
330
37
100
AcDbDictionary
280
     1
281
     1
  3
ACAD_XREC_ROUNDTRIP
360
8AA
  0
DICTIONARY
  5
89B
330
30
100
AcDbDictionary
280
     1
281
     1
  3
ACAD_XREC_ROUNDTRIP
360
89C
  0
DICTIONARY
  5
8BB
330
40
100
AcDbDictionary
280
     1
281
     1
  3
ACAD_XREC_ROUNDTRIP
360
8BC
  0
XRECORD
  5
8C4
102
{ACAD_REACTORS
330
8C3
102
}
330
8C3
100
AcDbXrecord
280
     1
102
MATERIAL
148
0.0
149
0.0
149
0.0
 93
        0
 94
      127
282
     0
 72
     1
 77
     1
171
     1
175
     1
179
     1
273
     0
  0
XRECORD
  5
8C2
102
{ACAD_REACTORS
330
8C1
102
}
330
8C1
100
AcDbXrecord
280
     1
102
MATERIAL
148
0.0
149
0.0
149
0.0
 93
        0
 94
      127
282
     0
 72
     1
 77
     1
171
     1
175
     1
179
     1
273
     0
  0
XRECORD
  5
8C6
102
{ACAD_REACTORS
330
8C5
102
}
330
8C5
100
AcDbXrecord
280
     1
102
MATERIAL
148
0.0
149
0.0
149
0.0
 93
        0
 94
      127
282
     0
 72
     1
 77
     1
171
     1
175
     1
179
     1
273
     0
  0
XRECORD
  5
8C9
102
{ACAD_REACTORS
330
8C8
102
}
330
8C8
100
AcDbXrecord
280
     1
102
ACAD_ROUNDTRIP_2010_MLEADER_STYLE
  0
XRECORD
  5
89A
102
{ACAD_REACTORS
330
899
102
}
330
899
100
AcDbXrecord
280
     1
102
RTVSPropertyOp0
 70
     1
102
RTVSPropertyOp1
 70
     1
102
RTVSPropertyOp2
 70
     1
102
RTVSPropertyOp3
 70
     1
102
RTVSPropertyOp4
 70
     1
102
RTVSPropertyOp5
 70
     1
102
RTVSPropertyOp6
 70
     1
102
RTVSPropertyOp7
 70
     1
102
RTVSPropertyOp8
 70
     1
102
RTVSPropertyOp9
 70
     1
102
RTVSPropertyOp10
 70
     1
102
RTVSPropertyOp11
 70
     1
102
RTVSPropertyOp12
 70
     1
102
RTVSPropertyOp13
 70
     1
102
RTVSPropertyOp14
 70
     1
102
RTVSPropertyOp15
 70
     1
102
RTVSPropertyOp16
 70
     1
102
RTVSPropertyOp17
 70
     1
102
RTVSPropertyOp18
 70
     1
102
RTVSPropertyOp19
 70
     1
102
RTVSPropertyOp20
 70
     1
102
RTVSPropertyOp21
 70
     1
102
RTVSPropertyOp22
 70
     1
102
RTVSPropertyOp23
 70
     1
102
RTVSPropertyOp24
 70
     1
102
RTVSPropertyOp25
 70
     1
102
RTVSPropertyOp26
 70
     1
102
RTVSPropertyOp27
 70
     1
102
RTVSPropertyOp28
 70
     1
102
RTVSPropertyOp29
 70
     1
102
RTVSPropertyOp30
 70
     1
102
RTVSPropertyOp31
 70
     1
102
RTVSPropertyOp32
 70
     1
102
RTVSPropertyOp33
 70
     1
102
RTVSPropertyOp34
 70
     1
102
RTVSPropertyOp35
 70
     1
102
RTVSPropertyOp36
 70
     1
102
RTVSPropertyOp37
 70
     1
102
RTVSPropertyOp38
 70
     1
102
RTVSPropertyOp39
 70
     1
102
RTVSPropertyOp40
 70
     1
102
RTVSPropertyOp41
 70
     1
102
RTVSPropertyOp42
 70
     1
102
RTVSPropertyOp43
 70
     1
102
RTVSPropertyOp44
 70
     1
102
RTVSPropertyOp45
 70
     1
102
RTVSPropertyOp46
 70
     1
102
RTVSPropertyOp47
 70
     1
102
RTVSPropertyOp48
 70
     1
102
RTVSPropertyOp49
 70
     1
102
RTVSPropertyOp50
 70
     1
102
RTVSPropertyOp51
 70
     0
102
RTVSPropertyOp52
 70
     0
102
RTVSPropertyOp53
 70
     1
102
RTVSPropertyOp54
 70
     1
102
RTVSPropertyOp55
 70
     1
102
RTVSPropertyOp56
 70
     1
102
RTVSPropertyOp57
 70
     1
102
RTVSPost2010Prop28
280
     1
102
RTVSPost2010PropOp28
 70
     1
102
RTVSPost2010Prop29
280
     1
102
RTVSPost2010PropOp29
 70
     1
102
RTVSPost2010Prop30
280
     0
102
RTVSPost2010PropOp30
 70
     1
102
RTVSPost2010Prop31
280
     0
102
RTVSPost2010PropOp31
 70
     1
102
RTVSPost2010Prop32
280
     0
102
RTVSPost2010PropOp32
 70
     1
102
RTVSPost2010Prop33
280
     0
102
RTVSPost2010PropOp33
 70
     1
102
RTVSPost2010Prop34
280
     0
102
RTVSPost2010PropOp34
 70
     1
102
RTVSPost2010Prop35
280
     0
102
RTVSPost2010PropOp35
 70
     1
102
RTVSPost2010Prop36
280
     0
102
RTVSPost2010PropOp36
 70
     1
102
RTVSPost2010Prop37
 90
       50
102
RTVSPost2010PropOp37
 70
     1
102
RTVSPost2010Prop38
140
0.0
102
RTVSPost2010PropOp38
 70
     1
102
RTVSPost2010Prop39
140
1.0
102
RTVSPost2010PropOp39
 70
     1
102
RTVSPost2010Prop40
 90
        0
102
RTVSPost2010PropOp40
 70
     1
102
RTVSPost2010Prop41ColorIndex
 90
       18
102
RTVSPost2010Prop41ColorRGB
 90
        0
102
RTVSPost2010PropOp41
 70
     1
102
RTVSPost2010Prop42
 90
       50
102
RTVSPost2010PropOp42
 70
     1
102
RTVSPost2010Prop43
 90
        3
102
RTVSPost2010PropOp43
 70
     1
102
RTVSPost2010Prop44ColorIndex
 90
        5
102
RTVSPost2010Prop44ColorRGB
 90
      255
102
RTVSPost2010PropOp44
 70
     1
102
RTVSPost2010Prop45
280
     0
102
RTVSPost2010PropOp45
 70
     1
102
RTVSPost2010Prop46
 90
       50
102
RTVSPost2010PropOp46
 70
     1
102
RTVSPost2010Prop47
 90
       50
102
RTVSPost2010PropOp47
 70
     1
102
RTVSPost2010Prop48
 90
       50
102
RTVSPost2010PropOp48
 70
     1
102
RTVSPost2010Prop49
280
     0
102
RTVSPost2010PropOp49
 70
     1
102
RTVSPost2010Prop50
 90
       50
102
RTVSPost2010PropOp50
 70
     1
102
RTVSPost2010Prop51ColorIndex
 90
      256
102
RTVSPost2010Prop51ColorRGB
 90
-16777216
102
RTVSPost2010PropOp51
 70
     0
102
RTVSPost2010Prop52
140
1.0
102
RTVSPost2010PropOp52
 70
     0
102
RTVSPost2010Prop53
 90
        2
102
RTVSPost2010PropOp53
 70
     1
102
RTVSPost2010Prop54
  1
strokes_ogs.tif
102
RTVSPost2010PropOp54
 70
     1
102
RTVSPost2010Prop55
280
     0
102
RTVSPost2010PropOp55
 70
     1
102
RTVSPost2010Prop56
140
1.0
102
RTVSPost2010PropOp56
 70
     1
102
RTVSPost2010Prop57
140
1.0
102
RTVSPost2010PropOp57
 70
     1
  0
XRECORD
  5
8A0
102
{ACAD_REACTORS
330
89F
102
}
330
89F
100
AcDbXrecord
280
     1
102
RTVSPropertyOp0
 70
     1
102
RTVSPropertyOp1
 70
     1
102
RTVSPropertyOp2
 70
     1
102
RTVSPropertyOp3
 70
     1
102
RTVSPropertyOp4
 70
     1
102
RTVSPropertyOp5
 70
     1
102
RTVSPropertyOp6
 70
     1
102
RTVSPropertyOp7
 70
     1
102
RTVSPropertyOp8
 70
     1
102
RTVSPropertyOp9
 70
     1
102
RTVSPropertyOp10
 70
     1
102
RTVSPropertyOp11
 70
     1
102
RTVSPropertyOp12
 70
     1
102
RTVSPropertyOp13
 70
     1
102
RTVSPropertyOp14
 70
     1
102
RTVSPropertyOp15
 70
     1
102
RTVSPropertyOp16
 70
     1
102
RTVSPropertyOp17
 70
     1
102
RTVSPropertyOp18
 70
     1
102
RTVSPropertyOp19
 70
     1
102
RTVSPropertyOp20
 70
     1
102
RTVSPropertyOp21
 70
     1
102
RTVSPropertyOp22
 70
     1
102
RTVSPropertyOp23
 70
     1
102
RTVSPropertyOp24
 70
     1
102
RTVSPropertyOp25
 70
     1
102
RTVSPropertyOp26
 70
     1
102
RTVSPropertyOp27
 70
     1
102
RTVSPropertyOp28
 70
     1
102
RTVSPropertyOp29
 70
     1
102
RTVSPropertyOp30
 70
     1
102
RTVSPropertyOp31
 70
     1
102
RTVSPropertyOp32
 70
     1
102
RTVSPropertyOp33
 70
     1
102
RTVSPropertyOp34
 70
     1
102
RTVSPropertyOp35
 70
     1
102
RTVSPropertyOp36
 70
     1
102
RTVSPropertyOp37
 70
     1
102
RTVSPropertyOp38
 70
     1
102
RTVSPropertyOp39
 70
     1
102
RTVSPropertyOp40
 70
     1
102
RTVSPropertyOp41
 70
     1
102
RTVSPropertyOp42
 70
     1
102
RTVSPropertyOp43
 70
     1
102
RTVSPropertyOp44
 70
     1
102
RTVSPropertyOp45
 70
     1
102
RTVSPropertyOp46
 70
     1
102
RTVSPropertyOp47
 70
     1
102
RTVSPropertyOp48
 70
     1
102
RTVSPropertyOp49
 70
     1
102
RTVSPropertyOp50
 70
     1
102
RTVSPropertyOp51
 70
     0
102
RTVSPropertyOp52
 70
     0
102
RTVSPropertyOp53
 70
     1
102
RTVSPropertyOp54
 70
     1
102
RTVSPropertyOp55
 70
     1
102
RTVSPropertyOp56
 70
     1
102
RTVSPropertyOp57
 70
     1
102
RTVSPost2010Prop28
280
     0
102
RTVSPost2010PropOp28
 70
     1
102
RTVSPost2010Prop29
280
     1
102
RTVSPost2010PropOp29
 70
     1
102
RTVSPost2010Prop30
280
     1
102
RTVSPost2010PropOp30
 70
     1
102
RTVSPost2010Prop31
280
     0
102
RTVSPost2010PropOp31
 70
     1
102
RTVSPost2010Prop32
280
     0
102
RTVSPost2010PropOp32
 70
     1
102
RTVSPost2010Prop33
280
     0
102
RTVSPost2010PropOp33
 70
     1
102
RTVSPost2010Prop34
280
     0
102
RTVSPost2010PropOp34
 70
     1
102
RTVSPost2010Prop35
280
     0
102
RTVSPost2010PropOp35
 70
     1
102
RTVSPost2010Prop36
280
     0
102
RTVSPost2010PropOp36
 70
     1
102
RTVSPost2010Prop37
 90
       50
102
RTVSPost2010PropOp37
 70
     1
102
RTVSPost2010Prop38
140
0.0
102
RTVSPost2010PropOp38
 70
     1
102
RTVSPost2010Prop39
140
1.0
102
RTVSPost2010PropOp39
 70
     1
102
RTVSPost2010Prop40
 90
        0
102
RTVSPost2010PropOp40
 70
     1
102
RTVSPost2010Prop41ColorIndex
 90
       18
102
RTVSPost2010Prop41ColorRGB
 90
        0
102
RTVSPost2010PropOp41
 70
     1
102
RTVSPost2010Prop42
 90
       50
102
RTVSPost2010PropOp42
 70
     1
102
RTVSPost2010Prop43
 90
        3
102
RTVSPost2010PropOp43
 70
     1
102
RTVSPost2010Prop44ColorIndex
 90
        5
102
RTVSPost2010Prop44ColorRGB
 90
      255
102
RTVSPost2010PropOp44
 70
     1
102
RTVSPost2010Prop45
280
     0
102
RTVSPost2010PropOp45
 70
     1
102
RTVSPost2010Prop46
 90
       50
102
RTVSPost2010PropOp46
 70
     1
102
RTVSPost2010Prop47
 90
       50
102
RTVSPost2010PropOp47
 70
     1
102
RTVSPost2010Prop48
 90
       50
102
RTVSPost2010PropOp48
 70
     1
102
RTVSPost2010Prop49
280
     0
102
RTVSPost2010PropOp49
 70
     1
102
RTVSPost2010Prop50
 90
       50
102
RTVSPost2010PropOp50
 70
     1
102
RTVSPost2010Prop51ColorIndex
 90
      256
102
RTVSPost2010Prop51ColorRGB
 90
-16777216
102
RTVSPost2010PropOp51
 70
     0
102
RTVSPost2010Prop52
140
1.0
102
RTVSPost2010PropOp52
 70
     0
102
RTVSPost2010Prop53
 90
        2
102
RTVSPost2010PropOp53
 70
     1
102
RTVSPost2010Prop54
  1
strokes_ogs.tif
102
RTVSPost2010PropOp54
 70
     1
102
RTVSPost2010Prop55
280
     0
102
RTVSPost2010PropOp55
 70
     1
102
RTVSPost2010Prop56
140
1.0
102
RTVSPost2010PropOp56
 70
     1
102
RTVSPost2010Prop57
140
1.0
102
RTVSPost2010PropOp57
 70
     1
  0
XRECORD
  5
8A8
102
{ACAD_REACTORS
330
8A7
102
}
330
8A7
100
AcDbXrecord
280
     1
102
RTVSPropertyOp0
 70
     1
102
RTVSPropertyOp1
 70
     1
102
RTVSPropertyOp2
 70
     1
102
RTVSPropertyOp3
 70
     1
102
RTVSPropertyOp4
 70
     1
102
RTVSPropertyOp5
 70
     1
102
RTVSPropertyOp6
 70
     1
102
RTVSPropertyOp7
 70
     1
102
RTVSPropertyOp8
 70
     1
102
RTVSPropertyOp9
 70
     1
102
RTVSPropertyOp10
 70
     1
102
RTVSPropertyOp11
 70
     1
102
RTVSPropertyOp12
 70
     1
102
RTVSPropertyOp13
 70
     1
102
RTVSPropertyOp14
 70
     1
102
RTVSPropertyOp15
 70
     1
102
RTVSPropertyOp16
 70
     1
102
RTVSPropertyOp17
 70
     1
102
RTVSPropertyOp18
 70
     1
102
RTVSPropertyOp19
 70
     1
102
RTVSPropertyOp20
 70
     1
102
RTVSPropertyOp21
 70
     1
102
RTVSPropertyOp22
 70
     1
102
RTVSPropertyOp23
 70
     1
102
RTVSPropertyOp24
 70
     1
102
RTVSPropertyOp25
 70
     1
102
RTVSPropertyOp26
 70
     1
102
RTVSPropertyOp27
 70
     1
102
RTVSPropertyOp28
 70
     1
102
RTVSPropertyOp29
 70
     1
102
RTVSPropertyOp30
 70
     1
102
RTVSPropertyOp31
 70
     1
102
RTVSPropertyOp32
 70
     1
102
RTVSPropertyOp33
 70
     1
102
RTVSPropertyOp34
 70
     1
102
RTVSPropertyOp35
 70
     1
102
RTVSPropertyOp36
 70
     1
102
RTVSPropertyOp37
 70
     1
102
RTVSPropertyOp38
 70
     1
102
RTVSPropertyOp39
 70
     1
102
RTVSPropertyOp40
 70
     1
102
RTVSPropertyOp41
 70
     1
102
RTVSPropertyOp42
 70
     1
102
RTVSPropertyOp43
 70
     1
102
RTVSPropertyOp44
 70
     1
102
RTVSPropertyOp45
 70
     1
102
RTVSPropertyOp46
 70
     1
102
RTVSPropertyOp47
 70
     1
102
RTVSPropertyOp48
 70
     1
102
RTVSPropertyOp49
 70
     1
102
RTVSPropertyOp50
 70
     1
102
RTVSPropertyOp51
 70
     0
102
RTVSPropertyOp52
 70
     0
102
RTVSPropertyOp53
 70
     1
102
RTVSPropertyOp54
 70
     1
102
RTVSPropertyOp55
 70
     1
102
RTVSPropertyOp56
 70
     1
102
RTVSPropertyOp57
 70
     1
102
RTVSPost2010Prop28
280
     0
102
RTVSPost2010PropOp28
 70
     1
102
RTVSPost2010Prop29
280
     1
102
RTVSPost2010PropOp29
 70
     1
102
RTVSPost2010Prop30
280
     1
102
RTVSPost2010PropOp30
 70
     1
102
RTVSPost2010Prop31
280
     0
102
RTVSPost2010PropOp31
 70
     1
102
RTVSPost2010Prop32
280
     0
102
RTVSPost2010PropOp32
 70
     1
102
RTVSPost2010Prop33
280
     0
102
RTVSPost2010PropOp33
 70
     1
102
RTVSPost2010Prop34
280
     0
102
RTVSPost2010PropOp34
 70
     1
102
RTVSPost2010Prop35
280
     0
102
RTVSPost2010PropOp35
 70
     1
102
RTVSPost2010Prop36
280
     0
102
RTVSPost2010PropOp36
 70
     1
102
RTVSPost2010Prop37
 90
       50
102
RTVSPost2010PropOp37
 70
     1
102
RTVSPost2010Prop38
140
0.0
102
RTVSPost2010PropOp38
 70
     1
102
RTVSPost2010Prop39
140
1.0
102
RTVSPost2010PropOp39
 70
     1
102
RTVSPost2010Prop40
 90
        0
102
RTVSPost2010PropOp40
 70
     1
102
RTVSPost2010Prop41ColorIndex
 90
       18
102
RTVSPost2010Prop41ColorRGB
 90
        0
102
RTVSPost2010PropOp41
 70
     1
102
RTVSPost2010Prop42
 90
       50
102
RTVSPost2010PropOp42
 70
     1
102
RTVSPost2010Prop43
 90
        3
102
RTVSPost2010PropOp43
 70
     1
102
RTVSPost2010Prop44ColorIndex
 90
        5
102
RTVSPost2010Prop44ColorRGB
 90
      255
102
RTVSPost2010PropOp44
 70
     1
102
RTVSPost2010Prop45
280
     0
102
RTVSPost2010PropOp45
 70
     1
102
RTVSPost2010Prop46
 90
       50
102
RTVSPost2010PropOp46
 70
     1
102
RTVSPost2010Prop47
 90
       50
102
RTVSPost2010PropOp47
 70
     1
102
RTVSPost2010Prop48
 90
       50
102
RTVSPost2010PropOp48
 70
     1
102
RTVSPost2010Prop49
280
     0
102
RTVSPost2010PropOp49
 70
     1
102
RTVSPost2010Prop50
 90
       50
102
RTVSPost2010PropOp50
 70
     1
102
RTVSPost2010Prop51ColorIndex
 90
      256
102
RTVSPost2010Prop51ColorRGB
 90
-16777216
102
RTVSPost2010PropOp51
 70
     0
102
RTVSPost2010Prop52
140
1.0
102
RTVSPost2010PropOp52
 70
     0
102
RTVSPost2010Prop53
 90
        2
102
RTVSPost2010PropOp53
 70
     1
102
RTVSPost2010Prop54
  1
strokes_ogs.tif
102
RTVSPost2010PropOp54
 70
     1
102
RTVSPost2010Prop55
280
     0
102
RTVSPost2010PropOp55
 70
     1
102
RTVSPost2010Prop56
140
1.0
102
RTVSPost2010PropOp56
 70
     1
102
RTVSPost2010Prop57
140
1.0
102
RTVSPost2010PropOp57
 70
     1
  0
XRECORD
  5
8B0
102
{ACAD_REACTORS
330
8AF
102
}
330
8AF
100
AcDbXrecord
280
     1
102
RTVSPropertyOp0
 70
     1
102
RTVSPropertyOp1
 70
     1
102
RTVSPropertyOp2
 70
     1
102
RTVSPropertyOp3
 70
     1
102
RTVSPropertyOp4
 70
     1
102
RTVSPropertyOp5
 70
     1
102
RTVSPropertyOp6
 70
     1
102
RTVSPropertyOp7
 70
     1
102
RTVSPropertyOp8
 70
     1
102
RTVSPropertyOp9
 70
     1
102
RTVSPropertyOp10
 70
     1
102
RTVSPropertyOp11
 70
     1
102
RTVSPropertyOp12
 70
     1
102
RTVSPropertyOp13
 70
     1
102
RTVSPropertyOp14
 70
     1
102
RTVSPropertyOp15
 70
     1
102
RTVSPropertyOp16
 70
     1
102
RTVSPropertyOp17
 70
     1
102
RTVSPropertyOp18
 70
     1
102
RTVSPropertyOp19
 70
     1
102
RTVSPropertyOp20
 70
     1
102
RTVSPropertyOp21
 70
     1
102
RTVSPropertyOp22
 70
     1
102
RTVSPropertyOp23
 70
     1
102
RTVSPropertyOp24
 70
     1
102
RTVSPropertyOp25
 70
     1
102
RTVSPropertyOp26
 70
     1
102
RTVSPropertyOp27
 70
     1
102
RTVSPropertyOp28
 70
     1
102
RTVSPropertyOp29
 70
     1
102
RTVSPropertyOp30
 70
     1
102
RTVSPropertyOp31
 70
     1
102
RTVSPropertyOp32
 70
     1
102
RTVSPropertyOp33
 70
     1
102
RTVSPropertyOp34
 70
     1
102
RTVSPropertyOp35
 70
     1
102
RTVSPropertyOp36
 70
     1
102
RTVSPropertyOp37
 70
     1
102
RTVSPropertyOp38
 70
     1
102
RTVSPropertyOp39
 70
     1
102
RTVSPropertyOp40
 70
     1
102
RTVSPropertyOp41
 70
     1
102
RTVSPropertyOp42
 70
     1
102
RTVSPropertyOp43
 70
     1
102
RTVSPropertyOp44
 70
     1
102
RTVSPropertyOp45
 70
     1
102
RTVSPropertyOp46
 70
     1
102
RTVSPropertyOp47
 70
     1
102
RTVSPropertyOp48
 70
     1
102
RTVSPropertyOp49
 70
     1
102
RTVSPropertyOp50
 70
     1
102
RTVSPropertyOp51
 70
     0
102
RTVSPropertyOp52
 70
     0
102
RTVSPropertyOp53
 70
     1
102
RTVSPropertyOp54
 70
     1
102
RTVSPropertyOp55
 70
     1
102
RTVSPropertyOp56
 70
     1
102
RTVSPropertyOp57
 70
     1
102
RTVSPost2010Prop28
280
     0
102
RTVSPost2010PropOp28
 70
     1
102
RTVSPost2010Prop29
280
     1
102
RTVSPost2010PropOp29
 70
     1
102
RTVSPost2010Prop30
280
     1
102
RTVSPost2010PropOp30
 70
     1
102
RTVSPost2010Prop31
280
     0
102
RTVSPost2010PropOp31
 70
     1
102
RTVSPost2010Prop32
280
     0
102
RTVSPost2010PropOp32
 70
     1
102
RTVSPost2010Prop33
280
     0
102
RTVSPost2010PropOp33
 70
     1
102
RTVSPost2010Prop34
280
     0
102
RTVSPost2010PropOp34
 70
     1
102
RTVSPost2010Prop35
280
     0
102
RTVSPost2010PropOp35
 70
     1
102
RTVSPost2010Prop36
280
     0
102
RTVSPost2010PropOp36
 70
     1
102
RTVSPost2010Prop37
 90
       50
102
RTVSPost2010PropOp37
 70
     1
102
RTVSPost2010Prop38
140
0.0
102
RTVSPost2010PropOp38
 70
     1
102
RTVSPost2010Prop39
140
1.0
102
RTVSPost2010PropOp39
 70
     1
102
RTVSPost2010Prop40
 90
        0
102
RTVSPost2010PropOp40
 70
     1
102
RTVSPost2010Prop41ColorIndex
 90
       18
102
RTVSPost2010Prop41ColorRGB
 90
        0
102
RTVSPost2010PropOp41
 70
     1
102
RTVSPost2010Prop42
 90
       50
102
RTVSPost2010PropOp42
 70
     1
102
RTVSPost2010Prop43
 90
        3
102
RTVSPost2010PropOp43
 70
     1
102
RTVSPost2010Prop44ColorIndex
 90
        5
102
RTVSPost2010Prop44ColorRGB
 90
      255
102
RTVSPost2010PropOp44
 70
     1
102
RTVSPost2010Prop45
280
     0
102
RTVSPost2010PropOp45
 70
     1
102
RTVSPost2010Prop46
 90
       50
102
RTVSPost2010PropOp46
 70
     1
102
RTVSPost2010Prop47
 90
       50
102
RTVSPost2010PropOp47
 70
     1
102
RTVSPost2010Prop48
 90
       50
102
RTVSPost2010PropOp48
 70
     1
102
RTVSPost2010Prop49
280
     0
102
RTVSPost2010PropOp49
 70
     1
102
RTVSPost2010Prop50
 90
       50
102
RTVSPost2010PropOp50
 70
     1
102
RTVSPost2010Prop51ColorIndex
 90
      256
102
RTVSPost2010Prop51ColorRGB
 90
-16777216
102
RTVSPost2010PropOp51
 70
     0
102
RTVSPost2010Prop52
140
1.0
102
RTVSPost2010PropOp52
 70
     0
102
RTVSPost2010Prop53
 90
        2
102
RTVSPost2010PropOp53
 70
     1
102
RTVSPost2010Prop54
  1
strokes_ogs.tif
102
RTVSPost2010PropOp54
 70
     1
102
RTVSPost2010Prop55
280
     0
102
RTVSPost2010PropOp55
 70
     1
102
RTVSPost2010Prop56
140
1.0
102
RTVSPost2010PropOp56
 70
     1
102
RTVSPost2010Prop57
140
1.0
102
RTVSPost2010PropOp57
 70
     1
  0
XRECORD
  5
8A4
102
{ACAD_REACTORS
330
8A3
102
}
330
8A3
100
AcDbXrecord
280
     1
102
RTVSPropertyOp0
 70
     1
102
RTVSPropertyOp1
 70
     1
102
RTVSPropertyOp2
 70
     1
102
RTVSPropertyOp3
 70
     1
102
RTVSPropertyOp4
 70
     1
102
RTVSPropertyOp5
 70
     1
102
RTVSPropertyOp6
 70
     1
102
RTVSPropertyOp7
 70
     1
102
RTVSPropertyOp8
 70
     1
102
RTVSPropertyOp9
 70
     1
102
RTVSPropertyOp10
 70
     1
102
RTVSPropertyOp11
 70
     1
102
RTVSPropertyOp12
 70
     1
102
RTVSPropertyOp13
 70
     1
102
RTVSPropertyOp14
 70
     1
102
RTVSPropertyOp15
 70
     1
102
RTVSPropertyOp16
 70
     1
102
RTVSPropertyOp17
 70
     1
102
RTVSPropertyOp18
 70
     1
102
RTVSPropertyOp19
 70
     1
102
RTVSPropertyOp20
 70
     1
102
RTVSPropertyOp21
 70
     1
102
RTVSPropertyOp22
 70
     1
102
RTVSPropertyOp23
 70
     1
102
RTVSPropertyOp24
 70
     1
102
RTVSPropertyOp25
 70
     1
102
RTVSPropertyOp26
 70
     1
102
RTVSPropertyOp27
 70
     1
102
RTVSPropertyOp28
 70
     1
102
RTVSPropertyOp29
 70
     1
102
RTVSPropertyOp30
 70
     1
102
RTVSPropertyOp31
 70
     1
102
RTVSPropertyOp32
 70
     1
102
RTVSPropertyOp33
 70
     1
102
RTVSPropertyOp34
 70
     1
102
RTVSPropertyOp35
 70
     1
102
RTVSPropertyOp36
 70
     1
102
RTVSPropertyOp37
 70
     1
102
RTVSPropertyOp38
 70
     1
102
RTVSPropertyOp39
 70
     1
102
RTVSPropertyOp40
 70
     1
102
RTVSPropertyOp41
 70
     1
102
RTVSPropertyOp42
 70
     1
102
RTVSPropertyOp43
 70
     1
102
RTVSPropertyOp44
 70
     1
102
RTVSPropertyOp45
 70
     1
102
RTVSPropertyOp46
 70
     1
102
RTVSPropertyOp47
 70
     1
102
RTVSPropertyOp48
 70
     1
102
RTVSPropertyOp49
 70
     1
102
RTVSPropertyOp50
 70
     1
102
RTVSPropertyOp51
 70
     0
102
RTVSPropertyOp52
 70
     0
102
RTVSPropertyOp53
 70
     1
102
RTVSPropertyOp54
 70
     1
102
RTVSPropertyOp55
 70
     1
102
RTVSPropertyOp56
 70
     1
102
RTVSPropertyOp57
 70
     1
102
RTVSPost2010Prop28
280
     0
102
RTVSPost2010PropOp28
 70
     1
102
RTVSPost2010Prop29
280
     1
102
RTVSPost2010PropOp29
 70
     1
102
RTVSPost2010Prop30
280
     1
102
RTVSPost2010PropOp30
 70
     1
102
RTVSPost2010Prop31
280
     0
102
RTVSPost2010PropOp31
 70
     1
102
RTVSPost2010Prop32
280
     0
102
RTVSPost2010PropOp32
 70
     1
102
RTVSPost2010Prop33
280
     0
102
RTVSPost2010PropOp33
 70
     1
102
RTVSPost2010Prop34
280
     0
102
RTVSPost2010PropOp34
 70
     1
102
RTVSPost2010Prop35
280
     0
102
RTVSPost2010PropOp35
 70
     1
102
RTVSPost2010Prop36
280
     0
102
RTVSPost2010PropOp36
 70
     1
102
RTVSPost2010Prop37
 90
       50
102
RTVSPost2010PropOp37
 70
     1
102
RTVSPost2010Prop38
140
0.0
102
RTVSPost2010PropOp38
 70
     1
102
RTVSPost2010Prop39
140
1.0
102
RTVSPost2010PropOp39
 70
     1
102
RTVSPost2010Prop40
 90
        0
102
RTVSPost2010PropOp40
 70
     1
102
RTVSPost2010Prop41ColorIndex
 90
       18
102
RTVSPost2010Prop41ColorRGB
 90
        0
102
RTVSPost2010PropOp41
 70
     1
102
RTVSPost2010Prop42
 90
       50
102
RTVSPost2010PropOp42
 70
     1
102
RTVSPost2010Prop43
 90
        3
102
RTVSPost2010PropOp43
 70
     1
102
RTVSPost2010Prop44ColorIndex
 90
        5
102
RTVSPost2010Prop44ColorRGB
 90
      255
102
RTVSPost2010PropOp44
 70
     1
102
RTVSPost2010Prop45
280
     0
102
RTVSPost2010PropOp45
 70
     1
102
RTVSPost2010Prop46
 90
       50
102
RTVSPost2010PropOp46
 70
     1
102
RTVSPost2010Prop47
 90
       50
102
RTVSPost2010PropOp47
 70
     1
102
RTVSPost2010Prop48
 90
       50
102
RTVSPost2010PropOp48
 70
     1
102
RTVSPost2010Prop49
280
     0
102
RTVSPost2010PropOp49
 70
     1
102
RTVSPost2010Prop50
 90
       50
102
RTVSPost2010PropOp50
 70
     1
102
RTVSPost2010Prop51ColorIndex
 90
      256
102
RTVSPost2010Prop51ColorRGB
 90
-16777216
102
RTVSPost2010PropOp51
 70
     0
102
RTVSPost2010Prop52
140
1.0
102
RTVSPost2010PropOp52
 70
     0
102
RTVSPost2010Prop53
 90
        2
102
RTVSPost2010PropOp53
 70
     1
102
RTVSPost2010Prop54
  1
strokes_ogs.tif
102
RTVSPost2010PropOp54
 70
     1
102
RTVSPost2010Prop55
280
     0
102
RTVSPost2010PropOp55
 70
     1
102
RTVSPost2010Prop56
140
1.0
102
RTVSPost2010PropOp56
 70
     1
102
RTVSPost2010Prop57
140
1.0
102
RTVSPost2010PropOp57
 70
     1
  0
XRECORD
  5
8A6
102
{ACAD_REACTORS
330
8A5
102
}
330
8A5
100
AcDbXrecord
280
     1
102
RTVSPropertyOp0
 70
     1
102
RTVSPropertyOp1
 70
     1
102
RTVSPropertyOp2
 70
     1
102
RTVSPropertyOp3
 70
     1
102
RTVSPropertyOp4
 70
     1
102
RTVSPropertyOp5
 70
     1
102
RTVSPropertyOp6
 70
     1
102
RTVSPropertyOp7
 70
     1
102
RTVSPropertyOp8
 70
     1
102
RTVSPropertyOp9
 70
     1
102
RTVSPropertyOp10
 70
     1
102
RTVSPropertyOp11
 70
     1
102
RTVSPropertyOp12
 70
     1
102
RTVSPropertyOp13
 70
     1
102
RTVSPropertyOp14
 70
     1
102
RTVSPropertyOp15
 70
     1
102
RTVSPropertyOp16
 70
     1
102
RTVSPropertyOp17
 70
     1
102
RTVSPropertyOp18
 70
     1
102
RTVSPropertyOp19
 70
     1
102
RTVSPropertyOp20
 70
     1
102
RTVSPropertyOp21
 70
     1
102
RTVSPropertyOp22
 70
     1
102
RTVSPropertyOp23
 70
     1
102
RTVSPropertyOp24
 70
     1
102
RTVSPropertyOp25
 70
     1
102
RTVSPropertyOp26
 70
     1
102
RTVSPropertyOp27
 70
     1
102
RTVSPropertyOp28
 70
     1
102
RTVSPropertyOp29
 70
     1
102
RTVSPropertyOp30
 70
     1
102
RTVSPropertyOp31
 70
     1
102
RTVSPropertyOp32
 70
     1
102
RTVSPropertyOp33
 70
     1
102
RTVSPropertyOp34
 70
     1
102
RTVSPropertyOp35
 70
     1
102
RTVSPropertyOp36
 70
     1
102
RTVSPropertyOp37
 70
     1
102
RTVSPropertyOp38
 70
     1
102
RTVSPropertyOp39
 70
     1
102
RTVSPropertyOp40
 70
     1
102
RTVSPropertyOp41
 70
     1
102
RTVSPropertyOp42
 70
     1
102
RTVSPropertyOp43
 70
     1
102
RTVSPropertyOp44
 70
     1
102
RTVSPropertyOp45
 70
     1
102
RTVSPropertyOp46
 70
     1
102
RTVSPropertyOp47
 70
     1
102
RTVSPropertyOp48
 70
     1
102
RTVSPropertyOp49
 70
     1
102
RTVSPropertyOp50
 70
     1
102
RTVSPropertyOp51
 70
     0
102
RTVSPropertyOp52
 70
     0
102
RTVSPropertyOp53
 70
     1
102
RTVSPropertyOp54
 70
     1
102
RTVSPropertyOp55
 70
     1
102
RTVSPropertyOp56
 70
     1
102
RTVSPropertyOp57
 70
     1
102
RTVSPost2010Prop28
280
     0
102
RTVSPost2010PropOp28
 70
     1
102
RTVSPost2010Prop29
280
     1
102
RTVSPost2010PropOp29
 70
     1
102
RTVSPost2010Prop30
280
     1
102
RTVSPost2010PropOp30
 70
     1
102
RTVSPost2010Prop31
280
     0
102
RTVSPost2010PropOp31
 70
     1
102
RTVSPost2010Prop32
280
     0
102
RTVSPost2010PropOp32
 70
     1
102
RTVSPost2010Prop33
280
     0
102
RTVSPost2010PropOp33
 70
     1
102
RTVSPost2010Prop34
280
     0
102
RTVSPost2010PropOp34
 70
     1
102
RTVSPost2010Prop35
280
     0
102
RTVSPost2010PropOp35
 70
     1
102
RTVSPost2010Prop36
280
     0
102
RTVSPost2010PropOp36
 70
     1
102
RTVSPost2010Prop37
 90
       50
102
RTVSPost2010PropOp37
 70
     1
102
RTVSPost2010Prop38
140
0.0
102
RTVSPost2010PropOp38
 70
     1
102
RTVSPost2010Prop39
140
1.0
102
RTVSPost2010PropOp39
 70
     1
102
RTVSPost2010Prop40
 90
        0
102
RTVSPost2010PropOp40
 70
     1
102
RTVSPost2010Prop41ColorIndex
 90
       18
102
RTVSPost2010Prop41ColorRGB
 90
        0
102
RTVSPost2010PropOp41
 70
     1
102
RTVSPost2010Prop42
 90
       50
102
RTVSPost2010PropOp42
 70
     1
102
RTVSPost2010Prop43
 90
        3
102
RTVSPost2010PropOp43
 70
     1
102
RTVSPost2010Prop44ColorIndex
 90
        5
102
RTVSPost2010Prop44ColorRGB
 90
      255
102
RTVSPost2010PropOp44
 70
     1
102
RTVSPost2010Prop45
280
     0
102
RTVSPost2010PropOp45
 70
     1
102
RTVSPost2010Prop46
 90
       50
102
RTVSPost2010PropOp46
 70
     1
102
RTVSPost2010Prop47
 90
       50
102
RTVSPost2010PropOp47
 70
     1
102
RTVSPost2010Prop48
 90
       50
102
RTVSPost2010PropOp48
 70
     1
102
RTVSPost2010Prop49
280
     0
102
RTVSPost2010PropOp49
 70
     1
102
RTVSPost2010Prop50
 90
       50
102
RTVSPost2010PropOp50
 70
     1
102
RTVSPost2010Prop51ColorIndex
 90
      256
102
RTVSPost2010Prop51ColorRGB
 90
-16777216
102
RTVSPost2010PropOp51
 70
     0
102
RTVSPost2010Prop52
140
1.0
102
RTVSPost2010PropOp52
 70
     0
102
RTVSPost2010Prop53
 90
        2
102
RTVSPost2010PropOp53
 70
     1
102
RTVSPost2010Prop54
  1
strokes_ogs.tif
102
RTVSPost2010PropOp54
 70
     1
102
RTVSPost2010Prop55
280
     0
102
RTVSPost2010PropOp55
 70
     1
102
RTVSPost2010Prop56
140
1.0
102
RTVSPost2010PropOp56
 70
     1
102
RTVSPost2010Prop57
140
1.0
102
RTVSPost2010PropOp57
 70
     1
  0
XRECORD
  5
8B6
102
{ACAD_REACTORS
330
8B5
102
}
330
8B5
100
AcDbXrecord
280
     1
102
RTVSPropertyOp0
 70
     0
102
RTVSPropertyOp1
 70
     0
102
RTVSPropertyOp2
 70
     0
102
RTVSPropertyOp3
 70
     0
102
RTVSPropertyOp4
 70
     0
102
RTVSPropertyOp5
 70
     0
102
RTVSPropertyOp6
 70
     0
102
RTVSPropertyOp7
 70
     0
102
RTVSPropertyOp8
 70
     0
102
RTVSPropertyOp9
 70
     0
102
RTVSPropertyOp10
 70
     0
102
RTVSPropertyOp11
 70
     0
102
RTVSPropertyOp12
 70
     0
102
RTVSPropertyOp13
 70
     0
102
RTVSPropertyOp14
 70
     2
102
RTVSPropertyOp15
 70
     0
102
RTVSPropertyOp16
 70
     0
102
RTVSPropertyOp17
 70
     0
102
RTVSPropertyOp18
 70
     0
102
RTVSPropertyOp19
 70
     0
102
RTVSPropertyOp20
 70
     0
102
RTVSPropertyOp21
 70
     0
102
RTVSPropertyOp22
 70
     0
102
RTVSPropertyOp23
 70
     0
102
RTVSPropertyOp24
 70
     0
102
RTVSPropertyOp25
 70
     0
102
RTVSPropertyOp26
 70
     0
102
RTVSPropertyOp27
 70
     0
102
RTVSPropertyOp28
 70
     0
102
RTVSPropertyOp29
 70
     0
102
RTVSPropertyOp30
 70
     0
102
RTVSPropertyOp31
 70
     0
102
RTVSPropertyOp32
 70
     0
102
RTVSPropertyOp33
 70
     0
102
RTVSPropertyOp34
 70
     0
102
RTVSPropertyOp35
 70
     0
102
RTVSPropertyOp36
 70
     0
102
RTVSPropertyOp37
 70
     0
102
RTVSPropertyOp38
 70
     0
102
RTVSPropertyOp39
 70
     0
102
RTVSPropertyOp40
 70
     0
102
RTVSPropertyOp41
 70
     0
102
RTVSPropertyOp42
 70
     0
102
RTVSPropertyOp43
 70
     0
102
RTVSPropertyOp44
 70
     0
102
RTVSPropertyOp45
 70
     0
102
RTVSPropertyOp46
 70
     0
102
RTVSPropertyOp47
 70
     0
102
RTVSPropertyOp48
 70
     0
102
RTVSPropertyOp49
 70
     0
102
RTVSPropertyOp50
 70
     0
102
RTVSPropertyOp51
 70
     0
102
RTVSPropertyOp52
 70
     0
102
RTVSPropertyOp53
 70
     0
102
RTVSPropertyOp54
 70
     0
102
RTVSPropertyOp55
 70
     0
102
RTVSPropertyOp56
 70
     0
102
RTVSPropertyOp57
 70
     0
102
RTVSPost2010Prop28
280
     0
102
RTVSPost2010PropOp28
 70
     0
102
RTVSPost2010Prop29
280
     1
102
RTVSPost2010PropOp29
 70
     0
102
RTVSPost2010Prop30
280
     1
102
RTVSPost2010PropOp30
 70
     0
102
RTVSPost2010Prop31
280
     0
102
RTVSPost2010PropOp31
 70
     0
102
RTVSPost2010Prop32
280
     0
102
RTVSPost2010PropOp32
 70
     0
102
RTVSPost2010Prop33
280
     0
102
RTVSPost2010PropOp33
 70
     0
102
RTVSPost2010Prop34
280
     0
102
RTVSPost2010PropOp34
 70
     0
102
RTVSPost2010Prop35
280
     0
102
RTVSPost2010PropOp35
 70
     0
102
RTVSPost2010Prop36
280
     0
102
RTVSPost2010PropOp36
 70
     0
102
RTVSPost2010Prop37
 90
       50
102
RTVSPost2010PropOp37
 70
     0
102
RTVSPost2010Prop38
140
0.0
102
RTVSPost2010PropOp38
 70
     0
102
RTVSPost2010Prop39
140
1.0
102
RTVSPost2010PropOp39
 70
     0
102
RTVSPost2010Prop40
 90
        0
102
RTVSPost2010PropOp40
 70
     0
102
RTVSPost2010Prop41ColorIndex
 90
       18
102
RTVSPost2010Prop41ColorRGB
 90
        0
102
RTVSPost2010PropOp41
 70
     0
102
RTVSPost2010Prop42
 90
       50
102
RTVSPost2010PropOp42
 70
     0
102
RTVSPost2010Prop43
 90
        3
102
RTVSPost2010PropOp43
 70
     0
102
RTVSPost2010Prop44ColorIndex
 90
        5
102
RTVSPost2010Prop44ColorRGB
 90
      255
102
RTVSPost2010PropOp44
 70
     0
102
RTVSPost2010Prop45
280
     0
102
RTVSPost2010PropOp45
 70
     0
102
RTVSPost2010Prop46
 90
       50
102
RTVSPost2010PropOp46
 70
     0
102
RTVSPost2010Prop47
 90
       50
102
RTVSPost2010PropOp47
 70
     0
102
RTVSPost2010Prop48
 90
       50
102
RTVSPost2010PropOp48
 70
     0
102
RTVSPost2010Prop49
280
     0
102
RTVSPost2010PropOp49
 70
     0
102
RTVSPost2010Prop50
 90
       50
102
RTVSPost2010PropOp50
 70
     0
102
RTVSPost2010Prop51ColorIndex
 90
      256
102
RTVSPost2010Prop51ColorRGB
 90
-16777216
102
RTVSPost2010PropOp51
 70
     0
102
RTVSPost2010Prop52
140
1.0
102
RTVSPost2010PropOp52
 70
     0
102
RTVSPost2010Prop53
 90
        2
102
RTVSPost2010PropOp53
 70
     0
102
RTVSPost2010Prop54
  1
strokes_ogs.tif
102
RTVSPost2010PropOp54
 70
     0
102
RTVSPost2010Prop55
280
     0
102
RTVSPost2010PropOp55
 70
     0
102
RTVSPost2010Prop56
140
1.0
102
RTVSPost2010PropOp56
 70
     0
102
RTVSPost2010Prop57
140
1.0
102
RTVSPost2010PropOp57
 70
     0
  0
XRECORD
  5
8AE
102
{ACAD_REACTORS
330
8AD
102
}
330
8AD
100
AcDbXrecord
280
     1
102
RTVSPropertyOp0
 70
     1
102
RTVSPropertyOp1
 70
     1
102
RTVSPropertyOp2
 70
     1
102
RTVSPropertyOp3
 70
     1
102
RTVSPropertyOp4
 70
     1
102
RTVSPropertyOp5
 70
     1
102
RTVSPropertyOp6
 70
     1
102
RTVSPropertyOp7
 70
     1
102
RTVSPropertyOp8
 70
     1
102
RTVSPropertyOp9
 70
     1
102
RTVSPropertyOp10
 70
     1
102
RTVSPropertyOp11
 70
     1
102
RTVSPropertyOp12
 70
     1
102
RTVSPropertyOp13
 70
     1
102
RTVSPropertyOp14
 70
     1
102
RTVSPropertyOp15
 70
     1
102
RTVSPropertyOp16
 70
     1
102
RTVSPropertyOp17
 70
     1
102
RTVSPropertyOp18
 70
     1
102
RTVSPropertyOp19
 70
     1
102
RTVSPropertyOp20
 70
     1
102
RTVSPropertyOp21
 70
     1
102
RTVSPropertyOp22
 70
     1
102
RTVSPropertyOp23
 70
     1
102
RTVSPropertyOp24
 70
     1
102
RTVSPropertyOp25
 70
     1
102
RTVSPropertyOp26
 70
     1
102
RTVSPropertyOp27
 70
     1
102
RTVSPropertyOp28
 70
     1
102
RTVSPropertyOp29
 70
     1
102
RTVSPropertyOp30
 70
     1
102
RTVSPropertyOp31
 70
     1
102
RTVSPropertyOp32
 70
     1
102
RTVSPropertyOp33
 70
     1
102
RTVSPropertyOp34
 70
     1
102
RTVSPropertyOp35
 70
     1
102
RTVSPropertyOp36
 70
     1
102
RTVSPropertyOp37
 70
     1
102
RTVSPropertyOp38
 70
     1
102
RTVSPropertyOp39
 70
     1
102
RTVSPropertyOp40
 70
     1
102
RTVSPropertyOp41
 70
     1
102
RTVSPropertyOp42
 70
     1
102
RTVSPropertyOp43
 70
     1
102
RTVSPropertyOp44
 70
     1
102
RTVSPropertyOp45
 70
     1
102
RTVSPropertyOp46
 70
     1
102
RTVSPropertyOp47
 70
     1
102
RTVSPropertyOp48
 70
     1
102
RTVSPropertyOp49
 70
     1
102
RTVSPropertyOp50
 70
     1
102
RTVSPropertyOp51
 70
     0
102
RTVSPropertyOp52
 70
     0
102
RTVSPropertyOp53
 70
     1
102
RTVSPropertyOp54
 70
     1
102
RTVSPropertyOp55
 70
     1
102
RTVSPropertyOp56
 70
     1
102
RTVSPropertyOp57
 70
     1
102
RTVSPost2010Prop28
280
     0
102
RTVSPost2010PropOp28
 70
     1
102
RTVSPost2010Prop29
280
     1
102
RTVSPost2010PropOp29
 70
     1
102
RTVSPost2010Prop30
280
     1
102
RTVSPost2010PropOp30
 70
     1
102
RTVSPost2010Prop31
280
     0
102
RTVSPost2010PropOp31
 70
     1
102
RTVSPost2010Prop32
280
     0
102
RTVSPost2010PropOp32
 70
     1
102
RTVSPost2010Prop33
280
     0
102
RTVSPost2010PropOp33
 70
     1
102
RTVSPost2010Prop34
280
     0
102
RTVSPost2010PropOp34
 70
     1
102
RTVSPost2010Prop35
280
     0
102
RTVSPost2010PropOp35
 70
     1
102
RTVSPost2010Prop36
280
     0
102
RTVSPost2010PropOp36
 70
     1
102
RTVSPost2010Prop37
 90
       50
102
RTVSPost2010PropOp37
 70
     1
102
RTVSPost2010Prop38
140
0.0
102
RTVSPost2010PropOp38
 70
     1
102
RTVSPost2010Prop39
140
1.0
102
RTVSPost2010PropOp39
 70
     1
102
RTVSPost2010Prop40
 90
        0
102
RTVSPost2010PropOp40
 70
     1
102
RTVSPost2010Prop41ColorIndex
 90
       18
102
RTVSPost2010Prop41ColorRGB
 90
        0
102
RTVSPost2010PropOp41
 70
     1
102
RTVSPost2010Prop42
 90
       50
102
RTVSPost2010PropOp42
 70
     1
102
RTVSPost2010Prop43
 90
        3
102
RTVSPost2010PropOp43
 70
     1
102
RTVSPost2010Prop44ColorIndex
 90
        5
102
RTVSPost2010Prop44ColorRGB
 90
      255
102
RTVSPost2010PropOp44
 70
     1
102
RTVSPost2010Prop45
280
     0
102
RTVSPost2010PropOp45
 70
     1
102
RTVSPost2010Prop46
 90
       50
102
RTVSPost2010PropOp46
 70
     1
102
RTVSPost2010Prop47
 90
       50
102
RTVSPost2010PropOp47
 70
     1
102
RTVSPost2010Prop48
 90
       50
102
RTVSPost2010PropOp48
 70
     1
102
RTVSPost2010Prop49
280
     0
102
RTVSPost2010PropOp49
 70
     1
102
RTVSPost2010Prop50
 90
       50
102
RTVSPost2010PropOp50
 70
     1
102
RTVSPost2010Prop51ColorIndex
 90
      256
102
RTVSPost2010Prop51ColorRGB
 90
-16777216
102
RTVSPost2010PropOp51
 70
     0
102
RTVSPost2010Prop52
140
1.0
102
RTVSPost2010PropOp52
 70
     0
102
RTVSPost2010Prop53
 90
        2
102
RTVSPost2010PropOp53
 70
     1
102
RTVSPost2010Prop54
  1
strokes_ogs.tif
102
RTVSPost2010PropOp54
 70
     1
102
RTVSPost2010Prop55
280
     0
102
RTVSPost2010PropOp55
 70
     1
102
RTVSPost2010Prop56
140
1.0
102
RTVSPost2010PropOp56
 70
     1
102
RTVSPost2010Prop57
140
1.0
102
RTVSPost2010PropOp57
 70
     1
  0
XRECORD
  5
892
102
{ACAD_REACTORS
330
891
102
}
330
891
100
AcDbXrecord
280
     1
102
RTVSPropertyOp0
 70
     1
102
RTVSPropertyOp1
 70
     1
102
RTVSPropertyOp2
 70
     1
102
RTVSPropertyOp3
 70
     1
102
RTVSPropertyOp4
 70
     1
102
RTVSPropertyOp5
 70
     1
102
RTVSPropertyOp6
 70
     1
102
RTVSPropertyOp7
 70
     1
102
RTVSPropertyOp8
 70
     1
102
RTVSPropertyOp9
 70
     1
102
RTVSPropertyOp10
 70
     1
102
RTVSPropertyOp11
 70
     1
102
RTVSPropertyOp12
 70
     1
102
RTVSPropertyOp13
 70
     1
102
RTVSPropertyOp14
 70
     1
102
RTVSPropertyOp15
 70
     1
102
RTVSPropertyOp16
 70
     1
102
RTVSPropertyOp17
 70
     1
102
RTVSPropertyOp18
 70
     1
102
RTVSPropertyOp19
 70
     1
102
RTVSPropertyOp20
 70
     1
102
RTVSPropertyOp21
 70
     1
102
RTVSPropertyOp22
 70
     1
102
RTVSPropertyOp23
 70
     1
102
RTVSPropertyOp24
 70
     1
102
RTVSPropertyOp25
 70
     1
102
RTVSPropertyOp26
 70
     1
102
RTVSPropertyOp27
 70
     1
102
RTVSPropertyOp28
 70
     1
102
RTVSPropertyOp29
 70
     1
102
RTVSPropertyOp30
 70
     1
102
RTVSPropertyOp31
 70
     1
102
RTVSPropertyOp32
 70
     1
102
RTVSPropertyOp33
 70
     1
102
RTVSPropertyOp34
 70
     1
102
RTVSPropertyOp35
 70
     1
102
RTVSPropertyOp36
 70
     1
102
RTVSPropertyOp37
 70
     1
102
RTVSPropertyOp38
 70
     1
102
RTVSPropertyOp39
 70
     1
102
RTVSPropertyOp40
 70
     1
102
RTVSPropertyOp41
 70
     1
102
RTVSPropertyOp42
 70
     1
102
RTVSPropertyOp43
 70
     1
102
RTVSPropertyOp44
 70
     1
102
RTVSPropertyOp45
 70
     1
102
RTVSPropertyOp46
 70
     1
102
RTVSPropertyOp47
 70
     1
102
RTVSPropertyOp48
 70
     1
102
RTVSPropertyOp49
 70
     1
102
RTVSPropertyOp50
 70
     1
102
RTVSPropertyOp51
 70
     0
102
RTVSPropertyOp52
 70
     0
102
RTVSPropertyOp53
 70
     1
102
RTVSPropertyOp54
 70
     1
102
RTVSPropertyOp55
 70
     1
102
RTVSPropertyOp56
 70
     1
102
RTVSPropertyOp57
 70
     1
102
RTVSPost2010Prop28
280
     0
102
RTVSPost2010PropOp28
 70
     1
102
RTVSPost2010Prop29
280
     1
102
RTVSPost2010PropOp29
 70
     1
102
RTVSPost2010Prop30
280
     1
102
RTVSPost2010PropOp30
 70
     1
102
RTVSPost2010Prop31
280
     0
102
RTVSPost2010PropOp31
 70
     1
102
RTVSPost2010Prop32
280
     0
102
RTVSPost2010PropOp32
 70
     1
102
RTVSPost2010Prop33
280
     0
102
RTVSPost2010PropOp33
 70
     1
102
RTVSPost2010Prop34
280
     0
102
RTVSPost2010PropOp34
 70
     1
102
RTVSPost2010Prop35
280
     0
102
RTVSPost2010PropOp35
 70
     1
102
RTVSPost2010Prop36
280
     0
102
RTVSPost2010PropOp36
 70
     1
102
RTVSPost2010Prop37
 90
       50
102
RTVSPost2010PropOp37
 70
     1
102
RTVSPost2010Prop38
140
0.0
102
RTVSPost2010PropOp38
 70
     1
102
RTVSPost2010Prop39
140
1.0
102
RTVSPost2010PropOp39
 70
     1
102
RTVSPost2010Prop40
 90
        0
102
RTVSPost2010PropOp40
 70
     1
102
RTVSPost2010Prop41ColorIndex
 90
       18
102
RTVSPost2010Prop41ColorRGB
 90
        0
102
RTVSPost2010PropOp41
 70
     1
102
RTVSPost2010Prop42
 90
       50
102
RTVSPost2010PropOp42
 70
     1
102
RTVSPost2010Prop43
 90
        3
102
RTVSPost2010PropOp43
 70
     1
102
RTVSPost2010Prop44ColorIndex
 90
        5
102
RTVSPost2010Prop44ColorRGB
 90
      255
102
RTVSPost2010PropOp44
 70
     1
102
RTVSPost2010Prop45
280
     0
102
RTVSPost2010PropOp45
 70
     1
102
RTVSPost2010Prop46
 90
       50
102
RTVSPost2010PropOp46
 70
     1
102
RTVSPost2010Prop47
 90
       50
102
RTVSPost2010PropOp47
 70
     1
102
RTVSPost2010Prop48
 90
       50
102
RTVSPost2010PropOp48
 70
     1
102
RTVSPost2010Prop49
280
     0
102
RTVSPost2010PropOp49
 70
     1
102
RTVSPost2010Prop50
 90
       50
102
RTVSPost2010PropOp50
 70
     1
102
RTVSPost2010Prop51ColorIndex
 90
      256
102
RTVSPost2010Prop51ColorRGB
 90
-16777216
102
RTVSPost2010PropOp51
 70
     0
102
RTVSPost2010Prop52
140
1.0
102
RTVSPost2010PropOp52
 70
     0
102
RTVSPost2010Prop53
 90
        2
102
RTVSPost2010PropOp53
 70
     1
102
RTVSPost2010Prop54
  1
strokes_ogs.tif
102
RTVSPost2010PropOp54
 70
     1
102
RTVSPost2010Prop55
280
     0
102
RTVSPost2010PropOp55
 70
     1
102
RTVSPost2010Prop56
140
1.0
102
RTVSPost2010PropOp56
 70
     1
102
RTVSPost2010Prop57
140
1.0
102
RTVSPost2010PropOp57
 70
     1
  0
XRECORD
  5
894
102
{ACAD_REACTORS
330
893
102
}
330
893
100
AcDbXrecord
280
     1
102
RTVSPropertyOp0
 70
     1
102
RTVSPropertyOp1
 70
     1
102
RTVSPropertyOp2
 70
     1
102
RTVSPropertyOp3
 70
     1
102
RTVSPropertyOp4
 70
     1
102
RTVSPropertyOp5
 70
     1
102
RTVSPropertyOp6
 70
     1
102
RTVSPropertyOp7
 70
     1
102
RTVSPropertyOp8
 70
     1
102
RTVSPropertyOp9
 70
     1
102
RTVSPropertyOp10
 70
     1
102
RTVSPropertyOp11
 70
     1
102
RTVSPropertyOp12
 70
     1
102
RTVSPropertyOp13
 70
     1
102
RTVSPropertyOp14
 70
     1
102
RTVSPropertyOp15
 70
     1
102
RTVSPropertyOp16
 70
     1
102
RTVSPropertyOp17
 70
     1
102
RTVSPropertyOp18
 70
     1
102
RTVSPropertyOp19
 70
     1
102
RTVSPropertyOp20
 70
     1
102
RTVSPropertyOp21
 70
     1
102
RTVSPropertyOp22
 70
     1
102
RTVSPropertyOp23
 70
     1
102
RTVSPropertyOp24
 70
     1
102
RTVSPropertyOp25
 70
     1
102
RTVSPropertyOp26
 70
     1
102
RTVSPropertyOp27
 70
     1
102
RTVSPropertyOp28
 70
     1
102
RTVSPropertyOp29
 70
     1
102
RTVSPropertyOp30
 70
     1
102
RTVSPropertyOp31
 70
     1
102
RTVSPropertyOp32
 70
     1
102
RTVSPropertyOp33
 70
     1
102
RTVSPropertyOp34
 70
     1
102
RTVSPropertyOp35
 70
     1
102
RTVSPropertyOp36
 70
     1
102
RTVSPropertyOp37
 70
     1
102
RTVSPropertyOp38
 70
     1
102
RTVSPropertyOp39
 70
     1
102
RTVSPropertyOp40
 70
     1
102
RTVSPropertyOp41
 70
     1
102
RTVSPropertyOp42
 70
     1
102
RTVSPropertyOp43
 70
     1
102
RTVSPropertyOp44
 70
     1
102
RTVSPropertyOp45
 70
     1
102
RTVSPropertyOp46
 70
     1
102
RTVSPropertyOp47
 70
     1
102
RTVSPropertyOp48
 70
     1
102
RTVSPropertyOp49
 70
     1
102
RTVSPropertyOp50
 70
     1
102
RTVSPropertyOp51
 70
     0
102
RTVSPropertyOp52
 70
     0
102
RTVSPropertyOp53
 70
     1
102
RTVSPropertyOp54
 70
     1
102
RTVSPropertyOp55
 70
     1
102
RTVSPropertyOp56
 70
     1
102
RTVSPropertyOp57
 70
     1
102
RTVSPost2010Prop28
280
     0
102
RTVSPost2010PropOp28
 70
     1
102
RTVSPost2010Prop29
280
     1
102
RTVSPost2010PropOp29
 70
     1
102
RTVSPost2010Prop30
280
     1
102
RTVSPost2010PropOp30
 70
     1
102
RTVSPost2010Prop31
280
     0
102
RTVSPost2010PropOp31
 70
     1
102
RTVSPost2010Prop32
280
     0
102
RTVSPost2010PropOp32
 70
     1
102
RTVSPost2010Prop33
280
     0
102
RTVSPost2010PropOp33
 70
     1
102
RTVSPost2010Prop34
280
     0
102
RTVSPost2010PropOp34
 70
     1
102
RTVSPost2010Prop35
280
     0
102
RTVSPost2010PropOp35
 70
     1
102
RTVSPost2010Prop36
280
     0
102
RTVSPost2010PropOp36
 70
     1
102
RTVSPost2010Prop37
 90
       50
102
RTVSPost2010PropOp37
 70
     1
102
RTVSPost2010Prop38
140
0.0
102
RTVSPost2010PropOp38
 70
     1
102
RTVSPost2010Prop39
140
1.0
102
RTVSPost2010PropOp39
 70
     1
102
RTVSPost2010Prop40
 90
        0
102
RTVSPost2010PropOp40
 70
     1
102
RTVSPost2010Prop41ColorIndex
 90
       18
102
RTVSPost2010Prop41ColorRGB
 90
        0
102
RTVSPost2010PropOp41
 70
     1
102
RTVSPost2010Prop42
 90
       50
102
RTVSPost2010PropOp42
 70
     1
102
RTVSPost2010Prop43
 90
        3
102
RTVSPost2010PropOp43
 70
     1
102
RTVSPost2010Prop44ColorIndex
 90
        5
102
RTVSPost2010Prop44ColorRGB
 90
      255
102
RTVSPost2010PropOp44
 70
     1
102
RTVSPost2010Prop45
280
     0
102
RTVSPost2010PropOp45
 70
     1
102
RTVSPost2010Prop46
 90
       50
102
RTVSPost2010PropOp46
 70
     1
102
RTVSPost2010Prop47
 90
       50
102
RTVSPost2010PropOp47
 70
     1
102
RTVSPost2010Prop48
 90
       50
102
RTVSPost2010PropOp48
 70
     1
102
RTVSPost2010Prop49
280
     0
102
RTVSPost2010PropOp49
 70
     1
102
RTVSPost2010Prop50
 90
       50
102
RTVSPost2010PropOp50
 70
     1
102
RTVSPost2010Prop51ColorIndex
 90
      256
102
RTVSPost2010Prop51ColorRGB
 90
-16777216
102
RTVSPost2010PropOp51
 70
     0
102
RTVSPost2010Prop52
140
1.0
102
RTVSPost2010PropOp52
 70
     0
102
RTVSPost2010Prop53
 90
        2
102
RTVSPost2010PropOp53
 70
     1
102
RTVSPost2010Prop54
  1
strokes_ogs.tif
102
RTVSPost2010PropOp54
 70
     1
102
RTVSPost2010Prop55
280
     0
102
RTVSPost2010PropOp55
 70
     1
102
RTVSPost2010Prop56
140
1.0
102
RTVSPost2010PropOp56
 70
     1
102
RTVSPost2010Prop57
140
1.0
102
RTVSPost2010PropOp57
 70
     1
  0
XRECORD
  5
896
102
{ACAD_REACTORS
330
895
102
}
330
895
100
AcDbXrecord
280
     1
102
RTVSPropertyOp0
 70
     1
102
RTVSPropertyOp1
 70
     1
102
RTVSPropertyOp2
 70
     1
102
RTVSPropertyOp3
 70
     1
102
RTVSPropertyOp4
 70
     1
102
RTVSPropertyOp5
 70
     1
102
RTVSPropertyOp6
 70
     1
102
RTVSPropertyOp7
 70
     1
102
RTVSPropertyOp8
 70
     1
102
RTVSPropertyOp9
 70
     1
102
RTVSPropertyOp10
 70
     1
102
RTVSPropertyOp11
 70
     1
102
RTVSPropertyOp12
 70
     1
102
RTVSPropertyOp13
 70
     1
102
RTVSPropertyOp14
 70
     1
102
RTVSPropertyOp15
 70
     1
102
RTVSPropertyOp16
 70
     1
102
RTVSPropertyOp17
 70
     1
102
RTVSPropertyOp18
 70
     1
102
RTVSPropertyOp19
 70
     1
102
RTVSPropertyOp20
 70
     1
102
RTVSPropertyOp21
 70
     1
102
RTVSPropertyOp22
 70
     1
102
RTVSPropertyOp23
 70
     1
102
RTVSPropertyOp24
 70
     1
102
RTVSPropertyOp25
 70
     1
102
RTVSPropertyOp26
 70
     1
102
RTVSPropertyOp27
 70
     1
102
RTVSPropertyOp28
 70
     1
102
RTVSPropertyOp29
 70
     1
102
RTVSPropertyOp30
 70
     1
102
RTVSPropertyOp31
 70
     1
102
RTVSPropertyOp32
 70
     1
102
RTVSPropertyOp33
 70
     1
102
RTVSPropertyOp34
 70
     1
102
RTVSPropertyOp35
 70
     1
102
RTVSPropertyOp36
 70
     1
102
RTVSPropertyOp37
 70
     1
102
RTVSPropertyOp38
 70
     1
102
RTVSPropertyOp39
 70
     1
102
RTVSPropertyOp40
 70
     1
102
RTVSPropertyOp41
 70
     1
102
RTVSPropertyOp42
 70
     1
102
RTVSPropertyOp43
 70
     1
102
RTVSPropertyOp44
 70
     1
102
RTVSPropertyOp45
 70
     1
102
RTVSPropertyOp46
 70
     1
102
RTVSPropertyOp47
 70
     1
102
RTVSPropertyOp48
 70
     1
102
RTVSPropertyOp49
 70
     1
102
RTVSPropertyOp50
 70
     1
102
RTVSPropertyOp51
 70
     0
102
RTVSPropertyOp52
 70
     0
102
RTVSPropertyOp53
 70
     1
102
RTVSPropertyOp54
 70
     1
102
RTVSPropertyOp55
 70
     1
102
RTVSPropertyOp56
 70
     1
102
RTVSPropertyOp57
 70
     1
102
RTVSPost2010Prop28
280
     0
102
RTVSPost2010PropOp28
 70
     1
102
RTVSPost2010Prop29
280
     1
102
RTVSPost2010PropOp29
 70
     1
102
RTVSPost2010Prop30
280
     1
102
RTVSPost2010PropOp30
 70
     1
102
RTVSPost2010Prop31
280
     0
102
RTVSPost2010PropOp31
 70
     1
102
RTVSPost2010Prop32
280
     0
102
RTVSPost2010PropOp32
 70
     1
102
RTVSPost2010Prop33
280
     0
102
RTVSPost2010PropOp33
 70
     1
102
RTVSPost2010Prop34
280
     0
102
RTVSPost2010PropOp34
 70
     1
102
RTVSPost2010Prop35
280
     0
102
RTVSPost2010PropOp35
 70
     1
102
RTVSPost2010Prop36
280
     0
102
RTVSPost2010PropOp36
 70
     1
102
RTVSPost2010Prop37
 90
       50
102
RTVSPost2010PropOp37
 70
     1
102
RTVSPost2010Prop38
140
0.0
102
RTVSPost2010PropOp38
 70
     1
102
RTVSPost2010Prop39
140
1.0
102
RTVSPost2010PropOp39
 70
     1
102
RTVSPost2010Prop40
 90
        0
102
RTVSPost2010PropOp40
 70
     1
102
RTVSPost2010Prop41ColorIndex
 90
       18
102
RTVSPost2010Prop41ColorRGB
 90
        0
102
RTVSPost2010PropOp41
 70
     1
102
RTVSPost2010Prop42
 90
       50
102
RTVSPost2010PropOp42
 70
     1
102
RTVSPost2010Prop43
 90
        3
102
RTVSPost2010PropOp43
 70
     1
102
RTVSPost2010Prop44ColorIndex
 90
        5
102
RTVSPost2010Prop44ColorRGB
 90
      255
102
RTVSPost2010PropOp44
 70
     1
102
RTVSPost2010Prop45
280
     0
102
RTVSPost2010PropOp45
 70
     1
102
RTVSPost2010Prop46
 90
       50
102
RTVSPost2010PropOp46
 70
     1
102
RTVSPost2010Prop47
 90
       50
102
RTVSPost2010PropOp47
 70
     1
102
RTVSPost2010Prop48
 90
       50
102
RTVSPost2010PropOp48
 70
     1
102
RTVSPost2010Prop49
280
     0
102
RTVSPost2010PropOp49
 70
     1
102
RTVSPost2010Prop50
 90
       50
102
RTVSPost2010PropOp50
 70
     1
102
RTVSPost2010Prop51ColorIndex
 90
      256
102
RTVSPost2010Prop51ColorRGB
 90
-16777216
102
RTVSPost2010PropOp51
 70
     0
102
RTVSPost2010Prop52
140
1.0
102
RTVSPost2010PropOp52
 70
     0
102
RTVSPost2010Prop53
 90
        2
102
RTVSPost2010PropOp53
 70
     1
102
RTVSPost2010Prop54
  1
strokes_ogs.tif
102
RTVSPost2010PropOp54
 70
     1
102
RTVSPost2010Prop55
280
     0
102
RTVSPost2010PropOp55
 70
     1
102
RTVSPost2010Prop56
140
1.0
102
RTVSPost2010PropOp56
 70
     1
102
RTVSPost2010Prop57
140
1.0
102
RTVSPost2010PropOp57
 70
     1
  0
XRECORD
  5
898
102
{ACAD_REACTORS
330
897
102
}
330
897
100
AcDbXrecord
280
     1
102
RTVSPropertyOp0
 70
     1
102
RTVSPropertyOp1
 70
     1
102
RTVSPropertyOp2
 70
     1
102
RTVSPropertyOp3
 70
     1
102
RTVSPropertyOp4
 70
     1
102
RTVSPropertyOp5
 70
     1
102
RTVSPropertyOp6
 70
     1
102
RTVSPropertyOp7
 70
     1
102
RTVSPropertyOp8
 70
     1
102
RTVSPropertyOp9
 70
     1
102
RTVSPropertyOp10
 70
     1
102
RTVSPropertyOp11
 70
     1
102
RTVSPropertyOp12
 70
     1
102
RTVSPropertyOp13
 70
     1
102
RTVSPropertyOp14
 70
     1
102
RTVSPropertyOp15
 70
     1
102
RTVSPropertyOp16
 70
     1
102
RTVSPropertyOp17
 70
     1
102
RTVSPropertyOp18
 70
     1
102
RTVSPropertyOp19
 70
     1
102
RTVSPropertyOp20
 70
     1
102
RTVSPropertyOp21
 70
     1
102
RTVSPropertyOp22
 70
     1
102
RTVSPropertyOp23
 70
     1
102
RTVSPropertyOp24
 70
     1
102
RTVSPropertyOp25
 70
     1
102
RTVSPropertyOp26
 70
     1
102
RTVSPropertyOp27
 70
     1
102
RTVSPropertyOp28
 70
     1
102
RTVSPropertyOp29
 70
     1
102
RTVSPropertyOp30
 70
     1
102
RTVSPropertyOp31
 70
     1
102
RTVSPropertyOp32
 70
     1
102
RTVSPropertyOp33
 70
     1
102
RTVSPropertyOp34
 70
     1
102
RTVSPropertyOp35
 70
     1
102
RTVSPropertyOp36
 70
     1
102
RTVSPropertyOp37
 70
     1
102
RTVSPropertyOp38
 70
     1
102
RTVSPropertyOp39
 70
     1
102
RTVSPropertyOp40
 70
     1
102
RTVSPropertyOp41
 70
     1
102
RTVSPropertyOp42
 70
     1
102
RTVSPropertyOp43
 70
     1
102
RTVSPropertyOp44
 70
     1
102
RTVSPropertyOp45
 70
     1
102
RTVSPropertyOp46
 70
     1
102
RTVSPropertyOp47
 70
     1
102
RTVSPropertyOp48
 70
     1
102
RTVSPropertyOp49
 70
     1
102
RTVSPropertyOp50
 70
     1
102
RTVSPropertyOp51
 70
     0
102
RTVSPropertyOp52
 70
     0
102
RTVSPropertyOp53
 70
     1
102
RTVSPropertyOp54
 70
     1
102
RTVSPropertyOp55
 70
     1
102
RTVSPropertyOp56
 70
     1
102
RTVSPropertyOp57
 70
     1
102
RTVSPost2010Prop28
280
     0
102
RTVSPost2010PropOp28
 70
     1
102
RTVSPost2010Prop29
280
     1
102
RTVSPost2010PropOp29
 70
     1
102
RTVSPost2010Prop30
280
     1
102
RTVSPost2010PropOp30
 70
     1
102
RTVSPost2010Prop31
280
     0
102
RTVSPost2010PropOp31
 70
     1
102
RTVSPost2010Prop32
280
     0
102
RTVSPost2010PropOp32
 70
     1
102
RTVSPost2010Prop33
280
     0
102
RTVSPost2010PropOp33
 70
     1
102
RTVSPost2010Prop34
280
     0
102
RTVSPost2010PropOp34
 70
     1
102
RTVSPost2010Prop35
280
     0
102
RTVSPost2010PropOp35
 70
     1
102
RTVSPost2010Prop36
280
     0
102
RTVSPost2010PropOp36
 70
     1
102
RTVSPost2010Prop37
 90
       50
102
RTVSPost2010PropOp37
 70
     1
102
RTVSPost2010Prop38
140
0.0
102
RTVSPost2010PropOp38
 70
     1
102
RTVSPost2010Prop39
140
1.0
102
RTVSPost2010PropOp39
 70
     1
102
RTVSPost2010Prop40
 90
        0
102
RTVSPost2010PropOp40
 70
     1
102
RTVSPost2010Prop41ColorIndex
 90
       18
102
RTVSPost2010Prop41ColorRGB
 90
        0
102
RTVSPost2010PropOp41
 70
     1
102
RTVSPost2010Prop42
 90
       50
102
RTVSPost2010PropOp42
 70
     1
102
RTVSPost2010Prop43
 90
        3
102
RTVSPost2010PropOp43
 70
     1
102
RTVSPost2010Prop44ColorIndex
 90
        5
102
RTVSPost2010Prop44ColorRGB
 90
      255
102
RTVSPost2010PropOp44
 70
     1
102
RTVSPost2010Prop45
280
     0
102
RTVSPost2010PropOp45
 70
     1
102
RTVSPost2010Prop46
 90
       50
102
RTVSPost2010PropOp46
 70
     1
102
RTVSPost2010Prop47
 90
       50
102
RTVSPost2010PropOp47
 70
     1
102
RTVSPost2010Prop48
 90
       50
102
RTVSPost2010PropOp48
 70
     1
102
RTVSPost2010Prop49
280
     0
102
RTVSPost2010PropOp49
 70
     1
102
RTVSPost2010Prop50
 90
       50
102
RTVSPost2010PropOp50
 70
     1
102
RTVSPost2010Prop51ColorIndex
 90
      256
102
RTVSPost2010Prop51ColorRGB
 90
-16777216
102
RTVSPost2010PropOp51
 70
     0
102
RTVSPost2010Prop52
140
1.0
102
RTVSPost2010PropOp52
 70
     0
102
RTVSPost2010Prop53
 90
        2
102
RTVSPost2010PropOp53
 70
     1
102
RTVSPost2010Prop54
  1
strokes_ogs.tif
102
RTVSPost2010PropOp54
 70
     1
102
RTVSPost2010Prop55
280
     0
102
RTVSPost2010PropOp55
 70
     1
102
RTVSPost2010Prop56
140
1.0
102
RTVSPost2010PropOp56
 70
     1
102
RTVSPost2010Prop57
140
1.0
102
RTVSPost2010PropOp57
 70
     1
  0
XRECORD
  5
89E
102
{ACAD_REACTORS
330
89D
102
}
330
89D
100
AcDbXrecord
280
     1
102
RTVSPropertyOp0
 70
     1
102
RTVSPropertyOp1
 70
     1
102
RTVSPropertyOp2
 70
     1
102
RTVSPropertyOp3
 70
     1
102
RTVSPropertyOp4
 70
     1
102
RTVSPropertyOp5
 70
     1
102
RTVSPropertyOp6
 70
     1
102
RTVSPropertyOp7
 70
     1
102
RTVSPropertyOp8
 70
     1
102
RTVSPropertyOp9
 70
     1
102
RTVSPropertyOp10
 70
     1
102
RTVSPropertyOp11
 70
     1
102
RTVSPropertyOp12
 70
     1
102
RTVSPropertyOp13
 70
     1
102
RTVSPropertyOp14
 70
     1
102
RTVSPropertyOp15
 70
     1
102
RTVSPropertyOp16
 70
     1
102
RTVSPropertyOp17
 70
     1
102
RTVSPropertyOp18
 70
     1
102
RTVSPropertyOp19
 70
     1
102
RTVSPropertyOp20
 70
     1
102
RTVSPropertyOp21
 70
     1
102
RTVSPropertyOp22
 70
     1
102
RTVSPropertyOp23
 70
     1
102
RTVSPropertyOp24
 70
     1
102
RTVSPropertyOp25
 70
     1
102
RTVSPropertyOp26
 70
     1
102
RTVSPropertyOp27
 70
     1
102
RTVSPropertyOp28
 70
     1
102
RTVSPropertyOp29
 70
     1
102
RTVSPropertyOp30
 70
     1
102
RTVSPropertyOp31
 70
     1
102
RTVSPropertyOp32
 70
     1
102
RTVSPropertyOp33
 70
     1
102
RTVSPropertyOp34
 70
     1
102
RTVSPropertyOp35
 70
     1
102
RTVSPropertyOp36
 70
     1
102
RTVSPropertyOp37
 70
     1
102
RTVSPropertyOp38
 70
     1
102
RTVSPropertyOp39
 70
     1
102
RTVSPropertyOp40
 70
     1
102
RTVSPropertyOp41
 70
     1
102
RTVSPropertyOp42
 70
     1
102
RTVSPropertyOp43
 70
     1
102
RTVSPropertyOp44
 70
     1
102
RTVSPropertyOp45
 70
     1
102
RTVSPropertyOp46
 70
     1
102
RTVSPropertyOp47
 70
     1
102
RTVSPropertyOp48
 70
     1
102
RTVSPropertyOp49
 70
     1
102
RTVSPropertyOp50
 70
     1
102
RTVSPropertyOp51
 70
     0
102
RTVSPropertyOp52
 70
     0
102
RTVSPropertyOp53
 70
     1
102
RTVSPropertyOp54
 70
     1
102
RTVSPropertyOp55
 70
     1
102
RTVSPropertyOp56
 70
     1
102
RTVSPropertyOp57
 70
     1
102
RTVSPost2010Prop28
280
     0
102
RTVSPost2010PropOp28
 70
     1
102
RTVSPost2010Prop29
280
     1
102
RTVSPost2010PropOp29
 70
     1
102
RTVSPost2010Prop30
280
     1
102
RTVSPost2010PropOp30
 70
     1
102
RTVSPost2010Prop31
280
     0
102
RTVSPost2010PropOp31
 70
     1
102
RTVSPost2010Prop32
280
     0
102
RTVSPost2010PropOp32
 70
     1
102
RTVSPost2010Prop33
280
     0
102
RTVSPost2010PropOp33
 70
     1
102
RTVSPost2010Prop34
280
     0
102
RTVSPost2010PropOp34
 70
     1
102
RTVSPost2010Prop35
280
     0
102
RTVSPost2010PropOp35
 70
     1
102
RTVSPost2010Prop36
280
     0
102
RTVSPost2010PropOp36
 70
     1
102
RTVSPost2010Prop37
 90
       50
102
RTVSPost2010PropOp37
 70
     1
102
RTVSPost2010Prop38
140
0.0
102
RTVSPost2010PropOp38
 70
     1
102
RTVSPost2010Prop39
140
1.0
102
RTVSPost2010PropOp39
 70
     1
102
RTVSPost2010Prop40
 90
        0
102
RTVSPost2010PropOp40
 70
     1
102
RTVSPost2010Prop41ColorIndex
 90
       18
102
RTVSPost2010Prop41ColorRGB
 90
        0
102
RTVSPost2010PropOp41
 70
     1
102
RTVSPost2010Prop42
 90
       50
102
RTVSPost2010PropOp42
 70
     1
102
RTVSPost2010Prop43
 90
        3
102
RTVSPost2010PropOp43
 70
     1
102
RTVSPost2010Prop44ColorIndex
 90
        5
102
RTVSPost2010Prop44ColorRGB
 90
      255
102
RTVSPost2010PropOp44
 70
     1
102
RTVSPost2010Prop45
280
     0
102
RTVSPost2010PropOp45
 70
     1
102
RTVSPost2010Prop46
 90
       50
102
RTVSPost2010PropOp46
 70
     1
102
RTVSPost2010Prop47
 90
       50
102
RTVSPost2010PropOp47
 70
     1
102
RTVSPost2010Prop48
 90
       50
102
RTVSPost2010PropOp48
 70
     1
102
RTVSPost2010Prop49
280
     0
102
RTVSPost2010PropOp49
 70
     1
102
RTVSPost2010Prop50
 90
       50
102
RTVSPost2010PropOp50
 70
     1
102
RTVSPost2010Prop51ColorIndex
 90
      256
102
RTVSPost2010Prop51ColorRGB
 90
-16777216
102
RTVSPost2010PropOp51
 70
     0
102
RTVSPost2010Prop52
140
1.0
102
RTVSPost2010PropOp52
 70
     0
102
RTVSPost2010Prop53
 90
        2
102
RTVSPost2010PropOp53
 70
     1
102
RTVSPost2010Prop54
  1
strokes_ogs.tif
102
RTVSPost2010PropOp54
 70
     1
102
RTVSPost2010Prop55
280
     0
102
RTVSPost2010PropOp55
 70
     1
102
RTVSPost2010Prop56
140
1.0
102
RTVSPost2010PropOp56
 70
     1
102
RTVSPost2010Prop57
140
1.0
102
RTVSPost2010PropOp57
 70
     1
  0
XRECORD
  5
8B2
102
{ACAD_REACTORS
330
8B1
102
}
330
8B1
100
AcDbXrecord
280
     1
102
RTVSPropertyOp0
 70
     0
102
RTVSPropertyOp1
 70
     0
102
RTVSPropertyOp2
 70
     0
102
RTVSPropertyOp3
 70
     0
102
RTVSPropertyOp4
 70
     0
102
RTVSPropertyOp5
 70
     0
102
RTVSPropertyOp6
 70
     0
102
RTVSPropertyOp7
 70
     0
102
RTVSPropertyOp8
 70
     0
102
RTVSPropertyOp9
 70
     0
102
RTVSPropertyOp10
 70
     0
102
RTVSPropertyOp11
 70
     0
102
RTVSPropertyOp12
 70
     0
102
RTVSPropertyOp13
 70
     0
102
RTVSPropertyOp14
 70
     2
102
RTVSPropertyOp15
 70
     0
102
RTVSPropertyOp16
 70
     0
102
RTVSPropertyOp17
 70
     0
102
RTVSPropertyOp18
 70
     0
102
RTVSPropertyOp19
 70
     0
102
RTVSPropertyOp20
 70
     0
102
RTVSPropertyOp21
 70
     0
102
RTVSPropertyOp22
 70
     0
102
RTVSPropertyOp23
 70
     0
102
RTVSPropertyOp24
 70
     0
102
RTVSPropertyOp25
 70
     0
102
RTVSPropertyOp26
 70
     0
102
RTVSPropertyOp27
 70
     0
102
RTVSPropertyOp28
 70
     0
102
RTVSPropertyOp29
 70
     0
102
RTVSPropertyOp30
 70
     0
102
RTVSPropertyOp31
 70
     0
102
RTVSPropertyOp32
 70
     0
102
RTVSPropertyOp33
 70
     0
102
RTVSPropertyOp34
 70
     0
102
RTVSPropertyOp35
 70
     0
102
RTVSPropertyOp36
 70
     0
102
RTVSPropertyOp37
 70
     0
102
RTVSPropertyOp38
 70
     0
102
RTVSPropertyOp39
 70
     0
102
RTVSPropertyOp40
 70
     0
102
RTVSPropertyOp41
 70
     0
102
RTVSPropertyOp42
 70
     0
102
RTVSPropertyOp43
 70
     0
102
RTVSPropertyOp44
 70
     0
102
RTVSPropertyOp45
 70
     0
102
RTVSPropertyOp46
 70
     0
102
RTVSPropertyOp47
 70
     0
102
RTVSPropertyOp48
 70
     0
102
RTVSPropertyOp49
 70
     0
102
RTVSPropertyOp50
 70
     0
102
RTVSPropertyOp51
 70
     0
102
RTVSPropertyOp52
 70
     0
102
RTVSPropertyOp53
 70
     0
102
RTVSPropertyOp54
 70
     0
102
RTVSPropertyOp55
 70
     0
102
RTVSPropertyOp56
 70
     0
102
RTVSPropertyOp57
 70
     0
102
RTVSPost2010Prop28
280
     0
102
RTVSPost2010PropOp28
 70
     0
102
RTVSPost2010Prop29
280
     1
102
RTVSPost2010PropOp29
 70
     0
102
RTVSPost2010Prop30
280
     1
102
RTVSPost2010PropOp30
 70
     0
102
RTVSPost2010Prop31
280
     0
102
RTVSPost2010PropOp31
 70
     0
102
RTVSPost2010Prop32
280
     0
102
RTVSPost2010PropOp32
 70
     0
102
RTVSPost2010Prop33
280
     0
102
RTVSPost2010PropOp33
 70
     0
102
RTVSPost2010Prop34
280
     0
102
RTVSPost2010PropOp34
 70
     0
102
RTVSPost2010Prop35
280
     0
102
RTVSPost2010PropOp35
 70
     0
102
RTVSPost2010Prop36
280
     0
102
RTVSPost2010PropOp36
 70
     0
102
RTVSPost2010Prop37
 90
       50
102
RTVSPost2010PropOp37
 70
     0
102
RTVSPost2010Prop38
140
0.0
102
RTVSPost2010PropOp38
 70
     0
102
RTVSPost2010Prop39
140
1.0
102
RTVSPost2010PropOp39
 70
     0
102
RTVSPost2010Prop40
 90
        0
102
RTVSPost2010PropOp40
 70
     0
102
RTVSPost2010Prop41ColorIndex
 90
       18
102
RTVSPost2010Prop41ColorRGB
 90
        0
102
RTVSPost2010PropOp41
 70
     0
102
RTVSPost2010Prop42
 90
       50
102
RTVSPost2010PropOp42
 70
     0
102
RTVSPost2010Prop43
 90
        3
102
RTVSPost2010PropOp43
 70
     0
102
RTVSPost2010Prop44ColorIndex
 90
        5
102
RTVSPost2010Prop44ColorRGB
 90
      255
102
RTVSPost2010PropOp44
 70
     0
102
RTVSPost2010Prop45
280
     0
102
RTVSPost2010PropOp45
 70
     0
102
RTVSPost2010Prop46
 90
       50
102
RTVSPost2010PropOp46
 70
     0
102
RTVSPost2010Prop47
 90
       50
102
RTVSPost2010PropOp47
 70
     0
102
RTVSPost2010Prop48
 90
       50
102
RTVSPost2010PropOp48
 70
     0
102
RTVSPost2010Prop49
280
     0
102
RTVSPost2010PropOp49
 70
     0
102
RTVSPost2010Prop50
 90
       50
102
RTVSPost2010PropOp50
 70
     0
102
RTVSPost2010Prop51ColorIndex
 90
      256
102
RTVSPost2010Prop51ColorRGB
 90
-16777216
102
RTVSPost2010PropOp51
 70
     0
102
RTVSPost2010Prop52
140
1.0
102
RTVSPost2010PropOp52
 70
     0
102
RTVSPost2010Prop53
 90
        2
102
RTVSPost2010PropOp53
 70
     0
102
RTVSPost2010Prop54
  1
strokes_ogs.tif
102
RTVSPost2010PropOp54
 70
     0
102
RTVSPost2010Prop55
280
     0
102
RTVSPost2010PropOp55
 70
     0
102
RTVSPost2010Prop56
140
1.0
102
RTVSPost2010PropOp56
 70
     0
102
RTVSPost2010Prop57
140
1.0
102
RTVSPost2010PropOp57
 70
     0
  0
XRECORD
  5
8AC
102
{ACAD_REACTORS
330
8AB
102
}
330
8AB
100
AcDbXrecord
280
     1
102
RTVSPropertyOp0
 70
     1
102
RTVSPropertyOp1
 70
     1
102
RTVSPropertyOp2
 70
     1
102
RTVSPropertyOp3
 70
     1
102
RTVSPropertyOp4
 70
     1
102
RTVSPropertyOp5
 70
     1
102
RTVSPropertyOp6
 70
     1
102
RTVSPropertyOp7
 70
     1
102
RTVSPropertyOp8
 70
     1
102
RTVSPropertyOp9
 70
     1
102
RTVSPropertyOp10
 70
     1
102
RTVSPropertyOp11
 70
     1
102
RTVSPropertyOp12
 70
     1
102
RTVSPropertyOp13
 70
     1
102
RTVSPropertyOp14
 70
     1
102
RTVSPropertyOp15
 70
     1
102
RTVSPropertyOp16
 70
     1
102
RTVSPropertyOp17
 70
     1
102
RTVSPropertyOp18
 70
     1
102
RTVSPropertyOp19
 70
     1
102
RTVSPropertyOp20
 70
     1
102
RTVSPropertyOp21
 70
     1
102
RTVSPropertyOp22
 70
     1
102
RTVSPropertyOp23
 70
     1
102
RTVSPropertyOp24
 70
     1
102
RTVSPropertyOp25
 70
     1
102
RTVSPropertyOp26
 70
     1
102
RTVSPropertyOp27
 70
     1
102
RTVSPropertyOp28
 70
     1
102
RTVSPropertyOp29
 70
     1
102
RTVSPropertyOp30
 70
     1
102
RTVSPropertyOp31
 70
     1
102
RTVSPropertyOp32
 70
     1
102
RTVSPropertyOp33
 70
     1
102
RTVSPropertyOp34
 70
     1
102
RTVSPropertyOp35
 70
     1
102
RTVSPropertyOp36
 70
     1
102
RTVSPropertyOp37
 70
     1
102
RTVSPropertyOp38
 70
     1
102
RTVSPropertyOp39
 70
     1
102
RTVSPropertyOp40
 70
     1
102
RTVSPropertyOp41
 70
     1
102
RTVSPropertyOp42
 70
     1
102
RTVSPropertyOp43
 70
     1
102
RTVSPropertyOp44
 70
     1
102
RTVSPropertyOp45
 70
     1
102
RTVSPropertyOp46
 70
     1
102
RTVSPropertyOp47
 70
     1
102
RTVSPropertyOp48
 70
     1
102
RTVSPropertyOp49
 70
     1
102
RTVSPropertyOp50
 70
     1
102
RTVSPropertyOp51
 70
     0
102
RTVSPropertyOp52
 70
     0
102
RTVSPropertyOp53
 70
     1
102
RTVSPropertyOp54
 70
     1
102
RTVSPropertyOp55
 70
     1
102
RTVSPropertyOp56
 70
     1
102
RTVSPropertyOp57
 70
     1
102
RTVSPost2010Prop28
280
     0
102
RTVSPost2010PropOp28
 70
     1
102
RTVSPost2010Prop29
280
     1
102
RTVSPost2010PropOp29
 70
     1
102
RTVSPost2010Prop30
280
     1
102
RTVSPost2010PropOp30
 70
     1
102
RTVSPost2010Prop31
280
     0
102
RTVSPost2010PropOp31
 70
     1
102
RTVSPost2010Prop32
280
     0
102
RTVSPost2010PropOp32
 70
     1
102
RTVSPost2010Prop33
280
     0
102
RTVSPost2010PropOp33
 70
     1
102
RTVSPost2010Prop34
280
     0
102
RTVSPost2010PropOp34
 70
     1
102
RTVSPost2010Prop35
280
     0
102
RTVSPost2010PropOp35
 70
     1
102
RTVSPost2010Prop36
280
     0
102
RTVSPost2010PropOp36
 70
     1
102
RTVSPost2010Prop37
 90
       50
102
RTVSPost2010PropOp37
 70
     1
102
RTVSPost2010Prop38
140
0.0
102
RTVSPost2010PropOp38
 70
     1
102
RTVSPost2010Prop39
140
1.0
102
RTVSPost2010PropOp39
 70
     1
102
RTVSPost2010Prop40
 90
        0
102
RTVSPost2010PropOp40
 70
     1
102
RTVSPost2010Prop41ColorIndex
 90
       18
102
RTVSPost2010Prop41ColorRGB
 90
        0
102
RTVSPost2010PropOp41
 70
     1
102
RTVSPost2010Prop42
 90
       50
102
RTVSPost2010PropOp42
 70
     1
102
RTVSPost2010Prop43
 90
        3
102
RTVSPost2010PropOp43
 70
     1
102
RTVSPost2010Prop44ColorIndex
 90
        5
102
RTVSPost2010Prop44ColorRGB
 90
      255
102
RTVSPost2010PropOp44
 70
     1
102
RTVSPost2010Prop45
280
     0
102
RTVSPost2010PropOp45
 70
     1
102
RTVSPost2010Prop46
 90
       50
102
RTVSPost2010PropOp46
 70
     1
102
RTVSPost2010Prop47
 90
       50
102
RTVSPost2010PropOp47
 70
     1
102
RTVSPost2010Prop48
 90
       50
102
RTVSPost2010PropOp48
 70
     1
102
RTVSPost2010Prop49
280
     0
102
RTVSPost2010PropOp49
 70
     1
102
RTVSPost2010Prop50
 90
       50
102
RTVSPost2010PropOp50
 70
     1
102
RTVSPost2010Prop51ColorIndex
 90
      256
102
RTVSPost2010Prop51ColorRGB
 90
-16777216
102
RTVSPost2010PropOp51
 70
     0
102
RTVSPost2010Prop52
140
1.0
102
RTVSPost2010PropOp52
 70
     0
102
RTVSPost2010Prop53
 90
        2
102
RTVSPost2010PropOp53
 70
     1
102
RTVSPost2010Prop54
  1
strokes_ogs.tif
102
RTVSPost2010PropOp54
 70
     1
102
RTVSPost2010Prop55
280
     0
102
RTVSPost2010PropOp55
 70
     1
102
RTVSPost2010Prop56
140
1.0
102
RTVSPost2010PropOp56
 70
     1
102
RTVSPost2010Prop57
140
1.0
102
RTVSPost2010PropOp57
 70
     1
  0
XRECORD
  5
8B4
102
{ACAD_REACTORS
330
8B3
102
}
330
8B3
100
AcDbXrecord
280
     1
102
RTVSPropertyOp0
 70
     0
102
RTVSPropertyOp1
 70
     0
102
RTVSPropertyOp2
 70
     0
102
RTVSPropertyOp3
 70
     0
102
RTVSPropertyOp4
 70
     0
102
RTVSPropertyOp5
 70
     0
102
RTVSPropertyOp6
 70
     0
102
RTVSPropertyOp7
 70
     0
102
RTVSPropertyOp8
 70
     0
102
RTVSPropertyOp9
 70
     0
102
RTVSPropertyOp10
 70
     0
102
RTVSPropertyOp11
 70
     0
102
RTVSPropertyOp12
 70
     0
102
RTVSPropertyOp13
 70
     0
102
RTVSPropertyOp14
 70
     2
102
RTVSPropertyOp15
 70
     0
102
RTVSPropertyOp16
 70
     0
102
RTVSPropertyOp17
 70
     0
102
RTVSPropertyOp18
 70
     0
102
RTVSPropertyOp19
 70
     0
102
RTVSPropertyOp20
 70
     0
102
RTVSPropertyOp21
 70
     0
102
RTVSPropertyOp22
 70
     0
102
RTVSPropertyOp23
 70
     0
102
RTVSPropertyOp24
 70
     0
102
RTVSPropertyOp25
 70
     0
102
RTVSPropertyOp26
 70
     0
102
RTVSPropertyOp27
 70
     0
102
RTVSPropertyOp28
 70
     0
102
RTVSPropertyOp29
 70
     0
102
RTVSPropertyOp30
 70
     0
102
RTVSPropertyOp31
 70
     0
102
RTVSPropertyOp32
 70
     0
102
RTVSPropertyOp33
 70
     0
102
RTVSPropertyOp34
 70
     0
102
RTVSPropertyOp35
 70
     0
102
RTVSPropertyOp36
 70
     0
102
RTVSPropertyOp37
 70
     0
102
RTVSPropertyOp38
 70
     0
102
RTVSPropertyOp39
 70
     0
102
RTVSPropertyOp40
 70
     0
102
RTVSPropertyOp41
 70
     0
102
RTVSPropertyOp42
 70
     0
102
RTVSPropertyOp43
 70
     0
102
RTVSPropertyOp44
 70
     0
102
RTVSPropertyOp45
 70
     0
102
RTVSPropertyOp46
 70
     0
102
RTVSPropertyOp47
 70
     0
102
RTVSPropertyOp48
 70
     0
102
RTVSPropertyOp49
 70
     0
102
RTVSPropertyOp50
 70
     0
102
RTVSPropertyOp51
 70
     0
102
RTVSPropertyOp52
 70
     0
102
RTVSPropertyOp53
 70
     0
102
RTVSPropertyOp54
 70
     0
102
RTVSPropertyOp55
 70
     0
102
RTVSPropertyOp56
 70
     0
102
RTVSPropertyOp57
 70
     0
102
RTVSPost2010Prop28
280
     0
102
RTVSPost2010PropOp28
 70
     0
102
RTVSPost2010Prop29
280
     1
102
RTVSPost2010PropOp29
 70
     0
102
RTVSPost2010Prop30
280
     1
102
RTVSPost2010PropOp30
 70
     0
102
RTVSPost2010Prop31
280
     0
102
RTVSPost2010PropOp31
 70
     0
102
RTVSPost2010Prop32
280
     0
102
RTVSPost2010PropOp32
 70
     0
102
RTVSPost2010Prop33
280
     0
102
RTVSPost2010PropOp33
 70
     0
102
RTVSPost2010Prop34
280
     0
102
RTVSPost2010PropOp34
 70
     0
102
RTVSPost2010Prop35
280
     0
102
RTVSPost2010PropOp35
 70
     0
102
RTVSPost2010Prop36
280
     0
102
RTVSPost2010PropOp36
 70
     0
102
RTVSPost2010Prop37
 90
       50
102
RTVSPost2010PropOp37
 70
     0
102
RTVSPost2010Prop38
140
0.0
102
RTVSPost2010PropOp38
 70
     0
102
RTVSPost2010Prop39
140
1.0
102
RTVSPost2010PropOp39
 70
     0
102
RTVSPost2010Prop40
 90
        0
102
RTVSPost2010PropOp40
 70
     0
102
RTVSPost2010Prop41ColorIndex
 90
       18
102
RTVSPost2010Prop41ColorRGB
 90
        0
102
RTVSPost2010PropOp41
 70
     0
102
RTVSPost2010Prop42
 90
       50
102
RTVSPost2010PropOp42
 70
     0
102
RTVSPost2010Prop43
 90
        3
102
RTVSPost2010PropOp43
 70
     0
102
RTVSPost2010Prop44ColorIndex
 90
        5
102
RTVSPost2010Prop44ColorRGB
 90
      255
102
RTVSPost2010PropOp44
 70
     0
102
RTVSPost2010Prop45
280
     0
102
RTVSPost2010PropOp45
 70
     0
102
RTVSPost2010Prop46
 90
       50
102
RTVSPost2010PropOp46
 70
     0
102
RTVSPost2010Prop47
 90
       50
102
RTVSPost2010PropOp47
 70
     0
102
RTVSPost2010Prop48
 90
       50
102
RTVSPost2010PropOp48
 70
     0
102
RTVSPost2010Prop49
280
     0
102
RTVSPost2010PropOp49
 70
     0
102
RTVSPost2010Prop50
 90
       50
102
RTVSPost2010PropOp50
 70
     0
102
RTVSPost2010Prop51ColorIndex
 90
      256
102
RTVSPost2010Prop51ColorRGB
 90
-16777216
102
RTVSPost2010PropOp51
 70
     0
102
RTVSPost2010Prop52
140
1.0
102
RTVSPost2010PropOp52
 70
     0
102
RTVSPost2010Prop53
 90
        2
102
RTVSPost2010PropOp53
 70
     0
102
RTVSPost2010Prop54
  1
strokes_ogs.tif
102
RTVSPost2010PropOp54
 70
     0
102
RTVSPost2010Prop55
280
     0
102
RTVSPost2010PropOp55
 70
     0
102
RTVSPost2010Prop56
140
1.0
102
RTVSPost2010PropOp56
 70
     0
102
RTVSPost2010Prop57
140
1.0
102
RTVSPost2010PropOp57
 70
     0
  0
XRECORD
  5
8A2
102
{ACAD_REACTORS
330
8A1
102
}
330
8A1
100
AcDbXrecord
280
     1
102
RTVSPropertyOp0
 70
     1
102
RTVSPropertyOp1
 70
     1
102
RTVSPropertyOp2
 70
     1
102
RTVSPropertyOp3
 70
     1
102
RTVSPropertyOp4
 70
     1
102
RTVSPropertyOp5
 70
     1
102
RTVSPropertyOp6
 70
     1
102
RTVSPropertyOp7
 70
     1
102
RTVSPropertyOp8
 70
     1
102
RTVSPropertyOp9
 70
     1
102
RTVSPropertyOp10
 70
     1
102
RTVSPropertyOp11
 70
     1
102
RTVSPropertyOp12
 70
     1
102
RTVSPropertyOp13
 70
     1
102
RTVSPropertyOp14
 70
     1
102
RTVSPropertyOp15
 70
     1
102
RTVSPropertyOp16
 70
     1
102
RTVSPropertyOp17
 70
     1
102
RTVSPropertyOp18
 70
     1
102
RTVSPropertyOp19
 70
     1
102
RTVSPropertyOp20
 70
     1
102
RTVSPropertyOp21
 70
     1
102
RTVSPropertyOp22
 70
     1
102
RTVSPropertyOp23
 70
     1
102
RTVSPropertyOp24
 70
     1
102
RTVSPropertyOp25
 70
     1
102
RTVSPropertyOp26
 70
     1
102
RTVSPropertyOp27
 70
     1
102
RTVSPropertyOp28
 70
     1
102
RTVSPropertyOp29
 70
     1
102
RTVSPropertyOp30
 70
     1
102
RTVSPropertyOp31
 70
     1
102
RTVSPropertyOp32
 70
     1
102
RTVSPropertyOp33
 70
     1
102
RTVSPropertyOp34
 70
     1
102
RTVSPropertyOp35
 70
     1
102
RTVSPropertyOp36
 70
     1
102
RTVSPropertyOp37
 70
     1
102
RTVSPropertyOp38
 70
     1
102
RTVSPropertyOp39
 70
     1
102
RTVSPropertyOp40
 70
     1
102
RTVSPropertyOp41
 70
     1
102
RTVSPropertyOp42
 70
     1
102
RTVSPropertyOp43
 70
     1
102
RTVSPropertyOp44
 70
     1
102
RTVSPropertyOp45
 70
     1
102
RTVSPropertyOp46
 70
     1
102
RTVSPropertyOp47
 70
     1
102
RTVSPropertyOp48
 70
     1
102
RTVSPropertyOp49
 70
     1
102
RTVSPropertyOp50
 70
     1
102
RTVSPropertyOp51
 70
     0
102
RTVSPropertyOp52
 70
     0
102
RTVSPropertyOp53
 70
     1
102
RTVSPropertyOp54
 70
     1
102
RTVSPropertyOp55
 70
     1
102
RTVSPropertyOp56
 70
     1
102
RTVSPropertyOp57
 70
     1
102
RTVSPost2010Prop28
280
     0
102
RTVSPost2010PropOp28
 70
     1
102
RTVSPost2010Prop29
280
     1
102
RTVSPost2010PropOp29
 70
     1
102
RTVSPost2010Prop30
280
     1
102
RTVSPost2010PropOp30
 70
     1
102
RTVSPost2010Prop31
280
     0
102
RTVSPost2010PropOp31
 70
     1
102
RTVSPost2010Prop32
280
     0
102
RTVSPost2010PropOp32
 70
     1
102
RTVSPost2010Prop33
280
     0
102
RTVSPost2010PropOp33
 70
     1
102
RTVSPost2010Prop34
280
     0
102
RTVSPost2010PropOp34
 70
     1
102
RTVSPost2010Prop35
280
     0
102
RTVSPost2010PropOp35
 70
     1
102
RTVSPost2010Prop36
280
     0
102
RTVSPost2010PropOp36
 70
     1
102
RTVSPost2010Prop37
 90
       50
102
RTVSPost2010PropOp37
 70
     1
102
RTVSPost2010Prop38
140
0.0
102
RTVSPost2010PropOp38
 70
     1
102
RTVSPost2010Prop39
140
1.0
102
RTVSPost2010PropOp39
 70
     1
102
RTVSPost2010Prop40
 90
        0
102
RTVSPost2010PropOp40
 70
     1
102
RTVSPost2010Prop41ColorIndex
 90
       18
102
RTVSPost2010Prop41ColorRGB
 90
        0
102
RTVSPost2010PropOp41
 70
     1
102
RTVSPost2010Prop42
 90
       50
102
RTVSPost2010PropOp42
 70
     1
102
RTVSPost2010Prop43
 90
        3
102
RTVSPost2010PropOp43
 70
     1
102
RTVSPost2010Prop44ColorIndex
 90
        5
102
RTVSPost2010Prop44ColorRGB
 90
      255
102
RTVSPost2010PropOp44
 70
     1
102
RTVSPost2010Prop45
280
     0
102
RTVSPost2010PropOp45
 70
     1
102
RTVSPost2010Prop46
 90
       50
102
RTVSPost2010PropOp46
 70
     1
102
RTVSPost2010Prop47
 90
       50
102
RTVSPost2010PropOp47
 70
     1
102
RTVSPost2010Prop48
 90
       50
102
RTVSPost2010PropOp48
 70
     1
102
RTVSPost2010Prop49
280
     0
102
RTVSPost2010PropOp49
 70
     1
102
RTVSPost2010Prop50
 90
       50
102
RTVSPost2010PropOp50
 70
     1
102
RTVSPost2010Prop51ColorIndex
 90
      256
102
RTVSPost2010Prop51ColorRGB
 90
-16777216
102
RTVSPost2010PropOp51
 70
     0
102
RTVSPost2010Prop52
140
1.0
102
RTVSPost2010PropOp52
 70
     0
102
RTVSPost2010Prop53
 90
        2
102
RTVSPost2010PropOp53
 70
     1
102
RTVSPost2010Prop54
  1
strokes_ogs.tif
102
RTVSPost2010PropOp54
 70
     1
102
RTVSPost2010Prop55
280
     0
102
RTVSPost2010PropOp55
 70
     1
102
RTVSPost2010Prop56
140
1.0
102
RTVSPost2010PropOp56
 70
     1
102
RTVSPost2010Prop57
140
1.0
102
RTVSPost2010PropOp57
 70
     1
  0
XRECORD
  5
8C0
102
{ACAD_REACTORS
330
8BF
102
}
330
8BF
100
AcDbXrecord
280
     1
102
RTVSPropertyOp0
 70
     1
102
RTVSPropertyOp1
 70
     1
102
RTVSPropertyOp2
 70
     1
102
RTVSPropertyOp3
 70
     1
102
RTVSPropertyOp4
 70
     1
102
RTVSPropertyOp5
 70
     1
102
RTVSPropertyOp6
 70
     1
102
RTVSPropertyOp7
 70
     1
102
RTVSPropertyOp8
 70
     1
102
RTVSPropertyOp9
 70
     1
102
RTVSPropertyOp10
 70
     1
102
RTVSPropertyOp11
 70
     1
102
RTVSPropertyOp12
 70
     1
102
RTVSPropertyOp13
 70
     1
102
RTVSPropertyOp14
 70
     1
102
RTVSPropertyOp15
 70
     1
102
RTVSPropertyOp16
 70
     1
102
RTVSPropertyOp17
 70
     1
102
RTVSPropertyOp18
 70
     1
102
RTVSPropertyOp19
 70
     1
102
RTVSPropertyOp20
 70
     1
102
RTVSPropertyOp21
 70
     1
102
RTVSPropertyOp22
 70
     1
102
RTVSPropertyOp23
 70
     1
102
RTVSPropertyOp24
 70
     1
102
RTVSPropertyOp25
 70
     1
102
RTVSPropertyOp26
 70
     1
102
RTVSPropertyOp27
 70
     1
102
RTVSPropertyOp28
 70
     1
102
RTVSPropertyOp29
 70
     1
102
RTVSPropertyOp30
 70
     1
102
RTVSPropertyOp31
 70
     1
102
RTVSPropertyOp32
 70
     1
102
RTVSPropertyOp33
 70
     1
102
RTVSPropertyOp34
 70
     1
102
RTVSPropertyOp35
 70
     1
102
RTVSPropertyOp36
 70
     1
102
RTVSPropertyOp37
 70
     1
102
RTVSPropertyOp38
 70
     1
102
RTVSPropertyOp39
 70
     1
102
RTVSPropertyOp40
 70
     1
102
RTVSPropertyOp41
 70
     1
102
RTVSPropertyOp42
 70
     1
102
RTVSPropertyOp43
 70
     1
102
RTVSPropertyOp44
 70
     1
102
RTVSPropertyOp45
 70
     1
102
RTVSPropertyOp46
 70
     1
102
RTVSPropertyOp47
 70
     1
102
RTVSPropertyOp48
 70
     1
102
RTVSPropertyOp49
 70
     1
102
RTVSPropertyOp50
 70
     1
102
RTVSPropertyOp51
 70
     0
102
RTVSPropertyOp52
 70
     0
102
RTVSPropertyOp53
 70
     1
102
RTVSPropertyOp54
 70
     1
102
RTVSPropertyOp55
 70
     1
102
RTVSPropertyOp56
 70
     1
102
RTVSPropertyOp57
 70
     1
102
RTVSPost2010Prop28
280
     0
102
RTVSPost2010PropOp28
 70
     1
102
RTVSPost2010Prop29
280
     1
102
RTVSPost2010PropOp29
 70
     1
102
RTVSPost2010Prop30
280
     1
102
RTVSPost2010PropOp30
 70
     1
102
RTVSPost2010Prop31
280
     0
102
RTVSPost2010PropOp31
 70
     1
102
RTVSPost2010Prop32
280
     0
102
RTVSPost2010PropOp32
 70
     1
102
RTVSPost2010Prop33
280
     0
102
RTVSPost2010PropOp33
 70
     1
102
RTVSPost2010Prop34
280
     0
102
RTVSPost2010PropOp34
 70
     1
102
RTVSPost2010Prop35
280
     0
102
RTVSPost2010PropOp35
 70
     1
102
RTVSPost2010Prop36
280
     0
102
RTVSPost2010PropOp36
 70
     1
102
RTVSPost2010Prop37
 90
       50
102
RTVSPost2010PropOp37
 70
     1
102
RTVSPost2010Prop38
140
0.0
102
RTVSPost2010PropOp38
 70
     1
102
RTVSPost2010Prop39
140
1.0
102
RTVSPost2010PropOp39
 70
     1
102
RTVSPost2010Prop40
 90
        0
102
RTVSPost2010PropOp40
 70
     1
102
RTVSPost2010Prop41ColorIndex
 90
       18
102
RTVSPost2010Prop41ColorRGB
 90
        0
102
RTVSPost2010PropOp41
 70
     1
102
RTVSPost2010Prop42
 90
       50
102
RTVSPost2010PropOp42
 70
     1
102
RTVSPost2010Prop43
 90
        3
102
RTVSPost2010PropOp43
 70
     1
102
RTVSPost2010Prop44ColorIndex
 90
        5
102
RTVSPost2010Prop44ColorRGB
 90
      255
102
RTVSPost2010PropOp44
 70
     1
102
RTVSPost2010Prop45
280
     0
102
RTVSPost2010PropOp45
 70
     1
102
RTVSPost2010Prop46
 90
       50
102
RTVSPost2010PropOp46
 70
     1
102
RTVSPost2010Prop47
 90
       50
102
RTVSPost2010PropOp47
 70
     1
102
RTVSPost2010Prop48
 90
       50
102
RTVSPost2010PropOp48
 70
     1
102
RTVSPost2010Prop49
280
     0
102
RTVSPost2010PropOp49
 70
     1
102
RTVSPost2010Prop50
 90
       50
102
RTVSPost2010PropOp50
 70
     1
102
RTVSPost2010Prop51ColorIndex
 90
      256
102
RTVSPost2010Prop51ColorRGB
 90
-16777216
102
RTVSPost2010PropOp51
 70
     0
102
RTVSPost2010Prop52
140
1.0
102
RTVSPost2010PropOp52
 70
     0
102
RTVSPost2010Prop53
 90
        2
102
RTVSPost2010PropOp53
 70
     1
102
RTVSPost2010Prop54
  1
strokes_ogs.tif
102
RTVSPost2010PropOp54
 70
     1
102
RTVSPost2010Prop55
280
     0
102
RTVSPost2010PropOp55
 70
     1
102
RTVSPost2010Prop56
140
1.0
102
RTVSPost2010PropOp56
 70
     1
102
RTVSPost2010Prop57
140
1.0
102
RTVSPost2010PropOp57
 70
     1
  0
XRECORD
  5
8BE
102
{ACAD_REACTORS
330
8BD
102
}
330
8BD
100
AcDbXrecord
280
     1
102
RTVSPropertyOp0
 70
     1
102
RTVSPropertyOp1
 70
     1
102
RTVSPropertyOp2
 70
     1
102
RTVSPropertyOp3
 70
     1
102
RTVSPropertyOp4
 70
     1
102
RTVSPropertyOp5
 70
     1
102
RTVSPropertyOp6
 70
     1
102
RTVSPropertyOp7
 70
     1
102
RTVSPropertyOp8
 70
     1
102
RTVSPropertyOp9
 70
     1
102
RTVSPropertyOp10
 70
     1
102
RTVSPropertyOp11
 70
     1
102
RTVSPropertyOp12
 70
     1
102
RTVSPropertyOp13
 70
     1
102
RTVSPropertyOp14
 70
     1
102
RTVSPropertyOp15
 70
     1
102
RTVSPropertyOp16
 70
     1
102
RTVSPropertyOp17
 70
     1
102
RTVSPropertyOp18
 70
     1
102
RTVSPropertyOp19
 70
     1
102
RTVSPropertyOp20
 70
     1
102
RTVSPropertyOp21
 70
     1
102
RTVSPropertyOp22
 70
     1
102
RTVSPropertyOp23
 70
     1
102
RTVSPropertyOp24
 70
     1
102
RTVSPropertyOp25
 70
     1
102
RTVSPropertyOp26
 70
     1
102
RTVSPropertyOp27
 70
     1
102
RTVSPropertyOp28
 70
     1
102
RTVSPropertyOp29
 70
     1
102
RTVSPropertyOp30
 70
     1
102
RTVSPropertyOp31
 70
     1
102
RTVSPropertyOp32
 70
     1
102
RTVSPropertyOp33
 70
     1
102
RTVSPropertyOp34
 70
     1
102
RTVSPropertyOp35
 70
     1
102
RTVSPropertyOp36
 70
     1
102
RTVSPropertyOp37
 70
     1
102
RTVSPropertyOp38
 70
     1
102
RTVSPropertyOp39
 70
     1
102
RTVSPropertyOp40
 70
     1
102
RTVSPropertyOp41
 70
     1
102
RTVSPropertyOp42
 70
     1
102
RTVSPropertyOp43
 70
     1
102
RTVSPropertyOp44
 70
     1
102
RTVSPropertyOp45
 70
     1
102
RTVSPropertyOp46
 70
     1
102
RTVSPropertyOp47
 70
     1
102
RTVSPropertyOp48
 70
     1
102
RTVSPropertyOp49
 70
     1
102
RTVSPropertyOp50
 70
     1
102
RTVSPropertyOp51
 70
     0
102
RTVSPropertyOp52
 70
     0
102
RTVSPropertyOp53
 70
     1
102
RTVSPropertyOp54
 70
     1
102
RTVSPropertyOp55
 70
     1
102
RTVSPropertyOp56
 70
     1
102
RTVSPropertyOp57
 70
     1
102
RTVSPost2010Prop28
280
     0
102
RTVSPost2010PropOp28
 70
     1
102
RTVSPost2010Prop29
280
     1
102
RTVSPost2010PropOp29
 70
     1
102
RTVSPost2010Prop30
280
     1
102
RTVSPost2010PropOp30
 70
     1
102
RTVSPost2010Prop31
280
     0
102
RTVSPost2010PropOp31
 70
     1
102
RTVSPost2010Prop32
280
     0
102
RTVSPost2010PropOp32
 70
     1
102
RTVSPost2010Prop33
280
     0
102
RTVSPost2010PropOp33
 70
     1
102
RTVSPost2010Prop34
280
     0
102
RTVSPost2010PropOp34
 70
     1
102
RTVSPost2010Prop35
280
     0
102
RTVSPost2010PropOp35
 70
     1
102
RTVSPost2010Prop36
280
     0
102
RTVSPost2010PropOp36
 70
     1
102
RTVSPost2010Prop37
 90
       50
102
RTVSPost2010PropOp37
 70
     1
102
RTVSPost2010Prop38
140
0.0
102
RTVSPost2010PropOp38
 70
     1
102
RTVSPost2010Prop39
140
1.0
102
RTVSPost2010PropOp39
 70
     1
102
RTVSPost2010Prop40
 90
        0
102
RTVSPost2010PropOp40
 70
     1
102
RTVSPost2010Prop41ColorIndex
 90
       18
102
RTVSPost2010Prop41ColorRGB
 90
        0
102
RTVSPost2010PropOp41
 70
     1
102
RTVSPost2010Prop42
 90
       50
102
RTVSPost2010PropOp42
 70
     1
102
RTVSPost2010Prop43
 90
        3
102
RTVSPost2010PropOp43
 70
     1
102
RTVSPost2010Prop44ColorIndex
 90
        5
102
RTVSPost2010Prop44ColorRGB
 90
      255
102
RTVSPost2010PropOp44
 70
     1
102
RTVSPost2010Prop45
280
     0
102
RTVSPost2010PropOp45
 70
     1
102
RTVSPost2010Prop46
 90
       50
102
RTVSPost2010PropOp46
 70
     1
102
RTVSPost2010Prop47
 90
       50
102
RTVSPost2010PropOp47
 70
     1
102
RTVSPost2010Prop48
 90
       50
102
RTVSPost2010PropOp48
 70
     1
102
RTVSPost2010Prop49
280
     0
102
RTVSPost2010PropOp49
 70
     1
102
RTVSPost2010Prop50
 90
       50
102
RTVSPost2010PropOp50
 70
     1
102
RTVSPost2010Prop51ColorIndex
 90
      256
102
RTVSPost2010Prop51ColorRGB
 90
-16777216
102
RTVSPost2010PropOp51
 70
     0
102
RTVSPost2010Prop52
140
1.0
102
RTVSPost2010PropOp52
 70
     0
102
RTVSPost2010Prop53
 90
        2
102
RTVSPost2010PropOp53
 70
     1
102
RTVSPost2010Prop54
  1
strokes_ogs.tif
102
RTVSPost2010PropOp54
 70
     1
102
RTVSPost2010Prop55
280
     0
102
RTVSPost2010PropOp55
 70
     1
102
RTVSPost2010Prop56
140
1.0
102
RTVSPost2010PropOp56
 70
     1
102
RTVSPost2010Prop57
140
1.0
102
RTVSPost2010PropOp57
 70
     1
  0
XRECORD
  5
8B8
102
{ACAD_REACTORS
330
8B7
102
}
330
8B7
100
AcDbXrecord
280
     1
102
RTVSPropertyOp0
 70
     1
102
RTVSPropertyOp1
 70
     1
102
RTVSPropertyOp2
 70
     1
102
RTVSPropertyOp3
 70
     1
102
RTVSPropertyOp4
 70
     1
102
RTVSPropertyOp5
 70
     1
102
RTVSPropertyOp6
 70
     1
102
RTVSPropertyOp7
 70
     1
102
RTVSPropertyOp8
 70
     1
102
RTVSPropertyOp9
 70
     1
102
RTVSPropertyOp10
 70
     1
102
RTVSPropertyOp11
 70
     1
102
RTVSPropertyOp12
 70
     1
102
RTVSPropertyOp13
 70
     1
102
RTVSPropertyOp14
 70
     1
102
RTVSPropertyOp15
 70
     1
102
RTVSPropertyOp16
 70
     1
102
RTVSPropertyOp17
 70
     1
102
RTVSPropertyOp18
 70
     1
102
RTVSPropertyOp19
 70
     1
102
RTVSPropertyOp20
 70
     1
102
RTVSPropertyOp21
 70
     1
102
RTVSPropertyOp22
 70
     1
102
RTVSPropertyOp23
 70
     1
102
RTVSPropertyOp24
 70
     1
102
RTVSPropertyOp25
 70
     1
102
RTVSPropertyOp26
 70
     1
102
RTVSPropertyOp27
 70
     1
102
RTVSPropertyOp28
 70
     1
102
RTVSPropertyOp29
 70
     1
102
RTVSPropertyOp30
 70
     1
102
RTVSPropertyOp31
 70
     1
102
RTVSPropertyOp32
 70
     1
102
RTVSPropertyOp33
 70
     1
102
RTVSPropertyOp34
 70
     1
102
RTVSPropertyOp35
 70
     1
102
RTVSPropertyOp36
 70
     1
102
RTVSPropertyOp37
 70
     1
102
RTVSPropertyOp38
 70
     1
102
RTVSPropertyOp39
 70
     1
102
RTVSPropertyOp40
 70
     1
102
RTVSPropertyOp41
 70
     1
102
RTVSPropertyOp42
 70
     1
102
RTVSPropertyOp43
 70
     1
102
RTVSPropertyOp44
 70
     1
102
RTVSPropertyOp45
 70
     1
102
RTVSPropertyOp46
 70
     1
102
RTVSPropertyOp47
 70
     1
102
RTVSPropertyOp48
 70
     1
102
RTVSPropertyOp49
 70
     1
102
RTVSPropertyOp50
 70
     1
102
RTVSPropertyOp51
 70
     0
102
RTVSPropertyOp52
 70
     0
102
RTVSPropertyOp53
 70
     1
102
RTVSPropertyOp54
 70
     1
102
RTVSPropertyOp55
 70
     1
102
RTVSPropertyOp56
 70
     1
102
RTVSPropertyOp57
 70
     1
102
RTVSPost2010Prop28
280
     0
102
RTVSPost2010PropOp28
 70
     1
102
RTVSPost2010Prop29
280
     1
102
RTVSPost2010PropOp29
 70
     1
102
RTVSPost2010Prop30
280
     1
102
RTVSPost2010PropOp30
 70
     1
102
RTVSPost2010Prop31
280
     0
102
RTVSPost2010PropOp31
 70
     1
102
RTVSPost2010Prop32
280
     0
102
RTVSPost2010PropOp32
 70
     1
102
RTVSPost2010Prop33
280
     0
102
RTVSPost2010PropOp33
 70
     1
102
RTVSPost2010Prop34
280
     0
102
RTVSPost2010PropOp34
 70
     1
102
RTVSPost2010Prop35
280
     0
102
RTVSPost2010PropOp35
 70
     1
102
RTVSPost2010Prop36
280
     0
102
RTVSPost2010PropOp36
 70
     1
102
RTVSPost2010Prop37
 90
       50
102
RTVSPost2010PropOp37
 70
     1
102
RTVSPost2010Prop38
140
0.0
102
RTVSPost2010PropOp38
 70
     1
102
RTVSPost2010Prop39
140
1.0
102
RTVSPost2010PropOp39
 70
     1
102
RTVSPost2010Prop40
 90
        0
102
RTVSPost2010PropOp40
 70
     1
102
RTVSPost2010Prop41ColorIndex
 90
       18
102
RTVSPost2010Prop41ColorRGB
 90
        0
102
RTVSPost2010PropOp41
 70
     1
102
RTVSPost2010Prop42
 90
       50
102
RTVSPost2010PropOp42
 70
     1
102
RTVSPost2010Prop43
 90
        3
102
RTVSPost2010PropOp43
 70
     1
102
RTVSPost2010Prop44ColorIndex
 90
        5
102
RTVSPost2010Prop44ColorRGB
 90
      255
102
RTVSPost2010PropOp44
 70
     1
102
RTVSPost2010Prop45
280
     0
102
RTVSPost2010PropOp45
 70
     1
102
RTVSPost2010Prop46
 90
       50
102
RTVSPost2010PropOp46
 70
     1
102
RTVSPost2010Prop47
 90
       50
102
RTVSPost2010PropOp47
 70
     1
102
RTVSPost2010Prop48
 90
       50
102
RTVSPost2010PropOp48
 70
     1
102
RTVSPost2010Prop49
280
     0
102
RTVSPost2010PropOp49
 70
     1
102
RTVSPost2010Prop50
 90
       50
102
RTVSPost2010PropOp50
 70
     1
102
RTVSPost2010Prop51ColorIndex
 90
      256
102
RTVSPost2010Prop51ColorRGB
 90
-16777216
102
RTVSPost2010PropOp51
 70
     0
102
RTVSPost2010Prop52
140
1.0
102
RTVSPost2010PropOp52
 70
     0
102
RTVSPost2010Prop53
 90
        2
102
RTVSPost2010PropOp53
 70
     1
102
RTVSPost2010Prop54
  1
strokes_ogs.tif
102
RTVSPost2010PropOp54
 70
     1
102
RTVSPost2010Prop55
280
     0
102
RTVSPost2010PropOp55
 70
     1
102
RTVSPost2010Prop56
140
1.0
102
RTVSPost2010PropOp56
 70
     1
102
RTVSPost2010Prop57
140
1.0
102
RTVSPost2010PropOp57
 70
     1
  0
XRECORD
  5
8BA
102
{ACAD_REACTORS
330
8B9
102
}
330
8B9
100
AcDbXrecord
280
     1
102
RTVSPropertyOp0
 70
     1
102
RTVSPropertyOp1
 70
     1
102
RTVSPropertyOp2
 70
     1
102
RTVSPropertyOp3
 70
     1
102
RTVSPropertyOp4
 70
     1
102
RTVSPropertyOp5
 70
     1
102
RTVSPropertyOp6
 70
     1
102
RTVSPropertyOp7
 70
     1
102
RTVSPropertyOp8
 70
     1
102
RTVSPropertyOp9
 70
     1
102
RTVSPropertyOp10
 70
     1
102
RTVSPropertyOp11
 70
     1
102
RTVSPropertyOp12
 70
     1
102
RTVSPropertyOp13
 70
     1
102
RTVSPropertyOp14
 70
     1
102
RTVSPropertyOp15
 70
     1
102
RTVSPropertyOp16
 70
     1
102
RTVSPropertyOp17
 70
     1
102
RTVSPropertyOp18
 70
     1
102
RTVSPropertyOp19
 70
     1
102
RTVSPropertyOp20
 70
     1
102
RTVSPropertyOp21
 70
     1
102
RTVSPropertyOp22
 70
     1
102
RTVSPropertyOp23
 70
     1
102
RTVSPropertyOp24
 70
     1
102
RTVSPropertyOp25
 70
     1
102
RTVSPropertyOp26
 70
     1
102
RTVSPropertyOp27
 70
     1
102
RTVSPropertyOp28
 70
     1
102
RTVSPropertyOp29
 70
     1
102
RTVSPropertyOp30
 70
     1
102
RTVSPropertyOp31
 70
     1
102
RTVSPropertyOp32
 70
     1
102
RTVSPropertyOp33
 70
     1
102
RTVSPropertyOp34
 70
     1
102
RTVSPropertyOp35
 70
     1
102
RTVSPropertyOp36
 70
     1
102
RTVSPropertyOp37
 70
     1
102
RTVSPropertyOp38
 70
     1
102
RTVSPropertyOp39
 70
     1
102
RTVSPropertyOp40
 70
     1
102
RTVSPropertyOp41
 70
     1
102
RTVSPropertyOp42
 70
     1
102
RTVSPropertyOp43
 70
     1
102
RTVSPropertyOp44
 70
     1
102
RTVSPropertyOp45
 70
     1
102
RTVSPropertyOp46
 70
     1
102
RTVSPropertyOp47
 70
     1
102
RTVSPropertyOp48
 70
     1
102
RTVSPropertyOp49
 70
     1
102
RTVSPropertyOp50
 70
     1
102
RTVSPropertyOp51
 70
     0
102
RTVSPropertyOp52
 70
     0
102
RTVSPropertyOp53
 70
     1
102
RTVSPropertyOp54
 70
     1
102
RTVSPropertyOp55
 70
     1
102
RTVSPropertyOp56
 70
     1
102
RTVSPropertyOp57
 70
     1
102
RTVSPost2010Prop28
280
     0
102
RTVSPost2010PropOp28
 70
     1
102
RTVSPost2010Prop29
280
     1
102
RTVSPost2010PropOp29
 70
     1
102
RTVSPost2010Prop30
280
     1
102
RTVSPost2010PropOp30
 70
     1
102
RTVSPost2010Prop31
280
     0
102
RTVSPost2010PropOp31
 70
     1
102
RTVSPost2010Prop32
280
     0
102
RTVSPost2010PropOp32
 70
     1
102
RTVSPost2010Prop33
280
     0
102
RTVSPost2010PropOp33
 70
     1
102
RTVSPost2010Prop34
280
     0
102
RTVSPost2010PropOp34
 70
     1
102
RTVSPost2010Prop35
280
     0
102
RTVSPost2010PropOp35
 70
     1
102
RTVSPost2010Prop36
280
     0
102
RTVSPost2010PropOp36
 70
     1
102
RTVSPost2010Prop37
 90
       50
102
RTVSPost2010PropOp37
 70
     1
102
RTVSPost2010Prop38
140
0.0
102
RTVSPost2010PropOp38
 70
     1
102
RTVSPost2010Prop39
140
1.0
102
RTVSPost2010PropOp39
 70
     1
102
RTVSPost2010Prop40
 90
        0
102
RTVSPost2010PropOp40
 70
     1
102
RTVSPost2010Prop41ColorIndex
 90
       18
102
RTVSPost2010Prop41ColorRGB
 90
        0
102
RTVSPost2010PropOp41
 70
     1
102
RTVSPost2010Prop42
 90
       50
102
RTVSPost2010PropOp42
 70
     1
102
RTVSPost2010Prop43
 90
        3
102
RTVSPost2010PropOp43
 70
     1
102
RTVSPost2010Prop44ColorIndex
 90
        5
102
RTVSPost2010Prop44ColorRGB
 90
      255
102
RTVSPost2010PropOp44
 70
     1
102
RTVSPost2010Prop45
280
     0
102
RTVSPost2010PropOp45
 70
     1
102
RTVSPost2010Prop46
 90
       50
102
RTVSPost2010PropOp46
 70
     1
102
RTVSPost2010Prop47
 90
       50
102
RTVSPost2010PropOp47
 70
     1
102
RTVSPost2010Prop48
 90
       50
102
RTVSPost2010PropOp48
 70
     1
102
RTVSPost2010Prop49
280
     0
102
RTVSPost2010PropOp49
 70
     1
102
RTVSPost2010Prop50
 90
       50
102
RTVSPost2010PropOp50
 70
     1
102
RTVSPost2010Prop51ColorIndex
 90
      256
102
RTVSPost2010Prop51ColorRGB
 90
-16777216
102
RTVSPost2010PropOp51
 70
     0
102
RTVSPost2010Prop52
140
1.0
102
RTVSPost2010PropOp52
 70
     0
102
RTVSPost2010Prop53
 90
        2
102
RTVSPost2010PropOp53
 70
     1
102
RTVSPost2010Prop54
  1
strokes_ogs.tif
102
RTVSPost2010PropOp54
 70
     1
102
RTVSPost2010Prop55
280
     0
102
RTVSPost2010PropOp55
 70
     1
102
RTVSPost2010Prop56
140
1.0
102
RTVSPost2010PropOp56
 70
     1
102
RTVSPost2010Prop57
140
1.0
102
RTVSPost2010PropOp57
 70
     1
  0
XRECORD
  5
8AA
102
{ACAD_REACTORS
330
8A9
102
}
330
8A9
100
AcDbXrecord
280
     1
102
RTVSPropertyOp0
 70
     1
102
RTVSPropertyOp1
 70
     1
102
RTVSPropertyOp2
 70
     1
102
RTVSPropertyOp3
 70
     1
102
RTVSPropertyOp4
 70
     1
102
RTVSPropertyOp5
 70
     1
102
RTVSPropertyOp6
 70
     1
102
RTVSPropertyOp7
 70
     1
102
RTVSPropertyOp8
 70
     1
102
RTVSPropertyOp9
 70
     1
102
RTVSPropertyOp10
 70
     1
102
RTVSPropertyOp11
 70
     1
102
RTVSPropertyOp12
 70
     1
102
RTVSPropertyOp13
 70
     1
102
RTVSPropertyOp14
 70
     1
102
RTVSPropertyOp15
 70
     1
102
RTVSPropertyOp16
 70
     1
102
RTVSPropertyOp17
 70
     1
102
RTVSPropertyOp18
 70
     1
102
RTVSPropertyOp19
 70
     1
102
RTVSPropertyOp20
 70
     1
102
RTVSPropertyOp21
 70
     1
102
RTVSPropertyOp22
 70
     1
102
RTVSPropertyOp23
 70
     1
102
RTVSPropertyOp24
 70
     1
102
RTVSPropertyOp25
 70
     1
102
RTVSPropertyOp26
 70
     1
102
RTVSPropertyOp27
 70
     1
102
RTVSPropertyOp28
 70
     1
102
RTVSPropertyOp29
 70
     1
102
RTVSPropertyOp30
 70
     1
102
RTVSPropertyOp31
 70
     1
102
RTVSPropertyOp32
 70
     1
102
RTVSPropertyOp33
 70
     1
102
RTVSPropertyOp34
 70
     1
102
RTVSPropertyOp35
 70
     1
102
RTVSPropertyOp36
 70
     1
102
RTVSPropertyOp37
 70
     1
102
RTVSPropertyOp38
 70
     1
102
RTVSPropertyOp39
 70
     1
102
RTVSPropertyOp40
 70
     1
102
RTVSPropertyOp41
 70
     1
102
RTVSPropertyOp42
 70
     1
102
RTVSPropertyOp43
 70
     1
102
RTVSPropertyOp44
 70
     1
102
RTVSPropertyOp45
 70
     1
102
RTVSPropertyOp46
 70
     1
102
RTVSPropertyOp47
 70
     1
102
RTVSPropertyOp48
 70
     1
102
RTVSPropertyOp49
 70
     1
102
RTVSPropertyOp50
 70
     1
102
RTVSPropertyOp51
 70
     0
102
RTVSPropertyOp52
 70
     0
102
RTVSPropertyOp53
 70
     1
102
RTVSPropertyOp54
 70
     1
102
RTVSPropertyOp55
 70
     1
102
RTVSPropertyOp56
 70
     1
102
RTVSPropertyOp57
 70
     1
102
RTVSPost2010Prop28
280
     0
102
RTVSPost2010PropOp28
 70
     1
102
RTVSPost2010Prop29
280
     1
102
RTVSPost2010PropOp29
 70
     1
102
RTVSPost2010Prop30
280
     1
102
RTVSPost2010PropOp30
 70
     1
102
RTVSPost2010Prop31
280
     0
102
RTVSPost2010PropOp31
 70
     1
102
RTVSPost2010Prop32
280
     0
102
RTVSPost2010PropOp32
 70
     1
102
RTVSPost2010Prop33
280
     0
102
RTVSPost2010PropOp33
 70
     1
102
RTVSPost2010Prop34
280
     0
102
RTVSPost2010PropOp34
 70
     1
102
RTVSPost2010Prop35
280
     0
102
RTVSPost2010PropOp35
 70
     1
102
RTVSPost2010Prop36
280
     0
102
RTVSPost2010PropOp36
 70
     1
102
RTVSPost2010Prop37
 90
       50
102
RTVSPost2010PropOp37
 70
     1
102
RTVSPost2010Prop38
140
0.0
102
RTVSPost2010PropOp38
 70
     1
102
RTVSPost2010Prop39
140
1.0
102
RTVSPost2010PropOp39
 70
     1
102
RTVSPost2010Prop40
 90
        0
102
RTVSPost2010PropOp40
 70
     1
102
RTVSPost2010Prop41ColorIndex
 90
       18
102
RTVSPost2010Prop41ColorRGB
 90
        0
102
RTVSPost2010PropOp41
 70
     1
102
RTVSPost2010Prop42
 90
       50
102
RTVSPost2010PropOp42
 70
     1
102
RTVSPost2010Prop43
 90
        3
102
RTVSPost2010PropOp43
 70
     1
102
RTVSPost2010Prop44ColorIndex
 90
        5
102
RTVSPost2010Prop44ColorRGB
 90
      255
102
RTVSPost2010PropOp44
 70
     1
102
RTVSPost2010Prop45
280
     0
102
RTVSPost2010PropOp45
 70
     1
102
RTVSPost2010Prop46
 90
       50
102
RTVSPost2010PropOp46
 70
     1
102
RTVSPost2010Prop47
 90
       50
102
RTVSPost2010PropOp47
 70
     1
102
RTVSPost2010Prop48
 90
       50
102
RTVSPost2010PropOp48
 70
     1
102
RTVSPost2010Prop49
280
     0
102
RTVSPost2010PropOp49
 70
     1
102
RTVSPost2010Prop50
 90
       50
102
RTVSPost2010PropOp50
 70
     1
102
RTVSPost2010Prop51ColorIndex
 90
      256
102
RTVSPost2010Prop51ColorRGB
 90
-16777216
102
RTVSPost2010PropOp51
 70
     0
102
RTVSPost2010Prop52
140
1.0
102
RTVSPost2010PropOp52
 70
     0
102
RTVSPost2010Prop53
 90
        2
102
RTVSPost2010PropOp53
 70
     1
102
RTVSPost2010Prop54
  1
strokes_ogs.tif
102
RTVSPost2010PropOp54
 70
     1
102
RTVSPost2010Prop55
280
     0
102
RTVSPost2010PropOp55
 70
     1
102
RTVSPost2010Prop56
140
1.0
102
RTVSPost2010PropOp56
 70
     1
102
RTVSPost2010Prop57
140
1.0
102
RTVSPost2010PropOp57
 70
     1
  0
XRECORD
  5
89C
102
{ACAD_REACTORS
330
89B
102
}
330
89B
100
AcDbXrecord
280
     1
102
RTVSPropertyOp0
 70
     1
102
RTVSPropertyOp1
 70
     1
102
RTVSPropertyOp2
 70
     1
102
RTVSPropertyOp3
 70
     1
102
RTVSPropertyOp4
 70
     1
102
RTVSPropertyOp5
 70
     1
102
RTVSPropertyOp6
 70
     1
102
RTVSPropertyOp7
 70
     1
102
RTVSPropertyOp8
 70
     1
102
RTVSPropertyOp9
 70
     1
102
RTVSPropertyOp10
 70
     1
102
RTVSPropertyOp11
 70
     1
102
RTVSPropertyOp12
 70
     1
102
RTVSPropertyOp13
 70
     1
102
RTVSPropertyOp14
 70
     1
102
RTVSPropertyOp15
 70
     1
102
RTVSPropertyOp16
 70
     1
102
RTVSPropertyOp17
 70
     1
102
RTVSPropertyOp18
 70
     1
102
RTVSPropertyOp19
 70
     1
102
RTVSPropertyOp20
 70
     1
102
RTVSPropertyOp21
 70
     1
102
RTVSPropertyOp22
 70
     1
102
RTVSPropertyOp23
 70
     1
102
RTVSPropertyOp24
 70
     1
102
RTVSPropertyOp25
 70
     1
102
RTVSPropertyOp26
 70
     1
102
RTVSPropertyOp27
 70
     1
102
RTVSPropertyOp28
 70
     1
102
RTVSPropertyOp29
 70
     1
102
RTVSPropertyOp30
 70
     1
102
RTVSPropertyOp31
 70
     1
102
RTVSPropertyOp32
 70
     1
102
RTVSPropertyOp33
 70
     1
102
RTVSPropertyOp34
 70
     1
102
RTVSPropertyOp35
 70
     1
102
RTVSPropertyOp36
 70
     1
102
RTVSPropertyOp37
 70
     1
102
RTVSPropertyOp38
 70
     1
102
RTVSPropertyOp39
 70
     1
102
RTVSPropertyOp40
 70
     1
102
RTVSPropertyOp41
 70
     1
102
RTVSPropertyOp42
 70
     1
102
RTVSPropertyOp43
 70
     1
102
RTVSPropertyOp44
 70
     1
102
RTVSPropertyOp45
 70
     1
102
RTVSPropertyOp46
 70
     1
102
RTVSPropertyOp47
 70
     1
102
RTVSPropertyOp48
 70
     1
102
RTVSPropertyOp49
 70
     1
102
RTVSPropertyOp50
 70
     1
102
RTVSPropertyOp51
 70
     0
102
RTVSPropertyOp52
 70
     0
102
RTVSPropertyOp53
 70
     1
102
RTVSPropertyOp54
 70
     1
102
RTVSPropertyOp55
 70
     1
102
RTVSPropertyOp56
 70
     1
102
RTVSPropertyOp57
 70
     1
102
RTVSPost2010Prop28
280
     0
102
RTVSPost2010PropOp28
 70
     1
102
RTVSPost2010Prop29
280
     1
102
RTVSPost2010PropOp29
 70
     1
102
RTVSPost2010Prop30
280
     1
102
RTVSPost2010PropOp30
 70
     1
102
RTVSPost2010Prop31
280
     0
102
RTVSPost2010PropOp31
 70
     1
102
RTVSPost2010Prop32
280
     0
102
RTVSPost2010PropOp32
 70
     1
102
RTVSPost2010Prop33
280
     0
102
RTVSPost2010PropOp33
 70
     1
102
RTVSPost2010Prop34
280
     0
102
RTVSPost2010PropOp34
 70
     1
102
RTVSPost2010Prop35
280
     0
102
RTVSPost2010PropOp35
 70
     1
102
RTVSPost2010Prop36
280
     0
102
RTVSPost2010PropOp36
 70
     1
102
RTVSPost2010Prop37
 90
       50
102
RTVSPost2010PropOp37
 70
     1
102
RTVSPost2010Prop38
140
0.0
102
RTVSPost2010PropOp38
 70
     1
102
RTVSPost2010Prop39
140
1.0
102
RTVSPost2010PropOp39
 70
     1
102
RTVSPost2010Prop40
 90
        0
102
RTVSPost2010PropOp40
 70
     1
102
RTVSPost2010Prop41ColorIndex
 90
       18
102
RTVSPost2010Prop41ColorRGB
 90
        0
102
RTVSPost2010PropOp41
 70
     1
102
RTVSPost2010Prop42
 90
       50
102
RTVSPost2010PropOp42
 70
     1
102
RTVSPost2010Prop43
 90
        3
102
RTVSPost2010PropOp43
 70
     1
102
RTVSPost2010Prop44ColorIndex
 90
        5
102
RTVSPost2010Prop44ColorRGB
 90
      255
102
RTVSPost2010PropOp44
 70
     1
102
RTVSPost2010Prop45
280
     0
102
RTVSPost2010PropOp45
 70
     1
102
RTVSPost2010Prop46
 90
       50
102
RTVSPost2010PropOp46
 70
     1
102
RTVSPost2010Prop47
 90
       50
102
RTVSPost2010PropOp47
 70
     1
102
RTVSPost2010Prop48
 90
       50
102
RTVSPost2010PropOp48
 70
     1
102
RTVSPost2010Prop49
280
     0
102
RTVSPost2010PropOp49
 70
     1
102
RTVSPost2010Prop50
 90
       50
102
RTVSPost2010PropOp50
 70
     1
102
RTVSPost2010Prop51ColorIndex
 90
      256
102
RTVSPost2010Prop51ColorRGB
 90
-16777216
102
RTVSPost2010PropOp51
 70
     0
102
RTVSPost2010Prop52
140
1.0
102
RTVSPost2010PropOp52
 70
     0
102
RTVSPost2010Prop53
 90
        2
102
RTVSPost2010PropOp53
 70
     1
102
RTVSPost2010Prop54
  1
strokes_ogs.tif
102
RTVSPost2010PropOp54
 70
     1
102
RTVSPost2010Prop55
280
     0
102
RTVSPost2010PropOp55
 70
     1
102
RTVSPost2010Prop56
140
1.0
102
RTVSPost2010PropOp56
 70
     1
102
RTVSPost2010Prop57
140
1.0
102
RTVSPost2010PropOp57
 70
     1
  0
XRECORD
  5
8BC
102
{ACAD_REACTORS
330
8BB
102
}
330
8BB
100
AcDbXrecord
280
     1
102
RTVSPropertyOp0
 70
     1
102
RTVSPropertyOp1
 70
     1
102
RTVSPropertyOp2
 70
     1
102
RTVSPropertyOp3
 70
     1
102
RTVSPropertyOp4
 70
     1
102
RTVSPropertyOp5
 70
     1
102
RTVSPropertyOp6
 70
     1
102
RTVSPropertyOp7
 70
     1
102
RTVSPropertyOp8
 70
     1
102
RTVSPropertyOp9
 70
     1
102
RTVSPropertyOp10
 70
     1
102
RTVSPropertyOp11
 70
     1
102
RTVSPropertyOp12
 70
     1
102
RTVSPropertyOp13
 70
     1
102
RTVSPropertyOp14
 70
     1
102
RTVSPropertyOp15
 70
     1
102
RTVSPropertyOp16
 70
     1
102
RTVSPropertyOp17
 70
     1
102
RTVSPropertyOp18
 70
     1
102
RTVSPropertyOp19
 70
     1
102
RTVSPropertyOp20
 70
     1
102
RTVSPropertyOp21
 70
     1
102
RTVSPropertyOp22
 70
     1
102
RTVSPropertyOp23
 70
     1
102
RTVSPropertyOp24
 70
     1
102
RTVSPropertyOp25
 70
     1
102
RTVSPropertyOp26
 70
     1
102
RTVSPropertyOp27
 70
     1
102
RTVSPropertyOp28
 70
     1
102
RTVSPropertyOp29
 70
     1
102
RTVSPropertyOp30
 70
     1
102
RTVSPropertyOp31
 70
     1
102
RTVSPropertyOp32
 70
     1
102
RTVSPropertyOp33
 70
     1
102
RTVSPropertyOp34
 70
     1
102
RTVSPropertyOp35
 70
     1
102
RTVSPropertyOp36
 70
     1
102
RTVSPropertyOp37
 70
     1
102
RTVSPropertyOp38
 70
     1
102
RTVSPropertyOp39
 70
     1
102
RTVSPropertyOp40
 70
     1
102
RTVSPropertyOp41
 70
     1
102
RTVSPropertyOp42
 70
     1
102
RTVSPropertyOp43
 70
     1
102
RTVSPropertyOp44
 70
     1
102
RTVSPropertyOp45
 70
     1
102
RTVSPropertyOp46
 70
     1
102
RTVSPropertyOp47
 70
     1
102
RTVSPropertyOp48
 70
     1
102
RTVSPropertyOp49
 70
     1
102
RTVSPropertyOp50
 70
     1
102
RTVSPropertyOp51
 70
     0
102
RTVSPropertyOp52
 70
     0
102
RTVSPropertyOp53
 70
     1
102
RTVSPropertyOp54
 70
     1
102
RTVSPropertyOp55
 70
     1
102
RTVSPropertyOp56
 70
     1
102
RTVSPropertyOp57
 70
     1
102
RTVSPost2010Prop28
280
     0
102
RTVSPost2010PropOp28
 70
     1
102
RTVSPost2010Prop29
280
     1
102
RTVSPost2010PropOp29
 70
     1
102
RTVSPost2010Prop30
280
     1
102
RTVSPost2010PropOp30
 70
     1
102
RTVSPost2010Prop31
280
     0
102
RTVSPost2010PropOp31
 70
     1
102
RTVSPost2010Prop32
280
     0
102
RTVSPost2010PropOp32
 70
     1
102
RTVSPost2010Prop33
280
     0
102
RTVSPost2010PropOp33
 70
     1
102
RTVSPost2010Prop34
280
     0
102
RTVSPost2010PropOp34
 70
     1
102
RTVSPost2010Prop35
280
     0
102
RTVSPost2010PropOp35
 70
     1
102
RTVSPost2010Prop36
280
     0
102
RTVSPost2010PropOp36
 70
     1
102
RTVSPost2010Prop37
 90
       50
102
RTVSPost2010PropOp37
 70
     1
102
RTVSPost2010Prop38
140
0.0
102
RTVSPost2010PropOp38
 70
     1
102
RTVSPost2010Prop39
140
1.0
102
RTVSPost2010PropOp39
 70
     1
102
RTVSPost2010Prop40
 90
        0
102
RTVSPost2010PropOp40
 70
     1
102
RTVSPost2010Prop41ColorIndex
 90
       18
102
RTVSPost2010Prop41ColorRGB
 90
        0
102
RTVSPost2010PropOp41
 70
     1
102
RTVSPost2010Prop42
 90
       50
102
RTVSPost2010PropOp42
 70
     1
102
RTVSPost2010Prop43
 90
        3
102
RTVSPost2010PropOp43
 70
     1
102
RTVSPost2010Prop44ColorIndex
 90
        5
102
RTVSPost2010Prop44ColorRGB
 90
      255
102
RTVSPost2010PropOp44
 70
     1
102
RTVSPost2010Prop45
280
     0
102
RTVSPost2010PropOp45
 70
     1
102
RTVSPost2010Prop46
 90
       50
102
RTVSPost2010PropOp46
 70
     1
102
RTVSPost2010Prop47
 90
       50
102
RTVSPost2010PropOp47
 70
     1
102
RTVSPost2010Prop48
 90
       50
102
RTVSPost2010PropOp48
 70
     1
102
RTVSPost2010Prop49
280
     0
102
RTVSPost2010PropOp49
 70
     1
102
RTVSPost2010Prop50
 90
       50
102
RTVSPost2010PropOp50
 70
     1
102
RTVSPost2010Prop51ColorIndex
 90
      256
102
RTVSPost2010Prop51ColorRGB
 90
-16777216
102
RTVSPost2010PropOp51
 70
     0
102
RTVSPost2010Prop52
140
1.0
102
RTVSPost2010PropOp52
 70
     0
102
RTVSPost2010Prop53
 90
        2
102
RTVSPost2010PropOp53
 70
     1
102
RTVSPost2010Prop54
  1
strokes_ogs.tif
102
RTVSPost2010PropOp54
 70
     1
102
RTVSPost2010Prop55
280
     0
102
RTVSPost2010PropOp55
 70
     1
102
RTVSPost2010Prop56
140
1.0
102
RTVSPost2010PropOp56
 70
     1
102
RTVSPost2010Prop57
140
1.0
102
RTVSPost2010PropOp57
 70
     1
  0
ENDSEC
  0
EOF
