  0
SECTION
  2
HEADER
  9
$ACADVER
  1
AC1009
  9
$DWGCODEPAGE
  3
ansi_1252
  9
$INSBASE
 10
0.0
 20
0.0
 30
0.0
  9
$EXTMIN
 10
1.000000000000000E+20
 20
1.000000000000000E+20
 30
1.000000000000000E+20
  9
$EXTMAX
 10
-1.000000000000000E+20
 20
-1.000000000000000E+20
 30
-1.000000000000000E+20
  9
$LIMMIN
 10
0.0
 20
0.0
  9
$LIMMAX
 10
12.0
 20
9.0
  9
$ORTHOMODE
 70
     0
  9
$REGENMODE
 70
     1
  9
$FILLMODE
 70
     1
  9
$QTEXTMODE
 70
     0
  9
$MIRRTEXT
 70
     1
  9
$DRAGMODE
 70
     2
  9
$LTSCALE
 40
1.0
  9
$OSMODE
 70
    37
  9
$ATTMODE
 70
     1
  9
$TEXTSIZE
 40
0.2
  9
$TRACEWID
 40
0.05
  9
$TEXTSTYLE
  7
STANDARD
  9
$CLAYER
  8
LAYER_01
  9
$CELTYPE
  6
BYLAYER
  9
$CECOLOR
 62
   256
  9
$DIMSCALE
 40
1.0
  9
$DIMASZ
 40
0.18
  9
$DIMEXO
 40
0.0625
  9
$DIMDLI
 40
0.38
  9
$DIMRND
 40
0.0
  9
$DIMDLE
 40
0.0
  9
$DIMEXE
 40
0.18
  9
$DIMTP
 40
0.0
  9
$DIMTM
 40
0.0
  9
$DIMTXT
 40
0.18
  9
$DIMCEN
 40
0.09
  9
$DIMTSZ
 40
0.0
  9
$DIMTOL
 70
     0
  9
$DIMLIM
 70
     0
  9
$DIMTIH
 70
     1
  9
$DIMTOH
 70
     1
  9
$DIMSE1
 70
     0
  9
$DIMSE2
 70
     0
  9
$DIMTAD
 70
     0
  9
$DIMZIN
 70
     0
  9
$DIMBLK
  1

  9
$DIMASO
 70
     1
  9
$DIMSHO
 70
     1
  9
$DIMPOST
  1

  9
$DIMAPOST
  1

  9
$DIMALT
 70
     0
  9
$DIMALTD
 70
     2
  9
$DIMALTF
 40
25.4
  9
$DIMLFAC
 40
1.0
  9
$DIMTOFL
 70
     0
  9
$DIMTVP
 40
0.0
  9
$DIMTIX
 70
     0
  9
$DIMSOXD
 70
     0
  9
$DIMSAH
 70
     0
  9
$DIMBLK1
  1

  9
$DIMBLK2
  1

  9
$DIMSTYLE
  2
STANDARD_ACAD
  9
$DIMCLRD
 70
     0
  9
$DIMCLRE
 70
     0
  9
$DIMCLRT
 70
     0
  9
$DIMTFAC
 40
1.0
  9
$DIMGAP
 40
0.09
  9
$LUNITS
 70
     2
  9
$LUPREC
 70
     3
  9
$SKETCHINC
 40
0.1
  9
$FILLETRAD
 40
0.5
  9
$AUNITS
 70
     0
  9
$AUPREC
 70
     0
  9
$MENU
  1
.
  9
$ELEVATION
 40
0.0
  9
$PELEVATION
 40
0.0
  9
$THICKNESS
 40
0.0
  9
$LIMCHECK
 70
     0
  9
$CHAMFERA
 40
0.0
  9
$CHAMFERB
 40
0.0
  9
$SKPOLY
 70
     0
  9
$TDCREATE
 40
2459730.947527025
  9
$TDUPDATE
 40
2459730.947527199
  9
$TDINDWG
 40
0.0000000116
  9
$TDUSRTIMER
 40
0.0000000116
  9
$USRTIMER
 70
     1
  9
$ANGBASE
 50
0.0
  9
$ANGDIR
 70
     0
  9
$PDMODE
 70
     0
  9
$PDSIZE
 40
0.0
  9
$PLINEWID
 40
0.0
  9
$COORDS
 70
     1
  9
$SPLFRAME
 70
     0
  9
$SPLINETYPE
 70
     6
  9
$SPLINESEGS
 70
     8
  9
$ATTDIA
 70
     0
  9
$ATTREQ
 70
     1
  9
$HANDLING
 70
     1
  9
$HANDSEED
  5
4BE
  9
$SURFTAB1
 70
     6
  9
$SURFTAB2
 70
     6
  9
$SURFTYPE
 70
     6
  9
$SURFU
 70
     6
  9
$SURFV
 70
     6
  9
$UCSNAME
  2

  9
$UCSORG
 10
0.0
 20
0.0
 30
0.0
  9
$UCSXDIR
 10
1.0
 20
0.0
 30
0.0
  9
$UCSYDIR
 10
0.0
 20
1.0
 30
0.0
  9
$PUCSNAME
  2

  9
$PUCSORG
 10
0.0
 20
0.0
 30
0.0
  9
$PUCSXDIR
 10
1.0
 20
0.0
 30
0.0
  9
$PUCSYDIR
 10
0.0
 20
1.0
 30
0.0
  9
$USERI1
 70
     0
  9
$USERI2
 70
     0
  9
$USERI3
 70
     0
  9
$USERI4
 70
     0
  9
$USERI5
 70
     0
  9
$USERR1
 40
0.0
  9
$USERR2
 40
0.0
  9
$USERR3
 40
0.0
  9
$USERR4
 40
0.0
  9
$USERR5
 40
0.0
  9
$WORLDVIEW
 70
     1
  9
$SHADEDGE
 70
     3
  9
$SHADEDIF
 70
    70
  9
$TILEMODE
 70
     1
  9
$MAXACTVP
 70
    64
  9
$PLIMCHECK
 70
     0
  9
$PEXTMIN
 10
1.000000000000000E+20
 20
1.000000000000000E+20
 30
1.000000000000000E+20
  9
$PEXTMAX
 10
-1.000000000000000E+20
 20
-1.000000000000000E+20
 30
-1.000000000000000E+20
  9
$PLIMMIN
 10
0.0
 20
0.0
  9
$PLIMMAX
 10
12.0
 20
9.0
  9
$UNITMODE
 70
     0
  9
$VISRETAIN
 70
     1
  9
$PLINEGEN
 70
     0
  9
$PSLTSCALE
 70
     1
  0
ENDSEC
  0
SECTION
  2
TABLES
  0
TABLE
  2
VPORT
 70
     1
  0
VPORT
  2
*ACTIVE
 70
     0
 10
0.0
 20
0.0
 11
1.0
 21
1.0
 12
10.42990654205607
 22
4.5
 13
0.0
 23
0.0
 14
0.5
 24
0.5
 15
0.5
 25
0.5
 16
0.0
 26
0.0
 36
1.0
 17
0.0
 27
0.0
 37
0.0
 40
9.0
 41
1.972972972850329
 42
50.0
 43
0.0
 44
0.0
 50
0.0
 51
0.0
 71
     0
 72
   100
 73
     1
 74
     3
 75
     0
 76
     0
 77
     0
 78
     0
  0
ENDTAB
  0
TABLE
  2
LTYPE
 70
     1
  0
LTYPE
  2
CONTINUOUS
 70
     0
  3
Solid line
 72
    65
 73
     0
 40
0.0
  0
ENDTAB
  0
TABLE
  2
LAYER
 70
     2
  0
LAYER
  2
0
 70
     0
 62
     7
  6
CONTINUOUS
  0
LAYER
  2
LAYER_01
 70
     0
 62
     7
  6
CONTINUOUS
  0
ENDTAB
  0
TABLE
  2
STYLE
 70
     1
  0
STYLE
  2
STANDARD
 70
     0
 40
0.0
 41
1.0
 50
0.0
 71
     0
 42
0.2
  3
txt
  4

  0
ENDTAB
  0
TABLE
  2
VIEW
 70
     0
  0
ENDTAB
  0
TABLE
  2
UCS
 70
     0
  0
ENDTAB
  0
TABLE
  2
APPID
 70
     2
  0
APPID
  2
ACAD
 70
     0
  0
APPID
  2
RHINO
 70
     0
  0
ENDTAB
  0
TABLE
  2
DIMSTYLE
 70
     1
  0
DIMSTYLE
  2
STANDARD_ACAD
 70
     0
  3

  4

  5

  6

  7

 40
1.0
 41
0.18
 42
0.0625
 43
0.38
 44
0.18
 45
0.0
 46
0.0
 47
0.0
 48
0.0
140
0.18
141
0.09
142
0.0
143
25.4
144
1.0
145
0.0
146
1.0
147
0.09
 71
     0
 72
     0
 73
     1
 74
     1
 75
     0
 76
     0
 77
     0
 78
     0
170
     0
171
     2
172
     0
173
     0
174
     0
175
     0
176
     0
177
     0
178
     0
  0
ENDTAB
  0
ENDSEC
  0
SECTION
  2
BLOCKS
  0
BLOCK
  8
0
  2
$MODEL_SPACE
 70
     0
 10
0.0
 20
0.0
 30
0.0
  3
$MODEL_SPACE
  1

  0
ENDBLK
  5
21
  8
0
  0
BLOCK
 67
     1
  8
0
  2
$PAPER_SPACE
 70
     0
 10
0.0
 20
0.0
 30
0.0
  3
$PAPER_SPACE
  1

  0
ENDBLK
  5
1D
 67
     1
  8
0
  0
ENDSEC
  0
SECTION
  2
ENTITIES
  0
POLYLINE
  5
70
  8
LAYER_01
 66
     1
 10
0.0
 20
0.0
 30
0.0
 70
     1
  0
VERTEX
  5
71
  8
LAYER_01
 10
113.0875442542051
 20
73.04851057421632
 30
0.0
  0
VERTEX
  5
72
  8
LAYER_01
 10
1119.531316764116
 20
73.04851057421632
 30
0.0
  0
VERTEX
  5
73
  8
LAYER_01
 10
1119.531316764116
 20
2192.175533985745
 30
0.0
  0
VERTEX
  5
74
  8
LAYER_01
 10
113.0875442542051
 20
2192.175533985745
 30
0.0
  0
SEQEND
  5
75
  8
LAYER_01
  0
POLYLINE
  5
76
  8
LAYER_01
 66
     1
 10
0.0
 20
0.0
 30
0.0
 70
     1
  0
VERTEX
  5
77
  8
LAYER_01
 10
616.3094305091586
 20
667.5804201641141
 30
0.0
 42
-0.2419058021754238
  0
VERTEX
  5
78
  8
LAYER_01
 10
534.7551774082638
 20
706.7518639688288
 30
0.0
  0
VERTEX
  5
79
  8
LAYER_01
 10
533.1273569957938
 20
708.9521772396329
 30
0.0
  0
VERTEX
  5
7A
  8
LAYER_01
 10
531.542737004223
 20
711.1999049194807
 30
0.0
  0
VERTEX
  5
7B
  8
LAYER_01
 10
530.0032318408222
 20
713.4943486637773
 30
0.0
  0
VERTEX
  5
7C
  8
LAYER_01
 10
528.5107389345234
 20
715.8347270945437
 30
0.0
  0
VERTEX
  5
7D
  8
LAYER_01
 10
527.0671337335425
 20
718.2201751508867
 30
0.0
  0
VERTEX
  5
7E
  8
LAYER_01
 10
525.6742646033989
 20
720.6497437150562
 30
0.0
  0
VERTEX
  5
7F
  8
LAYER_01
 10
524.333947646884
 20
723.1223995272499
 30
0.0
  0
VERTEX
  5
80
  8
LAYER_01
 10
523.04796146905
 20
725.6370254009705
 30
0.0
  0
VERTEX
  5
81
  8
LAYER_01
 10
521.8180419116824
 20
728.1924207492452
 30
0.0
  0
VERTEX
  5
82
  8
LAYER_01
 10
520.6458767829679
 20
730.7873024303348
 30
0.0
  0
VERTEX
  5
83
  8
LAYER_01
 10
519.5331006091537
 20
733.4203059197387
 30
0.0
  0
VERTEX
  5
84
  8
LAYER_01
 10
518.4812894358829
 20
736.0899868133306
 30
0.0
  0
VERTEX
  5
85
  8
LAYER_01
 10
517.491955707587
 20
738.7948226643629
 30
0.0
  0
VERTEX
  5
86
  8
LAYER_01
 10
516.5665432537709
 20
741.5332151548704
 30
0.0
  0
VERTEX
  5
87
  8
LAYER_01
 10
515.706422411261
 20
744.3034925997109
 30
0.0
  0
VERTEX
  5
88
  8
LAYER_01
 10
514.912885311454
 20
747.1039127791109
 30
0.0
  0
VERTEX
  5
89
  8
LAYER_01
 10
514.1871413613236
 20
749.9326660931767
 30
0.0
  0
VERTEX
  5
8A
  8
LAYER_01
 10
513.5303129463834
 20
752.7878790294019
 30
0.0
  0
VERTEX
  5
8B
  8
LAYER_01
 10
512.9434313829858
 20
755.6676179317785
 30
0.0
  0
VERTEX
  5
8C
  8
LAYER_01
 10
512.4274331462361
 20
758.5698930577374
 30
0.0
  0
VERTEX
  5
8D
  8
LAYER_01
 10
511.9831563984487
 20
761.4926629068083
 30
0.0
  0
VERTEX
  5
8E
  8
LAYER_01
 10
511.6113378414481
 20
764.4338388026708
 30
0.0
  0
VERTEX
  5
8F
  8
LAYER_01
 10
511.3126099141607
 20
767.3912897081402
 30
0.0
  0
VERTEX
  5
90
  8
LAYER_01
 10
511.087498354845
 20
770.3628472506691
 30
0.0
  0
VERTEX
  5
91
  8
LAYER_01
 10
510.9364201450101
 20
773.3463109341432
 30
0.0
  0
VERTEX
  5
92
  8
LAYER_01
 10
510.859681849572
 20
776.3394535111447
 30
0.0
  0
VERTEX
  5
93
  8
LAYER_01
 10
510.8574783651508
 20
779.340026488466
 30
0.0
  0
VERTEX
  5
94
  8
LAYER_01
 10
510.9298920856157
 20
782.3457657374986
 30
0.0
  0
VERTEX
  5
95
  8
LAYER_01
 10
511.0768924910901
 20
785.3543971802085
 30
0.0
  0
VERTEX
  5
96
  8
LAYER_01
 10
511.2983361636669
 20
788.3636425207718
 30
0.0
  0
VERTEX
  5
97
  8
LAYER_01
 10
511.5939672300739
 20
791.3712249925551
 30
0.0
  0
VERTEX
  5
98
  8
LAYER_01
 10
511.9634182285162
 20
794.3748750900265
 30
0.0
  0
VERTEX
  5
99
  8
LAYER_01
 10
514.609093668693
 20
811.6699226058732
 30
0.0
  0
VERTEX
  5
9A
  8
LAYER_01
 10
516.1408794415781
 20
820.1884196386713
 30
0.0
  0
VERTEX
  5
9B
  8
LAYER_01
 10
517.8103114705024
 20
828.6218690961892
 30
0.0
  0
VERTEX
  5
9C
  8
LAYER_01
 10
519.6161672945818
 20
836.9709887940675
 30
0.0
  0
VERTEX
  5
9D
  8
LAYER_01
 10
521.5572377333226
 20
845.2364887832194
 30
0.0
  0
VERTEX
  5
9E
  8
LAYER_01
 10
523.6323267080454
 20
853.4190714541999
 30
0.0
  0
VERTEX
  5
9F
  8
LAYER_01
 10
525.8402510661828
 20
861.519431639894
 30
0.0
  0
VERTEX
  5
A0
  8
LAYER_01
 10
528.1798404083946
 20
869.5382567165614
 30
0.0
  0
VERTEX
  5
A1
  8
LAYER_01
 10
530.6499369184482
 20
877.4762267032603
 30
0.0
  0
VERTEX
  5
A2
  8
LAYER_01
 10
533.2493951958143
 20
885.3340143596907
 30
0.0
  0
VERTEX
  5
A3
  8
LAYER_01
 10
535.9770820909239
 20
893.1122852824755
 30
0.0
  0
VERTEX
  5
A4
  8
LAYER_01
 10
538.8318765430428
 20
900.8116979999169
 30
0.0
  0
VERTEX
  5
A5
  8
LAYER_01
 10
541.8126694207093
 20
908.432904065252
 30
0.0
  0
VERTEX
  5
A6
  8
LAYER_01
 10
544.9183633646929
 20
915.9765481484377
 30
0.0
  0
VERTEX
  5
A7
  8
LAYER_01
 10
548.1478726334243
 20
923.4432681264874
 30
0.0
  0
VERTEX
  5
A8
  8
LAYER_01
 10
551.5001229508531
 20
930.833695172393
 30
0.0
  0
VERTEX
  5
A9
  8
LAYER_01
 10
554.9740513566886
 20
938.1484538426515
 30
0.0
  0
VERTEX
  5
AA
  8
LAYER_01
 10
562.2827462889932
 20
952.5534317153603
 30
0.0
  0
VERTEX
  5
AB
  8
LAYER_01
 10
570.0656745183427
 20
966.6630691074145
 30
0.0
  0
VERTEX
  5
AC
  8
LAYER_01
 10
578.3147249852829
 20
980.4821328944618
 30
0.0
  0
VERTEX
  5
AD
  8
LAYER_01
 10
587.02195408514
 20
994.0152920352921
 30
0.0
  0
VERTEX
  5
AE
  8
LAYER_01
 10
596.1795814045201
 20
1007.267120063674
 30
0.0
  0
VERTEX
  5
AF
  8
LAYER_01
 10
605.7799855873043
 20
1020.242097504504
 30
0.0
  0
VERTEX
  5
B0
  8
LAYER_01
 10
615.8157003255816
 20
1032.944614216943
 30
0.0
  0
VERTEX
  5
B1
  8
LAYER_01
 10
616.3094305091604
 20
1033.549932260252
 30
0.0
  0
VERTEX
  5
B2
  8
LAYER_01
 10
616.8031606927392
 20
1032.944614216943
 30
0.0
  0
VERTEX
  5
B3
  8
LAYER_01
 10
626.8388754310166
 20
1020.242097504504
 30
0.0
  0
VERTEX
  5
B4
  8
LAYER_01
 10
636.4392796138009
 20
1007.267120063674
 30
0.0
  0
VERTEX
  5
B5
  8
LAYER_01
 10
645.5969069331805
 20
994.0152920352921
 30
0.0
  0
VERTEX
  5
B6
  8
LAYER_01
 10
654.3041360330378
 20
980.4821328944618
 30
0.0
  0
VERTEX
  5
B7
  8
LAYER_01
 10
662.553186499978
 20
966.6630691074143
 30
0.0
  0
VERTEX
  5
B8
  8
LAYER_01
 10
670.3361147293276
 20
952.5534317153601
 30
0.0
  0
VERTEX
  5
B9
  8
LAYER_01
 10
677.644809661632
 20
938.1484538426513
 30
0.0
  0
VERTEX
  5
BA
  8
LAYER_01
 10
681.1187380674677
 20
930.8336951723928
 30
0.0
  0
VERTEX
  5
BB
  8
LAYER_01
 10
684.4709883848965
 20
923.4432681264872
 30
0.0
  0
VERTEX
  5
BC
  8
LAYER_01
 10
687.7004976536278
 20
915.9765481484375
 30
0.0
  0
VERTEX
  5
BD
  8
LAYER_01
 10
690.8061915976115
 20
908.4329040652518
 30
0.0
  0
VERTEX
  5
BE
  8
LAYER_01
 10
693.786984475278
 20
900.8116979999165
 30
0.0
  0
VERTEX
  5
BF
  8
LAYER_01
 10
696.6417789273968
 20
893.1122852824752
 30
0.0
  0
VERTEX
  5
C0
  8
LAYER_01
 10
699.3694658225065
 20
885.3340143596905
 30
0.0
  0
VERTEX
  5
C1
  8
LAYER_01
 10
701.9689240998724
 20
877.47622670326
 30
0.0
  0
VERTEX
  5
C2
  8
LAYER_01
 10
704.4390206099263
 20
869.5382567165611
 30
0.0
  0
VERTEX
  5
C3
  8
LAYER_01
 10
706.7786099521379
 20
861.5194316398938
 30
0.0
  0
VERTEX
  5
C4
  8
LAYER_01
 10
708.9865343102753
 20
853.4190714541996
 30
0.0
  0
VERTEX
  5
C5
  8
LAYER_01
 10
711.0616232849981
 20
845.2364887832192
 30
0.0
  0
VERTEX
  5
C6
  8
LAYER_01
 10
713.0026937237388
 20
836.9709887940672
 30
0.0
  0
VERTEX
  5
C7
  8
LAYER_01
 10
714.8085495478184
 20
828.621869096189
 30
0.0
  0
VERTEX
  5
C8
  8
LAYER_01
 10
716.4779815767425
 20
820.188419638671
 30
0.0
  0
VERTEX
  5
C9
  8
LAYER_01
 10
718.0097673496277
 20
811.669922605873
 30
0.0
  0
VERTEX
  5
CA
  8
LAYER_01
 10
720.6554427898045
 20
794.3748750900263
 30
0.0
  0
VERTEX
  5
CB
  8
LAYER_01
 10
721.0248937882467
 20
791.371224992555
 30
0.0
  0
VERTEX
  5
CC
  8
LAYER_01
 10
721.3205248546539
 20
788.3636425207716
 30
0.0
  0
VERTEX
  5
CD
  8
LAYER_01
 10
721.5419685272309
 20
785.3543971802083
 30
0.0
  0
VERTEX
  5
CE
  8
LAYER_01
 10
721.6889689327049
 20
782.3457657374985
 30
0.0
  0
VERTEX
  5
CF
  8
LAYER_01
 10
721.7613826531697
 20
779.340026488466
 30
0.0
  0
VERTEX
  5
D0
  8
LAYER_01
 10
721.7591791687489
 20
776.3394535111445
 30
0.0
  0
VERTEX
  5
D1
  8
LAYER_01
 10
721.6824408733107
 20
773.3463109341432
 30
0.0
  0
VERTEX
  5
D2
  8
LAYER_01
 10
721.5313626634756
 20
770.362847250669
 30
0.0
  0
VERTEX
  5
D3
  8
LAYER_01
 10
721.3062511041601
 20
767.3912897081402
 30
0.0
  0
VERTEX
  5
D4
  8
LAYER_01
 10
721.0075231768725
 20
764.4338388026708
 30
0.0
  0
VERTEX
  5
D5
  8
LAYER_01
 10
720.635704619872
 20
761.4926629068083
 30
0.0
  0
VERTEX
  5
D6
  8
LAYER_01
 10
720.1914278720847
 20
758.5698930577373
 30
0.0
  0
VERTEX
  5
D7
  8
LAYER_01
 10
719.675429635335
 20
755.6676179317784
 30
0.0
  0
VERTEX
  5
D8
  8
LAYER_01
 10
719.0885480719376
 20
752.7878790294019
 30
0.0
  0
VERTEX
  5
D9
  8
LAYER_01
 10
718.4317196569974
 20
749.9326660931767
 30
0.0
  0
VERTEX
  5
DA
  8
LAYER_01
 10
717.7059757068668
 20
747.1039127791108
 30
0.0
  0
VERTEX
  5
DB
  8
LAYER_01
 10
716.9124386070597
 20
744.3034925997107
 30
0.0
  0
VERTEX
  5
DC
  8
LAYER_01
 10
716.0523177645497
 20
741.5332151548703
 30
0.0
  0
VERTEX
  5
DD
  8
LAYER_01
 10
715.1269053107336
 20
738.7948226643629
 30
0.0
  0
VERTEX
  5
DE
  8
LAYER_01
 10
714.1375715824379
 20
736.0899868133306
 30
0.0
  0
VERTEX
  5
DF
  8
LAYER_01
 10
713.085760409167
 20
733.4203059197387
 30
0.0
  0
VERTEX
  5
E0
  8
LAYER_01
 10
711.9729842353528
 20
730.7873024303348
 30
0.0
  0
VERTEX
  5
E1
  8
LAYER_01
 10
710.8008191066383
 20
728.1924207492452
 30
0.0
  0
VERTEX
  5
E2
  8
LAYER_01
 10
709.5708995492707
 20
725.6370254009705
 30
0.0
  0
VERTEX
  5
E3
  8
LAYER_01
 10
708.2849133714366
 20
723.1223995272499
 30
0.0
  0
VERTEX
  5
E4
  8
LAYER_01
 10
706.9445964149218
 20
720.6497437150562
 30
0.0
  0
VERTEX
  5
E5
  8
LAYER_01
 10
705.551727284778
 20
718.2201751508867
 30
0.0
  0
VERTEX
  5
E6
  8
LAYER_01
 10
704.1081220837972
 20
715.8347270945437
 30
0.0
  0
VERTEX
  5
E7
  8
LAYER_01
 10
702.6156291774985
 20
713.4943486637773
 30
0.0
  0
VERTEX
  5
E8
  8
LAYER_01
 10
701.0761240140977
 20
711.1999049194807
 30
0.0
  0
VERTEX
  5
E9
  8
LAYER_01
 10
699.4915040225269
 20
708.9521772396329
 30
0.0
  0
VERTEX
  5
EA
  8
LAYER_01
 10
697.863683610057
 20
706.7518639688288
 30
0.0
 42
-0.2419058021754329
  0
SEQEND
  5
EB
  8
LAYER_01
  0
POLYLINE
  5
EC
  8
LAYER_01
 66
     1
 10
0.0
 20
0.0
 30
0.0
 70
     1
  0
VERTEX
  5
ED
  8
LAYER_01
 10
616.3094305091608
 20
1597.643624395847
 30
0.0
 42
-0.241905802175448
  0
VERTEX
  5
EE
  8
LAYER_01
 10
697.8636836100571
 20
1558.472180591133
 30
0.0
  0
VERTEX
  5
EF
  8
LAYER_01
 10
699.491504022527
 20
1556.271867320328
 30
0.0
  0
VERTEX
  5
F0
  8
LAYER_01
 10
701.0761240140978
 20
1554.024139640481
 30
0.0
  0
VERTEX
  5
F1
  8
LAYER_01
 10
702.6156291774987
 20
1551.729695896184
 30
0.0
  0
VERTEX
  5
F2
  8
LAYER_01
 10
704.1081220837974
 20
1549.389317465417
 30
0.0
  0
VERTEX
  5
F3
  8
LAYER_01
 10
705.5517272847783
 20
1547.003869409075
 30
0.0
  0
VERTEX
  5
F4
  8
LAYER_01
 10
706.944596414922
 20
1544.574300844905
 30
0.0
  0
VERTEX
  5
F5
  8
LAYER_01
 10
708.2849133714368
 20
1542.101645032712
 30
0.0
  0
VERTEX
  5
F6
  8
LAYER_01
 10
709.570899549271
 20
1539.587019158991
 30
0.0
  0
VERTEX
  5
F7
  8
LAYER_01
 10
710.8008191066385
 20
1537.031623810716
 30
0.0
  0
VERTEX
  5
F8
  8
LAYER_01
 10
711.972984235353
 20
1534.436742129627
 30
0.0
  0
VERTEX
  5
F9
  8
LAYER_01
 10
713.0857604091673
 20
1531.803738640223
 30
0.0
  0
VERTEX
  5
FA
  8
LAYER_01
 10
714.1375715824381
 20
1529.134057746631
 30
0.0
  0
VERTEX
  5
FB
  8
LAYER_01
 10
715.126905310734
 20
1526.429221895599
 30
0.0
  0
VERTEX
  5
FC
  8
LAYER_01
 10
716.0523177645499
 20
1523.690829405091
 30
0.0
  0
VERTEX
  5
FD
  8
LAYER_01
 10
716.9124386070599
 20
1520.920551960251
 30
0.0
  0
VERTEX
  5
FE
  8
LAYER_01
 10
717.705975706867
 20
1518.120131780851
 30
0.0
  0
VERTEX
  5
FF
  8
LAYER_01
 10
718.4317196569976
 20
1515.291378466785
 30
0.0
  0
VERTEX
  5
100
  8
LAYER_01
 10
719.0885480719378
 20
1512.43616553056
 30
0.0
  0
VERTEX
  5
101
  8
LAYER_01
 10
719.6754296353353
 20
1509.556426628183
 30
0.0
  0
VERTEX
  5
102
  8
LAYER_01
 10
720.1914278720849
 20
1506.654151502224
 30
0.0
  0
VERTEX
  5
103
  8
LAYER_01
 10
720.6357046198722
 20
1503.731381653153
 30
0.0
  0
VERTEX
  5
104
  8
LAYER_01
 10
721.0075231768727
 20
1500.790205757291
 30
0.0
  0
VERTEX
  5
105
  8
LAYER_01
 10
721.3062511041603
 20
1497.832754851822
 30
0.0
  0
VERTEX
  5
106
  8
LAYER_01
 10
721.5313626634759
 20
1494.861197309292
 30
0.0
  0
VERTEX
  5
107
  8
LAYER_01
 10
721.6824408733111
 20
1491.877733625819
 30
0.0
  0
VERTEX
  5
108
  8
LAYER_01
 10
721.7591791687491
 20
1488.884591048817
 30
0.0
  0
VERTEX
  5
109
  8
LAYER_01
 10
721.76138265317
 20
1485.884018071495
 30
0.0
  0
VERTEX
  5
10A
  8
LAYER_01
 10
721.6889689327053
 20
1482.878278822463
 30
0.0
  0
VERTEX
  5
10B
  8
LAYER_01
 10
721.5419685272311
 20
1479.869647379753
 30
0.0
  0
VERTEX
  5
10C
  8
LAYER_01
 10
721.3205248546542
 20
1476.86040203919
 30
0.0
  0
VERTEX
  5
10D
  8
LAYER_01
 10
721.0248937882469
 20
1473.852819567406
 30
0.0
  0
VERTEX
  5
10E
  8
LAYER_01
 10
720.6554427898047
 20
1470.849169469935
 30
0.0
  0
VERTEX
  5
10F
  8
LAYER_01
 10
718.009767349628
 20
1453.554121954088
 30
0.0
  0
VERTEX
  5
110
  8
LAYER_01
 10
716.4779815767428
 20
1445.03562492129
 30
0.0
  0
VERTEX
  5
111
  8
LAYER_01
 10
714.8085495478185
 20
1436.602175463772
 30
0.0
  0
VERTEX
  5
112
  8
LAYER_01
 10
713.002693723739
 20
1428.253055765894
 30
0.0
  0
VERTEX
  5
113
  8
LAYER_01
 10
711.0616232849982
 20
1419.987555776742
 30
0.0
  0
VERTEX
  5
114
  8
LAYER_01
 10
708.9865343102754
 20
1411.804973105761
 30
0.0
  0
VERTEX
  5
115
  8
LAYER_01
 10
706.7786099521379
 20
1403.704612920067
 30
0.0
  0
VERTEX
  5
116
  8
LAYER_01
 10
704.4390206099263
 20
1395.6857878434
 30
0.0
  0
VERTEX
  5
117
  8
LAYER_01
 10
701.9689240998724
 20
1387.747817856701
 30
0.0
  0
VERTEX
  5
118
  8
LAYER_01
 10
699.3694658225065
 20
1379.89003020027
 30
0.0
  0
VERTEX
  5
119
  8
LAYER_01
 10
696.6417789273968
 20
1372.111759277486
 30
0.0
  0
VERTEX
  5
11A
  8
LAYER_01
 10
693.786984475278
 20
1364.412346560045
 30
0.0
  0
VERTEX
  5
11B
  8
LAYER_01
 10
690.8061915976115
 20
1356.791140494709
 30
0.0
  0
VERTEX
  5
11C
  8
LAYER_01
 10
687.7004976536278
 20
1349.247496411524
 30
0.0
  0
VERTEX
  5
11D
  8
LAYER_01
 10
684.4709883848965
 20
1341.780776433474
 30
0.0
  0
VERTEX
  5
11E
  8
LAYER_01
 10
681.1187380674677
 20
1334.390349387568
 30
0.0
  0
VERTEX
  5
11F
  8
LAYER_01
 10
677.644809661632
 20
1327.07559071731
 30
0.0
  0
VERTEX
  5
120
  8
LAYER_01
 10
670.3361147293276
 20
1312.670612844601
 30
0.0
  0
VERTEX
  5
121
  8
LAYER_01
 10
662.553186499978
 20
1298.560975452547
 30
0.0
  0
VERTEX
  5
122
  8
LAYER_01
 10
654.3041360330378
 20
1284.7419116655
 30
0.0
  0
VERTEX
  5
123
  8
LAYER_01
 10
645.5969069331805
 20
1271.208752524669
 30
0.0
  0
VERTEX
  5
124
  8
LAYER_01
 10
636.4392796138009
 20
1257.956924496288
 30
0.0
  0
VERTEX
  5
125
  8
LAYER_01
 10
626.8388754310166
 20
1244.981947055458
 30
0.0
  0
VERTEX
  5
126
  8
LAYER_01
 10
616.8031606927392
 20
1232.279430343018
 30
0.0
  0
VERTEX
  5
127
  8
LAYER_01
 10
616.3094305091604
 20
1231.67411229971
 30
0.0
  0
VERTEX
  5
128
  8
LAYER_01
 10
615.8157003255816
 20
1232.279430343018
 30
0.0
  0
VERTEX
  5
129
  8
LAYER_01
 10
605.7799855873052
 20
1244.981947055458
 30
0.0
  0
VERTEX
  5
12A
  8
LAYER_01
 10
596.1795814045217
 20
1257.956924496289
 30
0.0
  0
VERTEX
  5
12B
  8
LAYER_01
 10
587.0219540851424
 20
1271.208752524671
 30
0.0
  0
VERTEX
  5
12C
  8
LAYER_01
 10
578.3147249852857
 20
1284.741911665502
 30
0.0
  0
VERTEX
  5
12D
  8
LAYER_01
 10
570.0656745183461
 20
1298.560975452549
 30
0.0
  0
VERTEX
  5
12E
  8
LAYER_01
 10
562.2827462889969
 20
1312.670612844604
 30
0.0
  0
VERTEX
  5
12F
  8
LAYER_01
 10
554.9740513566927
 20
1327.075590717313
 30
0.0
  0
VERTEX
  5
130
  8
LAYER_01
 10
551.5001229508573
 20
1334.390349387572
 30
0.0
  0
VERTEX
  5
131
  8
LAYER_01
 10
548.1478726334286
 20
1341.780776433478
 30
0.0
  0
VERTEX
  5
132
  8
LAYER_01
 10
544.9183633646974
 20
1349.247496411528
 30
0.0
  0
VERTEX
  5
133
  8
LAYER_01
 10
541.8126694207137
 20
1356.791140494713
 30
0.0
  0
VERTEX
  5
134
  8
LAYER_01
 10
538.8318765430471
 20
1364.412346560048
 30
0.0
  0
VERTEX
  5
135
  8
LAYER_01
 10
535.9770820909282
 20
1372.111759277489
 30
0.0
  0
VERTEX
  5
136
  8
LAYER_01
 10
533.2493951958185
 20
1379.890030200274
 30
0.0
  0
VERTEX
  5
137
  8
LAYER_01
 10
530.6499369184523
 20
1387.747817856704
 30
0.0
  0
VERTEX
  5
138
  8
LAYER_01
 10
528.1798404083986
 20
1395.685787843403
 30
0.0
  0
VERTEX
  5
139
  8
LAYER_01
 10
525.8402510661866
 20
1403.70461292007
 30
0.0
  0
VERTEX
  5
13A
  8
LAYER_01
 10
523.6323267080492
 20
1411.804973105764
 30
0.0
  0
VERTEX
  5
13B
  8
LAYER_01
 10
521.5572377333262
 20
1419.987555776744
 30
0.0
  0
VERTEX
  5
13C
  8
LAYER_01
 10
519.6161672945852
 20
1428.253055765896
 30
0.0
  0
VERTEX
  5
13D
  8
LAYER_01
 10
517.8103114705054
 20
1436.602175463775
 30
0.0
  0
VERTEX
  5
13E
  8
LAYER_01
 10
516.140879441581
 20
1445.035624921292
 30
0.0
  0
VERTEX
  5
13F
  8
LAYER_01
 10
514.6090936686956
 20
1453.554121954091
 30
0.0
  0
VERTEX
  5
140
  8
LAYER_01
 10
511.9634182285181
 20
1470.849169469936
 30
0.0
  0
VERTEX
  5
141
  8
LAYER_01
 10
511.5939672300756
 20
1473.852819567408
 30
0.0
  0
VERTEX
  5
142
  8
LAYER_01
 10
511.2983361636686
 20
1476.860402039191
 30
0.0
  0
VERTEX
  5
143
  8
LAYER_01
 10
511.0768924910915
 20
1479.869647379755
 30
0.0
  0
VERTEX
  5
144
  8
LAYER_01
 10
510.929892085617
 20
1482.878278822464
 30
0.0
  0
VERTEX
  5
145
  8
LAYER_01
 10
510.8574783651521
 20
1485.884018071497
 30
0.0
  0
VERTEX
  5
146
  8
LAYER_01
 10
510.8596818495731
 20
1488.884591048818
 30
0.0
  0
VERTEX
  5
147
  8
LAYER_01
 10
510.9364201450112
 20
1491.87773362582
 30
0.0
  0
VERTEX
  5
148
  8
LAYER_01
 10
511.087498354846
 20
1494.861197309293
 30
0.0
  0
VERTEX
  5
149
  8
LAYER_01
 10
511.3126099141617
 20
1497.832754851823
 30
0.0
  0
VERTEX
  5
14A
  8
LAYER_01
 10
511.6113378414491
 20
1500.790205757292
 30
0.0
  0
VERTEX
  5
14B
  8
LAYER_01
 10
511.9831563984495
 20
1503.731381653154
 30
0.0
  0
VERTEX
  5
14C
  8
LAYER_01
 10
512.4274331462368
 20
1506.654151502225
 30
0.0
  0
VERTEX
  5
14D
  8
LAYER_01
 10
512.9434313829863
 20
1509.556426628184
 30
0.0
  0
VERTEX
  5
14E
  8
LAYER_01
 10
513.5303129463839
 20
1512.436165530561
 30
0.0
  0
VERTEX
  5
14F
  8
LAYER_01
 10
514.187141361324
 20
1515.291378466786
 30
0.0
  0
VERTEX
  5
150
  8
LAYER_01
 10
514.9128853114545
 20
1518.120131780851
 30
0.0
  0
VERTEX
  5
151
  8
LAYER_01
 10
515.7064224112613
 20
1520.920551960251
 30
0.0
  0
VERTEX
  5
152
  8
LAYER_01
 10
516.5665432537711
 20
1523.690829405092
 30
0.0
  0
VERTEX
  5
153
  8
LAYER_01
 10
517.4919557075872
 20
1526.429221895599
 30
0.0
  0
VERTEX
  5
154
  8
LAYER_01
 10
518.4812894358831
 20
1529.134057746631
 30
0.0
  0
VERTEX
  5
155
  8
LAYER_01
 10
519.5331006091538
 20
1531.803738640223
 30
0.0
  0
VERTEX
  5
156
  8
LAYER_01
 10
520.6458767829681
 20
1534.436742129627
 30
0.0
  0
VERTEX
  5
157
  8
LAYER_01
 10
521.8180419116824
 20
1537.031623810717
 30
0.0
  0
VERTEX
  5
158
  8
LAYER_01
 10
523.04796146905
 20
1539.587019158991
 30
0.0
  0
VERTEX
  5
159
  8
LAYER_01
 10
524.333947646884
 20
1542.101645032712
 30
0.0
  0
VERTEX
  5
15A
  8
LAYER_01
 10
525.6742646033988
 20
1544.574300844905
 30
0.0
  0
VERTEX
  5
15B
  8
LAYER_01
 10
527.0671337335424
 20
1547.003869409075
 30
0.0
  0
VERTEX
  5
15C
  8
LAYER_01
 10
528.5107389345233
 20
1549.389317465417
 30
0.0
  0
VERTEX
  5
15D
  8
LAYER_01
 10
530.003231840822
 20
1551.729695896184
 30
0.0
  0
VERTEX
  5
15E
  8
LAYER_01
 10
531.5427370042228
 20
1554.024139640481
 30
0.0
  0
VERTEX
  5
15F
  8
LAYER_01
 10
533.1273569957935
 20
1556.271867320328
 30
0.0
  0
VERTEX
  5
160
  8
LAYER_01
 10
534.7551774082636
 20
1558.472180591133
 30
0.0
 42
-0.241905802175451
  0
SEQEND
  5
161
  8
LAYER_01
  0
POLYLINE
  5
162
  8
LAYER_01
 66
     1
 10
0.0
 20
0.0
 30
0.0
 70
     1
  0
VERTEX
  5
163
  8
LAYER_01
 10
1052.11369943127
 20
1132.612022279981
 30
0.0
 42
-0.3527952708396377
  0
VERTEX
  5
164
  8
LAYER_01
 10
996.1557531109381
 20
1063.176329138498
 30
0.0
  0
VERTEX
  5
165
  8
LAYER_01
 10
989.8152978736844
 20
1061.591897693217
 30
0.0
  0
VERTEX
  5
166
  8
LAYER_01
 10
982.7141124068357
 20
1059.978504738519
 30
0.0
  0
VERTEX
  5
167
  8
LAYER_01
 10
975.5785222467017
 20
1058.524813962814
 30
0.0
  0
VERTEX
  5
168
  8
LAYER_01
 10
968.2893227228903
 20
1057.209383250991
 30
0.0
  0
VERTEX
  5
169
  8
LAYER_01
 10
960.9724017191113
 20
1056.057975418916
 30
0.0
  0
VERTEX
  5
16A
  8
LAYER_01
 10
953.5161917248238
 20
1055.055797941289
 30
0.0
  0
VERTEX
  5
16B
  8
LAYER_01
 10
946.0393523283839
 20
1054.221290297105
 30
0.0
  0
VERTEX
  5
16C
  8
LAYER_01
 10
938.4399895372529
 20
1053.545262748922
 30
0.0
  0
VERTEX
  5
16D
  8
LAYER_01
 10
930.827362105831
 20
1053.040004178091
 30
0.0
  0
VERTEX
  5
16E
  8
LAYER_01
 10
923.1100628934053
 20
1052.701696160305
 30
0.0
  0
VERTEX
  5
16F
  8
LAYER_01
 10
915.3870994255961
 20
1052.53657277355
 30
0.0
  0
VERTEX
  5
170
  8
LAYER_01
 10
907.5793555688488
 20
1052.544468883064
 30
0.0
  0
VERTEX
  5
171
  8
LAYER_01
 10
899.7737508612386
 20
1052.727289565787
 30
0.0
  0
VERTEX
  5
172
  8
LAYER_01
 10
891.904073992486
 20
1053.088212937279
 30
0.0
  0
VERTEX
  5
173
  8
LAYER_01
 10
884.0444247412553
 20
1053.625094452299
 30
0.0
  0
VERTEX
  5
174
  8
LAYER_01
 10
876.1427352038315
 20
1054.342337762067
 30
0.0
  0
VERTEX
  5
175
  8
LAYER_01
 10
868.2590374109704
 20
1055.235855178933
 30
0.0
  0
VERTEX
  5
176
  8
LAYER_01
 10
860.3558085754885
 20
1056.310854971642
 30
0.0
  0
VERTEX
  5
177
  8
LAYER_01
 10
852.4784861172393
 20
1057.561723709244
 30
0.0
  0
VERTEX
  5
178
  8
LAYER_01
 10
844.6045930958842
 20
1058.992163156819
 30
0.0
  0
VERTEX
  5
179
  8
LAYER_01
 10
836.7644628996898
 20
1060.597341318352
 30
0.0
  0
VERTEX
  5
17A
  8
LAYER_01
 10
828.9508001280772
 20
1062.378996297359
 30
0.0
  0
VERTEX
  5
17B
  8
LAYER_01
 10
821.1785747947622
 20
1064.333562559779
 30
0.0
  0
VERTEX
  5
17C
  8
LAYER_01
 10
813.4553682158132
 20
1066.45853240805
 30
0.0
  0
VERTEX
  5
17D
  8
LAYER_01
 10
805.781085127036
 20
1068.753884869938
 30
0.0
  0
VERTEX
  5
17E
  8
LAYER_01
 10
798.1780381519268
 20
1071.212448900929
 30
0.0
  0
VERTEX
  5
17F
  8
LAYER_01
 10
790.6310969021697
 20
1073.838221391858
 30
0.0
  0
VERTEX
  5
180
  8
LAYER_01
 10
783.1762244203205
 20
1076.6173451865
 30
0.0
  0
VERTEX
  5
181
  8
LAYER_01
 10
775.7843324970456
 20
1079.559863517582
 30
0.0
  0
VERTEX
  5
182
  8
LAYER_01
 10
768.5046362737132
 20
1082.644931345962
 30
0.0
  0
VERTEX
  5
183
  8
LAYER_01
 10
761.2943886275477
 20
1085.889010669645
 30
0.0
  0
VERTEX
  5
184
  8
LAYER_01
 10
754.2143217787154
 20
1089.262686088944
 30
0.0
  0
VERTEX
  5
185
  8
LAYER_01
 10
747.209762891511
 20
1092.790433770365
 30
0.0
  0
VERTEX
  5
186
  8
LAYER_01
 10
740.3523728479572
 20
1096.43414540742
 30
0.0
  0
VERTEX
  5
187
  8
LAYER_01
 10
733.5760655739714
 20
1100.226524333271
 30
0.0
  0
VERTEX
  5
188
  8
LAYER_01
 10
726.961235675308
 20
1104.119752351991
 30
0.0
  0
VERTEX
  5
189
  8
LAYER_01
 10
720.432573837664
 20
1108.155788376792
 30
0.0
  0
VERTEX
  5
18A
  8
LAYER_01
 10
714.0785107775009
 20
1112.277180504635
 30
0.0
  0
VERTEX
  5
18B
  8
LAYER_01
 10
707.8151653959089
 20
1116.535170545957
 30
0.0
  0
VERTEX
  5
18C
  8
LAYER_01
 10
701.7365857223178
 20
1120.862276563161
 30
0.0
  0
VERTEX
  5
18D
  8
LAYER_01
 10
695.752728087286
 20
1125.319436749711
 30
0.0
  0
VERTEX
  5
18E
  8
LAYER_01
 10
686.5141034711928
 20
1132.612022279981
 30
0.0
  0
VERTEX
  5
18F
  8
LAYER_01
 10
695.752728087286
 20
1139.90460781025
 30
0.0
  0
VERTEX
  5
190
  8
LAYER_01
 10
701.7365857223178
 20
1144.3617679968
 30
0.0
  0
VERTEX
  5
191
  8
LAYER_01
 10
707.8151653959089
 20
1148.688874014004
 30
0.0
  0
VERTEX
  5
192
  8
LAYER_01
 10
714.0785107775009
 20
1152.946864055326
 30
0.0
  0
VERTEX
  5
193
  8
LAYER_01
 10
720.432573837664
 20
1157.06825618317
 30
0.0
  0
VERTEX
  5
194
  8
LAYER_01
 10
726.961235675308
 20
1161.104292207971
 30
0.0
  0
VERTEX
  5
195
  8
LAYER_01
 10
733.5760655739714
 20
1164.997520226691
 30
0.0
  0
VERTEX
  5
196
  8
LAYER_01
 10
740.3523728479572
 20
1168.789899152541
 30
0.0
  0
VERTEX
  5
197
  8
LAYER_01
 10
747.209762891511
 20
1172.433610789597
 30
0.0
  0
VERTEX
  5
198
  8
LAYER_01
 10
754.2143217787154
 20
1175.961358471017
 30
0.0
  0
VERTEX
  5
199
  8
LAYER_01
 10
761.2943886275478
 20
1179.335033890316
 30
0.0
  0
VERTEX
  5
19A
  8
LAYER_01
 10
768.5046362737132
 20
1182.579113213999
 30
0.0
  0
VERTEX
  5
19B
  8
LAYER_01
 10
775.7843324970456
 20
1185.664181042379
 30
0.0
  0
VERTEX
  5
19C
  8
LAYER_01
 10
783.1762244203205
 20
1188.606699373461
 30
0.0
  0
VERTEX
  5
19D
  8
LAYER_01
 10
790.6310969021697
 20
1191.385823168103
 30
0.0
  0
VERTEX
  5
19E
  8
LAYER_01
 10
798.1780381519268
 20
1194.011595659032
 30
0.0
  0
VERTEX
  5
19F
  8
LAYER_01
 10
805.781085127036
 20
1196.470159690023
 30
0.0
  0
VERTEX
  5
1A0
  8
LAYER_01
 10
813.4553682158132
 20
1198.765512151912
 30
0.0
  0
VERTEX
  5
1A1
  8
LAYER_01
 10
821.1785747947623
 20
1200.890482000183
 30
0.0
  0
VERTEX
  5
1A2
  8
LAYER_01
 10
828.9508001280772
 20
1202.845048262603
 30
0.0
  0
VERTEX
  5
1A3
  8
LAYER_01
 10
836.7644628996898
 20
1204.626703241609
 30
0.0
  0
VERTEX
  5
1A4
  8
LAYER_01
 10
844.6045930958842
 20
1206.231881403143
 30
0.0
  0
VERTEX
  5
1A5
  8
LAYER_01
 10
852.4784861172393
 20
1207.662320850718
 30
0.0
  0
VERTEX
  5
1A6
  8
LAYER_01
 10
860.3558085754885
 20
1208.913189588319
 30
0.0
  0
VERTEX
  5
1A7
  8
LAYER_01
 10
868.2590374109703
 20
1209.988189381029
 30
0.0
  0
VERTEX
  5
1A8
  8
LAYER_01
 10
876.1427352038315
 20
1210.881706797894
 30
0.0
  0
VERTEX
  5
1A9
  8
LAYER_01
 10
884.0444247412552
 20
1211.598950107662
 30
0.0
  0
VERTEX
  5
1AA
  8
LAYER_01
 10
891.904073992486
 20
1212.135831622682
 30
0.0
  0
VERTEX
  5
1AB
  8
LAYER_01
 10
899.7737508612386
 20
1212.496754994174
 30
0.0
  0
VERTEX
  5
1AC
  8
LAYER_01
 10
907.5793555688487
 20
1212.679575676897
 30
0.0
  0
VERTEX
  5
1AD
  8
LAYER_01
 10
915.3870994255961
 20
1212.687471786411
 30
0.0
  0
VERTEX
  5
1AE
  8
LAYER_01
 10
923.1100628934053
 20
1212.522348399656
 30
0.0
  0
VERTEX
  5
1AF
  8
LAYER_01
 10
930.8273621058308
 20
1212.184040381871
 30
0.0
  0
VERTEX
  5
1B0
  8
LAYER_01
 10
938.439989537253
 20
1211.678781811039
 30
0.0
  0
VERTEX
  5
1B1
  8
LAYER_01
 10
946.0393523283838
 20
1211.002754262857
 30
0.0
  0
VERTEX
  5
1B2
  8
LAYER_01
 10
953.5161917248238
 20
1210.168246618672
 30
0.0
  0
VERTEX
  5
1B3
  8
LAYER_01
 10
960.9724017191113
 20
1209.166069141045
 30
0.0
  0
VERTEX
  5
1B4
  8
LAYER_01
 10
968.2893227228903
 20
1208.014661308971
 30
0.0
  0
VERTEX
  5
1B5
  8
LAYER_01
 10
975.5785222467018
 20
1206.699230597148
 30
0.0
  0
VERTEX
  5
1B6
  8
LAYER_01
 10
982.7141124068357
 20
1205.245539821443
 30
0.0
  0
VERTEX
  5
1B7
  8
LAYER_01
 10
989.8152978736844
 20
1203.632146866744
 30
0.0
  0
VERTEX
  5
1B8
  8
LAYER_01
 10
996.1557531109381
 20
1202.047715421463
 30
0.0
 42
-0.352795270839639
  0
SEQEND
  5
1B9
  8
LAYER_01
  0
POLYLINE
  5
1BA
  8
LAYER_01
 66
     1
 10
0.0
 20
0.0
 30
0.0
 70
     1
  0
VERTEX
  5
1BB
  8
LAYER_01
 10
616.3094305091604
 20
1093.557472661032
 30
0.0
 42
0.0227794587239416
  0
VERTEX
  5
1BC
  8
LAYER_01
 10
575.416850713131
 20
1132.612022279981
 30
0.0
 42
0.0227794587239415
  0
VERTEX
  5
1BD
  8
LAYER_01
 10
616.3094305091602
 20
1171.666571898929
 30
0.0
 42
0.0227794587239368
  0
VERTEX
  5
1BE
  8
LAYER_01
 10
657.2020103051898
 20
1132.612022279981
 30
0.0
 42
0.0227794587239195
  0
SEQEND
  5
1BF
  8
LAYER_01
  0
POLYLINE
  5
1C0
  8
LAYER_01
 66
     1
 10
0.0
 20
0.0
 30
0.0
 70
     1
  0
VERTEX
  5
1C1
  8
LAYER_01
 10
236.4631079073827
 20
1202.047715421463
 30
0.0
 42
0.805895985027624
  0
VERTEX
  5
1C2
  8
LAYER_01
 10
236.4631079073826
 20
1063.176329138498
 30
0.0
  0
VERTEX
  5
1C3
  8
LAYER_01
 10
242.8035631446365
 20
1061.591897693217
 30
0.0
  0
VERTEX
  5
1C4
  8
LAYER_01
 10
249.904748611485
 20
1059.978504738519
 30
0.0
  0
VERTEX
  5
1C5
  8
LAYER_01
 10
257.040338771619
 20
1058.524813962814
 30
0.0
  0
VERTEX
  5
1C6
  8
LAYER_01
 10
264.3295382954304
 20
1057.209383250991
 30
0.0
  0
VERTEX
  5
1C7
  8
LAYER_01
 10
271.6464592992094
 20
1056.057975418916
 30
0.0
  0
VERTEX
  5
1C8
  8
LAYER_01
 10
279.102669293497
 20
1055.055797941289
 30
0.0
  0
VERTEX
  5
1C9
  8
LAYER_01
 10
286.579508689937
 20
1054.221290297105
 30
0.0
  0
VERTEX
  5
1CA
  8
LAYER_01
 10
294.1788714810679
 20
1053.545262748922
 30
0.0
  0
VERTEX
  5
1CB
  8
LAYER_01
 10
301.7914989124898
 20
1053.040004178091
 30
0.0
  0
VERTEX
  5
1CC
  8
LAYER_01
 10
309.5087981249155
 20
1052.701696160305
 30
0.0
  0
VERTEX
  5
1CD
  8
LAYER_01
 10
317.2317615927245
 20
1052.53657277355
 30
0.0
  0
VERTEX
  5
1CE
  8
LAYER_01
 10
325.039505449472
 20
1052.544468883064
 30
0.0
  0
VERTEX
  5
1CF
  8
LAYER_01
 10
332.8451101570822
 20
1052.727289565787
 30
0.0
  0
VERTEX
  5
1D0
  8
LAYER_01
 10
340.7147870258349
 20
1053.088212937279
 30
0.0
  0
VERTEX
  5
1D1
  8
LAYER_01
 10
348.5744362770656
 20
1053.625094452299
 30
0.0
  0
VERTEX
  5
1D2
  8
LAYER_01
 10
356.4761258144893
 20
1054.342337762067
 30
0.0
  0
VERTEX
  5
1D3
  8
LAYER_01
 10
364.3598236073504
 20
1055.235855178933
 30
0.0
  0
VERTEX
  5
1D4
  8
LAYER_01
 10
372.2630524428323
 20
1056.310854971642
 30
0.0
  0
VERTEX
  5
1D5
  8
LAYER_01
 10
380.1403749010815
 20
1057.561723709244
 30
0.0
  0
VERTEX
  5
1D6
  8
LAYER_01
 10
388.0142679224367
 20
1058.992163156819
 30
0.0
  0
VERTEX
  5
1D7
  8
LAYER_01
 10
395.8543981186311
 20
1060.597341318352
 30
0.0
  0
VERTEX
  5
1D8
  8
LAYER_01
 10
403.6680608902437
 20
1062.378996297359
 30
0.0
  0
VERTEX
  5
1D9
  8
LAYER_01
 10
411.4402862235586
 20
1064.333562559778
 30
0.0
  0
VERTEX
  5
1DA
  8
LAYER_01
 10
419.1634928025076
 20
1066.45853240805
 30
0.0
  0
VERTEX
  5
1DB
  8
LAYER_01
 10
426.8377758912847
 20
1068.753884869938
 30
0.0
  0
VERTEX
  5
1DC
  8
LAYER_01
 10
434.4408228663939
 20
1071.212448900929
 30
0.0
  0
VERTEX
  5
1DD
  8
LAYER_01
 10
441.987764116151
 20
1073.838221391858
 30
0.0
  0
VERTEX
  5
1DE
  8
LAYER_01
 10
449.4426365980002
 20
1076.6173451865
 30
0.0
  0
VERTEX
  5
1DF
  8
LAYER_01
 10
456.834528521275
 20
1079.559863517582
 30
0.0
  0
VERTEX
  5
1E0
  8
LAYER_01
 10
464.1142247446074
 20
1082.644931345962
 30
0.0
  0
VERTEX
  5
1E1
  8
LAYER_01
 10
471.3244723907729
 20
1085.889010669645
 30
0.0
  0
VERTEX
  5
1E2
  8
LAYER_01
 10
478.4045392396055
 20
1089.262686088944
 30
0.0
  0
VERTEX
  5
1E3
  8
LAYER_01
 10
485.4090981268098
 20
1092.790433770365
 30
0.0
  0
VERTEX
  5
1E4
  8
LAYER_01
 10
492.2664881703635
 20
1096.43414540742
 30
0.0
  0
VERTEX
  5
1E5
  8
LAYER_01
 10
499.0427954443494
 20
1100.226524333271
 30
0.0
  0
VERTEX
  5
1E6
  8
LAYER_01
 10
505.6576253430129
 20
1104.119752351991
 30
0.0
  0
VERTEX
  5
1E7
  8
LAYER_01
 10
512.1862871806568
 20
1108.155788376792
 30
0.0
  0
VERTEX
  5
1E8
  8
LAYER_01
 10
518.5403502408199
 20
1112.277180504635
 30
0.0
  0
VERTEX
  5
1E9
  8
LAYER_01
 10
524.803695622412
 20
1116.535170545957
 30
0.0
  0
VERTEX
  5
1EA
  8
LAYER_01
 10
530.882275296003
 20
1120.862276563161
 30
0.0
  0
VERTEX
  5
1EB
  8
LAYER_01
 10
536.8661329310349
 20
1125.319436749711
 30
0.0
  0
VERTEX
  5
1EC
  8
LAYER_01
 10
546.104757547128
 20
1132.612022279981
 30
0.0
  0
VERTEX
  5
1ED
  8
LAYER_01
 10
536.8661329310349
 20
1139.90460781025
 30
0.0
  0
VERTEX
  5
1EE
  8
LAYER_01
 10
530.882275296003
 20
1144.3617679968
 30
0.0
  0
VERTEX
  5
1EF
  8
LAYER_01
 10
524.8036956224119
 20
1148.688874014004
 30
0.0
  0
VERTEX
  5
1F0
  8
LAYER_01
 10
518.5403502408199
 20
1152.946864055326
 30
0.0
  0
VERTEX
  5
1F1
  8
LAYER_01
 10
512.1862871806568
 20
1157.06825618317
 30
0.0
  0
VERTEX
  5
1F2
  8
LAYER_01
 10
505.6576253430128
 20
1161.104292207971
 30
0.0
  0
VERTEX
  5
1F3
  8
LAYER_01
 10
499.0427954443494
 20
1164.997520226691
 30
0.0
  0
VERTEX
  5
1F4
  8
LAYER_01
 10
492.2664881703636
 20
1168.789899152541
 30
0.0
  0
VERTEX
  5
1F5
  8
LAYER_01
 10
485.4090981268098
 20
1172.433610789597
 30
0.0
  0
VERTEX
  5
1F6
  8
LAYER_01
 10
478.4045392396055
 20
1175.961358471017
 30
0.0
  0
VERTEX
  5
1F7
  8
LAYER_01
 10
471.324472390773
 20
1179.335033890316
 30
0.0
  0
VERTEX
  5
1F8
  8
LAYER_01
 10
464.1142247446074
 20
1182.579113213999
 30
0.0
  0
VERTEX
  5
1F9
  8
LAYER_01
 10
456.834528521275
 20
1185.664181042379
 30
0.0
  0
VERTEX
  5
1FA
  8
LAYER_01
 10
449.4426365980001
 20
1188.606699373461
 30
0.0
  0
VERTEX
  5
1FB
  8
LAYER_01
 10
441.987764116151
 20
1191.385823168103
 30
0.0
  0
VERTEX
  5
1FC
  8
LAYER_01
 10
434.4408228663939
 20
1194.011595659032
 30
0.0
  0
VERTEX
  5
1FD
  8
LAYER_01
 10
426.8377758912847
 20
1196.470159690023
 30
0.0
  0
VERTEX
  5
1FE
  8
LAYER_01
 10
419.1634928025076
 20
1198.765512151912
 30
0.0
  0
VERTEX
  5
1FF
  8
LAYER_01
 10
411.4402862235586
 20
1200.890482000183
 30
0.0
  0
VERTEX
  5
200
  8
LAYER_01
 10
403.6680608902436
 20
1202.845048262603
 30
0.0
  0
VERTEX
  5
201
  8
LAYER_01
 10
395.854398118631
 20
1204.626703241609
 30
0.0
  0
VERTEX
  5
202
  8
LAYER_01
 10
388.0142679224367
 20
1206.231881403143
 30
0.0
  0
VERTEX
  5
203
  8
LAYER_01
 10
380.1403749010815
 20
1207.662320850718
 30
0.0
  0
VERTEX
  5
204
  8
LAYER_01
 10
372.2630524428324
 20
1208.913189588319
 30
0.0
  0
VERTEX
  5
205
  8
LAYER_01
 10
364.3598236073504
 20
1209.988189381029
 30
0.0
  0
VERTEX
  5
206
  8
LAYER_01
 10
356.4761258144891
 20
1210.881706797894
 30
0.0
  0
VERTEX
  5
207
  8
LAYER_01
 10
348.5744362770655
 20
1211.598950107662
 30
0.0
  0
VERTEX
  5
208
  8
LAYER_01
 10
340.7147870258349
 20
1212.135831622682
 30
0.0
  0
VERTEX
  5
209
  8
LAYER_01
 10
332.8451101570822
 20
1212.496754994174
 30
0.0
  0
VERTEX
  5
20A
  8
LAYER_01
 10
325.039505449472
 20
1212.679575676897
 30
0.0
  0
VERTEX
  5
20B
  8
LAYER_01
 10
317.2317615927245
 20
1212.687471786411
 30
0.0
  0
VERTEX
  5
20C
  8
LAYER_01
 10
309.5087981249155
 20
1212.522348399656
 30
0.0
  0
VERTEX
  5
20D
  8
LAYER_01
 10
301.7914989124898
 20
1212.184040381871
 30
0.0
  0
VERTEX
  5
20E
  8
LAYER_01
 10
294.1788714810679
 20
1211.678781811039
 30
0.0
  0
VERTEX
  5
20F
  8
LAYER_01
 10
286.5795086899369
 20
1211.002754262857
 30
0.0
  0
VERTEX
  5
210
  8
LAYER_01
 10
279.1026692934969
 20
1210.168246618672
 30
0.0
  0
VERTEX
  5
211
  8
LAYER_01
 10
271.6464592992095
 20
1209.166069141045
 30
0.0
  0
VERTEX
  5
212
  8
LAYER_01
 10
264.3295382954304
 20
1208.014661308971
 30
0.0
  0
VERTEX
  5
213
  8
LAYER_01
 10
257.040338771619
 20
1206.699230597148
 30
0.0
  0
VERTEX
  5
214
  8
LAYER_01
 10
249.904748611485
 20
1205.245539821443
 30
0.0
  0
VERTEX
  5
215
  8
LAYER_01
 10
242.8035631446365
 20
1203.632146866744
 30
0.0
  0
SEQEND
  5
216
  8
LAYER_01
  0
POLYLINE
  5
217
  8
LAYER_01
 66
     1
 10
0.0
 20
0.0
 30
0.0
 70
     1
  0
VERTEX
  5
218
  8
LAYER_01
 10
1001.996598274671
 20
1226.360280393727
 30
0.0
  0
VERTEX
  5
219
  8
LAYER_01
 10
995.958415891461
 20
1227.867812201885
 30
0.0
  0
VERTEX
  5
21A
  8
LAYER_01
 10
989.8941392140375
 20
1229.266698866518
 30
0.0
  0
VERTEX
  5
21B
  8
LAYER_01
 10
979.2383291080719
 20
1231.451681681517
 30
0.0
  0
VERTEX
  5
21C
  8
LAYER_01
 10
968.5201558093422
 20
1233.306943359405
 30
0.0
  0
VERTEX
  5
21D
  8
LAYER_01
 10
957.5295904861911
 20
1234.861716066642
 30
0.0
  0
VERTEX
  5
21E
  8
LAYER_01
 10
946.4962483023224
 20
1236.076643142483
 30
0.0
  0
VERTEX
  5
21F
  8
LAYER_01
 10
935.2212020483881
 20
1236.967197348201
 30
0.0
  0
VERTEX
  5
220
  8
LAYER_01
 10
923.9240049690113
 20
1237.509140255127
 30
0.0
  0
VERTEX
  5
221
  8
LAYER_01
 10
912.5039880061785
 20
1237.704981595792
 30
0.0
  0
VERTEX
  5
222
  8
LAYER_01
 10
900.9996033175006
 20
1237.548325069043
 30
0.0
  0
VERTEX
  5
223
  8
LAYER_01
 10
889.4259614768569
 20
1237.033570269668
 30
0.0
  0
VERTEX
  5
224
  8
LAYER_01
 10
877.8315314689723
 20
1236.160088552096
 30
0.0
  0
VERTEX
  5
225
  8
LAYER_01
 10
866.1942679422635
 20
1234.922802533214
 30
0.0
  0
VERTEX
  5
226
  8
LAYER_01
 10
854.6004310575065
 20
1233.329008311311
 30
0.0
  0
VERTEX
  5
227
  8
LAYER_01
 10
843.0165991967461
 20
1231.373649360688
 30
0.0
  0
VERTEX
  5
228
  8
LAYER_01
 10
835.6362467739896
 20
1229.93702244463
 30
0.0
 42
-0.4486669317008838
  0
VERTEX
  5
229
  8
LAYER_01
 10
1077.683216414003
 20
1505.96597350374
 30
0.0
  0
VERTEX
  5
22A
  8
LAYER_01
 10
1077.683216414003
 20
1142.407415448023
 30
0.0
  0
VERTEX
  5
22B
  8
LAYER_01
 10
1076.612961959107
 20
1142.407415448023
 30
0.0
 42
0.3227748068747383
  0
SEQEND
  5
22C
  8
LAYER_01
  0
POLYLINE
  5
22D
  8
LAYER_01
 66
     1
 10
0.0
 20
0.0
 30
0.0
 70
     1
  0
VERTEX
  5
22E
  8
LAYER_01
 10
754.5060004173021
 20
1871.430521199838
 30
0.0
  0
VERTEX
  5
22F
  8
LAYER_01
 10
754.5058062646553
 20
2150.327433635632
 30
0.0
  0
VERTEX
  5
230
  8
LAYER_01
 10
652.3739917573198
 20
2150.327433635632
 30
0.0
  0
VERTEX
  5
231
  8
LAYER_01
 10
652.3739917573198
 20
1872.262451200816
 30
0.0
  0
SEQEND
  5
232
  8
LAYER_01
  0
POLYLINE
  5
233
  8
LAYER_01
 66
     1
 10
0.0
 20
0.0
 30
0.0
 70
     1
  0
VERTEX
  5
234
  8
LAYER_01
 10
810.3736011241803
 20
2150.327433635632
 30
0.0
  0
VERTEX
  5
235
  8
LAYER_01
 10
810.3736011241804
 20
1870.975444150825
 30
0.0
  0
VERTEX
  5
236
  8
LAYER_01
 10
1077.683216414003
 20
1868.798037758576
 30
0.0
  0
VERTEX
  5
237
  8
LAYER_01
 10
1077.683216414003
 20
2150.327433635632
 30
0.0
  0
SEQEND
  5
238
  8
LAYER_01
  0
POLYLINE
  5
239
  8
LAYER_01
 66
     1
 10
0.0
 20
0.0
 30
0.0
 70
     1
  0
VERTEX
  5
23A
  8
LAYER_01
 10
810.3736011241804
 20
1735.754770050274
 30
0.0
  0
VERTEX
  5
23B
  8
LAYER_01
 10
810.4162867921128
 20
1730.633483970733
 30
0.0
  0
VERTEX
  5
23C
  8
LAYER_01
 10
810.5927539863343
 20
1725.503393180647
 30
0.0
  0
VERTEX
  5
23D
  8
LAYER_01
 10
810.9057834979194
 20
1720.367960640888
 30
0.0
  0
VERTEX
  5
23E
  8
LAYER_01
 10
811.3580400131897
 20
1715.230756315438
 30
0.0
  0
VERTEX
  5
23F
  8
LAYER_01
 10
811.9520615804084
 20
1710.095452378669
 30
0.0
  0
VERTEX
  5
240
  8
LAYER_01
 10
812.690249092646
 20
1704.965817849351
 30
0.0
  0
VERTEX
  5
241
  8
LAYER_01
 10
813.5748558414256
 20
1699.845712650985
 30
0.0
  0
VERTEX
  5
242
  8
LAYER_01
 10
814.6079771982654
 20
1694.739081101964
 30
0.0
  0
VERTEX
  5
243
  8
LAYER_01
 10
815.7915404834015
 20
1689.649944843185
 30
0.0
  0
VERTEX
  5
244
  8
LAYER_01
 10
817.1272950827238
 20
1684.582395215049
 30
0.0
  0
VERTEX
  5
245
  8
LAYER_01
 10
818.6168028752749
 20
1679.540585100215
 30
0.0
  0
VERTEX
  5
246
  8
LAYER_01
 10
820.2614290344785
 20
1674.52872025299
 30
0.0
  0
VERTEX
  5
247
  8
LAYER_01
 10
822.0623332665572
 20
1669.551050140876
 30
0.0
  0
VERTEX
  5
248
  8
LAYER_01
 10
824.020461549329
 20
1664.611858328318
 30
0.0
  0
VERTEX
  5
249
  8
LAYER_01
 10
826.1365384337054
 20
1659.715452437305
 30
0.0
  0
VERTEX
  5
24A
  8
LAYER_01
 10
828.411059968746
 20
1654.866153723852
 30
0.0
  0
VERTEX
  5
24B
  8
LAYER_01
 10
830.8442873090098
 20
1650.068286313712
 30
0.0
  0
VERTEX
  5
24C
  8
LAYER_01
 10
833.4362410602184
 20
1645.326166144706
 30
0.0
  0
VERTEX
  5
24D
  8
LAYER_01
 10
836.1866964158689
 20
1640.644089666839
 30
0.0
  0
VERTEX
  5
24E
  8
LAYER_01
 10
839.0951791334498
 20
1636.026322354832
 30
0.0
  0
VERTEX
  5
24F
  8
LAYER_01
 10
842.1609623943243
 20
1631.477087090745
 30
0.0
  0
VERTEX
  5
250
  8
LAYER_01
 10
845.3830645861885
 20
1627.000552477036
 30
0.0
  0
VERTEX
  5
251
  8
LAYER_01
 10
848.7602480413277
 20
1622.600821142489
 30
0.0
  0
VERTEX
  5
252
  8
LAYER_01
 10
852.2910187577245
 20
1618.28191810512
 30
0.0
  0
VERTEX
  5
253
  8
LAYER_01
 10
855.9736271234889
 20
1614.047779257191
 30
0.0
  0
VERTEX
  5
254
  8
LAYER_01
 10
859.8060696581302
 20
1609.902240037954
 30
0.0
  0
VERTEX
  5
255
  8
LAYER_01
 10
863.7860917769663
 20
1605.849024359601
 30
0.0
  0
VERTEX
  5
256
  8
LAYER_01
 10
867.9111915775251
 20
1601.89173385112
 30
0.0
  0
VERTEX
  5
257
  8
LAYER_01
 10
872.178624639245
 20
1598.033837483402
 30
0.0
  0
VERTEX
  5
258
  8
LAYER_01
 10
876.5854098201801
 20
1594.278661636882
 30
0.0
  0
VERTEX
  5
259
  8
LAYER_01
 10
881.1283360268943
 20
1590.629380670418
 30
0.0
  0
VERTEX
  5
25A
  8
LAYER_01
 10
885.8039699263293
 20
1587.089008046884
 30
0.0
  0
VERTEX
  5
25B
  8
LAYER_01
 10
890.6086645612809
 20
1583.660388067196
 30
0.0
  0
VERTEX
  5
25C
  8
LAYER_01
 10
895.5385688242911
 20
1580.346188260221
 30
0.0
  0
VERTEX
  5
25D
  8
LAYER_01
 10
900.5896377383267
 20
1577.148892471276
 30
0.0
  0
VERTEX
  5
25E
  8
LAYER_01
 10
905.7576434866756
 20
1574.070794686785
 30
0.0
  0
VERTEX
  5
25F
  8
LAYER_01
 10
911.0381871290965
 20
1571.11399362714
 30
0.0
  0
VERTEX
  5
260
  8
LAYER_01
 10
916.4267109364725
 20
1568.280388134064
 30
0.0
  0
VERTEX
  5
261
  8
LAYER_01
 10
921.9185112721201
 20
1565.571673372756
 30
0.0
  0
VERTEX
  5
262
  8
LAYER_01
 10
927.5087519444811
 20
1562.989337862955
 30
0.0
  0
VERTEX
  5
263
  8
LAYER_01
 10
933.1924779532907
 20
1560.534661346888
 30
0.0
  0
VERTEX
  5
264
  8
LAYER_01
 10
938.9646295493988
 20
1558.208713495817
 30
0.0
  0
VERTEX
  5
265
  8
LAYER_01
 10
944.8200565273174
 20
1556.012353450834
 30
0.0
  0
VERTEX
  5
266
  8
LAYER_01
 10
950.7535326692124
 20
1553.946230187534
 30
0.0
  0
VERTEX
  5
267
  8
LAYER_01
 10
956.7597702594761
 20
1552.010783688457
 30
0.0
  0
VERTEX
  5
268
  8
LAYER_01
 10
962.8334345901728
 20
1550.206246901704
 30
0.0
  0
VERTEX
  5
269
  8
LAYER_01
 10
968.9691583795127
 20
1548.532648458979
 30
0.0
  0
VERTEX
  5
26A
  8
LAYER_01
 10
975.1615560280352
 20
1546.989816121532
 30
0.0
  0
VERTEX
  5
26B
  8
LAYER_01
 10
981.4052376403283
 20
1545.57738091815
 30
0.0
  0
VERTEX
  5
26C
  8
LAYER_01
 10
987.6948227438207
 20
1544.294781935421
 30
0.0
  0
VERTEX
  5
26D
  8
LAYER_01
 10
994.0249536403776
 20
1543.141271717155
 30
0.0
  0
VERTEX
  5
26E
  8
LAYER_01
 10
1000.390308331081
 20
1542.115922226896
 30
0.0
  0
VERTEX
  5
26F
  8
LAYER_01
 10
1006.785612959565
 20
1541.217631325131
 30
0.0
  0
VERTEX
  5
270
  8
LAYER_01
 10
1013.205653724574
 20
1540.445129710944
 30
0.0
  0
VERTEX
  5
271
  8
LAYER_01
 10
1019.64528821793
 20
1539.796988276526
 30
0.0
  0
VERTEX
  5
272
  8
LAYER_01
 10
1026.099456149743
 20
1539.271625822181
 30
0.0
  0
VERTEX
  5
273
  8
LAYER_01
 10
1032.563189428458
 20
1538.867317079089
 30
0.0
  0
VERTEX
  5
274
  8
LAYER_01
 10
1039.03162156909
 20
1538.582200987322
 30
0.0
  0
VERTEX
  5
275
  8
LAYER_01
 10
1045.499996408676
 20
1538.41428917715
 30
0.0
  0
VERTEX
  5
276
  8
LAYER_01
 10
1051.96367611361
 20
1538.361474602732
 30
0.0
  0
VERTEX
  5
277
  8
LAYER_01
 10
1064.859033445
 20
1538.592168071827
 30
0.0
  0
VERTEX
  5
278
  8
LAYER_01
 10
1077.683216414003
 20
1539.255384510202
 30
0.0
  0
VERTEX
  5
279
  8
LAYER_01
 10
1077.683216414003
 20
1820.79479107744
 30
0.0
  0
VERTEX
  5
27A
  8
LAYER_01
 10
810.3736011241804
 20
1820.79479107744
 30
0.0
  0
SEQEND
  5
27B
  8
LAYER_01
  0
POLYLINE
  5
27C
  8
LAYER_01
 66
     1
 10
0.0
 20
0.0
 30
0.0
 70
     1
  0
VERTEX
  5
27D
  8
LAYER_01
 10
645.670893174099
 20
1201.506579680018
 30
0.0
 42
0.0228751813710721
  0
VERTEX
  5
27E
  8
LAYER_01
 10
685.4049073168948
 20
1163.388404834448
 30
0.0
 42
-0.0774502244849188
  0
VERTEX
  5
27F
  8
LAYER_01
 10
789.7304324902761
 20
1217.546485652506
 30
0.0
 42
0.1120045894529739
  0
VERTEX
  5
280
  8
LAYER_01
 10
689.5509536892009
 20
1262.17509723115
 30
0.0
 42
-0.0345069413088663
  0
SEQEND
  5
281
  8
LAYER_01
  0
POLYLINE
  5
282
  8
LAYER_01
 66
     1
 10
0.0
 20
0.0
 30
0.0
 70
     1
  0
VERTEX
  5
283
  8
LAYER_01
 10
768.677445198962
 20
1284.125294149718
 30
0.0
 42
-0.3278651015795469
  0
VERTEX
  5
284
  8
LAYER_01
 10
963.0478045813699
 20
1515.30362229348
 30
0.0
 42
-0.3861493542287219
  0
VERTEX
  5
285
  8
LAYER_01
 10
754.5060947788944
 20
1735.881728984906
 30
0.0
  0
VERTEX
  5
286
  8
LAYER_01
 10
754.5060356671044
 20
1820.79479107744
 30
0.0
  0
VERTEX
  5
287
  8
LAYER_01
 10
652.3739917573198
 20
1820.79479107744
 30
0.0
  0
VERTEX
  5
288
  8
LAYER_01
 10
652.3739917573198
 20
1635.509179176994
 30
0.0
 42
-0.1724284763860231
  0
VERTEX
  5
289
  8
LAYER_01
 10
731.2205054021579
 20
1583.742438659525
 30
0.0
  0
VERTEX
  5
28A
  8
LAYER_01
 10
734.505871043011
 20
1579.247255443245
 30
0.0
  0
VERTEX
  5
28B
  8
LAYER_01
 10
737.6343332624563
 20
1574.641508305926
 30
0.0
  0
VERTEX
  5
28C
  8
LAYER_01
 10
739.1632628420566
 20
1572.259106302371
 30
0.0
  0
VERTEX
  5
28D
  8
LAYER_01
 10
740.6499302066628
 20
1569.85010498806
 30
0.0
  0
VERTEX
  5
28E
  8
LAYER_01
 10
742.0937963225713
 20
1567.415212869835
 30
0.0
  0
VERTEX
  5
28F
  8
LAYER_01
 10
743.4943221560783
 20
1564.955138454537
 30
0.0
  0
VERTEX
  5
290
  8
LAYER_01
 10
744.8712107473926
 20
1562.432746769513
 30
0.0
  0
VERTEX
  5
291
  8
LAYER_01
 10
746.2023975130948
 20
1559.885939616147
 30
0.0
  0
VERTEX
  5
292
  8
LAYER_01
 10
747.4874005873792
 20
1557.315523063462
 30
0.0
  0
VERTEX
  5
293
  8
LAYER_01
 10
748.7257381044399
 20
1554.722303180479
 30
0.0
  0
VERTEX
  5
294
  8
LAYER_01
 10
749.932626564182
 20
1552.071804238376
 30
0.0
  0
VERTEX
  5
295
  8
LAYER_01
 10
751.0906739128386
 20
1549.399603755244
 30
0.0
  0
VERTEX
  5
296
  8
LAYER_01
 10
752.1994621488889
 20
1546.706592639956
 30
0.0
  0
VERTEX
  5
297
  8
LAYER_01
 10
753.2585732708123
 20
1543.993661801387
 30
0.0
  0
VERTEX
  5
298
  8
LAYER_01
 10
754.2790584979202
 20
1541.229797760963
 30
0.0
  0
VERTEX
  5
299
  8
LAYER_01
 10
755.247959715663
 20
1538.447429422815
 30
0.0
  0
VERTEX
  5
29A
  8
LAYER_01
 10
756.1649611730834
 20
1535.647526926227
 30
0.0
  0
VERTEX
  5
29B
  8
LAYER_01
 10
757.029747119224
 20
1532.831060410485
 30
0.0
  0
VERTEX
  5
29C
  8
LAYER_01
 10
757.847943419712
 20
1529.977566106719
 30
0.0
  0
VERTEX
  5
29D
  8
LAYER_01
 10
758.6125522391284
 20
1527.109247008542
 30
0.0
  0
VERTEX
  5
29E
  8
LAYER_01
 10
759.3263421795205
 20
1524.214375668193
 30
0.0
  0
VERTEX
  5
29F
  8
LAYER_01
 10
759.985631477238
 20
1521.306607651037
 30
0.0
  0
VERTEX
  5
2A0
  8
LAYER_01
 10
760.593508931104
 20
1518.370481537334
 30
0.0
  0
VERTEX
  5
2A1
  8
LAYER_01
 10
761.1459694868604
 20
1515.423425839348
 30
0.0
  0
VERTEX
  5
2A2
  8
LAYER_01
 10
761.6428928067198
 20
1512.466496930027
 30
0.0
  0
VERTEX
  5
2A3
  8
LAYER_01
 10
762.0841585528952
 20
1509.500751182318
 30
0.0
  0
VERTEX
  5
2A4
  8
LAYER_01
 10
762.4717787642918
 20
1506.509669021233
 30
0.0
  0
VERTEX
  5
2A5
  8
LAYER_01
 10
762.8029722972143
 20
1503.511810462849
 30
0.0
  0
VERTEX
  5
2A6
  8
LAYER_01
 10
763.0777509375474
 20
1500.508251479034
 30
0.0
  0
VERTEX
  5
2A7
  8
LAYER_01
 10
763.2961264711757
 20
1497.500068041656
 30
0.0
  0
VERTEX
  5
2A8
  8
LAYER_01
 10
763.4586552665064
 20
1494.476513923966
 30
0.0
  0
VERTEX
  5
2A9
  8
LAYER_01
 10
763.5644831910025
 20
1491.450443761661
 30
0.0
  0
VERTEX
  5
2AA
  8
LAYER_01
 10
763.6137438914209
 20
1488.422917880433
 30
0.0
  0
VERTEX
  5
2AB
  8
LAYER_01
 10
763.6065710145185
 20
1485.394996605974
 30
0.0
  0
VERTEX
  5
2AC
  8
LAYER_01
 10
763.54294846117
 20
1482.362608119622
 30
0.0
  0
VERTEX
  5
2AD
  8
LAYER_01
 10
763.4230023117933
 20
1479.331926035134
 30
0.0
  0
VERTEX
  5
2AE
  8
LAYER_01
 10
763.2468359108016
 20
1476.302595231063
 30
0.0
  0
VERTEX
  5
2AF
  8
LAYER_01
 10
763.0148081521211
 20
1473.277027557228
 30
0.0
  0
VERTEX
  5
2B0
  8
LAYER_01
 10
762.7272580851204
 20
1470.256332501252
 30
0.0
  0
VERTEX
  5
2B1
  8
LAYER_01
 10
761.9643593610023
 20
1464.055307367255
 30
0.0
  0
VERTEX
  5
2B2
  8
LAYER_01
 10
759.2601464077366
 20
1446.507047977479
 30
0.0
  0
VERTEX
  5
2B3
  8
LAYER_01
 10
756.72325267988
 20
1432.74049395611
 30
0.0
  0
VERTEX
  5
2B4
  8
LAYER_01
 10
753.8251245749555
 20
1419.045484760918
 30
0.0
  0
VERTEX
  5
2B5
  8
LAYER_01
 10
750.617201565775
 20
1405.648213744553
 30
0.0
  0
VERTEX
  5
2B6
  8
LAYER_01
 10
747.0543189070376
 20
1392.3409817552
 30
0.0
  0
VERTEX
  5
2B7
  8
LAYER_01
 10
743.1909163398686
 20
1379.313280261625
 30
0.0
  0
VERTEX
  5
2B8
  8
LAYER_01
 10
738.9811566957358
 20
1366.393361159992
 30
0.0
  0
VERTEX
  5
2B9
  8
LAYER_01
 10
734.4796487878307
 20
1353.735892098488
 30
0.0
  0
VERTEX
  5
2BA
  8
LAYER_01
 10
729.6424973413732
 20
1341.202865163414
 30
0.0
  0
VERTEX
  5
2BB
  8
LAYER_01
 10
724.5209974618392
 20
1328.91618074547
 30
0.0
  0
VERTEX
  5
2BC
  8
LAYER_01
 10
719.0761290725061
 20
1316.769337428996
 30
0.0
  0
VERTEX
  5
2BD
  8
LAYER_01
 10
712.5426284394988
 20
1303.227976679975
 30
0.0
 42
-0.0536523943889517
  0
SEQEND
  5
2BE
  8
LAYER_01
  0
POLYLINE
  5
2BF
  8
LAYER_01
 66
     1
 10
0.0
 20
0.0
 30
0.0
 70
     1
  0
VERTEX
  5
2C0
  8
LAYER_01
 10
230.6222627436497
 20
1226.360280393727
 30
0.0
  0
VERTEX
  5
2C1
  8
LAYER_01
 10
236.6604451268599
 20
1227.867812201885
 30
0.0
  0
VERTEX
  5
2C2
  8
LAYER_01
 10
242.7247218042833
 20
1229.266698866518
 30
0.0
  0
VERTEX
  5
2C3
  8
LAYER_01
 10
253.3805319102489
 20
1231.451681681517
 30
0.0
  0
VERTEX
  5
2C4
  8
LAYER_01
 10
264.0987052089786
 20
1233.306943359405
 30
0.0
  0
VERTEX
  5
2C5
  8
LAYER_01
 10
275.0892705321297
 20
1234.861716066642
 30
0.0
  0
VERTEX
  5
2C6
  8
LAYER_01
 10
286.1226127159983
 20
1236.076643142483
 30
0.0
  0
VERTEX
  5
2C7
  8
LAYER_01
 10
297.3976589699327
 20
1236.967197348201
 30
0.0
  0
VERTEX
  5
2C8
  8
LAYER_01
 10
308.6948560493094
 20
1237.509140255127
 30
0.0
  0
VERTEX
  5
2C9
  8
LAYER_01
 10
320.1148730121423
 20
1237.704981595792
 30
0.0
  0
VERTEX
  5
2CA
  8
LAYER_01
 10
331.6192577008202
 20
1237.548325069043
 30
0.0
  0
VERTEX
  5
2CB
  8
LAYER_01
 10
343.192899541464
 20
1237.033570269668
 30
0.0
  0
VERTEX
  5
2CC
  8
LAYER_01
 10
354.7873295493485
 20
1236.160088552096
 30
0.0
  0
VERTEX
  5
2CD
  8
LAYER_01
 10
366.4245930760572
 20
1234.922802533214
 30
0.0
  0
VERTEX
  5
2CE
  8
LAYER_01
 10
378.0184299608142
 20
1233.329008311311
 30
0.0
  0
VERTEX
  5
2CF
  8
LAYER_01
 10
389.6022618215746
 20
1231.373649360688
 30
0.0
  0
VERTEX
  5
2D0
  8
LAYER_01
 10
396.9826142443305
 20
1229.93702244463
 30
0.0
 42
0.4486669317009015
  0
VERTEX
  5
2D1
  8
LAYER_01
 10
154.9356446043181
 20
1505.96597350374
 30
0.0
  0
VERTEX
  5
2D2
  8
LAYER_01
 10
154.9356446043181
 20
1142.407415448023
 30
0.0
  0
VERTEX
  5
2D3
  8
LAYER_01
 10
156.0058990592142
 20
1142.407415448023
 30
0.0
 42
-0.3227748068747397
  0
SEQEND
  5
2D4
  8
LAYER_01
  0
POLYLINE
  5
2D5
  8
LAYER_01
 66
     1
 10
0.0
 20
0.0
 30
0.0
 70
     1
  0
VERTEX
  5
2D6
  8
LAYER_01
 10
478.1128606010187
 20
1871.430521199838
 30
0.0
  0
VERTEX
  5
2D7
  8
LAYER_01
 10
478.1130547536655
 20
2150.327433635632
 30
0.0
  0
VERTEX
  5
2D8
  8
LAYER_01
 10
580.244869261001
 20
2150.327433635632
 30
0.0
  0
VERTEX
  5
2D9
  8
LAYER_01
 10
580.244869261001
 20
1872.262451200816
 30
0.0
  0
SEQEND
  5
2DA
  8
LAYER_01
  0
POLYLINE
  5
2DB
  8
LAYER_01
 66
     1
 10
0.0
 20
0.0
 30
0.0
 70
     1
  0
VERTEX
  5
2DC
  8
LAYER_01
 10
422.2452598941405
 20
2150.327433635632
 30
0.0
  0
VERTEX
  5
2DD
  8
LAYER_01
 10
422.2452598941404
 20
1870.975444150825
 30
0.0
  0
VERTEX
  5
2DE
  8
LAYER_01
 10
154.9356446043181
 20
1868.798037758576
 30
0.0
  0
VERTEX
  5
2DF
  8
LAYER_01
 10
154.9356446043181
 20
2150.327433635632
 30
0.0
  0
SEQEND
  5
2E0
  8
LAYER_01
  0
POLYLINE
  5
2E1
  8
LAYER_01
 66
     1
 10
0.0
 20
0.0
 30
0.0
 70
     1
  0
VERTEX
  5
2E2
  8
LAYER_01
 10
422.2452598941405
 20
1735.754770050274
 30
0.0
  0
VERTEX
  5
2E3
  8
LAYER_01
 10
422.202574226208
 20
1730.633483970733
 30
0.0
  0
VERTEX
  5
2E4
  8
LAYER_01
 10
422.0261070319864
 20
1725.503393180647
 30
0.0
  0
VERTEX
  5
2E5
  8
LAYER_01
 10
421.7130775204014
 20
1720.367960640888
 30
0.0
  0
VERTEX
  5
2E6
  8
LAYER_01
 10
421.2608210051312
 20
1715.230756315438
 30
0.0
  0
VERTEX
  5
2E7
  8
LAYER_01
 10
420.6667994379125
 20
1710.095452378669
 30
0.0
  0
VERTEX
  5
2E8
  8
LAYER_01
 10
419.9286119256747
 20
1704.965817849351
 30
0.0
  0
VERTEX
  5
2E9
  8
LAYER_01
 10
419.0440051768952
 20
1699.845712650985
 30
0.0
  0
VERTEX
  5
2EA
  8
LAYER_01
 10
418.0108838200555
 20
1694.739081101964
 30
0.0
  0
VERTEX
  5
2EB
  8
LAYER_01
 10
416.8273205349195
 20
1689.649944843185
 30
0.0
  0
VERTEX
  5
2EC
  8
LAYER_01
 10
415.4915659355972
 20
1684.582395215049
 30
0.0
  0
VERTEX
  5
2ED
  8
LAYER_01
 10
414.0020581430461
 20
1679.540585100215
 30
0.0
  0
VERTEX
  5
2EE
  8
LAYER_01
 10
412.3574319838426
 20
1674.52872025299
 30
0.0
  0
VERTEX
  5
2EF
  8
LAYER_01
 10
410.5565277517638
 20
1669.551050140876
 30
0.0
  0
VERTEX
  5
2F0
  8
LAYER_01
 10
408.5983994689922
 20
1664.611858328318
 30
0.0
  0
VERTEX
  5
2F1
  8
LAYER_01
 10
406.4823225846155
 20
1659.715452437305
 30
0.0
  0
VERTEX
  5
2F2
  8
LAYER_01
 10
404.2078010495749
 20
1654.866153723852
 30
0.0
  0
VERTEX
  5
2F3
  8
LAYER_01
 10
401.774573709311
 20
1650.068286313712
 30
0.0
  0
VERTEX
  5
2F4
  8
LAYER_01
 10
399.1826199581023
 20
1645.326166144706
 30
0.0
  0
VERTEX
  5
2F5
  8
LAYER_01
 10
396.4321646024517
 20
1640.644089666839
 30
0.0
  0
VERTEX
  5
2F6
  8
LAYER_01
 10
393.5236818848708
 20
1636.026322354832
 30
0.0
  0
VERTEX
  5
2F7
  8
LAYER_01
 10
390.4578986239965
 20
1631.477087090745
 30
0.0
  0
VERTEX
  5
2F8
  8
LAYER_01
 10
387.2357964321323
 20
1627.000552477036
 30
0.0
  0
VERTEX
  5
2F9
  8
LAYER_01
 10
383.858612976993
 20
1622.600821142489
 30
0.0
  0
VERTEX
  5
2FA
  8
LAYER_01
 10
380.3278422605961
 20
1618.28191810512
 30
0.0
  0
VERTEX
  5
2FB
  8
LAYER_01
 10
376.6452338948317
 20
1614.047779257191
 30
0.0
  0
VERTEX
  5
2FC
  8
LAYER_01
 10
372.8127913601904
 20
1609.902240037954
 30
0.0
  0
VERTEX
  5
2FD
  8
LAYER_01
 10
368.8327692413546
 20
1605.849024359601
 30
0.0
  0
VERTEX
  5
2FE
  8
LAYER_01
 10
364.7076694407957
 20
1601.89173385112
 30
0.0
  0
VERTEX
  5
2FF
  8
LAYER_01
 10
360.4402363790759
 20
1598.033837483402
 30
0.0
  0
VERTEX
  5
300
  8
LAYER_01
 10
356.0334511981407
 20
1594.278661636882
 30
0.0
  0
VERTEX
  5
301
  8
LAYER_01
 10
351.4905249914263
 20
1590.629380670418
 30
0.0
  0
VERTEX
  5
302
  8
LAYER_01
 10
346.8148910919915
 20
1587.089008046884
 30
0.0
  0
VERTEX
  5
303
  8
LAYER_01
 10
342.01019645704
 20
1583.660388067196
 30
0.0
  0
VERTEX
  5
304
  8
LAYER_01
 10
337.0802921940299
 20
1580.346188260221
 30
0.0
  0
VERTEX
  5
305
  8
LAYER_01
 10
332.0292232799943
 20
1577.148892471276
 30
0.0
  0
VERTEX
  5
306
  8
LAYER_01
 10
326.8612175316452
 20
1574.070794686785
 30
0.0
  0
VERTEX
  5
307
  8
LAYER_01
 10
321.5806738892246
 20
1571.11399362714
 30
0.0
  0
VERTEX
  5
308
  8
LAYER_01
 10
316.1921500818483
 20
1568.280388134064
 30
0.0
  0
VERTEX
  5
309
  8
LAYER_01
 10
310.7003497462008
 20
1565.571673372756
 30
0.0
  0
VERTEX
  5
30A
  8
LAYER_01
 10
305.1101090738396
 20
1562.989337862955
 30
0.0
  0
VERTEX
  5
30B
  8
LAYER_01
 10
299.4263830650301
 20
1560.534661346888
 30
0.0
  0
VERTEX
  5
30C
  8
LAYER_01
 10
293.654231468922
 20
1558.208713495817
 30
0.0
  0
VERTEX
  5
30D
  8
LAYER_01
 10
287.7988044910034
 20
1556.012353450834
 30
0.0
  0
VERTEX
  5
30E
  8
LAYER_01
 10
281.8653283491082
 20
1553.946230187534
 30
0.0
  0
VERTEX
  5
30F
  8
LAYER_01
 10
275.8590907588446
 20
1552.010783688457
 30
0.0
  0
VERTEX
  5
310
  8
LAYER_01
 10
269.785426428148
 20
1550.206246901704
 30
0.0
  0
VERTEX
  5
311
  8
LAYER_01
 10
263.6497026388082
 20
1548.532648458979
 30
0.0
  0
VERTEX
  5
312
  8
LAYER_01
 10
257.4573049902858
 20
1546.989816121532
 30
0.0
  0
VERTEX
  5
313
  8
LAYER_01
 10
251.2136233779925
 20
1545.57738091815
 30
0.0
  0
VERTEX
  5
314
  8
LAYER_01
 10
244.9240382745002
 20
1544.294781935421
 30
0.0
  0
VERTEX
  5
315
  8
LAYER_01
 10
238.5939073779433
 20
1543.141271717155
 30
0.0
  0
VERTEX
  5
316
  8
LAYER_01
 10
232.2285526872399
 20
1542.115922226896
 30
0.0
  0
VERTEX
  5
317
  8
LAYER_01
 10
225.8332480587561
 20
1541.217631325131
 30
0.0
  0
VERTEX
  5
318
  8
LAYER_01
 10
219.4132072937466
 20
1540.445129710944
 30
0.0
  0
VERTEX
  5
319
  8
LAYER_01
 10
212.9735728003904
 20
1539.796988276526
 30
0.0
  0
VERTEX
  5
31A
  8
LAYER_01
 10
206.5194048685781
 20
1539.271625822181
 30
0.0
  0
VERTEX
  5
31B
  8
LAYER_01
 10
200.0556715898623
 20
1538.867317079089
 30
0.0
  0
VERTEX
  5
31C
  8
LAYER_01
 10
193.5872394492302
 20
1538.582200987322
 30
0.0
  0
VERTEX
  5
31D
  8
LAYER_01
 10
187.1188646096453
 20
1538.41428917715
 30
0.0
  0
VERTEX
  5
31E
  8
LAYER_01
 10
180.6551849047108
 20
1538.361474602732
 30
0.0
  0
VERTEX
  5
31F
  8
LAYER_01
 10
167.7598275733205
 20
1538.592168071827
 30
0.0
  0
VERTEX
  5
320
  8
LAYER_01
 10
154.9356446043181
 20
1539.255384510202
 30
0.0
  0
VERTEX
  5
321
  8
LAYER_01
 10
154.9356446043181
 20
1820.79479107744
 30
0.0
  0
VERTEX
  5
322
  8
LAYER_01
 10
422.2452598941404
 20
1820.79479107744
 30
0.0
  0
SEQEND
  5
323
  8
LAYER_01
  0
POLYLINE
  5
324
  8
LAYER_01
 66
     1
 10
0.0
 20
0.0
 30
0.0
 70
     1
  0
VERTEX
  5
325
  8
LAYER_01
 10
586.9479678442219
 20
1201.506579680018
 30
0.0
 42
-0.0228751813710663
  0
VERTEX
  5
326
  8
LAYER_01
 10
547.213953701426
 20
1163.388404834448
 30
0.0
 42
0.0774502244849187
  0
VERTEX
  5
327
  8
LAYER_01
 10
442.8884285280446
 20
1217.546485652506
 30
0.0
 42
-0.1120045894529864
  0
VERTEX
  5
328
  8
LAYER_01
 10
543.0679073291197
 20
1262.17509723115
 30
0.0
 42
0.0345069413088652
  0
SEQEND
  5
329
  8
LAYER_01
  0
POLYLINE
  5
32A
  8
LAYER_01
 66
     1
 10
0.0
 20
0.0
 30
0.0
 70
     1
  0
VERTEX
  5
32B
  8
LAYER_01
 10
463.9414158193588
 20
1284.125294149718
 30
0.0
 42
0.3278651015795468
  0
VERTEX
  5
32C
  8
LAYER_01
 10
269.5710564369509
 20
1515.30362229348
 30
0.0
 42
0.3861493542287217
  0
VERTEX
  5
32D
  8
LAYER_01
 10
478.1127662394264
 20
1735.881728984906
 30
0.0
  0
VERTEX
  5
32E
  8
LAYER_01
 10
478.1128253512164
 20
1820.79479107744
 30
0.0
  0
VERTEX
  5
32F
  8
LAYER_01
 10
580.244869261001
 20
1820.79479107744
 30
0.0
  0
VERTEX
  5
330
  8
LAYER_01
 10
580.244869261001
 20
1635.509179176994
 30
0.0
 42
0.1724284763860102
  0
VERTEX
  5
331
  8
LAYER_01
 10
501.3983556161627
 20
1583.742438659525
 30
0.0
  0
VERTEX
  5
332
  8
LAYER_01
 10
498.1129899753097
 20
1579.247255443245
 30
0.0
  0
VERTEX
  5
333
  8
LAYER_01
 10
494.9845277558644
 20
1574.641508305926
 30
0.0
  0
VERTEX
  5
334
  8
LAYER_01
 10
493.4555981762642
 20
1572.259106302371
 30
0.0
  0
VERTEX
  5
335
  8
LAYER_01
 10
491.9689308116579
 20
1569.85010498806
 30
0.0
  0
VERTEX
  5
336
  8
LAYER_01
 10
490.5250646957494
 20
1567.415212869835
 30
0.0
  0
VERTEX
  5
337
  8
LAYER_01
 10
489.1245388622424
 20
1564.955138454537
 30
0.0
  0
VERTEX
  5
338
  8
LAYER_01
 10
487.7476502709282
 20
1562.432746769513
 30
0.0
  0
VERTEX
  5
339
  8
LAYER_01
 10
486.4164635052261
 20
1559.885939616147
 30
0.0
  0
VERTEX
  5
33A
  8
LAYER_01
 10
485.1314604309417
 20
1557.315523063462
 30
0.0
  0
VERTEX
  5
33B
  8
LAYER_01
 10
483.8931229138809
 20
1554.722303180479
 30
0.0
  0
VERTEX
  5
33C
  8
LAYER_01
 10
482.6862344541387
 20
1552.071804238376
 30
0.0
  0
VERTEX
  5
33D
  8
LAYER_01
 10
481.5281871054822
 20
1549.399603755244
 30
0.0
  0
VERTEX
  5
33E
  8
LAYER_01
 10
480.4193988694319
 20
1546.706592639956
 30
0.0
  0
VERTEX
  5
33F
  8
LAYER_01
 10
479.3602877475084
 20
1543.993661801387
 30
0.0
  0
VERTEX
  5
340
  8
LAYER_01
 10
478.3398025204006
 20
1541.229797760963
 30
0.0
  0
VERTEX
  5
341
  8
LAYER_01
 10
477.3709013026578
 20
1538.447429422815
 30
0.0
  0
VERTEX
  5
342
  8
LAYER_01
 10
476.4538998452375
 20
1535.647526926227
 30
0.0
  0
VERTEX
  5
343
  8
LAYER_01
 10
475.5891138990969
 20
1532.831060410485
 30
0.0
  0
VERTEX
  5
344
  8
LAYER_01
 10
474.7709175986088
 20
1529.977566106719
 30
0.0
  0
VERTEX
  5
345
  8
LAYER_01
 10
474.0063087791924
 20
1527.109247008542
 30
0.0
  0
VERTEX
  5
346
  8
LAYER_01
 10
473.2925188388004
 20
1524.214375668193
 30
0.0
  0
VERTEX
  5
347
  8
LAYER_01
 10
472.6332295410829
 20
1521.306607651037
 30
0.0
  0
VERTEX
  5
348
  8
LAYER_01
 10
472.0253520872168
 20
1518.370481537334
 30
0.0
  0
VERTEX
  5
349
  8
LAYER_01
 10
471.4728915314604
 20
1515.423425839348
 30
0.0
  0
VERTEX
  5
34A
  8
LAYER_01
 10
470.9759682116009
 20
1512.466496930027
 30
0.0
  0
VERTEX
  5
34B
  8
LAYER_01
 10
470.5347024654255
 20
1509.500751182318
 30
0.0
  0
VERTEX
  5
34C
  8
LAYER_01
 10
470.147082254029
 20
1506.509669021233
 30
0.0
  0
VERTEX
  5
34D
  8
LAYER_01
 10
469.8158887211065
 20
1503.511810462849
 30
0.0
  0
VERTEX
  5
34E
  8
LAYER_01
 10
469.5411100807734
 20
1500.508251479034
 30
0.0
  0
VERTEX
  5
34F
  8
LAYER_01
 10
469.3227345471451
 20
1497.500068041656
 30
0.0
  0
VERTEX
  5
350
  8
LAYER_01
 10
469.1602057518144
 20
1494.476513923966
 30
0.0
  0
VERTEX
  5
351
  8
LAYER_01
 10
469.0543778273183
 20
1491.450443761661
 30
0.0
  0
VERTEX
  5
352
  8
LAYER_01
 10
469.0051171269
 20
1488.422917880433
 30
0.0
  0
VERTEX
  5
353
  8
LAYER_01
 10
469.0122900038024
 20
1485.394996605974
 30
0.0
  0
VERTEX
  5
354
  8
LAYER_01
 10
469.0759125571508
 20
1482.362608119622
 30
0.0
  0
VERTEX
  5
355
  8
LAYER_01
 10
469.1958587065274
 20
1479.331926035134
 30
0.0
  0
VERTEX
  5
356
  8
LAYER_01
 10
469.3720251075191
 20
1476.302595231063
 30
0.0
  0
VERTEX
  5
357
  8
LAYER_01
 10
469.6040528661998
 20
1473.277027557228
 30
0.0
  0
VERTEX
  5
358
  8
LAYER_01
 10
469.8916029332005
 20
1470.256332501252
 30
0.0
  0
VERTEX
  5
359
  8
LAYER_01
 10
470.6545016573185
 20
1464.055307367255
 30
0.0
  0
VERTEX
  5
35A
  8
LAYER_01
 10
473.3587146105843
 20
1446.507047977479
 30
0.0
  0
VERTEX
  5
35B
  8
LAYER_01
 10
475.8956083384406
 20
1432.74049395611
 30
0.0
  0
VERTEX
  5
35C
  8
LAYER_01
 10
478.7937364433654
 20
1419.045484760918
 30
0.0
  0
VERTEX
  5
35D
  8
LAYER_01
 10
482.0016594525458
 20
1405.648213744553
 30
0.0
  0
VERTEX
  5
35E
  8
LAYER_01
 10
485.5645421112832
 20
1392.3409817552
 30
0.0
  0
VERTEX
  5
35F
  8
LAYER_01
 10
489.4279446784521
 20
1379.313280261625
 30
0.0
  0
VERTEX
  5
360
  8
LAYER_01
 10
493.637704322585
 20
1366.393361159992
 30
0.0
  0
VERTEX
  5
361
  8
LAYER_01
 10
498.1392122304901
 20
1353.735892098488
 30
0.0
  0
VERTEX
  5
362
  8
LAYER_01
 10
502.9763636769476
 20
1341.202865163414
 30
0.0
  0
VERTEX
  5
363
  8
LAYER_01
 10
508.0978635564815
 20
1328.91618074547
 30
0.0
  0
VERTEX
  5
364
  8
LAYER_01
 10
513.5427319458147
 20
1316.769337428996
 30
0.0
  0
VERTEX
  5
365
  8
LAYER_01
 10
520.076232578822
 20
1303.227976679975
 30
0.0
 42
0.0536523943889496
  0
SEQEND
  5
366
  8
LAYER_01
  0
POLYLINE
  5
367
  8
LAYER_01
 66
     1
 10
0.0
 20
0.0
 30
0.0
 70
     1
  0
VERTEX
  5
368
  8
LAYER_01
 10
1001.996598274671
 20
1038.863764166234
 30
0.0
  0
VERTEX
  5
369
  8
LAYER_01
 10
995.958415891461
 20
1037.356232358077
 30
0.0
  0
VERTEX
  5
36A
  8
LAYER_01
 10
989.8941392140375
 20
1035.957345693444
 30
0.0
  0
VERTEX
  5
36B
  8
LAYER_01
 10
979.2383291080719
 20
1033.772362878444
 30
0.0
  0
VERTEX
  5
36C
  8
LAYER_01
 10
968.5201558093422
 20
1031.917101200556
 30
0.0
  0
VERTEX
  5
36D
  8
LAYER_01
 10
957.5295904861911
 20
1030.362328493319
 30
0.0
  0
VERTEX
  5
36E
  8
LAYER_01
 10
946.4962483023224
 20
1029.147401417478
 30
0.0
  0
VERTEX
  5
36F
  8
LAYER_01
 10
935.2212020483881
 20
1028.25684721176
 30
0.0
  0
VERTEX
  5
370
  8
LAYER_01
 10
923.9240049690113
 20
1027.714904304835
 30
0.0
  0
VERTEX
  5
371
  8
LAYER_01
 10
912.5039880061785
 20
1027.519062964169
 30
0.0
  0
VERTEX
  5
372
  8
LAYER_01
 10
900.9996033175006
 20
1027.675719490918
 30
0.0
  0
VERTEX
  5
373
  8
LAYER_01
 10
889.4259614768569
 20
1028.190474290293
 30
0.0
  0
VERTEX
  5
374
  8
LAYER_01
 10
877.8315314689723
 20
1029.063956007865
 30
0.0
  0
VERTEX
  5
375
  8
LAYER_01
 10
866.1942679422635
 20
1030.301242026748
 30
0.0
  0
VERTEX
  5
376
  8
LAYER_01
 10
854.6004310575065
 20
1031.89503624865
 30
0.0
  0
VERTEX
  5
377
  8
LAYER_01
 10
843.0165991967461
 20
1033.850395199274
 30
0.0
  0
VERTEX
  5
378
  8
LAYER_01
 10
835.63624677399
 20
1035.287022115331
 30
0.0
 42
0.4486669317008991
  0
VERTEX
  5
379
  8
LAYER_01
 10
1077.683216414003
 20
759.2580710562214
 30
0.0
  0
VERTEX
  5
37A
  8
LAYER_01
 10
1077.683216414003
 20
1122.816629111938
 30
0.0
  0
VERTEX
  5
37B
  8
LAYER_01
 10
1076.612961959107
 20
1122.816629111938
 30
0.0
 42
-0.3227748068747383
  0
SEQEND
  5
37C
  8
LAYER_01
  0
POLYLINE
  5
37D
  8
LAYER_01
 66
     1
 10
0.0
 20
0.0
 30
0.0
 70
     1
  0
VERTEX
  5
37E
  8
LAYER_01
 10
754.5060004173021
 20
393.7935233601235
 30
0.0
  0
VERTEX
  5
37F
  8
LAYER_01
 10
754.5058062646553
 20
114.8966109243293
 30
0.0
  0
VERTEX
  5
380
  8
LAYER_01
 10
652.3739917573198
 20
114.8966109243293
 30
0.0
  0
VERTEX
  5
381
  8
LAYER_01
 10
652.3739917573198
 20
392.9615933591454
 30
0.0
  0
SEQEND
  5
382
  8
LAYER_01
  0
POLYLINE
  5
383
  8
LAYER_01
 66
     1
 10
0.0
 20
0.0
 30
0.0
 70
     1
  0
VERTEX
  5
384
  8
LAYER_01
 10
810.3736011241803
 20
114.8966109243293
 30
0.0
  0
VERTEX
  5
385
  8
LAYER_01
 10
810.3736011241804
 20
394.2486004091361
 30
0.0
  0
VERTEX
  5
386
  8
LAYER_01
 10
1077.683216414003
 20
396.4260068013855
 30
0.0
  0
VERTEX
  5
387
  8
LAYER_01
 10
1077.683216414003
 20
114.8966109243293
 30
0.0
  0
SEQEND
  5
388
  8
LAYER_01
  0
POLYLINE
  5
389
  8
LAYER_01
 66
     1
 10
0.0
 20
0.0
 30
0.0
 70
     1
  0
VERTEX
  5
38A
  8
LAYER_01
 10
810.3736011241804
 20
529.4692745096878
 30
0.0
  0
VERTEX
  5
38B
  8
LAYER_01
 10
810.4162867921128
 20
534.5905605892289
 30
0.0
  0
VERTEX
  5
38C
  8
LAYER_01
 10
810.5927539863343
 20
539.7206513793147
 30
0.0
  0
VERTEX
  5
38D
  8
LAYER_01
 10
810.9057834979194
 20
544.8560839190735
 30
0.0
  0
VERTEX
  5
38E
  8
LAYER_01
 10
811.3580400131897
 20
549.9932882445231
 30
0.0
  0
VERTEX
  5
38F
  8
LAYER_01
 10
811.9520615804084
 20
555.1285921812922
 30
0.0
  0
VERTEX
  5
390
  8
LAYER_01
 10
812.690249092646
 20
560.2582267106104
 30
0.0
  0
VERTEX
  5
391
  8
LAYER_01
 10
813.5748558414256
 20
565.3783319089762
 30
0.0
  0
VERTEX
  5
392
  8
LAYER_01
 10
814.6079771982654
 20
570.4849634579975
 30
0.0
  0
VERTEX
  5
393
  8
LAYER_01
 10
815.7915404834015
 20
575.574099716777
 30
0.0
  0
VERTEX
  5
394
  8
LAYER_01
 10
817.1272950827238
 20
580.641649344912
 30
0.0
  0
VERTEX
  5
395
  8
LAYER_01
 10
818.6168028752749
 20
585.6834594597465
 30
0.0
  0
VERTEX
  5
396
  8
LAYER_01
 10
820.2614290344785
 20
590.6953243069713
 30
0.0
  0
VERTEX
  5
397
  8
LAYER_01
 10
822.0623332665572
 20
595.6729944190862
 30
0.0
  0
VERTEX
  5
398
  8
LAYER_01
 10
824.020461549329
 20
600.6121862316436
 30
0.0
  0
VERTEX
  5
399
  8
LAYER_01
 10
826.1365384337054
 20
605.5085921226562
 30
0.0
  0
VERTEX
  5
39A
  8
LAYER_01
 10
828.411059968746
 20
610.3578908361095
 30
0.0
  0
VERTEX
  5
39B
  8
LAYER_01
 10
830.8442873090098
 20
615.1557582462498
 30
0.0
  0
VERTEX
  5
39C
  8
LAYER_01
 10
833.4362410602184
 20
619.8978784152557
 30
0.0
  0
VERTEX
  5
39D
  8
LAYER_01
 10
836.1866964158689
 20
624.5799548931219
 30
0.0
  0
VERTEX
  5
39E
  8
LAYER_01
 10
839.0951791334498
 20
629.1977222051294
 30
0.0
  0
VERTEX
  5
39F
  8
LAYER_01
 10
842.1609623943243
 20
633.7469574692161
 30
0.0
  0
VERTEX
  5
3A0
  8
LAYER_01
 10
845.3830645861885
 20
638.2234920829251
 30
0.0
  0
VERTEX
  5
3A1
  8
LAYER_01
 10
848.7602480413277
 20
642.623223417472
 30
0.0
  0
VERTEX
  5
3A2
  8
LAYER_01
 10
852.2910187577245
 20
646.942126454841
 30
0.0
  0
VERTEX
  5
3A3
  8
LAYER_01
 10
855.9736271234889
 20
651.1762653027702
 30
0.0
  0
VERTEX
  5
3A4
  8
LAYER_01
 10
859.8060696581302
 20
655.3218045220067
 30
0.0
  0
VERTEX
  5
3A5
  8
LAYER_01
 10
863.7860917769663
 20
659.3750202003606
 30
0.0
  0
VERTEX
  5
3A6
  8
LAYER_01
 10
867.9111915775251
 20
663.3323107088415
 30
0.0
  0
VERTEX
  5
3A7
  8
LAYER_01
 10
872.178624639245
 20
667.1902070765598
 30
0.0
  0
VERTEX
  5
3A8
  8
LAYER_01
 10
876.5854098201801
 20
670.9453829230798
 30
0.0
  0
VERTEX
  5
3A9
  8
LAYER_01
 10
881.1283360268943
 20
674.5946638895435
 30
0.0
  0
VERTEX
  5
3AA
  8
LAYER_01
 10
885.8039699263293
 20
678.1350365130775
 30
0.0
  0
VERTEX
  5
3AB
  8
LAYER_01
 10
890.6086645612809
 20
681.5636564927656
 30
0.0
  0
VERTEX
  5
3AC
  8
LAYER_01
 10
895.5385688242911
 20
684.8778562997412
 30
0.0
  0
VERTEX
  5
3AD
  8
LAYER_01
 10
900.5896377383267
 20
688.0751520886855
 30
0.0
  0
VERTEX
  5
3AE
  8
LAYER_01
 10
905.7576434866756
 20
691.1532498731766
 30
0.0
  0
VERTEX
  5
3AF
  8
LAYER_01
 10
911.0381871290965
 20
694.1100509328221
 30
0.0
  0
VERTEX
  5
3B0
  8
LAYER_01
 10
916.4267109364725
 20
696.9436564258976
 30
0.0
  0
VERTEX
  5
3B1
  8
LAYER_01
 10
921.9185112721201
 20
699.6523711872057
 30
0.0
  0
VERTEX
  5
3B2
  8
LAYER_01
 10
927.5087519444811
 20
702.2347066970057
 30
0.0
  0
VERTEX
  5
3B3
  8
LAYER_01
 10
933.1924779532907
 20
704.6893832130731
 30
0.0
  0
VERTEX
  5
3B4
  8
LAYER_01
 10
938.9646295493988
 20
707.0153310641443
 30
0.0
  0
VERTEX
  5
3B5
  8
LAYER_01
 10
944.8200565273174
 20
709.2116911091271
 30
0.0
  0
VERTEX
  5
3B6
  8
LAYER_01
 10
950.7535326692124
 20
711.2778143724269
 30
0.0
  0
VERTEX
  5
3B7
  8
LAYER_01
 10
956.7597702594761
 20
713.2132608715041
 30
0.0
  0
VERTEX
  5
3B8
  8
LAYER_01
 10
962.8334345901728
 20
715.0177976582575
 30
0.0
  0
VERTEX
  5
3B9
  8
LAYER_01
 10
968.9691583795127
 20
716.6913961009828
 30
0.0
  0
VERTEX
  5
3BA
  8
LAYER_01
 10
975.1615560280352
 20
718.2342284384291
 30
0.0
  0
VERTEX
  5
3BB
  8
LAYER_01
 10
981.4052376403283
 20
719.6466636418116
 30
0.0
  0
VERTEX
  5
3BC
  8
LAYER_01
 10
987.6948227438207
 20
720.9292626245407
 30
0.0
  0
VERTEX
  5
3BD
  8
LAYER_01
 10
994.0249536403776
 20
722.0827728428065
 30
0.0
  0
VERTEX
  5
3BE
  8
LAYER_01
 10
1000.390308331081
 20
723.1081223330656
 30
0.0
  0
VERTEX
  5
3BF
  8
LAYER_01
 10
1006.785612959565
 20
724.0064132348301
 30
0.0
  0
VERTEX
  5
3C0
  8
LAYER_01
 10
1013.205653724574
 20
724.7789148490177
 30
0.0
  0
VERTEX
  5
3C1
  8
LAYER_01
 10
1019.64528821793
 20
725.4270562834348
 30
0.0
  0
VERTEX
  5
3C2
  8
LAYER_01
 10
1026.099456149743
 20
725.9524187377801
 30
0.0
  0
VERTEX
  5
3C3
  8
LAYER_01
 10
1032.563189428458
 20
726.3567274808717
 30
0.0
  0
VERTEX
  5
3C4
  8
LAYER_01
 10
1039.03162156909
 20
726.6418435726383
 30
0.0
  0
VERTEX
  5
3C5
  8
LAYER_01
 10
1045.499996408676
 20
726.8097553828113
 30
0.0
  0
VERTEX
  5
3C6
  8
LAYER_01
 10
1051.96367611361
 20
726.8625699572294
 30
0.0
  0
VERTEX
  5
3C7
  8
LAYER_01
 10
1064.859033445
 20
726.6318764881347
 30
0.0
  0
VERTEX
  5
3C8
  8
LAYER_01
 10
1077.683216414003
 20
725.9686600497598
 30
0.0
  0
VERTEX
  5
3C9
  8
LAYER_01
 10
1077.683216414003
 20
444.4292534825215
 30
0.0
  0
VERTEX
  5
3CA
  8
LAYER_01
 10
810.3736011241804
 20
444.4292534825215
 30
0.0
  0
SEQEND
  5
3CB
  8
LAYER_01
  0
POLYLINE
  5
3CC
  8
LAYER_01
 66
     1
 10
0.0
 20
0.0
 30
0.0
 70
     1
  0
VERTEX
  5
3CD
  8
LAYER_01
 10
645.670893174099
 20
1063.717464879943
 30
0.0
 42
-0.0228751813710631
  0
VERTEX
  5
3CE
  8
LAYER_01
 10
685.4049073168949
 20
1101.835639725514
 30
0.0
 42
0.0774502244849183
  0
VERTEX
  5
3CF
  8
LAYER_01
 10
789.7304324902763
 20
1047.677558907455
 30
0.0
 42
-0.1120045894529879
  0
VERTEX
  5
3D0
  8
LAYER_01
 10
689.5509536892009
 20
1003.048947328811
 30
0.0
 42
0.0345069413088775
  0
SEQEND
  5
3D1
  8
LAYER_01
  0
POLYLINE
  5
3D2
  8
LAYER_01
 66
     1
 10
0.0
 20
0.0
 30
0.0
 70
     1
  0
VERTEX
  5
3D3
  8
LAYER_01
 10
768.677445198962
 20
981.0987504102438
 30
0.0
 42
0.3278651015795469
  0
VERTEX
  5
3D4
  8
LAYER_01
 10
963.0478045813699
 20
749.9204222664811
 30
0.0
 42
0.3861493542287214
  0
VERTEX
  5
3D5
  8
LAYER_01
 10
754.5060947788944
 20
529.3423155750551
 30
0.0
  0
VERTEX
  5
3D6
  8
LAYER_01
 10
754.5060356671044
 20
444.4292534825215
 30
0.0
  0
VERTEX
  5
3D7
  8
LAYER_01
 10
652.3739917573198
 20
444.4292534825215
 30
0.0
  0
VERTEX
  5
3D8
  8
LAYER_01
 10
652.3739917573198
 20
629.7148653829672
 30
0.0
 42
0.1724284763860232
  0
VERTEX
  5
3D9
  8
LAYER_01
 10
731.2205054021579
 20
681.4816059004363
 30
0.0
  0
VERTEX
  5
3DA
  8
LAYER_01
 10
734.505871043011
 20
685.9767891167166
 30
0.0
  0
VERTEX
  5
3DB
  8
LAYER_01
 10
737.6343332624563
 20
690.5825362540354
 30
0.0
  0
VERTEX
  5
3DC
  8
LAYER_01
 10
739.1632628420566
 20
692.9649382575908
 30
0.0
  0
VERTEX
  5
3DD
  8
LAYER_01
 10
740.6499302066628
 20
695.3739395719015
 30
0.0
  0
VERTEX
  5
3DE
  8
LAYER_01
 10
742.0937963225713
 20
697.8088316901263
 30
0.0
  0
VERTEX
  5
3DF
  8
LAYER_01
 10
743.4943221560783
 20
700.2689061054241
 30
0.0
  0
VERTEX
  5
3E0
  8
LAYER_01
 10
744.8712107473926
 20
702.7912977904487
 30
0.0
  0
VERTEX
  5
3E1
  8
LAYER_01
 10
746.2023975130948
 20
705.3381049438144
 30
0.0
  0
VERTEX
  5
3E2
  8
LAYER_01
 10
747.4874005873792
 20
707.9085214964996
 30
0.0
  0
VERTEX
  5
3E3
  8
LAYER_01
 10
748.7257381044399
 20
710.5017413794828
 30
0.0
  0
VERTEX
  5
3E4
  8
LAYER_01
 10
749.932626564182
 20
713.1522403215849
 30
0.0
  0
VERTEX
  5
3E5
  8
LAYER_01
 10
751.0906739128386
 20
715.8244408047171
 30
0.0
  0
VERTEX
  5
3E6
  8
LAYER_01
 10
752.1994621488889
 20
718.5174519200052
 30
0.0
  0
VERTEX
  5
3E7
  8
LAYER_01
 10
753.2585732708123
 20
721.2303827585743
 30
0.0
  0
VERTEX
  5
3E8
  8
LAYER_01
 10
754.2790584979202
 20
723.9942467989979
 30
0.0
  0
VERTEX
  5
3E9
  8
LAYER_01
 10
755.247959715663
 20
726.7766151371463
 30
0.0
  0
VERTEX
  5
3EA
  8
LAYER_01
 10
756.1649611730834
 20
729.5765176337345
 30
0.0
  0
VERTEX
  5
3EB
  8
LAYER_01
 10
757.029747119224
 20
732.3929841494767
 30
0.0
  0
VERTEX
  5
3EC
  8
LAYER_01
 10
757.847943419712
 20
735.2464784532418
 30
0.0
  0
VERTEX
  5
3ED
  8
LAYER_01
 10
758.6125522391284
 20
738.114797551419
 30
0.0
  0
VERTEX
  5
3EE
  8
LAYER_01
 10
759.3263421795205
 20
741.0096688917681
 30
0.0
  0
VERTEX
  5
3EF
  8
LAYER_01
 10
759.985631477238
 20
743.917436908924
 30
0.0
  0
VERTEX
  5
3F0
  8
LAYER_01
 10
760.593508931104
 20
746.8535630226277
 30
0.0
  0
VERTEX
  5
3F1
  8
LAYER_01
 10
761.1459694868604
 20
749.8006187206138
 30
0.0
  0
VERTEX
  5
3F2
  8
LAYER_01
 10
761.6428928067198
 20
752.7575476299348
 30
0.0
  0
VERTEX
  5
3F3
  8
LAYER_01
 10
762.0841585528952
 20
755.7232933776431
 30
0.0
  0
VERTEX
  5
3F4
  8
LAYER_01
 10
762.4717787642918
 20
758.7143755387289
 30
0.0
  0
VERTEX
  5
3F5
  8
LAYER_01
 10
762.8029722972143
 20
761.7122340971125
 30
0.0
  0
VERTEX
  5
3F6
  8
LAYER_01
 10
763.0777509375474
 20
764.7157930809271
 30
0.0
  0
VERTEX
  5
3F7
  8
LAYER_01
 10
763.2961264711757
 20
767.7239765183056
 30
0.0
  0
VERTEX
  5
3F8
  8
LAYER_01
 10
763.4586552665064
 20
770.747530635995
 30
0.0
  0
VERTEX
  5
3F9
  8
LAYER_01
 10
763.5644831910025
 20
773.7736007983001
 30
0.0
  0
VERTEX
  5
3FA
  8
LAYER_01
 10
763.6137438914209
 20
776.8011266795286
 30
0.0
  0
VERTEX
  5
3FB
  8
LAYER_01
 10
763.6065710145185
 20
779.8290479539878
 30
0.0
  0
VERTEX
  5
3FC
  8
LAYER_01
 10
763.54294846117
 20
782.8614364403388
 30
0.0
  0
VERTEX
  5
3FD
  8
LAYER_01
 10
763.4230023117933
 20
785.8921185248271
 30
0.0
  0
VERTEX
  5
3FE
  8
LAYER_01
 10
763.2468359108016
 20
788.9214493288987
 30
0.0
  0
VERTEX
  5
3FF
  8
LAYER_01
 10
763.0148081521211
 20
791.947017002733
 30
0.0
  0
VERTEX
  5
400
  8
LAYER_01
 10
762.7272580851204
 20
794.9677120587096
 30
0.0
  0
VERTEX
  5
401
  8
LAYER_01
 10
761.9643593610023
 20
801.168737192706
 30
0.0
  0
VERTEX
  5
402
  8
LAYER_01
 10
759.2601464077366
 20
818.7169965824824
 30
0.0
  0
VERTEX
  5
403
  8
LAYER_01
 10
756.72325267988
 20
832.483550603851
 30
0.0
  0
VERTEX
  5
404
  8
LAYER_01
 10
753.8251245749555
 20
846.1785597990436
 30
0.0
  0
VERTEX
  5
405
  8
LAYER_01
 10
750.617201565775
 20
859.5758308154088
 30
0.0
  0
VERTEX
  5
406
  8
LAYER_01
 10
747.0543189070376
 20
872.8830628047618
 30
0.0
  0
VERTEX
  5
407
  8
LAYER_01
 10
743.1909163398686
 20
885.9107642983363
 30
0.0
  0
VERTEX
  5
408
  8
LAYER_01
 10
738.9811566957358
 20
898.8306833999694
 30
0.0
  0
VERTEX
  5
409
  8
LAYER_01
 10
734.4796487878307
 20
911.4881524614735
 30
0.0
  0
VERTEX
  5
40A
  8
LAYER_01
 10
729.6424973413732
 20
924.0211793965473
 30
0.0
  0
VERTEX
  5
40B
  8
LAYER_01
 10
724.5209974618392
 20
936.3078638144914
 30
0.0
  0
VERTEX
  5
40C
  8
LAYER_01
 10
719.0761290725061
 20
948.4547071309653
 30
0.0
  0
VERTEX
  5
40D
  8
LAYER_01
 10
712.5426284394988
 20
961.9960678799865
 30
0.0
 42
0.0536523943889736
  0
SEQEND
  5
40E
  8
LAYER_01
  0
POLYLINE
  5
40F
  8
LAYER_01
 66
     1
 10
0.0
 20
0.0
 30
0.0
 70
     1
  0
VERTEX
  5
410
  8
LAYER_01
 10
230.6222627436497
 20
1038.863764166234
 30
0.0
  0
VERTEX
  5
411
  8
LAYER_01
 10
236.6604451268599
 20
1037.356232358077
 30
0.0
  0
VERTEX
  5
412
  8
LAYER_01
 10
242.7247218042833
 20
1035.957345693444
 30
0.0
  0
VERTEX
  5
413
  8
LAYER_01
 10
253.3805319102489
 20
1033.772362878444
 30
0.0
  0
VERTEX
  5
414
  8
LAYER_01
 10
264.0987052089786
 20
1031.917101200556
 30
0.0
  0
VERTEX
  5
415
  8
LAYER_01
 10
275.0892705321297
 20
1030.362328493319
 30
0.0
  0
VERTEX
  5
416
  8
LAYER_01
 10
286.1226127159983
 20
1029.147401417478
 30
0.0
  0
VERTEX
  5
417
  8
LAYER_01
 10
297.3976589699327
 20
1028.25684721176
 30
0.0
  0
VERTEX
  5
418
  8
LAYER_01
 10
308.6948560493094
 20
1027.714904304835
 30
0.0
  0
VERTEX
  5
419
  8
LAYER_01
 10
320.1148730121423
 20
1027.519062964169
 30
0.0
  0
VERTEX
  5
41A
  8
LAYER_01
 10
331.6192577008202
 20
1027.675719490918
 30
0.0
  0
VERTEX
  5
41B
  8
LAYER_01
 10
343.192899541464
 20
1028.190474290293
 30
0.0
  0
VERTEX
  5
41C
  8
LAYER_01
 10
354.7873295493485
 20
1029.063956007865
 30
0.0
  0
VERTEX
  5
41D
  8
LAYER_01
 10
366.4245930760572
 20
1030.301242026748
 30
0.0
  0
VERTEX
  5
41E
  8
LAYER_01
 10
378.0184299608142
 20
1031.89503624865
 30
0.0
  0
VERTEX
  5
41F
  8
LAYER_01
 10
389.6022618215746
 20
1033.850395199274
 30
0.0
  0
VERTEX
  5
420
  8
LAYER_01
 10
396.9826142443307
 20
1035.287022115331
 30
0.0
 42
-0.4486669317008992
  0
VERTEX
  5
421
  8
LAYER_01
 10
154.9356446043181
 20
759.2580710562214
 30
0.0
  0
VERTEX
  5
422
  8
LAYER_01
 10
154.9356446043181
 20
1122.816629111938
 30
0.0
  0
VERTEX
  5
423
  8
LAYER_01
 10
156.0058990592142
 20
1122.816629111938
 30
0.0
 42
0.3227748068747397
  0
SEQEND
  5
424
  8
LAYER_01
  0
POLYLINE
  5
425
  8
LAYER_01
 66
     1
 10
0.0
 20
0.0
 30
0.0
 70
     1
  0
VERTEX
  5
426
  8
LAYER_01
 10
478.1128606010187
 20
393.7935233601235
 30
0.0
  0
VERTEX
  5
427
  8
LAYER_01
 10
478.1130547536655
 20
114.8966109243293
 30
0.0
  0
VERTEX
  5
428
  8
LAYER_01
 10
580.244869261001
 20
114.8966109243293
 30
0.0
  0
VERTEX
  5
429
  8
LAYER_01
 10
580.244869261001
 20
392.9615933591454
 30
0.0
  0
SEQEND
  5
42A
  8
LAYER_01
  0
POLYLINE
  5
42B
  8
LAYER_01
 66
     1
 10
0.0
 20
0.0
 30
0.0
 70
     1
  0
VERTEX
  5
42C
  8
LAYER_01
 10
422.2452598941405
 20
114.8966109243293
 30
0.0
  0
VERTEX
  5
42D
  8
LAYER_01
 10
422.2452598941404
 20
394.2486004091361
 30
0.0
  0
VERTEX
  5
42E
  8
LAYER_01
 10
154.9356446043181
 20
396.4260068013855
 30
0.0
  0
VERTEX
  5
42F
  8
LAYER_01
 10
154.9356446043181
 20
114.8966109243293
 30
0.0
  0
SEQEND
  5
430
  8
LAYER_01
  0
POLYLINE
  5
431
  8
LAYER_01
 66
     1
 10
0.0
 20
0.0
 30
0.0
 70
     1
  0
VERTEX
  5
432
  8
LAYER_01
 10
422.2452598941405
 20
529.4692745096878
 30
0.0
  0
VERTEX
  5
433
  8
LAYER_01
 10
422.202574226208
 20
534.5905605892289
 30
0.0
  0
VERTEX
  5
434
  8
LAYER_01
 10
422.0261070319864
 20
539.7206513793147
 30
0.0
  0
VERTEX
  5
435
  8
LAYER_01
 10
421.7130775204014
 20
544.8560839190735
 30
0.0
  0
VERTEX
  5
436
  8
LAYER_01
 10
421.2608210051312
 20
549.9932882445231
 30
0.0
  0
VERTEX
  5
437
  8
LAYER_01
 10
420.6667994379125
 20
555.1285921812922
 30
0.0
  0
VERTEX
  5
438
  8
LAYER_01
 10
419.9286119256747
 20
560.2582267106104
 30
0.0
  0
VERTEX
  5
439
  8
LAYER_01
 10
419.0440051768952
 20
565.3783319089762
 30
0.0
  0
VERTEX
  5
43A
  8
LAYER_01
 10
418.0108838200555
 20
570.4849634579975
 30
0.0
  0
VERTEX
  5
43B
  8
LAYER_01
 10
416.8273205349195
 20
575.574099716777
 30
0.0
  0
VERTEX
  5
43C
  8
LAYER_01
 10
415.4915659355972
 20
580.641649344912
 30
0.0
  0
VERTEX
  5
43D
  8
LAYER_01
 10
414.0020581430461
 20
585.6834594597465
 30
0.0
  0
VERTEX
  5
43E
  8
LAYER_01
 10
412.3574319838426
 20
590.6953243069713
 30
0.0
  0
VERTEX
  5
43F
  8
LAYER_01
 10
410.5565277517638
 20
595.6729944190862
 30
0.0
  0
VERTEX
  5
440
  8
LAYER_01
 10
408.5983994689922
 20
600.6121862316436
 30
0.0
  0
VERTEX
  5
441
  8
LAYER_01
 10
406.4823225846155
 20
605.5085921226562
 30
0.0
  0
VERTEX
  5
442
  8
LAYER_01
 10
404.2078010495749
 20
610.3578908361095
 30
0.0
  0
VERTEX
  5
443
  8
LAYER_01
 10
401.774573709311
 20
615.1557582462498
 30
0.0
  0
VERTEX
  5
444
  8
LAYER_01
 10
399.1826199581023
 20
619.8978784152557
 30
0.0
  0
VERTEX
  5
445
  8
LAYER_01
 10
396.4321646024517
 20
624.5799548931219
 30
0.0
  0
VERTEX
  5
446
  8
LAYER_01
 10
393.5236818848708
 20
629.1977222051294
 30
0.0
  0
VERTEX
  5
447
  8
LAYER_01
 10
390.4578986239965
 20
633.7469574692161
 30
0.0
  0
VERTEX
  5
448
  8
LAYER_01
 10
387.2357964321323
 20
638.2234920829251
 30
0.0
  0
VERTEX
  5
449
  8
LAYER_01
 10
383.858612976993
 20
642.623223417472
 30
0.0
  0
VERTEX
  5
44A
  8
LAYER_01
 10
380.3278422605961
 20
646.942126454841
 30
0.0
  0
VERTEX
  5
44B
  8
LAYER_01
 10
376.6452338948317
 20
651.1762653027702
 30
0.0
  0
VERTEX
  5
44C
  8
LAYER_01
 10
372.8127913601904
 20
655.3218045220067
 30
0.0
  0
VERTEX
  5
44D
  8
LAYER_01
 10
368.8327692413546
 20
659.3750202003606
 30
0.0
  0
VERTEX
  5
44E
  8
LAYER_01
 10
364.7076694407957
 20
663.3323107088415
 30
0.0
  0
VERTEX
  5
44F
  8
LAYER_01
 10
360.4402363790759
 20
667.1902070765598
 30
0.0
  0
VERTEX
  5
450
  8
LAYER_01
 10
356.0334511981407
 20
670.9453829230798
 30
0.0
  0
VERTEX
  5
451
  8
LAYER_01
 10
351.4905249914263
 20
674.5946638895435
 30
0.0
  0
VERTEX
  5
452
  8
LAYER_01
 10
346.8148910919915
 20
678.1350365130775
 30
0.0
  0
VERTEX
  5
453
  8
LAYER_01
 10
342.01019645704
 20
681.5636564927656
 30
0.0
  0
VERTEX
  5
454
  8
LAYER_01
 10
337.0802921940299
 20
684.8778562997412
 30
0.0
  0
VERTEX
  5
455
  8
LAYER_01
 10
332.0292232799943
 20
688.0751520886855
 30
0.0
  0
VERTEX
  5
456
  8
LAYER_01
 10
326.8612175316452
 20
691.1532498731766
 30
0.0
  0
VERTEX
  5
457
  8
LAYER_01
 10
321.5806738892246
 20
694.1100509328221
 30
0.0
  0
VERTEX
  5
458
  8
LAYER_01
 10
316.1921500818483
 20
696.9436564258976
 30
0.0
  0
VERTEX
  5
459
  8
LAYER_01
 10
310.7003497462008
 20
699.6523711872057
 30
0.0
  0
VERTEX
  5
45A
  8
LAYER_01
 10
305.1101090738396
 20
702.2347066970057
 30
0.0
  0
VERTEX
  5
45B
  8
LAYER_01
 10
299.4263830650301
 20
704.6893832130731
 30
0.0
  0
VERTEX
  5
45C
  8
LAYER_01
 10
293.654231468922
 20
707.0153310641443
 30
0.0
  0
VERTEX
  5
45D
  8
LAYER_01
 10
287.7988044910034
 20
709.2116911091271
 30
0.0
  0
VERTEX
  5
45E
  8
LAYER_01
 10
281.8653283491082
 20
711.2778143724269
 30
0.0
  0
VERTEX
  5
45F
  8
LAYER_01
 10
275.8590907588446
 20
713.2132608715041
 30
0.0
  0
VERTEX
  5
460
  8
LAYER_01
 10
269.785426428148
 20
715.0177976582575
 30
0.0
  0
VERTEX
  5
461
  8
LAYER_01
 10
263.6497026388082
 20
716.6913961009828
 30
0.0
  0
VERTEX
  5
462
  8
LAYER_01
 10
257.4573049902858
 20
718.2342284384291
 30
0.0
  0
VERTEX
  5
463
  8
LAYER_01
 10
251.2136233779925
 20
719.6466636418116
 30
0.0
  0
VERTEX
  5
464
  8
LAYER_01
 10
244.9240382745002
 20
720.9292626245407
 30
0.0
  0
VERTEX
  5
465
  8
LAYER_01
 10
238.5939073779433
 20
722.0827728428065
 30
0.0
  0
VERTEX
  5
466
  8
LAYER_01
 10
232.2285526872399
 20
723.1081223330656
 30
0.0
  0
VERTEX
  5
467
  8
LAYER_01
 10
225.8332480587561
 20
724.0064132348301
 30
0.0
  0
VERTEX
  5
468
  8
LAYER_01
 10
219.4132072937466
 20
724.7789148490177
 30
0.0
  0
VERTEX
  5
469
  8
LAYER_01
 10
212.9735728003904
 20
725.4270562834348
 30
0.0
  0
VERTEX
  5
46A
  8
LAYER_01
 10
206.5194048685781
 20
725.9524187377801
 30
0.0
  0
VERTEX
  5
46B
  8
LAYER_01
 10
200.0556715898623
 20
726.3567274808717
 30
0.0
  0
VERTEX
  5
46C
  8
LAYER_01
 10
193.5872394492302
 20
726.6418435726383
 30
0.0
  0
VERTEX
  5
46D
  8
LAYER_01
 10
187.1188646096453
 20
726.8097553828113
 30
0.0
  0
VERTEX
  5
46E
  8
LAYER_01
 10
180.6551849047108
 20
726.8625699572294
 30
0.0
  0
VERTEX
  5
46F
  8
LAYER_01
 10
167.7598275733205
 20
726.6318764881347
 30
0.0
  0
VERTEX
  5
470
  8
LAYER_01
 10
154.9356446043181
 20
725.9686600497598
 30
0.0
  0
VERTEX
  5
471
  8
LAYER_01
 10
154.9356446043181
 20
444.4292534825215
 30
0.0
  0
VERTEX
  5
472
  8
LAYER_01
 10
422.2452598941404
 20
444.4292534825215
 30
0.0
  0
SEQEND
  5
473
  8
LAYER_01
  0
POLYLINE
  5
474
  8
LAYER_01
 66
     1
 10
0.0
 20
0.0
 30
0.0
 70
     1
  0
VERTEX
  5
475
  8
LAYER_01
 10
586.9479678442219
 20
1063.717464879943
 30
0.0
 42
0.0228751813710573
  0
VERTEX
  5
476
  8
LAYER_01
 10
547.2139537014259
 20
1101.835639725514
 30
0.0
 42
-0.0774502244849188
  0
VERTEX
  5
477
  8
LAYER_01
 10
442.8884285280445
 20
1047.677558907455
 30
0.0
 42
0.112004589452986
  0
VERTEX
  5
478
  8
LAYER_01
 10
543.0679073291199
 20
1003.048947328811
 30
0.0
 42
-0.034506941308875
  0
SEQEND
  5
479
  8
LAYER_01
  0
POLYLINE
  5
47A
  8
LAYER_01
 66
     1
 10
0.0
 20
0.0
 30
0.0
 70
     1
  0
VERTEX
  5
47B
  8
LAYER_01
 10
463.9414158193588
 20
981.0987504102438
 30
0.0
 42
-0.3278651015795468
  0
VERTEX
  5
47C
  8
LAYER_01
 10
269.5710564369509
 20
749.9204222664811
 30
0.0
 42
-0.3861493542287214
  0
VERTEX
  5
47D
  8
LAYER_01
 10
478.1127662394264
 20
529.3423155750551
 30
0.0
  0
VERTEX
  5
47E
  8
LAYER_01
 10
478.1128253512164
 20
444.4292534825215
 30
0.0
  0
VERTEX
  5
47F
  8
LAYER_01
 10
580.244869261001
 20
444.4292534825215
 30
0.0
  0
VERTEX
  5
480
  8
LAYER_01
 10
580.244869261001
 20
629.7148653829673
 30
0.0
 42
-0.1724284763860107
  0
VERTEX
  5
481
  8
LAYER_01
 10
501.3983556161627
 20
681.4816059004363
 30
0.0
  0
VERTEX
  5
482
  8
LAYER_01
 10
498.1129899753097
 20
685.9767891167166
 30
0.0
  0
VERTEX
  5
483
  8
LAYER_01
 10
494.9845277558644
 20
690.5825362540354
 30
0.0
  0
VERTEX
  5
484
  8
LAYER_01
 10
493.4555981762642
 20
692.9649382575908
 30
0.0
  0
VERTEX
  5
485
  8
LAYER_01
 10
491.9689308116579
 20
695.3739395719015
 30
0.0
  0
VERTEX
  5
486
  8
LAYER_01
 10
490.5250646957494
 20
697.8088316901263
 30
0.0
  0
VERTEX
  5
487
  8
LAYER_01
 10
489.1245388622424
 20
700.2689061054241
 30
0.0
  0
VERTEX
  5
488
  8
LAYER_01
 10
487.7476502709282
 20
702.7912977904487
 30
0.0
  0
VERTEX
  5
489
  8
LAYER_01
 10
486.4164635052261
 20
705.3381049438144
 30
0.0
  0
VERTEX
  5
48A
  8
LAYER_01
 10
485.1314604309417
 20
707.9085214964996
 30
0.0
  0
VERTEX
  5
48B
  8
LAYER_01
 10
483.8931229138809
 20
710.5017413794828
 30
0.0
  0
VERTEX
  5
48C
  8
LAYER_01
 10
482.6862344541387
 20
713.1522403215849
 30
0.0
  0
VERTEX
  5
48D
  8
LAYER_01
 10
481.5281871054822
 20
715.8244408047171
 30
0.0
  0
VERTEX
  5
48E
  8
LAYER_01
 10
480.4193988694319
 20
718.5174519200052
 30
0.0
  0
VERTEX
  5
48F
  8
LAYER_01
 10
479.3602877475084
 20
721.2303827585743
 30
0.0
  0
VERTEX
  5
490
  8
LAYER_01
 10
478.3398025204006
 20
723.9942467989979
 30
0.0
  0
VERTEX
  5
491
  8
LAYER_01
 10
477.3709013026578
 20
726.7766151371463
 30
0.0
  0
VERTEX
  5
492
  8
LAYER_01
 10
476.4538998452375
 20
729.5765176337345
 30
0.0
  0
VERTEX
  5
493
  8
LAYER_01
 10
475.5891138990969
 20
732.3929841494767
 30
0.0
  0
VERTEX
  5
494
  8
LAYER_01
 10
474.7709175986088
 20
735.2464784532418
 30
0.0
  0
VERTEX
  5
495
  8
LAYER_01
 10
474.0063087791924
 20
738.114797551419
 30
0.0
  0
VERTEX
  5
496
  8
LAYER_01
 10
473.2925188388004
 20
741.0096688917681
 30
0.0
  0
VERTEX
  5
497
  8
LAYER_01
 10
472.6332295410829
 20
743.917436908924
 30
0.0
  0
VERTEX
  5
498
  8
LAYER_01
 10
472.0253520872168
 20
746.8535630226277
 30
0.0
  0
VERTEX
  5
499
  8
LAYER_01
 10
471.4728915314604
 20
749.8006187206138
 30
0.0
  0
VERTEX
  5
49A
  8
LAYER_01
 10
470.9759682116009
 20
752.7575476299348
 30
0.0
  0
VERTEX
  5
49B
  8
LAYER_01
 10
470.5347024654255
 20
755.7232933776431
 30
0.0
  0
VERTEX
  5
49C
  8
LAYER_01
 10
470.147082254029
 20
758.7143755387289
 30
0.0
  0
VERTEX
  5
49D
  8
LAYER_01
 10
469.8158887211065
 20
761.7122340971125
 30
0.0
  0
VERTEX
  5
49E
  8
LAYER_01
 10
469.5411100807734
 20
764.7157930809271
 30
0.0
  0
VERTEX
  5
49F
  8
LAYER_01
 10
469.3227345471451
 20
767.7239765183056
 30
0.0
  0
VERTEX
  5
4A0
  8
LAYER_01
 10
469.1602057518144
 20
770.747530635995
 30
0.0
  0
VERTEX
  5
4A1
  8
LAYER_01
 10
469.0543778273183
 20
773.7736007983001
 30
0.0
  0
VERTEX
  5
4A2
  8
LAYER_01
 10
469.0051171269
 20
776.8011266795286
 30
0.0
  0
VERTEX
  5
4A3
  8
LAYER_01
 10
469.0122900038024
 20
779.8290479539878
 30
0.0
  0
VERTEX
  5
4A4
  8
LAYER_01
 10
469.0759125571508
 20
782.8614364403388
 30
0.0
  0
VERTEX
  5
4A5
  8
LAYER_01
 10
469.1958587065274
 20
785.8921185248271
 30
0.0
  0
VERTEX
  5
4A6
  8
LAYER_01
 10
469.3720251075191
 20
788.9214493288987
 30
0.0
  0
VERTEX
  5
4A7
  8
LAYER_01
 10
469.6040528661998
 20
791.947017002733
 30
0.0
  0
VERTEX
  5
4A8
  8
LAYER_01
 10
469.8916029332005
 20
794.9677120587096
 30
0.0
  0
VERTEX
  5
4A9
  8
LAYER_01
 10
470.6545016573185
 20
801.168737192706
 30
0.0
  0
VERTEX
  5
4AA
  8
LAYER_01
 10
473.3587146105843
 20
818.7169965824824
 30
0.0
  0
VERTEX
  5
4AB
  8
LAYER_01
 10
475.8956083384406
 20
832.483550603851
 30
0.0
  0
VERTEX
  5
4AC
  8
LAYER_01
 10
478.7937364433654
 20
846.1785597990436
 30
0.0
  0
VERTEX
  5
4AD
  8
LAYER_01
 10
482.0016594525458
 20
859.5758308154088
 30
0.0
  0
VERTEX
  5
4AE
  8
LAYER_01
 10
485.5645421112832
 20
872.8830628047618
 30
0.0
  0
VERTEX
  5
4AF
  8
LAYER_01
 10
489.4279446784521
 20
885.9107642983363
 30
0.0
  0
VERTEX
  5
4B0
  8
LAYER_01
 10
493.637704322585
 20
898.8306833999694
 30
0.0
  0
VERTEX
  5
4B1
  8
LAYER_01
 10
498.1392122304901
 20
911.4881524614735
 30
0.0
  0
VERTEX
  5
4B2
  8
LAYER_01
 10
502.9763636769476
 20
924.0211793965473
 30
0.0
  0
VERTEX
  5
4B3
  8
LAYER_01
 10
508.0978635564815
 20
936.3078638144914
 30
0.0
  0
VERTEX
  5
4B4
  8
LAYER_01
 10
513.5427319458147
 20
948.4547071309653
 30
0.0
  0
VERTEX
  5
4B5
  8
LAYER_01
 10
520.076232578822
 20
961.9960678799865
 30
0.0
 42
-0.0536523943889737
  0
SEQEND
  5
4B6
  8
LAYER_01
  0
ENDSEC
  0
EOF
