  0
SECTION
  2
HEADER
  9
$ACADVER
  1
AC1015
  9
$ACADMAINTVER
 70
     6
  9
$DWGCODEPAGE
  3
ANSI_1252
  9
$INSBASE
 10
0.0
 20
0.0
 30
0.0
  9
$EXTMIN
 10
1.000000000000000E+20
 20
1.000000000000000E+20
 30
1.000000000000000E+20
  9
$EXTMAX
 10
-1.000000000000000E+20
 20
-1.000000000000000E+20
 30
-1.000000000000000E+20
  9
$LIMMIN
 10
0.0
 20
0.0
  9
$LIMMAX
 10
12.0
 20
9.0
  9
$ORTHOMODE
 70
     0
  9
$REGENMODE
 70
     1
  9
$FILLMODE
 70
     1
  9
$QTEXTMODE
 70
     0
  9
$MIRRTEXT
 70
     1
  9
$LTSCALE
 40
1.0
  9
$ATTMODE
 70
     1
  9
$TEXTSIZE
 40
0.2
  9
$TRACEWID
 40
0.05
  9
$TEXTSTYLE
  7
Standard
  9
$CLAYER
  8
Layer 02
  9
$CELTYPE
  6
ByLayer
  9
$CECOLOR
 62
   256
  9
$CELTSCALE
 40
1.0
  9
$DISPSILH
 70
     0
  9
$DIMSCALE
 40
1.0
  9
$DIMASZ
 40
0.18
  9
$DIMEXO
 40
0.0625
  9
$DIMDLI
 40
0.38
  9
$DIMRND
 40
0.0
  9
$DIMDLE
 40
0.0
  9
$DIMEXE
 40
0.18
  9
$DIMTP
 40
0.0
  9
$DIMTM
 40
0.0
  9
$DIMTXT
 40
0.18
  9
$DIMCEN
 40
0.09
  9
$DIMTSZ
 40
0.0
  9
$DIMTOL
 70
     0
  9
$DIMLIM
 70
     0
  9
$DIMTIH
 70
     1
  9
$DIMTOH
 70
     1
  9
$DIMSE1
 70
     0
  9
$DIMSE2
 70
     0
  9
$DIMTAD
 70
     0
  9
$DIMZIN
 70
     0
  9
$DIMBLK
  1

  9
$DIMASO
 70
     1
  9
$DIMSHO
 70
     1
  9
$DIMPOST
  1

  9
$DIMAPOST
  1

  9
$DIMALT
 70
     0
  9
$DIMALTD
 70
     2
  9
$DIMALTF
 40
25.4
  9
$DIMLFAC
 40
1.0
  9
$DIMTOFL
 70
     0
  9
$DIMTVP
 40
0.0
  9
$DIMTIX
 70
     0
  9
$DIMSOXD
 70
     0
  9
$DIMSAH
 70
     0
  9
$DIMBLK1
  1

  9
$DIMBLK2
  1

  9
$DIMSTYLE
  2
STANDARD_ACAD
  9
$DIMCLRD
 70
     0
  9
$DIMCLRE
 70
     0
  9
$DIMCLRT
 70
     0
  9
$DIMTFAC
 40
1.0
  9
$DIMGAP
 40
0.09
  9
$DIMJUST
 70
     0
  9
$DIMSD1
 70
     0
  9
$DIMSD2
 70
     0
  9
$DIMTOLJ
 70
     1
  9
$DIMTZIN
 70
     0
  9
$DIMALTZ
 70
     0
  9
$DIMALTTZ
 70
     0
  9
$DIMUPT
 70
     0
  9
$DIMDEC
 70
     4
  9
$DIMTDEC
 70
     4
  9
$DIMALTU
 70
     2
  9
$DIMALTTD
 70
     2
  9
$DIMTXSTY
  7
Standard
  9
$DIMAUNIT
 70
     0
  9
$DIMADEC
 70
     0
  9
$DIMALTRND
 40
0.0
  9
$DIMAZIN
 70
     0
  9
$DIMDSEP
 70
    46
  9
$DIMATFIT
 70
     3
  9
$DIMFRAC
 70
     0
  9
$DIMLDRBLK
  1

  9
$DIMLUNIT
 70
     2
  9
$DIMLWD
 70
    -2
  9
$DIMLWE
 70
    -2
  9
$DIMTMOVE
 70
     2
  9
$LUNITS
 70
     2
  9
$LUPREC
 70
     3
  9
$SKETCHINC
 40
0.1
  9
$FILLETRAD
 40
0.5
  9
$AUNITS
 70
     0
  9
$AUPREC
 70
     0
  9
$MENU
  1
.
  9
$ELEVATION
 40
0.0
  9
$PELEVATION
 40
0.0
  9
$THICKNESS
 40
0.0
  9
$LIMCHECK
 70
     0
  9
$CHAMFERA
 40
0.0
  9
$CHAMFERB
 40
0.0
  9
$CHAMFERC
 40
0.0
  9
$CHAMFERD
 40
0.0
  9
$SKPOLY
 70
     0
  9
$TDCREATE
 40
2460565.399715567
  9
$TDUCREATE
 40
2460565.274715567
  9
$TDUPDATE
 40
2460565.399715614
  9
$TDUUPDATE
 40
2460565.274715614
  9
$TDINDWG
 40
0.0000000116
  9
$TDUSRTIMER
 40
0.0000000116
  9
$USRTIMER
 70
     1
  9
$ANGBASE
 50
0.0
  9
$ANGDIR
 70
     0
  9
$PDMODE
 70
     0
  9
$PDSIZE
 40
0.0
  9
$PLINEWID
 40
0.0
  9
$SPLFRAME
 70
     0
  9
$SPLINETYPE
 70
     6
  9
$SPLINESEGS
 70
     8
  9
$HANDSEED
  5
315
  9
$SURFTAB1
 70
     6
  9
$SURFTAB2
 70
     6
  9
$SURFTYPE
 70
     6
  9
$SURFU
 70
     6
  9
$SURFV
 70
     6
  9
$UCSBASE
  2

  9
$UCSNAME
  2

  9
$UCSORG
 10
0.0
 20
0.0
 30
0.0
  9
$UCSXDIR
 10
1.0
 20
0.0
 30
0.0
  9
$UCSYDIR
 10
0.0
 20
1.0
 30
0.0
  9
$UCSORTHOREF
  2

  9
$UCSORTHOVIEW
 70
     0
  9
$UCSORGTOP
 10
0.0
 20
0.0
 30
0.0
  9
$UCSORGBOTTOM
 10
0.0
 20
0.0
 30
0.0
  9
$UCSORGLEFT
 10
0.0
 20
0.0
 30
0.0
  9
$UCSORGRIGHT
 10
0.0
 20
0.0
 30
0.0
  9
$UCSORGFRONT
 10
0.0
 20
0.0
 30
0.0
  9
$UCSORGBACK
 10
0.0
 20
0.0
 30
0.0
  9
$PUCSBASE
  2

  9
$PUCSNAME
  2

  9
$PUCSORG
 10
0.0
 20
0.0
 30
0.0
  9
$PUCSXDIR
 10
1.0
 20
0.0
 30
0.0
  9
$PUCSYDIR
 10
0.0
 20
1.0
 30
0.0
  9
$PUCSORTHOREF
  2

  9
$PUCSORTHOVIEW
 70
     0
  9
$PUCSORGTOP
 10
0.0
 20
0.0
 30
0.0
  9
$PUCSORGBOTTOM
 10
0.0
 20
0.0
 30
0.0
  9
$PUCSORGLEFT
 10
0.0
 20
0.0
 30
0.0
  9
$PUCSORGRIGHT
 10
0.0
 20
0.0
 30
0.0
  9
$PUCSORGFRONT
 10
0.0
 20
0.0
 30
0.0
  9
$PUCSORGBACK
 10
0.0
 20
0.0
 30
0.0
  9
$USERI1
 70
     0
  9
$USERI2
 70
     0
  9
$USERI3
 70
     0
  9
$USERI4
 70
     0
  9
$USERI5
 70
     0
  9
$USERR1
 40
0.0
  9
$USERR2
 40
0.0
  9
$USERR3
 40
0.0
  9
$USERR4
 40
0.0
  9
$USERR5
 40
0.0
  9
$WORLDVIEW
 70
     1
  9
$SHADEDGE
 70
     3
  9
$SHADEDIF
 70
    70
  9
$TILEMODE
 70
     1
  9
$MAXACTVP
 70
    64
  9
$PINSBASE
 10
0.0
 20
0.0
 30
0.0
  9
$PLIMCHECK
 70
     0
  9
$PEXTMIN
 10
1.000000000000000E+20
 20
1.000000000000000E+20
 30
1.000000000000000E+20
  9
$PEXTMAX
 10
-1.000000000000000E+20
 20
-1.000000000000000E+20
 30
-1.000000000000000E+20
  9
$PLIMMIN
 10
0.0
 20
0.0
  9
$PLIMMAX
 10
12.0
 20
9.0
  9
$UNITMODE
 70
     0
  9
$VISRETAIN
 70
     1
  9
$PLINEGEN
 70
     0
  9
$PSLTSCALE
 70
     1
  9
$TREEDEPTH
 70
  3020
  9
$CMLSTYLE
  2
Standard
  9
$CMLJUST
 70
     0
  9
$CMLSCALE
 40
1.0
  9
$PROXYGRAPHICS
 70
     1
  9
$MEASUREMENT
 70
     1
  9
$CELWEIGHT
370
    -1
  9
$ENDCAPS
280
     0
  9
$JOINSTYLE
280
     0
  9
$LWDISPLAY
290
     0
  9
$INSUNITS
 70
     4
  9
$HYPERLINKBASE
  1

  9
$STYLESHEET
  1

  9
$XEDIT
290
     1
  9
$CEPSNTYPE
380
     0
  9
$PSTYLEMODE
290
     1
  9
$FINGERPRINTGUID
  2
{501794eb-d51d-411f-b8fa-298a129ef9a5}
  9
$VERSIONGUID
  2
{FAEB1C32-E019-11D5-929B-00C0DF256EC4}
  9
$EXTNAMES
290
     1
  9
$PSVPSCALE
 40
0.0
  9
$OLESTARTUP
290
     0
  0
ENDSEC
  0
SECTION
  2
CLASSES
  0
CLASS
  1
ACDBDICTIONARYWDFLT
  2
AcDbDictionaryWithDefault
  3
ObjectDBX Classes
 90
        0
280
     0
281
     0
  0
CLASS
  1
VISUALSTYLE
  2
AcDbVisualStyle
  3
ObjectDBX Classes
 90
     4095
280
     0
281
     0
  0
CLASS
  1
MATERIAL
  2
AcDbMaterial
  3
ObjectDBX Classes
 90
     1153
280
     0
281
     0
  0
CLASS
  1
SCALE
  2
AcDbScale
  3
ObjectDBX Classes
 90
     1153
280
     0
281
     0
  0
CLASS
  1
TABLESTYLE
  2
AcDbTableStyle
  3
ObjectDBX Classes
 90
     4095
280
     0
281
     0
  0
CLASS
  1
MLEADERSTYLE
  2
AcDbMLeaderStyle
  3
ACDB_MLEADERSTYLE_CLASS
 90
     4095
280
     0
281
     0
  0
CLASS
  1
SUN
  2
AcDbSun
  3
SCENEOE
 90
     1153
280
     0
281
     0
  0
CLASS
  1
DICTIONARYVAR
  2
AcDbDictionaryVar
  3
ObjectDBX Classes
 90
        0
280
     0
281
     0
  0
CLASS
  1
ACDBPLACEHOLDER
  2
AcDbPlaceHolder
  3
ObjectDBX Classes
 90
        0
280
     0
281
     0
  0
CLASS
  1
LAYOUT
  2
AcDbLayout
  3
ObjectDBX Classes
 90
        0
280
     0
281
     0
  0
ENDSEC
  0
SECTION
  2
TABLES
  0
TABLE
  2
VPORT
  5
8
102
{ACAD_XDICTIONARY
360
2D8
102
}
330
0
100
AcDbSymbolTable
 70
     1
  0
VPORT
  5
29
330
8
100
AcDbSymbolTableRecord
100
AcDbViewportTableRecord
  2
*Active
 70
     0
 10
0.0
 20
0.0
 11
1.0
 21
1.0
 12
10.42990654205607
 22
4.5
 13
0.0
 23
0.0
 14
0.5
 24
0.5
 15
0.5
 25
0.5
 16
0.0
 26
0.0
 36
1.0
 17
0.0
 27
0.0
 37
0.0
 40
9.0
 41
1.972972972850329
 42
50.0
 43
0.0
 44
0.0
 50
0.0
 51
0.0
 71
     0
 72
   100
 73
     1
 74
     3
 75
     0
 76
     0
 77
     0
 78
     0
281
     0
 65
     1
110
0.0
120
0.0
130
0.0
111
1.0
121
0.0
131
0.0
112
0.0
122
1.0
132
0.0
 79
     0
146
0.0
  0
ENDTAB
  0
TABLE
  2
LTYPE
  5
5
330
0
100
AcDbSymbolTable
 70
     1
  0
LTYPE
  5
14
330
5
100
AcDbSymbolTableRecord
100
AcDbLinetypeTableRecord
  2
ByBlock
 70
     0
  3

 72
    65
 73
     0
 40
0.0
  0
LTYPE
  5
15
330
5
100
AcDbSymbolTableRecord
100
AcDbLinetypeTableRecord
  2
ByLayer
 70
     0
  3

 72
    65
 73
     0
 40
0.0
  0
LTYPE
  5
16
330
5
100
AcDbSymbolTableRecord
100
AcDbLinetypeTableRecord
  2
Continuous
 70
     0
  3
Solid line
 72
    65
 73
     0
 40
0.0
  0
ENDTAB
  0
TABLE
  2
LAYER
  5
2
330
0
100
AcDbSymbolTable
 70
     2
  0
LAYER
  5
10
330
2
100
AcDbSymbolTableRecord
100
AcDbLayerTableRecord
  2
0
 70
     0
 62
     7
  6
Continuous
370
    -3
390
F
  0
LAYER
  5
6F
330
2
100
AcDbSymbolTableRecord
100
AcDbLayerTableRecord
  2
Layer 02
 70
     0
 62
     1
  6
Continuous
370
    -3
390
F
  0
ENDTAB
  0
TABLE
  2
STYLE
  5
3
330
0
100
AcDbSymbolTable
 70
     1
  0
STYLE
  5
11
330
3
100
AcDbSymbolTableRecord
100
AcDbTextStyleTableRecord
  2
Standard
 70
     0
 40
0.0
 41
1.0
 50
0.0
 71
     0
 42
0.2
  3
txt
  4

  0
ENDTAB
  0
TABLE
  2
VIEW
  5
6
330
0
100
AcDbSymbolTable
 70
     0
  0
ENDTAB
  0
TABLE
  2
UCS
  5
7
330
0
100
AcDbSymbolTable
 70
     0
  0
ENDTAB
  0
TABLE
  2
APPID
  5
9
330
0
100
AcDbSymbolTable
 70
     3
  0
APPID
  5
12
330
9
100
AcDbSymbolTableRecord
100
AcDbRegAppTableRecord
  2
ACAD
 70
     0
  0
APPID
  5
6E
330
9
100
AcDbSymbolTableRecord
100
AcDbRegAppTableRecord
  2
Rhino
 70
     0
  0
APPID
  5
312
330
9
100
AcDbSymbolTableRecord
100
AcDbRegAppTableRecord
  2
ACAD_MLEADERVER
 70
     0
  0
ENDTAB
  0
TABLE
  2
DIMSTYLE
  5
A
330
0
100
AcDbSymbolTable
 70
     1
100
AcDbDimStyleTable
  0
DIMSTYLE
105
27
330
A
100
AcDbSymbolTableRecord
100
AcDbDimStyleTableRecord
  2
STANDARD_ACAD
 70
     0
178
     0
340
11
  0
ENDTAB
  0
TABLE
  2
BLOCK_RECORD
  5
1
330
0
100
AcDbSymbolTable
 70
     1
  0
BLOCK_RECORD
  5
1F
330
1
100
AcDbSymbolTableRecord
100
AcDbBlockTableRecord
  2
*Model_Space
340
22
  0
BLOCK_RECORD
  5
1B
330
1
100
AcDbSymbolTableRecord
100
AcDbBlockTableRecord
  2
*Paper_Space
340
1E
  0
BLOCK_RECORD
  5
23
330
1
100
AcDbSymbolTableRecord
100
AcDbBlockTableRecord
  2
*Paper_Space0
340
26
  0
ENDTAB
  0
ENDSEC
  0
SECTION
  2
BLOCKS
  0
BLOCK
  5
20
330
1F
100
AcDbEntity
  8
0
100
AcDbBlockBegin
  2
*Model_Space
 70
     0
 10
0.0
 20
0.0
 30
0.0
  3
*Model_Space
  1

  0
ENDBLK
  5
21
330
1F
100
AcDbEntity
  8
0
100
AcDbBlockEnd
  0
BLOCK
  5
1C
330
1B
100
AcDbEntity
 67
     1
  8
0
100
AcDbBlockBegin
  2
*Paper_Space
 70
     0
 10
0.0
 20
0.0
 30
0.0
  3
*Paper_Space
  1

  0
ENDBLK
  5
1D
330
1B
100
AcDbEntity
 67
     1
  8
0
100
AcDbBlockEnd
  0
BLOCK
  5
24
330
23
100
AcDbEntity
  8
0
100
AcDbBlockBegin
  2
*Paper_Space0
 70
     0
 10
0.0
 20
0.0
 30
0.0
  3
*Paper_Space0
  1

  0
ENDBLK
  5
25
330
23
100
AcDbEntity
  8
0
100
AcDbBlockEnd
  0
ENDSEC
  0
SECTION
  2
ENTITIES
  0
POLYLINE
  5
70
330
1F
100
AcDbEntity
  8
Layer 02
100
AcDb2dPolyline
 66
     1
 10
0.0
 20
0.0
 30
0.0
 70
     1
  0
VERTEX
  5
71
330
70
100
AcDbEntity
  8
Layer 02
100
AcDbVertex
100
AcDb2dVertex
 10
249.6277919793504
 20
554.2261289158569
 30
0.0
  0
VERTEX
  5
72
330
70
100
AcDbEntity
  8
Layer 02
100
AcDbVertex
100
AcDb2dVertex
 10
241.7336248088999
 20
549.4265448364444
 30
0.0
  0
VERTEX
  5
73
330
70
100
AcDbEntity
  8
Layer 02
100
AcDbVertex
100
AcDb2dVertex
 10
236.2414565185582
 20
555.4796154202677
 30
0.0
  0
VERTEX
  5
74
330
70
100
AcDbEntity
  8
Layer 02
100
AcDbVertex
100
AcDb2dVertex
 10
249.6277919793505
 20
561.1586668278765
 30
0.0
  0
VERTEX
  5
75
330
70
100
AcDbEntity
  8
Layer 02
100
AcDbVertex
100
AcDb2dVertex
 10
263.0141274401427
 20
555.4796154202677
 30
0.0
  0
VERTEX
  5
76
330
70
100
AcDbEntity
  8
Layer 02
100
AcDbVertex
100
AcDb2dVertex
 10
257.5219591498011
 20
549.4265448364444
 30
0.0
  0
SEQEND
  5
77
330
70
100
AcDbEntity
  8
Layer 02
  0
POLYLINE
  5
78
330
1F
100
AcDbEntity
  8
Layer 02
100
AcDb2dPolyline
 66
     1
 10
0.0
 20
0.0
 30
0.0
 70
     1
  0
VERTEX
  5
79
330
78
100
AcDbEntity
  8
Layer 02
100
AcDbVertex
100
AcDb2dVertex
 10
249.6277919793505
 20
580.3780274693354
 30
0.0
  0
VERTEX
  5
7A
330
78
100
AcDbEntity
  8
Layer 02
100
AcDbVertex
100
AcDb2dVertex
 10
260.3216032493099
 20
582.8556668517624
 30
0.0
  0
VERTEX
  5
7B
330
78
100
AcDbEntity
  8
Layer 02
100
AcDbVertex
100
AcDb2dVertex
 10
278.0981672746501
 20
572.1041529400013
 30
0.0
  0
VERTEX
  5
7C
330
78
100
AcDbEntity
  8
Layer 02
100
AcDbVertex
100
AcDb2dVertex
 10
266.7929004342542
 20
559.644305656331
 30
0.0
  0
VERTEX
  5
7D
330
78
100
AcDbEntity
  8
Layer 02
100
AcDbVertex
100
AcDb2dVertex
 10
257.4952145499595
 20
561.0797811910609
 30
0.0
  0
VERTEX
  5
7E
330
78
100
AcDbEntity
  8
Layer 02
100
AcDbVertex
100
AcDb2dVertex
 10
249.6277919793505
 20
564.4174756149556
 30
0.0
  0
VERTEX
  5
7F
330
78
100
AcDbEntity
  8
Layer 02
100
AcDbVertex
100
AcDb2dVertex
 10
241.7603694087414
 20
561.0797811910609
 30
0.0
  0
VERTEX
  5
80
330
78
100
AcDbEntity
  8
Layer 02
100
AcDbVertex
100
AcDb2dVertex
 10
232.4626835244467
 20
559.644305656331
 30
0.0
  0
VERTEX
  5
81
330
78
100
AcDbEntity
  8
Layer 02
100
AcDbVertex
100
AcDb2dVertex
 10
221.1574166840508
 20
572.1041529400013
 30
0.0
  0
VERTEX
  5
82
330
78
100
AcDbEntity
  8
Layer 02
100
AcDbVertex
100
AcDb2dVertex
 10
238.9339807093911
 20
582.8556668517624
 30
0.0
  0
SEQEND
  5
83
330
78
100
AcDbEntity
  8
Layer 02
  0
POLYLINE
  5
84
330
1F
100
AcDbEntity
  8
Layer 02
100
AcDb2dPolyline
 66
     1
 10
0.0
 20
0.0
 30
0.0
 70
     1
  0
VERTEX
  5
85
330
84
100
AcDbEntity
  8
Layer 02
100
AcDbVertex
100
AcDb2dVertex
 10
249.6277919793505
 20
601.250324802056
 30
0.0
  0
VERTEX
  5
86
330
84
100
AcDbEntity
  8
Layer 02
100
AcDbVertex
100
AcDb2dVertex
 10
276.7208642713616
 20
589.7346639282285
 30
0.0
  0
VERTEX
  5
87
330
84
100
AcDbEntity
  8
Layer 02
100
AcDbVertex
100
AcDb2dVertex
 10
260.8315309074248
 20
586.05327876917
 30
0.0
  0
VERTEX
  5
88
330
84
100
AcDbEntity
  8
Layer 02
100
AcDbVertex
100
AcDb2dVertex
 10
249.6277919793505
 20
592.8294563689143
 30
0.0
  0
VERTEX
  5
89
330
84
100
AcDbEntity
  8
Layer 02
100
AcDbVertex
100
AcDb2dVertex
 10
238.4240530512762
 20
586.05327876917
 30
0.0
  0
VERTEX
  5
8A
330
84
100
AcDbEntity
  8
Layer 02
100
AcDbVertex
100
AcDb2dVertex
 10
222.5347196873393
 20
589.7346639282285
 30
0.0
  0
SEQEND
  5
8B
330
84
100
AcDbEntity
  8
Layer 02
  0
POLYLINE
  5
8C
330
1F
100
AcDbEntity
  8
Layer 02
100
AcDb2dPolyline
 66
     1
 10
0.0
 20
0.0
 30
0.0
 70
     1
  0
VERTEX
  5
8D
330
8C
100
AcDbEntity
  8
Layer 02
100
AcDbVertex
100
AcDb2dVertex
 10
249.6277919793505
 20
550.7151632984549
 30
0.0
  0
VERTEX
  5
8E
330
8C
100
AcDbEntity
  8
Layer 02
100
AcDbVertex
100
AcDb2dVertex
 10
243.7866783855884
 20
547.1638177029877
 30
0.0
  0
VERTEX
  5
8F
330
8C
100
AcDbEntity
  8
Layer 02
100
AcDbVertex
100
AcDb2dVertex
 10
249.6277919793505
 20
540.726164848586
 30
0.0
  0
VERTEX
  5
90
330
8C
100
AcDbEntity
  8
Layer 02
100
AcDbVertex
100
AcDb2dVertex
 10
255.4689055731126
 20
547.1638177029877
 30
0.0
  0
SEQEND
  5
91
330
8C
100
AcDbEntity
  8
Layer 02
  0
POLYLINE
  5
92
330
1F
100
AcDbEntity
  8
Layer 02
100
AcDb2dPolyline
 66
     1
 10
0.0
 20
0.0
 30
0.0
 70
     1
  0
VERTEX
  5
93
330
92
100
AcDbEntity
  8
Layer 02
100
AcDbVertex
100
AcDb2dVertex
 10
249.6277919793505
 20
535.9993659495897
 30
0.0
  0
VERTEX
  5
94
330
92
100
AcDbEntity
  8
Layer 02
100
AcDbVertex
100
AcDb2dVertex
 10
244.8944145026391
 20
536.9788918044734
 30
0.0
  0
VERTEX
  5
95
330
92
100
AcDbEntity
  8
Layer 02
100
AcDbVertex
100
AcDb2dVertex
 10
231.1778708064929
 20
531.3675784742318
 30
0.0
  0
VERTEX
  5
96
330
92
100
AcDbEntity
  8
Layer 02
100
AcDbVertex
100
AcDb2dVertex
 10
239.1825924407198
 20
513.3537663368666
 30
0.0
  0
VERTEX
  5
97
330
92
100
AcDbEntity
  8
Layer 02
100
AcDbVertex
100
AcDb2dVertex
 10
249.6277919793505
 20
515.6547134480572
 30
0.0
  0
VERTEX
  5
98
330
92
100
AcDbEntity
  8
Layer 02
100
AcDbVertex
100
AcDb2dVertex
 10
260.0729915179812
 20
513.3537663368666
 30
0.0
  0
VERTEX
  5
99
330
92
100
AcDbEntity
  8
Layer 02
100
AcDbVertex
100
AcDb2dVertex
 10
268.0777131522081
 20
531.3675784742318
 30
0.0
  0
VERTEX
  5
9A
330
92
100
AcDbEntity
  8
Layer 02
100
AcDbVertex
100
AcDb2dVertex
 10
254.3611694560619
 20
536.9788918044734
 30
0.0
  0
SEQEND
  5
9B
330
92
100
AcDbEntity
  8
Layer 02
  0
POLYLINE
  5
9C
330
1F
100
AcDbEntity
  8
Layer 02
100
AcDb2dPolyline
 66
     1
 10
0.0
 20
0.0
 30
0.0
 70
     1
  0
VERTEX
  5
9D
330
9C
100
AcDbEntity
  8
Layer 02
100
AcDbVertex
100
AcDb2dVertex
 10
249.6277919793505
 20
589.3234330902111
 30
0.0
  0
VERTEX
  5
9E
330
9C
100
AcDbEntity
  8
Layer 02
100
AcDbVertex
100
AcDb2dVertex
 10
256.6402451413508
 20
585.082203591679
 30
0.0
  0
VERTEX
  5
9F
330
9C
100
AcDbEntity
  8
Layer 02
100
AcDbVertex
100
AcDb2dVertex
 10
249.6277919793505
 20
583.4574947125907
 30
0.0
  0
VERTEX
  5
A0
330
9C
100
AcDbEntity
  8
Layer 02
100
AcDbVertex
100
AcDb2dVertex
 10
242.6153388173502
 20
585.082203591679
 30
0.0
  0
SEQEND
  5
A1
330
9C
100
AcDbEntity
  8
Layer 02
  0
POLYLINE
  5
A2
330
1F
100
AcDbEntity
  8
Layer 02
100
AcDb2dPolyline
 66
     1
 10
0.0
 20
0.0
 30
0.0
 70
     1
  0
VERTEX
  5
A3
330
A2
100
AcDbEntity
  8
Layer 02
100
AcDbVertex
100
AcDb2dVertex
 10
249.6277919793505
 20
512.5827858241383
 30
0.0
  0
VERTEX
  5
A4
330
A2
100
AcDbEntity
  8
Layer 02
100
AcDbVertex
100
AcDb2dVertex
 10
258.8296413639173
 20
510.5557332359398
 30
0.0
  0
VERTEX
  5
A5
330
A2
100
AcDbEntity
  8
Layer 02
100
AcDbVertex
100
AcDb2dVertex
 10
255.059801348393
 20
502.0720915890886
 30
0.0
  0
VERTEX
  5
A6
330
A2
100
AcDbEntity
  8
Layer 02
100
AcDbVertex
100
AcDb2dVertex
 10
244.195782610308
 20
502.0720915890886
 30
0.0
  0
VERTEX
  5
A7
330
A2
100
AcDbEntity
  8
Layer 02
100
AcDbVertex
100
AcDb2dVertex
 10
240.4259425947836
 20
510.5557332359398
 30
0.0
  0
SEQEND
  5
A8
330
A2
100
AcDbEntity
  8
Layer 02
  0
POLYLINE
  5
A9
330
1F
100
AcDbEntity
  8
Layer 02
100
AcDb2dPolyline
 66
     1
 10
0.0
 20
0.0
 30
0.0
 70
     1
  0
VERTEX
  5
AA
330
A9
100
AcDbEntity
  8
Layer 02
100
AcDbVertex
100
AcDb2dVertex
 10
249.6277919793505
 20
606.6832330331395
 30
0.0
  0
VERTEX
  5
AB
330
A9
100
AcDbEntity
  8
Layer 02
100
AcDbVertex
100
AcDb2dVertex
 10
329.969352877631
 20
572.5347924499963
 30
0.0
  0
VERTEX
  5
AC
330
A9
100
AcDbEntity
  8
Layer 02
100
AcDbVertex
100
AcDb2dVertex
 10
334.1964922470082
 20
556.8414665482131
 30
0.0
  0
VERTEX
  5
AD
330
A9
100
AcDbEntity
  8
Layer 02
100
AcDbVertex
100
AcDb2dVertex
 10
353.0628341375406
 20
562.7191209115705
 30
0.0
  0
VERTEX
  5
AE
330
A9
100
AcDbEntity
  8
Layer 02
100
AcDbVertex
100
AcDb2dVertex
 10
472.9194793027973
 20
511.7751576606866
 30
0.0
  0
VERTEX
  5
AF
330
A9
100
AcDbEntity
  8
Layer 02
100
AcDbVertex
100
AcDb2dVertex
 10
472.9194793027973
 20
497.0720915890886
 30
0.0
  0
VERTEX
  5
B0
330
A9
100
AcDbEntity
  8
Layer 02
100
AcDbVertex
100
AcDb2dVertex
 10
26.33610465590367
 20
497.0720915890886
 30
0.0
  0
VERTEX
  5
B1
330
A9
100
AcDbEntity
  8
Layer 02
100
AcDbVertex
100
AcDb2dVertex
 10
26.33610465590367
 20
511.7751576606866
 30
0.0
  0
VERTEX
  5
B2
330
A9
100
AcDbEntity
  8
Layer 02
100
AcDbVertex
100
AcDb2dVertex
 10
146.1927498211604
 20
562.7191209115705
 30
0.0
  0
VERTEX
  5
B3
330
A9
100
AcDbEntity
  8
Layer 02
100
AcDbVertex
100
AcDb2dVertex
 10
165.0590917116927
 20
556.8414665482131
 30
0.0
  0
VERTEX
  5
B4
330
A9
100
AcDbEntity
  8
Layer 02
100
AcDbVertex
100
AcDb2dVertex
 10
169.28623108107
 20
572.5347924499963
 30
0.0
  0
SEQEND
  5
B5
330
A9
100
AcDbEntity
  8
Layer 02
  0
POLYLINE
  5
B6
330
1F
100
AcDbEntity
  8
Layer 02
100
AcDb2dPolyline
 66
     1
 10
0.0
 20
0.0
 30
0.0
 70
     1
  0
VERTEX
  5
B7
330
B6
100
AcDbEntity
  8
Layer 02
100
AcDbVertex
100
AcDb2dVertex
 10
267.6855063140859
 20
539.7362321002408
 30
0.0
  0
VERTEX
  5
B8
330
B6
100
AcDbEntity
  8
Layer 02
100
AcDbVertex
100
AcDb2dVertex
 10
270.9220404538312
 20
537.768447862311
 30
0.0
  0
VERTEX
  5
B9
330
B6
100
AcDbEntity
  8
Layer 02
100
AcDbVertex
100
AcDb2dVertex
 10
269.2964910270628
 20
534.1103141592471
 30
0.0
  0
VERTEX
  5
BA
330
B6
100
AcDbEntity
  8
Layer 02
100
AcDbVertex
100
AcDb2dVertex
 10
259.6227980298834
 20
538.0677340217296
 30
0.0
  0
SEQEND
  5
BB
330
B6
100
AcDbEntity
  8
Layer 02
  0
POLYLINE
  5
BC
330
1F
100
AcDbEntity
  8
Layer 02
100
AcDb2dPolyline
 66
     1
 10
0.0
 20
0.0
 30
0.0
 70
     1
  0
VERTEX
  5
BD
330
BC
100
AcDbEntity
  8
Layer 02
100
AcDbVertex
100
AcDb2dVertex
 10
352.9256692297465
 20
517.335324964072
 30
0.0
  0
VERTEX
  5
BE
330
BC
100
AcDbEntity
  8
Layer 02
100
AcDbVertex
100
AcDb2dVertex
 10
343.9263082528083
 20
502.0720915890886
 30
0.0
  0
VERTEX
  5
BF
330
BC
100
AcDbEntity
  8
Layer 02
100
AcDbVertex
100
AcDb2dVertex
 10
339.3517108361801
 20
502.0720915890886
 30
0.0
  0
VERTEX
  5
C0
330
BC
100
AcDbEntity
  8
Layer 02
100
AcDbVertex
100
AcDb2dVertex
 10
336.36174450417
 20
524.3624445446196
 30
0.0
  0
SEQEND
  5
C1
330
BC
100
AcDbEntity
  8
Layer 02
  0
POLYLINE
  5
C2
330
1F
100
AcDbEntity
  8
Layer 02
100
AcDb2dPolyline
 66
     1
 10
0.0
 20
0.0
 30
0.0
 70
     1
  0
VERTEX
  5
C3
330
C2
100
AcDbEntity
  8
Layer 02
100
AcDbVertex
100
AcDb2dVertex
 10
274.7349221196334
 20
538.9612150244827
 30
0.0
  0
VERTEX
  5
C4
330
C2
100
AcDbEntity
  8
Layer 02
100
AcDbVertex
100
AcDb2dVertex
 10
293.6690437876386
 20
527.4494358901891
 30
0.0
  0
VERTEX
  5
C5
330
C2
100
AcDbEntity
  8
Layer 02
100
AcDbVertex
100
AcDb2dVertex
 10
299.2445568354425
 20
540.1091302222616
 30
0.0
  0
VERTEX
  5
C6
330
C2
100
AcDbEntity
  8
Layer 02
100
AcDbVertex
100
AcDb2dVertex
 10
289.4883677019384
 20
544.248119551627
 30
0.0
  0
VERTEX
  5
C7
330
C2
100
AcDbEntity
  8
Layer 02
100
AcDbVertex
100
AcDb2dVertex
 10
275.8280809065479
 20
541.4212577247295
 30
0.0
  0
SEQEND
  5
C8
330
C2
100
AcDbEntity
  8
Layer 02
  0
POLYLINE
  5
C9
330
1F
100
AcDbEntity
  8
Layer 02
100
AcDb2dPolyline
 66
     1
 10
0.0
 20
0.0
 30
0.0
 70
     1
  0
VERTEX
  5
CA
330
C9
100
AcDbEntity
  8
Layer 02
100
AcDbVertex
100
AcDb2dVertex
 10
316.3750895833845
 20
548.9537363513334
 30
0.0
  0
VERTEX
  5
CB
330
C9
100
AcDbEntity
  8
Layer 02
100
AcDbVertex
100
AcDb2dVertex
 10
331.2424260570967
 20
539.9617638475304
 30
0.0
  0
VERTEX
  5
CC
330
C9
100
AcDbEntity
  8
Layer 02
100
AcDbVertex
100
AcDb2dVertex
 10
331.5841830558563
 20
537.413947825049
 30
0.0
  0
VERTEX
  5
CD
330
C9
100
AcDbEntity
  8
Layer 02
100
AcDbVertex
100
AcDb2dVertex
 10
328.8855810002228
 20
530.7929590606459
 30
0.0
  0
VERTEX
  5
CE
330
C9
100
AcDbEntity
  8
Layer 02
100
AcDbVertex
100
AcDb2dVertex
 10
303.9897430052764
 20
541.3548297251687
 30
0.0
  0
VERTEX
  5
CF
330
C9
100
AcDbEntity
  8
Layer 02
100
AcDbVertex
100
AcDb2dVertex
 10
303.7357583524753
 20
547.1964767395953
 30
0.0
  0
VERTEX
  5
D0
330
C9
100
AcDbEntity
  8
Layer 02
100
AcDbVertex
100
AcDb2dVertex
 10
313.9996331600088
 20
549.3204845531986
 30
0.0
  0
SEQEND
  5
D1
330
C9
100
AcDbEntity
  8
Layer 02
  0
POLYLINE
  5
D2
330
1F
100
AcDbEntity
  8
Layer 02
100
AcDb2dPolyline
 66
     1
 10
0.0
 20
0.0
 30
0.0
 70
     1
  0
VERTEX
  5
D3
330
D2
100
AcDbEntity
  8
Layer 02
100
AcDbVertex
100
AcDb2dVertex
 10
438.7235772475645
 20
505.5748289859163
 30
0.0
  0
VERTEX
  5
D4
330
D2
100
AcDbEntity
  8
Layer 02
100
AcDbVertex
100
AcDb2dVertex
 10
443.685915992725
 20
502.0720915890887
 30
0.0
  0
VERTEX
  5
D5
330
D2
100
AcDbEntity
  8
Layer 02
100
AcDbVertex
100
AcDb2dVertex
 10
439.1461102552238
 20
502.0720915890887
 30
0.0
  0
SEQEND
  5
D6
330
D2
100
AcDbEntity
  8
Layer 02
  0
POLYLINE
  5
D7
330
1F
100
AcDbEntity
  8
Layer 02
100
AcDb2dPolyline
 66
     1
 10
0.0
 20
0.0
 30
0.0
 70
     1
  0
VERTEX
  5
D8
330
D7
100
AcDbEntity
  8
Layer 02
100
AcDbVertex
100
AcDb2dVertex
 10
273.5066200970896
 20
536.1970462134847
 30
0.0
  0
VERTEX
  5
D9
330
D7
100
AcDbEntity
  8
Layer 02
100
AcDbVertex
100
AcDb2dVertex
 10
272.0743685437813
 20
532.9739097205895
 30
0.0
  0
VERTEX
  5
DA
330
D7
100
AcDbEntity
  8
Layer 02
100
AcDbVertex
100
AcDb2dVertex
 10
292.65720950834
 20
524.5536565987246
 30
0.0
  0
SEQEND
  5
DB
330
D7
100
AcDbEntity
  8
Layer 02
  0
POLYLINE
  5
DC
330
1F
100
AcDbEntity
  8
Layer 02
100
AcDb2dPolyline
 66
     1
 10
0.0
 20
0.0
 30
0.0
 70
     1
  0
VERTEX
  5
DD
330
DC
100
AcDbEntity
  8
Layer 02
100
AcDbVertex
100
AcDb2dVertex
 10
284.6346802275751
 20
546.3072596922659
 30
0.0
  0
VERTEX
  5
DE
330
DC
100
AcDbEntity
  8
Layer 02
100
AcDbVertex
100
AcDb2dVertex
 10
279.0517418873636
 20
548.6757789881133
 30
0.0
  0
VERTEX
  5
DF
330
DC
100
AcDbEntity
  8
Layer 02
100
AcDbVertex
100
AcDb2dVertex
 10
277.3272860330101
 20
544.7950664263325
 30
0.0
  0
SEQEND
  5
E0
330
DC
100
AcDbEntity
  8
Layer 02
  0
POLYLINE
  5
E1
330
1F
100
AcDbEntity
  8
Layer 02
100
AcDb2dPolyline
 66
     1
 10
0.0
 20
0.0
 30
0.0
 70
     1
  0
VERTEX
  5
E2
330
E1
100
AcDbEntity
  8
Layer 02
100
AcDbVertex
100
AcDb2dVertex
 10
268.7441450440942
 20
556.3075076480947
 30
0.0
  0
VERTEX
  5
E3
330
E1
100
AcDbEntity
  8
Layer 02
100
AcDbVertex
100
AcDb2dVertex
 10
278.4914419897004
 20
554.8026163806019
 30
0.0
  0
VERTEX
  5
E4
330
E1
100
AcDbEntity
  8
Layer 02
100
AcDbVertex
100
AcDb2dVertex
 10
277.5080106179275
 20
552.5895040713168
 30
0.0
  0
SEQEND
  5
E5
330
E1
100
AcDbEntity
  8
Layer 02
  0
POLYLINE
  5
E6
330
1F
100
AcDbEntity
  8
Layer 02
100
AcDb2dPolyline
 66
     1
 10
0.0
 20
0.0
 30
0.0
 70
     1
  0
VERTEX
  5
E7
330
E6
100
AcDbEntity
  8
Layer 02
100
AcDbVertex
100
AcDb2dVertex
 10
281.4099569127731
 20
587.7416082835066
 30
0.0
  0
VERTEX
  5
E8
330
E6
100
AcDbEntity
  8
Layer 02
100
AcDbVertex
100
AcDb2dVertex
 10
264.512889015384
 20
583.8267420292534
 30
0.0
  0
VERTEX
  5
E9
330
E6
100
AcDbEntity
  8
Layer 02
100
AcDbVertex
100
AcDb2dVertex
 10
280.1521468942954
 20
574.3679006910147
 30
0.0
  0
VERTEX
  5
EA
330
E6
100
AcDbEntity
  8
Layer 02
100
AcDbVertex
100
AcDb2dVertex
 10
289.2594121429582
 20
584.4052696246474
 30
0.0
  0
SEQEND
  5
EB
330
E6
100
AcDbEntity
  8
Layer 02
  0
POLYLINE
  5
EC
330
1F
100
AcDbEntity
  8
Layer 02
100
AcDb2dPolyline
 66
     1
 10
0.0
 20
0.0
 30
0.0
 70
     1
  0
VERTEX
  5
ED
330
EC
100
AcDbEntity
  8
Layer 02
100
AcDbVertex
100
AcDb2dVertex
 10
263.0631472119048
 20
512.6950723520845
 30
0.0
  0
VERTEX
  5
EE
330
EC
100
AcDbEntity
  8
Layer 02
100
AcDbVertex
100
AcDb2dVertex
 10
270.8555906689267
 20
530.2311740355742
 30
0.0
  0
VERTEX
  5
EF
330
EC
100
AcDbEntity
  8
Layer 02
100
AcDbVertex
100
AcDb2dVertex
 10
291.2243338886275
 20
521.8985063547875
 30
0.0
  0
VERTEX
  5
F0
330
EC
100
AcDbEntity
  8
Layer 02
100
AcDbVertex
100
AcDb2dVertex
 10
285.0389623533363
 20
507.854074515832
 30
0.0
  0
SEQEND
  5
F1
330
EC
100
AcDbEntity
  8
Layer 02
  0
POLYLINE
  5
F2
330
1F
100
AcDbEntity
  8
Layer 02
100
AcDb2dPolyline
 66
     1
 10
0.0
 20
0.0
 30
0.0
 70
     1
  0
VERTEX
  5
F3
330
F2
100
AcDbEntity
  8
Layer 02
100
AcDbVertex
100
AcDb2dVertex
 10
286.7938468711187
 20
504.3955677321057
 30
0.0
  0
VERTEX
  5
F4
330
F2
100
AcDbEntity
  8
Layer 02
100
AcDbVertex
100
AcDb2dVertex
 10
285.7705542692718
 20
502.0720915890886
 30
0.0
  0
VERTEX
  5
F5
330
F2
100
AcDbEntity
  8
Layer 02
100
AcDbVertex
100
AcDb2dVertex
 10
297.3413174405325
 20
502.0720915890886
 30
0.0
  0
SEQEND
  5
F6
330
F2
100
AcDbEntity
  8
Layer 02
  0
POLYLINE
  5
F7
330
1F
100
AcDbEntity
  8
Layer 02
100
AcDb2dPolyline
 66
     1
 10
0.0
 20
0.0
 30
0.0
 70
     1
  0
VERTEX
  5
F8
330
F7
100
AcDbEntity
  8
Layer 02
100
AcDbVertex
100
AcDb2dVertex
 10
326.6053380609088
 20
507.4244591933996
 30
0.0
  0
VERTEX
  5
F9
330
F7
100
AcDbEntity
  8
Layer 02
100
AcDbVertex
100
AcDb2dVertex
 10
323.3959130507459
 20
509.3757613194182
 30
0.0
  0
VERTEX
  5
FA
330
F7
100
AcDbEntity
  8
Layer 02
100
AcDbVertex
100
AcDb2dVertex
 10
330.5151818230054
 20
526.8428044699621
 30
0.0
  0
VERTEX
  5
FB
330
F7
100
AcDbEntity
  8
Layer 02
100
AcDbVertex
100
AcDb2dVertex
 10
333.1522328959354
 20
525.7240555299311
 30
0.0
  0
VERTEX
  5
FC
330
F7
100
AcDbEntity
  8
Layer 02
100
AcDbVertex
100
AcDb2dVertex
 10
336.1295233957023
 20
503.5282015564386
 30
0.0
  0
SEQEND
  5
FD
330
F7
100
AcDbEntity
  8
Layer 02
  0
POLYLINE
  5
FE
330
1F
100
AcDbEntity
  8
Layer 02
100
AcDb2dPolyline
 66
     1
 10
0.0
 20
0.0
 30
0.0
 70
     1
  0
VERTEX
  5
FF
330
FE
100
AcDbEntity
  8
Layer 02
100
AcDbVertex
100
AcDb2dVertex
 10
341.5400845260564
 20
553.8922750553547
 30
0.0
  0
VERTEX
  5
100
330
FE
100
AcDbEntity
  8
Layer 02
100
AcDbVertex
100
AcDb2dVertex
 10
352.7969024115
 20
557.399244511638
 30
0.0
  0
VERTEX
  5
101
330
FE
100
AcDbEntity
  8
Layer 02
100
AcDbVertex
100
AcDb2dVertex
 10
371.7883539105345
 20
549.3271029469064
 30
0.0
  0
VERTEX
  5
102
330
FE
100
AcDbEntity
  8
Layer 02
100
AcDbVertex
100
AcDb2dVertex
 10
368.6036216393816
 20
543.9256847777705
 30
0.0
  0
VERTEX
  5
103
330
FE
100
AcDbEntity
  8
Layer 02
100
AcDbVertex
100
AcDb2dVertex
 10
339.3205667208211
 20
548.4467139285564
 30
0.0
  0
SEQEND
  5
104
330
FE
100
AcDbEntity
  8
Layer 02
  0
POLYLINE
  5
105
330
1F
100
AcDbEntity
  8
Layer 02
100
AcDb2dPolyline
 66
     1
 10
0.0
 20
0.0
 30
0.0
 70
     1
  0
VERTEX
  5
106
330
105
100
AcDbEntity
  8
Layer 02
100
AcDbVertex
100
AcDb2dVertex
 10
337.8292724014532
 20
552.736201917153
 30
0.0
  0
VERTEX
  5
107
330
105
100
AcDbEntity
  8
Layer 02
100
AcDbVertex
100
AcDb2dVertex
 10
336.2727407789756
 20
548.9172696806091
 30
0.0
  0
VERTEX
  5
108
330
105
100
AcDbEntity
  8
Layer 02
100
AcDbVertex
100
AcDb2dVertex
 10
333.0002565166617
 20
549.4225105711704
 30
0.0
  0
VERTEX
  5
109
330
105
100
AcDbEntity
  8
Layer 02
100
AcDbVertex
100
AcDb2dVertex
 10
332.7673035461329
 20
551.1591869609795
 30
0.0
  0
SEQEND
  5
10A
330
105
100
AcDbEntity
  8
Layer 02
  0
POLYLINE
  5
10B
330
1F
100
AcDbEntity
  8
Layer 02
100
AcDb2dPolyline
 66
     1
 10
0.0
 20
0.0
 30
0.0
 70
     1
  0
VERTEX
  5
10C
330
10B
100
AcDbEntity
  8
Layer 02
100
AcDbVertex
100
AcDb2dVertex
 10
370.1552275653352
 20
540.6505872357135
 30
0.0
  0
VERTEX
  5
10D
330
10B
100
AcDbEntity
  8
Layer 02
100
AcDbVertex
100
AcDb2dVertex
 10
361.1508106852384
 20
525.3787788707918
 30
0.0
  0
VERTEX
  5
10E
330
10B
100
AcDbEntity
  8
Layer 02
100
AcDbVertex
100
AcDb2dVertex
 10
384.3096207938561
 20
511.3720074436644
 30
0.0
  0
VERTEX
  5
10F
330
10B
100
AcDbEntity
  8
Layer 02
100
AcDbVertex
100
AcDb2dVertex
 10
384.839258110301
 20
538.3835105823572
 30
0.0
  0
SEQEND
  5
110
330
10B
100
AcDbEntity
  8
Layer 02
  0
POLYLINE
  5
111
330
1F
100
AcDbEntity
  8
Layer 02
100
AcDb2dPolyline
 66
     1
 10
0.0
 20
0.0
 30
0.0
 70
     1
  0
VERTEX
  5
112
330
111
100
AcDbEntity
  8
Layer 02
100
AcDbVertex
100
AcDb2dVertex
 10
320.4190618810381
 20
502.0720915890886
 30
0.0
  0
VERTEX
  5
113
330
111
100
AcDbEntity
  8
Layer 02
100
AcDbVertex
100
AcDb2dVertex
 10
329.6340036436229
 20
502.0720915890886
 30
0.0
  0
VERTEX
  5
114
330
111
100
AcDbEntity
  8
Layer 02
100
AcDbVertex
100
AcDb2dVertex
 10
322.2490931723099
 20
506.5620520827904
 30
0.0
  0
SEQEND
  5
115
330
111
100
AcDbEntity
  8
Layer 02
  0
POLYLINE
  5
116
330
1F
100
AcDbEntity
  8
Layer 02
100
AcDb2dPolyline
 66
     1
 10
0.0
 20
0.0
 30
0.0
 70
     1
  0
VERTEX
  5
117
330
116
100
AcDbEntity
  8
Layer 02
100
AcDbVertex
100
AcDb2dVertex
 10
436.1243619193219
 20
502.0720915890886
 30
0.0
  0
VERTEX
  5
118
330
116
100
AcDbEntity
  8
Layer 02
100
AcDbVertex
100
AcDb2dVertex
 10
421.0427735393185
 20
502.0720915890887
 30
0.0
  0
VERTEX
  5
119
330
116
100
AcDbEntity
  8
Layer 02
100
AcDbVertex
100
AcDb2dVertex
 10
418.4405131247352
 20
519.8919183411269
 30
0.0
  0
VERTEX
  5
11A
330
116
100
AcDbEntity
  8
Layer 02
100
AcDbVertex
100
AcDb2dVertex
 10
435.42058594961
 20
507.9062923814824
 30
0.0
  0
SEQEND
  5
11B
330
116
100
AcDbEntity
  8
Layer 02
  0
POLYLINE
  5
11C
330
1F
100
AcDbEntity
  8
Layer 02
100
AcDb2dPolyline
 66
     1
 10
0.0
 20
0.0
 30
0.0
 70
     1
  0
VERTEX
  5
11D
330
11C
100
AcDbEntity
  8
Layer 02
100
AcDbVertex
100
AcDb2dVertex
 10
404.7780071034543
 20
535.3051546635861
 30
0.0
  0
VERTEX
  5
11E
330
11C
100
AcDbEntity
  8
Layer 02
100
AcDbVertex
100
AcDb2dVertex
 10
413.7124266460546
 20
531.507661915323
 30
0.0
  0
VERTEX
  5
11F
330
11C
100
AcDbEntity
  8
Layer 02
100
AcDbVertex
100
AcDb2dVertex
 10
414.4623943061755
 20
526.3720138079727
 30
0.0
  0
VERTEX
  5
120
330
11C
100
AcDbEntity
  8
Layer 02
100
AcDbVertex
100
AcDb2dVertex
 10
400.974963083738
 20
535.8923090066926
 30
0.0
  0
SEQEND
  5
121
330
11C
100
AcDbEntity
  8
Layer 02
  0
POLYLINE
  5
122
330
1F
100
AcDbEntity
  8
Layer 02
100
AcDb2dPolyline
 66
     1
 10
0.0
 20
0.0
 30
0.0
 70
     1
  0
VERTEX
  5
123
330
122
100
AcDbEntity
  8
Layer 02
100
AcDbVertex
100
AcDb2dVertex
 10
384.9441958145605
 20
543.7353334995884
 30
0.0
  0
VERTEX
  5
124
330
122
100
AcDbEntity
  8
Layer 02
100
AcDbVertex
100
AcDb2dVertex
 10
384.8985989429511
 20
541.4098930475116
 30
0.0
  0
VERTEX
  5
125
330
122
100
AcDbEntity
  8
Layer 02
100
AcDbVertex
100
AcDb2dVertex
 10
371.795684601228
 20
543.4328601820516
 30
0.0
  0
VERTEX
  5
126
330
122
100
AcDbEntity
  8
Layer 02
100
AcDbVertex
100
AcDb2dVertex
 10
374.5731083381477
 20
548.1434687226424
 30
0.0
  0
SEQEND
  5
127
330
122
100
AcDbEntity
  8
Layer 02
  0
POLYLINE
  5
128
330
1F
100
AcDbEntity
  8
Layer 02
100
AcDb2dPolyline
 66
     1
 10
0.0
 20
0.0
 30
0.0
 70
     1
  0
VERTEX
  5
129
330
128
100
AcDbEntity
  8
Layer 02
100
AcDbVertex
100
AcDb2dVertex
 10
416.9448825664662
 20
530.1337362944907
 30
0.0
  0
VERTEX
  5
12A
330
128
100
AcDbEntity
  8
Layer 02
100
AcDbVertex
100
AcDb2dVertex
 10
417.8426449207905
 20
523.9860158246613
 30
0.0
  0
VERTEX
  5
12B
330
128
100
AcDbEntity
  8
Layer 02
100
AcDbVertex
100
AcDb2dVertex
 10
434.9363971127743
 20
511.9201476665557
 30
0.0
  0
VERTEX
  5
12C
330
128
100
AcDbEntity
  8
Layer 02
100
AcDbVertex
100
AcDb2dVertex
 10
433.5928865506602
 20
523.0576555148061
 30
0.0
  0
SEQEND
  5
12D
330
128
100
AcDbEntity
  8
Layer 02
  0
POLYLINE
  5
12E
330
1F
100
AcDbEntity
  8
Layer 02
100
AcDb2dPolyline
 66
     1
 10
0.0
 20
0.0
 30
0.0
 70
     1
  0
VERTEX
  5
12F
330
12E
100
AcDbEntity
  8
Layer 02
100
AcDbVertex
100
AcDb2dVertex
 10
273.7119757470581
 20
544.0469135659404
 30
0.0
  0
VERTEX
  5
130
330
12E
100
AcDbEntity
  8
Layer 02
100
AcDbVertex
100
AcDb2dVertex
 10
268.23451287506
 20
542.9134065661954
 30
0.0
  0
VERTEX
  5
131
330
12E
100
AcDbEntity
  8
Layer 02
100
AcDbVertex
100
AcDb2dVertex
 10
260.1326231489001
 20
547.8392841291118
 30
0.0
  0
VERTEX
  5
132
330
12E
100
AcDbEntity
  8
Layer 02
100
AcDbVertex
100
AcDb2dVertex
 10
265.9390705833094
 20
554.2387304504393
 30
0.0
  0
VERTEX
  5
133
330
12E
100
AcDbEntity
  8
Layer 02
100
AcDbVertex
100
AcDb2dVertex
 10
276.2896007095666
 20
549.8475964574817
 30
0.0
  0
SEQEND
  5
134
330
12E
100
AcDbEntity
  8
Layer 02
  0
POLYLINE
  5
135
330
1F
100
AcDbEntity
  8
Layer 02
100
AcDb2dPolyline
 66
     1
 10
0.0
 20
0.0
 30
0.0
 70
     1
  0
VERTEX
  5
136
330
135
100
AcDbEntity
  8
Layer 02
100
AcDbVertex
100
AcDb2dVertex
 10
254.6497322904556
 20
540.102170006041
 30
0.0
  0
VERTEX
  5
137
330
135
100
AcDbEntity
  8
Layer 02
100
AcDbVertex
100
AcDb2dVertex
 10
263.9262166505939
 20
542.0218470902978
 30
0.0
  0
VERTEX
  5
138
330
135
100
AcDbEntity
  8
Layer 02
100
AcDbVertex
100
AcDb2dVertex
 10
258.0795695722116
 20
545.5765569956551
 30
0.0
  0
VERTEX
  5
139
330
135
100
AcDbEntity
  8
Layer 02
100
AcDbVertex
100
AcDb2dVertex
 10
253.5286049507833
 20
540.5608130086341
 30
0.0
  0
SEQEND
  5
13A
330
135
100
AcDbEntity
  8
Layer 02
  0
POLYLINE
  5
13B
330
1F
100
AcDbEntity
  8
Layer 02
100
AcDb2dPolyline
 66
     1
 10
0.0
 20
0.0
 30
0.0
 70
     1
  0
VERTEX
  5
13C
330
13B
100
AcDbEntity
  8
Layer 02
100
AcDbVertex
100
AcDb2dVertex
 10
300.7597009253983
 20
546.5806109630365
 30
0.0
  0
VERTEX
  5
13D
330
13B
100
AcDbEntity
  8
Layer 02
100
AcDbVertex
100
AcDb2dVertex
 10
300.8796511365736
 20
543.8217561060062
 30
0.0
  0
VERTEX
  5
13E
330
13B
100
AcDbEntity
  8
Layer 02
100
AcDbVertex
100
AcDb2dVertex
 10
300.4538383075628
 20
542.854910506017
 30
0.0
  0
VERTEX
  5
13F
330
13B
100
AcDbEntity
  8
Layer 02
100
AcDbVertex
100
AcDb2dVertex
 10
294.6513885287576
 20
545.3165558667222
 30
0.0
  0
SEQEND
  5
140
330
13B
100
AcDbEntity
  8
Layer 02
  0
POLYLINE
  5
141
330
1F
100
AcDbEntity
  8
Layer 02
100
AcDb2dPolyline
 66
     1
 10
0.0
 20
0.0
 30
0.0
 70
     1
  0
VERTEX
  5
142
330
141
100
AcDbEntity
  8
Layer 02
100
AcDbVertex
100
AcDb2dVertex
 10
289.7977010543944
 20
547.3756960073611
 30
0.0
  0
VERTEX
  5
143
330
141
100
AcDbEntity
  8
Layer 02
100
AcDbVertex
100
AcDb2dVertex
 10
280.2701517957244
 20
551.4176866019484
 30
0.0
  0
VERTEX
  5
144
330
141
100
AcDbEntity
  8
Layer 02
100
AcDbVertex
100
AcDb2dVertex
 10
281.5635350106226
 20
554.3283140190435
 30
0.0
  0
VERTEX
  5
145
330
141
100
AcDbEntity
  8
Layer 02
100
AcDbVertex
100
AcDb2dVertex
 10
300.550295480164
 20
551.3969362034258
 30
0.0
  0
VERTEX
  5
146
330
141
100
AcDbEntity
  8
Layer 02
100
AcDbVertex
100
AcDb2dVertex
 10
300.6276902878624
 20
549.6168556263622
 30
0.0
  0
SEQEND
  5
147
330
141
100
AcDbEntity
  8
Layer 02
  0
POLYLINE
  5
148
330
1F
100
AcDbEntity
  8
Layer 02
100
AcDb2dPolyline
 66
     1
 10
0.0
 20
0.0
 30
0.0
 70
     1
  0
VERTEX
  5
149
330
148
100
AcDbEntity
  8
Layer 02
100
AcDbVertex
100
AcDb2dVertex
 10
280.7136906672754
 20
570.5222479046829
 30
0.0
  0
VERTEX
  5
14A
330
148
100
AcDbEntity
  8
Layer 02
100
AcDbVertex
100
AcDb2dVertex
 10
284.4677677038956
 20
568.2517297422579
 30
0.0
  0
VERTEX
  5
14B
330
148
100
AcDbEntity
  8
Layer 02
100
AcDbVertex
100
AcDb2dVertex
 10
279.7537332758487
 20
557.6432745733966
 30
0.0
  0
VERTEX
  5
14C
330
148
100
AcDbEntity
  8
Layer 02
100
AcDbVertex
100
AcDb2dVertex
 10
270.3460088652286
 20
559.09573902498
 30
0.0
  0
SEQEND
  5
14D
330
148
100
AcDbEntity
  8
Layer 02
  0
POLYLINE
  5
14E
330
1F
100
AcDbEntity
  8
Layer 02
100
AcDb2dPolyline
 66
     1
 10
0.0
 20
0.0
 30
0.0
 70
     1
  0
VERTEX
  5
14F
330
14E
100
AcDbEntity
  8
Layer 02
100
AcDbVertex
100
AcDb2dVertex
 10
299.3007141552664
 20
580.1373066760704
 30
0.0
  0
VERTEX
  5
150
330
14E
100
AcDbEntity
  8
Layer 02
100
AcDbVertex
100
AcDb2dVertex
 10
294.0280374328067
 20
582.3784093601346
 30
0.0
  0
VERTEX
  5
151
330
14E
100
AcDbEntity
  8
Layer 02
100
AcDbVertex
100
AcDb2dVertex
 10
288.2831612999316
 20
569.450149748014
 30
0.0
  0
VERTEX
  5
152
330
14E
100
AcDbEntity
  8
Layer 02
100
AcDbVertex
100
AcDb2dVertex
 10
300.0754666648093
 20
562.3179989565851
 30
0.0
  0
SEQEND
  5
153
330
14E
100
AcDbEntity
  8
Layer 02
  0
POLYLINE
  5
154
330
1F
100
AcDbEntity
  8
Layer 02
100
AcDb2dPolyline
 66
     1
 10
0.0
 20
0.0
 30
0.0
 70
     1
  0
VERTEX
  5
155
330
154
100
AcDbEntity
  8
Layer 02
100
AcDbVertex
100
AcDb2dVertex
 10
290.0483250653413
 20
580.8102066668066
 30
0.0
  0
VERTEX
  5
156
330
154
100
AcDbEntity
  8
Layer 02
100
AcDbVertex
100
AcDb2dVertex
 10
282.7676702869207
 20
572.7859956556962
 30
0.0
  0
VERTEX
  5
157
330
154
100
AcDbEntity
  8
Layer 02
100
AcDbVertex
100
AcDb2dVertex
 10
285.6957055746114
 20
571.0150790665928
 30
0.0
  0
SEQEND
  5
158
330
154
100
AcDbEntity
  8
Layer 02
  0
POLYLINE
  5
159
330
1F
100
AcDbEntity
  8
Layer 02
100
AcDb2dPolyline
 66
     1
 10
0.0
 20
0.0
 30
0.0
 70
     1
  0
VERTEX
  5
15A
330
159
100
AcDbEntity
  8
Layer 02
100
AcDbVertex
100
AcDb2dVertex
 10
300.4174233784149
 20
554.4529945436551
 30
0.0
  0
VERTEX
  5
15B
330
159
100
AcDbEntity
  8
Layer 02
100
AcDbVertex
100
AcDb2dVertex
 10
282.8258262967709
 20
557.1689722118383
 30
0.0
  0
VERTEX
  5
15C
330
159
100
AcDbEntity
  8
Layer 02
100
AcDbVertex
100
AcDb2dVertex
 10
287.0552234292159
 20
566.6868004236791
 30
0.0
  0
VERTEX
  5
15D
330
159
100
AcDbEntity
  8
Layer 02
100
AcDbVertex
100
AcDb2dVertex
 10
300.2320192056513
 20
558.7172905172185
 30
0.0
  0
SEQEND
  5
15E
330
159
100
AcDbEntity
  8
Layer 02
  0
POLYLINE
  5
15F
330
1F
100
AcDbEntity
  8
Layer 02
100
AcDb2dPolyline
 66
     1
 10
0.0
 20
0.0
 30
0.0
 70
     1
  0
VERTEX
  5
160
330
15F
100
AcDbEntity
  8
Layer 02
100
AcDbVertex
100
AcDb2dVertex
 10
303.1593966864756
 20
560.4527950575877
 30
0.0
  0
VERTEX
  5
161
330
15F
100
AcDbEntity
  8
Layer 02
100
AcDbVertex
100
AcDb2dVertex
 10
307.1430743729263
 20
558.0434112191365
 30
0.0
  0
VERTEX
  5
162
330
15F
100
AcDbEntity
  8
Layer 02
100
AcDbVertex
100
AcDb2dVertex
 10
314.1027013415431
 20
573.8458583361137
 30
0.0
  0
VERTEX
  5
163
330
15F
100
AcDbEntity
  8
Layer 02
100
AcDbVertex
100
AcDb2dVertex
 10
302.3600856455753
 20
578.8369489982945
 30
0.0
  0
SEQEND
  5
164
330
15F
100
AcDbEntity
  8
Layer 02
  0
POLYLINE
  5
165
330
1F
100
AcDbEntity
  8
Layer 02
100
AcDb2dPolyline
 66
     1
 10
0.0
 20
0.0
 30
0.0
 70
     1
  0
VERTEX
  5
166
330
165
100
AcDbEntity
  8
Layer 02
100
AcDbVertex
100
AcDb2dVertex
 10
303.3159492273176
 20
556.8520866182212
 30
0.0
  0
VERTEX
  5
167
330
165
100
AcDbEntity
  8
Layer 02
100
AcDbVertex
100
AcDb2dVertex
 10
305.9237585860039
 20
555.2748471382423
 30
0.0
  0
VERTEX
  5
168
330
165
100
AcDbEntity
  8
Layer 02
100
AcDbVertex
100
AcDb2dVertex
 10
305.234276646131
 20
553.7093175571191
 30
0.0
  0
VERTEX
  5
169
330
165
100
AcDbEntity
  8
Layer 02
100
AcDbVertex
100
AcDb2dVertex
 10
303.4405507314942
 20
553.9862520221586
 30
0.0
  0
SEQEND
  5
16A
330
165
100
AcDbEntity
  8
Layer 02
  0
POLYLINE
  5
16B
330
1F
100
AcDbEntity
  8
Layer 02
100
AcDb2dPolyline
 66
     1
 10
0.0
 20
0.0
 30
0.0
 70
     1
  0
VERTEX
  5
16C
330
16B
100
AcDbEntity
  8
Layer 02
100
AcDbVertex
100
AcDb2dVertex
 10
319.6367888534071
 20
550.4870384096903
 30
0.0
  0
VERTEX
  5
16D
330
16B
100
AcDbEntity
  8
Layer 02
100
AcDbVertex
100
AcDb2dVertex
 10
330.7306155893696
 20
543.7773372370484
 30
0.0
  0
VERTEX
  5
16E
330
16B
100
AcDbEntity
  8
Layer 02
100
AcDbVertex
100
AcDb2dVertex
 10
329.5552737479294
 20
552.5395711821681
 30
0.0
  0
SEQEND
  5
16F
330
16B
100
AcDbEntity
  8
Layer 02
  0
POLYLINE
  5
170
330
1F
100
AcDbEntity
  8
Layer 02
100
AcDb2dPolyline
 66
     1
 10
0.0
 20
0.0
 30
0.0
 70
     1
  0
VERTEX
  5
171
330
170
100
AcDbEntity
  8
Layer 02
100
AcDbVertex
100
AcDb2dVertex
 10
315.8627851796672
 20
552.7696084802287
 30
0.0
  0
VERTEX
  5
172
330
170
100
AcDbEntity
  8
Layer 02
100
AcDbVertex
100
AcDb2dVertex
 10
309.7316259714719
 20
556.4778191011433
 30
0.0
  0
VERTEX
  5
173
330
170
100
AcDbEntity
  8
Layer 02
100
AcDbVertex
100
AcDb2dVertex
 10
316.8638850399994
 20
572.6722426332117
 30
0.0
  0
VERTEX
  5
174
330
170
100
AcDbEntity
  8
Layer 02
100
AcDbVertex
100
AcDb2dVertex
 10
325.7742552218162
 20
568.8849718442757
 30
0.0
  0
VERTEX
  5
175
330
170
100
AcDbEntity
  8
Layer 02
100
AcDbVertex
100
AcDb2dVertex
 10
328.9384976665276
 20
557.1376686262067
 30
0.0
  0
VERTEX
  5
176
330
170
100
AcDbEntity
  8
Layer 02
100
AcDbVertex
100
AcDb2dVertex
 10
329.1554347624227
 20
555.5203914064332
 30
0.0
  0
SEQEND
  5
177
330
170
100
AcDbEntity
  8
Layer 02
  0
POLYLINE
  5
178
330
1F
100
AcDbEntity
  8
Layer 02
100
AcDb2dPolyline
 66
     1
 10
0.0
 20
0.0
 30
0.0
 70
     1
  0
VERTEX
  5
179
330
178
100
AcDbEntity
  8
Layer 02
100
AcDbVertex
100
AcDb2dVertex
 10
304.1340929247041
 20
538.0347815783324
 30
0.0
  0
VERTEX
  5
17A
330
178
100
AcDbEntity
  8
Layer 02
100
AcDbVertex
100
AcDb2dVertex
 10
304.8909702326883
 20
520.6266034946947
 30
0.0
  0
VERTEX
  5
17B
330
178
100
AcDbEntity
  8
Layer 02
100
AcDbVertex
100
AcDb2dVertex
 10
320.7996646997535
 20
510.9542574397268
 30
0.0
  0
VERTEX
  5
17C
330
178
100
AcDbEntity
  8
Layer 02
100
AcDbVertex
100
AcDb2dVertex
 10
327.7531579149124
 20
528.0145721885469
 30
0.0
  0
SEQEND
  5
17D
330
178
100
AcDbEntity
  8
Layer 02
  0
POLYLINE
  5
17E
330
1F
100
AcDbEntity
  8
Layer 02
100
AcDb2dPolyline
 66
     1
 10
0.0
 20
0.0
 30
0.0
 70
     1
  0
VERTEX
  5
17F
330
17E
100
AcDbEntity
  8
Layer 02
100
AcDbVertex
100
AcDb2dVertex
 10
301.1741882820804
 20
537.0474017593484
 30
0.0
  0
VERTEX
  5
180
330
17E
100
AcDbEntity
  8
Layer 02
100
AcDbVertex
100
AcDb2dVertex
 10
301.8066026272434
 20
522.5018718206002
 30
0.0
  0
VERTEX
  5
181
330
17E
100
AcDbEntity
  8
Layer 02
100
AcDbVertex
100
AcDb2dVertex
 10
296.2547382669467
 20
525.8773564308681
 30
0.0
  0
SEQEND
  5
182
330
17E
100
AcDbEntity
  8
Layer 02
  0
POLYLINE
  5
183
330
1F
100
AcDbEntity
  8
Layer 02
100
AcDb2dPolyline
 66
     1
 10
0.0
 20
0.0
 30
0.0
 70
     1
  0
VERTEX
  5
184
330
183
100
AcDbEntity
  8
Layer 02
100
AcDbVertex
100
AcDb2dVertex
 10
302.6117707885215
 20
503.9830041112021
 30
0.0
  0
VERTEX
  5
185
330
183
100
AcDbEntity
  8
Layer 02
100
AcDbVertex
100
AcDb2dVertex
 10
302.0249415787432
 20
517.4800759361037
 30
0.0
  0
VERTEX
  5
186
330
183
100
AcDbEntity
  8
Layer 02
100
AcDbVertex
100
AcDb2dVertex
 10
294.0019525970833
 20
520.7622077922373
 30
0.0
  0
VERTEX
  5
187
330
183
100
AcDbEntity
  8
Layer 02
100
AcDbVertex
100
AcDb2dVertex
 10
288.0271189909089
 20
507.1958208982176
 30
0.0
  0
SEQEND
  5
188
330
183
100
AcDbEntity
  8
Layer 02
  0
POLYLINE
  5
189
330
1F
100
AcDbEntity
  8
Layer 02
100
AcDb2dPolyline
 66
     1
 10
0.0
 20
0.0
 30
0.0
 70
     1
  0
VERTEX
  5
18A
330
189
100
AcDbEntity
  8
Layer 02
100
AcDbVertex
100
AcDb2dVertex
 10
308.95344923728
 20
514.6456864394296
 30
0.0
  0
VERTEX
  5
18B
330
189
100
AcDbEntity
  8
Layer 02
100
AcDbVertex
100
AcDb2dVertex
 10
305.0821530579891
 20
516.229398512776
 30
0.0
  0
VERTEX
  5
18C
330
189
100
AcDbEntity
  8
Layer 02
100
AcDbVertex
100
AcDb2dVertex
 10
305.6976881416277
 20
502.0720915890886
 30
0.0
  0
VERTEX
  5
18D
330
189
100
AcDbEntity
  8
Layer 02
100
AcDbVertex
100
AcDb2dVertex
 10
317.1794454430953
 20
502.0720915890887
 30
0.0
  0
VERTEX
  5
18E
330
189
100
AcDbEntity
  8
Layer 02
100
AcDbVertex
100
AcDb2dVertex
 10
319.6528448213175
 20
508.1405482030991
 30
0.0
  0
SEQEND
  5
18F
330
189
100
AcDbEntity
  8
Layer 02
  0
POLYLINE
  5
190
330
1F
100
AcDbEntity
  8
Layer 02
100
AcDb2dPolyline
 66
     1
 10
0.0
 20
0.0
 30
0.0
 70
     1
  0
VERTEX
  5
191
330
190
100
AcDbEntity
  8
Layer 02
100
AcDbVertex
100
AcDb2dVertex
 10
283.805690233546
 20
505.0538213497201
 30
0.0
  0
VERTEX
  5
192
330
190
100
AcDbEntity
  8
Layer 02
100
AcDbVertex
100
AcDb2dVertex
 10
261.819797057841
 20
509.8970392511578
 30
0.0
  0
VERTEX
  5
193
330
190
100
AcDbEntity
  8
Layer 02
100
AcDbVertex
100
AcDb2dVertex
 10
258.3426581069282
 20
502.0720915890887
 30
0.0
  0
VERTEX
  5
194
330
190
100
AcDbEntity
  8
Layer 02
100
AcDbVertex
100
AcDb2dVertex
 10
282.4924931887084
 20
502.0720915890886
 30
0.0
  0
SEQEND
  5
195
330
190
100
AcDbEntity
  8
Layer 02
  0
POLYLINE
  5
196
330
1F
100
AcDbEntity
  8
Layer 02
100
AcDb2dPolyline
 66
     1
 10
0.0
 20
0.0
 30
0.0
 70
     1
  0
VERTEX
  5
197
330
196
100
AcDbEntity
  8
Layer 02
100
AcDbVertex
100
AcDb2dVertex
 10
357.0598432357232
 20
524.3470297759708
 30
0.0
  0
VERTEX
  5
198
330
196
100
AcDbEntity
  8
Layer 02
100
AcDbVertex
100
AcDb2dVertex
 10
354.4626418812612
 20
519.942084747478
 30
0.0
  0
VERTEX
  5
199
330
196
100
AcDbEntity
  8
Layer 02
100
AcDbVertex
100
AcDb2dVertex
 10
335.8982404099668
 20
527.8178914322697
 30
0.0
  0
VERTEX
  5
19A
330
196
100
AcDbEntity
  8
Layer 02
100
AcDbVertex
100
AcDb2dVertex
 10
334.6637311019788
 20
537.0212218869779
 30
0.0
  0
VERTEX
  5
19B
330
196
100
AcDbEntity
  8
Layer 02
100
AcDbVertex
100
AcDb2dVertex
 10
334.9486241076906
 20
537.7202035637827
 30
0.0
  0
SEQEND
  5
19C
330
196
100
AcDbEntity
  8
Layer 02
  0
POLYLINE
  5
19D
330
1F
100
AcDbEntity
  8
Layer 02
100
AcDb2dPolyline
 66
     1
 10
0.0
 20
0.0
 30
0.0
 70
     1
  0
VERTEX
  5
19E
330
19D
100
AcDbEntity
  8
Layer 02
100
AcDbVertex
100
AcDb2dVertex
 10
338.1565770814326
 20
545.5908788830798
 30
0.0
  0
VERTEX
  5
19F
330
19D
100
AcDbEntity
  8
Layer 02
100
AcDbVertex
100
AcDb2dVertex
 10
336.0950193652746
 20
540.5328709980874
 30
0.0
  0
VERTEX
  5
1A0
330
19D
100
AcDbEntity
  8
Layer 02
100
AcDbVertex
100
AcDb2dVertex
 10
358.5836385761226
 20
526.9314403753266
 30
0.0
  0
VERTEX
  5
1A1
330
19D
100
AcDbEntity
  8
Layer 02
100
AcDbVertex
100
AcDb2dVertex
 10
366.9631646034888
 20
541.1434118314323
 30
0.0
  0
SEQEND
  5
1A2
330
19D
100
AcDbEntity
  8
Layer 02
  0
POLYLINE
  5
1A3
330
1F
100
AcDbEntity
  8
Layer 02
100
AcDb2dPolyline
 66
     1
 10
0.0
 20
0.0
 30
0.0
 70
     1
  0
VERTEX
  5
1A4
330
1A3
100
AcDbEntity
  8
Layer 02
100
AcDbVertex
100
AcDb2dVertex
 10
335.1087511395871
 20
546.0614346351326
 30
0.0
  0
VERTEX
  5
1A5
330
1A3
100
AcDbEntity
  8
Layer 02
100
AcDbVertex
100
AcDb2dVertex
 10
333.416046838927
 20
546.3227723100517
 30
0.0
  0
VERTEX
  5
1A6
330
1A3
100
AcDbEntity
  8
Layer 02
100
AcDbVertex
100
AcDb2dVertex
 10
333.8615582922655
 20
543.0014614864714
 30
0.0
  0
SEQEND
  5
1A7
330
1A3
100
AcDbEntity
  8
Layer 02
  0
POLYLINE
  5
1A8
330
1F
100
AcDbEntity
  8
Layer 02
100
AcDb2dPolyline
 66
     1
 10
0.0
 20
0.0
 30
0.0
 70
     1
  0
VERTEX
  5
1A9
330
1A8
100
AcDbEntity
  8
Layer 02
100
AcDbVertex
100
AcDb2dVertex
 10
384.2416809446382
 20
507.9070751335527
 30
0.0
  0
VERTEX
  5
1AA
330
1A8
100
AcDbEntity
  8
Layer 02
100
AcDbVertex
100
AcDb2dVertex
 10
384.2300420350167
 20
507.3134907428544
 30
0.0
  0
VERTEX
  5
1AB
330
1A8
100
AcDbEntity
  8
Layer 02
100
AcDbVertex
100
AcDb2dVertex
 10
357.2484448767146
 20
518.760228931225
 30
0.0
  0
VERTEX
  5
1AC
330
1A8
100
AcDbEntity
  8
Layer 02
100
AcDbVertex
100
AcDb2dVertex
 10
359.6270153448389
 20
522.7943682714358
 30
0.0
  0
SEQEND
  5
1AD
330
1A8
100
AcDbEntity
  8
Layer 02
  0
POLYLINE
  5
1AE
330
1F
100
AcDbEntity
  8
Layer 02
100
AcDb2dPolyline
 66
     1
 10
0.0
 20
0.0
 30
0.0
 70
     1
  0
VERTEX
  5
1AF
330
1AE
100
AcDbEntity
  8
Layer 02
100
AcDbVertex
100
AcDb2dVertex
 10
355.7114722251998
 20
516.153469147819
 30
0.0
  0
VERTEX
  5
1B0
330
1AE
100
AcDbEntity
  8
Layer 02
100
AcDbVertex
100
AcDb2dVertex
 10
384.1666709743369
 20
504.0815666481849
 30
0.0
  0
VERTEX
  5
1B1
330
1AE
100
AcDbEntity
  8
Layer 02
100
AcDbVertex
100
AcDb2dVertex
 10
384.1272695025899
 20
502.0720915890886
 30
0.0
  0
VERTEX
  5
1B2
330
1AE
100
AcDbEntity
  8
Layer 02
100
AcDbVertex
100
AcDb2dVertex
 10
347.4089457165459
 20
502.0720915890886
 30
0.0
  0
SEQEND
  5
1B3
330
1AE
100
AcDbEntity
  8
Layer 02
  0
POLYLINE
  5
1B4
330
1F
100
AcDbEntity
  8
Layer 02
100
AcDb2dPolyline
 66
     1
 10
0.0
 20
0.0
 30
0.0
 70
     1
  0
VERTEX
  5
1B5
330
1B4
100
AcDbEntity
  8
Layer 02
100
AcDbVertex
100
AcDb2dVertex
 10
394.3162876714692
 20
536.920346065265
 30
0.0
  0
VERTEX
  5
1B6
330
1B4
100
AcDbEntity
  8
Layer 02
100
AcDbVertex
100
AcDb2dVertex
 10
415.0602625101202
 20
522.2779163244385
 30
0.0
  0
VERTEX
  5
1B7
330
1B4
100
AcDbEntity
  8
Layer 02
100
AcDbVertex
100
AcDb2dVertex
 10
418.0109543762348
 20
502.0720915890886
 30
0.0
  0
VERTEX
  5
1B8
330
1B4
100
AcDbEntity
  8
Layer 02
100
AcDbVertex
100
AcDb2dVertex
 10
399.6861111166095
 20
502.0720915890886
 30
0.0
  0
VERTEX
  5
1B9
330
1B4
100
AcDbEntity
  8
Layer 02
100
AcDbVertex
100
AcDb2dVertex
 10
387.2750303598227
 20
509.5784863696756
 30
0.0
  0
VERTEX
  5
1BA
330
1B4
100
AcDbEntity
  8
Layer 02
100
AcDbVertex
100
AcDb2dVertex
 10
387.8307786243485
 20
537.9216478604931
 30
0.0
  0
SEQEND
  5
1BB
330
1B4
100
AcDbEntity
  8
Layer 02
  0
POLYLINE
  5
1BC
330
1F
100
AcDbEntity
  8
Layer 02
100
AcDb2dPolyline
 66
     1
 10
0.0
 20
0.0
 30
0.0
 70
     1
  0
VERTEX
  5
1BD
330
1BC
100
AcDbEntity
  8
Layer 02
100
AcDbVertex
100
AcDb2dVertex
 10
436.7779402433683
 20
521.7038777743255
 30
0.0
  0
VERTEX
  5
1BE
330
1BC
100
AcDbEntity
  8
Layer 02
100
AcDbVertex
100
AcDb2dVertex
 10
467.9194793027973
 20
508.4674533839038
 30
0.0
  0
VERTEX
  5
1BF
330
1BC
100
AcDbEntity
  8
Layer 02
100
AcDbVertex
100
AcDb2dVertex
 10
467.9194793027973
 20
502.0720915890886
 30
0.0
  0
VERTEX
  5
1C0
330
1BC
100
AcDbEntity
  8
Layer 02
100
AcDbVertex
100
AcDb2dVertex
 10
448.8881681710296
 20
502.0720915890886
 30
0.0
  0
VERTEX
  5
1C1
330
1BC
100
AcDbEntity
  8
Layer 02
100
AcDbVertex
100
AcDb2dVertex
 10
438.2393884107287
 20
509.5886842709896
 30
0.0
  0
SEQEND
  5
1C2
330
1BC
100
AcDbEntity
  8
Layer 02
  0
POLYLINE
  5
1C3
330
1F
100
AcDbEntity
  8
Layer 02
100
AcDb2dPolyline
 66
     1
 10
0.0
 20
0.0
 30
0.0
 70
     1
  0
VERTEX
  5
1C4
330
1C3
100
AcDbEntity
  8
Layer 02
100
AcDbVertex
100
AcDb2dVertex
 10
231.5700776446151
 20
539.7362321002408
 30
0.0
  0
VERTEX
  5
1C5
330
1C3
100
AcDbEntity
  8
Layer 02
100
AcDbVertex
100
AcDb2dVertex
 10
228.3335435048697
 20
537.768447862311
 30
0.0
  0
VERTEX
  5
1C6
330
1C3
100
AcDbEntity
  8
Layer 02
100
AcDbVertex
100
AcDb2dVertex
 10
229.9590929316382
 20
534.1103141592471
 30
0.0
  0
VERTEX
  5
1C7
330
1C3
100
AcDbEntity
  8
Layer 02
100
AcDbVertex
100
AcDb2dVertex
 10
239.6327859288176
 20
538.0677340217296
 30
0.0
  0
SEQEND
  5
1C8
330
1C3
100
AcDbEntity
  8
Layer 02
  0
POLYLINE
  5
1C9
330
1F
100
AcDbEntity
  8
Layer 02
100
AcDb2dPolyline
 66
     1
 10
0.0
 20
0.0
 30
0.0
 70
     1
  0
VERTEX
  5
1CA
330
1C9
100
AcDbEntity
  8
Layer 02
100
AcDbVertex
100
AcDb2dVertex
 10
146.3299147289545
 20
517.335324964072
 30
0.0
  0
VERTEX
  5
1CB
330
1C9
100
AcDbEntity
  8
Layer 02
100
AcDbVertex
100
AcDb2dVertex
 10
155.3292757058927
 20
502.0720915890886
 30
0.0
  0
VERTEX
  5
1CC
330
1C9
100
AcDbEntity
  8
Layer 02
100
AcDbVertex
100
AcDb2dVertex
 10
159.9038731225209
 20
502.0720915890886
 30
0.0
  0
VERTEX
  5
1CD
330
1C9
100
AcDbEntity
  8
Layer 02
100
AcDbVertex
100
AcDb2dVertex
 10
162.893839454531
 20
524.3624445446196
 30
0.0
  0
SEQEND
  5
1CE
330
1C9
100
AcDbEntity
  8
Layer 02
  0
POLYLINE
  5
1CF
330
1F
100
AcDbEntity
  8
Layer 02
100
AcDb2dPolyline
 66
     1
 10
0.0
 20
0.0
 30
0.0
 70
     1
  0
VERTEX
  5
1D0
330
1CF
100
AcDbEntity
  8
Layer 02
100
AcDbVertex
100
AcDb2dVertex
 10
224.5206618390675
 20
538.9612150244827
 30
0.0
  0
VERTEX
  5
1D1
330
1CF
100
AcDbEntity
  8
Layer 02
100
AcDbVertex
100
AcDb2dVertex
 10
205.5865401710624
 20
527.4494358901891
 30
0.0
  0
VERTEX
  5
1D2
330
1CF
100
AcDbEntity
  8
Layer 02
100
AcDbVertex
100
AcDb2dVertex
 10
200.0110271232585
 20
540.1091302222616
 30
0.0
  0
VERTEX
  5
1D3
330
1CF
100
AcDbEntity
  8
Layer 02
100
AcDbVertex
100
AcDb2dVertex
 10
209.7672162567626
 20
544.248119551627
 30
0.0
  0
VERTEX
  5
1D4
330
1CF
100
AcDbEntity
  8
Layer 02
100
AcDbVertex
100
AcDb2dVertex
 10
223.427503052153
 20
541.4212577247295
 30
0.0
  0
SEQEND
  5
1D5
330
1CF
100
AcDbEntity
  8
Layer 02
  0
POLYLINE
  5
1D6
330
1F
100
AcDbEntity
  8
Layer 02
100
AcDb2dPolyline
 66
     1
 10
0.0
 20
0.0
 30
0.0
 70
     1
  0
VERTEX
  5
1D7
330
1D6
100
AcDbEntity
  8
Layer 02
100
AcDbVertex
100
AcDb2dVertex
 10
182.8804943753165
 20
548.9537363513334
 30
0.0
  0
VERTEX
  5
1D8
330
1D6
100
AcDbEntity
  8
Layer 02
100
AcDbVertex
100
AcDb2dVertex
 10
168.0131579016043
 20
539.9617638475304
 30
0.0
  0
VERTEX
  5
1D9
330
1D6
100
AcDbEntity
  8
Layer 02
100
AcDbVertex
100
AcDb2dVertex
 10
167.6714009028447
 20
537.413947825049
 30
0.0
  0
VERTEX
  5
1DA
330
1D6
100
AcDbEntity
  8
Layer 02
100
AcDbVertex
100
AcDb2dVertex
 10
170.3700029584782
 20
530.7929590606459
 30
0.0
  0
VERTEX
  5
1DB
330
1D6
100
AcDbEntity
  8
Layer 02
100
AcDbVertex
100
AcDb2dVertex
 10
195.2658409534246
 20
541.3548297251687
 30
0.0
  0
VERTEX
  5
1DC
330
1D6
100
AcDbEntity
  8
Layer 02
100
AcDbVertex
100
AcDb2dVertex
 10
195.5198256062257
 20
547.1964767395953
 30
0.0
  0
VERTEX
  5
1DD
330
1D6
100
AcDbEntity
  8
Layer 02
100
AcDbVertex
100
AcDb2dVertex
 10
185.2559507986922
 20
549.3204845531986
 30
0.0
  0
SEQEND
  5
1DE
330
1D6
100
AcDbEntity
  8
Layer 02
  0
POLYLINE
  5
1DF
330
1F
100
AcDbEntity
  8
Layer 02
100
AcDb2dPolyline
 66
     1
 10
0.0
 20
0.0
 30
0.0
 70
     1
  0
VERTEX
  5
1E0
330
1DF
100
AcDbEntity
  8
Layer 02
100
AcDbVertex
100
AcDb2dVertex
 10
60.53200671113649
 20
505.5748289859163
 30
0.0
  0
VERTEX
  5
1E1
330
1DF
100
AcDbEntity
  8
Layer 02
100
AcDbVertex
100
AcDb2dVertex
 10
55.56966796597601
 20
502.0720915890887
 30
0.0
  0
VERTEX
  5
1E2
330
1DF
100
AcDbEntity
  8
Layer 02
100
AcDbVertex
100
AcDb2dVertex
 10
60.10947370347721
 20
502.0720915890887
 30
0.0
  0
SEQEND
  5
1E3
330
1DF
100
AcDbEntity
  8
Layer 02
  0
POLYLINE
  5
1E4
330
1F
100
AcDbEntity
  8
Layer 02
100
AcDb2dPolyline
 66
     1
 10
0.0
 20
0.0
 30
0.0
 70
     1
  0
VERTEX
  5
1E5
330
1E4
100
AcDbEntity
  8
Layer 02
100
AcDbVertex
100
AcDb2dVertex
 10
225.7489638616114
 20
536.1970462134847
 30
0.0
  0
VERTEX
  5
1E6
330
1E4
100
AcDbEntity
  8
Layer 02
100
AcDbVertex
100
AcDb2dVertex
 10
227.1812154149197
 20
532.9739097205895
 30
0.0
  0
VERTEX
  5
1E7
330
1E4
100
AcDbEntity
  8
Layer 02
100
AcDbVertex
100
AcDb2dVertex
 10
206.598374450361
 20
524.5536565987246
 30
0.0
  0
SEQEND
  5
1E8
330
1E4
100
AcDbEntity
  8
Layer 02
  0
POLYLINE
  5
1E9
330
1F
100
AcDbEntity
  8
Layer 02
100
AcDb2dPolyline
 66
     1
 10
0.0
 20
0.0
 30
0.0
 70
     1
  0
VERTEX
  5
1EA
330
1E9
100
AcDbEntity
  8
Layer 02
100
AcDbVertex
100
AcDb2dVertex
 10
214.6209037311259
 20
546.3072596922659
 30
0.0
  0
VERTEX
  5
1EB
330
1E9
100
AcDbEntity
  8
Layer 02
100
AcDbVertex
100
AcDb2dVertex
 10
220.2038420713374
 20
548.6757789881133
 30
0.0
  0
VERTEX
  5
1EC
330
1E9
100
AcDbEntity
  8
Layer 02
100
AcDbVertex
100
AcDb2dVertex
 10
221.9282979256909
 20
544.7950664263325
 30
0.0
  0
SEQEND
  5
1ED
330
1E9
100
AcDbEntity
  8
Layer 02
  0
POLYLINE
  5
1EE
330
1F
100
AcDbEntity
  8
Layer 02
100
AcDb2dPolyline
 66
     1
 10
0.0
 20
0.0
 30
0.0
 70
     1
  0
VERTEX
  5
1EF
330
1EE
100
AcDbEntity
  8
Layer 02
100
AcDbVertex
100
AcDb2dVertex
 10
230.5114389146068
 20
556.3075076480947
 30
0.0
  0
VERTEX
  5
1F0
330
1EE
100
AcDbEntity
  8
Layer 02
100
AcDbVertex
100
AcDb2dVertex
 10
220.7641419690006
 20
554.8026163806019
 30
0.0
  0
VERTEX
  5
1F1
330
1EE
100
AcDbEntity
  8
Layer 02
100
AcDbVertex
100
AcDb2dVertex
 10
221.7475733407735
 20
552.5895040713168
 30
0.0
  0
SEQEND
  5
1F2
330
1EE
100
AcDbEntity
  8
Layer 02
  0
POLYLINE
  5
1F3
330
1F
100
AcDbEntity
  8
Layer 02
100
AcDb2dPolyline
 66
     1
 10
0.0
 20
0.0
 30
0.0
 70
     1
  0
VERTEX
  5
1F4
330
1F3
100
AcDbEntity
  8
Layer 02
100
AcDbVertex
100
AcDb2dVertex
 10
217.8456270459279
 20
587.7416082835066
 30
0.0
  0
VERTEX
  5
1F5
330
1F3
100
AcDbEntity
  8
Layer 02
100
AcDbVertex
100
AcDb2dVertex
 10
234.742694943317
 20
583.8267420292534
 30
0.0
  0
VERTEX
  5
1F6
330
1F3
100
AcDbEntity
  8
Layer 02
100
AcDbVertex
100
AcDb2dVertex
 10
219.1034370644056
 20
574.3679006910147
 30
0.0
  0
VERTEX
  5
1F7
330
1F3
100
AcDbEntity
  8
Layer 02
100
AcDbVertex
100
AcDb2dVertex
 10
209.9961718157427
 20
584.4052696246474
 30
0.0
  0
SEQEND
  5
1F8
330
1F3
100
AcDbEntity
  8
Layer 02
  0
POLYLINE
  5
1F9
330
1F
100
AcDbEntity
  8
Layer 02
100
AcDb2dPolyline
 66
     1
 10
0.0
 20
0.0
 30
0.0
 70
     1
  0
VERTEX
  5
1FA
330
1F9
100
AcDbEntity
  8
Layer 02
100
AcDbVertex
100
AcDb2dVertex
 10
236.1924367467961
 20
512.6950723520845
 30
0.0
  0
VERTEX
  5
1FB
330
1F9
100
AcDbEntity
  8
Layer 02
100
AcDbVertex
100
AcDb2dVertex
 10
228.3999932897743
 20
530.2311740355742
 30
0.0
  0
VERTEX
  5
1FC
330
1F9
100
AcDbEntity
  8
Layer 02
100
AcDbVertex
100
AcDb2dVertex
 10
208.0312500700735
 20
521.8985063547875
 30
0.0
  0
VERTEX
  5
1FD
330
1F9
100
AcDbEntity
  8
Layer 02
100
AcDbVertex
100
AcDb2dVertex
 10
214.2166216053647
 20
507.854074515832
 30
0.0
  0
SEQEND
  5
1FE
330
1F9
100
AcDbEntity
  8
Layer 02
  0
POLYLINE
  5
1FF
330
1F
100
AcDbEntity
  8
Layer 02
100
AcDb2dPolyline
 66
     1
 10
0.0
 20
0.0
 30
0.0
 70
     1
  0
VERTEX
  5
200
330
1FF
100
AcDbEntity
  8
Layer 02
100
AcDbVertex
100
AcDb2dVertex
 10
212.4617370875823
 20
504.3955677321057
 30
0.0
  0
VERTEX
  5
201
330
1FF
100
AcDbEntity
  8
Layer 02
100
AcDbVertex
100
AcDb2dVertex
 10
213.4850296894292
 20
502.0720915890886
 30
0.0
  0
VERTEX
  5
202
330
1FF
100
AcDbEntity
  8
Layer 02
100
AcDbVertex
100
AcDb2dVertex
 10
201.9142665181685
 20
502.0720915890886
 30
0.0
  0
SEQEND
  5
203
330
1FF
100
AcDbEntity
  8
Layer 02
  0
POLYLINE
  5
204
330
1F
100
AcDbEntity
  8
Layer 02
100
AcDb2dPolyline
 66
     1
 10
0.0
 20
0.0
 30
0.0
 70
     1
  0
VERTEX
  5
205
330
204
100
AcDbEntity
  8
Layer 02
100
AcDbVertex
100
AcDb2dVertex
 10
172.6502458977922
 20
507.4244591933996
 30
0.0
  0
VERTEX
  5
206
330
204
100
AcDbEntity
  8
Layer 02
100
AcDbVertex
100
AcDb2dVertex
 10
175.8596709079551
 20
509.3757613194182
 30
0.0
  0
VERTEX
  5
207
330
204
100
AcDbEntity
  8
Layer 02
100
AcDbVertex
100
AcDb2dVertex
 10
168.7404021356955
 20
526.8428044699621
 30
0.0
  0
VERTEX
  5
208
330
204
100
AcDbEntity
  8
Layer 02
100
AcDbVertex
100
AcDb2dVertex
 10
166.1033510627656
 20
525.7240555299311
 30
0.0
  0
VERTEX
  5
209
330
204
100
AcDbEntity
  8
Layer 02
100
AcDbVertex
100
AcDb2dVertex
 10
163.1260605629986
 20
503.5282015564386
 30
0.0
  0
SEQEND
  5
20A
330
204
100
AcDbEntity
  8
Layer 02
  0
POLYLINE
  5
20B
330
1F
100
AcDbEntity
  8
Layer 02
100
AcDb2dPolyline
 66
     1
 10
0.0
 20
0.0
 30
0.0
 70
     1
  0
VERTEX
  5
20C
330
20B
100
AcDbEntity
  8
Layer 02
100
AcDbVertex
100
AcDb2dVertex
 10
157.7154994326445
 20
553.8922750553547
 30
0.0
  0
VERTEX
  5
20D
330
20B
100
AcDbEntity
  8
Layer 02
100
AcDbVertex
100
AcDb2dVertex
 10
146.4586815472009
 20
557.399244511638
 30
0.0
  0
VERTEX
  5
20E
330
20B
100
AcDbEntity
  8
Layer 02
100
AcDbVertex
100
AcDb2dVertex
 10
127.4672300481664
 20
549.3271029469064
 30
0.0
  0
VERTEX
  5
20F
330
20B
100
AcDbEntity
  8
Layer 02
100
AcDbVertex
100
AcDb2dVertex
 10
130.6519623193194
 20
543.9256847777705
 30
0.0
  0
VERTEX
  5
210
330
20B
100
AcDbEntity
  8
Layer 02
100
AcDbVertex
100
AcDb2dVertex
 10
159.9350172378798
 20
548.4467139285564
 30
0.0
  0
SEQEND
  5
211
330
20B
100
AcDbEntity
  8
Layer 02
  0
POLYLINE
  5
212
330
1F
100
AcDbEntity
  8
Layer 02
100
AcDb2dPolyline
 66
     1
 10
0.0
 20
0.0
 30
0.0
 70
     1
  0
VERTEX
  5
213
330
212
100
AcDbEntity
  8
Layer 02
100
AcDbVertex
100
AcDb2dVertex
 10
161.4263115572478
 20
552.736201917153
 30
0.0
  0
VERTEX
  5
214
330
212
100
AcDbEntity
  8
Layer 02
100
AcDbVertex
100
AcDb2dVertex
 10
162.9828431797254
 20
548.9172696806091
 30
0.0
  0
VERTEX
  5
215
330
212
100
AcDbEntity
  8
Layer 02
100
AcDbVertex
100
AcDb2dVertex
 10
166.2553274420393
 20
549.4225105711704
 30
0.0
  0
VERTEX
  5
216
330
212
100
AcDbEntity
  8
Layer 02
100
AcDbVertex
100
AcDb2dVertex
 10
166.4882804125681
 20
551.1591869609795
 30
0.0
  0
SEQEND
  5
217
330
212
100
AcDbEntity
  8
Layer 02
  0
POLYLINE
  5
218
330
1F
100
AcDbEntity
  8
Layer 02
100
AcDb2dPolyline
 66
     1
 10
0.0
 20
0.0
 30
0.0
 70
     1
  0
VERTEX
  5
219
330
218
100
AcDbEntity
  8
Layer 02
100
AcDbVertex
100
AcDb2dVertex
 10
129.1003563933658
 20
540.6505872357135
 30
0.0
  0
VERTEX
  5
21A
330
218
100
AcDbEntity
  8
Layer 02
100
AcDbVertex
100
AcDb2dVertex
 10
138.1047732734626
 20
525.3787788707918
 30
0.0
  0
VERTEX
  5
21B
330
218
100
AcDbEntity
  8
Layer 02
100
AcDbVertex
100
AcDb2dVertex
 10
114.9459631648449
 20
511.3720074436644
 30
0.0
  0
VERTEX
  5
21C
330
218
100
AcDbEntity
  8
Layer 02
100
AcDbVertex
100
AcDb2dVertex
 10
114.4163258483999
 20
538.3835105823572
 30
0.0
  0
SEQEND
  5
21D
330
218
100
AcDbEntity
  8
Layer 02
  0
POLYLINE
  5
21E
330
1F
100
AcDbEntity
  8
Layer 02
100
AcDb2dPolyline
 66
     1
 10
0.0
 20
0.0
 30
0.0
 70
     1
  0
VERTEX
  5
21F
330
21E
100
AcDbEntity
  8
Layer 02
100
AcDbVertex
100
AcDb2dVertex
 10
178.8365220776628
 20
502.0720915890886
 30
0.0
  0
VERTEX
  5
220
330
21E
100
AcDbEntity
  8
Layer 02
100
AcDbVertex
100
AcDb2dVertex
 10
169.6215803150781
 20
502.0720915890886
 30
0.0
  0
VERTEX
  5
221
330
21E
100
AcDbEntity
  8
Layer 02
100
AcDbVertex
100
AcDb2dVertex
 10
177.0064907863911
 20
506.5620520827904
 30
0.0
  0
SEQEND
  5
222
330
21E
100
AcDbEntity
  8
Layer 02
  0
POLYLINE
  5
223
330
1F
100
AcDbEntity
  8
Layer 02
100
AcDb2dPolyline
 66
     1
 10
0.0
 20
0.0
 30
0.0
 70
     1
  0
VERTEX
  5
224
330
223
100
AcDbEntity
  8
Layer 02
100
AcDbVertex
100
AcDb2dVertex
 10
63.1312220393791
 20
502.0720915890886
 30
0.0
  0
VERTEX
  5
225
330
223
100
AcDbEntity
  8
Layer 02
100
AcDbVertex
100
AcDb2dVertex
 10
78.21281041938246
 20
502.0720915890887
 30
0.0
  0
VERTEX
  5
226
330
223
100
AcDbEntity
  8
Layer 02
100
AcDbVertex
100
AcDb2dVertex
 10
80.8150708339658
 20
519.8919183411269
 30
0.0
  0
VERTEX
  5
227
330
223
100
AcDbEntity
  8
Layer 02
100
AcDbVertex
100
AcDb2dVertex
 10
63.83499800909094
 20
507.9062923814824
 30
0.0
  0
SEQEND
  5
228
330
223
100
AcDbEntity
  8
Layer 02
  0
POLYLINE
  5
229
330
1F
100
AcDbEntity
  8
Layer 02
100
AcDb2dPolyline
 66
     1
 10
0.0
 20
0.0
 30
0.0
 70
     1
  0
VERTEX
  5
22A
330
229
100
AcDbEntity
  8
Layer 02
100
AcDbVertex
100
AcDb2dVertex
 10
94.47757685524668
 20
535.3051546635861
 30
0.0
  0
VERTEX
  5
22B
330
229
100
AcDbEntity
  8
Layer 02
100
AcDbVertex
100
AcDb2dVertex
 10
85.54315731264641
 20
531.507661915323
 30
0.0
  0
VERTEX
  5
22C
330
229
100
AcDbEntity
  8
Layer 02
100
AcDbVertex
100
AcDb2dVertex
 10
84.79318965252546
 20
526.3720138079727
 30
0.0
  0
VERTEX
  5
22D
330
229
100
AcDbEntity
  8
Layer 02
100
AcDbVertex
100
AcDb2dVertex
 10
98.280620874963
 20
535.8923090066926
 30
0.0
  0
SEQEND
  5
22E
330
229
100
AcDbEntity
  8
Layer 02
  0
POLYLINE
  5
22F
330
1F
100
AcDbEntity
  8
Layer 02
100
AcDb2dPolyline
 66
     1
 10
0.0
 20
0.0
 30
0.0
 70
     1
  0
VERTEX
  5
230
330
22F
100
AcDbEntity
  8
Layer 02
100
AcDbVertex
100
AcDb2dVertex
 10
114.3113881441405
 20
543.7353334995884
 30
0.0
  0
VERTEX
  5
231
330
22F
100
AcDbEntity
  8
Layer 02
100
AcDbVertex
100
AcDb2dVertex
 10
114.3569850157498
 20
541.4098930475116
 30
0.0
  0
VERTEX
  5
232
330
22F
100
AcDbEntity
  8
Layer 02
100
AcDbVertex
100
AcDb2dVertex
 10
127.459899357473
 20
543.4328601820516
 30
0.0
  0
VERTEX
  5
233
330
22F
100
AcDbEntity
  8
Layer 02
100
AcDbVertex
100
AcDb2dVertex
 10
124.6824756205532
 20
548.1434687226424
 30
0.0
  0
SEQEND
  5
234
330
22F
100
AcDbEntity
  8
Layer 02
  0
POLYLINE
  5
235
330
1F
100
AcDbEntity
  8
Layer 02
100
AcDb2dPolyline
 66
     1
 10
0.0
 20
0.0
 30
0.0
 70
     1
  0
VERTEX
  5
236
330
235
100
AcDbEntity
  8
Layer 02
100
AcDbVertex
100
AcDb2dVertex
 10
82.3107013922348
 20
530.1337362944907
 30
0.0
  0
VERTEX
  5
237
330
235
100
AcDbEntity
  8
Layer 02
100
AcDbVertex
100
AcDb2dVertex
 10
81.4129390379105
 20
523.9860158246613
 30
0.0
  0
VERTEX
  5
238
330
235
100
AcDbEntity
  8
Layer 02
100
AcDbVertex
100
AcDb2dVertex
 10
64.31918684592671
 20
511.9201476665557
 30
0.0
  0
VERTEX
  5
239
330
235
100
AcDbEntity
  8
Layer 02
100
AcDbVertex
100
AcDb2dVertex
 10
65.66269740804081
 20
523.0576555148061
 30
0.0
  0
SEQEND
  5
23A
330
235
100
AcDbEntity
  8
Layer 02
  0
POLYLINE
  5
23B
330
1F
100
AcDbEntity
  8
Layer 02
100
AcDb2dPolyline
 66
     1
 10
0.0
 20
0.0
 30
0.0
 70
     1
  0
VERTEX
  5
23C
330
23B
100
AcDbEntity
  8
Layer 02
100
AcDbVertex
100
AcDb2dVertex
 10
225.5436082116429
 20
544.0469135659404
 30
0.0
  0
VERTEX
  5
23D
330
23B
100
AcDbEntity
  8
Layer 02
100
AcDbVertex
100
AcDb2dVertex
 10
231.021071083641
 20
542.9134065661954
 30
0.0
  0
VERTEX
  5
23E
330
23B
100
AcDbEntity
  8
Layer 02
100
AcDbVertex
100
AcDb2dVertex
 10
239.1229608098009
 20
547.8392841291118
 30
0.0
  0
VERTEX
  5
23F
330
23B
100
AcDbEntity
  8
Layer 02
100
AcDbVertex
100
AcDb2dVertex
 10
233.3165133753916
 20
554.2387304504393
 30
0.0
  0
VERTEX
  5
240
330
23B
100
AcDbEntity
  8
Layer 02
100
AcDbVertex
100
AcDb2dVertex
 10
222.9659832491344
 20
549.8475964574817
 30
0.0
  0
SEQEND
  5
241
330
23B
100
AcDbEntity
  8
Layer 02
  0
POLYLINE
  5
242
330
1F
100
AcDbEntity
  8
Layer 02
100
AcDb2dPolyline
 66
     1
 10
0.0
 20
0.0
 30
0.0
 70
     1
  0
VERTEX
  5
243
330
242
100
AcDbEntity
  8
Layer 02
100
AcDbVertex
100
AcDb2dVertex
 10
244.6058516682454
 20
540.102170006041
 30
0.0
  0
VERTEX
  5
244
330
242
100
AcDbEntity
  8
Layer 02
100
AcDbVertex
100
AcDb2dVertex
 10
235.3293673081071
 20
542.0218470902978
 30
0.0
  0
VERTEX
  5
245
330
242
100
AcDbEntity
  8
Layer 02
100
AcDbVertex
100
AcDb2dVertex
 10
241.1760143864894
 20
545.5765569956551
 30
0.0
  0
VERTEX
  5
246
330
242
100
AcDbEntity
  8
Layer 02
100
AcDbVertex
100
AcDb2dVertex
 10
245.7269790079176
 20
540.5608130086341
 30
0.0
  0
SEQEND
  5
247
330
242
100
AcDbEntity
  8
Layer 02
  0
POLYLINE
  5
248
330
1F
100
AcDbEntity
  8
Layer 02
100
AcDb2dPolyline
 66
     1
 10
0.0
 20
0.0
 30
0.0
 70
     1
  0
VERTEX
  5
249
330
248
100
AcDbEntity
  8
Layer 02
100
AcDbVertex
100
AcDb2dVertex
 10
198.4958830333026
 20
546.5806109630365
 30
0.0
  0
VERTEX
  5
24A
330
248
100
AcDbEntity
  8
Layer 02
100
AcDbVertex
100
AcDb2dVertex
 10
198.3759328221274
 20
543.8217561060062
 30
0.0
  0
VERTEX
  5
24B
330
248
100
AcDbEntity
  8
Layer 02
100
AcDbVertex
100
AcDb2dVertex
 10
198.8017456511382
 20
542.854910506017
 30
0.0
  0
VERTEX
  5
24C
330
248
100
AcDbEntity
  8
Layer 02
100
AcDbVertex
100
AcDb2dVertex
 10
204.6041954299434
 20
545.3165558667222
 30
0.0
  0
SEQEND
  5
24D
330
248
100
AcDbEntity
  8
Layer 02
  0
POLYLINE
  5
24E
330
1F
100
AcDbEntity
  8
Layer 02
100
AcDb2dPolyline
 66
     1
 10
0.0
 20
0.0
 30
0.0
 70
     1
  0
VERTEX
  5
24F
330
24E
100
AcDbEntity
  8
Layer 02
100
AcDbVertex
100
AcDb2dVertex
 10
209.4578829043066
 20
547.3756960073611
 30
0.0
  0
VERTEX
  5
250
330
24E
100
AcDbEntity
  8
Layer 02
100
AcDbVertex
100
AcDb2dVertex
 10
218.9854321629766
 20
551.4176866019484
 30
0.0
  0
VERTEX
  5
251
330
24E
100
AcDbEntity
  8
Layer 02
100
AcDbVertex
100
AcDb2dVertex
 10
217.6920489480785
 20
554.3283140190435
 30
0.0
  0
VERTEX
  5
252
330
24E
100
AcDbEntity
  8
Layer 02
100
AcDbVertex
100
AcDb2dVertex
 10
198.705288478537
 20
551.3969362034258
 30
0.0
  0
VERTEX
  5
253
330
24E
100
AcDbEntity
  8
Layer 02
100
AcDbVertex
100
AcDb2dVertex
 10
198.6278936708385
 20
549.6168556263622
 30
0.0
  0
SEQEND
  5
254
330
24E
100
AcDbEntity
  8
Layer 02
  0
POLYLINE
  5
255
330
1F
100
AcDbEntity
  8
Layer 02
100
AcDb2dPolyline
 66
     1
 10
0.0
 20
0.0
 30
0.0
 70
     1
  0
VERTEX
  5
256
330
255
100
AcDbEntity
  8
Layer 02
100
AcDbVertex
100
AcDb2dVertex
 10
218.5418932914256
 20
570.5222479046829
 30
0.0
  0
VERTEX
  5
257
330
255
100
AcDbEntity
  8
Layer 02
100
AcDbVertex
100
AcDb2dVertex
 10
214.7878162548054
 20
568.2517297422579
 30
0.0
  0
VERTEX
  5
258
330
255
100
AcDbEntity
  8
Layer 02
100
AcDbVertex
100
AcDb2dVertex
 10
219.5018506828523
 20
557.6432745733966
 30
0.0
  0
VERTEX
  5
259
330
255
100
AcDbEntity
  8
Layer 02
100
AcDbVertex
100
AcDb2dVertex
 10
228.9095750934725
 20
559.09573902498
 30
0.0
  0
SEQEND
  5
25A
330
255
100
AcDbEntity
  8
Layer 02
  0
POLYLINE
  5
25B
330
1F
100
AcDbEntity
  8
Layer 02
100
AcDb2dPolyline
 66
     1
 10
0.0
 20
0.0
 30
0.0
 70
     1
  0
VERTEX
  5
25C
330
25B
100
AcDbEntity
  8
Layer 02
100
AcDbVertex
100
AcDb2dVertex
 10
199.9548698034346
 20
580.1373066760704
 30
0.0
  0
VERTEX
  5
25D
330
25B
100
AcDbEntity
  8
Layer 02
100
AcDbVertex
100
AcDb2dVertex
 10
205.2275465258943
 20
582.3784093601346
 30
0.0
  0
VERTEX
  5
25E
330
25B
100
AcDbEntity
  8
Layer 02
100
AcDbVertex
100
AcDb2dVertex
 10
210.9724226587693
 20
569.450149748014
 30
0.0
  0
VERTEX
  5
25F
330
25B
100
AcDbEntity
  8
Layer 02
100
AcDbVertex
100
AcDb2dVertex
 10
199.1801172938917
 20
562.3179989565851
 30
0.0
  0
SEQEND
  5
260
330
25B
100
AcDbEntity
  8
Layer 02
  0
POLYLINE
  5
261
330
1F
100
AcDbEntity
  8
Layer 02
100
AcDb2dPolyline
 66
     1
 10
0.0
 20
0.0
 30
0.0
 70
     1
  0
VERTEX
  5
262
330
261
100
AcDbEntity
  8
Layer 02
100
AcDbVertex
100
AcDb2dVertex
 10
209.2072588933597
 20
580.8102066668066
 30
0.0
  0
VERTEX
  5
263
330
261
100
AcDbEntity
  8
Layer 02
100
AcDbVertex
100
AcDb2dVertex
 10
216.4879136717803
 20
572.7859956556962
 30
0.0
  0
VERTEX
  5
264
330
261
100
AcDbEntity
  8
Layer 02
100
AcDbVertex
100
AcDb2dVertex
 10
213.5598783840896
 20
571.0150790665928
 30
0.0
  0
SEQEND
  5
265
330
261
100
AcDbEntity
  8
Layer 02
  0
POLYLINE
  5
266
330
1F
100
AcDbEntity
  8
Layer 02
100
AcDb2dPolyline
 66
     1
 10
0.0
 20
0.0
 30
0.0
 70
     1
  0
VERTEX
  5
267
330
266
100
AcDbEntity
  8
Layer 02
100
AcDbVertex
100
AcDb2dVertex
 10
198.8381605802861
 20
554.4529945436551
 30
0.0
  0
VERTEX
  5
268
330
266
100
AcDbEntity
  8
Layer 02
100
AcDbVertex
100
AcDb2dVertex
 10
216.4297576619302
 20
557.1689722118383
 30
0.0
  0
VERTEX
  5
269
330
266
100
AcDbEntity
  8
Layer 02
100
AcDbVertex
100
AcDb2dVertex
 10
212.2003605294851
 20
566.6868004236791
 30
0.0
  0
VERTEX
  5
26A
330
266
100
AcDbEntity
  8
Layer 02
100
AcDbVertex
100
AcDb2dVertex
 10
199.0235647530497
 20
558.7172905172185
 30
0.0
  0
SEQEND
  5
26B
330
266
100
AcDbEntity
  8
Layer 02
  0
POLYLINE
  5
26C
330
1F
100
AcDbEntity
  8
Layer 02
100
AcDb2dPolyline
 66
     1
 10
0.0
 20
0.0
 30
0.0
 70
     1
  0
VERTEX
  5
26D
330
26C
100
AcDbEntity
  8
Layer 02
100
AcDbVertex
100
AcDb2dVertex
 10
196.0961872722254
 20
560.4527950575877
 30
0.0
  0
VERTEX
  5
26E
330
26C
100
AcDbEntity
  8
Layer 02
100
AcDbVertex
100
AcDb2dVertex
 10
192.1125095857747
 20
558.0434112191365
 30
0.0
  0
VERTEX
  5
26F
330
26C
100
AcDbEntity
  8
Layer 02
100
AcDbVertex
100
AcDb2dVertex
 10
185.1528826171579
 20
573.8458583361137
 30
0.0
  0
VERTEX
  5
270
330
26C
100
AcDbEntity
  8
Layer 02
100
AcDbVertex
100
AcDb2dVertex
 10
196.8954983131257
 20
578.8369489982945
 30
0.0
  0
SEQEND
  5
271
330
26C
100
AcDbEntity
  8
Layer 02
  0
POLYLINE
  5
272
330
1F
100
AcDbEntity
  8
Layer 02
100
AcDb2dPolyline
 66
     1
 10
0.0
 20
0.0
 30
0.0
 70
     1
  0
VERTEX
  5
273
330
272
100
AcDbEntity
  8
Layer 02
100
AcDbVertex
100
AcDb2dVertex
 10
195.9396347313834
 20
556.8520866182212
 30
0.0
  0
VERTEX
  5
274
330
272
100
AcDbEntity
  8
Layer 02
100
AcDbVertex
100
AcDb2dVertex
 10
193.331825372697
 20
555.2748471382423
 30
0.0
  0
VERTEX
  5
275
330
272
100
AcDbEntity
  8
Layer 02
100
AcDbVertex
100
AcDb2dVertex
 10
194.0213073125699
 20
553.7093175571191
 30
0.0
  0
VERTEX
  5
276
330
272
100
AcDbEntity
  8
Layer 02
100
AcDbVertex
100
AcDb2dVertex
 10
195.8150332272068
 20
553.9862520221586
 30
0.0
  0
SEQEND
  5
277
330
272
100
AcDbEntity
  8
Layer 02
  0
POLYLINE
  5
278
330
1F
100
AcDbEntity
  8
Layer 02
100
AcDb2dPolyline
 66
     1
 10
0.0
 20
0.0
 30
0.0
 70
     1
  0
VERTEX
  5
279
330
278
100
AcDbEntity
  8
Layer 02
100
AcDbVertex
100
AcDb2dVertex
 10
179.6187951052939
 20
550.4870384096903
 30
0.0
  0
VERTEX
  5
27A
330
278
100
AcDbEntity
  8
Layer 02
100
AcDbVertex
100
AcDb2dVertex
 10
168.5249683693314
 20
543.7773372370484
 30
0.0
  0
VERTEX
  5
27B
330
278
100
AcDbEntity
  8
Layer 02
100
AcDbVertex
100
AcDb2dVertex
 10
169.7003102107715
 20
552.5395711821681
 30
0.0
  0
SEQEND
  5
27C
330
278
100
AcDbEntity
  8
Layer 02
  0
POLYLINE
  5
27D
330
1F
100
AcDbEntity
  8
Layer 02
100
AcDb2dPolyline
 66
     1
 10
0.0
 20
0.0
 30
0.0
 70
     1
  0
VERTEX
  5
27E
330
27D
100
AcDbEntity
  8
Layer 02
100
AcDbVertex
100
AcDb2dVertex
 10
183.3927987790338
 20
552.7696084802287
 30
0.0
  0
VERTEX
  5
27F
330
27D
100
AcDbEntity
  8
Layer 02
100
AcDbVertex
100
AcDb2dVertex
 10
189.523957987229
 20
556.4778191011433
 30
0.0
  0
VERTEX
  5
280
330
27D
100
AcDbEntity
  8
Layer 02
100
AcDbVertex
100
AcDb2dVertex
 10
182.3916989187016
 20
572.6722426332117
 30
0.0
  0
VERTEX
  5
281
330
27D
100
AcDbEntity
  8
Layer 02
100
AcDbVertex
100
AcDb2dVertex
 10
173.4813287368848
 20
568.8849718442757
 30
0.0
  0
VERTEX
  5
282
330
27D
100
AcDbEntity
  8
Layer 02
100
AcDbVertex
100
AcDb2dVertex
 10
170.3170862921734
 20
557.1376686262067
 30
0.0
  0
VERTEX
  5
283
330
27D
100
AcDbEntity
  8
Layer 02
100
AcDbVertex
100
AcDb2dVertex
 10
170.1001491962783
 20
555.5203914064332
 30
0.0
  0
SEQEND
  5
284
330
27D
100
AcDbEntity
  8
Layer 02
  0
POLYLINE
  5
285
330
1F
100
AcDbEntity
  8
Layer 02
100
AcDb2dPolyline
 66
     1
 10
0.0
 20
0.0
 30
0.0
 70
     1
  0
VERTEX
  5
286
330
285
100
AcDbEntity
  8
Layer 02
100
AcDbVertex
100
AcDb2dVertex
 10
195.1214910339969
 20
538.0347815783324
 30
0.0
  0
VERTEX
  5
287
330
285
100
AcDbEntity
  8
Layer 02
100
AcDbVertex
100
AcDb2dVertex
 10
194.3646137260127
 20
520.6266034946947
 30
0.0
  0
VERTEX
  5
288
330
285
100
AcDbEntity
  8
Layer 02
100
AcDbVertex
100
AcDb2dVertex
 10
178.4559192589475
 20
510.9542574397268
 30
0.0
  0
VERTEX
  5
289
330
285
100
AcDbEntity
  8
Layer 02
100
AcDbVertex
100
AcDb2dVertex
 10
171.5024260437886
 20
528.0145721885469
 30
0.0
  0
SEQEND
  5
28A
330
285
100
AcDbEntity
  8
Layer 02
  0
POLYLINE
  5
28B
330
1F
100
AcDbEntity
  8
Layer 02
100
AcDb2dPolyline
 66
     1
 10
0.0
 20
0.0
 30
0.0
 70
     1
  0
VERTEX
  5
28C
330
28B
100
AcDbEntity
  8
Layer 02
100
AcDbVertex
100
AcDb2dVertex
 10
198.0813956766206
 20
537.0474017593484
 30
0.0
  0
VERTEX
  5
28D
330
28B
100
AcDbEntity
  8
Layer 02
100
AcDbVertex
100
AcDb2dVertex
 10
197.4489813314576
 20
522.5018718206002
 30
0.0
  0
VERTEX
  5
28E
330
28B
100
AcDbEntity
  8
Layer 02
100
AcDbVertex
100
AcDb2dVertex
 10
203.0008456917543
 20
525.8773564308681
 30
0.0
  0
SEQEND
  5
28F
330
28B
100
AcDbEntity
  8
Layer 02
  0
POLYLINE
  5
290
330
1F
100
AcDbEntity
  8
Layer 02
100
AcDb2dPolyline
 66
     1
 10
0.0
 20
0.0
 30
0.0
 70
     1
  0
VERTEX
  5
291
330
290
100
AcDbEntity
  8
Layer 02
100
AcDbVertex
100
AcDb2dVertex
 10
196.6438131701794
 20
503.9830041112021
 30
0.0
  0
VERTEX
  5
292
330
290
100
AcDbEntity
  8
Layer 02
100
AcDbVertex
100
AcDb2dVertex
 10
197.2306423799578
 20
517.4800759361037
 30
0.0
  0
VERTEX
  5
293
330
290
100
AcDbEntity
  8
Layer 02
100
AcDbVertex
100
AcDb2dVertex
 10
205.2536313616176
 20
520.7622077922373
 30
0.0
  0
VERTEX
  5
294
330
290
100
AcDbEntity
  8
Layer 02
100
AcDbVertex
100
AcDb2dVertex
 10
211.2284649677921
 20
507.1958208982176
 30
0.0
  0
SEQEND
  5
295
330
290
100
AcDbEntity
  8
Layer 02
  0
POLYLINE
  5
296
330
1F
100
AcDbEntity
  8
Layer 02
100
AcDb2dPolyline
 66
     1
 10
0.0
 20
0.0
 30
0.0
 70
     1
  0
VERTEX
  5
297
330
296
100
AcDbEntity
  8
Layer 02
100
AcDbVertex
100
AcDb2dVertex
 10
190.302134721421
 20
514.6456864394296
 30
0.0
  0
VERTEX
  5
298
330
296
100
AcDbEntity
  8
Layer 02
100
AcDbVertex
100
AcDb2dVertex
 10
194.1734309007119
 20
516.229398512776
 30
0.0
  0
VERTEX
  5
299
330
296
100
AcDbEntity
  8
Layer 02
100
AcDbVertex
100
AcDb2dVertex
 10
193.5578958170733
 20
502.0720915890886
 30
0.0
  0
VERTEX
  5
29A
330
296
100
AcDbEntity
  8
Layer 02
100
AcDbVertex
100
AcDb2dVertex
 10
182.0761385156057
 20
502.0720915890887
 30
0.0
  0
VERTEX
  5
29B
330
296
100
AcDbEntity
  8
Layer 02
100
AcDbVertex
100
AcDb2dVertex
 10
179.6027391373835
 20
508.1405482030991
 30
0.0
  0
SEQEND
  5
29C
330
296
100
AcDbEntity
  8
Layer 02
  0
POLYLINE
  5
29D
330
1F
100
AcDbEntity
  8
Layer 02
100
AcDb2dPolyline
 66
     1
 10
0.0
 20
0.0
 30
0.0
 70
     1
  0
VERTEX
  5
29E
330
29D
100
AcDbEntity
  8
Layer 02
100
AcDbVertex
100
AcDb2dVertex
 10
215.449893725155
 20
505.0538213497201
 30
0.0
  0
VERTEX
  5
29F
330
29D
100
AcDbEntity
  8
Layer 02
100
AcDbVertex
100
AcDb2dVertex
 10
237.43578690086
 20
509.8970392511578
 30
0.0
  0
VERTEX
  5
2A0
330
29D
100
AcDbEntity
  8
Layer 02
100
AcDbVertex
100
AcDb2dVertex
 10
240.9129258517728
 20
502.0720915890887
 30
0.0
  0
VERTEX
  5
2A1
330
29D
100
AcDbEntity
  8
Layer 02
100
AcDbVertex
100
AcDb2dVertex
 10
216.7630907699926
 20
502.0720915890886
 30
0.0
  0
SEQEND
  5
2A2
330
29D
100
AcDbEntity
  8
Layer 02
  0
POLYLINE
  5
2A3
330
1F
100
AcDbEntity
  8
Layer 02
100
AcDb2dPolyline
 66
     1
 10
0.0
 20
0.0
 30
0.0
 70
     1
  0
VERTEX
  5
2A4
330
2A3
100
AcDbEntity
  8
Layer 02
100
AcDbVertex
100
AcDb2dVertex
 10
142.1957407229778
 20
524.3470297759708
 30
0.0
  0
VERTEX
  5
2A5
330
2A3
100
AcDbEntity
  8
Layer 02
100
AcDbVertex
100
AcDb2dVertex
 10
144.7929420774398
 20
519.942084747478
 30
0.0
  0
VERTEX
  5
2A6
330
2A3
100
AcDbEntity
  8
Layer 02
100
AcDbVertex
100
AcDb2dVertex
 10
163.3573435487342
 20
527.8178914322697
 30
0.0
  0
VERTEX
  5
2A7
330
2A3
100
AcDbEntity
  8
Layer 02
100
AcDbVertex
100
AcDb2dVertex
 10
164.5918528567222
 20
537.0212218869779
 30
0.0
  0
VERTEX
  5
2A8
330
2A3
100
AcDbEntity
  8
Layer 02
100
AcDbVertex
100
AcDb2dVertex
 10
164.3069598510103
 20
537.7202035637827
 30
0.0
  0
SEQEND
  5
2A9
330
2A3
100
AcDbEntity
  8
Layer 02
  0
POLYLINE
  5
2AA
330
1F
100
AcDbEntity
  8
Layer 02
100
AcDb2dPolyline
 66
     1
 10
0.0
 20
0.0
 30
0.0
 70
     1
  0
VERTEX
  5
2AB
330
2AA
100
AcDbEntity
  8
Layer 02
100
AcDbVertex
100
AcDb2dVertex
 10
161.0990068772684
 20
545.5908788830798
 30
0.0
  0
VERTEX
  5
2AC
330
2AA
100
AcDbEntity
  8
Layer 02
100
AcDbVertex
100
AcDb2dVertex
 10
163.1605645934264
 20
540.5328709980874
 30
0.0
  0
VERTEX
  5
2AD
330
2AA
100
AcDbEntity
  8
Layer 02
100
AcDbVertex
100
AcDb2dVertex
 10
140.6719453825784
 20
526.9314403753266
 30
0.0
  0
VERTEX
  5
2AE
330
2AA
100
AcDbEntity
  8
Layer 02
100
AcDbVertex
100
AcDb2dVertex
 10
132.2924193552122
 20
541.1434118314323
 30
0.0
  0
SEQEND
  5
2AF
330
2AA
100
AcDbEntity
  8
Layer 02
  0
POLYLINE
  5
2B0
330
1F
100
AcDbEntity
  8
Layer 02
100
AcDb2dPolyline
 66
     1
 10
0.0
 20
0.0
 30
0.0
 70
     1
  0
VERTEX
  5
2B1
330
2B0
100
AcDbEntity
  8
Layer 02
100
AcDbVertex
100
AcDb2dVertex
 10
164.1468328191139
 20
546.0614346351326
 30
0.0
  0
VERTEX
  5
2B2
330
2B0
100
AcDbEntity
  8
Layer 02
100
AcDbVertex
100
AcDb2dVertex
 10
165.839537119774
 20
546.3227723100517
 30
0.0
  0
VERTEX
  5
2B3
330
2B0
100
AcDbEntity
  8
Layer 02
100
AcDbVertex
100
AcDb2dVertex
 10
165.3940256664355
 20
543.0014614864714
 30
0.0
  0
SEQEND
  5
2B4
330
2B0
100
AcDbEntity
  8
Layer 02
  0
POLYLINE
  5
2B5
330
1F
100
AcDbEntity
  8
Layer 02
100
AcDb2dPolyline
 66
     1
 10
0.0
 20
0.0
 30
0.0
 70
     1
  0
VERTEX
  5
2B6
330
2B5
100
AcDbEntity
  8
Layer 02
100
AcDbVertex
100
AcDb2dVertex
 10
115.0139030140627
 20
507.9070751335527
 30
0.0
  0
VERTEX
  5
2B7
330
2B5
100
AcDbEntity
  8
Layer 02
100
AcDbVertex
100
AcDb2dVertex
 10
115.0255419236843
 20
507.3134907428544
 30
0.0
  0
VERTEX
  5
2B8
330
2B5
100
AcDbEntity
  8
Layer 02
100
AcDbVertex
100
AcDb2dVertex
 10
142.0071390819863
 20
518.760228931225
 30
0.0
  0
VERTEX
  5
2B9
330
2B5
100
AcDbEntity
  8
Layer 02
100
AcDbVertex
100
AcDb2dVertex
 10
139.6285686138621
 20
522.7943682714358
 30
0.0
  0
SEQEND
  5
2BA
330
2B5
100
AcDbEntity
  8
Layer 02
  0
POLYLINE
  5
2BB
330
1F
100
AcDbEntity
  8
Layer 02
100
AcDb2dPolyline
 66
     1
 10
0.0
 20
0.0
 30
0.0
 70
     1
  0
VERTEX
  5
2BC
330
2BB
100
AcDbEntity
  8
Layer 02
100
AcDbVertex
100
AcDb2dVertex
 10
143.5441117335012
 20
516.153469147819
 30
0.0
  0
VERTEX
  5
2BD
330
2BB
100
AcDbEntity
  8
Layer 02
100
AcDbVertex
100
AcDb2dVertex
 10
115.0889129843641
 20
504.0815666481849
 30
0.0
  0
VERTEX
  5
2BE
330
2BB
100
AcDbEntity
  8
Layer 02
100
AcDbVertex
100
AcDb2dVertex
 10
115.128314456111
 20
502.0720915890886
 30
0.0
  0
VERTEX
  5
2BF
330
2BB
100
AcDbEntity
  8
Layer 02
100
AcDbVertex
100
AcDb2dVertex
 10
151.8466382421551
 20
502.0720915890886
 30
0.0
  0
SEQEND
  5
2C0
330
2BB
100
AcDbEntity
  8
Layer 02
  0
POLYLINE
  5
2C1
330
1F
100
AcDbEntity
  8
Layer 02
100
AcDb2dPolyline
 66
     1
 10
0.0
 20
0.0
 30
0.0
 70
     1
  0
VERTEX
  5
2C2
330
2C1
100
AcDbEntity
  8
Layer 02
100
AcDbVertex
100
AcDb2dVertex
 10
104.9392962872318
 20
536.920346065265
 30
0.0
  0
VERTEX
  5
2C3
330
2C1
100
AcDbEntity
  8
Layer 02
100
AcDbVertex
100
AcDb2dVertex
 10
84.19532144858076
 20
522.2779163244385
 30
0.0
  0
VERTEX
  5
2C4
330
2C1
100
AcDbEntity
  8
Layer 02
100
AcDbVertex
100
AcDb2dVertex
 10
81.24462958246619
 20
502.0720915890886
 30
0.0
  0
VERTEX
  5
2C5
330
2C1
100
AcDbEntity
  8
Layer 02
100
AcDbVertex
100
AcDb2dVertex
 10
99.56947284209153
 20
502.0720915890886
 30
0.0
  0
VERTEX
  5
2C6
330
2C1
100
AcDbEntity
  8
Layer 02
100
AcDbVertex
100
AcDb2dVertex
 10
111.9805535988783
 20
509.5784863696756
 30
0.0
  0
VERTEX
  5
2C7
330
2C1
100
AcDbEntity
  8
Layer 02
100
AcDbVertex
100
AcDb2dVertex
 10
111.4248053343525
 20
537.9216478604931
 30
0.0
  0
SEQEND
  5
2C8
330
2C1
100
AcDbEntity
  8
Layer 02
  0
POLYLINE
  5
2C9
330
1F
100
AcDbEntity
  8
Layer 02
100
AcDb2dPolyline
 66
     1
 10
0.0
 20
0.0
 30
0.0
 70
     1
  0
VERTEX
  5
2CA
330
2C9
100
AcDbEntity
  8
Layer 02
100
AcDbVertex
100
AcDb2dVertex
 10
62.47764371533268
 20
521.7038777743255
 30
0.0
  0
VERTEX
  5
2CB
330
2C9
100
AcDbEntity
  8
Layer 02
100
AcDbVertex
100
AcDb2dVertex
 10
31.33610465590367
 20
508.4674533839038
 30
0.0
  0
VERTEX
  5
2CC
330
2C9
100
AcDbEntity
  8
Layer 02
100
AcDbVertex
100
AcDb2dVertex
 10
31.33610465590367
 20
502.0720915890886
 30
0.0
  0
VERTEX
  5
2CD
330
2C9
100
AcDbEntity
  8
Layer 02
100
AcDbVertex
100
AcDb2dVertex
 10
50.36741578767132
 20
502.0720915890886
 30
0.0
  0
VERTEX
  5
2CE
330
2C9
100
AcDbEntity
  8
Layer 02
100
AcDbVertex
100
AcDb2dVertex
 10
61.01619554797224
 20
509.5886842709896
 30
0.0
  0
SEQEND
  5
2CF
330
2C9
100
AcDbEntity
  8
Layer 02
  0
ENDSEC
  0
SECTION
  2
OBJECTS
  0
DICTIONARY
  5
C
330
0
100
AcDbDictionary
281
     1
  3
ACAD_GROUP
350
D
  3
ACAD_LAYOUT
350
1A
  3
ACAD_MATERIAL
350
43
  3
ACAD_MLEADERSTYLE
350
6B
  3
ACAD_MLINESTYLE
350
17
  3
ACAD_PLOTSETTINGS
350
19
  3
ACAD_PLOTSTYLENAME
350
E
  3
ACAD_SCALELIST
350
47
  3
ACAD_TABLESTYLE
350
69
  3
ACAD_VISUALSTYLE
350
2A
  3
AcDbVariableDictionary
350
2D0
  3
DWGPROPS
350
2D7
  0
DICTIONARY
  5
2D8
330
8
100
AcDbDictionary
280
     1
281
     1
  3
ACAD_XREC_ROUNDTRIP
360
2D9
  0
DICTIONARY
  5
D
102
{ACAD_REACTORS
330
C
102
}
330
C
100
AcDbDictionary
281
     1
  0
DICTIONARY
  5
1A
102
{ACAD_REACTORS
330
C
102
}
330
C
100
AcDbDictionary
281
     1
  3
Layout1
350
1E
  3
Layout2
350
26
  3
Model
350
22
  0
DICTIONARY
  5
43
102
{ACAD_REACTORS
330
C
102
}
330
C
100
AcDbDictionary
281
     1
  3
ByBlock
350
45
  3
ByLayer
350
44
  3
Global
350
46
  0
DICTIONARY
  5
6B
102
{ACAD_REACTORS
330
C
102
}
330
C
100
AcDbDictionary
281
     1
  3
Standard
350
6C
  0
DICTIONARY
  5
17
102
{ACAD_REACTORS
330
C
102
}
330
C
100
AcDbDictionary
281
     1
  3
Standard
350
18
  0
DICTIONARY
  5
19
102
{ACAD_REACTORS
330
C
102
}
330
C
100
AcDbDictionary
281
     1
  0
ACDBDICTIONARYWDFLT
  5
E
102
{ACAD_REACTORS
330
C
102
}
330
C
100
AcDbDictionary
281
     1
  3
Normal
350
F
100
AcDbDictionaryWithDefault
340
F
  0
DICTIONARY
  5
47
102
{ACAD_REACTORS
330
C
102
}
330
C
100
AcDbDictionary
281
     1
  3
A0
350
48
  3
A1
350
49
  3
A2
350
4A
  3
A3
350
4B
  3
A4
350
4C
  3
A5
350
4D
  3
A6
350
4E
  3
A7
350
4F
  3
A8
350
50
  3
A9
350
51
  3
B0
350
52
  3
B1
350
53
  3
B2
350
54
  3
B3
350
55
  3
B4
350
56
  3
B5
350
57
  3
B6
350
58
  3
B7
350
59
  3
B8
350
5A
  3
B9
350
5B
  3
C0
350
5C
  3
C1
350
5D
  3
C2
350
5E
  3
C3
350
5F
  3
C4
350
60
  3
C5
350
61
  3
C6
350
62
  3
C7
350
63
  3
C8
350
64
  3
C9
350
65
  3
D0
350
66
  3
D1
350
67
  3
D2
350
68
  0
DICTIONARY
  5
69
102
{ACAD_REACTORS
330
C
102
}
330
C
100
AcDbDictionary
281
     1
  3
Standard
350
6A
  0
DICTIONARY
  5
2A
102
{ACAD_REACTORS
330
C
102
}
330
C
100
AcDbDictionary
281
     1
  3
2dWireframe
350
2F
  3
Basic
350
32
  3
Brighten
350
36
  3
ColorChange
350
3A
  3
Conceptual
350
34
  3
Dim
350
35
  3
EdgeColorOff
350
3D
  3
Facepattern
350
39
  3
Flat
350
2B
  3
FlatWithEdges
350
2C
  3
Gouraud
350
2D
  3
GouraudWithEdges
350
2E
  3
Hidden
350
31
  3
JitterOff
350
3B
  3
Linepattern
350
38
  3
OverhangOff
350
3C
  3
Realistic
350
33
  3
Shaded
350
42
  3
Shaded with edges
350
41
  3
Shades of Gray
350
3E
  3
Sketchy
350
3F
  3
Thicken
350
37
  3
Wireframe
350
30
  3
X-Ray
350
40
  0
DICTIONARY
  5
2D0
102
{ACAD_REACTORS
330
C
102
}
330
C
100
AcDbDictionary
281
     1
  3
CANNOSCALE
350
2DA
  3
CMLEADERSTYLE
350
2D2
  3
CTABLESTYLE
350
2D1
  3
DIMASSOC
350
2D5
  3
HIDETEXT
350
2D6
  3
MSLTSCALE
350
2DB
  0
XRECORD
  5
2D7
102
{ACAD_REACTORS
330
C
102
}
330
C
100
AcDbXrecord
280
     1
  1
DWGPROPS COOKIE
  2

  3

  4

  6

  7

  8
Nabil
  9

300
=
301
=
302
=
303
=
304
=
305
=
306
=
307
=
308
=
309
=
 40
0.0
 41
2460565.274715567
 42
2460565.274715614
  1

 90
        0
  0
XRECORD
  5
2D9
102
{ACAD_REACTORS
330
2D8
102
}
330
2D8
100
AcDbXrecord
280
     1
102
VTR_0.000_0.000_1.000_1.000_VISUALSTYLE
340
2F
102
VTR_0.000_0.000_1.000_1.000_GRIDDISPLAY
 70
     3
102
VTR_0.000_0.000_1.000_1.000_GRIDMAJOR
 70
     5
102
VTR_0.000_0.000_1.000_1.000_DEFAULTLIGHTING
280
     1
102
VTR_0.000_0.000_1.000_1.000_DEFAULTLIGHTINGTYPE
 70
     1
102
VTR_0.000_0.000_1.000_1.000_BRIGHTNESS
141
0.0
102
VTR_0.000_0.000_1.000_1.000_CONTRAST
142
0.0
  0
LAYOUT
  5
1E
102
{ACAD_REACTORS
330
1A
102
}
330
1A
100
AcDbPlotSettings
  1

  2
none_device
  4

  6

 40
0.0
 41
0.0
 42
0.0
 43
0.0
 44
0.0
 45
0.0
 46
0.0
 47
0.0
 48
0.0
 49
0.0
140
0.0
141
0.0
142
1.0
143
1.0
 70
   688
 72
     0
 73
     0
 74
     5
  7

 75
    16
147
1.0
148
0.0
149
0.0
100
AcDbLayout
  1
Layout1
 70
     1
 71
     1
 10
0.0
 20
0.0
 11
12.0
 21
9.0
 12
0.0
 22
0.0
 32
0.0
 14
1.000000000000000E+20
 24
1.000000000000000E+20
 34
1.000000000000000E+20
 15
-1.000000000000000E+20
 25
-1.000000000000000E+20
 35
-1.000000000000000E+20
146
0.0
 13
0.0
 23
0.0
 33
0.0
 16
1.0
 26
0.0
 36
0.0
 17
0.0
 27
1.0
 37
0.0
 76
     0
330
1B
  0
LAYOUT
  5
26
102
{ACAD_REACTORS
330
1A
102
}
330
1A
100
AcDbPlotSettings
  1

  2
none_device
  4

  6

 40
0.0
 41
0.0
 42
0.0
 43
0.0
 44
0.0
 45
0.0
 46
0.0
 47
0.0
 48
0.0
 49
0.0
140
0.0
141
0.0
142
1.0
143
1.0
 70
   688
 72
     0
 73
     0
 74
     5
  7

 75
    16
147
1.0
148
0.0
149
0.0
100
AcDbLayout
  1
Layout2
 70
     1
 71
     2
 10
0.0
 20
0.0
 11
0.0
 21
0.0
 12
0.0
 22
0.0
 32
0.0
 14
0.0
 24
0.0
 34
0.0
 15
0.0
 25
0.0
 35
0.0
146
0.0
 13
0.0
 23
0.0
 33
0.0
 16
1.0
 26
0.0
 36
0.0
 17
0.0
 27
1.0
 37
0.0
 76
     0
330
23
  0
LAYOUT
  5
22
102
{ACAD_REACTORS
330
1A
102
}
330
1A
100
AcDbPlotSettings
  1

  2
none_device
  4
Letter_(8.50_x_11.00_Inches)
  6

 40
6.35
 41
6.35
 42
6.35000508
 43
6.35000508
 44
215.9
 45
279.4
 46
0.0
 47
0.0
 48
0.0
 49
0.0
140
0.0
141
0.0
142
1.0
143
1.0
 70
  1712
 72
     0
 73
     0
 74
     0
  7

 75
     0
147
1.0
148
0.0
149
0.0
100
AcDbLayout
  1
Model
 70
     1
 71
     0
 10
0.0
 20
0.0
 11
12.0
 21
9.0
 12
0.0
 22
0.0
 32
0.0
 14
1.000000000000000E+20
 24
1.000000000000000E+20
 34
1.000000000000000E+20
 15
-1.000000000000000E+20
 25
-1.000000000000000E+20
 35
-1.000000000000000E+20
146
0.0
 13
0.0
 23
0.0
 33
0.0
 16
1.0
 26
0.0
 36
0.0
 17
0.0
 27
1.0
 37
0.0
 76
     0
330
1F
331
29
  0
MATERIAL
  5
45
102
{ACAD_REACTORS
330
43
102
}
102
{ACAD_XDICTIONARY
360
30E
102
}
330
43
100
AcDbMaterial
  1
ByBlock
  0
MATERIAL
  5
44
102
{ACAD_REACTORS
330
43
102
}
102
{ACAD_XDICTIONARY
360
30C
102
}
330
43
100
AcDbMaterial
  1
ByLayer
  0
MATERIAL
  5
46
102
{ACAD_REACTORS
330
43
102
}
102
{ACAD_XDICTIONARY
360
310
102
}
330
43
100
AcDbMaterial
  1
Global
  0
MLEADERSTYLE
  5
6C
102
{ACAD_REACTORS
330
6B
102
}
102
{ACAD_XDICTIONARY
360
313
102
}
330
6B
100
AcDbMLeaderStyle
170
     2
171
     1
172
     0
 90
        2
 40
0.0
 41
0.0
173
     1
 91
-1056964608
340
14
 92
       -2
290
     1
 42
0.09
291
     1
 43
0.36
  3
Standard
341
0
 44
0.18
300

342
11
174
     1
178
     6
175
     1
176
     0
 93
-1056964608
 45
0.18
292
     0
297
     0
 46
0.18
343
0
 94
-1056964608
 47
1.0
 49
1.0
140
1.0
293
     1
141
0.0
294
     1
177
     0
142
1.0
295
     0
296
     0
143
0.125
1001
ACAD_MLEADERVER
1070
     2
  0
MLINESTYLE
  5
18
102
{ACAD_REACTORS
330
17
102
}
330
17
100
AcDbMlineStyle
  2
Standard
 70
     0
  3

 62
   256
 51
90.0
 52
90.0
 71
     2
 49
0.5
 62
   256
  6
BYLAYER
 49
-0.5
 62
   256
  6
BYLAYER
  0
ACDBPLACEHOLDER
  5
F
102
{ACAD_REACTORS
330
E
102
}
330
E
  0
SCALE
  5
48
102
{ACAD_REACTORS
330
47
102
}
330
47
100
AcDbScale
 70
     0
300
1:1
140
1.0
141
1.0
290
     1
  0
SCALE
  5
49
102
{ACAD_REACTORS
330
47
102
}
330
47
100
AcDbScale
 70
     0
300
1:2
140
1.0
141
2.0
290
     0
  0
SCALE
  5
4A
102
{ACAD_REACTORS
330
47
102
}
330
47
100
AcDbScale
 70
     0
300
1:4
140
1.0
141
4.0
290
     0
  0
SCALE
  5
4B
102
{ACAD_REACTORS
330
47
102
}
330
47
100
AcDbScale
 70
     0
300
1:5
140
1.0
141
5.0
290
     0
  0
SCALE
  5
4C
102
{ACAD_REACTORS
330
47
102
}
330
47
100
AcDbScale
 70
     0
300
1:8
140
1.0
141
8.0
290
     0
  0
SCALE
  5
4D
102
{ACAD_REACTORS
330
47
102
}
330
47
100
AcDbScale
 70
     0
300
1:10
140
1.0
141
10.0
290
     0
  0
SCALE
  5
4E
102
{ACAD_REACTORS
330
47
102
}
330
47
100
AcDbScale
 70
     0
300
1:16
140
1.0
141
16.0
290
     0
  0
SCALE
  5
4F
102
{ACAD_REACTORS
330
47
102
}
330
47
100
AcDbScale
 70
     0
300
1:20
140
1.0
141
20.0
290
     0
  0
SCALE
  5
50
102
{ACAD_REACTORS
330
47
102
}
330
47
100
AcDbScale
 70
     0
300
1:30
140
1.0
141
30.0
290
     0
  0
SCALE
  5
51
102
{ACAD_REACTORS
330
47
102
}
330
47
100
AcDbScale
 70
     0
300
1:40
140
1.0
141
40.0
290
     0
  0
SCALE
  5
52
102
{ACAD_REACTORS
330
47
102
}
330
47
100
AcDbScale
 70
     0
300
1:50
140
1.0
141
50.0
290
     0
  0
SCALE
  5
53
102
{ACAD_REACTORS
330
47
102
}
330
47
100
AcDbScale
 70
     0
300
1:100
140
1.0
141
100.0
290
     0
  0
SCALE
  5
54
102
{ACAD_REACTORS
330
47
102
}
330
47
100
AcDbScale
 70
     0
300
2:1
140
2.0
141
1.0
290
     0
  0
SCALE
  5
55
102
{ACAD_REACTORS
330
47
102
}
330
47
100
AcDbScale
 70
     0
300
4:1
140
4.0
141
1.0
290
     0
  0
SCALE
  5
56
102
{ACAD_REACTORS
330
47
102
}
330
47
100
AcDbScale
 70
     0
300
8:1
140
8.0
141
1.0
290
     0
  0
SCALE
  5
57
102
{ACAD_REACTORS
330
47
102
}
330
47
100
AcDbScale
 70
     0
300
10:1
140
10.0
141
1.0
290
     0
  0
SCALE
  5
58
102
{ACAD_REACTORS
330
47
102
}
330
47
100
AcDbScale
 70
     0
300
100:1
140
100.0
141
1.0
290
     0
  0
SCALE
  5
59
102
{ACAD_REACTORS
330
47
102
}
330
47
100
AcDbScale
 70
     0
300
1/128" = 1'-0"
140
0.0078125
141
12.0
290
     0
  0
SCALE
  5
5A
102
{ACAD_REACTORS
330
47
102
}
330
47
100
AcDbScale
 70
     0
300
1/64" = 1'-0"
140
0.015625
141
12.0
290
     0
  0
SCALE
  5
5B
102
{ACAD_REACTORS
330
47
102
}
330
47
100
AcDbScale
 70
     0
300
1/32" = 1'-0"
140
0.03125
141
12.0
290
     0
  0
SCALE
  5
5C
102
{ACAD_REACTORS
330
47
102
}
330
47
100
AcDbScale
 70
     0
300
1/16" = 1'-0"
140
0.0625
141
12.0
290
     0
  0
SCALE
  5
5D
102
{ACAD_REACTORS
330
47
102
}
330
47
100
AcDbScale
 70
     0
300
3/32" = 1'-0"
140
0.09375
141
12.0
290
     0
  0
SCALE
  5
5E
102
{ACAD_REACTORS
330
47
102
}
330
47
100
AcDbScale
 70
     0
300
1/8" = 1'-0"
140
0.125
141
12.0
290
     0
  0
SCALE
  5
5F
102
{ACAD_REACTORS
330
47
102
}
330
47
100
AcDbScale
 70
     0
300
3/16" = 1'-0"
140
0.1875
141
12.0
290
     0
  0
SCALE
  5
60
102
{ACAD_REACTORS
330
47
102
}
330
47
100
AcDbScale
 70
     0
300
1/4" = 1'-0"
140
0.25
141
12.0
290
     0
  0
SCALE
  5
61
102
{ACAD_REACTORS
330
47
102
}
330
47
100
AcDbScale
 70
     0
300
3/8" = 1'-0"
140
0.375
141
12.0
290
     0
  0
SCALE
  5
62
102
{ACAD_REACTORS
330
47
102
}
330
47
100
AcDbScale
 70
     0
300
1/2" = 1'-0"
140
0.5
141
12.0
290
     0
  0
SCALE
  5
63
102
{ACAD_REACTORS
330
47
102
}
330
47
100
AcDbScale
 70
     0
300
3/4" = 1'-0"
140
0.75
141
12.0
290
     0
  0
SCALE
  5
64
102
{ACAD_REACTORS
330
47
102
}
330
47
100
AcDbScale
 70
     0
300
1" = 1'-0"
140
1.0
141
12.0
290
     0
  0
SCALE
  5
65
102
{ACAD_REACTORS
330
47
102
}
330
47
100
AcDbScale
 70
     0
300
1-1/2" = 1'-0"
140
1.5
141
12.0
290
     0
  0
SCALE
  5
66
102
{ACAD_REACTORS
330
47
102
}
330
47
100
AcDbScale
 70
     0
300
3" = 1'-0"
140
3.0
141
12.0
290
     0
  0
SCALE
  5
67
102
{ACAD_REACTORS
330
47
102
}
330
47
100
AcDbScale
 70
     0
300
6" = 1'-0"
140
6.0
141
12.0
290
     0
  0
SCALE
  5
68
102
{ACAD_REACTORS
330
47
102
}
330
47
100
AcDbScale
 70
     0
300
1'-0" = 1'-0"
140
12.0
141
12.0
290
     0
  0
TABLESTYLE
  5
6A
102
{ACAD_REACTORS
330
69
102
}
330
69
100
AcDbTableStyle
  3
Standard
 70
     0
 71
     0
 40
0.06
 41
0.06
280
     0
281
     0
  7
Standard
140
0.18
170
     2
 62
     0
 63
   257
283
     0
274
    -2
284
     1
 64
     0
275
    -2
285
     1
 65
     0
276
    -2
286
     1
 66
     0
277
    -2
287
     1
 67
     0
278
    -2
288
     1
 68
     0
279
    -2
289
     1
 69
     0
  7
Standard
140
0.25
170
     5
 62
     0
 63
   257
283
     0
274
    -2
284
     1
 64
     0
275
    -2
285
     1
 65
     0
276
    -2
286
     1
 66
     0
277
    -2
287
     1
 67
     0
278
    -2
288
     1
 68
     0
279
    -2
289
     1
 69
     0
  7
Standard
140
0.18
170
     5
 62
     0
 63
   257
283
     0
274
    -2
284
     1
 64
     0
275
    -2
285
     1
 65
     0
276
    -2
286
     1
 66
     0
277
    -2
287
     1
 67
     0
278
    -2
288
     1
 68
     0
279
    -2
289
     1
 69
     0
  0
VISUALSTYLE
  5
2F
102
{ACAD_REACTORS
330
2A
102
}
102
{ACAD_XDICTIONARY
360
2E4
102
}
330
2A
100
AcDbVisualStyle
  2
2dWireframe
 70
     4
 71
     0
 72
     2
 73
     0
 90
        0
 40
0.6
 41
30.0
 62
     5
 63
     7
 74
     1
 91
        4
 64
     7
 65
   257
 75
     1
175
     1
 42
1.0
 92
        0
 66
   257
 43
1.0
 76
     1
 77
     6
 78
     2
 67
     7
 79
     5
170
     0
171
     0
290
     0
174
     0
 93
        1
 44
0.0
173
     0
291
     0
 45
0.0
1001
ACAD
1000
AcDbSavedByObjectVersion
1070
     0
  0
VISUALSTYLE
  5
32
102
{ACAD_REACTORS
330
2A
102
}
102
{ACAD_XDICTIONARY
360
2EA
102
}
330
2A
100
AcDbVisualStyle
  2
Basic
 70
     7
 71
     1
 72
     0
 73
     1
 90
        0
 40
0.6
 41
30.0
 62
     5
 63
     7
 74
     0
 91
        4
 64
     7
 65
   257
 75
     1
175
     1
 42
1.0
 92
        8
 66
     7
 43
1.0
 76
     1
 77
     6
 78
     2
 67
     7
 79
     5
170
     0
171
     0
290
     0
174
     0
 93
        1
 44
0.0
173
     0
291
     1
 45
0.0
1001
ACAD
1000
AcDbSavedByObjectVersion
1070
     0
  0
VISUALSTYLE
  5
36
102
{ACAD_REACTORS
330
2A
102
}
102
{ACAD_XDICTIONARY
360
2F2
102
}
330
2A
100
AcDbVisualStyle
  2
Brighten
 70
    12
 71
     2
 72
     2
 73
     0
 90
        0
 40
0.6
 41
30.0
 62
     5
 63
     7
 74
     1
 91
        4
 64
     7
 65
   257
 75
     1
175
     1
 42
1.0
 92
        8
 66
     7
 43
1.0
 76
     1
 77
     6
 78
     2
 67
     7
 79
     5
170
     0
171
     0
290
     0
174
     0
 93
        1
 44
50.0
173
     0
291
     1
 45
0.0
1001
ACAD
1000
AcDbSavedByObjectVersion
1070
     0
  0
VISUALSTYLE
  5
3A
102
{ACAD_REACTORS
330
2A
102
}
102
{ACAD_XDICTIONARY
360
2FA
102
}
330
2A
100
AcDbVisualStyle
  2
ColorChange
 70
    16
 71
     2
 72
     2
 73
     3
 90
        0
 40
0.6
 41
30.0
 62
     5
 63
     8
 74
     1
 91
        4
 64
     7
 65
   257
 75
     1
175
     1
 42
1.0
 92
        8
 66
     8
 43
1.0
 76
     1
 77
     6
 78
     2
 67
     7
 79
     5
170
     0
171
     0
290
     0
174
     0
 93
        1
 44
0.0
173
     0
291
     1
 45
0.0
1001
ACAD
1000
AcDbSavedByObjectVersion
1070
     0
  0
VISUALSTYLE
  5
34
102
{ACAD_REACTORS
330
2A
102
}
102
{ACAD_XDICTIONARY
360
2EE
102
}
330
2A
100
AcDbVisualStyle
  2
Conceptual
 70
     9
 71
     3
 72
     2
 73
     0
 90
        0
 40
0.6
 41
30.0
 62
     5
 63
     7
 74
     2
 91
        2
 64
     7
 65
   257
 75
     1
175
     1
 42
179.0
 92
        8
 66
     7
 43
1.0
 76
     1
 77
     6
 78
     2
 67
     7
 79
     3
170
     0
171
     0
290
     0
174
     0
 93
        1
 44
0.0
173
     0
291
     0
 45
0.0
1001
ACAD
1000
AcDbSavedByObjectVersion
1070
     0
  0
VISUALSTYLE
  5
35
102
{ACAD_REACTORS
330
2A
102
}
102
{ACAD_XDICTIONARY
360
2F0
102
}
330
2A
100
AcDbVisualStyle
  2
Dim
 70
    11
 71
     2
 72
     2
 73
     0
 90
        0
 40
0.6
 41
30.0
 62
     5
 63
     7
 74
     1
 91
        4
 64
     7
 65
   257
 75
     1
175
     1
 42
1.0
 92
        8
 66
     7
 43
1.0
 76
     1
 77
     6
 78
     2
 67
     7
 79
     5
170
     0
171
     0
290
     0
174
     0
 93
        1
 44
-50.0
173
     0
291
     1
 45
0.0
1001
ACAD
1000
AcDbSavedByObjectVersion
1070
     0
  0
VISUALSTYLE
  5
3D
102
{ACAD_REACTORS
330
2A
102
}
102
{ACAD_XDICTIONARY
360
300
102
}
330
2A
100
AcDbVisualStyle
  2
EdgeColorOff
 70
    22
 71
     2
 72
     2
 73
     0
 90
        0
 40
0.6
 41
30.0
 62
     5
 63
     7
 74
     1
 91
        4
 64
     7
 65
   257
 75
     1
175
     1
 42
1.0
 92
        8
 66
     7
 43
1.0
 76
     1
 77
     6
 78
     2
 67
     7
 79
     5
170
     0
171
     0
290
     0
174
     0
 93
        1
 44
0.0
173
     0
291
     1
 45
0.0
1001
ACAD
1000
AcDbSavedByObjectVersion
1070
     0
  0
VISUALSTYLE
  5
39
102
{ACAD_REACTORS
330
2A
102
}
102
{ACAD_XDICTIONARY
360
2F8
102
}
330
2A
100
AcDbVisualStyle
  2
Facepattern
 70
    15
 71
     2
 72
     2
 73
     0
 90
        0
 40
0.6
 41
30.0
 62
     5
 63
     7
 74
     1
 91
        4
 64
     7
 65
   257
 75
     1
175
     1
 42
1.0
 92
        8
 66
     7
 43
1.0
 76
     1
 77
     6
 78
     2
 67
     7
 79
     5
170
     0
171
     0
290
     0
174
     0
 93
        1
 44
0.0
173
     0
291
     1
 45
0.0
1001
ACAD
1000
AcDbSavedByObjectVersion
1070
     0
  0
VISUALSTYLE
  5
2B
102
{ACAD_REACTORS
330
2A
102
}
102
{ACAD_XDICTIONARY
360
2DC
102
}
330
2A
100
AcDbVisualStyle
  2
Flat
 70
     0
 71
     2
 72
     1
 73
     1
 90
        2
 40
0.6
 41
30.0
 62
     5
 63
     7
 74
     0
 91
        0
 64
     7
 65
   257
 75
     1
175
     1
 42
1.0
 92
        8
 66
     7
 43
1.0
 76
     1
 77
     6
 78
     2
 67
     7
 79
     5
170
     0
171
     0
290
     0
174
     0
 93
       13
 44
0.0
173
     0
291
     1
 45
0.0
1001
ACAD
1000
AcDbSavedByObjectVersion
1070
     0
  0
VISUALSTYLE
  5
2C
102
{ACAD_REACTORS
330
2A
102
}
102
{ACAD_XDICTIONARY
360
2DE
102
}
330
2A
100
AcDbVisualStyle
  2
FlatWithEdges
 70
     1
 71
     2
 72
     1
 73
     1
 90
        2
 40
0.6
 41
30.0
 62
     5
 63
     7
 74
     1
 91
        0
 64
     7
 65
   257
 75
     1
175
     1
 42
1.0
 92
        0
 66
   257
 43
1.0
 76
     1
 77
     6
 78
     2
 67
     7
 79
     5
170
     0
171
     0
290
     0
174
     0
 93
       13
 44
0.0
173
     0
291
     1
 45
0.0
1001
ACAD
1000
AcDbSavedByObjectVersion
1070
     0
  0
VISUALSTYLE
  5
2D
102
{ACAD_REACTORS
330
2A
102
}
102
{ACAD_XDICTIONARY
360
2E0
102
}
330
2A
100
AcDbVisualStyle
  2
Gouraud
 70
     2
 71
     2
 72
     2
 73
     1
 90
        2
 40
0.6
 41
30.0
 62
     5
 63
     7
 74
     0
 91
        0
 64
     7
 65
   257
 75
     1
175
     1
 42
1.0
 92
        0
 66
     7
 43
1.0
 76
     1
 77
     6
 78
     2
 67
     7
 79
     5
170
     0
171
     0
290
     0
174
     0
 93
       13
 44
0.0
173
     0
291
     1
 45
0.0
1001
ACAD
1000
AcDbSavedByObjectVersion
1070
     0
  0
VISUALSTYLE
  5
2E
102
{ACAD_REACTORS
330
2A
102
}
102
{ACAD_XDICTIONARY
360
2E2
102
}
330
2A
100
AcDbVisualStyle
  2
GouraudWithEdges
 70
     3
 71
     2
 72
     2
 73
     1
 90
        2
 40
0.6
 41
30.0
 62
     5
 63
     7
 74
     1
 91
        0
 64
     7
 65
   257
 75
     1
175
     1
 42
1.0
 92
        0
 66
   257
 43
1.0
 76
     1
 77
     6
 78
     2
 67
     7
 79
     5
170
     0
171
     0
290
     0
174
     0
 93
       13
 44
0.0
173
     0
291
     1
 45
0.0
1001
ACAD
1000
AcDbSavedByObjectVersion
1070
     0
  0
VISUALSTYLE
  5
31
102
{ACAD_REACTORS
330
2A
102
}
102
{ACAD_XDICTIONARY
360
2E8
102
}
330
2A
100
AcDbVisualStyle
  2
Hidden
 70
     6
 71
     1
 72
     2
 73
     2
 90
        0
 40
0.6
 41
30.0
 62
     5
 63
     7
 74
     2
 91
        2
 64
     7
 65
   257
 75
     2
175
     1
 42
40.0
 92
        0
 66
   257
 43
1.0
 76
     1
 77
     6
 78
     2
 67
     7
 79
     3
170
     0
171
     0
290
     0
174
     0
 93
        1
 44
0.0
173
     0
291
     0
 45
0.0
1001
ACAD
1000
AcDbSavedByObjectVersion
1070
     0
  0
VISUALSTYLE
  5
3B
102
{ACAD_REACTORS
330
2A
102
}
102
{ACAD_XDICTIONARY
360
2FC
102
}
330
2A
100
AcDbVisualStyle
  2
JitterOff
 70
    20
 71
     2
 72
     2
 73
     0
 90
        0
 40
0.6
 41
30.0
 62
     5
 63
     7
 74
     1
 91
        4
 64
     7
 65
   257
 75
     1
175
     1
 42
1.0
 92
       10
 66
     7
 43
1.0
 76
     1
 77
     6
 78
     2
 67
     7
 79
     5
170
     0
171
     0
290
     0
174
     0
 93
        1
 44
0.0
173
     0
291
     1
 45
0.0
1001
ACAD
1000
AcDbSavedByObjectVersion
1070
     0
  0
VISUALSTYLE
  5
38
102
{ACAD_REACTORS
330
2A
102
}
102
{ACAD_XDICTIONARY
360
2F6
102
}
330
2A
100
AcDbVisualStyle
  2
Linepattern
 70
    14
 71
     2
 72
     2
 73
     0
 90
        0
 40
0.6
 41
30.0
 62
     5
 63
     7
 74
     1
 91
        4
 64
     7
 65
   257
 75
     7
175
     7
 42
1.0
 92
        8
 66
     7
 43
1.0
 76
     1
 77
     6
 78
     2
 67
     7
 79
     5
170
     0
171
     0
290
     0
174
     0
 93
        1
 44
0.0
173
     0
291
     1
 45
0.0
1001
ACAD
1000
AcDbSavedByObjectVersion
1070
     0
  0
VISUALSTYLE
  5
3C
102
{ACAD_REACTORS
330
2A
102
}
102
{ACAD_XDICTIONARY
360
2FE
102
}
330
2A
100
AcDbVisualStyle
  2
OverhangOff
 70
    21
 71
     2
 72
     2
 73
     0
 90
        0
 40
0.6
 41
30.0
 62
     5
 63
     7
 74
     1
 91
        4
 64
     7
 65
   257
 75
     1
175
     1
 42
1.0
 92
        9
 66
     7
 43
1.0
 76
     1
 77
     6
 78
     2
 67
     7
 79
     5
170
     0
171
     0
290
     0
174
     0
 93
        1
 44
0.0
173
     0
291
     1
 45
0.0
1001
ACAD
1000
AcDbSavedByObjectVersion
1070
     0
  0
VISUALSTYLE
  5
33
102
{ACAD_REACTORS
330
2A
102
}
102
{ACAD_XDICTIONARY
360
2EC
102
}
330
2A
100
AcDbVisualStyle
  2
Realistic
 70
     8
 71
     2
 72
     3
 73
     0
 90
        2
 40
0.6
 41
30.0
 62
     5
 63
     7
 74
     0
 91
        0
 64
     7
 65
   257
 75
     1
175
     1
 42
1.0
 92
        8
 66
   257
 43
1.0
 76
     1
 77
     6
 78
     2
 67
     7
 79
     3
170
     0
171
     0
290
     0
174
     0
 93
       13
 44
0.0
173
     0
291
     0
 45
0.0
1001
ACAD
1000
AcDbSavedByObjectVersion
1070
     0
  0
VISUALSTYLE
  5
42
102
{ACAD_REACTORS
330
2A
102
}
102
{ACAD_XDICTIONARY
360
30A
102
}
330
2A
100
AcDbVisualStyle
  2
Shaded
 70
    27
 71
     2
 72
     2
 73
     1
 90
        2
 40
0.6
 41
30.0
 62
     5
 63
     7
 74
     0
 91
        4
 64
     7
 65
   257
 75
     1
175
     1
 42
1.0
 92
        8
 66
   257
 43
1.0
 76
     1
 77
     6
 78
     2
 67
     8
 79
     3
170
     0
171
     0
290
     0
174
     0
 93
        5
 44
0.0
173
     0
291
     0
 45
0.0
1001
ACAD
1000
AcDbSavedByObjectVersion
1070
     0
  0
VISUALSTYLE
  5
41
102
{ACAD_REACTORS
330
2A
102
}
102
{ACAD_XDICTIONARY
360
308
102
}
330
2A
100
AcDbVisualStyle
  2
Shaded with edges
 70
    26
 71
     2
 72
     2
 73
     1
 90
        2
 40
0.6
 41
30.0
 62
     5
 63
     7
 74
     1
 91
       10
 64
     7
 65
   257
 75
     2
175
     1
 42
1.0
 92
        8
 66
   257
 43
1.0
 76
     1
 77
     6
 78
     2
 67
     7
 79
     3
170
     0
171
     0
290
     0
174
     0
 93
        5
 44
0.0
173
     0
291
     0
 45
0.0
1001
ACAD
1000
AcDbSavedByObjectVersion
1070
     0
  0
VISUALSTYLE
  5
3E
102
{ACAD_REACTORS
330
2A
102
}
102
{ACAD_XDICTIONARY
360
302
102
}
330
2A
100
AcDbVisualStyle
  2
Shades of Gray
 70
    23
 71
     2
 72
     2
 73
     3
 90
        0
 40
0.6
 41
30.0
 62
     5
 63
     7
 74
     2
 91
        2
 64
     7
 65
     7
 75
     1
175
     1
 42
40.0
 92
        8
 66
     7
 43
1.0
 76
     1
 77
     6
 78
     2
 67
     7
 79
     3
170
     0
171
     0
290
     0
174
     0
 93
        1
 44
0.0
173
     0
291
     0
 45
0.0
1001
ACAD
1000
AcDbSavedByObjectVersion
1070
     0
  0
VISUALSTYLE
  5
3F
102
{ACAD_REACTORS
330
2A
102
}
102
{ACAD_XDICTIONARY
360
304
102
}
330
2A
100
AcDbVisualStyle
  2
Sketchy
 70
    24
 71
     1
 72
     2
 73
     2
 90
        0
 40
0.6
 41
30.0
 62
     5
 63
     7
 74
     2
 91
        2
 64
     7
 65
     7
 75
     1
175
     1
 42
40.0
 92
       11
 66
     7
 43
1.0
 76
     1
 77
     6
 78
     2
 67
     7
 79
     6
170
     0
171
     0
290
     0
174
     0
 93
        1
 44
0.0
173
     0
291
     0
 45
0.0
1001
ACAD
1000
AcDbSavedByObjectVersion
1070
     0
  0
VISUALSTYLE
  5
37
102
{ACAD_REACTORS
330
2A
102
}
102
{ACAD_XDICTIONARY
360
2F4
102
}
330
2A
100
AcDbVisualStyle
  2
Thicken
 70
    13
 71
     2
 72
     2
 73
     0
 90
        0
 40
0.6
 41
30.0
 62
     5
 63
     7
 74
     1
 91
        4
 64
     7
 65
   257
 75
     1
175
     1
 42
1.0
 92
       12
 66
     7
 43
1.0
 76
     1
 77
     6
 78
     2
 67
     7
 79
     5
170
     0
171
     0
290
     0
174
     0
 93
        1
 44
0.0
173
     0
291
     1
 45
0.0
1001
ACAD
1000
AcDbSavedByObjectVersion
1070
     0
  0
VISUALSTYLE
  5
30
102
{ACAD_REACTORS
330
2A
102
}
102
{ACAD_XDICTIONARY
360
2E6
102
}
330
2A
100
AcDbVisualStyle
  2
Wireframe
 70
     5
 71
     0
 72
     2
 73
     0
 90
        0
 40
0.6
 41
30.0
 62
     5
 63
     7
 74
     1
 91
        4
 64
     7
 65
   257
 75
     1
175
     1
 42
1.0
 92
        0
 66
   257
 43
1.0
 76
     1
 77
     6
 78
     2
 67
     7
 79
     3
170
     0
171
     0
290
     0
174
     0
 93
        1
 44
0.0
173
     0
291
     0
 45
0.0
1001
ACAD
1000
AcDbSavedByObjectVersion
1070
     0
  0
VISUALSTYLE
  5
40
102
{ACAD_REACTORS
330
2A
102
}
102
{ACAD_XDICTIONARY
360
306
102
}
330
2A
100
AcDbVisualStyle
  2
X-Ray
 70
    25
 71
     2
 72
     2
 73
     1
 90
        1
 40
0.5
 41
30.0
 62
     5
 63
     7
 74
     1
 91
        0
 64
     7
 65
   257
 75
     1
175
     1
 42
1.0
 92
        8
 66
     7
 43
1.0
 76
     1
 77
     6
 78
     2
 67
     7
 79
     3
170
     0
171
     0
290
     0
174
     0
 93
       13
 44
0.0
173
     0
291
     0
 45
0.0
1001
ACAD
1000
AcDbSavedByObjectVersion
1070
     0
  0
DICTIONARYVAR
  5
2DA
102
{ACAD_REACTORS
330
2D0
102
}
330
2D0
100
DictionaryVariables
280
     0
  1
1:1
  0
DICTIONARYVAR
  5
2D2
102
{ACAD_REACTORS
330
2D0
102
}
330
2D0
100
DictionaryVariables
280
     0
  1
Standard
  0
DICTIONARYVAR
  5
2D1
102
{ACAD_REACTORS
330
2D0
102
}
330
2D0
100
DictionaryVariables
280
     0
  1
Standard
  0
DICTIONARYVAR
  5
2D5
102
{ACAD_REACTORS
330
2D0
102
}
330
2D0
100
DictionaryVariables
280
     0
  1
2
  0
DICTIONARYVAR
  5
2D6
102
{ACAD_REACTORS
330
2D0
102
}
330
2D0
100
DictionaryVariables
280
     0
  1
1
  0
DICTIONARYVAR
  5
2DB
102
{ACAD_REACTORS
330
2D0
102
}
330
2D0
100
DictionaryVariables
280
     0
  1
1
  0
DICTIONARY
  5
30E
330
45
100
AcDbDictionary
280
     1
281
     1
  3
ACAD_XREC_ROUNDTRIP
360
30F
  0
DICTIONARY
  5
30C
330
44
100
AcDbDictionary
280
     1
281
     1
  3
ACAD_XREC_ROUNDTRIP
360
30D
  0
DICTIONARY
  5
310
330
46
100
AcDbDictionary
280
     1
281
     1
  3
ACAD_XREC_ROUNDTRIP
360
311
  0
DICTIONARY
  5
313
330
6C
100
AcDbDictionary
280
     1
281
     1
  3
ACAD_XREC_ROUNDTRIP
360
314
  0
DICTIONARY
  5
2E4
330
2F
100
AcDbDictionary
280
     1
281
     1
  3
ACAD_XREC_ROUNDTRIP
360
2E5
  0
DICTIONARY
  5
2EA
330
32
100
AcDbDictionary
280
     1
281
     1
  3
ACAD_XREC_ROUNDTRIP
360
2EB
  0
DICTIONARY
  5
2F2
330
36
100
AcDbDictionary
280
     1
281
     1
  3
ACAD_XREC_ROUNDTRIP
360
2F3
  0
DICTIONARY
  5
2FA
330
3A
100
AcDbDictionary
280
     1
281
     1
  3
ACAD_XREC_ROUNDTRIP
360
2FB
  0
DICTIONARY
  5
2EE
330
34
100
AcDbDictionary
280
     1
281
     1
  3
ACAD_XREC_ROUNDTRIP
360
2EF
  0
DICTIONARY
  5
2F0
330
35
100
AcDbDictionary
280
     1
281
     1
  3
ACAD_XREC_ROUNDTRIP
360
2F1
  0
DICTIONARY
  5
300
330
3D
100
AcDbDictionary
280
     1
281
     1
  3
ACAD_XREC_ROUNDTRIP
360
301
  0
DICTIONARY
  5
2F8
330
39
100
AcDbDictionary
280
     1
281
     1
  3
ACAD_XREC_ROUNDTRIP
360
2F9
  0
DICTIONARY
  5
2DC
330
2B
100
AcDbDictionary
280
     1
281
     1
  3
ACAD_XREC_ROUNDTRIP
360
2DD
  0
DICTIONARY
  5
2DE
330
2C
100
AcDbDictionary
280
     1
281
     1
  3
ACAD_XREC_ROUNDTRIP
360
2DF
  0
DICTIONARY
  5
2E0
330
2D
100
AcDbDictionary
280
     1
281
     1
  3
ACAD_XREC_ROUNDTRIP
360
2E1
  0
DICTIONARY
  5
2E2
330
2E
100
AcDbDictionary
280
     1
281
     1
  3
ACAD_XREC_ROUNDTRIP
360
2E3
  0
DICTIONARY
  5
2E8
330
31
100
AcDbDictionary
280
     1
281
     1
  3
ACAD_XREC_ROUNDTRIP
360
2E9
  0
DICTIONARY
  5
2FC
330
3B
100
AcDbDictionary
280
     1
281
     1
  3
ACAD_XREC_ROUNDTRIP
360
2FD
  0
DICTIONARY
  5
2F6
330
38
100
AcDbDictionary
280
     1
281
     1
  3
ACAD_XREC_ROUNDTRIP
360
2F7
  0
DICTIONARY
  5
2FE
330
3C
100
AcDbDictionary
280
     1
281
     1
  3
ACAD_XREC_ROUNDTRIP
360
2FF
  0
DICTIONARY
  5
2EC
330
33
100
AcDbDictionary
280
     1
281
     1
  3
ACAD_XREC_ROUNDTRIP
360
2ED
  0
DICTIONARY
  5
30A
330
42
100
AcDbDictionary
280
     1
281
     1
  3
ACAD_XREC_ROUNDTRIP
360
30B
  0
DICTIONARY
  5
308
330
41
100
AcDbDictionary
280
     1
281
     1
  3
ACAD_XREC_ROUNDTRIP
360
309
  0
DICTIONARY
  5
302
330
3E
100
AcDbDictionary
280
     1
281
     1
  3
ACAD_XREC_ROUNDTRIP
360
303
  0
DICTIONARY
  5
304
330
3F
100
AcDbDictionary
280
     1
281
     1
  3
ACAD_XREC_ROUNDTRIP
360
305
  0
DICTIONARY
  5
2F4
330
37
100
AcDbDictionary
280
     1
281
     1
  3
ACAD_XREC_ROUNDTRIP
360
2F5
  0
DICTIONARY
  5
2E6
330
30
100
AcDbDictionary
280
     1
281
     1
  3
ACAD_XREC_ROUNDTRIP
360
2E7
  0
DICTIONARY
  5
306
330
40
100
AcDbDictionary
280
     1
281
     1
  3
ACAD_XREC_ROUNDTRIP
360
307
  0
XRECORD
  5
30F
102
{ACAD_REACTORS
330
30E
102
}
330
30E
100
AcDbXrecord
280
     1
102
MATERIAL
148
0.0
149
0.0
149
0.0
 93
        0
 94
      127
282
     0
 72
     1
 77
     1
171
     1
175
     1
179
     1
273
     0
  0
XRECORD
  5
30D
102
{ACAD_REACTORS
330
30C
102
}
330
30C
100
AcDbXrecord
280
     1
102
MATERIAL
148
0.0
149
0.0
149
0.0
 93
        0
 94
      127
282
     0
 72
     1
 77
     1
171
     1
175
     1
179
     1
273
     0
  0
XRECORD
  5
311
102
{ACAD_REACTORS
330
310
102
}
330
310
100
AcDbXrecord
280
     1
102
MATERIAL
148
0.0
149
0.0
149
0.0
 93
        0
 94
      127
282
     0
 72
     1
 77
     1
171
     1
175
     1
179
     1
273
     0
  0
XRECORD
  5
314
102
{ACAD_REACTORS
330
313
102
}
330
313
100
AcDbXrecord
280
     1
102
ACAD_ROUNDTRIP_2010_MLEADER_STYLE
  0
XRECORD
  5
2E5
102
{ACAD_REACTORS
330
2E4
102
}
330
2E4
100
AcDbXrecord
280
     1
102
RTVSPropertyOp0
 70
     1
102
RTVSPropertyOp1
 70
     1
102
RTVSPropertyOp2
 70
     1
102
RTVSPropertyOp3
 70
     1
102
RTVSPropertyOp4
 70
     1
102
RTVSPropertyOp5
 70
     1
102
RTVSPropertyOp6
 70
     1
102
RTVSPropertyOp7
 70
     1
102
RTVSPropertyOp8
 70
     1
102
RTVSPropertyOp9
 70
     1
102
RTVSPropertyOp10
 70
     1
102
RTVSPropertyOp11
 70
     1
102
RTVSPropertyOp12
 70
     1
102
RTVSPropertyOp13
 70
     1
102
RTVSPropertyOp14
 70
     1
102
RTVSPropertyOp15
 70
     1
102
RTVSPropertyOp16
 70
     1
102
RTVSPropertyOp17
 70
     1
102
RTVSPropertyOp18
 70
     1
102
RTVSPropertyOp19
 70
     1
102
RTVSPropertyOp20
 70
     1
102
RTVSPropertyOp21
 70
     1
102
RTVSPropertyOp22
 70
     1
102
RTVSPropertyOp23
 70
     1
102
RTVSPropertyOp24
 70
     1
102
RTVSPropertyOp25
 70
     1
102
RTVSPropertyOp26
 70
     1
102
RTVSPropertyOp27
 70
     1
102
RTVSPropertyOp28
 70
     1
102
RTVSPropertyOp29
 70
     1
102
RTVSPropertyOp30
 70
     1
102
RTVSPropertyOp31
 70
     1
102
RTVSPropertyOp32
 70
     1
102
RTVSPropertyOp33
 70
     1
102
RTVSPropertyOp34
 70
     1
102
RTVSPropertyOp35
 70
     1
102
RTVSPropertyOp36
 70
     1
102
RTVSPropertyOp37
 70
     1
102
RTVSPropertyOp38
 70
     1
102
RTVSPropertyOp39
 70
     1
102
RTVSPropertyOp40
 70
     1
102
RTVSPropertyOp41
 70
     1
102
RTVSPropertyOp42
 70
     1
102
RTVSPropertyOp43
 70
     1
102
RTVSPropertyOp44
 70
     1
102
RTVSPropertyOp45
 70
     1
102
RTVSPropertyOp46
 70
     1
102
RTVSPropertyOp47
 70
     1
102
RTVSPropertyOp48
 70
     1
102
RTVSPropertyOp49
 70
     1
102
RTVSPropertyOp50
 70
     1
102
RTVSPropertyOp51
 70
     0
102
RTVSPropertyOp52
 70
     0
102
RTVSPropertyOp53
 70
     1
102
RTVSPropertyOp54
 70
     1
102
RTVSPropertyOp55
 70
     1
102
RTVSPropertyOp56
 70
     1
102
RTVSPropertyOp57
 70
     1
102
RTVSPost2010Prop28
280
     1
102
RTVSPost2010PropOp28
 70
     1
102
RTVSPost2010Prop29
280
     1
102
RTVSPost2010PropOp29
 70
     1
102
RTVSPost2010Prop30
280
     0
102
RTVSPost2010PropOp30
 70
     1
102
RTVSPost2010Prop31
280
     0
102
RTVSPost2010PropOp31
 70
     1
102
RTVSPost2010Prop32
280
     0
102
RTVSPost2010PropOp32
 70
     1
102
RTVSPost2010Prop33
280
     0
102
RTVSPost2010PropOp33
 70
     1
102
RTVSPost2010Prop34
280
     0
102
RTVSPost2010PropOp34
 70
     1
102
RTVSPost2010Prop35
280
     0
102
RTVSPost2010PropOp35
 70
     1
102
RTVSPost2010Prop36
280
     0
102
RTVSPost2010PropOp36
 70
     1
102
RTVSPost2010Prop37
 90
       50
102
RTVSPost2010PropOp37
 70
     1
102
RTVSPost2010Prop38
140
0.0
102
RTVSPost2010PropOp38
 70
     1
102
RTVSPost2010Prop39
140
1.0
102
RTVSPost2010PropOp39
 70
     1
102
RTVSPost2010Prop40
 90
        0
102
RTVSPost2010PropOp40
 70
     1
102
RTVSPost2010Prop41ColorIndex
 90
       18
102
RTVSPost2010Prop41ColorRGB
 90
        0
102
RTVSPost2010PropOp41
 70
     1
102
RTVSPost2010Prop42
 90
       50
102
RTVSPost2010PropOp42
 70
     1
102
RTVSPost2010Prop43
 90
        3
102
RTVSPost2010PropOp43
 70
     1
102
RTVSPost2010Prop44ColorIndex
 90
        5
102
RTVSPost2010Prop44ColorRGB
 90
      255
102
RTVSPost2010PropOp44
 70
     1
102
RTVSPost2010Prop45
280
     0
102
RTVSPost2010PropOp45
 70
     1
102
RTVSPost2010Prop46
 90
       50
102
RTVSPost2010PropOp46
 70
     1
102
RTVSPost2010Prop47
 90
       50
102
RTVSPost2010PropOp47
 70
     1
102
RTVSPost2010Prop48
 90
       50
102
RTVSPost2010PropOp48
 70
     1
102
RTVSPost2010Prop49
280
     0
102
RTVSPost2010PropOp49
 70
     1
102
RTVSPost2010Prop50
 90
       50
102
RTVSPost2010PropOp50
 70
     1
102
RTVSPost2010Prop51ColorIndex
 90
      256
102
RTVSPost2010Prop51ColorRGB
 90
-16777216
102
RTVSPost2010PropOp51
 70
     0
102
RTVSPost2010Prop52
140
1.0
102
RTVSPost2010PropOp52
 70
     0
102
RTVSPost2010Prop53
 90
        2
102
RTVSPost2010PropOp53
 70
     1
102
RTVSPost2010Prop54
  1
strokes_ogs.tif
102
RTVSPost2010PropOp54
 70
     1
102
RTVSPost2010Prop55
280
     0
102
RTVSPost2010PropOp55
 70
     1
102
RTVSPost2010Prop56
140
1.0
102
RTVSPost2010PropOp56
 70
     1
102
RTVSPost2010Prop57
140
1.0
102
RTVSPost2010PropOp57
 70
     1
  0
XRECORD
  5
2EB
102
{ACAD_REACTORS
330
2EA
102
}
330
2EA
100
AcDbXrecord
280
     1
102
RTVSPropertyOp0
 70
     1
102
RTVSPropertyOp1
 70
     1
102
RTVSPropertyOp2
 70
     1
102
RTVSPropertyOp3
 70
     1
102
RTVSPropertyOp4
 70
     1
102
RTVSPropertyOp5
 70
     1
102
RTVSPropertyOp6
 70
     1
102
RTVSPropertyOp7
 70
     1
102
RTVSPropertyOp8
 70
     1
102
RTVSPropertyOp9
 70
     1
102
RTVSPropertyOp10
 70
     1
102
RTVSPropertyOp11
 70
     1
102
RTVSPropertyOp12
 70
     1
102
RTVSPropertyOp13
 70
     1
102
RTVSPropertyOp14
 70
     1
102
RTVSPropertyOp15
 70
     1
102
RTVSPropertyOp16
 70
     1
102
RTVSPropertyOp17
 70
     1
102
RTVSPropertyOp18
 70
     1
102
RTVSPropertyOp19
 70
     1
102
RTVSPropertyOp20
 70
     1
102
RTVSPropertyOp21
 70
     1
102
RTVSPropertyOp22
 70
     1
102
RTVSPropertyOp23
 70
     1
102
RTVSPropertyOp24
 70
     1
102
RTVSPropertyOp25
 70
     1
102
RTVSPropertyOp26
 70
     1
102
RTVSPropertyOp27
 70
     1
102
RTVSPropertyOp28
 70
     1
102
RTVSPropertyOp29
 70
     1
102
RTVSPropertyOp30
 70
     1
102
RTVSPropertyOp31
 70
     1
102
RTVSPropertyOp32
 70
     1
102
RTVSPropertyOp33
 70
     1
102
RTVSPropertyOp34
 70
     1
102
RTVSPropertyOp35
 70
     1
102
RTVSPropertyOp36
 70
     1
102
RTVSPropertyOp37
 70
     1
102
RTVSPropertyOp38
 70
     1
102
RTVSPropertyOp39
 70
     1
102
RTVSPropertyOp40
 70
     1
102
RTVSPropertyOp41
 70
     1
102
RTVSPropertyOp42
 70
     1
102
RTVSPropertyOp43
 70
     1
102
RTVSPropertyOp44
 70
     1
102
RTVSPropertyOp45
 70
     1
102
RTVSPropertyOp46
 70
     1
102
RTVSPropertyOp47
 70
     1
102
RTVSPropertyOp48
 70
     1
102
RTVSPropertyOp49
 70
     1
102
RTVSPropertyOp50
 70
     1
102
RTVSPropertyOp51
 70
     0
102
RTVSPropertyOp52
 70
     0
102
RTVSPropertyOp53
 70
     1
102
RTVSPropertyOp54
 70
     1
102
RTVSPropertyOp55
 70
     1
102
RTVSPropertyOp56
 70
     1
102
RTVSPropertyOp57
 70
     1
102
RTVSPost2010Prop28
280
     0
102
RTVSPost2010PropOp28
 70
     1
102
RTVSPost2010Prop29
280
     1
102
RTVSPost2010PropOp29
 70
     1
102
RTVSPost2010Prop30
280
     1
102
RTVSPost2010PropOp30
 70
     1
102
RTVSPost2010Prop31
280
     0
102
RTVSPost2010PropOp31
 70
     1
102
RTVSPost2010Prop32
280
     0
102
RTVSPost2010PropOp32
 70
     1
102
RTVSPost2010Prop33
280
     0
102
RTVSPost2010PropOp33
 70
     1
102
RTVSPost2010Prop34
280
     0
102
RTVSPost2010PropOp34
 70
     1
102
RTVSPost2010Prop35
280
     0
102
RTVSPost2010PropOp35
 70
     1
102
RTVSPost2010Prop36
280
     0
102
RTVSPost2010PropOp36
 70
     1
102
RTVSPost2010Prop37
 90
       50
102
RTVSPost2010PropOp37
 70
     1
102
RTVSPost2010Prop38
140
0.0
102
RTVSPost2010PropOp38
 70
     1
102
RTVSPost2010Prop39
140
1.0
102
RTVSPost2010PropOp39
 70
     1
102
RTVSPost2010Prop40
 90
        0
102
RTVSPost2010PropOp40
 70
     1
102
RTVSPost2010Prop41ColorIndex
 90
       18
102
RTVSPost2010Prop41ColorRGB
 90
        0
102
RTVSPost2010PropOp41
 70
     1
102
RTVSPost2010Prop42
 90
       50
102
RTVSPost2010PropOp42
 70
     1
102
RTVSPost2010Prop43
 90
        3
102
RTVSPost2010PropOp43
 70
     1
102
RTVSPost2010Prop44ColorIndex
 90
        5
102
RTVSPost2010Prop44ColorRGB
 90
      255
102
RTVSPost2010PropOp44
 70
     1
102
RTVSPost2010Prop45
280
     0
102
RTVSPost2010PropOp45
 70
     1
102
RTVSPost2010Prop46
 90
       50
102
RTVSPost2010PropOp46
 70
     1
102
RTVSPost2010Prop47
 90
       50
102
RTVSPost2010PropOp47
 70
     1
102
RTVSPost2010Prop48
 90
       50
102
RTVSPost2010PropOp48
 70
     1
102
RTVSPost2010Prop49
280
     0
102
RTVSPost2010PropOp49
 70
     1
102
RTVSPost2010Prop50
 90
       50
102
RTVSPost2010PropOp50
 70
     1
102
RTVSPost2010Prop51ColorIndex
 90
      256
102
RTVSPost2010Prop51ColorRGB
 90
-16777216
102
RTVSPost2010PropOp51
 70
     0
102
RTVSPost2010Prop52
140
1.0
102
RTVSPost2010PropOp52
 70
     0
102
RTVSPost2010Prop53
 90
        2
102
RTVSPost2010PropOp53
 70
     1
102
RTVSPost2010Prop54
  1
strokes_ogs.tif
102
RTVSPost2010PropOp54
 70
     1
102
RTVSPost2010Prop55
280
     0
102
RTVSPost2010PropOp55
 70
     1
102
RTVSPost2010Prop56
140
1.0
102
RTVSPost2010PropOp56
 70
     1
102
RTVSPost2010Prop57
140
1.0
102
RTVSPost2010PropOp57
 70
     1
  0
XRECORD
  5
2F3
102
{ACAD_REACTORS
330
2F2
102
}
330
2F2
100
AcDbXrecord
280
     1
102
RTVSPropertyOp0
 70
     1
102
RTVSPropertyOp1
 70
     1
102
RTVSPropertyOp2
 70
     1
102
RTVSPropertyOp3
 70
     1
102
RTVSPropertyOp4
 70
     1
102
RTVSPropertyOp5
 70
     1
102
RTVSPropertyOp6
 70
     1
102
RTVSPropertyOp7
 70
     1
102
RTVSPropertyOp8
 70
     1
102
RTVSPropertyOp9
 70
     1
102
RTVSPropertyOp10
 70
     1
102
RTVSPropertyOp11
 70
     1
102
RTVSPropertyOp12
 70
     1
102
RTVSPropertyOp13
 70
     1
102
RTVSPropertyOp14
 70
     1
102
RTVSPropertyOp15
 70
     1
102
RTVSPropertyOp16
 70
     1
102
RTVSPropertyOp17
 70
     1
102
RTVSPropertyOp18
 70
     1
102
RTVSPropertyOp19
 70
     1
102
RTVSPropertyOp20
 70
     1
102
RTVSPropertyOp21
 70
     1
102
RTVSPropertyOp22
 70
     1
102
RTVSPropertyOp23
 70
     1
102
RTVSPropertyOp24
 70
     1
102
RTVSPropertyOp25
 70
     1
102
RTVSPropertyOp26
 70
     1
102
RTVSPropertyOp27
 70
     1
102
RTVSPropertyOp28
 70
     1
102
RTVSPropertyOp29
 70
     1
102
RTVSPropertyOp30
 70
     1
102
RTVSPropertyOp31
 70
     1
102
RTVSPropertyOp32
 70
     1
102
RTVSPropertyOp33
 70
     1
102
RTVSPropertyOp34
 70
     1
102
RTVSPropertyOp35
 70
     1
102
RTVSPropertyOp36
 70
     1
102
RTVSPropertyOp37
 70
     1
102
RTVSPropertyOp38
 70
     1
102
RTVSPropertyOp39
 70
     1
102
RTVSPropertyOp40
 70
     1
102
RTVSPropertyOp41
 70
     1
102
RTVSPropertyOp42
 70
     1
102
RTVSPropertyOp43
 70
     1
102
RTVSPropertyOp44
 70
     1
102
RTVSPropertyOp45
 70
     1
102
RTVSPropertyOp46
 70
     1
102
RTVSPropertyOp47
 70
     1
102
RTVSPropertyOp48
 70
     1
102
RTVSPropertyOp49
 70
     1
102
RTVSPropertyOp50
 70
     1
102
RTVSPropertyOp51
 70
     0
102
RTVSPropertyOp52
 70
     0
102
RTVSPropertyOp53
 70
     1
102
RTVSPropertyOp54
 70
     1
102
RTVSPropertyOp55
 70
     1
102
RTVSPropertyOp56
 70
     1
102
RTVSPropertyOp57
 70
     1
102
RTVSPost2010Prop28
280
     0
102
RTVSPost2010PropOp28
 70
     1
102
RTVSPost2010Prop29
280
     1
102
RTVSPost2010PropOp29
 70
     1
102
RTVSPost2010Prop30
280
     1
102
RTVSPost2010PropOp30
 70
     1
102
RTVSPost2010Prop31
280
     0
102
RTVSPost2010PropOp31
 70
     1
102
RTVSPost2010Prop32
280
     0
102
RTVSPost2010PropOp32
 70
     1
102
RTVSPost2010Prop33
280
     0
102
RTVSPost2010PropOp33
 70
     1
102
RTVSPost2010Prop34
280
     0
102
RTVSPost2010PropOp34
 70
     1
102
RTVSPost2010Prop35
280
     0
102
RTVSPost2010PropOp35
 70
     1
102
RTVSPost2010Prop36
280
     0
102
RTVSPost2010PropOp36
 70
     1
102
RTVSPost2010Prop37
 90
       50
102
RTVSPost2010PropOp37
 70
     1
102
RTVSPost2010Prop38
140
0.0
102
RTVSPost2010PropOp38
 70
     1
102
RTVSPost2010Prop39
140
1.0
102
RTVSPost2010PropOp39
 70
     1
102
RTVSPost2010Prop40
 90
        0
102
RTVSPost2010PropOp40
 70
     1
102
RTVSPost2010Prop41ColorIndex
 90
       18
102
RTVSPost2010Prop41ColorRGB
 90
        0
102
RTVSPost2010PropOp41
 70
     1
102
RTVSPost2010Prop42
 90
       50
102
RTVSPost2010PropOp42
 70
     1
102
RTVSPost2010Prop43
 90
        3
102
RTVSPost2010PropOp43
 70
     1
102
RTVSPost2010Prop44ColorIndex
 90
        5
102
RTVSPost2010Prop44ColorRGB
 90
      255
102
RTVSPost2010PropOp44
 70
     1
102
RTVSPost2010Prop45
280
     0
102
RTVSPost2010PropOp45
 70
     1
102
RTVSPost2010Prop46
 90
       50
102
RTVSPost2010PropOp46
 70
     1
102
RTVSPost2010Prop47
 90
       50
102
RTVSPost2010PropOp47
 70
     1
102
RTVSPost2010Prop48
 90
       50
102
RTVSPost2010PropOp48
 70
     1
102
RTVSPost2010Prop49
280
     0
102
RTVSPost2010PropOp49
 70
     1
102
RTVSPost2010Prop50
 90
       50
102
RTVSPost2010PropOp50
 70
     1
102
RTVSPost2010Prop51ColorIndex
 90
      256
102
RTVSPost2010Prop51ColorRGB
 90
-16777216
102
RTVSPost2010PropOp51
 70
     0
102
RTVSPost2010Prop52
140
1.0
102
RTVSPost2010PropOp52
 70
     0
102
RTVSPost2010Prop53
 90
        2
102
RTVSPost2010PropOp53
 70
     1
102
RTVSPost2010Prop54
  1
strokes_ogs.tif
102
RTVSPost2010PropOp54
 70
     1
102
RTVSPost2010Prop55
280
     0
102
RTVSPost2010PropOp55
 70
     1
102
RTVSPost2010Prop56
140
1.0
102
RTVSPost2010PropOp56
 70
     1
102
RTVSPost2010Prop57
140
1.0
102
RTVSPost2010PropOp57
 70
     1
  0
XRECORD
  5
2FB
102
{ACAD_REACTORS
330
2FA
102
}
330
2FA
100
AcDbXrecord
280
     1
102
RTVSPropertyOp0
 70
     1
102
RTVSPropertyOp1
 70
     1
102
RTVSPropertyOp2
 70
     1
102
RTVSPropertyOp3
 70
     1
102
RTVSPropertyOp4
 70
     1
102
RTVSPropertyOp5
 70
     1
102
RTVSPropertyOp6
 70
     1
102
RTVSPropertyOp7
 70
     1
102
RTVSPropertyOp8
 70
     1
102
RTVSPropertyOp9
 70
     1
102
RTVSPropertyOp10
 70
     1
102
RTVSPropertyOp11
 70
     1
102
RTVSPropertyOp12
 70
     1
102
RTVSPropertyOp13
 70
     1
102
RTVSPropertyOp14
 70
     1
102
RTVSPropertyOp15
 70
     1
102
RTVSPropertyOp16
 70
     1
102
RTVSPropertyOp17
 70
     1
102
RTVSPropertyOp18
 70
     1
102
RTVSPropertyOp19
 70
     1
102
RTVSPropertyOp20
 70
     1
102
RTVSPropertyOp21
 70
     1
102
RTVSPropertyOp22
 70
     1
102
RTVSPropertyOp23
 70
     1
102
RTVSPropertyOp24
 70
     1
102
RTVSPropertyOp25
 70
     1
102
RTVSPropertyOp26
 70
     1
102
RTVSPropertyOp27
 70
     1
102
RTVSPropertyOp28
 70
     1
102
RTVSPropertyOp29
 70
     1
102
RTVSPropertyOp30
 70
     1
102
RTVSPropertyOp31
 70
     1
102
RTVSPropertyOp32
 70
     1
102
RTVSPropertyOp33
 70
     1
102
RTVSPropertyOp34
 70
     1
102
RTVSPropertyOp35
 70
     1
102
RTVSPropertyOp36
 70
     1
102
RTVSPropertyOp37
 70
     1
102
RTVSPropertyOp38
 70
     1
102
RTVSPropertyOp39
 70
     1
102
RTVSPropertyOp40
 70
     1
102
RTVSPropertyOp41
 70
     1
102
RTVSPropertyOp42
 70
     1
102
RTVSPropertyOp43
 70
     1
102
RTVSPropertyOp44
 70
     1
102
RTVSPropertyOp45
 70
     1
102
RTVSPropertyOp46
 70
     1
102
RTVSPropertyOp47
 70
     1
102
RTVSPropertyOp48
 70
     1
102
RTVSPropertyOp49
 70
     1
102
RTVSPropertyOp50
 70
     1
102
RTVSPropertyOp51
 70
     0
102
RTVSPropertyOp52
 70
     0
102
RTVSPropertyOp53
 70
     1
102
RTVSPropertyOp54
 70
     1
102
RTVSPropertyOp55
 70
     1
102
RTVSPropertyOp56
 70
     1
102
RTVSPropertyOp57
 70
     1
102
RTVSPost2010Prop28
280
     0
102
RTVSPost2010PropOp28
 70
     1
102
RTVSPost2010Prop29
280
     1
102
RTVSPost2010PropOp29
 70
     1
102
RTVSPost2010Prop30
280
     1
102
RTVSPost2010PropOp30
 70
     1
102
RTVSPost2010Prop31
280
     0
102
RTVSPost2010PropOp31
 70
     1
102
RTVSPost2010Prop32
280
     0
102
RTVSPost2010PropOp32
 70
     1
102
RTVSPost2010Prop33
280
     0
102
RTVSPost2010PropOp33
 70
     1
102
RTVSPost2010Prop34
280
     0
102
RTVSPost2010PropOp34
 70
     1
102
RTVSPost2010Prop35
280
     0
102
RTVSPost2010PropOp35
 70
     1
102
RTVSPost2010Prop36
280
     0
102
RTVSPost2010PropOp36
 70
     1
102
RTVSPost2010Prop37
 90
       50
102
RTVSPost2010PropOp37
 70
     1
102
RTVSPost2010Prop38
140
0.0
102
RTVSPost2010PropOp38
 70
     1
102
RTVSPost2010Prop39
140
1.0
102
RTVSPost2010PropOp39
 70
     1
102
RTVSPost2010Prop40
 90
        0
102
RTVSPost2010PropOp40
 70
     1
102
RTVSPost2010Prop41ColorIndex
 90
       18
102
RTVSPost2010Prop41ColorRGB
 90
        0
102
RTVSPost2010PropOp41
 70
     1
102
RTVSPost2010Prop42
 90
       50
102
RTVSPost2010PropOp42
 70
     1
102
RTVSPost2010Prop43
 90
        3
102
RTVSPost2010PropOp43
 70
     1
102
RTVSPost2010Prop44ColorIndex
 90
        5
102
RTVSPost2010Prop44ColorRGB
 90
      255
102
RTVSPost2010PropOp44
 70
     1
102
RTVSPost2010Prop45
280
     0
102
RTVSPost2010PropOp45
 70
     1
102
RTVSPost2010Prop46
 90
       50
102
RTVSPost2010PropOp46
 70
     1
102
RTVSPost2010Prop47
 90
       50
102
RTVSPost2010PropOp47
 70
     1
102
RTVSPost2010Prop48
 90
       50
102
RTVSPost2010PropOp48
 70
     1
102
RTVSPost2010Prop49
280
     0
102
RTVSPost2010PropOp49
 70
     1
102
RTVSPost2010Prop50
 90
       50
102
RTVSPost2010PropOp50
 70
     1
102
RTVSPost2010Prop51ColorIndex
 90
      256
102
RTVSPost2010Prop51ColorRGB
 90
-16777216
102
RTVSPost2010PropOp51
 70
     0
102
RTVSPost2010Prop52
140
1.0
102
RTVSPost2010PropOp52
 70
     0
102
RTVSPost2010Prop53
 90
        2
102
RTVSPost2010PropOp53
 70
     1
102
RTVSPost2010Prop54
  1
strokes_ogs.tif
102
RTVSPost2010PropOp54
 70
     1
102
RTVSPost2010Prop55
280
     0
102
RTVSPost2010PropOp55
 70
     1
102
RTVSPost2010Prop56
140
1.0
102
RTVSPost2010PropOp56
 70
     1
102
RTVSPost2010Prop57
140
1.0
102
RTVSPost2010PropOp57
 70
     1
  0
XRECORD
  5
2EF
102
{ACAD_REACTORS
330
2EE
102
}
330
2EE
100
AcDbXrecord
280
     1
102
RTVSPropertyOp0
 70
     1
102
RTVSPropertyOp1
 70
     1
102
RTVSPropertyOp2
 70
     1
102
RTVSPropertyOp3
 70
     1
102
RTVSPropertyOp4
 70
     1
102
RTVSPropertyOp5
 70
     1
102
RTVSPropertyOp6
 70
     1
102
RTVSPropertyOp7
 70
     1
102
RTVSPropertyOp8
 70
     1
102
RTVSPropertyOp9
 70
     1
102
RTVSPropertyOp10
 70
     1
102
RTVSPropertyOp11
 70
     1
102
RTVSPropertyOp12
 70
     1
102
RTVSPropertyOp13
 70
     1
102
RTVSPropertyOp14
 70
     1
102
RTVSPropertyOp15
 70
     1
102
RTVSPropertyOp16
 70
     1
102
RTVSPropertyOp17
 70
     1
102
RTVSPropertyOp18
 70
     1
102
RTVSPropertyOp19
 70
     1
102
RTVSPropertyOp20
 70
     1
102
RTVSPropertyOp21
 70
     1
102
RTVSPropertyOp22
 70
     1
102
RTVSPropertyOp23
 70
     1
102
RTVSPropertyOp24
 70
     1
102
RTVSPropertyOp25
 70
     1
102
RTVSPropertyOp26
 70
     1
102
RTVSPropertyOp27
 70
     1
102
RTVSPropertyOp28
 70
     1
102
RTVSPropertyOp29
 70
     1
102
RTVSPropertyOp30
 70
     1
102
RTVSPropertyOp31
 70
     1
102
RTVSPropertyOp32
 70
     1
102
RTVSPropertyOp33
 70
     1
102
RTVSPropertyOp34
 70
     1
102
RTVSPropertyOp35
 70
     1
102
RTVSPropertyOp36
 70
     1
102
RTVSPropertyOp37
 70
     1
102
RTVSPropertyOp38
 70
     1
102
RTVSPropertyOp39
 70
     1
102
RTVSPropertyOp40
 70
     1
102
RTVSPropertyOp41
 70
     1
102
RTVSPropertyOp42
 70
     1
102
RTVSPropertyOp43
 70
     1
102
RTVSPropertyOp44
 70
     1
102
RTVSPropertyOp45
 70
     1
102
RTVSPropertyOp46
 70
     1
102
RTVSPropertyOp47
 70
     1
102
RTVSPropertyOp48
 70
     1
102
RTVSPropertyOp49
 70
     1
102
RTVSPropertyOp50
 70
     1
102
RTVSPropertyOp51
 70
     0
102
RTVSPropertyOp52
 70
     0
102
RTVSPropertyOp53
 70
     1
102
RTVSPropertyOp54
 70
     1
102
RTVSPropertyOp55
 70
     1
102
RTVSPropertyOp56
 70
     1
102
RTVSPropertyOp57
 70
     1
102
RTVSPost2010Prop28
280
     0
102
RTVSPost2010PropOp28
 70
     1
102
RTVSPost2010Prop29
280
     1
102
RTVSPost2010PropOp29
 70
     1
102
RTVSPost2010Prop30
280
     1
102
RTVSPost2010PropOp30
 70
     1
102
RTVSPost2010Prop31
280
     0
102
RTVSPost2010PropOp31
 70
     1
102
RTVSPost2010Prop32
280
     0
102
RTVSPost2010PropOp32
 70
     1
102
RTVSPost2010Prop33
280
     0
102
RTVSPost2010PropOp33
 70
     1
102
RTVSPost2010Prop34
280
     0
102
RTVSPost2010PropOp34
 70
     1
102
RTVSPost2010Prop35
280
     0
102
RTVSPost2010PropOp35
 70
     1
102
RTVSPost2010Prop36
280
     0
102
RTVSPost2010PropOp36
 70
     1
102
RTVSPost2010Prop37
 90
       50
102
RTVSPost2010PropOp37
 70
     1
102
RTVSPost2010Prop38
140
0.0
102
RTVSPost2010PropOp38
 70
     1
102
RTVSPost2010Prop39
140
1.0
102
RTVSPost2010PropOp39
 70
     1
102
RTVSPost2010Prop40
 90
        0
102
RTVSPost2010PropOp40
 70
     1
102
RTVSPost2010Prop41ColorIndex
 90
       18
102
RTVSPost2010Prop41ColorRGB
 90
        0
102
RTVSPost2010PropOp41
 70
     1
102
RTVSPost2010Prop42
 90
       50
102
RTVSPost2010PropOp42
 70
     1
102
RTVSPost2010Prop43
 90
        3
102
RTVSPost2010PropOp43
 70
     1
102
RTVSPost2010Prop44ColorIndex
 90
        5
102
RTVSPost2010Prop44ColorRGB
 90
      255
102
RTVSPost2010PropOp44
 70
     1
102
RTVSPost2010Prop45
280
     0
102
RTVSPost2010PropOp45
 70
     1
102
RTVSPost2010Prop46
 90
       50
102
RTVSPost2010PropOp46
 70
     1
102
RTVSPost2010Prop47
 90
       50
102
RTVSPost2010PropOp47
 70
     1
102
RTVSPost2010Prop48
 90
       50
102
RTVSPost2010PropOp48
 70
     1
102
RTVSPost2010Prop49
280
     0
102
RTVSPost2010PropOp49
 70
     1
102
RTVSPost2010Prop50
 90
       50
102
RTVSPost2010PropOp50
 70
     1
102
RTVSPost2010Prop51ColorIndex
 90
      256
102
RTVSPost2010Prop51ColorRGB
 90
-16777216
102
RTVSPost2010PropOp51
 70
     0
102
RTVSPost2010Prop52
140
1.0
102
RTVSPost2010PropOp52
 70
     0
102
RTVSPost2010Prop53
 90
        2
102
RTVSPost2010PropOp53
 70
     1
102
RTVSPost2010Prop54
  1
strokes_ogs.tif
102
RTVSPost2010PropOp54
 70
     1
102
RTVSPost2010Prop55
280
     0
102
RTVSPost2010PropOp55
 70
     1
102
RTVSPost2010Prop56
140
1.0
102
RTVSPost2010PropOp56
 70
     1
102
RTVSPost2010Prop57
140
1.0
102
RTVSPost2010PropOp57
 70
     1
  0
XRECORD
  5
2F1
102
{ACAD_REACTORS
330
2F0
102
}
330
2F0
100
AcDbXrecord
280
     1
102
RTVSPropertyOp0
 70
     1
102
RTVSPropertyOp1
 70
     1
102
RTVSPropertyOp2
 70
     1
102
RTVSPropertyOp3
 70
     1
102
RTVSPropertyOp4
 70
     1
102
RTVSPropertyOp5
 70
     1
102
RTVSPropertyOp6
 70
     1
102
RTVSPropertyOp7
 70
     1
102
RTVSPropertyOp8
 70
     1
102
RTVSPropertyOp9
 70
     1
102
RTVSPropertyOp10
 70
     1
102
RTVSPropertyOp11
 70
     1
102
RTVSPropertyOp12
 70
     1
102
RTVSPropertyOp13
 70
     1
102
RTVSPropertyOp14
 70
     1
102
RTVSPropertyOp15
 70
     1
102
RTVSPropertyOp16
 70
     1
102
RTVSPropertyOp17
 70
     1
102
RTVSPropertyOp18
 70
     1
102
RTVSPropertyOp19
 70
     1
102
RTVSPropertyOp20
 70
     1
102
RTVSPropertyOp21
 70
     1
102
RTVSPropertyOp22
 70
     1
102
RTVSPropertyOp23
 70
     1
102
RTVSPropertyOp24
 70
     1
102
RTVSPropertyOp25
 70
     1
102
RTVSPropertyOp26
 70
     1
102
RTVSPropertyOp27
 70
     1
102
RTVSPropertyOp28
 70
     1
102
RTVSPropertyOp29
 70
     1
102
RTVSPropertyOp30
 70
     1
102
RTVSPropertyOp31
 70
     1
102
RTVSPropertyOp32
 70
     1
102
RTVSPropertyOp33
 70
     1
102
RTVSPropertyOp34
 70
     1
102
RTVSPropertyOp35
 70
     1
102
RTVSPropertyOp36
 70
     1
102
RTVSPropertyOp37
 70
     1
102
RTVSPropertyOp38
 70
     1
102
RTVSPropertyOp39
 70
     1
102
RTVSPropertyOp40
 70
     1
102
RTVSPropertyOp41
 70
     1
102
RTVSPropertyOp42
 70
     1
102
RTVSPropertyOp43
 70
     1
102
RTVSPropertyOp44
 70
     1
102
RTVSPropertyOp45
 70
     1
102
RTVSPropertyOp46
 70
     1
102
RTVSPropertyOp47
 70
     1
102
RTVSPropertyOp48
 70
     1
102
RTVSPropertyOp49
 70
     1
102
RTVSPropertyOp50
 70
     1
102
RTVSPropertyOp51
 70
     0
102
RTVSPropertyOp52
 70
     0
102
RTVSPropertyOp53
 70
     1
102
RTVSPropertyOp54
 70
     1
102
RTVSPropertyOp55
 70
     1
102
RTVSPropertyOp56
 70
     1
102
RTVSPropertyOp57
 70
     1
102
RTVSPost2010Prop28
280
     0
102
RTVSPost2010PropOp28
 70
     1
102
RTVSPost2010Prop29
280
     1
102
RTVSPost2010PropOp29
 70
     1
102
RTVSPost2010Prop30
280
     1
102
RTVSPost2010PropOp30
 70
     1
102
RTVSPost2010Prop31
280
     0
102
RTVSPost2010PropOp31
 70
     1
102
RTVSPost2010Prop32
280
     0
102
RTVSPost2010PropOp32
 70
     1
102
RTVSPost2010Prop33
280
     0
102
RTVSPost2010PropOp33
 70
     1
102
RTVSPost2010Prop34
280
     0
102
RTVSPost2010PropOp34
 70
     1
102
RTVSPost2010Prop35
280
     0
102
RTVSPost2010PropOp35
 70
     1
102
RTVSPost2010Prop36
280
     0
102
RTVSPost2010PropOp36
 70
     1
102
RTVSPost2010Prop37
 90
       50
102
RTVSPost2010PropOp37
 70
     1
102
RTVSPost2010Prop38
140
0.0
102
RTVSPost2010PropOp38
 70
     1
102
RTVSPost2010Prop39
140
1.0
102
RTVSPost2010PropOp39
 70
     1
102
RTVSPost2010Prop40
 90
        0
102
RTVSPost2010PropOp40
 70
     1
102
RTVSPost2010Prop41ColorIndex
 90
       18
102
RTVSPost2010Prop41ColorRGB
 90
        0
102
RTVSPost2010PropOp41
 70
     1
102
RTVSPost2010Prop42
 90
       50
102
RTVSPost2010PropOp42
 70
     1
102
RTVSPost2010Prop43
 90
        3
102
RTVSPost2010PropOp43
 70
     1
102
RTVSPost2010Prop44ColorIndex
 90
        5
102
RTVSPost2010Prop44ColorRGB
 90
      255
102
RTVSPost2010PropOp44
 70
     1
102
RTVSPost2010Prop45
280
     0
102
RTVSPost2010PropOp45
 70
     1
102
RTVSPost2010Prop46
 90
       50
102
RTVSPost2010PropOp46
 70
     1
102
RTVSPost2010Prop47
 90
       50
102
RTVSPost2010PropOp47
 70
     1
102
RTVSPost2010Prop48
 90
       50
102
RTVSPost2010PropOp48
 70
     1
102
RTVSPost2010Prop49
280
     0
102
RTVSPost2010PropOp49
 70
     1
102
RTVSPost2010Prop50
 90
       50
102
RTVSPost2010PropOp50
 70
     1
102
RTVSPost2010Prop51ColorIndex
 90
      256
102
RTVSPost2010Prop51ColorRGB
 90
-16777216
102
RTVSPost2010PropOp51
 70
     0
102
RTVSPost2010Prop52
140
1.0
102
RTVSPost2010PropOp52
 70
     0
102
RTVSPost2010Prop53
 90
        2
102
RTVSPost2010PropOp53
 70
     1
102
RTVSPost2010Prop54
  1
strokes_ogs.tif
102
RTVSPost2010PropOp54
 70
     1
102
RTVSPost2010Prop55
280
     0
102
RTVSPost2010PropOp55
 70
     1
102
RTVSPost2010Prop56
140
1.0
102
RTVSPost2010PropOp56
 70
     1
102
RTVSPost2010Prop57
140
1.0
102
RTVSPost2010PropOp57
 70
     1
  0
XRECORD
  5
301
102
{ACAD_REACTORS
330
300
102
}
330
300
100
AcDbXrecord
280
     1
102
RTVSPropertyOp0
 70
     0
102
RTVSPropertyOp1
 70
     0
102
RTVSPropertyOp2
 70
     0
102
RTVSPropertyOp3
 70
     0
102
RTVSPropertyOp4
 70
     0
102
RTVSPropertyOp5
 70
     0
102
RTVSPropertyOp6
 70
     0
102
RTVSPropertyOp7
 70
     0
102
RTVSPropertyOp8
 70
     0
102
RTVSPropertyOp9
 70
     0
102
RTVSPropertyOp10
 70
     0
102
RTVSPropertyOp11
 70
     0
102
RTVSPropertyOp12
 70
     0
102
RTVSPropertyOp13
 70
     0
102
RTVSPropertyOp14
 70
     2
102
RTVSPropertyOp15
 70
     0
102
RTVSPropertyOp16
 70
     0
102
RTVSPropertyOp17
 70
     0
102
RTVSPropertyOp18
 70
     0
102
RTVSPropertyOp19
 70
     0
102
RTVSPropertyOp20
 70
     0
102
RTVSPropertyOp21
 70
     0
102
RTVSPropertyOp22
 70
     0
102
RTVSPropertyOp23
 70
     0
102
RTVSPropertyOp24
 70
     0
102
RTVSPropertyOp25
 70
     0
102
RTVSPropertyOp26
 70
     0
102
RTVSPropertyOp27
 70
     0
102
RTVSPropertyOp28
 70
     0
102
RTVSPropertyOp29
 70
     0
102
RTVSPropertyOp30
 70
     0
102
RTVSPropertyOp31
 70
     0
102
RTVSPropertyOp32
 70
     0
102
RTVSPropertyOp33
 70
     0
102
RTVSPropertyOp34
 70
     0
102
RTVSPropertyOp35
 70
     0
102
RTVSPropertyOp36
 70
     0
102
RTVSPropertyOp37
 70
     0
102
RTVSPropertyOp38
 70
     0
102
RTVSPropertyOp39
 70
     0
102
RTVSPropertyOp40
 70
     0
102
RTVSPropertyOp41
 70
     0
102
RTVSPropertyOp42
 70
     0
102
RTVSPropertyOp43
 70
     0
102
RTVSPropertyOp44
 70
     0
102
RTVSPropertyOp45
 70
     0
102
RTVSPropertyOp46
 70
     0
102
RTVSPropertyOp47
 70
     0
102
RTVSPropertyOp48
 70
     0
102
RTVSPropertyOp49
 70
     0
102
RTVSPropertyOp50
 70
     0
102
RTVSPropertyOp51
 70
     0
102
RTVSPropertyOp52
 70
     0
102
RTVSPropertyOp53
 70
     0
102
RTVSPropertyOp54
 70
     0
102
RTVSPropertyOp55
 70
     0
102
RTVSPropertyOp56
 70
     0
102
RTVSPropertyOp57
 70
     0
102
RTVSPost2010Prop28
280
     0
102
RTVSPost2010PropOp28
 70
     0
102
RTVSPost2010Prop29
280
     1
102
RTVSPost2010PropOp29
 70
     0
102
RTVSPost2010Prop30
280
     1
102
RTVSPost2010PropOp30
 70
     0
102
RTVSPost2010Prop31
280
     0
102
RTVSPost2010PropOp31
 70
     0
102
RTVSPost2010Prop32
280
     0
102
RTVSPost2010PropOp32
 70
     0
102
RTVSPost2010Prop33
280
     0
102
RTVSPost2010PropOp33
 70
     0
102
RTVSPost2010Prop34
280
     0
102
RTVSPost2010PropOp34
 70
     0
102
RTVSPost2010Prop35
280
     0
102
RTVSPost2010PropOp35
 70
     0
102
RTVSPost2010Prop36
280
     0
102
RTVSPost2010PropOp36
 70
     0
102
RTVSPost2010Prop37
 90
       50
102
RTVSPost2010PropOp37
 70
     0
102
RTVSPost2010Prop38
140
0.0
102
RTVSPost2010PropOp38
 70
     0
102
RTVSPost2010Prop39
140
1.0
102
RTVSPost2010PropOp39
 70
     0
102
RTVSPost2010Prop40
 90
        0
102
RTVSPost2010PropOp40
 70
     0
102
RTVSPost2010Prop41ColorIndex
 90
       18
102
RTVSPost2010Prop41ColorRGB
 90
        0
102
RTVSPost2010PropOp41
 70
     0
102
RTVSPost2010Prop42
 90
       50
102
RTVSPost2010PropOp42
 70
     0
102
RTVSPost2010Prop43
 90
        3
102
RTVSPost2010PropOp43
 70
     0
102
RTVSPost2010Prop44ColorIndex
 90
        5
102
RTVSPost2010Prop44ColorRGB
 90
      255
102
RTVSPost2010PropOp44
 70
     0
102
RTVSPost2010Prop45
280
     0
102
RTVSPost2010PropOp45
 70
     0
102
RTVSPost2010Prop46
 90
       50
102
RTVSPost2010PropOp46
 70
     0
102
RTVSPost2010Prop47
 90
       50
102
RTVSPost2010PropOp47
 70
     0
102
RTVSPost2010Prop48
 90
       50
102
RTVSPost2010PropOp48
 70
     0
102
RTVSPost2010Prop49
280
     0
102
RTVSPost2010PropOp49
 70
     0
102
RTVSPost2010Prop50
 90
       50
102
RTVSPost2010PropOp50
 70
     0
102
RTVSPost2010Prop51ColorIndex
 90
      256
102
RTVSPost2010Prop51ColorRGB
 90
-16777216
102
RTVSPost2010PropOp51
 70
     0
102
RTVSPost2010Prop52
140
1.0
102
RTVSPost2010PropOp52
 70
     0
102
RTVSPost2010Prop53
 90
        2
102
RTVSPost2010PropOp53
 70
     0
102
RTVSPost2010Prop54
  1
strokes_ogs.tif
102
RTVSPost2010PropOp54
 70
     0
102
RTVSPost2010Prop55
280
     0
102
RTVSPost2010PropOp55
 70
     0
102
RTVSPost2010Prop56
140
1.0
102
RTVSPost2010PropOp56
 70
     0
102
RTVSPost2010Prop57
140
1.0
102
RTVSPost2010PropOp57
 70
     0
  0
XRECORD
  5
2F9
102
{ACAD_REACTORS
330
2F8
102
}
330
2F8
100
AcDbXrecord
280
     1
102
RTVSPropertyOp0
 70
     1
102
RTVSPropertyOp1
 70
     1
102
RTVSPropertyOp2
 70
     1
102
RTVSPropertyOp3
 70
     1
102
RTVSPropertyOp4
 70
     1
102
RTVSPropertyOp5
 70
     1
102
RTVSPropertyOp6
 70
     1
102
RTVSPropertyOp7
 70
     1
102
RTVSPropertyOp8
 70
     1
102
RTVSPropertyOp9
 70
     1
102
RTVSPropertyOp10
 70
     1
102
RTVSPropertyOp11
 70
     1
102
RTVSPropertyOp12
 70
     1
102
RTVSPropertyOp13
 70
     1
102
RTVSPropertyOp14
 70
     1
102
RTVSPropertyOp15
 70
     1
102
RTVSPropertyOp16
 70
     1
102
RTVSPropertyOp17
 70
     1
102
RTVSPropertyOp18
 70
     1
102
RTVSPropertyOp19
 70
     1
102
RTVSPropertyOp20
 70
     1
102
RTVSPropertyOp21
 70
     1
102
RTVSPropertyOp22
 70
     1
102
RTVSPropertyOp23
 70
     1
102
RTVSPropertyOp24
 70
     1
102
RTVSPropertyOp25
 70
     1
102
RTVSPropertyOp26
 70
     1
102
RTVSPropertyOp27
 70
     1
102
RTVSPropertyOp28
 70
     1
102
RTVSPropertyOp29
 70
     1
102
RTVSPropertyOp30
 70
     1
102
RTVSPropertyOp31
 70
     1
102
RTVSPropertyOp32
 70
     1
102
RTVSPropertyOp33
 70
     1
102
RTVSPropertyOp34
 70
     1
102
RTVSPropertyOp35
 70
     1
102
RTVSPropertyOp36
 70
     1
102
RTVSPropertyOp37
 70
     1
102
RTVSPropertyOp38
 70
     1
102
RTVSPropertyOp39
 70
     1
102
RTVSPropertyOp40
 70
     1
102
RTVSPropertyOp41
 70
     1
102
RTVSPropertyOp42
 70
     1
102
RTVSPropertyOp43
 70
     1
102
RTVSPropertyOp44
 70
     1
102
RTVSPropertyOp45
 70
     1
102
RTVSPropertyOp46
 70
     1
102
RTVSPropertyOp47
 70
     1
102
RTVSPropertyOp48
 70
     1
102
RTVSPropertyOp49
 70
     1
102
RTVSPropertyOp50
 70
     1
102
RTVSPropertyOp51
 70
     0
102
RTVSPropertyOp52
 70
     0
102
RTVSPropertyOp53
 70
     1
102
RTVSPropertyOp54
 70
     1
102
RTVSPropertyOp55
 70
     1
102
RTVSPropertyOp56
 70
     1
102
RTVSPropertyOp57
 70
     1
102
RTVSPost2010Prop28
280
     0
102
RTVSPost2010PropOp28
 70
     1
102
RTVSPost2010Prop29
280
     1
102
RTVSPost2010PropOp29
 70
     1
102
RTVSPost2010Prop30
280
     1
102
RTVSPost2010PropOp30
 70
     1
102
RTVSPost2010Prop31
280
     0
102
RTVSPost2010PropOp31
 70
     1
102
RTVSPost2010Prop32
280
     0
102
RTVSPost2010PropOp32
 70
     1
102
RTVSPost2010Prop33
280
     0
102
RTVSPost2010PropOp33
 70
     1
102
RTVSPost2010Prop34
280
     0
102
RTVSPost2010PropOp34
 70
     1
102
RTVSPost2010Prop35
280
     0
102
RTVSPost2010PropOp35
 70
     1
102
RTVSPost2010Prop36
280
     0
102
RTVSPost2010PropOp36
 70
     1
102
RTVSPost2010Prop37
 90
       50
102
RTVSPost2010PropOp37
 70
     1
102
RTVSPost2010Prop38
140
0.0
102
RTVSPost2010PropOp38
 70
     1
102
RTVSPost2010Prop39
140
1.0
102
RTVSPost2010PropOp39
 70
     1
102
RTVSPost2010Prop40
 90
        0
102
RTVSPost2010PropOp40
 70
     1
102
RTVSPost2010Prop41ColorIndex
 90
       18
102
RTVSPost2010Prop41ColorRGB
 90
        0
102
RTVSPost2010PropOp41
 70
     1
102
RTVSPost2010Prop42
 90
       50
102
RTVSPost2010PropOp42
 70
     1
102
RTVSPost2010Prop43
 90
        3
102
RTVSPost2010PropOp43
 70
     1
102
RTVSPost2010Prop44ColorIndex
 90
        5
102
RTVSPost2010Prop44ColorRGB
 90
      255
102
RTVSPost2010PropOp44
 70
     1
102
RTVSPost2010Prop45
280
     0
102
RTVSPost2010PropOp45
 70
     1
102
RTVSPost2010Prop46
 90
       50
102
RTVSPost2010PropOp46
 70
     1
102
RTVSPost2010Prop47
 90
       50
102
RTVSPost2010PropOp47
 70
     1
102
RTVSPost2010Prop48
 90
       50
102
RTVSPost2010PropOp48
 70
     1
102
RTVSPost2010Prop49
280
     0
102
RTVSPost2010PropOp49
 70
     1
102
RTVSPost2010Prop50
 90
       50
102
RTVSPost2010PropOp50
 70
     1
102
RTVSPost2010Prop51ColorIndex
 90
      256
102
RTVSPost2010Prop51ColorRGB
 90
-16777216
102
RTVSPost2010PropOp51
 70
     0
102
RTVSPost2010Prop52
140
1.0
102
RTVSPost2010PropOp52
 70
     0
102
RTVSPost2010Prop53
 90
        2
102
RTVSPost2010PropOp53
 70
     1
102
RTVSPost2010Prop54
  1
strokes_ogs.tif
102
RTVSPost2010PropOp54
 70
     1
102
RTVSPost2010Prop55
280
     0
102
RTVSPost2010PropOp55
 70
     1
102
RTVSPost2010Prop56
140
1.0
102
RTVSPost2010PropOp56
 70
     1
102
RTVSPost2010Prop57
140
1.0
102
RTVSPost2010PropOp57
 70
     1
  0
XRECORD
  5
2DD
102
{ACAD_REACTORS
330
2DC
102
}
330
2DC
100
AcDbXrecord
280
     1
102
RTVSPropertyOp0
 70
     1
102
RTVSPropertyOp1
 70
     1
102
RTVSPropertyOp2
 70
     1
102
RTVSPropertyOp3
 70
     1
102
RTVSPropertyOp4
 70
     1
102
RTVSPropertyOp5
 70
     1
102
RTVSPropertyOp6
 70
     1
102
RTVSPropertyOp7
 70
     1
102
RTVSPropertyOp8
 70
     1
102
RTVSPropertyOp9
 70
     1
102
RTVSPropertyOp10
 70
     1
102
RTVSPropertyOp11
 70
     1
102
RTVSPropertyOp12
 70
     1
102
RTVSPropertyOp13
 70
     1
102
RTVSPropertyOp14
 70
     1
102
RTVSPropertyOp15
 70
     1
102
RTVSPropertyOp16
 70
     1
102
RTVSPropertyOp17
 70
     1
102
RTVSPropertyOp18
 70
     1
102
RTVSPropertyOp19
 70
     1
102
RTVSPropertyOp20
 70
     1
102
RTVSPropertyOp21
 70
     1
102
RTVSPropertyOp22
 70
     1
102
RTVSPropertyOp23
 70
     1
102
RTVSPropertyOp24
 70
     1
102
RTVSPropertyOp25
 70
     1
102
RTVSPropertyOp26
 70
     1
102
RTVSPropertyOp27
 70
     1
102
RTVSPropertyOp28
 70
     1
102
RTVSPropertyOp29
 70
     1
102
RTVSPropertyOp30
 70
     1
102
RTVSPropertyOp31
 70
     1
102
RTVSPropertyOp32
 70
     1
102
RTVSPropertyOp33
 70
     1
102
RTVSPropertyOp34
 70
     1
102
RTVSPropertyOp35
 70
     1
102
RTVSPropertyOp36
 70
     1
102
RTVSPropertyOp37
 70
     1
102
RTVSPropertyOp38
 70
     1
102
RTVSPropertyOp39
 70
     1
102
RTVSPropertyOp40
 70
     1
102
RTVSPropertyOp41
 70
     1
102
RTVSPropertyOp42
 70
     1
102
RTVSPropertyOp43
 70
     1
102
RTVSPropertyOp44
 70
     1
102
RTVSPropertyOp45
 70
     1
102
RTVSPropertyOp46
 70
     1
102
RTVSPropertyOp47
 70
     1
102
RTVSPropertyOp48
 70
     1
102
RTVSPropertyOp49
 70
     1
102
RTVSPropertyOp50
 70
     1
102
RTVSPropertyOp51
 70
     0
102
RTVSPropertyOp52
 70
     0
102
RTVSPropertyOp53
 70
     1
102
RTVSPropertyOp54
 70
     1
102
RTVSPropertyOp55
 70
     1
102
RTVSPropertyOp56
 70
     1
102
RTVSPropertyOp57
 70
     1
102
RTVSPost2010Prop28
280
     0
102
RTVSPost2010PropOp28
 70
     1
102
RTVSPost2010Prop29
280
     1
102
RTVSPost2010PropOp29
 70
     1
102
RTVSPost2010Prop30
280
     1
102
RTVSPost2010PropOp30
 70
     1
102
RTVSPost2010Prop31
280
     0
102
RTVSPost2010PropOp31
 70
     1
102
RTVSPost2010Prop32
280
     0
102
RTVSPost2010PropOp32
 70
     1
102
RTVSPost2010Prop33
280
     0
102
RTVSPost2010PropOp33
 70
     1
102
RTVSPost2010Prop34
280
     0
102
RTVSPost2010PropOp34
 70
     1
102
RTVSPost2010Prop35
280
     0
102
RTVSPost2010PropOp35
 70
     1
102
RTVSPost2010Prop36
280
     0
102
RTVSPost2010PropOp36
 70
     1
102
RTVSPost2010Prop37
 90
       50
102
RTVSPost2010PropOp37
 70
     1
102
RTVSPost2010Prop38
140
0.0
102
RTVSPost2010PropOp38
 70
     1
102
RTVSPost2010Prop39
140
1.0
102
RTVSPost2010PropOp39
 70
     1
102
RTVSPost2010Prop40
 90
        0
102
RTVSPost2010PropOp40
 70
     1
102
RTVSPost2010Prop41ColorIndex
 90
       18
102
RTVSPost2010Prop41ColorRGB
 90
        0
102
RTVSPost2010PropOp41
 70
     1
102
RTVSPost2010Prop42
 90
       50
102
RTVSPost2010PropOp42
 70
     1
102
RTVSPost2010Prop43
 90
        3
102
RTVSPost2010PropOp43
 70
     1
102
RTVSPost2010Prop44ColorIndex
 90
        5
102
RTVSPost2010Prop44ColorRGB
 90
      255
102
RTVSPost2010PropOp44
 70
     1
102
RTVSPost2010Prop45
280
     0
102
RTVSPost2010PropOp45
 70
     1
102
RTVSPost2010Prop46
 90
       50
102
RTVSPost2010PropOp46
 70
     1
102
RTVSPost2010Prop47
 90
       50
102
RTVSPost2010PropOp47
 70
     1
102
RTVSPost2010Prop48
 90
       50
102
RTVSPost2010PropOp48
 70
     1
102
RTVSPost2010Prop49
280
     0
102
RTVSPost2010PropOp49
 70
     1
102
RTVSPost2010Prop50
 90
       50
102
RTVSPost2010PropOp50
 70
     1
102
RTVSPost2010Prop51ColorIndex
 90
      256
102
RTVSPost2010Prop51ColorRGB
 90
-16777216
102
RTVSPost2010PropOp51
 70
     0
102
RTVSPost2010Prop52
140
1.0
102
RTVSPost2010PropOp52
 70
     0
102
RTVSPost2010Prop53
 90
        2
102
RTVSPost2010PropOp53
 70
     1
102
RTVSPost2010Prop54
  1
strokes_ogs.tif
102
RTVSPost2010PropOp54
 70
     1
102
RTVSPost2010Prop55
280
     0
102
RTVSPost2010PropOp55
 70
     1
102
RTVSPost2010Prop56
140
1.0
102
RTVSPost2010PropOp56
 70
     1
102
RTVSPost2010Prop57
140
1.0
102
RTVSPost2010PropOp57
 70
     1
  0
XRECORD
  5
2DF
102
{ACAD_REACTORS
330
2DE
102
}
330
2DE
100
AcDbXrecord
280
     1
102
RTVSPropertyOp0
 70
     1
102
RTVSPropertyOp1
 70
     1
102
RTVSPropertyOp2
 70
     1
102
RTVSPropertyOp3
 70
     1
102
RTVSPropertyOp4
 70
     1
102
RTVSPropertyOp5
 70
     1
102
RTVSPropertyOp6
 70
     1
102
RTVSPropertyOp7
 70
     1
102
RTVSPropertyOp8
 70
     1
102
RTVSPropertyOp9
 70
     1
102
RTVSPropertyOp10
 70
     1
102
RTVSPropertyOp11
 70
     1
102
RTVSPropertyOp12
 70
     1
102
RTVSPropertyOp13
 70
     1
102
RTVSPropertyOp14
 70
     1
102
RTVSPropertyOp15
 70
     1
102
RTVSPropertyOp16
 70
     1
102
RTVSPropertyOp17
 70
     1
102
RTVSPropertyOp18
 70
     1
102
RTVSPropertyOp19
 70
     1
102
RTVSPropertyOp20
 70
     1
102
RTVSPropertyOp21
 70
     1
102
RTVSPropertyOp22
 70
     1
102
RTVSPropertyOp23
 70
     1
102
RTVSPropertyOp24
 70
     1
102
RTVSPropertyOp25
 70
     1
102
RTVSPropertyOp26
 70
     1
102
RTVSPropertyOp27
 70
     1
102
RTVSPropertyOp28
 70
     1
102
RTVSPropertyOp29
 70
     1
102
RTVSPropertyOp30
 70
     1
102
RTVSPropertyOp31
 70
     1
102
RTVSPropertyOp32
 70
     1
102
RTVSPropertyOp33
 70
     1
102
RTVSPropertyOp34
 70
     1
102
RTVSPropertyOp35
 70
     1
102
RTVSPropertyOp36
 70
     1
102
RTVSPropertyOp37
 70
     1
102
RTVSPropertyOp38
 70
     1
102
RTVSPropertyOp39
 70
     1
102
RTVSPropertyOp40
 70
     1
102
RTVSPropertyOp41
 70
     1
102
RTVSPropertyOp42
 70
     1
102
RTVSPropertyOp43
 70
     1
102
RTVSPropertyOp44
 70
     1
102
RTVSPropertyOp45
 70
     1
102
RTVSPropertyOp46
 70
     1
102
RTVSPropertyOp47
 70
     1
102
RTVSPropertyOp48
 70
     1
102
RTVSPropertyOp49
 70
     1
102
RTVSPropertyOp50
 70
     1
102
RTVSPropertyOp51
 70
     0
102
RTVSPropertyOp52
 70
     0
102
RTVSPropertyOp53
 70
     1
102
RTVSPropertyOp54
 70
     1
102
RTVSPropertyOp55
 70
     1
102
RTVSPropertyOp56
 70
     1
102
RTVSPropertyOp57
 70
     1
102
RTVSPost2010Prop28
280
     0
102
RTVSPost2010PropOp28
 70
     1
102
RTVSPost2010Prop29
280
     1
102
RTVSPost2010PropOp29
 70
     1
102
RTVSPost2010Prop30
280
     1
102
RTVSPost2010PropOp30
 70
     1
102
RTVSPost2010Prop31
280
     0
102
RTVSPost2010PropOp31
 70
     1
102
RTVSPost2010Prop32
280
     0
102
RTVSPost2010PropOp32
 70
     1
102
RTVSPost2010Prop33
280
     0
102
RTVSPost2010PropOp33
 70
     1
102
RTVSPost2010Prop34
280
     0
102
RTVSPost2010PropOp34
 70
     1
102
RTVSPost2010Prop35
280
     0
102
RTVSPost2010PropOp35
 70
     1
102
RTVSPost2010Prop36
280
     0
102
RTVSPost2010PropOp36
 70
     1
102
RTVSPost2010Prop37
 90
       50
102
RTVSPost2010PropOp37
 70
     1
102
RTVSPost2010Prop38
140
0.0
102
RTVSPost2010PropOp38
 70
     1
102
RTVSPost2010Prop39
140
1.0
102
RTVSPost2010PropOp39
 70
     1
102
RTVSPost2010Prop40
 90
        0
102
RTVSPost2010PropOp40
 70
     1
102
RTVSPost2010Prop41ColorIndex
 90
       18
102
RTVSPost2010Prop41ColorRGB
 90
        0
102
RTVSPost2010PropOp41
 70
     1
102
RTVSPost2010Prop42
 90
       50
102
RTVSPost2010PropOp42
 70
     1
102
RTVSPost2010Prop43
 90
        3
102
RTVSPost2010PropOp43
 70
     1
102
RTVSPost2010Prop44ColorIndex
 90
        5
102
RTVSPost2010Prop44ColorRGB
 90
      255
102
RTVSPost2010PropOp44
 70
     1
102
RTVSPost2010Prop45
280
     0
102
RTVSPost2010PropOp45
 70
     1
102
RTVSPost2010Prop46
 90
       50
102
RTVSPost2010PropOp46
 70
     1
102
RTVSPost2010Prop47
 90
       50
102
RTVSPost2010PropOp47
 70
     1
102
RTVSPost2010Prop48
 90
       50
102
RTVSPost2010PropOp48
 70
     1
102
RTVSPost2010Prop49
280
     0
102
RTVSPost2010PropOp49
 70
     1
102
RTVSPost2010Prop50
 90
       50
102
RTVSPost2010PropOp50
 70
     1
102
RTVSPost2010Prop51ColorIndex
 90
      256
102
RTVSPost2010Prop51ColorRGB
 90
-16777216
102
RTVSPost2010PropOp51
 70
     0
102
RTVSPost2010Prop52
140
1.0
102
RTVSPost2010PropOp52
 70
     0
102
RTVSPost2010Prop53
 90
        2
102
RTVSPost2010PropOp53
 70
     1
102
RTVSPost2010Prop54
  1
strokes_ogs.tif
102
RTVSPost2010PropOp54
 70
     1
102
RTVSPost2010Prop55
280
     0
102
RTVSPost2010PropOp55
 70
     1
102
RTVSPost2010Prop56
140
1.0
102
RTVSPost2010PropOp56
 70
     1
102
RTVSPost2010Prop57
140
1.0
102
RTVSPost2010PropOp57
 70
     1
  0
XRECORD
  5
2E1
102
{ACAD_REACTORS
330
2E0
102
}
330
2E0
100
AcDbXrecord
280
     1
102
RTVSPropertyOp0
 70
     1
102
RTVSPropertyOp1
 70
     1
102
RTVSPropertyOp2
 70
     1
102
RTVSPropertyOp3
 70
     1
102
RTVSPropertyOp4
 70
     1
102
RTVSPropertyOp5
 70
     1
102
RTVSPropertyOp6
 70
     1
102
RTVSPropertyOp7
 70
     1
102
RTVSPropertyOp8
 70
     1
102
RTVSPropertyOp9
 70
     1
102
RTVSPropertyOp10
 70
     1
102
RTVSPropertyOp11
 70
     1
102
RTVSPropertyOp12
 70
     1
102
RTVSPropertyOp13
 70
     1
102
RTVSPropertyOp14
 70
     1
102
RTVSPropertyOp15
 70
     1
102
RTVSPropertyOp16
 70
     1
102
RTVSPropertyOp17
 70
     1
102
RTVSPropertyOp18
 70
     1
102
RTVSPropertyOp19
 70
     1
102
RTVSPropertyOp20
 70
     1
102
RTVSPropertyOp21
 70
     1
102
RTVSPropertyOp22
 70
     1
102
RTVSPropertyOp23
 70
     1
102
RTVSPropertyOp24
 70
     1
102
RTVSPropertyOp25
 70
     1
102
RTVSPropertyOp26
 70
     1
102
RTVSPropertyOp27
 70
     1
102
RTVSPropertyOp28
 70
     1
102
RTVSPropertyOp29
 70
     1
102
RTVSPropertyOp30
 70
     1
102
RTVSPropertyOp31
 70
     1
102
RTVSPropertyOp32
 70
     1
102
RTVSPropertyOp33
 70
     1
102
RTVSPropertyOp34
 70
     1
102
RTVSPropertyOp35
 70
     1
102
RTVSPropertyOp36
 70
     1
102
RTVSPropertyOp37
 70
     1
102
RTVSPropertyOp38
 70
     1
102
RTVSPropertyOp39
 70
     1
102
RTVSPropertyOp40
 70
     1
102
RTVSPropertyOp41
 70
     1
102
RTVSPropertyOp42
 70
     1
102
RTVSPropertyOp43
 70
     1
102
RTVSPropertyOp44
 70
     1
102
RTVSPropertyOp45
 70
     1
102
RTVSPropertyOp46
 70
     1
102
RTVSPropertyOp47
 70
     1
102
RTVSPropertyOp48
 70
     1
102
RTVSPropertyOp49
 70
     1
102
RTVSPropertyOp50
 70
     1
102
RTVSPropertyOp51
 70
     0
102
RTVSPropertyOp52
 70
     0
102
RTVSPropertyOp53
 70
     1
102
RTVSPropertyOp54
 70
     1
102
RTVSPropertyOp55
 70
     1
102
RTVSPropertyOp56
 70
     1
102
RTVSPropertyOp57
 70
     1
102
RTVSPost2010Prop28
280
     0
102
RTVSPost2010PropOp28
 70
     1
102
RTVSPost2010Prop29
280
     1
102
RTVSPost2010PropOp29
 70
     1
102
RTVSPost2010Prop30
280
     1
102
RTVSPost2010PropOp30
 70
     1
102
RTVSPost2010Prop31
280
     0
102
RTVSPost2010PropOp31
 70
     1
102
RTVSPost2010Prop32
280
     0
102
RTVSPost2010PropOp32
 70
     1
102
RTVSPost2010Prop33
280
     0
102
RTVSPost2010PropOp33
 70
     1
102
RTVSPost2010Prop34
280
     0
102
RTVSPost2010PropOp34
 70
     1
102
RTVSPost2010Prop35
280
     0
102
RTVSPost2010PropOp35
 70
     1
102
RTVSPost2010Prop36
280
     0
102
RTVSPost2010PropOp36
 70
     1
102
RTVSPost2010Prop37
 90
       50
102
RTVSPost2010PropOp37
 70
     1
102
RTVSPost2010Prop38
140
0.0
102
RTVSPost2010PropOp38
 70
     1
102
RTVSPost2010Prop39
140
1.0
102
RTVSPost2010PropOp39
 70
     1
102
RTVSPost2010Prop40
 90
        0
102
RTVSPost2010PropOp40
 70
     1
102
RTVSPost2010Prop41ColorIndex
 90
       18
102
RTVSPost2010Prop41ColorRGB
 90
        0
102
RTVSPost2010PropOp41
 70
     1
102
RTVSPost2010Prop42
 90
       50
102
RTVSPost2010PropOp42
 70
     1
102
RTVSPost2010Prop43
 90
        3
102
RTVSPost2010PropOp43
 70
     1
102
RTVSPost2010Prop44ColorIndex
 90
        5
102
RTVSPost2010Prop44ColorRGB
 90
      255
102
RTVSPost2010PropOp44
 70
     1
102
RTVSPost2010Prop45
280
     0
102
RTVSPost2010PropOp45
 70
     1
102
RTVSPost2010Prop46
 90
       50
102
RTVSPost2010PropOp46
 70
     1
102
RTVSPost2010Prop47
 90
       50
102
RTVSPost2010PropOp47
 70
     1
102
RTVSPost2010Prop48
 90
       50
102
RTVSPost2010PropOp48
 70
     1
102
RTVSPost2010Prop49
280
     0
102
RTVSPost2010PropOp49
 70
     1
102
RTVSPost2010Prop50
 90
       50
102
RTVSPost2010PropOp50
 70
     1
102
RTVSPost2010Prop51ColorIndex
 90
      256
102
RTVSPost2010Prop51ColorRGB
 90
-16777216
102
RTVSPost2010PropOp51
 70
     0
102
RTVSPost2010Prop52
140
1.0
102
RTVSPost2010PropOp52
 70
     0
102
RTVSPost2010Prop53
 90
        2
102
RTVSPost2010PropOp53
 70
     1
102
RTVSPost2010Prop54
  1
strokes_ogs.tif
102
RTVSPost2010PropOp54
 70
     1
102
RTVSPost2010Prop55
280
     0
102
RTVSPost2010PropOp55
 70
     1
102
RTVSPost2010Prop56
140
1.0
102
RTVSPost2010PropOp56
 70
     1
102
RTVSPost2010Prop57
140
1.0
102
RTVSPost2010PropOp57
 70
     1
  0
XRECORD
  5
2E3
102
{ACAD_REACTORS
330
2E2
102
}
330
2E2
100
AcDbXrecord
280
     1
102
RTVSPropertyOp0
 70
     1
102
RTVSPropertyOp1
 70
     1
102
RTVSPropertyOp2
 70
     1
102
RTVSPropertyOp3
 70
     1
102
RTVSPropertyOp4
 70
     1
102
RTVSPropertyOp5
 70
     1
102
RTVSPropertyOp6
 70
     1
102
RTVSPropertyOp7
 70
     1
102
RTVSPropertyOp8
 70
     1
102
RTVSPropertyOp9
 70
     1
102
RTVSPropertyOp10
 70
     1
102
RTVSPropertyOp11
 70
     1
102
RTVSPropertyOp12
 70
     1
102
RTVSPropertyOp13
 70
     1
102
RTVSPropertyOp14
 70
     1
102
RTVSPropertyOp15
 70
     1
102
RTVSPropertyOp16
 70
     1
102
RTVSPropertyOp17
 70
     1
102
RTVSPropertyOp18
 70
     1
102
RTVSPropertyOp19
 70
     1
102
RTVSPropertyOp20
 70
     1
102
RTVSPropertyOp21
 70
     1
102
RTVSPropertyOp22
 70
     1
102
RTVSPropertyOp23
 70
     1
102
RTVSPropertyOp24
 70
     1
102
RTVSPropertyOp25
 70
     1
102
RTVSPropertyOp26
 70
     1
102
RTVSPropertyOp27
 70
     1
102
RTVSPropertyOp28
 70
     1
102
RTVSPropertyOp29
 70
     1
102
RTVSPropertyOp30
 70
     1
102
RTVSPropertyOp31
 70
     1
102
RTVSPropertyOp32
 70
     1
102
RTVSPropertyOp33
 70
     1
102
RTVSPropertyOp34
 70
     1
102
RTVSPropertyOp35
 70
     1
102
RTVSPropertyOp36
 70
     1
102
RTVSPropertyOp37
 70
     1
102
RTVSPropertyOp38
 70
     1
102
RTVSPropertyOp39
 70
     1
102
RTVSPropertyOp40
 70
     1
102
RTVSPropertyOp41
 70
     1
102
RTVSPropertyOp42
 70
     1
102
RTVSPropertyOp43
 70
     1
102
RTVSPropertyOp44
 70
     1
102
RTVSPropertyOp45
 70
     1
102
RTVSPropertyOp46
 70
     1
102
RTVSPropertyOp47
 70
     1
102
RTVSPropertyOp48
 70
     1
102
RTVSPropertyOp49
 70
     1
102
RTVSPropertyOp50
 70
     1
102
RTVSPropertyOp51
 70
     0
102
RTVSPropertyOp52
 70
     0
102
RTVSPropertyOp53
 70
     1
102
RTVSPropertyOp54
 70
     1
102
RTVSPropertyOp55
 70
     1
102
RTVSPropertyOp56
 70
     1
102
RTVSPropertyOp57
 70
     1
102
RTVSPost2010Prop28
280
     0
102
RTVSPost2010PropOp28
 70
     1
102
RTVSPost2010Prop29
280
     1
102
RTVSPost2010PropOp29
 70
     1
102
RTVSPost2010Prop30
280
     1
102
RTVSPost2010PropOp30
 70
     1
102
RTVSPost2010Prop31
280
     0
102
RTVSPost2010PropOp31
 70
     1
102
RTVSPost2010Prop32
280
     0
102
RTVSPost2010PropOp32
 70
     1
102
RTVSPost2010Prop33
280
     0
102
RTVSPost2010PropOp33
 70
     1
102
RTVSPost2010Prop34
280
     0
102
RTVSPost2010PropOp34
 70
     1
102
RTVSPost2010Prop35
280
     0
102
RTVSPost2010PropOp35
 70
     1
102
RTVSPost2010Prop36
280
     0
102
RTVSPost2010PropOp36
 70
     1
102
RTVSPost2010Prop37
 90
       50
102
RTVSPost2010PropOp37
 70
     1
102
RTVSPost2010Prop38
140
0.0
102
RTVSPost2010PropOp38
 70
     1
102
RTVSPost2010Prop39
140
1.0
102
RTVSPost2010PropOp39
 70
     1
102
RTVSPost2010Prop40
 90
        0
102
RTVSPost2010PropOp40
 70
     1
102
RTVSPost2010Prop41ColorIndex
 90
       18
102
RTVSPost2010Prop41ColorRGB
 90
        0
102
RTVSPost2010PropOp41
 70
     1
102
RTVSPost2010Prop42
 90
       50
102
RTVSPost2010PropOp42
 70
     1
102
RTVSPost2010Prop43
 90
        3
102
RTVSPost2010PropOp43
 70
     1
102
RTVSPost2010Prop44ColorIndex
 90
        5
102
RTVSPost2010Prop44ColorRGB
 90
      255
102
RTVSPost2010PropOp44
 70
     1
102
RTVSPost2010Prop45
280
     0
102
RTVSPost2010PropOp45
 70
     1
102
RTVSPost2010Prop46
 90
       50
102
RTVSPost2010PropOp46
 70
     1
102
RTVSPost2010Prop47
 90
       50
102
RTVSPost2010PropOp47
 70
     1
102
RTVSPost2010Prop48
 90
       50
102
RTVSPost2010PropOp48
 70
     1
102
RTVSPost2010Prop49
280
     0
102
RTVSPost2010PropOp49
 70
     1
102
RTVSPost2010Prop50
 90
       50
102
RTVSPost2010PropOp50
 70
     1
102
RTVSPost2010Prop51ColorIndex
 90
      256
102
RTVSPost2010Prop51ColorRGB
 90
-16777216
102
RTVSPost2010PropOp51
 70
     0
102
RTVSPost2010Prop52
140
1.0
102
RTVSPost2010PropOp52
 70
     0
102
RTVSPost2010Prop53
 90
        2
102
RTVSPost2010PropOp53
 70
     1
102
RTVSPost2010Prop54
  1
strokes_ogs.tif
102
RTVSPost2010PropOp54
 70
     1
102
RTVSPost2010Prop55
280
     0
102
RTVSPost2010PropOp55
 70
     1
102
RTVSPost2010Prop56
140
1.0
102
RTVSPost2010PropOp56
 70
     1
102
RTVSPost2010Prop57
140
1.0
102
RTVSPost2010PropOp57
 70
     1
  0
XRECORD
  5
2E9
102
{ACAD_REACTORS
330
2E8
102
}
330
2E8
100
AcDbXrecord
280
     1
102
RTVSPropertyOp0
 70
     1
102
RTVSPropertyOp1
 70
     1
102
RTVSPropertyOp2
 70
     1
102
RTVSPropertyOp3
 70
     1
102
RTVSPropertyOp4
 70
     1
102
RTVSPropertyOp5
 70
     1
102
RTVSPropertyOp6
 70
     1
102
RTVSPropertyOp7
 70
     1
102
RTVSPropertyOp8
 70
     1
102
RTVSPropertyOp9
 70
     1
102
RTVSPropertyOp10
 70
     1
102
RTVSPropertyOp11
 70
     1
102
RTVSPropertyOp12
 70
     1
102
RTVSPropertyOp13
 70
     1
102
RTVSPropertyOp14
 70
     1
102
RTVSPropertyOp15
 70
     1
102
RTVSPropertyOp16
 70
     1
102
RTVSPropertyOp17
 70
     1
102
RTVSPropertyOp18
 70
     1
102
RTVSPropertyOp19
 70
     1
102
RTVSPropertyOp20
 70
     1
102
RTVSPropertyOp21
 70
     1
102
RTVSPropertyOp22
 70
     1
102
RTVSPropertyOp23
 70
     1
102
RTVSPropertyOp24
 70
     1
102
RTVSPropertyOp25
 70
     1
102
RTVSPropertyOp26
 70
     1
102
RTVSPropertyOp27
 70
     1
102
RTVSPropertyOp28
 70
     1
102
RTVSPropertyOp29
 70
     1
102
RTVSPropertyOp30
 70
     1
102
RTVSPropertyOp31
 70
     1
102
RTVSPropertyOp32
 70
     1
102
RTVSPropertyOp33
 70
     1
102
RTVSPropertyOp34
 70
     1
102
RTVSPropertyOp35
 70
     1
102
RTVSPropertyOp36
 70
     1
102
RTVSPropertyOp37
 70
     1
102
RTVSPropertyOp38
 70
     1
102
RTVSPropertyOp39
 70
     1
102
RTVSPropertyOp40
 70
     1
102
RTVSPropertyOp41
 70
     1
102
RTVSPropertyOp42
 70
     1
102
RTVSPropertyOp43
 70
     1
102
RTVSPropertyOp44
 70
     1
102
RTVSPropertyOp45
 70
     1
102
RTVSPropertyOp46
 70
     1
102
RTVSPropertyOp47
 70
     1
102
RTVSPropertyOp48
 70
     1
102
RTVSPropertyOp49
 70
     1
102
RTVSPropertyOp50
 70
     1
102
RTVSPropertyOp51
 70
     0
102
RTVSPropertyOp52
 70
     0
102
RTVSPropertyOp53
 70
     1
102
RTVSPropertyOp54
 70
     1
102
RTVSPropertyOp55
 70
     1
102
RTVSPropertyOp56
 70
     1
102
RTVSPropertyOp57
 70
     1
102
RTVSPost2010Prop28
280
     0
102
RTVSPost2010PropOp28
 70
     1
102
RTVSPost2010Prop29
280
     1
102
RTVSPost2010PropOp29
 70
     1
102
RTVSPost2010Prop30
280
     1
102
RTVSPost2010PropOp30
 70
     1
102
RTVSPost2010Prop31
280
     0
102
RTVSPost2010PropOp31
 70
     1
102
RTVSPost2010Prop32
280
     0
102
RTVSPost2010PropOp32
 70
     1
102
RTVSPost2010Prop33
280
     0
102
RTVSPost2010PropOp33
 70
     1
102
RTVSPost2010Prop34
280
     0
102
RTVSPost2010PropOp34
 70
     1
102
RTVSPost2010Prop35
280
     0
102
RTVSPost2010PropOp35
 70
     1
102
RTVSPost2010Prop36
280
     0
102
RTVSPost2010PropOp36
 70
     1
102
RTVSPost2010Prop37
 90
       50
102
RTVSPost2010PropOp37
 70
     1
102
RTVSPost2010Prop38
140
0.0
102
RTVSPost2010PropOp38
 70
     1
102
RTVSPost2010Prop39
140
1.0
102
RTVSPost2010PropOp39
 70
     1
102
RTVSPost2010Prop40
 90
        0
102
RTVSPost2010PropOp40
 70
     1
102
RTVSPost2010Prop41ColorIndex
 90
       18
102
RTVSPost2010Prop41ColorRGB
 90
        0
102
RTVSPost2010PropOp41
 70
     1
102
RTVSPost2010Prop42
 90
       50
102
RTVSPost2010PropOp42
 70
     1
102
RTVSPost2010Prop43
 90
        3
102
RTVSPost2010PropOp43
 70
     1
102
RTVSPost2010Prop44ColorIndex
 90
        5
102
RTVSPost2010Prop44ColorRGB
 90
      255
102
RTVSPost2010PropOp44
 70
     1
102
RTVSPost2010Prop45
280
     0
102
RTVSPost2010PropOp45
 70
     1
102
RTVSPost2010Prop46
 90
       50
102
RTVSPost2010PropOp46
 70
     1
102
RTVSPost2010Prop47
 90
       50
102
RTVSPost2010PropOp47
 70
     1
102
RTVSPost2010Prop48
 90
       50
102
RTVSPost2010PropOp48
 70
     1
102
RTVSPost2010Prop49
280
     0
102
RTVSPost2010PropOp49
 70
     1
102
RTVSPost2010Prop50
 90
       50
102
RTVSPost2010PropOp50
 70
     1
102
RTVSPost2010Prop51ColorIndex
 90
      256
102
RTVSPost2010Prop51ColorRGB
 90
-16777216
102
RTVSPost2010PropOp51
 70
     0
102
RTVSPost2010Prop52
140
1.0
102
RTVSPost2010PropOp52
 70
     0
102
RTVSPost2010Prop53
 90
        2
102
RTVSPost2010PropOp53
 70
     1
102
RTVSPost2010Prop54
  1
strokes_ogs.tif
102
RTVSPost2010PropOp54
 70
     1
102
RTVSPost2010Prop55
280
     0
102
RTVSPost2010PropOp55
 70
     1
102
RTVSPost2010Prop56
140
1.0
102
RTVSPost2010PropOp56
 70
     1
102
RTVSPost2010Prop57
140
1.0
102
RTVSPost2010PropOp57
 70
     1
  0
XRECORD
  5
2FD
102
{ACAD_REACTORS
330
2FC
102
}
330
2FC
100
AcDbXrecord
280
     1
102
RTVSPropertyOp0
 70
     0
102
RTVSPropertyOp1
 70
     0
102
RTVSPropertyOp2
 70
     0
102
RTVSPropertyOp3
 70
     0
102
RTVSPropertyOp4
 70
     0
102
RTVSPropertyOp5
 70
     0
102
RTVSPropertyOp6
 70
     0
102
RTVSPropertyOp7
 70
     0
102
RTVSPropertyOp8
 70
     0
102
RTVSPropertyOp9
 70
     0
102
RTVSPropertyOp10
 70
     0
102
RTVSPropertyOp11
 70
     0
102
RTVSPropertyOp12
 70
     0
102
RTVSPropertyOp13
 70
     0
102
RTVSPropertyOp14
 70
     2
102
RTVSPropertyOp15
 70
     0
102
RTVSPropertyOp16
 70
     0
102
RTVSPropertyOp17
 70
     0
102
RTVSPropertyOp18
 70
     0
102
RTVSPropertyOp19
 70
     0
102
RTVSPropertyOp20
 70
     0
102
RTVSPropertyOp21
 70
     0
102
RTVSPropertyOp22
 70
     0
102
RTVSPropertyOp23
 70
     0
102
RTVSPropertyOp24
 70
     0
102
RTVSPropertyOp25
 70
     0
102
RTVSPropertyOp26
 70
     0
102
RTVSPropertyOp27
 70
     0
102
RTVSPropertyOp28
 70
     0
102
RTVSPropertyOp29
 70
     0
102
RTVSPropertyOp30
 70
     0
102
RTVSPropertyOp31
 70
     0
102
RTVSPropertyOp32
 70
     0
102
RTVSPropertyOp33
 70
     0
102
RTVSPropertyOp34
 70
     0
102
RTVSPropertyOp35
 70
     0
102
RTVSPropertyOp36
 70
     0
102
RTVSPropertyOp37
 70
     0
102
RTVSPropertyOp38
 70
     0
102
RTVSPropertyOp39
 70
     0
102
RTVSPropertyOp40
 70
     0
102
RTVSPropertyOp41
 70
     0
102
RTVSPropertyOp42
 70
     0
102
RTVSPropertyOp43
 70
     0
102
RTVSPropertyOp44
 70
     0
102
RTVSPropertyOp45
 70
     0
102
RTVSPropertyOp46
 70
     0
102
RTVSPropertyOp47
 70
     0
102
RTVSPropertyOp48
 70
     0
102
RTVSPropertyOp49
 70
     0
102
RTVSPropertyOp50
 70
     0
102
RTVSPropertyOp51
 70
     0
102
RTVSPropertyOp52
 70
     0
102
RTVSPropertyOp53
 70
     0
102
RTVSPropertyOp54
 70
     0
102
RTVSPropertyOp55
 70
     0
102
RTVSPropertyOp56
 70
     0
102
RTVSPropertyOp57
 70
     0
102
RTVSPost2010Prop28
280
     0
102
RTVSPost2010PropOp28
 70
     0
102
RTVSPost2010Prop29
280
     1
102
RTVSPost2010PropOp29
 70
     0
102
RTVSPost2010Prop30
280
     1
102
RTVSPost2010PropOp30
 70
     0
102
RTVSPost2010Prop31
280
     0
102
RTVSPost2010PropOp31
 70
     0
102
RTVSPost2010Prop32
280
     0
102
RTVSPost2010PropOp32
 70
     0
102
RTVSPost2010Prop33
280
     0
102
RTVSPost2010PropOp33
 70
     0
102
RTVSPost2010Prop34
280
     0
102
RTVSPost2010PropOp34
 70
     0
102
RTVSPost2010Prop35
280
     0
102
RTVSPost2010PropOp35
 70
     0
102
RTVSPost2010Prop36
280
     0
102
RTVSPost2010PropOp36
 70
     0
102
RTVSPost2010Prop37
 90
       50
102
RTVSPost2010PropOp37
 70
     0
102
RTVSPost2010Prop38
140
0.0
102
RTVSPost2010PropOp38
 70
     0
102
RTVSPost2010Prop39
140
1.0
102
RTVSPost2010PropOp39
 70
     0
102
RTVSPost2010Prop40
 90
        0
102
RTVSPost2010PropOp40
 70
     0
102
RTVSPost2010Prop41ColorIndex
 90
       18
102
RTVSPost2010Prop41ColorRGB
 90
        0
102
RTVSPost2010PropOp41
 70
     0
102
RTVSPost2010Prop42
 90
       50
102
RTVSPost2010PropOp42
 70
     0
102
RTVSPost2010Prop43
 90
        3
102
RTVSPost2010PropOp43
 70
     0
102
RTVSPost2010Prop44ColorIndex
 90
        5
102
RTVSPost2010Prop44ColorRGB
 90
      255
102
RTVSPost2010PropOp44
 70
     0
102
RTVSPost2010Prop45
280
     0
102
RTVSPost2010PropOp45
 70
     0
102
RTVSPost2010Prop46
 90
       50
102
RTVSPost2010PropOp46
 70
     0
102
RTVSPost2010Prop47
 90
       50
102
RTVSPost2010PropOp47
 70
     0
102
RTVSPost2010Prop48
 90
       50
102
RTVSPost2010PropOp48
 70
     0
102
RTVSPost2010Prop49
280
     0
102
RTVSPost2010PropOp49
 70
     0
102
RTVSPost2010Prop50
 90
       50
102
RTVSPost2010PropOp50
 70
     0
102
RTVSPost2010Prop51ColorIndex
 90
      256
102
RTVSPost2010Prop51ColorRGB
 90
-16777216
102
RTVSPost2010PropOp51
 70
     0
102
RTVSPost2010Prop52
140
1.0
102
RTVSPost2010PropOp52
 70
     0
102
RTVSPost2010Prop53
 90
        2
102
RTVSPost2010PropOp53
 70
     0
102
RTVSPost2010Prop54
  1
strokes_ogs.tif
102
RTVSPost2010PropOp54
 70
     0
102
RTVSPost2010Prop55
280
     0
102
RTVSPost2010PropOp55
 70
     0
102
RTVSPost2010Prop56
140
1.0
102
RTVSPost2010PropOp56
 70
     0
102
RTVSPost2010Prop57
140
1.0
102
RTVSPost2010PropOp57
 70
     0
  0
XRECORD
  5
2F7
102
{ACAD_REACTORS
330
2F6
102
}
330
2F6
100
AcDbXrecord
280
     1
102
RTVSPropertyOp0
 70
     1
102
RTVSPropertyOp1
 70
     1
102
RTVSPropertyOp2
 70
     1
102
RTVSPropertyOp3
 70
     1
102
RTVSPropertyOp4
 70
     1
102
RTVSPropertyOp5
 70
     1
102
RTVSPropertyOp6
 70
     1
102
RTVSPropertyOp7
 70
     1
102
RTVSPropertyOp8
 70
     1
102
RTVSPropertyOp9
 70
     1
102
RTVSPropertyOp10
 70
     1
102
RTVSPropertyOp11
 70
     1
102
RTVSPropertyOp12
 70
     1
102
RTVSPropertyOp13
 70
     1
102
RTVSPropertyOp14
 70
     1
102
RTVSPropertyOp15
 70
     1
102
RTVSPropertyOp16
 70
     1
102
RTVSPropertyOp17
 70
     1
102
RTVSPropertyOp18
 70
     1
102
RTVSPropertyOp19
 70
     1
102
RTVSPropertyOp20
 70
     1
102
RTVSPropertyOp21
 70
     1
102
RTVSPropertyOp22
 70
     1
102
RTVSPropertyOp23
 70
     1
102
RTVSPropertyOp24
 70
     1
102
RTVSPropertyOp25
 70
     1
102
RTVSPropertyOp26
 70
     1
102
RTVSPropertyOp27
 70
     1
102
RTVSPropertyOp28
 70
     1
102
RTVSPropertyOp29
 70
     1
102
RTVSPropertyOp30
 70
     1
102
RTVSPropertyOp31
 70
     1
102
RTVSPropertyOp32
 70
     1
102
RTVSPropertyOp33
 70
     1
102
RTVSPropertyOp34
 70
     1
102
RTVSPropertyOp35
 70
     1
102
RTVSPropertyOp36
 70
     1
102
RTVSPropertyOp37
 70
     1
102
RTVSPropertyOp38
 70
     1
102
RTVSPropertyOp39
 70
     1
102
RTVSPropertyOp40
 70
     1
102
RTVSPropertyOp41
 70
     1
102
RTVSPropertyOp42
 70
     1
102
RTVSPropertyOp43
 70
     1
102
RTVSPropertyOp44
 70
     1
102
RTVSPropertyOp45
 70
     1
102
RTVSPropertyOp46
 70
     1
102
RTVSPropertyOp47
 70
     1
102
RTVSPropertyOp48
 70
     1
102
RTVSPropertyOp49
 70
     1
102
RTVSPropertyOp50
 70
     1
102
RTVSPropertyOp51
 70
     0
102
RTVSPropertyOp52
 70
     0
102
RTVSPropertyOp53
 70
     1
102
RTVSPropertyOp54
 70
     1
102
RTVSPropertyOp55
 70
     1
102
RTVSPropertyOp56
 70
     1
102
RTVSPropertyOp57
 70
     1
102
RTVSPost2010Prop28
280
     0
102
RTVSPost2010PropOp28
 70
     1
102
RTVSPost2010Prop29
280
     1
102
RTVSPost2010PropOp29
 70
     1
102
RTVSPost2010Prop30
280
     1
102
RTVSPost2010PropOp30
 70
     1
102
RTVSPost2010Prop31
280
     0
102
RTVSPost2010PropOp31
 70
     1
102
RTVSPost2010Prop32
280
     0
102
RTVSPost2010PropOp32
 70
     1
102
RTVSPost2010Prop33
280
     0
102
RTVSPost2010PropOp33
 70
     1
102
RTVSPost2010Prop34
280
     0
102
RTVSPost2010PropOp34
 70
     1
102
RTVSPost2010Prop35
280
     0
102
RTVSPost2010PropOp35
 70
     1
102
RTVSPost2010Prop36
280
     0
102
RTVSPost2010PropOp36
 70
     1
102
RTVSPost2010Prop37
 90
       50
102
RTVSPost2010PropOp37
 70
     1
102
RTVSPost2010Prop38
140
0.0
102
RTVSPost2010PropOp38
 70
     1
102
RTVSPost2010Prop39
140
1.0
102
RTVSPost2010PropOp39
 70
     1
102
RTVSPost2010Prop40
 90
        0
102
RTVSPost2010PropOp40
 70
     1
102
RTVSPost2010Prop41ColorIndex
 90
       18
102
RTVSPost2010Prop41ColorRGB
 90
        0
102
RTVSPost2010PropOp41
 70
     1
102
RTVSPost2010Prop42
 90
       50
102
RTVSPost2010PropOp42
 70
     1
102
RTVSPost2010Prop43
 90
        3
102
RTVSPost2010PropOp43
 70
     1
102
RTVSPost2010Prop44ColorIndex
 90
        5
102
RTVSPost2010Prop44ColorRGB
 90
      255
102
RTVSPost2010PropOp44
 70
     1
102
RTVSPost2010Prop45
280
     0
102
RTVSPost2010PropOp45
 70
     1
102
RTVSPost2010Prop46
 90
       50
102
RTVSPost2010PropOp46
 70
     1
102
RTVSPost2010Prop47
 90
       50
102
RTVSPost2010PropOp47
 70
     1
102
RTVSPost2010Prop48
 90
       50
102
RTVSPost2010PropOp48
 70
     1
102
RTVSPost2010Prop49
280
     0
102
RTVSPost2010PropOp49
 70
     1
102
RTVSPost2010Prop50
 90
       50
102
RTVSPost2010PropOp50
 70
     1
102
RTVSPost2010Prop51ColorIndex
 90
      256
102
RTVSPost2010Prop51ColorRGB
 90
-16777216
102
RTVSPost2010PropOp51
 70
     0
102
RTVSPost2010Prop52
140
1.0
102
RTVSPost2010PropOp52
 70
     0
102
RTVSPost2010Prop53
 90
        2
102
RTVSPost2010PropOp53
 70
     1
102
RTVSPost2010Prop54
  1
strokes_ogs.tif
102
RTVSPost2010PropOp54
 70
     1
102
RTVSPost2010Prop55
280
     0
102
RTVSPost2010PropOp55
 70
     1
102
RTVSPost2010Prop56
140
1.0
102
RTVSPost2010PropOp56
 70
     1
102
RTVSPost2010Prop57
140
1.0
102
RTVSPost2010PropOp57
 70
     1
  0
XRECORD
  5
2FF
102
{ACAD_REACTORS
330
2FE
102
}
330
2FE
100
AcDbXrecord
280
     1
102
RTVSPropertyOp0
 70
     0
102
RTVSPropertyOp1
 70
     0
102
RTVSPropertyOp2
 70
     0
102
RTVSPropertyOp3
 70
     0
102
RTVSPropertyOp4
 70
     0
102
RTVSPropertyOp5
 70
     0
102
RTVSPropertyOp6
 70
     0
102
RTVSPropertyOp7
 70
     0
102
RTVSPropertyOp8
 70
     0
102
RTVSPropertyOp9
 70
     0
102
RTVSPropertyOp10
 70
     0
102
RTVSPropertyOp11
 70
     0
102
RTVSPropertyOp12
 70
     0
102
RTVSPropertyOp13
 70
     0
102
RTVSPropertyOp14
 70
     2
102
RTVSPropertyOp15
 70
     0
102
RTVSPropertyOp16
 70
     0
102
RTVSPropertyOp17
 70
     0
102
RTVSPropertyOp18
 70
     0
102
RTVSPropertyOp19
 70
     0
102
RTVSPropertyOp20
 70
     0
102
RTVSPropertyOp21
 70
     0
102
RTVSPropertyOp22
 70
     0
102
RTVSPropertyOp23
 70
     0
102
RTVSPropertyOp24
 70
     0
102
RTVSPropertyOp25
 70
     0
102
RTVSPropertyOp26
 70
     0
102
RTVSPropertyOp27
 70
     0
102
RTVSPropertyOp28
 70
     0
102
RTVSPropertyOp29
 70
     0
102
RTVSPropertyOp30
 70
     0
102
RTVSPropertyOp31
 70
     0
102
RTVSPropertyOp32
 70
     0
102
RTVSPropertyOp33
 70
     0
102
RTVSPropertyOp34
 70
     0
102
RTVSPropertyOp35
 70
     0
102
RTVSPropertyOp36
 70
     0
102
RTVSPropertyOp37
 70
     0
102
RTVSPropertyOp38
 70
     0
102
RTVSPropertyOp39
 70
     0
102
RTVSPropertyOp40
 70
     0
102
RTVSPropertyOp41
 70
     0
102
RTVSPropertyOp42
 70
     0
102
RTVSPropertyOp43
 70
     0
102
RTVSPropertyOp44
 70
     0
102
RTVSPropertyOp45
 70
     0
102
RTVSPropertyOp46
 70
     0
102
RTVSPropertyOp47
 70
     0
102
RTVSPropertyOp48
 70
     0
102
RTVSPropertyOp49
 70
     0
102
RTVSPropertyOp50
 70
     0
102
RTVSPropertyOp51
 70
     0
102
RTVSPropertyOp52
 70
     0
102
RTVSPropertyOp53
 70
     0
102
RTVSPropertyOp54
 70
     0
102
RTVSPropertyOp55
 70
     0
102
RTVSPropertyOp56
 70
     0
102
RTVSPropertyOp57
 70
     0
102
RTVSPost2010Prop28
280
     0
102
RTVSPost2010PropOp28
 70
     0
102
RTVSPost2010Prop29
280
     1
102
RTVSPost2010PropOp29
 70
     0
102
RTVSPost2010Prop30
280
     1
102
RTVSPost2010PropOp30
 70
     0
102
RTVSPost2010Prop31
280
     0
102
RTVSPost2010PropOp31
 70
     0
102
RTVSPost2010Prop32
280
     0
102
RTVSPost2010PropOp32
 70
     0
102
RTVSPost2010Prop33
280
     0
102
RTVSPost2010PropOp33
 70
     0
102
RTVSPost2010Prop34
280
     0
102
RTVSPost2010PropOp34
 70
     0
102
RTVSPost2010Prop35
280
     0
102
RTVSPost2010PropOp35
 70
     0
102
RTVSPost2010Prop36
280
     0
102
RTVSPost2010PropOp36
 70
     0
102
RTVSPost2010Prop37
 90
       50
102
RTVSPost2010PropOp37
 70
     0
102
RTVSPost2010Prop38
140
0.0
102
RTVSPost2010PropOp38
 70
     0
102
RTVSPost2010Prop39
140
1.0
102
RTVSPost2010PropOp39
 70
     0
102
RTVSPost2010Prop40
 90
        0
102
RTVSPost2010PropOp40
 70
     0
102
RTVSPost2010Prop41ColorIndex
 90
       18
102
RTVSPost2010Prop41ColorRGB
 90
        0
102
RTVSPost2010PropOp41
 70
     0
102
RTVSPost2010Prop42
 90
       50
102
RTVSPost2010PropOp42
 70
     0
102
RTVSPost2010Prop43
 90
        3
102
RTVSPost2010PropOp43
 70
     0
102
RTVSPost2010Prop44ColorIndex
 90
        5
102
RTVSPost2010Prop44ColorRGB
 90
      255
102
RTVSPost2010PropOp44
 70
     0
102
RTVSPost2010Prop45
280
     0
102
RTVSPost2010PropOp45
 70
     0
102
RTVSPost2010Prop46
 90
       50
102
RTVSPost2010PropOp46
 70
     0
102
RTVSPost2010Prop47
 90
       50
102
RTVSPost2010PropOp47
 70
     0
102
RTVSPost2010Prop48
 90
       50
102
RTVSPost2010PropOp48
 70
     0
102
RTVSPost2010Prop49
280
     0
102
RTVSPost2010PropOp49
 70
     0
102
RTVSPost2010Prop50
 90
       50
102
RTVSPost2010PropOp50
 70
     0
102
RTVSPost2010Prop51ColorIndex
 90
      256
102
RTVSPost2010Prop51ColorRGB
 90
-16777216
102
RTVSPost2010PropOp51
 70
     0
102
RTVSPost2010Prop52
140
1.0
102
RTVSPost2010PropOp52
 70
     0
102
RTVSPost2010Prop53
 90
        2
102
RTVSPost2010PropOp53
 70
     0
102
RTVSPost2010Prop54
  1
strokes_ogs.tif
102
RTVSPost2010PropOp54
 70
     0
102
RTVSPost2010Prop55
280
     0
102
RTVSPost2010PropOp55
 70
     0
102
RTVSPost2010Prop56
140
1.0
102
RTVSPost2010PropOp56
 70
     0
102
RTVSPost2010Prop57
140
1.0
102
RTVSPost2010PropOp57
 70
     0
  0
XRECORD
  5
2ED
102
{ACAD_REACTORS
330
2EC
102
}
330
2EC
100
AcDbXrecord
280
     1
102
RTVSPropertyOp0
 70
     1
102
RTVSPropertyOp1
 70
     1
102
RTVSPropertyOp2
 70
     1
102
RTVSPropertyOp3
 70
     1
102
RTVSPropertyOp4
 70
     1
102
RTVSPropertyOp5
 70
     1
102
RTVSPropertyOp6
 70
     1
102
RTVSPropertyOp7
 70
     1
102
RTVSPropertyOp8
 70
     1
102
RTVSPropertyOp9
 70
     1
102
RTVSPropertyOp10
 70
     1
102
RTVSPropertyOp11
 70
     1
102
RTVSPropertyOp12
 70
     1
102
RTVSPropertyOp13
 70
     1
102
RTVSPropertyOp14
 70
     1
102
RTVSPropertyOp15
 70
     1
102
RTVSPropertyOp16
 70
     1
102
RTVSPropertyOp17
 70
     1
102
RTVSPropertyOp18
 70
     1
102
RTVSPropertyOp19
 70
     1
102
RTVSPropertyOp20
 70
     1
102
RTVSPropertyOp21
 70
     1
102
RTVSPropertyOp22
 70
     1
102
RTVSPropertyOp23
 70
     1
102
RTVSPropertyOp24
 70
     1
102
RTVSPropertyOp25
 70
     1
102
RTVSPropertyOp26
 70
     1
102
RTVSPropertyOp27
 70
     1
102
RTVSPropertyOp28
 70
     1
102
RTVSPropertyOp29
 70
     1
102
RTVSPropertyOp30
 70
     1
102
RTVSPropertyOp31
 70
     1
102
RTVSPropertyOp32
 70
     1
102
RTVSPropertyOp33
 70
     1
102
RTVSPropertyOp34
 70
     1
102
RTVSPropertyOp35
 70
     1
102
RTVSPropertyOp36
 70
     1
102
RTVSPropertyOp37
 70
     1
102
RTVSPropertyOp38
 70
     1
102
RTVSPropertyOp39
 70
     1
102
RTVSPropertyOp40
 70
     1
102
RTVSPropertyOp41
 70
     1
102
RTVSPropertyOp42
 70
     1
102
RTVSPropertyOp43
 70
     1
102
RTVSPropertyOp44
 70
     1
102
RTVSPropertyOp45
 70
     1
102
RTVSPropertyOp46
 70
     1
102
RTVSPropertyOp47
 70
     1
102
RTVSPropertyOp48
 70
     1
102
RTVSPropertyOp49
 70
     1
102
RTVSPropertyOp50
 70
     1
102
RTVSPropertyOp51
 70
     0
102
RTVSPropertyOp52
 70
     0
102
RTVSPropertyOp53
 70
     1
102
RTVSPropertyOp54
 70
     1
102
RTVSPropertyOp55
 70
     1
102
RTVSPropertyOp56
 70
     1
102
RTVSPropertyOp57
 70
     1
102
RTVSPost2010Prop28
280
     0
102
RTVSPost2010PropOp28
 70
     1
102
RTVSPost2010Prop29
280
     1
102
RTVSPost2010PropOp29
 70
     1
102
RTVSPost2010Prop30
280
     1
102
RTVSPost2010PropOp30
 70
     1
102
RTVSPost2010Prop31
280
     0
102
RTVSPost2010PropOp31
 70
     1
102
RTVSPost2010Prop32
280
     0
102
RTVSPost2010PropOp32
 70
     1
102
RTVSPost2010Prop33
280
     0
102
RTVSPost2010PropOp33
 70
     1
102
RTVSPost2010Prop34
280
     0
102
RTVSPost2010PropOp34
 70
     1
102
RTVSPost2010Prop35
280
     0
102
RTVSPost2010PropOp35
 70
     1
102
RTVSPost2010Prop36
280
     0
102
RTVSPost2010PropOp36
 70
     1
102
RTVSPost2010Prop37
 90
       50
102
RTVSPost2010PropOp37
 70
     1
102
RTVSPost2010Prop38
140
0.0
102
RTVSPost2010PropOp38
 70
     1
102
RTVSPost2010Prop39
140
1.0
102
RTVSPost2010PropOp39
 70
     1
102
RTVSPost2010Prop40
 90
        0
102
RTVSPost2010PropOp40
 70
     1
102
RTVSPost2010Prop41ColorIndex
 90
       18
102
RTVSPost2010Prop41ColorRGB
 90
        0
102
RTVSPost2010PropOp41
 70
     1
102
RTVSPost2010Prop42
 90
       50
102
RTVSPost2010PropOp42
 70
     1
102
RTVSPost2010Prop43
 90
        3
102
RTVSPost2010PropOp43
 70
     1
102
RTVSPost2010Prop44ColorIndex
 90
        5
102
RTVSPost2010Prop44ColorRGB
 90
      255
102
RTVSPost2010PropOp44
 70
     1
102
RTVSPost2010Prop45
280
     0
102
RTVSPost2010PropOp45
 70
     1
102
RTVSPost2010Prop46
 90
       50
102
RTVSPost2010PropOp46
 70
     1
102
RTVSPost2010Prop47
 90
       50
102
RTVSPost2010PropOp47
 70
     1
102
RTVSPost2010Prop48
 90
       50
102
RTVSPost2010PropOp48
 70
     1
102
RTVSPost2010Prop49
280
     0
102
RTVSPost2010PropOp49
 70
     1
102
RTVSPost2010Prop50
 90
       50
102
RTVSPost2010PropOp50
 70
     1
102
RTVSPost2010Prop51ColorIndex
 90
      256
102
RTVSPost2010Prop51ColorRGB
 90
-16777216
102
RTVSPost2010PropOp51
 70
     0
102
RTVSPost2010Prop52
140
1.0
102
RTVSPost2010PropOp52
 70
     0
102
RTVSPost2010Prop53
 90
        2
102
RTVSPost2010PropOp53
 70
     1
102
RTVSPost2010Prop54
  1
strokes_ogs.tif
102
RTVSPost2010PropOp54
 70
     1
102
RTVSPost2010Prop55
280
     0
102
RTVSPost2010PropOp55
 70
     1
102
RTVSPost2010Prop56
140
1.0
102
RTVSPost2010PropOp56
 70
     1
102
RTVSPost2010Prop57
140
1.0
102
RTVSPost2010PropOp57
 70
     1
  0
XRECORD
  5
30B
102
{ACAD_REACTORS
330
30A
102
}
330
30A
100
AcDbXrecord
280
     1
102
RTVSPropertyOp0
 70
     1
102
RTVSPropertyOp1
 70
     1
102
RTVSPropertyOp2
 70
     1
102
RTVSPropertyOp3
 70
     1
102
RTVSPropertyOp4
 70
     1
102
RTVSPropertyOp5
 70
     1
102
RTVSPropertyOp6
 70
     1
102
RTVSPropertyOp7
 70
     1
102
RTVSPropertyOp8
 70
     1
102
RTVSPropertyOp9
 70
     1
102
RTVSPropertyOp10
 70
     1
102
RTVSPropertyOp11
 70
     1
102
RTVSPropertyOp12
 70
     1
102
RTVSPropertyOp13
 70
     1
102
RTVSPropertyOp14
 70
     1
102
RTVSPropertyOp15
 70
     1
102
RTVSPropertyOp16
 70
     1
102
RTVSPropertyOp17
 70
     1
102
RTVSPropertyOp18
 70
     1
102
RTVSPropertyOp19
 70
     1
102
RTVSPropertyOp20
 70
     1
102
RTVSPropertyOp21
 70
     1
102
RTVSPropertyOp22
 70
     1
102
RTVSPropertyOp23
 70
     1
102
RTVSPropertyOp24
 70
     1
102
RTVSPropertyOp25
 70
     1
102
RTVSPropertyOp26
 70
     1
102
RTVSPropertyOp27
 70
     1
102
RTVSPropertyOp28
 70
     1
102
RTVSPropertyOp29
 70
     1
102
RTVSPropertyOp30
 70
     1
102
RTVSPropertyOp31
 70
     1
102
RTVSPropertyOp32
 70
     1
102
RTVSPropertyOp33
 70
     1
102
RTVSPropertyOp34
 70
     1
102
RTVSPropertyOp35
 70
     1
102
RTVSPropertyOp36
 70
     1
102
RTVSPropertyOp37
 70
     1
102
RTVSPropertyOp38
 70
     1
102
RTVSPropertyOp39
 70
     1
102
RTVSPropertyOp40
 70
     1
102
RTVSPropertyOp41
 70
     1
102
RTVSPropertyOp42
 70
     1
102
RTVSPropertyOp43
 70
     1
102
RTVSPropertyOp44
 70
     1
102
RTVSPropertyOp45
 70
     1
102
RTVSPropertyOp46
 70
     1
102
RTVSPropertyOp47
 70
     1
102
RTVSPropertyOp48
 70
     1
102
RTVSPropertyOp49
 70
     1
102
RTVSPropertyOp50
 70
     1
102
RTVSPropertyOp51
 70
     0
102
RTVSPropertyOp52
 70
     0
102
RTVSPropertyOp53
 70
     1
102
RTVSPropertyOp54
 70
     1
102
RTVSPropertyOp55
 70
     1
102
RTVSPropertyOp56
 70
     1
102
RTVSPropertyOp57
 70
     1
102
RTVSPost2010Prop28
280
     0
102
RTVSPost2010PropOp28
 70
     1
102
RTVSPost2010Prop29
280
     1
102
RTVSPost2010PropOp29
 70
     1
102
RTVSPost2010Prop30
280
     1
102
RTVSPost2010PropOp30
 70
     1
102
RTVSPost2010Prop31
280
     0
102
RTVSPost2010PropOp31
 70
     1
102
RTVSPost2010Prop32
280
     0
102
RTVSPost2010PropOp32
 70
     1
102
RTVSPost2010Prop33
280
     0
102
RTVSPost2010PropOp33
 70
     1
102
RTVSPost2010Prop34
280
     0
102
RTVSPost2010PropOp34
 70
     1
102
RTVSPost2010Prop35
280
     0
102
RTVSPost2010PropOp35
 70
     1
102
RTVSPost2010Prop36
280
     0
102
RTVSPost2010PropOp36
 70
     1
102
RTVSPost2010Prop37
 90
       50
102
RTVSPost2010PropOp37
 70
     1
102
RTVSPost2010Prop38
140
0.0
102
RTVSPost2010PropOp38
 70
     1
102
RTVSPost2010Prop39
140
1.0
102
RTVSPost2010PropOp39
 70
     1
102
RTVSPost2010Prop40
 90
        0
102
RTVSPost2010PropOp40
 70
     1
102
RTVSPost2010Prop41ColorIndex
 90
       18
102
RTVSPost2010Prop41ColorRGB
 90
        0
102
RTVSPost2010PropOp41
 70
     1
102
RTVSPost2010Prop42
 90
       50
102
RTVSPost2010PropOp42
 70
     1
102
RTVSPost2010Prop43
 90
        3
102
RTVSPost2010PropOp43
 70
     1
102
RTVSPost2010Prop44ColorIndex
 90
        5
102
RTVSPost2010Prop44ColorRGB
 90
      255
102
RTVSPost2010PropOp44
 70
     1
102
RTVSPost2010Prop45
280
     0
102
RTVSPost2010PropOp45
 70
     1
102
RTVSPost2010Prop46
 90
       50
102
RTVSPost2010PropOp46
 70
     1
102
RTVSPost2010Prop47
 90
       50
102
RTVSPost2010PropOp47
 70
     1
102
RTVSPost2010Prop48
 90
       50
102
RTVSPost2010PropOp48
 70
     1
102
RTVSPost2010Prop49
280
     0
102
RTVSPost2010PropOp49
 70
     1
102
RTVSPost2010Prop50
 90
       50
102
RTVSPost2010PropOp50
 70
     1
102
RTVSPost2010Prop51ColorIndex
 90
      256
102
RTVSPost2010Prop51ColorRGB
 90
-16777216
102
RTVSPost2010PropOp51
 70
     0
102
RTVSPost2010Prop52
140
1.0
102
RTVSPost2010PropOp52
 70
     0
102
RTVSPost2010Prop53
 90
        2
102
RTVSPost2010PropOp53
 70
     1
102
RTVSPost2010Prop54
  1
strokes_ogs.tif
102
RTVSPost2010PropOp54
 70
     1
102
RTVSPost2010Prop55
280
     0
102
RTVSPost2010PropOp55
 70
     1
102
RTVSPost2010Prop56
140
1.0
102
RTVSPost2010PropOp56
 70
     1
102
RTVSPost2010Prop57
140
1.0
102
RTVSPost2010PropOp57
 70
     1
  0
XRECORD
  5
309
102
{ACAD_REACTORS
330
308
102
}
330
308
100
AcDbXrecord
280
     1
102
RTVSPropertyOp0
 70
     1
102
RTVSPropertyOp1
 70
     1
102
RTVSPropertyOp2
 70
     1
102
RTVSPropertyOp3
 70
     1
102
RTVSPropertyOp4
 70
     1
102
RTVSPropertyOp5
 70
     1
102
RTVSPropertyOp6
 70
     1
102
RTVSPropertyOp7
 70
     1
102
RTVSPropertyOp8
 70
     1
102
RTVSPropertyOp9
 70
     1
102
RTVSPropertyOp10
 70
     1
102
RTVSPropertyOp11
 70
     1
102
RTVSPropertyOp12
 70
     1
102
RTVSPropertyOp13
 70
     1
102
RTVSPropertyOp14
 70
     1
102
RTVSPropertyOp15
 70
     1
102
RTVSPropertyOp16
 70
     1
102
RTVSPropertyOp17
 70
     1
102
RTVSPropertyOp18
 70
     1
102
RTVSPropertyOp19
 70
     1
102
RTVSPropertyOp20
 70
     1
102
RTVSPropertyOp21
 70
     1
102
RTVSPropertyOp22
 70
     1
102
RTVSPropertyOp23
 70
     1
102
RTVSPropertyOp24
 70
     1
102
RTVSPropertyOp25
 70
     1
102
RTVSPropertyOp26
 70
     1
102
RTVSPropertyOp27
 70
     1
102
RTVSPropertyOp28
 70
     1
102
RTVSPropertyOp29
 70
     1
102
RTVSPropertyOp30
 70
     1
102
RTVSPropertyOp31
 70
     1
102
RTVSPropertyOp32
 70
     1
102
RTVSPropertyOp33
 70
     1
102
RTVSPropertyOp34
 70
     1
102
RTVSPropertyOp35
 70
     1
102
RTVSPropertyOp36
 70
     1
102
RTVSPropertyOp37
 70
     1
102
RTVSPropertyOp38
 70
     1
102
RTVSPropertyOp39
 70
     1
102
RTVSPropertyOp40
 70
     1
102
RTVSPropertyOp41
 70
     1
102
RTVSPropertyOp42
 70
     1
102
RTVSPropertyOp43
 70
     1
102
RTVSPropertyOp44
 70
     1
102
RTVSPropertyOp45
 70
     1
102
RTVSPropertyOp46
 70
     1
102
RTVSPropertyOp47
 70
     1
102
RTVSPropertyOp48
 70
     1
102
RTVSPropertyOp49
 70
     1
102
RTVSPropertyOp50
 70
     1
102
RTVSPropertyOp51
 70
     0
102
RTVSPropertyOp52
 70
     0
102
RTVSPropertyOp53
 70
     1
102
RTVSPropertyOp54
 70
     1
102
RTVSPropertyOp55
 70
     1
102
RTVSPropertyOp56
 70
     1
102
RTVSPropertyOp57
 70
     1
102
RTVSPost2010Prop28
280
     0
102
RTVSPost2010PropOp28
 70
     1
102
RTVSPost2010Prop29
280
     1
102
RTVSPost2010PropOp29
 70
     1
102
RTVSPost2010Prop30
280
     1
102
RTVSPost2010PropOp30
 70
     1
102
RTVSPost2010Prop31
280
     0
102
RTVSPost2010PropOp31
 70
     1
102
RTVSPost2010Prop32
280
     0
102
RTVSPost2010PropOp32
 70
     1
102
RTVSPost2010Prop33
280
     0
102
RTVSPost2010PropOp33
 70
     1
102
RTVSPost2010Prop34
280
     0
102
RTVSPost2010PropOp34
 70
     1
102
RTVSPost2010Prop35
280
     0
102
RTVSPost2010PropOp35
 70
     1
102
RTVSPost2010Prop36
280
     0
102
RTVSPost2010PropOp36
 70
     1
102
RTVSPost2010Prop37
 90
       50
102
RTVSPost2010PropOp37
 70
     1
102
RTVSPost2010Prop38
140
0.0
102
RTVSPost2010PropOp38
 70
     1
102
RTVSPost2010Prop39
140
1.0
102
RTVSPost2010PropOp39
 70
     1
102
RTVSPost2010Prop40
 90
        0
102
RTVSPost2010PropOp40
 70
     1
102
RTVSPost2010Prop41ColorIndex
 90
       18
102
RTVSPost2010Prop41ColorRGB
 90
        0
102
RTVSPost2010PropOp41
 70
     1
102
RTVSPost2010Prop42
 90
       50
102
RTVSPost2010PropOp42
 70
     1
102
RTVSPost2010Prop43
 90
        3
102
RTVSPost2010PropOp43
 70
     1
102
RTVSPost2010Prop44ColorIndex
 90
        5
102
RTVSPost2010Prop44ColorRGB
 90
      255
102
RTVSPost2010PropOp44
 70
     1
102
RTVSPost2010Prop45
280
     0
102
RTVSPost2010PropOp45
 70
     1
102
RTVSPost2010Prop46
 90
       50
102
RTVSPost2010PropOp46
 70
     1
102
RTVSPost2010Prop47
 90
       50
102
RTVSPost2010PropOp47
 70
     1
102
RTVSPost2010Prop48
 90
       50
102
RTVSPost2010PropOp48
 70
     1
102
RTVSPost2010Prop49
280
     0
102
RTVSPost2010PropOp49
 70
     1
102
RTVSPost2010Prop50
 90
       50
102
RTVSPost2010PropOp50
 70
     1
102
RTVSPost2010Prop51ColorIndex
 90
      256
102
RTVSPost2010Prop51ColorRGB
 90
-16777216
102
RTVSPost2010PropOp51
 70
     0
102
RTVSPost2010Prop52
140
1.0
102
RTVSPost2010PropOp52
 70
     0
102
RTVSPost2010Prop53
 90
        2
102
RTVSPost2010PropOp53
 70
     1
102
RTVSPost2010Prop54
  1
strokes_ogs.tif
102
RTVSPost2010PropOp54
 70
     1
102
RTVSPost2010Prop55
280
     0
102
RTVSPost2010PropOp55
 70
     1
102
RTVSPost2010Prop56
140
1.0
102
RTVSPost2010PropOp56
 70
     1
102
RTVSPost2010Prop57
140
1.0
102
RTVSPost2010PropOp57
 70
     1
  0
XRECORD
  5
303
102
{ACAD_REACTORS
330
302
102
}
330
302
100
AcDbXrecord
280
     1
102
RTVSPropertyOp0
 70
     1
102
RTVSPropertyOp1
 70
     1
102
RTVSPropertyOp2
 70
     1
102
RTVSPropertyOp3
 70
     1
102
RTVSPropertyOp4
 70
     1
102
RTVSPropertyOp5
 70
     1
102
RTVSPropertyOp6
 70
     1
102
RTVSPropertyOp7
 70
     1
102
RTVSPropertyOp8
 70
     1
102
RTVSPropertyOp9
 70
     1
102
RTVSPropertyOp10
 70
     1
102
RTVSPropertyOp11
 70
     1
102
RTVSPropertyOp12
 70
     1
102
RTVSPropertyOp13
 70
     1
102
RTVSPropertyOp14
 70
     1
102
RTVSPropertyOp15
 70
     1
102
RTVSPropertyOp16
 70
     1
102
RTVSPropertyOp17
 70
     1
102
RTVSPropertyOp18
 70
     1
102
RTVSPropertyOp19
 70
     1
102
RTVSPropertyOp20
 70
     1
102
RTVSPropertyOp21
 70
     1
102
RTVSPropertyOp22
 70
     1
102
RTVSPropertyOp23
 70
     1
102
RTVSPropertyOp24
 70
     1
102
RTVSPropertyOp25
 70
     1
102
RTVSPropertyOp26
 70
     1
102
RTVSPropertyOp27
 70
     1
102
RTVSPropertyOp28
 70
     1
102
RTVSPropertyOp29
 70
     1
102
RTVSPropertyOp30
 70
     1
102
RTVSPropertyOp31
 70
     1
102
RTVSPropertyOp32
 70
     1
102
RTVSPropertyOp33
 70
     1
102
RTVSPropertyOp34
 70
     1
102
RTVSPropertyOp35
 70
     1
102
RTVSPropertyOp36
 70
     1
102
RTVSPropertyOp37
 70
     1
102
RTVSPropertyOp38
 70
     1
102
RTVSPropertyOp39
 70
     1
102
RTVSPropertyOp40
 70
     1
102
RTVSPropertyOp41
 70
     1
102
RTVSPropertyOp42
 70
     1
102
RTVSPropertyOp43
 70
     1
102
RTVSPropertyOp44
 70
     1
102
RTVSPropertyOp45
 70
     1
102
RTVSPropertyOp46
 70
     1
102
RTVSPropertyOp47
 70
     1
102
RTVSPropertyOp48
 70
     1
102
RTVSPropertyOp49
 70
     1
102
RTVSPropertyOp50
 70
     1
102
RTVSPropertyOp51
 70
     0
102
RTVSPropertyOp52
 70
     0
102
RTVSPropertyOp53
 70
     1
102
RTVSPropertyOp54
 70
     1
102
RTVSPropertyOp55
 70
     1
102
RTVSPropertyOp56
 70
     1
102
RTVSPropertyOp57
 70
     1
102
RTVSPost2010Prop28
280
     0
102
RTVSPost2010PropOp28
 70
     1
102
RTVSPost2010Prop29
280
     1
102
RTVSPost2010PropOp29
 70
     1
102
RTVSPost2010Prop30
280
     1
102
RTVSPost2010PropOp30
 70
     1
102
RTVSPost2010Prop31
280
     0
102
RTVSPost2010PropOp31
 70
     1
102
RTVSPost2010Prop32
280
     0
102
RTVSPost2010PropOp32
 70
     1
102
RTVSPost2010Prop33
280
     0
102
RTVSPost2010PropOp33
 70
     1
102
RTVSPost2010Prop34
280
     0
102
RTVSPost2010PropOp34
 70
     1
102
RTVSPost2010Prop35
280
     0
102
RTVSPost2010PropOp35
 70
     1
102
RTVSPost2010Prop36
280
     0
102
RTVSPost2010PropOp36
 70
     1
102
RTVSPost2010Prop37
 90
       50
102
RTVSPost2010PropOp37
 70
     1
102
RTVSPost2010Prop38
140
0.0
102
RTVSPost2010PropOp38
 70
     1
102
RTVSPost2010Prop39
140
1.0
102
RTVSPost2010PropOp39
 70
     1
102
RTVSPost2010Prop40
 90
        0
102
RTVSPost2010PropOp40
 70
     1
102
RTVSPost2010Prop41ColorIndex
 90
       18
102
RTVSPost2010Prop41ColorRGB
 90
        0
102
RTVSPost2010PropOp41
 70
     1
102
RTVSPost2010Prop42
 90
       50
102
RTVSPost2010PropOp42
 70
     1
102
RTVSPost2010Prop43
 90
        3
102
RTVSPost2010PropOp43
 70
     1
102
RTVSPost2010Prop44ColorIndex
 90
        5
102
RTVSPost2010Prop44ColorRGB
 90
      255
102
RTVSPost2010PropOp44
 70
     1
102
RTVSPost2010Prop45
280
     0
102
RTVSPost2010PropOp45
 70
     1
102
RTVSPost2010Prop46
 90
       50
102
RTVSPost2010PropOp46
 70
     1
102
RTVSPost2010Prop47
 90
       50
102
RTVSPost2010PropOp47
 70
     1
102
RTVSPost2010Prop48
 90
       50
102
RTVSPost2010PropOp48
 70
     1
102
RTVSPost2010Prop49
280
     0
102
RTVSPost2010PropOp49
 70
     1
102
RTVSPost2010Prop50
 90
       50
102
RTVSPost2010PropOp50
 70
     1
102
RTVSPost2010Prop51ColorIndex
 90
      256
102
RTVSPost2010Prop51ColorRGB
 90
-16777216
102
RTVSPost2010PropOp51
 70
     0
102
RTVSPost2010Prop52
140
1.0
102
RTVSPost2010PropOp52
 70
     0
102
RTVSPost2010Prop53
 90
        2
102
RTVSPost2010PropOp53
 70
     1
102
RTVSPost2010Prop54
  1
strokes_ogs.tif
102
RTVSPost2010PropOp54
 70
     1
102
RTVSPost2010Prop55
280
     0
102
RTVSPost2010PropOp55
 70
     1
102
RTVSPost2010Prop56
140
1.0
102
RTVSPost2010PropOp56
 70
     1
102
RTVSPost2010Prop57
140
1.0
102
RTVSPost2010PropOp57
 70
     1
  0
XRECORD
  5
305
102
{ACAD_REACTORS
330
304
102
}
330
304
100
AcDbXrecord
280
     1
102
RTVSPropertyOp0
 70
     1
102
RTVSPropertyOp1
 70
     1
102
RTVSPropertyOp2
 70
     1
102
RTVSPropertyOp3
 70
     1
102
RTVSPropertyOp4
 70
     1
102
RTVSPropertyOp5
 70
     1
102
RTVSPropertyOp6
 70
     1
102
RTVSPropertyOp7
 70
     1
102
RTVSPropertyOp8
 70
     1
102
RTVSPropertyOp9
 70
     1
102
RTVSPropertyOp10
 70
     1
102
RTVSPropertyOp11
 70
     1
102
RTVSPropertyOp12
 70
     1
102
RTVSPropertyOp13
 70
     1
102
RTVSPropertyOp14
 70
     1
102
RTVSPropertyOp15
 70
     1
102
RTVSPropertyOp16
 70
     1
102
RTVSPropertyOp17
 70
     1
102
RTVSPropertyOp18
 70
     1
102
RTVSPropertyOp19
 70
     1
102
RTVSPropertyOp20
 70
     1
102
RTVSPropertyOp21
 70
     1
102
RTVSPropertyOp22
 70
     1
102
RTVSPropertyOp23
 70
     1
102
RTVSPropertyOp24
 70
     1
102
RTVSPropertyOp25
 70
     1
102
RTVSPropertyOp26
 70
     1
102
RTVSPropertyOp27
 70
     1
102
RTVSPropertyOp28
 70
     1
102
RTVSPropertyOp29
 70
     1
102
RTVSPropertyOp30
 70
     1
102
RTVSPropertyOp31
 70
     1
102
RTVSPropertyOp32
 70
     1
102
RTVSPropertyOp33
 70
     1
102
RTVSPropertyOp34
 70
     1
102
RTVSPropertyOp35
 70
     1
102
RTVSPropertyOp36
 70
     1
102
RTVSPropertyOp37
 70
     1
102
RTVSPropertyOp38
 70
     1
102
RTVSPropertyOp39
 70
     1
102
RTVSPropertyOp40
 70
     1
102
RTVSPropertyOp41
 70
     1
102
RTVSPropertyOp42
 70
     1
102
RTVSPropertyOp43
 70
     1
102
RTVSPropertyOp44
 70
     1
102
RTVSPropertyOp45
 70
     1
102
RTVSPropertyOp46
 70
     1
102
RTVSPropertyOp47
 70
     1
102
RTVSPropertyOp48
 70
     1
102
RTVSPropertyOp49
 70
     1
102
RTVSPropertyOp50
 70
     1
102
RTVSPropertyOp51
 70
     0
102
RTVSPropertyOp52
 70
     0
102
RTVSPropertyOp53
 70
     1
102
RTVSPropertyOp54
 70
     1
102
RTVSPropertyOp55
 70
     1
102
RTVSPropertyOp56
 70
     1
102
RTVSPropertyOp57
 70
     1
102
RTVSPost2010Prop28
280
     0
102
RTVSPost2010PropOp28
 70
     1
102
RTVSPost2010Prop29
280
     1
102
RTVSPost2010PropOp29
 70
     1
102
RTVSPost2010Prop30
280
     1
102
RTVSPost2010PropOp30
 70
     1
102
RTVSPost2010Prop31
280
     0
102
RTVSPost2010PropOp31
 70
     1
102
RTVSPost2010Prop32
280
     0
102
RTVSPost2010PropOp32
 70
     1
102
RTVSPost2010Prop33
280
     0
102
RTVSPost2010PropOp33
 70
     1
102
RTVSPost2010Prop34
280
     0
102
RTVSPost2010PropOp34
 70
     1
102
RTVSPost2010Prop35
280
     0
102
RTVSPost2010PropOp35
 70
     1
102
RTVSPost2010Prop36
280
     0
102
RTVSPost2010PropOp36
 70
     1
102
RTVSPost2010Prop37
 90
       50
102
RTVSPost2010PropOp37
 70
     1
102
RTVSPost2010Prop38
140
0.0
102
RTVSPost2010PropOp38
 70
     1
102
RTVSPost2010Prop39
140
1.0
102
RTVSPost2010PropOp39
 70
     1
102
RTVSPost2010Prop40
 90
        0
102
RTVSPost2010PropOp40
 70
     1
102
RTVSPost2010Prop41ColorIndex
 90
       18
102
RTVSPost2010Prop41ColorRGB
 90
        0
102
RTVSPost2010PropOp41
 70
     1
102
RTVSPost2010Prop42
 90
       50
102
RTVSPost2010PropOp42
 70
     1
102
RTVSPost2010Prop43
 90
        3
102
RTVSPost2010PropOp43
 70
     1
102
RTVSPost2010Prop44ColorIndex
 90
        5
102
RTVSPost2010Prop44ColorRGB
 90
      255
102
RTVSPost2010PropOp44
 70
     1
102
RTVSPost2010Prop45
280
     0
102
RTVSPost2010PropOp45
 70
     1
102
RTVSPost2010Prop46
 90
       50
102
RTVSPost2010PropOp46
 70
     1
102
RTVSPost2010Prop47
 90
       50
102
RTVSPost2010PropOp47
 70
     1
102
RTVSPost2010Prop48
 90
       50
102
RTVSPost2010PropOp48
 70
     1
102
RTVSPost2010Prop49
280
     0
102
RTVSPost2010PropOp49
 70
     1
102
RTVSPost2010Prop50
 90
       50
102
RTVSPost2010PropOp50
 70
     1
102
RTVSPost2010Prop51ColorIndex
 90
      256
102
RTVSPost2010Prop51ColorRGB
 90
-16777216
102
RTVSPost2010PropOp51
 70
     0
102
RTVSPost2010Prop52
140
1.0
102
RTVSPost2010PropOp52
 70
     0
102
RTVSPost2010Prop53
 90
        2
102
RTVSPost2010PropOp53
 70
     1
102
RTVSPost2010Prop54
  1
strokes_ogs.tif
102
RTVSPost2010PropOp54
 70
     1
102
RTVSPost2010Prop55
280
     0
102
RTVSPost2010PropOp55
 70
     1
102
RTVSPost2010Prop56
140
1.0
102
RTVSPost2010PropOp56
 70
     1
102
RTVSPost2010Prop57
140
1.0
102
RTVSPost2010PropOp57
 70
     1
  0
XRECORD
  5
2F5
102
{ACAD_REACTORS
330
2F4
102
}
330
2F4
100
AcDbXrecord
280
     1
102
RTVSPropertyOp0
 70
     1
102
RTVSPropertyOp1
 70
     1
102
RTVSPropertyOp2
 70
     1
102
RTVSPropertyOp3
 70
     1
102
RTVSPropertyOp4
 70
     1
102
RTVSPropertyOp5
 70
     1
102
RTVSPropertyOp6
 70
     1
102
RTVSPropertyOp7
 70
     1
102
RTVSPropertyOp8
 70
     1
102
RTVSPropertyOp9
 70
     1
102
RTVSPropertyOp10
 70
     1
102
RTVSPropertyOp11
 70
     1
102
RTVSPropertyOp12
 70
     1
102
RTVSPropertyOp13
 70
     1
102
RTVSPropertyOp14
 70
     1
102
RTVSPropertyOp15
 70
     1
102
RTVSPropertyOp16
 70
     1
102
RTVSPropertyOp17
 70
     1
102
RTVSPropertyOp18
 70
     1
102
RTVSPropertyOp19
 70
     1
102
RTVSPropertyOp20
 70
     1
102
RTVSPropertyOp21
 70
     1
102
RTVSPropertyOp22
 70
     1
102
RTVSPropertyOp23
 70
     1
102
RTVSPropertyOp24
 70
     1
102
RTVSPropertyOp25
 70
     1
102
RTVSPropertyOp26
 70
     1
102
RTVSPropertyOp27
 70
     1
102
RTVSPropertyOp28
 70
     1
102
RTVSPropertyOp29
 70
     1
102
RTVSPropertyOp30
 70
     1
102
RTVSPropertyOp31
 70
     1
102
RTVSPropertyOp32
 70
     1
102
RTVSPropertyOp33
 70
     1
102
RTVSPropertyOp34
 70
     1
102
RTVSPropertyOp35
 70
     1
102
RTVSPropertyOp36
 70
     1
102
RTVSPropertyOp37
 70
     1
102
RTVSPropertyOp38
 70
     1
102
RTVSPropertyOp39
 70
     1
102
RTVSPropertyOp40
 70
     1
102
RTVSPropertyOp41
 70
     1
102
RTVSPropertyOp42
 70
     1
102
RTVSPropertyOp43
 70
     1
102
RTVSPropertyOp44
 70
     1
102
RTVSPropertyOp45
 70
     1
102
RTVSPropertyOp46
 70
     1
102
RTVSPropertyOp47
 70
     1
102
RTVSPropertyOp48
 70
     1
102
RTVSPropertyOp49
 70
     1
102
RTVSPropertyOp50
 70
     1
102
RTVSPropertyOp51
 70
     0
102
RTVSPropertyOp52
 70
     0
102
RTVSPropertyOp53
 70
     1
102
RTVSPropertyOp54
 70
     1
102
RTVSPropertyOp55
 70
     1
102
RTVSPropertyOp56
 70
     1
102
RTVSPropertyOp57
 70
     1
102
RTVSPost2010Prop28
280
     0
102
RTVSPost2010PropOp28
 70
     1
102
RTVSPost2010Prop29
280
     1
102
RTVSPost2010PropOp29
 70
     1
102
RTVSPost2010Prop30
280
     1
102
RTVSPost2010PropOp30
 70
     1
102
RTVSPost2010Prop31
280
     0
102
RTVSPost2010PropOp31
 70
     1
102
RTVSPost2010Prop32
280
     0
102
RTVSPost2010PropOp32
 70
     1
102
RTVSPost2010Prop33
280
     0
102
RTVSPost2010PropOp33
 70
     1
102
RTVSPost2010Prop34
280
     0
102
RTVSPost2010PropOp34
 70
     1
102
RTVSPost2010Prop35
280
     0
102
RTVSPost2010PropOp35
 70
     1
102
RTVSPost2010Prop36
280
     0
102
RTVSPost2010PropOp36
 70
     1
102
RTVSPost2010Prop37
 90
       50
102
RTVSPost2010PropOp37
 70
     1
102
RTVSPost2010Prop38
140
0.0
102
RTVSPost2010PropOp38
 70
     1
102
RTVSPost2010Prop39
140
1.0
102
RTVSPost2010PropOp39
 70
     1
102
RTVSPost2010Prop40
 90
        0
102
RTVSPost2010PropOp40
 70
     1
102
RTVSPost2010Prop41ColorIndex
 90
       18
102
RTVSPost2010Prop41ColorRGB
 90
        0
102
RTVSPost2010PropOp41
 70
     1
102
RTVSPost2010Prop42
 90
       50
102
RTVSPost2010PropOp42
 70
     1
102
RTVSPost2010Prop43
 90
        3
102
RTVSPost2010PropOp43
 70
     1
102
RTVSPost2010Prop44ColorIndex
 90
        5
102
RTVSPost2010Prop44ColorRGB
 90
      255
102
RTVSPost2010PropOp44
 70
     1
102
RTVSPost2010Prop45
280
     0
102
RTVSPost2010PropOp45
 70
     1
102
RTVSPost2010Prop46
 90
       50
102
RTVSPost2010PropOp46
 70
     1
102
RTVSPost2010Prop47
 90
       50
102
RTVSPost2010PropOp47
 70
     1
102
RTVSPost2010Prop48
 90
       50
102
RTVSPost2010PropOp48
 70
     1
102
RTVSPost2010Prop49
280
     0
102
RTVSPost2010PropOp49
 70
     1
102
RTVSPost2010Prop50
 90
       50
102
RTVSPost2010PropOp50
 70
     1
102
RTVSPost2010Prop51ColorIndex
 90
      256
102
RTVSPost2010Prop51ColorRGB
 90
-16777216
102
RTVSPost2010PropOp51
 70
     0
102
RTVSPost2010Prop52
140
1.0
102
RTVSPost2010PropOp52
 70
     0
102
RTVSPost2010Prop53
 90
        2
102
RTVSPost2010PropOp53
 70
     1
102
RTVSPost2010Prop54
  1
strokes_ogs.tif
102
RTVSPost2010PropOp54
 70
     1
102
RTVSPost2010Prop55
280
     0
102
RTVSPost2010PropOp55
 70
     1
102
RTVSPost2010Prop56
140
1.0
102
RTVSPost2010PropOp56
 70
     1
102
RTVSPost2010Prop57
140
1.0
102
RTVSPost2010PropOp57
 70
     1
  0
XRECORD
  5
2E7
102
{ACAD_REACTORS
330
2E6
102
}
330
2E6
100
AcDbXrecord
280
     1
102
RTVSPropertyOp0
 70
     1
102
RTVSPropertyOp1
 70
     1
102
RTVSPropertyOp2
 70
     1
102
RTVSPropertyOp3
 70
     1
102
RTVSPropertyOp4
 70
     1
102
RTVSPropertyOp5
 70
     1
102
RTVSPropertyOp6
 70
     1
102
RTVSPropertyOp7
 70
     1
102
RTVSPropertyOp8
 70
     1
102
RTVSPropertyOp9
 70
     1
102
RTVSPropertyOp10
 70
     1
102
RTVSPropertyOp11
 70
     1
102
RTVSPropertyOp12
 70
     1
102
RTVSPropertyOp13
 70
     1
102
RTVSPropertyOp14
 70
     1
102
RTVSPropertyOp15
 70
     1
102
RTVSPropertyOp16
 70
     1
102
RTVSPropertyOp17
 70
     1
102
RTVSPropertyOp18
 70
     1
102
RTVSPropertyOp19
 70
     1
102
RTVSPropertyOp20
 70
     1
102
RTVSPropertyOp21
 70
     1
102
RTVSPropertyOp22
 70
     1
102
RTVSPropertyOp23
 70
     1
102
RTVSPropertyOp24
 70
     1
102
RTVSPropertyOp25
 70
     1
102
RTVSPropertyOp26
 70
     1
102
RTVSPropertyOp27
 70
     1
102
RTVSPropertyOp28
 70
     1
102
RTVSPropertyOp29
 70
     1
102
RTVSPropertyOp30
 70
     1
102
RTVSPropertyOp31
 70
     1
102
RTVSPropertyOp32
 70
     1
102
RTVSPropertyOp33
 70
     1
102
RTVSPropertyOp34
 70
     1
102
RTVSPropertyOp35
 70
     1
102
RTVSPropertyOp36
 70
     1
102
RTVSPropertyOp37
 70
     1
102
RTVSPropertyOp38
 70
     1
102
RTVSPropertyOp39
 70
     1
102
RTVSPropertyOp40
 70
     1
102
RTVSPropertyOp41
 70
     1
102
RTVSPropertyOp42
 70
     1
102
RTVSPropertyOp43
 70
     1
102
RTVSPropertyOp44
 70
     1
102
RTVSPropertyOp45
 70
     1
102
RTVSPropertyOp46
 70
     1
102
RTVSPropertyOp47
 70
     1
102
RTVSPropertyOp48
 70
     1
102
RTVSPropertyOp49
 70
     1
102
RTVSPropertyOp50
 70
     1
102
RTVSPropertyOp51
 70
     0
102
RTVSPropertyOp52
 70
     0
102
RTVSPropertyOp53
 70
     1
102
RTVSPropertyOp54
 70
     1
102
RTVSPropertyOp55
 70
     1
102
RTVSPropertyOp56
 70
     1
102
RTVSPropertyOp57
 70
     1
102
RTVSPost2010Prop28
280
     0
102
RTVSPost2010PropOp28
 70
     1
102
RTVSPost2010Prop29
280
     1
102
RTVSPost2010PropOp29
 70
     1
102
RTVSPost2010Prop30
280
     1
102
RTVSPost2010PropOp30
 70
     1
102
RTVSPost2010Prop31
280
     0
102
RTVSPost2010PropOp31
 70
     1
102
RTVSPost2010Prop32
280
     0
102
RTVSPost2010PropOp32
 70
     1
102
RTVSPost2010Prop33
280
     0
102
RTVSPost2010PropOp33
 70
     1
102
RTVSPost2010Prop34
280
     0
102
RTVSPost2010PropOp34
 70
     1
102
RTVSPost2010Prop35
280
     0
102
RTVSPost2010PropOp35
 70
     1
102
RTVSPost2010Prop36
280
     0
102
RTVSPost2010PropOp36
 70
     1
102
RTVSPost2010Prop37
 90
       50
102
RTVSPost2010PropOp37
 70
     1
102
RTVSPost2010Prop38
140
0.0
102
RTVSPost2010PropOp38
 70
     1
102
RTVSPost2010Prop39
140
1.0
102
RTVSPost2010PropOp39
 70
     1
102
RTVSPost2010Prop40
 90
        0
102
RTVSPost2010PropOp40
 70
     1
102
RTVSPost2010Prop41ColorIndex
 90
       18
102
RTVSPost2010Prop41ColorRGB
 90
        0
102
RTVSPost2010PropOp41
 70
     1
102
RTVSPost2010Prop42
 90
       50
102
RTVSPost2010PropOp42
 70
     1
102
RTVSPost2010Prop43
 90
        3
102
RTVSPost2010PropOp43
 70
     1
102
RTVSPost2010Prop44ColorIndex
 90
        5
102
RTVSPost2010Prop44ColorRGB
 90
      255
102
RTVSPost2010PropOp44
 70
     1
102
RTVSPost2010Prop45
280
     0
102
RTVSPost2010PropOp45
 70
     1
102
RTVSPost2010Prop46
 90
       50
102
RTVSPost2010PropOp46
 70
     1
102
RTVSPost2010Prop47
 90
       50
102
RTVSPost2010PropOp47
 70
     1
102
RTVSPost2010Prop48
 90
       50
102
RTVSPost2010PropOp48
 70
     1
102
RTVSPost2010Prop49
280
     0
102
RTVSPost2010PropOp49
 70
     1
102
RTVSPost2010Prop50
 90
       50
102
RTVSPost2010PropOp50
 70
     1
102
RTVSPost2010Prop51ColorIndex
 90
      256
102
RTVSPost2010Prop51ColorRGB
 90
-16777216
102
RTVSPost2010PropOp51
 70
     0
102
RTVSPost2010Prop52
140
1.0
102
RTVSPost2010PropOp52
 70
     0
102
RTVSPost2010Prop53
 90
        2
102
RTVSPost2010PropOp53
 70
     1
102
RTVSPost2010Prop54
  1
strokes_ogs.tif
102
RTVSPost2010PropOp54
 70
     1
102
RTVSPost2010Prop55
280
     0
102
RTVSPost2010PropOp55
 70
     1
102
RTVSPost2010Prop56
140
1.0
102
RTVSPost2010PropOp56
 70
     1
102
RTVSPost2010Prop57
140
1.0
102
RTVSPost2010PropOp57
 70
     1
  0
XRECORD
  5
307
102
{ACAD_REACTORS
330
306
102
}
330
306
100
AcDbXrecord
280
     1
102
RTVSPropertyOp0
 70
     1
102
RTVSPropertyOp1
 70
     1
102
RTVSPropertyOp2
 70
     1
102
RTVSPropertyOp3
 70
     1
102
RTVSPropertyOp4
 70
     1
102
RTVSPropertyOp5
 70
     1
102
RTVSPropertyOp6
 70
     1
102
RTVSPropertyOp7
 70
     1
102
RTVSPropertyOp8
 70
     1
102
RTVSPropertyOp9
 70
     1
102
RTVSPropertyOp10
 70
     1
102
RTVSPropertyOp11
 70
     1
102
RTVSPropertyOp12
 70
     1
102
RTVSPropertyOp13
 70
     1
102
RTVSPropertyOp14
 70
     1
102
RTVSPropertyOp15
 70
     1
102
RTVSPropertyOp16
 70
     1
102
RTVSPropertyOp17
 70
     1
102
RTVSPropertyOp18
 70
     1
102
RTVSPropertyOp19
 70
     1
102
RTVSPropertyOp20
 70
     1
102
RTVSPropertyOp21
 70
     1
102
RTVSPropertyOp22
 70
     1
102
RTVSPropertyOp23
 70
     1
102
RTVSPropertyOp24
 70
     1
102
RTVSPropertyOp25
 70
     1
102
RTVSPropertyOp26
 70
     1
102
RTVSPropertyOp27
 70
     1
102
RTVSPropertyOp28
 70
     1
102
RTVSPropertyOp29
 70
     1
102
RTVSPropertyOp30
 70
     1
102
RTVSPropertyOp31
 70
     1
102
RTVSPropertyOp32
 70
     1
102
RTVSPropertyOp33
 70
     1
102
RTVSPropertyOp34
 70
     1
102
RTVSPropertyOp35
 70
     1
102
RTVSPropertyOp36
 70
     1
102
RTVSPropertyOp37
 70
     1
102
RTVSPropertyOp38
 70
     1
102
RTVSPropertyOp39
 70
     1
102
RTVSPropertyOp40
 70
     1
102
RTVSPropertyOp41
 70
     1
102
RTVSPropertyOp42
 70
     1
102
RTVSPropertyOp43
 70
     1
102
RTVSPropertyOp44
 70
     1
102
RTVSPropertyOp45
 70
     1
102
RTVSPropertyOp46
 70
     1
102
RTVSPropertyOp47
 70
     1
102
RTVSPropertyOp48
 70
     1
102
RTVSPropertyOp49
 70
     1
102
RTVSPropertyOp50
 70
     1
102
RTVSPropertyOp51
 70
     0
102
RTVSPropertyOp52
 70
     0
102
RTVSPropertyOp53
 70
     1
102
RTVSPropertyOp54
 70
     1
102
RTVSPropertyOp55
 70
     1
102
RTVSPropertyOp56
 70
     1
102
RTVSPropertyOp57
 70
     1
102
RTVSPost2010Prop28
280
     0
102
RTVSPost2010PropOp28
 70
     1
102
RTVSPost2010Prop29
280
     1
102
RTVSPost2010PropOp29
 70
     1
102
RTVSPost2010Prop30
280
     1
102
RTVSPost2010PropOp30
 70
     1
102
RTVSPost2010Prop31
280
     0
102
RTVSPost2010PropOp31
 70
     1
102
RTVSPost2010Prop32
280
     0
102
RTVSPost2010PropOp32
 70
     1
102
RTVSPost2010Prop33
280
     0
102
RTVSPost2010PropOp33
 70
     1
102
RTVSPost2010Prop34
280
     0
102
RTVSPost2010PropOp34
 70
     1
102
RTVSPost2010Prop35
280
     0
102
RTVSPost2010PropOp35
 70
     1
102
RTVSPost2010Prop36
280
     0
102
RTVSPost2010PropOp36
 70
     1
102
RTVSPost2010Prop37
 90
       50
102
RTVSPost2010PropOp37
 70
     1
102
RTVSPost2010Prop38
140
0.0
102
RTVSPost2010PropOp38
 70
     1
102
RTVSPost2010Prop39
140
1.0
102
RTVSPost2010PropOp39
 70
     1
102
RTVSPost2010Prop40
 90
        0
102
RTVSPost2010PropOp40
 70
     1
102
RTVSPost2010Prop41ColorIndex
 90
       18
102
RTVSPost2010Prop41ColorRGB
 90
        0
102
RTVSPost2010PropOp41
 70
     1
102
RTVSPost2010Prop42
 90
       50
102
RTVSPost2010PropOp42
 70
     1
102
RTVSPost2010Prop43
 90
        3
102
RTVSPost2010PropOp43
 70
     1
102
RTVSPost2010Prop44ColorIndex
 90
        5
102
RTVSPost2010Prop44ColorRGB
 90
      255
102
RTVSPost2010PropOp44
 70
     1
102
RTVSPost2010Prop45
280
     0
102
RTVSPost2010PropOp45
 70
     1
102
RTVSPost2010Prop46
 90
       50
102
RTVSPost2010PropOp46
 70
     1
102
RTVSPost2010Prop47
 90
       50
102
RTVSPost2010PropOp47
 70
     1
102
RTVSPost2010Prop48
 90
       50
102
RTVSPost2010PropOp48
 70
     1
102
RTVSPost2010Prop49
280
     0
102
RTVSPost2010PropOp49
 70
     1
102
RTVSPost2010Prop50
 90
       50
102
RTVSPost2010PropOp50
 70
     1
102
RTVSPost2010Prop51ColorIndex
 90
      256
102
RTVSPost2010Prop51ColorRGB
 90
-16777216
102
RTVSPost2010PropOp51
 70
     0
102
RTVSPost2010Prop52
140
1.0
102
RTVSPost2010PropOp52
 70
     0
102
RTVSPost2010Prop53
 90
        2
102
RTVSPost2010PropOp53
 70
     1
102
RTVSPost2010Prop54
  1
strokes_ogs.tif
102
RTVSPost2010PropOp54
 70
     1
102
RTVSPost2010Prop55
280
     0
102
RTVSPost2010PropOp55
 70
     1
102
RTVSPost2010Prop56
140
1.0
102
RTVSPost2010PropOp56
 70
     1
102
RTVSPost2010Prop57
140
1.0
102
RTVSPost2010PropOp57
 70
     1
  0
ENDSEC
  0
EOF
