  0
SECTION
  2
HEADER
  9
$ACADVER
  1
AC1009
  9
$DWGCODEPAGE
  3
ansi_1252
  9
$INSBASE
 10
0.0
 20
0.0
 30
0.0
  9
$EXTMIN
 10
-50.0
 20
-50.0
 30
0.0
  9
$EXTMAX
 10
50.0
 20
50.0
 30
0.0
  9
$LIMMIN
 10
0.0
 20
0.0
  9
$LIMMAX
 10
12.0
 20
9.0
  9
$ORTHOMODE
 70
     0
  9
$REGENMODE
 70
     1
  9
$FILLMODE
 70
     1
  9
$QTEXTMODE
 70
     0
  9
$MIRRTEXT
 70
     1
  9
$DRAGMODE
 70
     2
  9
$LTSCALE
 40
1.0
  9
$OSMODE
 70
    37
  9
$ATTMODE
 70
     1
  9
$TEXTSIZE
 40
0.2
  9
$TRACEWID
 40
0.05
  9
$TEXTSTYLE
  7
STANDARD
  9
$CLAYER
  8
0
  9
$CELTYPE
  6
BYLAYER
  9
$CECOLOR
 62
   256
  9
$DIMSCALE
 40
1.0
  9
$DIMASZ
 40
0.18
  9
$DIMEXO
 40
0.0625
  9
$DIMDLI
 40
0.38
  9
$DIMRND
 40
0.0
  9
$DIMDLE
 40
0.0
  9
$DIMEXE
 40
0.18
  9
$DIMTP
 40
0.0
  9
$DIMTM
 40
0.0
  9
$DIMTXT
 40
0.18
  9
$DIMCEN
 40
0.09
  9
$DIMTSZ
 40
0.0
  9
$DIMTOL
 70
     0
  9
$DIMLIM
 70
     0
  9
$DIMTIH
 70
     1
  9
$DIMTOH
 70
     1
  9
$DIMSE1
 70
     0
  9
$DIMSE2
 70
     0
  9
$DIMTAD
 70
     0
  9
$DIMZIN
 70
     0
  9
$DIMBLK
  1

  9
$DIMASO
 70
     1
  9
$DIMSHO
 70
     1
  9
$DIMPOST
  1

  9
$DIMAPOST
  1

  9
$DIMALT
 70
     0
  9
$DIMALTD
 70
     2
  9
$DIMALTF
 40
25.4
  9
$DIMLFAC
 40
1.0
  9
$DIMTOFL
 70
     0
  9
$DIMTVP
 40
0.0
  9
$DIMTIX
 70
     0
  9
$DIMSOXD
 70
     0
  9
$DIMSAH
 70
     0
  9
$DIMBLK1
  1

  9
$DIMBLK2
  1

  9
$DIMSTYLE
  2
STANDARD
  9
$DIMCLRD
 70
     0
  9
$DIMCLRE
 70
     0
  9
$DIMCLRT
 70
     0
  9
$DIMTFAC
 40
1.0
  9
$DIMGAP
 40
0.09
  9
$LUNITS
 70
     2
  9
$LUPREC
 70
     4
  9
$SKETCHINC
 40
0.1
  9
$FILLETRAD
 40
0.5
  9
$AUNITS
 70
     0
  9
$AUPREC
 70
     0
  9
$MENU
  1
.
  9
$ELEVATION
 40
0.0
  9
$PELEVATION
 40
0.0
  9
$THICKNESS
 40
0.0
  9
$LIMCHECK
 70
     0
  9
$CHAMFERA
 40
0.5
  9
$CHAMFERB
 40
0.5
  9
$SKPOLY
 70
     0
  9
$TDCREATE
 40
2454910.5
  9
$TDUPDATE
 40
2457368.540049815
  9
$TDINDWG
 40
0.0000000116
  9
$TDUSRTIMER
 40
0.0000000116
  9
$USRTIMER
 70
     1
  9
$ANGBASE
 50
0.0
  9
$ANGDIR
 70
     0
  9
$PDMODE
 70
     0
  9
$PDSIZE
 40
0.0
  9
$PLINEWID
 40
0.0
  9
$COORDS
 70
     1
  9
$SPLFRAME
 70
     0
  9
$SPLINETYPE
 70
     6
  9
$SPLINESEGS
 70
     8
  9
$ATTDIA
 70
     0
  9
$ATTREQ
 70
     1
  9
$HANDLING
 70
     1
  9
$HANDSEED
  5
1988
  9
$SURFTAB1
 70
     6
  9
$SURFTAB2
 70
     6
  9
$SURFTYPE
 70
     6
  9
$SURFU
 70
     6
  9
$SURFV
 70
     6
  9
$UCSNAME
  2

  9
$UCSORG
 10
0.0
 20
0.0
 30
0.0
  9
$UCSXDIR
 10
1.0
 20
0.0
 30
0.0
  9
$UCSYDIR
 10
0.0
 20
1.0
 30
0.0
  9
$PUCSNAME
  2

  9
$PUCSORG
 10
0.0
 20
0.0
 30
0.0
  9
$PUCSXDIR
 10
1.0
 20
0.0
 30
0.0
  9
$PUCSYDIR
 10
0.0
 20
1.0
 30
0.0
  9
$USERI1
 70
     0
  9
$USERI2
 70
     0
  9
$USERI3
 70
     0
  9
$USERI4
 70
     0
  9
$USERI5
 70
     0
  9
$USERR1
 40
0.0
  9
$USERR2
 40
0.0
  9
$USERR3
 40
0.0
  9
$USERR4
 40
0.0
  9
$USERR5
 40
0.0
  9
$WORLDVIEW
 70
     1
  9
$SHADEDGE
 70
     3
  9
$SHADEDIF
 70
    70
  9
$TILEMODE
 70
     1
  9
$MAXACTVP
 70
    64
  9
$PLIMCHECK
 70
     0
  9
$PEXTMIN
 10
1.000000000000000E+20
 20
1.000000000000000E+20
 30
1.000000000000000E+20
  9
$PEXTMAX
 10
-1.000000000000000E+20
 20
-1.000000000000000E+20
 30
-1.000000000000000E+20
  9
$PLIMMIN
 10
0.0
 20
0.0
  9
$PLIMMAX
 10
12.0
 20
9.0
  9
$UNITMODE
 70
     0
  9
$VISRETAIN
 70
     1
  9
$PLINEGEN
 70
     0
  9
$PSLTSCALE
 70
     1
  0
ENDSEC
  0
SECTION
  2
TABLES
  0
TABLE
  2
VPORT
 70
     1
  0
VPORT
  2
*ACTIVE
 70
     0
 10
0.0
 20
0.0
 11
1.0
 21
1.0
 12
10.42990654205607
 22
4.5
 13
0.0
 23
0.0
 14
0.5
 24
0.5
 15
0.5
 25
0.5
 16
0.0
 26
0.0
 36
1.0
 17
0.0
 27
0.0
 37
0.0
 40
9.0
 41
1.972972972850329
 42
50.0
 43
0.0
 44
0.0
 50
0.0
 51
0.0
 71
     0
 72
   100
 73
     1
 74
     3
 75
     0
 76
     0
 77
     0
 78
     0
  0
ENDTAB
  0
TABLE
  2
LTYPE
 70
     2
  0
LTYPE
  2
CONTINUOUS
 70
     0
  3
Solid line
 72
    65
 73
     0
 40
0.0
  0
LTYPE
  2
CONTINUOUS2
 70
     0
  3
Solid Line
 72
    65
 73
     0
 40
0.0
  0
ENDTAB
  0
TABLE
  2
LAYER
 70
     1
  0
LAYER
  2
0
 70
     0
 62
     7
  6
CONTINUOUS
  0
ENDTAB
  0
TABLE
  2
STYLE
 70
     1
  0
STYLE
  2
STANDARD
 70
     0
 40
0.0
 41
1.0
 50
0.0
 71
     0
 42
0.2
  3
txt
  4

  0
ENDTAB
  0
TABLE
  2
VIEW
 70
     0
  0
ENDTAB
  0
TABLE
  2
UCS
 70
     0
  0
ENDTAB
  0
TABLE
  2
APPID
 70
     1
  0
APPID
  2
ACAD
 70
     0
  0
ENDTAB
  0
TABLE
  2
DIMSTYLE
 70
     1
  0
DIMSTYLE
  2
STANDARD
 70
     0
  3

  4

  5

  6

  7

 40
1.0
 41
0.18
 42
0.0625
 43
0.38
 44
0.18
 45
0.0
 46
0.0
 47
0.0
 48
0.0
140
0.18
141
0.09
142
0.0
143
25.4
144
1.0
145
0.0
146
1.0
147
0.09
 71
     0
 72
     0
 73
     1
 74
     1
 75
     0
 76
     0
 77
     0
 78
     0
170
     0
171
     2
172
     0
173
     0
174
     0
175
     0
176
     0
177
     0
178
     0
  0
ENDTAB
  0
ENDSEC
  0
SECTION
  2
BLOCKS
  0
BLOCK
  8
0
  2
$MODEL_SPACE
 70
     0
 10
0.0
 20
0.0
 30
0.0
  3
$MODEL_SPACE
  1

  0
ENDBLK
  5
21
  8
0
  0
BLOCK
 67
     1
  8
0
  2
$PAPER_SPACE
 70
     0
 10
0.0
 20
0.0
 30
0.0
  3
$PAPER_SPACE
  1

  0
ENDBLK
  5
1D
 67
     1
  8
0
  0
ENDSEC
  0
SECTION
  2
ENTITIES
  0
POLYLINE
  5
40
  8
0
 66
     1
 10
0.0
 20
0.0
 30
0.0
 70
     1
  0
VERTEX
  5
73
  8
0
 10
-12.60612103707786
 20
24.93813528738339
 30
0.0
  0
VERTEX
  5
74
  8
0
 10
-12.57355301273514
 20
25.43160778309017
 30
0.0
  0
VERTEX
  5
75
  8
0
 10
-12.53039974497023
 20
25.92598739852338
 30
0.0
  0
VERTEX
  5
76
  8
0
 10
-12.47658422417241
 20
26.42093824383039
 30
0.0
  0
VERTEX
  5
77
  8
0
 10
-12.41204336092839
 20
26.91611924080124
 30
0.0
  0
VERTEX
  5
78
  8
0
 10
-12.33672835461096
 20
27.41118483845526
 30
0.0
  0
VERTEX
  5
79
  8
0
 10
-12.25060501729822
 20
27.90578575794603
 30
0.0
  0
VERTEX
  5
7A
  8
0
 10
-12.15365405165038
 20
28.39956976321851
 30
0.0
  0
VERTEX
  5
7B
  8
0
 10
-12.04587128049647
 20
28.89218245409439
 30
0.0
  0
VERTEX
  5
7C
  8
0
 10
-11.92726782615619
 20
29.38326807824512
 30
0.0
  0
VERTEX
  5
7D
  8
0
 10
-11.79787023781663
 20
29.8724703583197
 30
0.0
  0
VERTEX
  5
7E
  8
0
 10
-11.65772056559994
 20
30.35943333033052
 30
0.0
  0
VERTEX
  5
7F
  8
0
 10
-11.5068763802904
 20
30.84380218926684
 30
0.0
  0
VERTEX
  5
80
  8
0
 10
-11.34541073803633
 20
31.32522413780376
 30
0.0
  0
VERTEX
  5
81
  8
0
 10
-11.17341208970056
 20
31.80334923390726
 30
0.0
  0
VERTEX
  5
82
  8
0
 10
-10.990984134897
 20
32.27783123310311
 30
0.0
  0
VERTEX
  5
83
  8
0
 10
-10.79824562111949
 20
32.74832842118078
 30
0.0
  0
VERTEX
  5
84
  8
0
 10
-10.59533008873569
 20
33.21450443314325
 30
0.0
  0
VERTEX
  5
85
  8
0
 10
-10.38238556298161
 20
33.67602905428851
 30
0.0
  0
VERTEX
  5
86
  8
0
 10
-10.15957419444622
 20
34.13257899942003
 30
0.0
  0
VERTEX
  5
87
  8
0
 10
-9.92707184987719
 20
34.58383866632794
 30
0.0
  0
VERTEX
  5
88
  8
0
 10
-9.685067655464513
 20
35.02950085986078
 30
0.0
  0
VERTEX
  5
89
  8
0
 10
-9.433763495065213
 20
35.46926748311616
 30
0.0
  0
VERTEX
  5
8A
  8
0
 10
-9.173373466115805
 20
35.90285019251544
 30
0.0
  0
VERTEX
  5
8B
  8
0
 10
-8.904123296237758
 20
36.32997101379019
 30
0.0
  0
VERTEX
  5
8C
  8
0
 10
-8.626249723771556
 20
36.7503629161934
 30
0.0
  0
VERTEX
  5
8D
  8
0
 10
-8.339999845675463
 20
37.16377034255297
 30
0.0
  0
VERTEX
  5
8E
  8
0
 10
-8.045630436393846
 20
37.56994969310587
 30
0.0
  0
VERTEX
  5
8F
  8
0
 10
-7.743407241435739
 20
37.96866976138317
 30
0.0
  0
VERTEX
  5
90
  8
0
 10
-7.433604249506499
 20
38.35971212075884
 30
0.0
  0
VERTEX
  5
91
  8
0
 10
-7.116502947103233
 20
38.74287146061999
 30
0.0
  0
VERTEX
  5
92
  8
0
 10
-6.792391559518807
 20
39.11795587146473
 30
0.0
  0
VERTEX
  5
93
  8
0
 10
-6.461564282199505
 20
39.48478707857736
 30
0.0
  0
VERTEX
  5
94
  8
0
 10
-6.221234764209062
 20
39.17812515488625
 30
0.0
  0
VERTEX
  5
95
  8
0
 10
-5.987446621810902
 20
38.86408599934026
 30
0.0
  0
VERTEX
  5
96
  8
0
 10
-5.760517015770395
 20
38.54286944956614
 30
0.0
  0
VERTEX
  5
97
  8
0
 10
-5.540755552027899
 20
38.21469286714603
 30
0.0
  0
VERTEX
  5
98
  8
0
 10
-5.32846311264825
 20
37.87979081642172
 30
0.0
  0
VERTEX
  5
99
  8
0
 10
-5.12393069967572
 20
37.5384146512073
 30
0.0
  0
VERTEX
  5
9A
  8
0
 10
-4.927438300185423
 20
37.19083200961338
 30
0.0
  0
VERTEX
  5
9B
  8
0
 10
-4.739253780888403
 20
36.8373262180333
 30
0.0
  0
VERTEX
  5
9C
  8
0
 10
-4.559631820617459
 20
36.47819560620724
 30
0.0
  0
VERTEX
  5
9D
  8
0
 10
-4.388812888891023
 20
36.11375273614837
 30
0.0
  0
VERTEX
  5
9E
  8
0
 10
-4.227022278521956
 20
35.74432354857593
 30
0.0
  0
VERTEX
  5
9F
  8
0
 10
-4.074469199907174
 20
35.37024643133858
 30
0.0
  0
VERTEX
  5
A0
  8
0
 10
-3.931345944204936
 20
34.9918712151156
 30
0.0
  0
VERTEX
  5
A1
  8
0
 10
-3.797827122083561
 20
34.60955810244011
 30
0.0
  0
VERTEX
  5
A2
  8
0
 10
-3.674068984114107
 20
34.22367653678614
 30
0.0
  0
VERTEX
  5
A3
  8
0
 10
-3.560208828187859
 20
33.83460401908699
 30
0.0
  0
VERTEX
  5
A4
  8
0
 10
-3.456364498576549
 20
33.44272487959806
 30
0.0
  0
VERTEX
  5
A5
  8
0
 10
-3.362633980429655
 20
33.04842901347217
 30
0.0
  0
VERTEX
  5
A6
  8
0
 10
-3.279095092630831
 20
32.65211058877252
 30
0.0
  0
VERTEX
  5
A7
  8
0
 10
-3.205805281027202
 20
32.25416673590405
 30
0.0
  0
VERTEX
  5
A8
  8
0
 10
-3.142801513114408
 20
31.85499622759028
 30
0.0
  0
VERTEX
  5
A9
  8
0
 10
-3.090100274320766
 20
31.45499815856287
 30
0.0
  0
VERTEX
  5
AA
  8
0
 10
-3.047697665099648
 20
31.05457063406096
 30
0.0
  0
VERTEX
  5
AB
  8
0
 10
-3.015569597123812
 20
30.65410947606173
 30
0.0
  0
VERTEX
  5
AC
  8
0
 10
-2.993672085992261
 20
30.25400695588471
 30
0.0
  0
VERTEX
  5
AD
  8
0
 10
-2.981941637021527
 20
29.85465056143791
 30
0.0
  0
VERTEX
  5
AE
  8
0
 10
-2.980295719910569
 20
29.4564218069085
 30
0.0
  0
VERTEX
  5
AF
  8
0
 10
-2.988633327351746
 20
29.05969509215624
 30
0.0
  0
VERTEX
  5
B0
  8
0
 10
-3.006835612018332
 20
28.66483661845155
 30
0.0
  0
VERTEX
  5
B1
  8
0
 10
-3.034766595798851
 20
28.27220336652512
 30
0.0
  0
VERTEX
  5
B2
  8
0
 10
-3.072273944675521
 20
27.88214214217186
 30
0.0
  0
VERTEX
  5
B3
  8
0
 10
-3.119189802262068
 20
27.49498869389231
 30
0.0
  0
VERTEX
  5
B4
  8
0
 10
-3.180947955627048
 20
27.93020423194926
 30
0.0
  0
VERTEX
  5
B5
  8
0
 10
-3.218625512210105
 20
28.14427821127488
 30
0.0
  0
VERTEX
  5
B6
  8
0
 10
-3.264461244674612
 20
28.3541116429551
 30
0.0
  0
VERTEX
  5
B7
  8
0
 10
-3.321174544981373
 20
28.55829101110729
 30
0.0
  0
VERTEX
  5
B8
  8
0
 10
-3.354460093063349
 20
28.65781869764705
 30
0.0
  0
VERTEX
  5
B9
  8
0
 10
-3.39148480509119
 20
28.75540279984881
 30
0.0
  0
VERTEX
  5
BA
  8
0
 10
-3.432588605059996
 20
28.85086662822726
 30
0.0
  0
VERTEX
  5
BB
  8
0
 10
-3.478111416964868
 20
28.94403349329706
 30
0.0
  0
VERTEX
  5
BC
  8
0
 10
-3.528393164800906
 20
29.03472670557288
 30
0.0
  0
VERTEX
  5
BD
  8
0
 10
-3.583773772563211
 20
29.12276957556939
 30
0.0
  0
VERTEX
  5
BE
  8
0
 10
-3.652343545160444
 20
29.21834673751297
 30
0.0
  0
VERTEX
  5
BF
  8
0
 10
-3.727205595368429
 20
29.31018535020841
 30
0.0
  0
VERTEX
  5
C0
  8
0
 10
-3.807782953715325
 20
29.39811743826787
 30
0.0
  0
VERTEX
  5
C1
  8
0
 10
-3.89349865072929
 20
29.48197502630354
 30
0.0
  0
VERTEX
  5
C2
  8
0
 10
-3.983775716938482
 20
29.56159013892762
 30
0.0
  0
VERTEX
  5
C3
  8
0
 10
-4.07803718287106
 20
29.63679480075226
 30
0.0
  0
VERTEX
  5
C4
  8
0
 10
-4.175706079055184
 20
29.70742103638965
 30
0.0
  0
VERTEX
  5
C5
  8
0
 10
-4.276205436019008
 20
29.77330087045196
 30
0.0
  0
VERTEX
  5
C6
  8
0
 10
-4.395561827707559
 20
29.84348884534199
 30
0.0
  0
VERTEX
  5
C7
  8
0
 10
-4.517889037006922
 20
29.90692346264082
 30
0.0
  0
VERTEX
  5
C8
  8
0
 10
-4.643133024092218
 20
29.96344792434733
 30
0.0
  0
VERTEX
  5
C9
  8
0
 10
-4.771239749138569
 20
30.0129054324604
 30
0.0
  0
VERTEX
  5
CA
  8
0
 10
-4.898594616037362
 20
30.05412474179633
 30
0.0
  0
VERTEX
  5
CB
  8
0
 10
-5.028169788576776
 20
30.08839651890127
 30
0.0
  0
VERTEX
  5
CC
  8
0
 10
-5.159523356996452
 20
30.11562024101821
 30
0.0
  0
VERTEX
  5
CD
  8
0
 10
-5.292213411536028
 20
30.13569538539013
 30
0.0
  0
VERTEX
  5
CE
  8
0
 10
-5.46566296254291
 20
30.15096110559166
 30
0.0
  0
VERTEX
  5
CF
  8
0
 10
-5.639762830696355
 20
30.1540316183689
 30
0.0
  0
VERTEX
  5
D0
  8
0
 10
-5.81365734478479
 20
30.14491532624838
 30
0.0
  0
VERTEX
  5
D1
  8
0
 10
-5.986490833596641
 20
30.12362063175658
 30
0.0
  0
VERTEX
  5
D2
  8
0
 10
-6.146018721575111
 20
30.09281406189438
 30
0.0
  0
VERTEX
  5
D3
  8
0
 10
-6.303172948661706
 20
30.0516192949937
 30
0.0
  0
VERTEX
  5
D4
  8
0
 10
-6.457248046879326
 20
30.00024026878504
 30
0.0
  0
VERTEX
  5
D5
  8
0
 10
-6.60753854825087
 20
29.93888092099889
 30
0.0
  0
VERTEX
  5
D6
  8
0
 10
-6.727521922835676
 20
29.88126108843268
 30
0.0
  0
VERTEX
  5
D7
  8
0
 10
-6.844246738384943
 20
29.81729011508665
 30
0.0
  0
VERTEX
  5
D8
  8
0
 10
-6.9574755339316
 20
29.74719480850015
 30
0.0
  0
VERTEX
  5
D9
  8
0
 10
-7.066970848508579
 20
29.67120197621258
 30
0.0
  0
VERTEX
  5
DA
  8
0
 10
-7.179646195582741
 20
29.58360710233245
 30
0.0
  0
VERTEX
  5
DB
  8
0
 10
-7.287093840405012
 20
29.48967238428823
 30
0.0
  0
VERTEX
  5
DC
  8
0
 10
-7.38863112963464
 20
29.38954855164287
 30
0.0
  0
VERTEX
  5
DD
  8
0
 10
-7.48357540993088
 20
29.28338633395931
 30
0.0
  0
VERTEX
  5
DE
  8
0
 10
-7.566494988406657
 20
29.17889348658053
 30
0.0
  0
VERTEX
  5
DF
  8
0
 10
-7.645654598500936
 20
29.07143231535817
 30
0.0
  0
VERTEX
  5
E0
  8
0
 10
-8.031851801115481
 20
28.53059019278797
 30
0.0
  0
VERTEX
  5
E1
  8
0
 10
-8.206661790690145
 20
28.30046331573806
 30
0.0
  0
VERTEX
  5
E2
  8
0
 10
-8.388093814642218
 20
28.075399862632
 30
0.0
  0
VERTEX
  5
E3
  8
0
 10
-8.575684182914632
 20
27.85537100429573
 30
0.0
  0
VERTEX
  5
E4
  8
0
 10
-8.76896920545031
 20
27.64034791155522
 30
0.0
  0
VERTEX
  5
E5
  8
0
 10
-8.9430334319985
 20
27.45570290359291
 30
0.0
  0
VERTEX
  5
E6
  8
0
 10
-9.121109740936806
 20
27.27501356773974
 30
0.0
  0
VERTEX
  5
E7
  8
0
 10
-9.303178537428385
 20
27.0983996864982
 30
0.0
  0
VERTEX
  5
E8
  8
0
 10
-9.489220226636398
 20
26.92598104237074
 30
0.0
  0
VERTEX
  5
E9
  8
0
 10
-9.7159829010551
 20
26.72621604108273
 30
0.0
  0
VERTEX
  5
EA
  8
0
 10
-9.948159148750065
 20
26.53274911410819
 30
0.0
  0
VERTEX
  5
EB
  8
0
 10
-10.18555203438152
 20
26.34575447272923
 30
0.0
  0
VERTEX
  5
EC
  8
0
 10
-10.42796462260971
 20
26.16540632822791
 30
0.0
  0
VERTEX
  5
ED
  8
0
 10
-10.62317489049796
 20
26.0275258879585
 30
0.0
  0
VERTEX
  5
EE
  8
0
 10
-10.82127893641882
 20
25.89388208996074
 30
0.0
  0
VERTEX
  5
EF
  8
0
 10
-11.02215177824944
 20
25.76444222637438
 30
0.0
  0
VERTEX
  5
F0
  8
0
 10
-11.22566843386697
 20
25.63917358933914
 30
0.0
  0
VERTEX
  5
F1
  8
0
 10
-11.56990422587914
 20
25.4403625827004
 30
0.0
  0
VERTEX
  5
F2
  8
0
 10
-11.74477375998464
 20
25.34599147101144
 30
0.0
  0
VERTEX
  5
F3
  8
0
 10
-11.92155124119122
 20
25.25537121337337
 30
0.0
  0
VERTEX
  5
F4
  8
0
 10
-12.26206612771275
 20
25.09310447055016
 30
0.0
  0
SEQEND
  5
F5
  8
0
  0
POLYLINE
  5
41
  8
0
 66
     1
 10
0.0
 20
0.0
 30
0.0
 70
     1
  0
VERTEX
  5
F6
  8
0
 10
-24.90395478177416
 20
12.57846163760034
 30
0.0
  0
VERTEX
  5
F7
  8
0
 10
-25.39606814614863
 20
12.54461437364646
 30
0.0
  0
VERTEX
  5
F8
  8
0
 10
-25.88906064951173
 20
12.50015219812126
 30
0.0
  0
VERTEX
  5
F9
  8
0
 10
-26.38259708701166
 20
12.44499871476211
 30
0.0
  0
VERTEX
  5
FA
  8
0
 10
-26.87633711260226
 20
12.37909149618248
 30
0.0
  0
VERTEX
  5
FB
  8
0
 10
-27.36993595366467
 20
12.30238245169445
 30
0.0
  0
VERTEX
  5
FC
  8
0
 10
-27.86304515476392
 20
12.21483815026521
 30
0.0
  0
VERTEX
  5
FD
  8
0
 10
-28.35531334697935
 20
12.11644009724918
 30
0.0
  0
VERTEX
  5
FE
  8
0
 10
-28.84638703948823
 20
12.0071849626506
 30
0.0
  0
VERTEX
  5
FF
  8
0
 10
-29.33591142986629
 20
11.88708475894478
 30
0.0
  0
VERTEX
  5
100
  8
0
 10
-29.82353122937798
 20
11.75616696678307
 30
0.0
  0
VERTEX
  5
101
  8
0
 10
-30.3088914993665
 20
11.6144746072229
 30
0.0
  0
VERTEX
  5
102
  8
0
 10
-30.79163849472112
 20
11.46206625945877
 30
0.0
  0
VERTEX
  5
103
  8
0
 10
-31.27142051029877
 20
11.29901602337789
 30
0.0
  0
VERTEX
  5
104
  8
0
 10
-31.74788872611062
 20
11.12541342662317
 30
0.0
  0
VERTEX
  5
105
  8
0
 10
-32.22069804705232
 20
10.94136327621194
 30
0.0
  0
VERTEX
  5
106
  8
0
 10
-32.68950793296126
 20
10.74698545512735
 30
0.0
  0
VERTEX
  5
107
  8
0
 10
-33.15398321482421
 20
10.54241466466783
 30
0.0
  0
VERTEX
  5
108
  8
0
 10
-33.61379489303483
 20
10.32780011370275
 30
0.0
  0
VERTEX
  5
109
  8
0
 10
-34.06862091371212
 20
10.10330515633748
 30
0.0
  0
VERTEX
  5
10A
  8
0
 10
-34.51814691923605
 20
9.869106879832934
 30
0.0
  0
VERTEX
  5
10B
  8
0
 10
-34.96206696933507
 20
9.625395644950915
 30
0.0
  0
VERTEX
  5
10C
  8
0
 10
-35.4000842292686
 20
9.372374581203111
 30
0.0
  0
VERTEX
  5
10D
  8
0
 10
-35.83191162188506
 20
9.11025903976554
 30
0.0
  0
VERTEX
  5
10E
  8
0
 10
-36.25727244059756
 20
8.839276007078592
 30
0.0
  0
VERTEX
  5
10F
  8
0
 10
-36.67590092060583
 20
8.559663482383215
 30
0.0
  0
VERTEX
  5
110
  8
0
 10
-37.08754276599568
 20
8.271669822643972
 30
0.0
  0
VERTEX
  5
111
  8
0
 10
-37.49195563066868
 20
7.975553058478249
 30
0.0
  0
VERTEX
  5
112
  8
0
 10
-37.88890955138633
 20
7.671580184846156
 30
0.0
  0
VERTEX
  5
113
  8
0
 10
-38.2781873315535
 20
7.360026430357262
 30
0.0
  0
VERTEX
  5
114
  8
0
 10
-38.65958487471207
 20
7.041174509117614
 30
0.0
  0
VERTEX
  5
115
  8
0
 10
-39.03291146706142
 20
6.715313859073667
 30
0.0
  0
VERTEX
  5
116
  8
0
 10
-39.39799000866655
 20
6.382739870809355
 30
0.0
  0
VERTEX
  5
117
  8
0
 10
-39.09154185293236
 20
6.142529063768155
 30
0.0
  0
VERTEX
  5
118
  8
0
 10
-38.77775144201818
 20
5.908894469761519
 30
0.0
  0
VERTEX
  5
119
  8
0
 10
-38.45681886294297
 20
5.68215358887031
 30
0.0
  0
VERTEX
  5
11A
  8
0
 10
-38.1289616629258
 20
5.462616304317113
 30
0.0
  0
VERTEX
  5
11B
  8
0
 10
-37.79441452619307
 20
5.250583711159324
 30
0.0
  0
VERTEX
  5
11C
  8
0
 10
-37.45342885896439
 20
5.046346958144124
 30
0.0
  0
VERTEX
  5
11D
  8
0
 10
-37.10627228283963
 20
4.8501861110374
 30
0.0
  0
VERTEX
  5
11E
  8
0
 10
-36.75322803765534
 20
4.662369045802972
 30
0.0
  0
VERTEX
  5
11F
  8
0
 10
-36.39459429574126
 20
4.483150379976128
 30
0.0
  0
VERTEX
  5
120
  8
0
 10
-36.03068339037416
 20
4.312770450443377
 30
0.0
  0
VERTEX
  5
121
  8
0
 10
-35.6618209620833
 20
4.151454345607075
 30
0.0
  0
VERTEX
  5
122
  8
0
 10
-35.28834502729792
 20
3.999410999579831
 30
0.0
  0
VERTEX
  5
123
  8
0
 10
-34.91060497462807
 20
3.856832355621441
 30
0.0
  0
VERTEX
  5
124
  8
0
 10
-34.52896049482342
 20
3.723892605504791
 30
0.0
  0
VERTEX
  5
125
  8
0
 10
-34.14378045114898
 20
3.600747510882724
 30
0.0
  0
VERTEX
  5
126
  8
0
 10
-33.75544169753935
 20
3.48753381203286
 30
0.0
  0
VERTEX
  5
127
  8
0
 10
-33.36432785243506
 20
3.384368728591072
 30
0.0
  0
VERTEX
  5
128
  8
0
 10
-32.97082803665653
 20
3.291349556057619
 30
0.0
  0
VERTEX
  5
129
  8
0
 10
-32.5753355840256
 20
3.208553360984379
 30
0.0
  0
VERTEX
  5
12A
  8
0
 10
-32.17824673369621
 20
3.136036776840453
 30
0.0
  0
VERTEX
  5
12B
  8
0
 10
-31.77995931330119
 20
3.073835901619709
 30
0.0
  0
VERTEX
  5
12C
  8
0
 10
-31.38087142205824
 20
3.021966297311823
 30
0.0
  0
VERTEX
  5
12D
  8
0
 10
-30.98138012290692
 20
2.980423090421829
 30
0.0
  0
VERTEX
  5
12E
  8
0
 10
-30.58188015257075
 20
2.949181171805908
 30
0.0
  0
VERTEX
  5
12F
  8
0
 10
-30.18276265815849
 20
2.928195493206315
 30
0.0
  0
VERTEX
  5
130
  8
0
 10
-29.78441396854243
 20
2.917401457028461
 30
0.0
  0
VERTEX
  5
131
  8
0
 10
-29.38721440828657
 20
2.916715395119493
 30
0.0
  0
VERTEX
  5
132
  8
0
 10
-28.9915371613516
 20
2.926035131590487
 30
0.0
  0
VERTEX
  5
133
  8
0
 10
-28.59774719118822
 20
2.945240624082182
 30
0.0
  0
VERTEX
  5
134
  8
0
 10
-28.20620022315526
 20
2.974194677314173
 30
0.0
  0
VERTEX
  5
135
  8
0
 10
-27.81724179447571
 20
3.01274372228504
 30
0.0
  0
VERTEX
  5
136
  8
0
 10
-27.43120637618537
 20
3.060718654109666
 30
0.0
  0
VERTEX
  5
137
  8
0
 10
-27.86544229411921
 20
3.121583415647305
 30
0.0
  0
VERTEX
  5
138
  8
0
 10
-28.07905209094992
 20
3.158840475904809
 30
0.0
  0
VERTEX
  5
139
  8
0
 10
-28.28845209321698
 20
3.204287151550055
 30
0.0
  0
VERTEX
  5
13A
  8
0
 10
-28.49223903606577
 20
3.260653314379507
 30
0.0
  0
VERTEX
  5
13B
  8
0
 10
-28.59158908994124
 20
3.293784288424706
 30
0.0
  0
VERTEX
  5
13C
  8
0
 10
-28.68900965464165
 20
3.33066883618963
 30
0.0
  0
VERTEX
  5
13D
  8
0
 10
-28.78432532206017
 20
3.371648191648838
 30
0.0
  0
VERTEX
  5
13E
  8
0
 10
-28.87736068408998
 20
3.417063588776887
 30
0.0
  0
VERTEX
  5
13F
  8
0
 10
-28.96794033262426
 20
3.467256261548338
 30
0.0
  0
VERTEX
  5
140
  8
0
 10
-29.05588885955616
 20
3.522567443937744
 30
0.0
  0
VERTEX
  5
141
  8
0
 10
-29.15138406266239
 20
3.591083780303727
 30
0.0
  0
VERTEX
  5
142
  8
0
 10
-29.24316564979023
 20
3.66591777584905
 30
0.0
  0
VERTEX
  5
143
  8
0
 10
-29.33106468448815
 20
3.746491370363055
 30
0.0
  0
VERTEX
  5
144
  8
0
 10
-29.41491223030461
 20
3.832226503635078
 30
0.0
  0
VERTEX
  5
145
  8
0
 10
-29.49453935078811
 20
3.922545115454461
 30
0.0
  0
VERTEX
  5
146
  8
0
 10
-29.5697771094871
 20
4.016869145610544
 30
0.0
  0
VERTEX
  5
147
  8
0
 10
-29.64045656995006
 20
4.114620533892666
 30
0.0
  0
VERTEX
  5
148
  8
0
 10
-29.70640879572547
 20
4.215221220090164
 30
0.0
  0
VERTEX
  5
149
  8
0
 10
-29.77670363872401
 20
4.334717450656866
 30
0.0
  0
VERTEX
  5
14A
  8
0
 10
-29.84026983774744
 20
4.457208559155144
 30
0.0
  0
VERTEX
  5
14B
  8
0
 10
-29.89695087076531
 20
4.582640745123463
 30
0.0
  0
VERTEX
  5
14C
  8
0
 10
-29.94659021574716
 20
4.710960208100294
 30
0.0
  0
VERTEX
  5
14D
  8
0
 10
-29.98801091515707
 20
4.838545806614927
 30
0.0
  0
VERTEX
  5
14E
  8
0
 10
-30.0225074827099
 20
4.968374293384616
 30
0.0
  0
VERTEX
  5
14F
  8
0
 10
-30.04997858656813
 20
5.100002855127284
 30
0.0
  0
VERTEX
  5
150
  8
0
 10
-30.07032289489426
 20
5.232988678560846
 30
0.0
  0
VERTEX
  5
151
  8
0
 10
-30.08596893707583
 20
5.406851425714204
 30
0.0
  0
VERTEX
  5
152
  8
0
 10
-30.08945298596374
 20
5.581395702848075
 30
0.0
  0
VERTEX
  5
153
  8
0
 10
-30.08078135067215
 20
5.755763597677241
 30
0.0
  0
VERTEX
  5
154
  8
0
 10
-30.0599603403152
 20
5.929097197916487
 30
0.0
  0
VERTEX
  5
155
  8
0
 10
-30.02961991917922
 20
6.089113693798586
 30
0.0
  0
VERTEX
  5
156
  8
0
 10
-29.98891250579632
 20
6.246775518624607
 30
0.0
  0
VERTEX
  5
157
  8
0
 10
-29.93803980082876
 20
6.401374879768045
 30
0.0
  0
VERTEX
  5
158
  8
0
 10
-29.87720350493878
 20
6.552203984602397
 30
0.0
  0
VERTEX
  5
159
  8
0
 10
-29.82002364763535
 20
6.67263825280572
 30
0.0
  0
VERTEX
  5
15A
  8
0
 10
-29.7565012380867
 20
6.789820881358541
 30
0.0
  0
VERTEX
  5
15B
  8
0
 10
-29.68686192049263
 20
6.903513243901391
 30
0.0
  0
VERTEX
  5
15C
  8
0
 10
-29.61133133905298
 20
7.013476714074804
 30
0.0
  0
VERTEX
  5
15D
  8
0
 10
-29.52423651575634
 20
7.126656558893189
 30
0.0
  0
VERTEX
  5
15E
  8
0
 10
-29.43080564015309
 20
7.234610482966096
 30
0.0
  0
VERTEX
  5
15F
  8
0
 10
-29.33118739801946
 20
7.336653696334146
 30
0.0
  0
VERTEX
  5
160
  8
0
 10
-29.22553047513166
 20
7.432101409037957
 30
0.0
  0
VERTEX
  5
161
  8
0
 10
-29.12150947921903
 20
7.515489170505794
 30
0.0
  0
VERTEX
  5
162
  8
0
 10
-29.01451875756411
 20
7.595114391739384
 30
0.0
  0
VERTEX
  5
163
  8
0
 10
-28.4760148134002
 20
7.983623294322022
 30
0.0
  0
VERTEX
  5
164
  8
0
 10
-28.24690820744102
 20
8.159444115554514
 30
0.0
  0
VERTEX
  5
165
  8
0
 10
-28.02286792089312
 20
8.341891898643311
 30
0.0
  0
VERTEX
  5
166
  8
0
 10
-27.80386407676514
 20
8.530501819908437
 30
0.0
  0
VERTEX
  5
167
  8
0
 10
-27.58986679806571
 20
8.724809055669917
 30
0.0
  0
VERTEX
  5
168
  8
0
 10
-27.40612225586629
 20
8.899772065062473
 30
0.0
  0
VERTEX
  5
169
  8
0
 10
-27.2263328364391
 20
9.078747992602562
 30
0.0
  0
VERTEX
  5
16A
  8
0
 10
-27.05061796407957
 20
9.261716902601771
 30
0.0
  0
VERTEX
  5
16B
  8
0
 10
-26.87909706308313
 20
9.448658859371694
 30
0.0
  0
VERTEX
  5
16C
  8
0
 10
-26.68039934035068
 20
9.67649369142285
 30
0.0
  0
VERTEX
  5
16D
  8
0
 10
-26.48799645844698
 20
9.909740898767135
 30
0.0
  0
VERTEX
  5
16E
  8
0
 10
-26.30206169988579
 20
10.14820261318381
 30
0.0
  0
VERTEX
  5
16F
  8
0
 10
-26.12276834718089
 20
10.39168096645213
 30
0.0
  0
VERTEX
  5
170
  8
0
 10
-25.98571824035685
 20
10.58773167889633
 30
0.0
  0
VERTEX
  5
171
  8
0
 10
-25.85290079005246
 20
10.78667342254787
 30
0.0
  0
VERTEX
  5
172
  8
0
 10
-25.72428307067913
 20
10.98838097010437
 30
0.0
  0
VERTEX
  5
173
  8
0
 10
-25.59983215664827
 20
11.19272909426351
 30
0.0
  0
VERTEX
  5
174
  8
0
 10
-25.4023703603469
 20
11.53833961319935
 30
0.0
  0
VERTEX
  5
175
  8
0
 10
-25.30866745423697
 20
11.71389146366255
 30
0.0
  0
VERTEX
  5
176
  8
0
 10
-25.21871029003702
 20
11.89134713197632
 30
0.0
  0
VERTEX
  5
177
  8
0
 10
-25.05768893733098
 20
12.23313861347083
 30
0.0
  0
SEQEND
  5
178
  8
0
  0
POLYLINE
  5
42
  8
0
 66
     1
 10
0.0
 20
0.0
 30
0.0
 70
     1
  0
VERTEX
  5
179
  8
0
 10
-50.0
 20
50.0
 30
0.0
  0
VERTEX
  5
17A
  8
0
 10
50.0
 20
50.0
 30
0.0
  0
VERTEX
  5
17B
  8
0
 10
50.0
 20
-50.0
 30
0.0
  0
VERTEX
  5
17C
  8
0
 10
-50.0
 20
-50.0
 30
0.0
  0
SEQEND
  5
17D
  8
0
  0
POLYLINE
  5
43
  8
0
 66
     1
 10
0.0
 20
0.0
 30
0.0
 70
     1
  0
VERTEX
  5
17E
  8
0
 10
-42.23593678743715
 20
44.00877951860267
 30
0.0
  0
VERTEX
  5
17F
  8
0
 10
-12.33005675359386
 20
44.00877951897255
 30
0.0
  0
VERTEX
  5
180
  8
0
 10
-12.16245451972203
 20
43.92987008265708
 30
0.0
  0
VERTEX
  5
181
  8
0
 10
-11.83039287598815
 20
43.7646700843704
 30
0.0
  0
VERTEX
  5
182
  8
0
 10
-11.50267923222649
 20
43.59086216527743
 30
0.0
  0
VERTEX
  5
183
  8
0
 10
-11.17869250433808
 20
43.40967591203272
 30
0.0
  0
VERTEX
  5
184
  8
0
 10
-10.8578116082239
 20
43.22234091129083
 30
0.0
  0
VERTEX
  5
185
  8
0
 10
-10.53941545978499
 20
43.03008674970634
 30
0.0
  0
VERTEX
  5
186
  8
0
 10
-10.22288297492234
 20
42.83414301393385
 30
0.0
  0
VERTEX
  5
187
  8
0
 10
-9.592924659529862
 20
42.43610516644301
 30
0.0
  0
VERTEX
  5
188
  8
0
 10
-10.2788834063895
 20
41.63875506945272
 30
0.0
  0
VERTEX
  5
189
  8
0
 10
-10.62681625367153
 20
41.24429317598813
 30
0.0
  0
VERTEX
  5
18A
  8
0
 10
-10.98064719574537
 20
40.85484788080296
 30
0.0
  0
VERTEX
  5
18B
  8
0
 10
-11.30317309057254
 20
40.51239427240348
 30
0.0
  0
VERTEX
  5
18C
  8
0
 10
-11.63219361141325
 20
40.17593139187347
 30
0.0
  0
VERTEX
  5
18D
  8
0
 10
-11.96794071459207
 20
39.84612328124522
 30
0.0
  0
VERTEX
  5
18E
  8
0
 10
-12.31064635643354
 20
39.52363398255102
 30
0.0
  0
VERTEX
  5
18F
  8
0
 10
-12.66054249326222
 20
39.20912753782318
 30
0.0
  0
VERTEX
  5
190
  8
0
 10
-13.01786108140265
 20
38.90326798909398
 30
0.0
  0
VERTEX
  5
191
  8
0
 10
-13.3828340771794
 20
38.60671937839572
 30
0.0
  0
VERTEX
  5
192
  8
0
 10
-13.755693436917
 20
38.32014574776068
 30
0.0
  0
VERTEX
  5
193
  8
0
 10
-13.96127976544095
 20
38.16918010816703
 30
0.0
  0
VERTEX
  5
194
  8
0
 10
-14.1693371853344
 20
38.0216532595196
 30
0.0
  0
VERTEX
  5
195
  8
0
 10
-14.37994935354555
 20
37.87787527073012
 30
0.0
  0
VERTEX
  5
196
  8
0
 10
-14.59319992702259
 20
37.73815621071037
 30
0.0
  0
VERTEX
  5
197
  8
0
 10
-14.80917256271372
 20
37.60280614837206
 30
0.0
  0
VERTEX
  5
198
  8
0
 10
-15.02795091756715
 20
37.47213515262697
 30
0.0
  0
VERTEX
  5
199
  8
0
 10
-15.24961864853105
 20
37.34645329238681
 30
0.0
  0
VERTEX
  5
19A
  8
0
 10
-15.47425941255363
 20
37.22607063656336
 30
0.0
  0
VERTEX
  5
19B
  8
0
 10
-15.65499219845947
 20
37.13437716184568
 30
0.0
  0
VERTEX
  5
19C
  8
0
 10
-15.83762797235914
 20
37.04646054098868
 30
0.0
  0
VERTEX
  5
19D
  8
0
 10
-16.0221382808261
 20
36.96255327666901
 30
0.0
  0
VERTEX
  5
19E
  8
0
 10
-16.20849467043378
 20
36.88288787156336
 30
0.0
  0
VERTEX
  5
19F
  8
0
 10
-16.39666868775561
 20
36.8076968283484
 30
0.0
  0
VERTEX
  5
1A0
  8
0
 10
-16.58663187936503
 20
36.73721264970082
 30
0.0
  0
VERTEX
  5
1A1
  8
0
 10
-16.77835579183549
 20
36.67166783829729
 30
0.0
  0
VERTEX
  5
1A2
  8
0
 10
-16.97181197174041
 20
36.61129489681451
 30
0.0
  0
VERTEX
  5
1A3
  8
0
 10
-17.29529563985855
 20
36.52346502488575
 30
0.0
  0
VERTEX
  5
1A4
  8
0
 10
-17.45854574716886
 20
36.4854678771473
 30
0.0
  0
VERTEX
  5
1A5
  8
0
 10
-17.62267419907545
 20
36.45161716161955
 30
0.0
  0
VERTEX
  5
1A6
  8
0
 10
-17.78758561739994
 20
36.42206380834754
 30
0.0
  0
VERTEX
  5
1A7
  8
0
 10
-17.95318462396393
 20
36.39695874737633
 30
0.0
  0
VERTEX
  5
1A8
  8
0
 10
-18.119375840589
 20
36.37645290875096
 30
0.0
  0
VERTEX
  5
1A9
  8
0
 10
-18.28606388909678
 20
36.36069722251648
 30
0.0
  0
VERTEX
  5
1AA
  8
0
 10
-18.57977742035212
 20
36.3448592385577
 30
0.0
  0
VERTEX
  5
1AB
  8
0
 10
-18.87398032333204
 20
36.34425272946777
 30
0.0
  0
VERTEX
  5
1AC
  8
0
 10
-19.16792293760484
 20
36.35898264699769
 30
0.0
  0
VERTEX
  5
1AD
  8
0
 10
-19.46085560273877
 20
36.38915394289846
 30
0.0
  0
VERTEX
  5
1AE
  8
0
 10
-19.60858173132036
 20
36.41036224734374
 30
0.0
  0
VERTEX
  5
1AF
  8
0
 10
-19.75570063508954
 20
36.43559284835403
 30
0.0
  0
VERTEX
  5
1B0
  8
0
 10
-19.90205644075373
 20
36.46488030575708
 30
0.0
  0
VERTEX
  5
1B1
  8
0
 10
-20.04749327502035
 20
36.4982591793807
 30
0.0
  0
VERTEX
  5
1B2
  8
0
 10
-20.19185526459679
 20
36.53576402905261
 30
0.0
  0
VERTEX
  5
1B3
  8
0
 10
-20.33498653619046
 20
36.57742941460062
 30
0.0
  0
VERTEX
  5
1B4
  8
0
 10
-20.47673121650876
 20
36.62328989585245
 30
0.0
  0
VERTEX
  5
1B5
  8
0
 10
-20.6169334322591
 20
36.67338003263589
 30
0.0
  0
VERTEX
  5
1B6
  8
0
 10
-20.76695946623025
 20
36.73221934542416
 30
0.0
  0
VERTEX
  5
1B7
  8
0
 10
-20.91549169852981
 20
36.79480932065897
 30
0.0
  0
VERTEX
  5
1B8
  8
0
 10
-21.21006649367079
 20
36.92624037523044
 30
0.0
  0
VERTEX
  5
1B9
  8
0
 10
-21.30128623428698
 20
36.82894493526205
 30
0.0
  0
VERTEX
  5
1BA
  8
0
 10
-21.38929211752026
 20
36.72785704024569
 30
0.0
  0
VERTEX
  5
1BB
  8
0
 10
-21.47385640428163
 20
36.62313654751655
 30
0.0
  0
VERTEX
  5
1BC
  8
0
 10
-21.55476197262162
 20
36.51496123879632
 30
0.0
  0
VERTEX
  5
1BD
  8
0
 10
-21.63180404560746
 20
36.40352591994763
 30
0.0
  0
VERTEX
  5
1BE
  8
0
 10
-21.70479182444901
 20
36.2890413219278
 30
0.0
  0
VERTEX
  5
1BF
  8
0
 10
-21.77355000177922
 20
36.17173281526973
 30
0.0
  0
VERTEX
  5
1C0
  8
0
 10
-21.8379201306761
 20
36.05183895386141
 30
0.0
  0
VERTEX
  5
1C1
  8
0
 10
-21.89776182744036
 20
35.92960986742246
 30
0.0
  0
VERTEX
  5
1C2
  8
0
 10
-21.95295378916523
 20
35.8053055252689
 30
0.0
  0
VERTEX
  5
1C3
  8
0
 10
-22.00339461066361
 20
35.67919389661022
 30
0.0
  0
VERTEX
  5
1C4
  8
0
 10
-22.04900338924667
 20
35.55154903464939
 30
0.0
  0
VERTEX
  5
1C5
  8
0
 10
-22.08972011005317
 20
35.42264911309118
 30
0.0
  0
VERTEX
  5
1C6
  8
0
 10
-22.12550580897685
 20
35.29277444427186
 30
0.0
  0
VERTEX
  5
1C7
  8
0
 10
-22.15634251459369
 20
35.16220550799456
 30
0.0
  0
VERTEX
  5
1C8
  8
0
 10
-22.18223297471548
 20
35.03122101930822
 30
0.0
  0
VERTEX
  5
1C9
  8
0
 10
-22.20651417570332
 20
35.16753670819126
 30
0.0
  0
VERTEX
  5
1CA
  8
0
 10
-22.23568697938746
 20
35.3042185506965
 30
0.0
  0
VERTEX
  5
1CB
  8
0
 10
-22.26983106807142
 20
35.44101584702658
 30
0.0
  0
VERTEX
  5
1CC
  8
0
 10
-22.30900985960644
 20
35.57766845163107
 30
0.0
  0
VERTEX
  5
1CD
  8
0
 10
-22.35326938862822
 20
35.71390804142707
 30
0.0
  0
VERTEX
  5
1CE
  8
0
 10
-22.40263730055767
 20
35.84945952850278
 30
0.0
  0
VERTEX
  5
1CF
  8
0
 10
-22.45712197871469
 20
35.98404260579053
 30
0.0
  0
VERTEX
  5
1D0
  8
0
 10
-22.51671182365951
 20
36.11737341139274
 30
0.0
  0
VERTEX
  5
1D1
  8
0
 10
-22.58137470216991
 20
36.24916629421386
 30
0.0
  0
VERTEX
  5
1D2
  8
0
 10
-22.65105758103287
 20
36.37913566074547
 30
0.0
  0
VERTEX
  5
1D3
  8
0
 10
-22.72568635810775
 20
36.50699788036974
 30
0.0
  0
VERTEX
  5
1D4
  8
0
 10
-22.80516589995823
 20
36.63247322448247
 30
0.0
  0
VERTEX
  5
1D5
  8
0
 10
-22.88938029182238
 20
36.75528781317464
 30
0.0
  0
VERTEX
  5
1D6
  8
0
 10
-22.9781933018852
 20
36.87517554222399
 30
0.0
  0
VERTEX
  5
1D7
  8
0
 10
-23.07144905783792
 20
36.99187996278537
 30
0.0
  0
VERTEX
  5
1D8
  8
0
 10
-23.16897292966946
 20
37.10515608646546
 30
0.0
  0
VERTEX
  5
1D9
  8
0
 10
-23.27057260865734
 20
37.21477208943077
 30
0.0
  0
VERTEX
  5
1DA
  8
0
 10
-23.37603936872938
 20
37.32051089081274
 30
0.0
  0
VERTEX
  5
1DB
  8
0
 10
-23.48514949287102
 20
37.42217158289982
 30
0.0
  0
VERTEX
  5
1DC
  8
0
 10
-23.59766584416333
 20
37.51957069338169
 30
0.0
  0
VERTEX
  5
1DD
  8
0
 10
-23.71333955844586
 20
37.61254326315034
 30
0.0
  0
VERTEX
  5
1DE
  8
0
 10
-23.83191183358096
 20
37.700943726769
 30
0.0
  0
VERTEX
  5
1DF
  8
0
 10
-23.95311578890476
 20
37.78464658657731
 30
0.0
  0
VERTEX
  5
1E0
  8
0
 10
-24.0766783677129
 20
37.86354687539571
 30
0.0
  0
VERTEX
  5
1E1
  8
0
 10
-24.2023222555511
 20
37.93756040679548
 30
0.0
  0
VERTEX
  5
1E2
  8
0
 10
-24.32976778764327
 20
38.00662381580333
 30
0.0
  0
VERTEX
  5
1E3
  8
0
 10
-24.45873481995071
 20
38.07069439659495
 30
0.0
  0
VERTEX
  5
1E4
  8
0
 10
-24.5889445400557
 20
38.12974974710854
 30
0.0
  0
VERTEX
  5
1E5
  8
0
 10
-24.72012119622479
 20
38.18378723349269
 30
0.0
  0
VERTEX
  5
1E6
  8
0
 10
-24.85199372554449
 20
38.23282328983379
 30
0.0
  0
VERTEX
  5
1E7
  8
0
 10
-24.98429726483833
 20
38.27689257064031
 30
0.0
  0
VERTEX
  5
1E8
  8
0
 10
-25.11677453107447
 20
38.31604697507549
 30
0.0
  0
VERTEX
  5
1E9
  8
0
 10
-25.25050024639022
 20
38.35067351655714
 30
0.0
  0
VERTEX
  5
1EA
  8
0
 10
-25.38659479985411
 20
38.38099357974144
 30
0.0
  0
VERTEX
  5
1EB
  8
0
 10
-25.52486402836015
 20
38.40683014243725
 30
0.0
  0
VERTEX
  5
1EC
  8
0
 10
-25.665098430128
 20
38.42801707491736
 30
0.0
  0
VERTEX
  5
1ED
  8
0
 10
-25.80707384959143
 20
38.44440068810422
 30
0.0
  0
VERTEX
  5
1EE
  8
0
 10
-25.95055233959729
 20
38.45584123881964
 30
0.0
  0
VERTEX
  5
1EF
  8
0
 10
-26.09528319961196
 20
38.46221436906212
 30
0.0
  0
VERTEX
  5
1F0
  8
0
 10
-26.24100418491146
 20
38.46341245592652
 30
0.0
  0
VERTEX
  5
1F1
  8
0
 10
-26.38744287827322
 20
38.45934584907485
 30
0.0
  0
VERTEX
  5
1F2
  8
0
 10
-26.53431821221429
 20
38.44994397353049
 30
0.0
  0
VERTEX
  5
1F3
  8
0
 10
-26.68134212643732
 20
38.43515627701596
 30
0.0
  0
VERTEX
  5
1F4
  8
0
 10
-26.82822134195739
 20
38.4149530030748
 30
0.0
  0
VERTEX
  5
1F5
  8
0
 10
-26.97465923049836
 20
38.38932577378426
 30
0.0
  0
VERTEX
  5
1F6
  8
0
 10
-27.12035775526605
 20
38.35828796892152
 30
0.0
  0
VERTEX
  5
1F7
  8
0
 10
-27.26501945722093
 20
38.32187489192496
 30
0.0
  0
VERTEX
  5
1F8
  8
0
 10
-27.40834945955924
 20
38.28014371679486
 30
0.0
  0
VERTEX
  5
1F9
  8
0
 10
-27.55005746232924
 20
38.23317321410789
 30
0.0
  0
VERTEX
  5
1FA
  8
0
 10
-27.68985969899284
 20
38.1810632584501
 30
0.0
  0
VERTEX
  5
1FB
  8
0
 10
-27.82748082730605
 20
38.123934123689
 30
0.0
  0
VERTEX
  5
1FC
  8
0
 10
-27.96265572812113
 20
38.06192557647589
 30
0.0
  0
VERTEX
  5
1FD
  8
0
 10
-28.09513118757316
 20
37.99519578208174
 30
0.0
  0
VERTEX
  5
1FE
  8
0
 10
-28.22466744054284
 20
37.92392004000925
 30
0.0
  0
VERTEX
  5
1FF
  8
0
 10
-28.35103955620752
 20
37.84828936969922
 30
0.0
  0
VERTEX
  5
200
  8
0
 10
-28.47403864980591
 20
37.76850896898409
 30
0.0
  0
VERTEX
  5
201
  8
0
 10
-28.59347290834194
 20
37.68479656967967
 30
0.0
  0
VERTEX
  5
202
  8
0
 10
-28.70916842172502
 20
37.59738071581819
 30
0.0
  0
VERTEX
  5
203
  8
0
 10
-28.82096981466995
 20
37.50649899050244
 30
0.0
  0
VERTEX
  5
204
  8
0
 10
-28.92874067844952
 20
37.41239621721684
 30
0.0
  0
VERTEX
  5
205
  8
0
 10
-29.03236380519839
 20
37.3153226607032
 30
0.0
  0
VERTEX
  5
206
  8
0
 10
-29.13174123081818
 20
37.21553225124965
 30
0.0
  0
VERTEX
  5
207
  8
0
 10
-29.22679409554982
 20
37.11328085452007
 30
0.0
  0
VERTEX
  5
208
  8
0
 10
-29.31746233390074
 20
37.00882460694687
 30
0.0
  0
VERTEX
  5
209
  8
0
 10
-29.46145499404397
 20
37.39312023927697
 30
0.0
  0
VERTEX
  5
20A
  8
0
 10
-29.53746100291953
 20
37.58241305646896
 30
0.0
  0
VERTEX
  5
20B
  8
0
 10
-29.61827862650791
 20
37.76827987471804
 30
0.0
  0
VERTEX
  5
20C
  8
0
 10
-29.70551173637982
 20
37.94957869437749
 30
0.0
  0
VERTEX
  5
20D
  8
0
 10
-29.80076420410591
 20
38.12516751580059
 30
0.0
  0
VERTEX
  5
20E
  8
0
 10
-29.90563990125683
 20
38.29390433934059
 30
0.0
  0
VERTEX
  5
20F
  8
0
 10
-30.02174269940324
 20
38.45464716535079
 30
0.0
  0
VERTEX
  5
210
  8
0
 10
-30.10736239152691
 20
38.55848946159063
 30
0.0
  0
VERTEX
  5
211
  8
0
 10
-30.19823876696237
 20
38.65846643258717
 30
0.0
  0
VERTEX
  5
212
  8
0
 10
-30.29374506953899
 20
38.75490192006967
 30
0.0
  0
VERTEX
  5
213
  8
0
 10
-30.39325454308611
 20
38.84811976576739
 30
0.0
  0
VERTEX
  5
214
  8
0
 10
-30.60177597840931
 20
39.02619789872541
 30
0.0
  0
VERTEX
  5
215
  8
0
 10
-30.81878902356683
 20
39.19529156529531
 30
0.0
  0
VERTEX
  5
216
  8
0
 10
-31.07721799599986
 20
39.38316016672225
 30
0.0
  0
VERTEX
  5
217
  8
0
 10
-31.3419206098411
 20
39.55903591933717
 30
0.0
  0
VERTEX
  5
218
  8
0
 10
-31.47711020422773
 20
39.64144030804884
 30
0.0
  0
VERTEX
  5
219
  8
0
 10
-31.61445101529195
 20
39.71960308140795
 30
0.0
  0
VERTEX
  5
21A
  8
0
 10
-31.75413731180894
 20
39.79310977169802
 30
0.0
  0
VERTEX
  5
21B
  8
0
 10
-31.89636336255386
 20
39.86154591120248
 30
0.0
  0
VERTEX
  5
21C
  8
0
 10
-32.05926166074483
 20
39.93199423804035
 30
0.0
  0
VERTEX
  5
21D
  8
0
 10
-32.225215083998
 20
39.99580431100508
 30
0.0
  0
VERTEX
  5
21E
  8
0
 10
-32.39382990993651
 20
40.05325698114422
 30
0.0
  0
VERTEX
  5
21F
  8
0
 10
-32.56471241618347
 20
40.1046330995053
 30
0.0
  0
VERTEX
  5
220
  8
0
 10
-32.73746888036203
 20
40.1502135171359
 30
0.0
  0
VERTEX
  5
221
  8
0
 10
-32.91170558009531
 20
40.19027908508356
 30
0.0
  0
VERTEX
  5
222
  8
0
 10
-33.08702879300647
 20
40.22511065439583
 30
0.0
  0
VERTEX
  5
223
  8
0
 10
-33.2630447967186
 20
40.25498907612027
 30
0.0
  0
VERTEX
  5
224
  8
0
 10
-33.45773673607446
 20
40.28264544565995
 30
0.0
  0
VERTEX
  5
225
  8
0
 10
-33.65274001338655
 20
40.30553266684812
 30
0.0
  0
VERTEX
  5
226
  8
0
 10
-34.04346850465926
 20
40.34069224375684
 30
0.0
  0
VERTEX
  5
227
  8
0
 10
-34.82632869325706
 20
40.39439999281174
 30
0.0
  0
VERTEX
  5
228
  8
0
 10
-35.26830806832106
 20
40.43148120459695
 30
0.0
  0
VERTEX
  5
229
  8
0
 10
-35.70930644317716
 20
40.47922034351016
 30
0.0
  0
VERTEX
  5
22A
  8
0
 10
-36.14864807114512
 20
40.53963356958064
 30
0.0
  0
VERTEX
  5
22B
  8
0
 10
-36.58565720554471
 20
40.61473704283772
 30
0.0
  0
VERTEX
  5
22C
  8
0
 10
-36.82063100561049
 20
40.6621213458887
 30
0.0
  0
VERTEX
  5
22D
  8
0
 10
-37.0545845123599
 20
40.71450786971371
 30
0.0
  0
VERTEX
  5
22E
  8
0
 10
-37.28737615170994
 20
40.77201882547033
 30
0.0
  0
VERTEX
  5
22F
  8
0
 10
-37.51886434957765
 20
40.8347764243161
 30
0.0
  0
VERTEX
  5
230
  8
0
 10
-37.74890753188006
 20
40.90290287740856
 30
0.0
  0
VERTEX
  5
231
  8
0
 10
-37.97736412453421
 20
40.97652039590531
 30
0.0
  0
VERTEX
  5
232
  8
0
 10
-38.20409255345715
 20
41.05575119096389
 30
0.0
  0
VERTEX
  5
233
  8
0
 10
-38.42895124456588
 20
41.14071747374186
 30
0.0
  0
VERTEX
  5
234
  8
0
 10
-38.64323705266368
 20
41.22793775178067
 30
0.0
  0
VERTEX
  5
235
  8
0
 10
-38.85531375966545
 20
41.32065895641936
 30
0.0
  0
VERTEX
  5
236
  8
0
 10
-39.06483197192667
 20
41.41896584470926
 30
0.0
  0
VERTEX
  5
237
  8
0
 10
-39.2714422958028
 20
41.52294317370162
 30
0.0
  0
VERTEX
  5
238
  8
0
 10
-39.4747953376493
 20
41.63267570044771
 30
0.0
  0
VERTEX
  5
239
  8
0
 10
-39.67454170382168
 20
41.74824818199887
 30
0.0
  0
VERTEX
  5
23A
  8
0
 10
-39.87033200067538
 20
41.86974537540634
 30
0.0
  0
VERTEX
  5
23B
  8
0
 10
-40.06181683456587
 20
41.99725203772143
 30
0.0
  0
VERTEX
  5
23C
  8
0
 10
-40.21222576943639
 20
42.10395421919053
 30
0.0
  0
VERTEX
  5
23D
  8
0
 10
-40.35982313569386
 20
42.21433735925208
 30
0.0
  0
VERTEX
  5
23E
  8
0
 10
-40.64733291399939
 20
42.44516492619466
 30
0.0
  0
VERTEX
  5
23F
  8
0
 10
-40.9258456727421
 20
42.68777156063368
 30
0.0
  0
VERTEX
  5
240
  8
0
 10
-41.19686091518155
 20
42.94019408465364
 30
0.0
  0
VERTEX
  5
241
  8
0
 10
-41.46187814457736
 20
43.20046932033902
 30
0.0
  0
VERTEX
  5
242
  8
0
 10
-41.72239686418914
 20
43.46663408977436
 30
0.0
  0
SEQEND
  5
243
  8
0
  0
POLYLINE
  5
44
  8
0
 66
     1
 10
0.0
 20
0.0
 30
0.0
 70
     1
  0
VERTEX
  5
244
  8
0
 10
12.6061210370596
 20
24.93813528738339
 30
0.0
  0
VERTEX
  5
245
  8
0
 10
12.57355301271689
 20
25.43160778309017
 30
0.0
  0
VERTEX
  5
246
  8
0
 10
12.53039974495198
 20
25.92598739852338
 30
0.0
  0
VERTEX
  5
247
  8
0
 10
12.47658422415416
 20
26.42093824383039
 30
0.0
  0
VERTEX
  5
248
  8
0
 10
12.41204336091013
 20
26.91611924080124
 30
0.0
  0
VERTEX
  5
249
  8
0
 10
12.3367283545927
 20
27.41118483845526
 30
0.0
  0
VERTEX
  5
24A
  8
0
 10
12.25060501727997
 20
27.90578575794603
 30
0.0
  0
VERTEX
  5
24B
  8
0
 10
12.15365405163212
 20
28.39956976321851
 30
0.0
  0
VERTEX
  5
24C
  8
0
 10
12.04587128047822
 20
28.89218245409439
 30
0.0
  0
VERTEX
  5
24D
  8
0
 10
11.92726782613793
 20
29.38326807824512
 30
0.0
  0
VERTEX
  5
24E
  8
0
 10
11.79787023779837
 20
29.8724703583197
 30
0.0
  0
VERTEX
  5
24F
  8
0
 10
11.65772056558169
 20
30.35943333033052
 30
0.0
  0
VERTEX
  5
250
  8
0
 10
11.50687638027214
 20
30.84380218926684
 30
0.0
  0
VERTEX
  5
251
  8
0
 10
11.34541073801808
 20
31.32522413780376
 30
0.0
  0
VERTEX
  5
252
  8
0
 10
11.1734120896823
 20
31.80334923390726
 30
0.0
  0
VERTEX
  5
253
  8
0
 10
10.99098413487875
 20
32.27783123310311
 30
0.0
  0
VERTEX
  5
254
  8
0
 10
10.79824562110124
 20
32.74832842118078
 30
0.0
  0
VERTEX
  5
255
  8
0
 10
10.59533008871743
 20
33.21450443314325
 30
0.0
  0
VERTEX
  5
256
  8
0
 10
10.38238556296335
 20
33.67602905428851
 30
0.0
  0
VERTEX
  5
257
  8
0
 10
10.15957419442797
 20
34.13257899942003
 30
0.0
  0
VERTEX
  5
258
  8
0
 10
9.927071849858935
 20
34.58383866632794
 30
0.0
  0
VERTEX
  5
259
  8
0
 10
9.685067655446257
 20
35.02950085986078
 30
0.0
  0
VERTEX
  5
25A
  8
0
 10
9.433763495046959
 20
35.46926748311616
 30
0.0
  0
VERTEX
  5
25B
  8
0
 10
9.173373466097553
 20
35.90285019251544
 30
0.0
  0
VERTEX
  5
25C
  8
0
 10
8.904123296219504
 20
36.32997101379019
 30
0.0
  0
VERTEX
  5
25D
  8
0
 10
8.626249723753302
 20
36.7503629161934
 30
0.0
  0
VERTEX
  5
25E
  8
0
 10
8.339999845657209
 20
37.16377034255297
 30
0.0
  0
VERTEX
  5
25F
  8
0
 10
8.045630436375593
 20
37.56994969310587
 30
0.0
  0
VERTEX
  5
260
  8
0
 10
7.743407241417485
 20
37.96866976138317
 30
0.0
  0
VERTEX
  5
261
  8
0
 10
7.433604249488241
 20
38.35971212075884
 30
0.0
  0
VERTEX
  5
262
  8
0
 10
7.116502947084977
 20
38.74287146061999
 30
0.0
  0
VERTEX
  5
263
  8
0
 10
6.792391559500551
 20
39.11795587146473
 30
0.0
  0
VERTEX
  5
264
  8
0
 10
6.461564282181248
 20
39.48478707857736
 30
0.0
  0
VERTEX
  5
265
  8
0
 10
6.221234764190807
 20
39.17812515488625
 30
0.0
  0
VERTEX
  5
266
  8
0
 10
5.987446621792648
 20
38.86408599934026
 30
0.0
  0
VERTEX
  5
267
  8
0
 10
5.760517015752139
 20
38.54286944956614
 30
0.0
  0
VERTEX
  5
268
  8
0
 10
5.540755552009641
 20
38.21469286714603
 30
0.0
  0
VERTEX
  5
269
  8
0
 10
5.328463112629994
 20
37.87979081642172
 30
0.0
  0
VERTEX
  5
26A
  8
0
 10
5.123930699657466
 20
37.5384146512073
 30
0.0
  0
VERTEX
  5
26B
  8
0
 10
4.927438300167167
 20
37.19083200961338
 30
0.0
  0
VERTEX
  5
26C
  8
0
 10
4.739253780870147
 20
36.8373262180333
 30
0.0
  0
VERTEX
  5
26D
  8
0
 10
4.559631820599201
 20
36.47819560620724
 30
0.0
  0
VERTEX
  5
26E
  8
0
 10
4.388812888872767
 20
36.11375273614837
 30
0.0
  0
VERTEX
  5
26F
  8
0
 10
4.227022278503701
 20
35.74432354857593
 30
0.0
  0
VERTEX
  5
270
  8
0
 10
4.074469199888919
 20
35.37024643133858
 30
0.0
  0
VERTEX
  5
271
  8
0
 10
3.931345944186682
 20
34.9918712151156
 30
0.0
  0
VERTEX
  5
272
  8
0
 10
3.797827122065305
 20
34.60955810244011
 30
0.0
  0
VERTEX
  5
273
  8
0
 10
3.674068984095851
 20
34.22367653678614
 30
0.0
  0
VERTEX
  5
274
  8
0
 10
3.560208828169604
 20
33.83460401908699
 30
0.0
  0
VERTEX
  5
275
  8
0
 10
3.456364498558294
 20
33.44272487959806
 30
0.0
  0
VERTEX
  5
276
  8
0
 10
3.3626339804114
 20
33.04842901347217
 30
0.0
  0
VERTEX
  5
277
  8
0
 10
3.279095092612577
 20
32.65211058877252
 30
0.0
  0
VERTEX
  5
278
  8
0
 10
3.205805281008947
 20
32.25416673590405
 30
0.0
  0
VERTEX
  5
279
  8
0
 10
3.142801513096152
 20
31.85499622759028
 30
0.0
  0
VERTEX
  5
27A
  8
0
 10
3.090100274302511
 20
31.45499815856287
 30
0.0
  0
VERTEX
  5
27B
  8
0
 10
3.047697665081392
 20
31.05457063406096
 30
0.0
  0
VERTEX
  5
27C
  8
0
 10
3.015569597105557
 20
30.65410947606173
 30
0.0
  0
VERTEX
  5
27D
  8
0
 10
2.993672085974006
 20
30.25400695588471
 30
0.0
  0
VERTEX
  5
27E
  8
0
 10
2.981941637003271
 20
29.85465056143791
 30
0.0
  0
VERTEX
  5
27F
  8
0
 10
2.980295719892314
 20
29.4564218069085
 30
0.0
  0
VERTEX
  5
280
  8
0
 10
2.98863332733349
 20
29.05969509215624
 30
0.0
  0
VERTEX
  5
281
  8
0
 10
3.006835612000076
 20
28.66483661845155
 30
0.0
  0
VERTEX
  5
282
  8
0
 10
3.034766595780595
 20
28.27220336652512
 30
0.0
  0
VERTEX
  5
283
  8
0
 10
3.072273944657264
 20
27.88214214217186
 30
0.0
  0
VERTEX
  5
284
  8
0
 10
3.119189802243814
 20
27.49498869389231
 30
0.0
  0
VERTEX
  5
285
  8
0
 10
3.180947955608568
 20
27.93020423194926
 30
0.0
  0
VERTEX
  5
286
  8
0
 10
3.2186255121914
 20
28.14427821127488
 30
0.0
  0
VERTEX
  5
287
  8
0
 10
3.264461244655656
 20
28.3541116429551
 30
0.0
  0
VERTEX
  5
288
  8
0
 10
3.321174544962178
 20
28.55829101110729
 30
0.0
  0
VERTEX
  5
289
  8
0
 10
3.354460093044051
 20
28.65781869764705
 30
0.0
  0
VERTEX
  5
28A
  8
0
 10
3.391484805071805
 20
28.75540279984881
 30
0.0
  0
VERTEX
  5
28B
  8
0
 10
3.432588605040547
 20
28.85086662822726
 30
0.0
  0
VERTEX
  5
28C
  8
0
 10
3.478111416945379
 20
28.94403349329706
 30
0.0
  0
VERTEX
  5
28D
  8
0
 10
3.52839316478141
 20
29.03472670557288
 30
0.0
  0
VERTEX
  5
28E
  8
0
 10
3.583773772543741
 20
29.12276957556939
 30
0.0
  0
VERTEX
  5
28F
  8
0
 10
3.652343545141051
 20
29.21834673751297
 30
0.0
  0
VERTEX
  5
290
  8
0
 10
3.727205595349152
 20
29.31018535020841
 30
0.0
  0
VERTEX
  5
291
  8
0
 10
3.807782953696191
 20
29.39811743826787
 30
0.0
  0
VERTEX
  5
292
  8
0
 10
3.893498650710315
 20
29.48197502630354
 30
0.0
  0
VERTEX
  5
293
  8
0
 10
3.983775716919672
 20
29.56159013892762
 30
0.0
  0
VERTEX
  5
294
  8
0
 10
4.078037182852408
 20
29.63679480075226
 30
0.0
  0
VERTEX
  5
295
  8
0
 10
4.17570607903667
 20
29.70742103638965
 30
0.0
  0
VERTEX
  5
296
  8
0
 10
4.276205436000608
 20
29.77330087045196
 30
0.0
  0
VERTEX
  5
297
  8
0
 10
4.395561827689243
 20
29.84348884534199
 30
0.0
  0
VERTEX
  5
298
  8
0
 10
4.517889036988649
 20
29.90692346264082
 30
0.0
  0
VERTEX
  5
299
  8
0
 10
4.643133024073959
 20
29.96344792434733
 30
0.0
  0
VERTEX
  5
29A
  8
0
 10
4.771239749120315
 20
30.0129054324604
 30
0.0
  0
VERTEX
  5
29B
  8
0
 10
4.898594616019106
 20
30.05412474179633
 30
0.0
  0
VERTEX
  5
29C
  8
0
 10
5.028169788558524
 20
30.08839651890127
 30
0.0
  0
VERTEX
  5
29D
  8
0
 10
5.1595233569782
 20
30.11562024101821
 30
0.0
  0
VERTEX
  5
29E
  8
0
 10
5.292213411517773
 20
30.13569538539013
 30
0.0
  0
VERTEX
  5
29F
  8
0
 10
5.465662962524658
 20
30.15096110559166
 30
0.0
  0
VERTEX
  5
2A0
  8
0
 10
5.639762830678103
 20
30.1540316183689
 30
0.0
  0
VERTEX
  5
2A1
  8
0
 10
5.813657344766539
 20
30.14491532624838
 30
0.0
  0
VERTEX
  5
2A2
  8
0
 10
5.986490833578388
 20
30.12362063175658
 30
0.0
  0
VERTEX
  5
2A3
  8
0
 10
6.14601872155686
 20
30.09281406189438
 30
0.0
  0
VERTEX
  5
2A4
  8
0
 10
6.303172948643453
 20
30.0516192949937
 30
0.0
  0
VERTEX
  5
2A5
  8
0
 10
6.457248046861073
 20
30.00024026878504
 30
0.0
  0
VERTEX
  5
2A6
  8
0
 10
6.607538548232617
 20
29.93888092099889
 30
0.0
  0
VERTEX
  5
2A7
  8
0
 10
6.727521922817423
 20
29.88126108843268
 30
0.0
  0
VERTEX
  5
2A8
  8
0
 10
6.844246738366689
 20
29.81729011508665
 30
0.0
  0
VERTEX
  5
2A9
  8
0
 10
6.957475533913349
 20
29.74719480850015
 30
0.0
  0
VERTEX
  5
2AA
  8
0
 10
7.066970848490326
 20
29.67120197621258
 30
0.0
  0
VERTEX
  5
2AB
  8
0
 10
7.179646195564488
 20
29.58360710233245
 30
0.0
  0
VERTEX
  5
2AC
  8
0
 10
7.287093840386756
 20
29.48967238428823
 30
0.0
  0
VERTEX
  5
2AD
  8
0
 10
7.388631129616387
 20
29.38954855164287
 30
0.0
  0
VERTEX
  5
2AE
  8
0
 10
7.483575409912626
 20
29.28338633395931
 30
0.0
  0
VERTEX
  5
2AF
  8
0
 10
7.56649498838839
 20
29.17889348658053
 30
0.0
  0
VERTEX
  5
2B0
  8
0
 10
7.645654598482598
 20
29.07143231535817
 30
0.0
  0
VERTEX
  5
2B1
  8
0
 10
8.031851801095938
 20
28.53059019278797
 30
0.0
  0
VERTEX
  5
2B2
  8
0
 10
8.206661790670488
 20
28.30046331573806
 30
0.0
  0
VERTEX
  5
2B3
  8
0
 10
8.388093814622792
 20
28.075399862632
 30
0.0
  0
VERTEX
  5
2B4
  8
0
 10
8.575684182895605
 20
27.85537100429573
 30
0.0
  0
VERTEX
  5
2B5
  8
0
 10
8.768969205431674
 20
27.64034791155522
 30
0.0
  0
VERTEX
  5
2B6
  8
0
 10
8.943033431980083
 20
27.45570290359291
 30
0.0
  0
VERTEX
  5
2B7
  8
0
 10
9.121109740918504
 20
27.27501356773974
 30
0.0
  0
VERTEX
  5
2B8
  8
0
 10
9.303178537410123
 20
27.0983996864982
 30
0.0
  0
VERTEX
  5
2B9
  8
0
 10
9.48922022661814
 20
26.92598104237074
 30
0.0
  0
VERTEX
  5
2BA
  8
0
 10
9.715982901036842
 20
26.72621604108273
 30
0.0
  0
VERTEX
  5
2BB
  8
0
 10
9.948159148731811
 20
26.53274911410819
 30
0.0
  0
VERTEX
  5
2BC
  8
0
 10
10.18555203436327
 20
26.34575447272923
 30
0.0
  0
VERTEX
  5
2BD
  8
0
 10
10.42796462259146
 20
26.16540632822791
 30
0.0
  0
VERTEX
  5
2BE
  8
0
 10
10.6231748904797
 20
26.0275258879585
 30
0.0
  0
VERTEX
  5
2BF
  8
0
 10
10.82127893640056
 20
25.89388208996074
 30
0.0
  0
VERTEX
  5
2C0
  8
0
 10
11.02215177823119
 20
25.76444222637438
 30
0.0
  0
VERTEX
  5
2C1
  8
0
 10
11.22566843384872
 20
25.63917358933914
 30
0.0
  0
VERTEX
  5
2C2
  8
0
 10
11.56990422586089
 20
25.4403625827004
 30
0.0
  0
VERTEX
  5
2C3
  8
0
 10
11.74477375996639
 20
25.34599147101144
 30
0.0
  0
VERTEX
  5
2C4
  8
0
 10
11.92155124117297
 20
25.25537121337337
 30
0.0
  0
VERTEX
  5
2C5
  8
0
 10
12.2620661276945
 20
25.09310447055016
 30
0.0
  0
SEQEND
  5
2C6
  8
0
  0
POLYLINE
  5
45
  8
0
 66
     1
 10
0.0
 20
0.0
 30
0.0
 70
     1
  0
VERTEX
  5
2C7
  8
0
 10
24.90395478175591
 20
12.57846163760034
 30
0.0
  0
VERTEX
  5
2C8
  8
0
 10
25.39606814613037
 20
12.54461437364646
 30
0.0
  0
VERTEX
  5
2C9
  8
0
 10
25.88906064949348
 20
12.50015219812126
 30
0.0
  0
VERTEX
  5
2CA
  8
0
 10
26.38259708699341
 20
12.44499871476211
 30
0.0
  0
VERTEX
  5
2CB
  8
0
 10
26.87633711258401
 20
12.37909149618248
 30
0.0
  0
VERTEX
  5
2CC
  8
0
 10
27.36993595364642
 20
12.30238245169445
 30
0.0
  0
VERTEX
  5
2CD
  8
0
 10
27.86304515474566
 20
12.21483815026521
 30
0.0
  0
VERTEX
  5
2CE
  8
0
 10
28.35531334696109
 20
12.11644009724918
 30
0.0
  0
VERTEX
  5
2CF
  8
0
 10
28.84638703946997
 20
12.0071849626506
 30
0.0
  0
VERTEX
  5
2D0
  8
0
 10
29.33591142984804
 20
11.88708475894478
 30
0.0
  0
VERTEX
  5
2D1
  8
0
 10
29.82353122935973
 20
11.75616696678307
 30
0.0
  0
VERTEX
  5
2D2
  8
0
 10
30.30889149934825
 20
11.6144746072229
 30
0.0
  0
VERTEX
  5
2D3
  8
0
 10
30.79163849470285
 20
11.46206625945877
 30
0.0
  0
VERTEX
  5
2D4
  8
0
 10
31.2714205102805
 20
11.29901602337789
 30
0.0
  0
VERTEX
  5
2D5
  8
0
 10
31.74788872609237
 20
11.12541342662317
 30
0.0
  0
VERTEX
  5
2D6
  8
0
 10
32.22069804703406
 20
10.94136327621194
 30
0.0
  0
VERTEX
  5
2D7
  8
0
 10
32.689507932943
 20
10.74698545512735
 30
0.0
  0
VERTEX
  5
2D8
  8
0
 10
33.15398321480595
 20
10.54241466466783
 30
0.0
  0
VERTEX
  5
2D9
  8
0
 10
33.61379489301657
 20
10.32780011370275
 30
0.0
  0
VERTEX
  5
2DA
  8
0
 10
34.06862091369387
 20
10.10330515633748
 30
0.0
  0
VERTEX
  5
2DB
  8
0
 10
34.51814691921779
 20
9.869106879832934
 30
0.0
  0
VERTEX
  5
2DC
  8
0
 10
34.9620669693168
 20
9.625395644950915
 30
0.0
  0
VERTEX
  5
2DD
  8
0
 10
35.40008422925034
 20
9.372374581203111
 30
0.0
  0
VERTEX
  5
2DE
  8
0
 10
35.83191162186679
 20
9.11025903976554
 30
0.0
  0
VERTEX
  5
2DF
  8
0
 10
36.2572724405793
 20
8.839276007078592
 30
0.0
  0
VERTEX
  5
2E0
  8
0
 10
36.67590092058757
 20
8.559663482383215
 30
0.0
  0
VERTEX
  5
2E1
  8
0
 10
37.08754276597741
 20
8.271669822643972
 30
0.0
  0
VERTEX
  5
2E2
  8
0
 10
37.49195563065044
 20
7.975553058478249
 30
0.0
  0
VERTEX
  5
2E3
  8
0
 10
37.88890955136807
 20
7.671580184846156
 30
0.0
  0
VERTEX
  5
2E4
  8
0
 10
38.27818733153524
 20
7.360026430357262
 30
0.0
  0
VERTEX
  5
2E5
  8
0
 10
38.65958487469382
 20
7.041174509117614
 30
0.0
  0
VERTEX
  5
2E6
  8
0
 10
39.03291146704316
 20
6.715313859073667
 30
0.0
  0
VERTEX
  5
2E7
  8
0
 10
39.39799000864829
 20
6.382739870809355
 30
0.0
  0
VERTEX
  5
2E8
  8
0
 10
39.0915418529141
 20
6.142529063768155
 30
0.0
  0
VERTEX
  5
2E9
  8
0
 10
38.77775144199992
 20
5.908894469761519
 30
0.0
  0
VERTEX
  5
2EA
  8
0
 10
38.45681886292472
 20
5.68215358887031
 30
0.0
  0
VERTEX
  5
2EB
  8
0
 10
38.12896166290755
 20
5.462616304317113
 30
0.0
  0
VERTEX
  5
2EC
  8
0
 10
37.7944145261748
 20
5.250583711159324
 30
0.0
  0
VERTEX
  5
2ED
  8
0
 10
37.45342885894613
 20
5.046346958144124
 30
0.0
  0
VERTEX
  5
2EE
  8
0
 10
37.10627228282137
 20
4.8501861110374
 30
0.0
  0
VERTEX
  5
2EF
  8
0
 10
36.75322803763708
 20
4.662369045802972
 30
0.0
  0
VERTEX
  5
2F0
  8
0
 10
36.39459429572301
 20
4.483150379976128
 30
0.0
  0
VERTEX
  5
2F1
  8
0
 10
36.03068339035592
 20
4.312770450443377
 30
0.0
  0
VERTEX
  5
2F2
  8
0
 10
35.66182096206504
 20
4.151454345607075
 30
0.0
  0
VERTEX
  5
2F3
  8
0
 10
35.28834502727967
 20
3.999410999579831
 30
0.0
  0
VERTEX
  5
2F4
  8
0
 10
34.91060497460981
 20
3.856832355621441
 30
0.0
  0
VERTEX
  5
2F5
  8
0
 10
34.52896049480517
 20
3.723892605504791
 30
0.0
  0
VERTEX
  5
2F6
  8
0
 10
34.14378045113073
 20
3.600747510882724
 30
0.0
  0
VERTEX
  5
2F7
  8
0
 10
33.7554416975211
 20
3.48753381203286
 30
0.0
  0
VERTEX
  5
2F8
  8
0
 10
33.36432785241681
 20
3.384368728591072
 30
0.0
  0
VERTEX
  5
2F9
  8
0
 10
32.97082803663828
 20
3.291349556057619
 30
0.0
  0
VERTEX
  5
2FA
  8
0
 10
32.57533558400736
 20
3.208553360984379
 30
0.0
  0
VERTEX
  5
2FB
  8
0
 10
32.17824673367795
 20
3.136036776840453
 30
0.0
  0
VERTEX
  5
2FC
  8
0
 10
31.77995931328293
 20
3.073835901619709
 30
0.0
  0
VERTEX
  5
2FD
  8
0
 10
31.38087142203998
 20
3.021966297311823
 30
0.0
  0
VERTEX
  5
2FE
  8
0
 10
30.98138012288866
 20
2.980423090421829
 30
0.0
  0
VERTEX
  5
2FF
  8
0
 10
30.5818801525525
 20
2.949181171805908
 30
0.0
  0
VERTEX
  5
300
  8
0
 10
30.18276265814023
 20
2.928195493206315
 30
0.0
  0
VERTEX
  5
301
  8
0
 10
29.78441396852417
 20
2.917401457028461
 30
0.0
  0
VERTEX
  5
302
  8
0
 10
29.38721440826832
 20
2.916715395119493
 30
0.0
  0
VERTEX
  5
303
  8
0
 10
28.99153716133334
 20
2.926035131590487
 30
0.0
  0
VERTEX
  5
304
  8
0
 10
28.59774719116997
 20
2.945240624082182
 30
0.0
  0
VERTEX
  5
305
  8
0
 10
28.20620022313701
 20
2.974194677314173
 30
0.0
  0
VERTEX
  5
306
  8
0
 10
27.81724179445746
 20
3.01274372228504
 30
0.0
  0
VERTEX
  5
307
  8
0
 10
27.43120637616712
 20
3.060718654109666
 30
0.0
  0
VERTEX
  5
308
  8
0
 10
27.86544229410095
 20
3.121583415647305
 30
0.0
  0
VERTEX
  5
309
  8
0
 10
28.07905209093166
 20
3.158840475904809
 30
0.0
  0
VERTEX
  5
30A
  8
0
 10
28.28845209319872
 20
3.204287151550055
 30
0.0
  0
VERTEX
  5
30B
  8
0
 10
28.49223903604751
 20
3.260653314379507
 30
0.0
  0
VERTEX
  5
30C
  8
0
 10
28.59158908992298
 20
3.293784288424706
 30
0.0
  0
VERTEX
  5
30D
  8
0
 10
28.68900965462339
 20
3.33066883618963
 30
0.0
  0
VERTEX
  5
30E
  8
0
 10
28.78432532204192
 20
3.371648191648838
 30
0.0
  0
VERTEX
  5
30F
  8
0
 10
28.87736068407173
 20
3.417063588776887
 30
0.0
  0
VERTEX
  5
310
  8
0
 10
28.967940332606
 20
3.467256261548338
 30
0.0
  0
VERTEX
  5
311
  8
0
 10
29.05588885953789
 20
3.522567443937744
 30
0.0
  0
VERTEX
  5
312
  8
0
 10
29.15138406264413
 20
3.591083780303727
 30
0.0
  0
VERTEX
  5
313
  8
0
 10
29.24316564977198
 20
3.66591777584905
 30
0.0
  0
VERTEX
  5
314
  8
0
 10
29.33106468446989
 20
3.746491370363055
 30
0.0
  0
VERTEX
  5
315
  8
0
 10
29.41491223028636
 20
3.832226503635078
 30
0.0
  0
VERTEX
  5
316
  8
0
 10
29.49453935076986
 20
3.922545115454461
 30
0.0
  0
VERTEX
  5
317
  8
0
 10
29.56977710946884
 20
4.016869145610544
 30
0.0
  0
VERTEX
  5
318
  8
0
 10
29.64045656993181
 20
4.114620533892666
 30
0.0
  0
VERTEX
  5
319
  8
0
 10
29.70640879570721
 20
4.215221220090164
 30
0.0
  0
VERTEX
  5
31A
  8
0
 10
29.77670363870576
 20
4.334717450656866
 30
0.0
  0
VERTEX
  5
31B
  8
0
 10
29.84026983772918
 20
4.457208559155144
 30
0.0
  0
VERTEX
  5
31C
  8
0
 10
29.89695087074705
 20
4.582640745123463
 30
0.0
  0
VERTEX
  5
31D
  8
0
 10
29.94659021572891
 20
4.710960208100294
 30
0.0
  0
VERTEX
  5
31E
  8
0
 10
29.98801091513883
 20
4.838545806614927
 30
0.0
  0
VERTEX
  5
31F
  8
0
 10
30.02250748269166
 20
4.968374293384616
 30
0.0
  0
VERTEX
  5
320
  8
0
 10
30.04997858654989
 20
5.100002855127284
 30
0.0
  0
VERTEX
  5
321
  8
0
 10
30.070322894876
 20
5.232988678560846
 30
0.0
  0
VERTEX
  5
322
  8
0
 10
30.08596893705759
 20
5.406851425714204
 30
0.0
  0
VERTEX
  5
323
  8
0
 10
30.0894529859455
 20
5.581395702848075
 30
0.0
  0
VERTEX
  5
324
  8
0
 10
30.0807813506539
 20
5.755763597677241
 30
0.0
  0
VERTEX
  5
325
  8
0
 10
30.05996034029695
 20
5.929097197916487
 30
0.0
  0
VERTEX
  5
326
  8
0
 10
30.02961991916096
 20
6.089113693798586
 30
0.0
  0
VERTEX
  5
327
  8
0
 10
29.98891250577806
 20
6.246775518624607
 30
0.0
  0
VERTEX
  5
328
  8
0
 10
29.9380398008105
 20
6.401374879768045
 30
0.0
  0
VERTEX
  5
329
  8
0
 10
29.87720350492052
 20
6.552203984602397
 30
0.0
  0
VERTEX
  5
32A
  8
0
 10
29.82002364761709
 20
6.67263825280572
 30
0.0
  0
VERTEX
  5
32B
  8
0
 10
29.75650123806843
 20
6.789820881358541
 30
0.0
  0
VERTEX
  5
32C
  8
0
 10
29.68686192047438
 20
6.903513243901391
 30
0.0
  0
VERTEX
  5
32D
  8
0
 10
29.61133133903473
 20
7.013476714074804
 30
0.0
  0
VERTEX
  5
32E
  8
0
 10
29.52423651573808
 20
7.126656558893189
 30
0.0
  0
VERTEX
  5
32F
  8
0
 10
29.43080564013484
 20
7.234610482966096
 30
0.0
  0
VERTEX
  5
330
  8
0
 10
29.33118739800121
 20
7.336653696334146
 30
0.0
  0
VERTEX
  5
331
  8
0
 10
29.22553047511341
 20
7.432101409037957
 30
0.0
  0
VERTEX
  5
332
  8
0
 10
29.12150947920078
 20
7.515489170505794
 30
0.0
  0
VERTEX
  5
333
  8
0
 10
29.01451875754586
 20
7.595114391739384
 30
0.0
  0
VERTEX
  5
334
  8
0
 10
28.47601481338195
 20
7.983623294322022
 30
0.0
  0
VERTEX
  5
335
  8
0
 10
28.24690820742277
 20
8.159444115554514
 30
0.0
  0
VERTEX
  5
336
  8
0
 10
28.02286792087487
 20
8.341891898643311
 30
0.0
  0
VERTEX
  5
337
  8
0
 10
27.80386407674688
 20
8.530501819908437
 30
0.0
  0
VERTEX
  5
338
  8
0
 10
27.58986679804745
 20
8.724809055669917
 30
0.0
  0
VERTEX
  5
339
  8
0
 10
27.40612225584803
 20
8.899772065062473
 30
0.0
  0
VERTEX
  5
33A
  8
0
 10
27.22633283642084
 20
9.078747992602562
 30
0.0
  0
VERTEX
  5
33B
  8
0
 10
27.05061796406131
 20
9.261716902601771
 30
0.0
  0
VERTEX
  5
33C
  8
0
 10
26.87909706306488
 20
9.448658859371694
 30
0.0
  0
VERTEX
  5
33D
  8
0
 10
26.68039934033242
 20
9.67649369142285
 30
0.0
  0
VERTEX
  5
33E
  8
0
 10
26.48799645842872
 20
9.909740898767135
 30
0.0
  0
VERTEX
  5
33F
  8
0
 10
26.30206169986753
 20
10.14820261318381
 30
0.0
  0
VERTEX
  5
340
  8
0
 10
26.12276834716263
 20
10.39168096645213
 30
0.0
  0
VERTEX
  5
341
  8
0
 10
25.9857182403386
 20
10.58773167889633
 30
0.0
  0
VERTEX
  5
342
  8
0
 10
25.85290079003421
 20
10.78667342254787
 30
0.0
  0
VERTEX
  5
343
  8
0
 10
25.72428307066087
 20
10.98838097010437
 30
0.0
  0
VERTEX
  5
344
  8
0
 10
25.59983215663001
 20
11.19272909426351
 30
0.0
  0
VERTEX
  5
345
  8
0
 10
25.40237036032865
 20
11.53833961319935
 30
0.0
  0
VERTEX
  5
346
  8
0
 10
25.30866745421872
 20
11.71389146366255
 30
0.0
  0
VERTEX
  5
347
  8
0
 10
25.21871029001876
 20
11.89134713197632
 30
0.0
  0
VERTEX
  5
348
  8
0
 10
25.05768893731272
 20
12.23313861347083
 30
0.0
  0
SEQEND
  5
349
  8
0
  0
POLYLINE
  5
46
  8
0
 66
     1
 10
0.0
 20
0.0
 30
0.0
 70
     1
  0
VERTEX
  5
34A
  8
0
 10
42.23593678741889
 20
44.00877951860267
 30
0.0
  0
VERTEX
  5
34B
  8
0
 10
12.33005675357561
 20
44.00877951897255
 30
0.0
  0
VERTEX
  5
34C
  8
0
 10
12.16245451970378
 20
43.92987008265708
 30
0.0
  0
VERTEX
  5
34D
  8
0
 10
11.83039287596989
 20
43.7646700843704
 30
0.0
  0
VERTEX
  5
34E
  8
0
 10
11.50267923220821
 20
43.59086216527743
 30
0.0
  0
VERTEX
  5
34F
  8
0
 10
11.1786925043197
 20
43.40967591203272
 30
0.0
  0
VERTEX
  5
350
  8
0
 10
10.85781160820537
 20
43.22234091129083
 30
0.0
  0
VERTEX
  5
351
  8
0
 10
10.53941545976618
 20
43.03008674970634
 30
0.0
  0
VERTEX
  5
352
  8
0
 10
10.22288297490313
 20
42.83414301393385
 30
0.0
  0
VERTEX
  5
353
  8
0
 10
9.592924659509325
 20
42.43610516644301
 30
0.0
  0
VERTEX
  5
354
  8
0
 10
10.27888340637096
 20
41.63875506945272
 30
0.0
  0
VERTEX
  5
355
  8
0
 10
10.62681625365324
 20
41.24429317598813
 30
0.0
  0
VERTEX
  5
356
  8
0
 10
10.98064719572712
 20
40.85484788080296
 30
0.0
  0
VERTEX
  5
357
  8
0
 10
11.30317309055428
 20
40.51239427240348
 30
0.0
  0
VERTEX
  5
358
  8
0
 10
11.632193611395
 20
40.17593139187347
 30
0.0
  0
VERTEX
  5
359
  8
0
 10
11.96794071457382
 20
39.84612328124522
 30
0.0
  0
VERTEX
  5
35A
  8
0
 10
12.31064635641529
 20
39.52363398255102
 30
0.0
  0
VERTEX
  5
35B
  8
0
 10
12.66054249324397
 20
39.20912753782318
 30
0.0
  0
VERTEX
  5
35C
  8
0
 10
13.0178610813844
 20
38.90326798909398
 30
0.0
  0
VERTEX
  5
35D
  8
0
 10
13.38283407716115
 20
38.60671937839572
 30
0.0
  0
VERTEX
  5
35E
  8
0
 10
13.75569343689875
 20
38.32014574776068
 30
0.0
  0
VERTEX
  5
35F
  8
0
 10
13.9612797654227
 20
38.16918010816703
 30
0.0
  0
VERTEX
  5
360
  8
0
 10
14.16933718531615
 20
38.0216532595196
 30
0.0
  0
VERTEX
  5
361
  8
0
 10
14.3799493535273
 20
37.87787527073012
 30
0.0
  0
VERTEX
  5
362
  8
0
 10
14.59319992700434
 20
37.73815621071037
 30
0.0
  0
VERTEX
  5
363
  8
0
 10
14.80917256269547
 20
37.60280614837206
 30
0.0
  0
VERTEX
  5
364
  8
0
 10
15.0279509175489
 20
37.47213515262697
 30
0.0
  0
VERTEX
  5
365
  8
0
 10
15.2496186485128
 20
37.34645329238681
 30
0.0
  0
VERTEX
  5
366
  8
0
 10
15.47425941253538
 20
37.22607063656336
 30
0.0
  0
VERTEX
  5
367
  8
0
 10
15.65499219844122
 20
37.13437716184568
 30
0.0
  0
VERTEX
  5
368
  8
0
 10
15.83762797234089
 20
37.04646054098868
 30
0.0
  0
VERTEX
  5
369
  8
0
 10
16.02213828080784
 20
36.96255327666901
 30
0.0
  0
VERTEX
  5
36A
  8
0
 10
16.20849467041553
 20
36.88288787156336
 30
0.0
  0
VERTEX
  5
36B
  8
0
 10
16.39666868773735
 20
36.8076968283484
 30
0.0
  0
VERTEX
  5
36C
  8
0
 10
16.58663187934678
 20
36.73721264970082
 30
0.0
  0
VERTEX
  5
36D
  8
0
 10
16.77835579181724
 20
36.67166783829729
 30
0.0
  0
VERTEX
  5
36E
  8
0
 10
16.97181197172216
 20
36.61129489681451
 30
0.0
  0
VERTEX
  5
36F
  8
0
 10
17.2952956398403
 20
36.52346502488575
 30
0.0
  0
VERTEX
  5
370
  8
0
 10
17.4585457471506
 20
36.4854678771473
 30
0.0
  0
VERTEX
  5
371
  8
0
 10
17.6226741990572
 20
36.45161716161955
 30
0.0
  0
VERTEX
  5
372
  8
0
 10
17.78758561738169
 20
36.42206380834754
 30
0.0
  0
VERTEX
  5
373
  8
0
 10
17.95318462394567
 20
36.39695874737633
 30
0.0
  0
VERTEX
  5
374
  8
0
 10
18.11937584057075
 20
36.37645290875096
 30
0.0
  0
VERTEX
  5
375
  8
0
 10
18.28606388907852
 20
36.36069722251648
 30
0.0
  0
VERTEX
  5
376
  8
0
 10
18.57977742033387
 20
36.3448592385577
 30
0.0
  0
VERTEX
  5
377
  8
0
 10
18.87398032331379
 20
36.34425272946777
 30
0.0
  0
VERTEX
  5
378
  8
0
 10
19.16792293758659
 20
36.35898264699769
 30
0.0
  0
VERTEX
  5
379
  8
0
 10
19.46085560272053
 20
36.38915394289846
 30
0.0
  0
VERTEX
  5
37A
  8
0
 10
19.6085817313021
 20
36.41036224734374
 30
0.0
  0
VERTEX
  5
37B
  8
0
 10
19.75570063507129
 20
36.43559284835403
 30
0.0
  0
VERTEX
  5
37C
  8
0
 10
19.90205644073548
 20
36.46488030575708
 30
0.0
  0
VERTEX
  5
37D
  8
0
 10
20.0474932750021
 20
36.4982591793807
 30
0.0
  0
VERTEX
  5
37E
  8
0
 10
20.19185526457854
 20
36.53576402905261
 30
0.0
  0
VERTEX
  5
37F
  8
0
 10
20.3349865361722
 20
36.57742941460062
 30
0.0
  0
VERTEX
  5
380
  8
0
 10
20.4767312164905
 20
36.62328989585245
 30
0.0
  0
VERTEX
  5
381
  8
0
 10
20.61693343224084
 20
36.67338003263589
 30
0.0
  0
VERTEX
  5
382
  8
0
 10
20.766959466212
 20
36.73221934542416
 30
0.0
  0
VERTEX
  5
383
  8
0
 10
20.91549169851156
 20
36.79480932065897
 30
0.0
  0
VERTEX
  5
384
  8
0
 10
21.21006649365253
 20
36.92624037523044
 30
0.0
  0
VERTEX
  5
385
  8
0
 10
21.30128623426578
 20
36.82894493526205
 30
0.0
  0
VERTEX
  5
386
  8
0
 10
21.38929211749685
 20
36.72785704024569
 30
0.0
  0
VERTEX
  5
387
  8
0
 10
21.4738564042567
 20
36.62313654751655
 30
0.0
  0
VERTEX
  5
388
  8
0
 10
21.55476197259575
 20
36.51496123879632
 30
0.0
  0
VERTEX
  5
389
  8
0
 10
21.63180404558119
 20
36.40352591994763
 30
0.0
  0
VERTEX
  5
38A
  8
0
 10
21.70479182442279
 20
36.2890413219278
 30
0.0
  0
VERTEX
  5
38B
  8
0
 10
21.77355000175344
 20
36.17173281526973
 30
0.0
  0
VERTEX
  5
38C
  8
0
 10
21.83792013065104
 20
36.05183895386141
 30
0.0
  0
VERTEX
  5
38D
  8
0
 10
21.89776182741624
 20
35.92960986742246
 30
0.0
  0
VERTEX
  5
38E
  8
0
 10
21.9529537891422
 20
35.8053055252689
 30
0.0
  0
VERTEX
  5
38F
  8
0
 10
22.00339461064171
 20
35.67919389661022
 30
0.0
  0
VERTEX
  5
390
  8
0
 10
22.04900338922587
 20
35.55154903464939
 30
0.0
  0
VERTEX
  5
391
  8
0
 10
22.08972011003338
 20
35.42264911309118
 30
0.0
  0
VERTEX
  5
392
  8
0
 10
22.12550580895785
 20
35.29277444427186
 30
0.0
  0
VERTEX
  5
393
  8
0
 10
22.15634251457524
 20
35.16220550799456
 30
0.0
  0
VERTEX
  5
394
  8
0
 10
22.18223297469722
 20
35.03122101930822
 30
0.0
  0
VERTEX
  5
395
  8
0
 10
22.20651417568506
 20
35.16753670819126
 30
0.0
  0
VERTEX
  5
396
  8
0
 10
22.2356869793692
 20
35.3042185506965
 30
0.0
  0
VERTEX
  5
397
  8
0
 10
22.26983106805317
 20
35.44101584702658
 30
0.0
  0
VERTEX
  5
398
  8
0
 10
22.30900985958819
 20
35.57766845163107
 30
0.0
  0
VERTEX
  5
399
  8
0
 10
22.35326938860996
 20
35.71390804142707
 30
0.0
  0
VERTEX
  5
39A
  8
0
 10
22.40263730053941
 20
35.84945952850278
 30
0.0
  0
VERTEX
  5
39B
  8
0
 10
22.45712197869643
 20
35.98404260579053
 30
0.0
  0
VERTEX
  5
39C
  8
0
 10
22.51671182364125
 20
36.11737341139274
 30
0.0
  0
VERTEX
  5
39D
  8
0
 10
22.58137470215165
 20
36.24916629421386
 30
0.0
  0
VERTEX
  5
39E
  8
0
 10
22.65105758101461
 20
36.37913566074547
 30
0.0
  0
VERTEX
  5
39F
  8
0
 10
22.7256863580895
 20
36.50699788036974
 30
0.0
  0
VERTEX
  5
3A0
  8
0
 10
22.80516589993997
 20
36.63247322448247
 30
0.0
  0
VERTEX
  5
3A1
  8
0
 10
22.88938029180411
 20
36.75528781317464
 30
0.0
  0
VERTEX
  5
3A2
  8
0
 10
22.97819330186694
 20
36.87517554222399
 30
0.0
  0
VERTEX
  5
3A3
  8
0
 10
23.07144905781966
 20
36.99187996278537
 30
0.0
  0
VERTEX
  5
3A4
  8
0
 10
23.1689729296512
 20
37.10515608646546
 30
0.0
  0
VERTEX
  5
3A5
  8
0
 10
23.27057260863909
 20
37.21477208943077
 30
0.0
  0
VERTEX
  5
3A6
  8
0
 10
23.37603936871112
 20
37.32051089081274
 30
0.0
  0
VERTEX
  5
3A7
  8
0
 10
23.48514949285276
 20
37.42217158289982
 30
0.0
  0
VERTEX
  5
3A8
  8
0
 10
23.59766584414507
 20
37.51957069338169
 30
0.0
  0
VERTEX
  5
3A9
  8
0
 10
23.7133395584276
 20
37.61254326315034
 30
0.0
  0
VERTEX
  5
3AA
  8
0
 10
23.8319118335627
 20
37.700943726769
 30
0.0
  0
VERTEX
  5
3AB
  8
0
 10
23.95311578888651
 20
37.78464658657731
 30
0.0
  0
VERTEX
  5
3AC
  8
0
 10
24.07667836769465
 20
37.86354687539571
 30
0.0
  0
VERTEX
  5
3AD
  8
0
 10
24.20232225553284
 20
37.93756040679548
 30
0.0
  0
VERTEX
  5
3AE
  8
0
 10
24.32976778762501
 20
38.00662381580333
 30
0.0
  0
VERTEX
  5
3AF
  8
0
 10
24.45873481993246
 20
38.07069439659495
 30
0.0
  0
VERTEX
  5
3B0
  8
0
 10
24.58894454003743
 20
38.12974974710854
 30
0.0
  0
VERTEX
  5
3B1
  8
0
 10
24.72012119620653
 20
38.18378723349269
 30
0.0
  0
VERTEX
  5
3B2
  8
0
 10
24.85199372552623
 20
38.23282328983379
 30
0.0
  0
VERTEX
  5
3B3
  8
0
 10
24.98429726482007
 20
38.27689257064031
 30
0.0
  0
VERTEX
  5
3B4
  8
0
 10
25.11677453105622
 20
38.31604697507549
 30
0.0
  0
VERTEX
  5
3B5
  8
0
 10
25.25050024637196
 20
38.35067351655714
 30
0.0
  0
VERTEX
  5
3B6
  8
0
 10
25.38659479983585
 20
38.38099357974144
 30
0.0
  0
VERTEX
  5
3B7
  8
0
 10
25.52486402834189
 20
38.40683014243725
 30
0.0
  0
VERTEX
  5
3B8
  8
0
 10
25.66509843010974
 20
38.42801707491736
 30
0.0
  0
VERTEX
  5
3B9
  8
0
 10
25.80707384957317
 20
38.44440068810422
 30
0.0
  0
VERTEX
  5
3BA
  8
0
 10
25.95055233957903
 20
38.45584123881964
 30
0.0
  0
VERTEX
  5
3BB
  8
0
 10
26.0952831995937
 20
38.46221436906212
 30
0.0
  0
VERTEX
  5
3BC
  8
0
 10
26.2410041848932
 20
38.46341245592652
 30
0.0
  0
VERTEX
  5
3BD
  8
0
 10
26.38744287825496
 20
38.45934584907485
 30
0.0
  0
VERTEX
  5
3BE
  8
0
 10
26.53431821219603
 20
38.44994397353049
 30
0.0
  0
VERTEX
  5
3BF
  8
0
 10
26.68134212641905
 20
38.43515627701596
 30
0.0
  0
VERTEX
  5
3C0
  8
0
 10
26.82822134193914
 20
38.4149530030748
 30
0.0
  0
VERTEX
  5
3C1
  8
0
 10
26.9746592304801
 20
38.38932577378426
 30
0.0
  0
VERTEX
  5
3C2
  8
0
 10
27.12035775524779
 20
38.35828796892152
 30
0.0
  0
VERTEX
  5
3C3
  8
0
 10
27.26501945720268
 20
38.32187489192496
 30
0.0
  0
VERTEX
  5
3C4
  8
0
 10
27.40834945954099
 20
38.28014371679486
 30
0.0
  0
VERTEX
  5
3C5
  8
0
 10
27.55005746231098
 20
38.23317321410789
 30
0.0
  0
VERTEX
  5
3C6
  8
0
 10
27.68985969897459
 20
38.1810632584501
 30
0.0
  0
VERTEX
  5
3C7
  8
0
 10
27.82748082728779
 20
38.123934123689
 30
0.0
  0
VERTEX
  5
3C8
  8
0
 10
27.96265572810287
 20
38.06192557647589
 30
0.0
  0
VERTEX
  5
3C9
  8
0
 10
28.0951311875549
 20
37.99519578208174
 30
0.0
  0
VERTEX
  5
3CA
  8
0
 10
28.22466744052459
 20
37.92392004000925
 30
0.0
  0
VERTEX
  5
3CB
  8
0
 10
28.35103955618926
 20
37.84828936969922
 30
0.0
  0
VERTEX
  5
3CC
  8
0
 10
28.47403864978765
 20
37.76850896898409
 30
0.0
  0
VERTEX
  5
3CD
  8
0
 10
28.59347290832368
 20
37.68479656967967
 30
0.0
  0
VERTEX
  5
3CE
  8
0
 10
28.70916842170676
 20
37.59738071581819
 30
0.0
  0
VERTEX
  5
3CF
  8
0
 10
28.8209698146517
 20
37.50649899050244
 30
0.0
  0
VERTEX
  5
3D0
  8
0
 10
28.92874067843128
 20
37.41239621721684
 30
0.0
  0
VERTEX
  5
3D1
  8
0
 10
29.03236380518014
 20
37.3153226607032
 30
0.0
  0
VERTEX
  5
3D2
  8
0
 10
29.13174123079992
 20
37.21553225124965
 30
0.0
  0
VERTEX
  5
3D3
  8
0
 10
29.22679409553158
 20
37.11328085452007
 30
0.0
  0
VERTEX
  5
3D4
  8
0
 10
29.31746233388249
 20
37.00882460694687
 30
0.0
  0
VERTEX
  5
3D5
  8
0
 10
29.46145499402462
 20
37.39312023927697
 30
0.0
  0
VERTEX
  5
3D6
  8
0
 10
29.5374610029
 20
37.58241305646896
 30
0.0
  0
VERTEX
  5
3D7
  8
0
 10
29.61827862648841
 20
37.76827987471804
 30
0.0
  0
VERTEX
  5
3D8
  8
0
 10
29.70551173636046
 20
37.94957869437749
 30
0.0
  0
VERTEX
  5
3D9
  8
0
 10
29.80076420408678
 20
38.12516751580059
 30
0.0
  0
VERTEX
  5
3DA
  8
0
 10
29.90563990123797
 20
38.29390433934059
 30
0.0
  0
VERTEX
  5
3DB
  8
0
 10
30.02174269938461
 20
38.45464716535079
 30
0.0
  0
VERTEX
  5
3DC
  8
0
 10
30.1073623915084
 20
38.55848946159063
 30
0.0
  0
VERTEX
  5
3DD
  8
0
 10
30.19823876694396
 20
38.65846643258717
 30
0.0
  0
VERTEX
  5
3DE
  8
0
 10
30.29374506952064
 20
38.75490192006967
 30
0.0
  0
VERTEX
  5
3DF
  8
0
 10
30.39325454306781
 20
38.84811976576739
 30
0.0
  0
VERTEX
  5
3E0
  8
0
 10
30.60177597839105
 20
39.02619789872541
 30
0.0
  0
VERTEX
  5
3E1
  8
0
 10
30.81878902354858
 20
39.19529156529531
 30
0.0
  0
VERTEX
  5
3E2
  8
0
 10
31.07721799598161
 20
39.38316016672225
 30
0.0
  0
VERTEX
  5
3E3
  8
0
 10
31.34192060982284
 20
39.55903591933717
 30
0.0
  0
VERTEX
  5
3E4
  8
0
 10
31.47711020420947
 20
39.64144030804884
 30
0.0
  0
VERTEX
  5
3E5
  8
0
 10
31.6144510152737
 20
39.71960308140795
 30
0.0
  0
VERTEX
  5
3E6
  8
0
 10
31.75413731179069
 20
39.79310977169802
 30
0.0
  0
VERTEX
  5
3E7
  8
0
 10
31.8963633625356
 20
39.86154591120248
 30
0.0
  0
VERTEX
  5
3E8
  8
0
 10
32.05926166072658
 20
39.93199423804035
 30
0.0
  0
VERTEX
  5
3E9
  8
0
 10
32.22521508397975
 20
39.99580431100508
 30
0.0
  0
VERTEX
  5
3EA
  8
0
 10
32.39382990991826
 20
40.05325698114422
 30
0.0
  0
VERTEX
  5
3EB
  8
0
 10
32.56471241616522
 20
40.1046330995053
 30
0.0
  0
VERTEX
  5
3EC
  8
0
 10
32.73746888034378
 20
40.1502135171359
 30
0.0
  0
VERTEX
  5
3ED
  8
0
 10
32.91170558007705
 20
40.19027908508356
 30
0.0
  0
VERTEX
  5
3EE
  8
0
 10
33.08702879298821
 20
40.22511065439583
 30
0.0
  0
VERTEX
  5
3EF
  8
0
 10
33.26304479670035
 20
40.25498907612027
 30
0.0
  0
VERTEX
  5
3F0
  8
0
 10
33.45773673605621
 20
40.28264544565995
 30
0.0
  0
VERTEX
  5
3F1
  8
0
 10
33.6527400133683
 20
40.30553266684812
 30
0.0
  0
VERTEX
  5
3F2
  8
0
 10
34.04346850464101
 20
40.34069224375684
 30
0.0
  0
VERTEX
  5
3F3
  8
0
 10
34.82632869323881
 20
40.39439999281174
 30
0.0
  0
VERTEX
  5
3F4
  8
0
 10
35.26830806830281
 20
40.43148120459695
 30
0.0
  0
VERTEX
  5
3F5
  8
0
 10
35.70930644315891
 20
40.47922034351016
 30
0.0
  0
VERTEX
  5
3F6
  8
0
 10
36.14864807112686
 20
40.53963356958064
 30
0.0
  0
VERTEX
  5
3F7
  8
0
 10
36.58565720552645
 20
40.61473704283772
 30
0.0
  0
VERTEX
  5
3F8
  8
0
 10
36.82063100559224
 20
40.6621213458887
 30
0.0
  0
VERTEX
  5
3F9
  8
0
 10
37.05458451234164
 20
40.71450786971371
 30
0.0
  0
VERTEX
  5
3FA
  8
0
 10
37.28737615169169
 20
40.77201882547033
 30
0.0
  0
VERTEX
  5
3FB
  8
0
 10
37.5188643495594
 20
40.8347764243161
 30
0.0
  0
VERTEX
  5
3FC
  8
0
 10
37.7489075318618
 20
40.90290287740856
 30
0.0
  0
VERTEX
  5
3FD
  8
0
 10
37.97736412451597
 20
40.97652039590531
 30
0.0
  0
VERTEX
  5
3FE
  8
0
 10
38.20409255343889
 20
41.05575119096389
 30
0.0
  0
VERTEX
  5
3FF
  8
0
 10
38.42895124454762
 20
41.14071747374186
 30
0.0
  0
VERTEX
  5
400
  8
0
 10
38.64323705264543
 20
41.22793775178067
 30
0.0
  0
VERTEX
  5
401
  8
0
 10
38.85531375964719
 20
41.32065895641936
 30
0.0
  0
VERTEX
  5
402
  8
0
 10
39.0648319719084
 20
41.41896584470926
 30
0.0
  0
VERTEX
  5
403
  8
0
 10
39.27144229578454
 20
41.52294317370162
 30
0.0
  0
VERTEX
  5
404
  8
0
 10
39.47479533763104
 20
41.63267570044771
 30
0.0
  0
VERTEX
  5
405
  8
0
 10
39.67454170380341
 20
41.74824818199887
 30
0.0
  0
VERTEX
  5
406
  8
0
 10
39.87033200065711
 20
41.86974537540634
 30
0.0
  0
VERTEX
  5
407
  8
0
 10
40.06181683454762
 20
41.99725203772143
 30
0.0
  0
VERTEX
  5
408
  8
0
 10
40.21222576941813
 20
42.10395421919053
 30
0.0
  0
VERTEX
  5
409
  8
0
 10
40.3598231356756
 20
42.21433735925208
 30
0.0
  0
VERTEX
  5
40A
  8
0
 10
40.64733291398115
 20
42.44516492619466
 30
0.0
  0
VERTEX
  5
40B
  8
0
 10
40.92584567272385
 20
42.68777156063368
 30
0.0
  0
VERTEX
  5
40C
  8
0
 10
41.1968609151633
 20
42.94019408465364
 30
0.0
  0
VERTEX
  5
40D
  8
0
 10
41.4618781445591
 20
43.20046932033902
 30
0.0
  0
VERTEX
  5
40E
  8
0
 10
41.72239686417089
 20
43.46663408977436
 30
0.0
  0
SEQEND
  5
40F
  8
0
  0
POLYLINE
  5
47
  8
0
 66
     1
 10
0.0
 20
0.0
 30
0.0
 70
     1
  0
VERTEX
  5
410
  8
0
 10
-12.60612103707786
 20
-24.93813528738281
 30
0.0
  0
VERTEX
  5
411
  8
0
 10
-12.57355301273514
 20
-25.43160778309016
 30
0.0
  0
VERTEX
  5
412
  8
0
 10
-12.53039974497023
 20
-25.92598739852335
 30
0.0
  0
VERTEX
  5
413
  8
0
 10
-12.47658422417241
 20
-26.42093824383031
 30
0.0
  0
VERTEX
  5
414
  8
0
 10
-12.41204336092839
 20
-26.91611924080111
 30
0.0
  0
VERTEX
  5
415
  8
0
 10
-12.33672835461096
 20
-27.41118483845504
 30
0.0
  0
VERTEX
  5
416
  8
0
 10
-12.25060501729822
 20
-27.90578575794572
 30
0.0
  0
VERTEX
  5
417
  8
0
 10
-12.15365405165038
 20
-28.39956976321811
 30
0.0
  0
VERTEX
  5
418
  8
0
 10
-12.04587128049647
 20
-28.89218245409388
 30
0.0
  0
VERTEX
  5
419
  8
0
 10
-11.92726782615619
 20
-29.38326807824449
 30
0.0
  0
VERTEX
  5
41A
  8
0
 10
-11.79787023781663
 20
-29.87247035831894
 30
0.0
  0
VERTEX
  5
41B
  8
0
 10
-11.65772056559994
 20
-30.35943333032964
 30
0.0
  0
VERTEX
  5
41C
  8
0
 10
-11.5068763802904
 20
-30.84380218926583
 30
0.0
  0
VERTEX
  5
41D
  8
0
 10
-11.34541073803633
 20
-31.3252241378026
 30
0.0
  0
VERTEX
  5
41E
  8
0
 10
-11.17341208970056
 20
-31.80334923390597
 30
0.0
  0
VERTEX
  5
41F
  8
0
 10
-10.990984134897
 20
-32.27783123310167
 30
0.0
  0
VERTEX
  5
420
  8
0
 10
-10.79824562111949
 20
-32.74832842117921
 30
0.0
  0
VERTEX
  5
421
  8
0
 10
-10.59533008873569
 20
-33.21450443314155
 30
0.0
  0
VERTEX
  5
422
  8
0
 10
-10.38238556298161
 20
-33.67602905428669
 30
0.0
  0
VERTEX
  5
423
  8
0
 10
-10.15957419444622
 20
-34.13257899941808
 30
0.0
  0
VERTEX
  5
424
  8
0
 10
-9.92707184987719
 20
-34.58383866632587
 30
0.0
  0
VERTEX
  5
425
  8
0
 10
-9.685067655464513
 20
-35.02950085985861
 30
0.0
  0
VERTEX
  5
426
  8
0
 10
-9.433763495065213
 20
-35.4692674831139
 30
0.0
  0
VERTEX
  5
427
  8
0
 10
-9.173373466115805
 20
-35.90285019251311
 30
0.0
  0
VERTEX
  5
428
  8
0
 10
-8.904123296237758
 20
-36.32997101378781
 30
0.0
  0
VERTEX
  5
429
  8
0
 10
-8.626249723771556
 20
-36.75036291619093
 30
0.0
  0
VERTEX
  5
42A
  8
0
 10
-8.339999845675463
 20
-37.16377034255048
 30
0.0
  0
VERTEX
  5
42B
  8
0
 10
-8.045630436393846
 20
-37.56994969310336
 30
0.0
  0
VERTEX
  5
42C
  8
0
 10
-7.743407241435739
 20
-37.96866976138067
 30
0.0
  0
VERTEX
  5
42D
  8
0
 10
-7.433604249506499
 20
-38.35971212075636
 30
0.0
  0
VERTEX
  5
42E
  8
0
 10
-7.116502947103233
 20
-38.74287146061756
 30
0.0
  0
VERTEX
  5
42F
  8
0
 10
-6.792391559518807
 20
-39.11795587146235
 30
0.0
  0
VERTEX
  5
430
  8
0
 10
-6.461564282199505
 20
-39.48478707857508
 30
0.0
  0
VERTEX
  5
431
  8
0
 10
-6.221234764209062
 20
-39.17812515488416
 30
0.0
  0
VERTEX
  5
432
  8
0
 10
-5.987446621810902
 20
-38.86408599933836
 30
0.0
  0
VERTEX
  5
433
  8
0
 10
-5.760517015770395
 20
-38.5428694495644
 30
0.0
  0
VERTEX
  5
434
  8
0
 10
-5.540755552027899
 20
-38.21469286714445
 30
0.0
  0
VERTEX
  5
435
  8
0
 10
-5.32846311264825
 20
-37.87979081642025
 30
0.0
  0
VERTEX
  5
436
  8
0
 10
-5.12393069967572
 20
-37.53841465120594
 30
0.0
  0
VERTEX
  5
437
  8
0
 10
-4.927438300185423
 20
-37.19083200961212
 30
0.0
  0
VERTEX
  5
438
  8
0
 10
-4.739253780888403
 20
-36.83732621803215
 30
0.0
  0
VERTEX
  5
439
  8
0
 10
-4.559631820617459
 20
-36.47819560620616
 30
0.0
  0
VERTEX
  5
43A
  8
0
 10
-4.388812888891023
 20
-36.11375273614735
 30
0.0
  0
VERTEX
  5
43B
  8
0
 10
-4.227022278521956
 20
-35.74432354857497
 30
0.0
  0
VERTEX
  5
43C
  8
0
 10
-4.074469199907174
 20
-35.37024643133765
 30
0.0
  0
VERTEX
  5
43D
  8
0
 10
-3.931345944204936
 20
-34.99187121511471
 30
0.0
  0
VERTEX
  5
43E
  8
0
 10
-3.797827122083561
 20
-34.60955810243925
 30
0.0
  0
VERTEX
  5
43F
  8
0
 10
-3.674068984114107
 20
-34.22367653678529
 30
0.0
  0
VERTEX
  5
440
  8
0
 10
-3.560208828187859
 20
-33.83460401908614
 30
0.0
  0
VERTEX
  5
441
  8
0
 10
-3.456364498576549
 20
-33.44272487959722
 30
0.0
  0
VERTEX
  5
442
  8
0
 10
-3.362633980429655
 20
-33.0484290134713
 30
0.0
  0
VERTEX
  5
443
  8
0
 10
-3.279095092630831
 20
-32.65211058877166
 30
0.0
  0
VERTEX
  5
444
  8
0
 10
-3.205805281027202
 20
-32.25416673590317
 30
0.0
  0
VERTEX
  5
445
  8
0
 10
-3.142801513114408
 20
-31.85499622758938
 30
0.0
  0
VERTEX
  5
446
  8
0
 10
-3.090100274320766
 20
-31.45499815856194
 30
0.0
  0
VERTEX
  5
447
  8
0
 10
-3.047697665099648
 20
-31.05457063406001
 30
0.0
  0
VERTEX
  5
448
  8
0
 10
-3.015569597123812
 20
-30.65410947606074
 30
0.0
  0
VERTEX
  5
449
  8
0
 10
-2.993672085992261
 20
-30.25400695588369
 30
0.0
  0
VERTEX
  5
44A
  8
0
 10
-2.981941637021527
 20
-29.85465056143687
 30
0.0
  0
VERTEX
  5
44B
  8
0
 10
-2.980295719910569
 20
-29.45642180690744
 30
0.0
  0
VERTEX
  5
44C
  8
0
 10
-2.988633327351746
 20
-29.05969509215515
 30
0.0
  0
VERTEX
  5
44D
  8
0
 10
-3.006835612018332
 20
-28.66483661845043
 30
0.0
  0
VERTEX
  5
44E
  8
0
 10
-3.034766595798851
 20
-28.272203366524
 30
0.0
  0
VERTEX
  5
44F
  8
0
 10
-3.072273944675521
 20
-27.88214214217072
 30
0.0
  0
VERTEX
  5
450
  8
0
 10
-3.119189802262068
 20
-27.49498869389116
 30
0.0
  0
VERTEX
  5
451
  8
0
 10
-3.180947955627048
 20
-27.93020423194932
 30
0.0
  0
VERTEX
  5
452
  8
0
 10
-3.218625512210105
 20
-28.14427821127521
 30
0.0
  0
VERTEX
  5
453
  8
0
 10
-3.264461244674612
 20
-28.35411164295551
 30
0.0
  0
VERTEX
  5
454
  8
0
 10
-3.321174544981373
 20
-28.55829101110765
 30
0.0
  0
VERTEX
  5
455
  8
0
 10
-3.354460093063349
 20
-28.65781869764735
 30
0.0
  0
VERTEX
  5
456
  8
0
 10
-3.39148480509119
 20
-28.75540279984903
 30
0.0
  0
VERTEX
  5
457
  8
0
 10
-3.432588605059996
 20
-28.85086662822738
 30
0.0
  0
VERTEX
  5
458
  8
0
 10
-3.478111416964868
 20
-28.94403349329706
 30
0.0
  0
VERTEX
  5
459
  8
0
 10
-3.528393164800906
 20
-29.03472670557276
 30
0.0
  0
VERTEX
  5
45A
  8
0
 10
-3.583773772563211
 20
-29.12276957556915
 30
0.0
  0
VERTEX
  5
45B
  8
0
 10
-3.652343545160444
 20
-29.2183467375126
 30
0.0
  0
VERTEX
  5
45C
  8
0
 10
-3.727205595368429
 20
-29.31018535020791
 30
0.0
  0
VERTEX
  5
45D
  8
0
 10
-3.807782953715325
 20
-29.39811743826725
 30
0.0
  0
VERTEX
  5
45E
  8
0
 10
-3.89349865072929
 20
-29.48197502630281
 30
0.0
  0
VERTEX
  5
45F
  8
0
 10
-3.983775716938482
 20
-29.56159013892676
 30
0.0
  0
VERTEX
  5
460
  8
0
 10
-4.07803718287106
 20
-29.63679480075131
 30
0.0
  0
VERTEX
  5
461
  8
0
 10
-4.175706079055184
 20
-29.70742103638863
 30
0.0
  0
VERTEX
  5
462
  8
0
 10
-4.276205436019008
 20
-29.77330087045089
 30
0.0
  0
VERTEX
  5
463
  8
0
 10
-4.395561827707559
 20
-29.84348884534088
 30
0.0
  0
VERTEX
  5
464
  8
0
 10
-4.517889037006922
 20
-29.90692346263972
 30
0.0
  0
VERTEX
  5
465
  8
0
 10
-4.643133024092218
 20
-29.96344792434633
 30
0.0
  0
VERTEX
  5
466
  8
0
 10
-4.771239749138569
 20
-30.01290543245961
 30
0.0
  0
VERTEX
  5
467
  8
0
 10
-4.898594616037362
 20
-30.05412474179586
 30
0.0
  0
VERTEX
  5
468
  8
0
 10
-5.028169788576776
 20
-30.08839651890117
 30
0.0
  0
VERTEX
  5
469
  8
0
 10
-5.159523356996452
 20
-30.11562024101844
 30
0.0
  0
VERTEX
  5
46A
  8
0
 10
-5.292213411536028
 20
-30.13569538539063
 30
0.0
  0
VERTEX
  5
46B
  8
0
 10
-5.46566296254291
 20
-30.15096110559226
 30
0.0
  0
VERTEX
  5
46C
  8
0
 10
-5.639762830696355
 20
-30.15403161836939
 30
0.0
  0
VERTEX
  5
46D
  8
0
 10
-5.81365734478479
 20
-30.14491532624856
 30
0.0
  0
VERTEX
  5
46E
  8
0
 10
-5.986490833596641
 20
-30.12362063175633
 30
0.0
  0
VERTEX
  5
46F
  8
0
 10
-6.146018721575111
 20
-30.09281406189366
 30
0.0
  0
VERTEX
  5
470
  8
0
 10
-6.303172948661706
 20
-30.05161929499248
 30
0.0
  0
VERTEX
  5
471
  8
0
 10
-6.457248046879326
 20
-30.00024026878338
 30
0.0
  0
VERTEX
  5
472
  8
0
 10
-6.60753854825087
 20
-29.93888092099688
 30
0.0
  0
VERTEX
  5
473
  8
0
 10
-6.727521922835676
 20
-29.88126108843052
 30
0.0
  0
VERTEX
  5
474
  8
0
 10
-6.844246738384943
 20
-29.81729011508444
 30
0.0
  0
VERTEX
  5
475
  8
0
 10
-6.9574755339316
 20
-29.74719480849805
 30
0.0
  0
VERTEX
  5
476
  8
0
 10
-7.066970848508579
 20
-29.67120197621071
 30
0.0
  0
VERTEX
  5
477
  8
0
 10
-7.179646195582741
 20
-29.583607102331
 30
0.0
  0
VERTEX
  5
478
  8
0
 10
-7.287093840405012
 20
-29.48967238428725
 30
0.0
  0
VERTEX
  5
479
  8
0
 10
-7.38863112963464
 20
-29.38954855164226
 30
0.0
  0
VERTEX
  5
47A
  8
0
 10
-7.48357540993088
 20
-29.28338633395888
 30
0.0
  0
VERTEX
  5
47B
  8
0
 10
-7.566494988406657
 20
-29.17889348657997
 30
0.0
  0
VERTEX
  5
47C
  8
0
 10
-7.645654598500936
 20
-29.07143231535743
 30
0.0
  0
VERTEX
  5
47D
  8
0
 10
-8.031851801115481
 20
-28.53059019278757
 30
0.0
  0
VERTEX
  5
47E
  8
0
 10
-8.206661790690145
 20
-28.3004633157379
 30
0.0
  0
VERTEX
  5
47F
  8
0
 10
-8.388093814642218
 20
-28.07539986263195
 30
0.0
  0
VERTEX
  5
480
  8
0
 10
-8.575684182914632
 20
-27.85537100429572
 30
0.0
  0
VERTEX
  5
481
  8
0
 10
-8.76896920545031
 20
-27.64034791155522
 30
0.0
  0
VERTEX
  5
482
  8
0
 10
-8.9430334319985
 20
-27.45570290359291
 30
0.0
  0
VERTEX
  5
483
  8
0
 10
-9.121109740936806
 20
-27.27501356773974
 30
0.0
  0
VERTEX
  5
484
  8
0
 10
-9.303178537428385
 20
-27.0983996864982
 30
0.0
  0
VERTEX
  5
485
  8
0
 10
-9.489220226636398
 20
-26.92598104237074
 30
0.0
  0
VERTEX
  5
486
  8
0
 10
-9.7159829010551
 20
-26.72621604108272
 30
0.0
  0
VERTEX
  5
487
  8
0
 10
-9.948159148750065
 20
-26.53274911410816
 30
0.0
  0
VERTEX
  5
488
  8
0
 10
-10.18555203438152
 20
-26.34575447272912
 30
0.0
  0
VERTEX
  5
489
  8
0
 10
-10.42796462260971
 20
-26.16540632822765
 30
0.0
  0
VERTEX
  5
48A
  8
0
 10
-10.62317489049796
 20
-26.02752588795806
 30
0.0
  0
VERTEX
  5
48B
  8
0
 10
-10.82127893641882
 20
-25.89388208996009
 30
0.0
  0
VERTEX
  5
48C
  8
0
 10
-11.02215177824944
 20
-25.76444222637354
 30
0.0
  0
VERTEX
  5
48D
  8
0
 10
-11.22566843386697
 20
-25.63917358933813
 30
0.0
  0
VERTEX
  5
48E
  8
0
 10
-11.56990422587914
 20
-25.4403625826993
 30
0.0
  0
VERTEX
  5
48F
  8
0
 10
-11.74477375998464
 20
-25.34599147101042
 30
0.0
  0
VERTEX
  5
490
  8
0
 10
-11.92155124119122
 20
-25.25537121337252
 30
0.0
  0
VERTEX
  5
491
  8
0
 10
-12.26206612771275
 20
-25.0931044705497
 30
0.0
  0
SEQEND
  5
492
  8
0
  0
POLYLINE
  5
48
  8
0
 66
     1
 10
0.0
 20
0.0
 30
0.0
 70
     1
  0
VERTEX
  5
493
  8
0
 10
-24.90395478177416
 20
-12.5784616375992
 30
0.0
  0
VERTEX
  5
494
  8
0
 10
-25.39606814614863
 20
-12.54461437364332
 30
0.0
  0
VERTEX
  5
495
  8
0
 10
-25.88906064951173
 20
-12.50015219811841
 30
0.0
  0
VERTEX
  5
496
  8
0
 10
-26.38259708701166
 20
-12.44499871475953
 30
0.0
  0
VERTEX
  5
497
  8
0
 10
-26.87633711260226
 20
-12.37909149618015
 30
0.0
  0
VERTEX
  5
498
  8
0
 10
-27.36993595366467
 20
-12.30238245169236
 30
0.0
  0
VERTEX
  5
499
  8
0
 10
-27.86304515476392
 20
-12.21483815026334
 30
0.0
  0
VERTEX
  5
49A
  8
0
 10
-28.35531334697935
 20
-12.11644009724752
 30
0.0
  0
VERTEX
  5
49B
  8
0
 10
-28.84638703948823
 20
-12.00718496264912
 30
0.0
  0
VERTEX
  5
49C
  8
0
 10
-29.33591142986629
 20
-11.88708475894348
 30
0.0
  0
VERTEX
  5
49D
  8
0
 10
-29.82353122937798
 20
-11.75616696678193
 30
0.0
  0
VERTEX
  5
49E
  8
0
 10
-30.3088914993665
 20
-11.61447460722192
 30
0.0
  0
VERTEX
  5
49F
  8
0
 10
-30.79163849472112
 20
-11.46206625945793
 30
0.0
  0
VERTEX
  5
4A0
  8
0
 10
-31.27142051029877
 20
-11.29901602337717
 30
0.0
  0
VERTEX
  5
4A1
  8
0
 10
-31.74788872611062
 20
-11.12541342662256
 30
0.0
  0
VERTEX
  5
4A2
  8
0
 10
-32.22069804705232
 20
-10.94136327621143
 30
0.0
  0
VERTEX
  5
4A3
  8
0
 10
-32.68950793296126
 20
-10.74698545512694
 30
0.0
  0
VERTEX
  5
4A4
  8
0
 10
-33.15398321482421
 20
-10.54241466466749
 30
0.0
  0
VERTEX
  5
4A5
  8
0
 10
-33.61379489303483
 20
-10.32780011370248
 30
0.0
  0
VERTEX
  5
4A6
  8
0
 10
-34.06862091371212
 20
-10.10330515633726
 30
0.0
  0
VERTEX
  5
4A7
  8
0
 10
-34.51814691923605
 20
-9.869106879832772
 30
0.0
  0
VERTEX
  5
4A8
  8
0
 10
-34.96206696933507
 20
-9.625395644950796
 30
0.0
  0
VERTEX
  5
4A9
  8
0
 10
-35.4000842292686
 20
-9.37237458120303
 30
0.0
  0
VERTEX
  5
4AA
  8
0
 10
-35.83191162188506
 20
-9.110259039765484
 30
0.0
  0
VERTEX
  5
4AB
  8
0
 10
-36.25727244059756
 20
-8.839276007078562
 30
0.0
  0
VERTEX
  5
4AC
  8
0
 10
-36.67590092060583
 20
-8.559663482383202
 30
0.0
  0
VERTEX
  5
4AD
  8
0
 10
-37.08754276599568
 20
-8.27166982264397
 30
0.0
  0
VERTEX
  5
4AE
  8
0
 10
-37.49195563066868
 20
-7.975553058478257
 30
0.0
  0
VERTEX
  5
4AF
  8
0
 10
-37.88890955138633
 20
-7.671580184846164
 30
0.0
  0
VERTEX
  5
4B0
  8
0
 10
-38.2781873315535
 20
-7.360026430357272
 30
0.0
  0
VERTEX
  5
4B1
  8
0
 10
-38.65958487471207
 20
-7.041174509117625
 30
0.0
  0
VERTEX
  5
4B2
  8
0
 10
-39.03291146706142
 20
-6.715313859073675
 30
0.0
  0
VERTEX
  5
4B3
  8
0
 10
-39.39799000866655
 20
-6.382739870809356
 30
0.0
  0
VERTEX
  5
4B4
  8
0
 10
-39.09154185293236
 20
-6.142529063768057
 30
0.0
  0
VERTEX
  5
4B5
  8
0
 10
-38.77775144201818
 20
-5.90889446976152
 30
0.0
  0
VERTEX
  5
4B6
  8
0
 10
-38.45681886294297
 20
-5.682153588870591
 30
0.0
  0
VERTEX
  5
4B7
  8
0
 10
-38.1289616629258
 20
-5.462616304317836
 30
0.0
  0
VERTEX
  5
4B8
  8
0
 10
-37.79441452619307
 20
-5.250583711160637
 30
0.0
  0
VERTEX
  5
4B9
  8
0
 10
-37.45342885896439
 20
-5.046346958146154
 30
0.0
  0
VERTEX
  5
4BA
  8
0
 10
-37.10627228283963
 20
-4.850186111040255
 30
0.0
  0
VERTEX
  5
4BB
  8
0
 10
-36.75322803765534
 20
-4.66236904580674
 30
0.0
  0
VERTEX
  5
4BC
  8
0
 10
-36.39459429574126
 20
-4.483150379980881
 30
0.0
  0
VERTEX
  5
4BD
  8
0
 10
-36.03068339037416
 20
-4.312770450449162
 30
0.0
  0
VERTEX
  5
4BE
  8
0
 10
-35.6618209620833
 20
-4.15145434561392
 30
0.0
  0
VERTEX
  5
4BF
  8
0
 10
-35.28834502729792
 20
-3.999410999587746
 30
0.0
  0
VERTEX
  5
4C0
  8
0
 10
-34.91060497462807
 20
-3.856832355630411
 30
0.0
  0
VERTEX
  5
4C1
  8
0
 10
-34.52896049482342
 20
-3.723892605514782
 30
0.0
  0
VERTEX
  5
4C2
  8
0
 10
-34.14378045114898
 20
-3.600747510893683
 30
0.0
  0
VERTEX
  5
4C3
  8
0
 10
-33.75544169753935
 20
-3.487533812044709
 30
0.0
  0
VERTEX
  5
4C4
  8
0
 10
-33.36432785243506
 20
-3.384368728603716
 30
0.0
  0
VERTEX
  5
4C5
  8
0
 10
-32.97082803665653
 20
-3.291349556070942
 30
0.0
  0
VERTEX
  5
4C6
  8
0
 10
-32.5753355840256
 20
-3.208553360998241
 30
0.0
  0
VERTEX
  5
4C7
  8
0
 10
-32.17824673369621
 20
-3.136036776854697
 30
0.0
  0
VERTEX
  5
4C8
  8
0
 10
-31.77995931330119
 20
-3.07383590163416
 30
0.0
  0
VERTEX
  5
4C9
  8
0
 10
-31.38087142205824
 20
-3.021966297326284
 30
0.0
  0
VERTEX
  5
4CA
  8
0
 10
-30.98138012290692
 20
-2.980423090436085
 30
0.0
  0
VERTEX
  5
4CB
  8
0
 10
-30.58188015257075
 20
-2.949181171819726
 30
0.0
  0
VERTEX
  5
4CC
  8
0
 10
-30.18276265815849
 20
-2.928195493219445
 30
0.0
  0
VERTEX
  5
4CD
  8
0
 10
-29.78441396854243
 20
-2.917401457040636
 30
0.0
  0
VERTEX
  5
4CE
  8
0
 10
-29.38721440828657
 20
-2.916715395130432
 30
0.0
  0
VERTEX
  5
4CF
  8
0
 10
-28.9915371613516
 20
-2.926035131599891
 30
0.0
  0
VERTEX
  5
4D0
  8
0
 10
-28.59774719118822
 20
-2.945240624089734
 30
0.0
  0
VERTEX
  5
4D1
  8
0
 10
-28.20620022315526
 20
-2.974194677319551
 30
0.0
  0
VERTEX
  5
4D2
  8
0
 10
-27.81724179447571
 20
-3.012743722287904
 30
0.0
  0
VERTEX
  5
4D3
  8
0
 10
-27.43120637618537
 20
-3.060718654109664
 30
0.0
  0
VERTEX
  5
4D4
  8
0
 10
-27.86544229411921
 20
-3.121583415646418
 30
0.0
  0
VERTEX
  5
4D5
  8
0
 10
-28.07905209094992
 20
-3.158840475903493
 30
0.0
  0
VERTEX
  5
4D6
  8
0
 10
-28.28845209321698
 20
-3.204287151548351
 30
0.0
  0
VERTEX
  5
4D7
  8
0
 10
-28.49223903606577
 20
-3.260653314377481
 30
0.0
  0
VERTEX
  5
4D8
  8
0
 10
-28.59158908994124
 20
-3.29378428842255
 30
0.0
  0
VERTEX
  5
4D9
  8
0
 10
-28.68900965464165
 20
-3.330668836187371
 30
0.0
  0
VERTEX
  5
4DA
  8
0
 10
-28.78432532206017
 20
-3.371648191646503
 30
0.0
  0
VERTEX
  5
4DB
  8
0
 10
-28.87736068408998
 20
-3.41706358877451
 30
0.0
  0
VERTEX
  5
4DC
  8
0
 10
-28.96794033262426
 20
-3.467256261545949
 30
0.0
  0
VERTEX
  5
4DD
  8
0
 10
-29.05588885955616
 20
-3.522567443935383
 30
0.0
  0
VERTEX
  5
4DE
  8
0
 10
-29.15138406266239
 20
-3.591083780301441
 30
0.0
  0
VERTEX
  5
4DF
  8
0
 10
-29.24316564979023
 20
-3.665917775846875
 30
0.0
  0
VERTEX
  5
4E0
  8
0
 10
-29.33106468448815
 20
-3.746491370361008
 30
0.0
  0
VERTEX
  5
4E1
  8
0
 10
-29.41491223030461
 20
-3.832226503633169
 30
0.0
  0
VERTEX
  5
4E2
  8
0
 10
-29.49453935078811
 20
-3.922545115452678
 30
0.0
  0
VERTEX
  5
4E3
  8
0
 10
-29.5697771094871
 20
-4.016869145608858
 30
0.0
  0
VERTEX
  5
4E4
  8
0
 10
-29.64045656995006
 20
-4.114620533891035
 30
0.0
  0
VERTEX
  5
4E5
  8
0
 10
-29.70640879572547
 20
-4.215221220088534
 30
0.0
  0
VERTEX
  5
4E6
  8
0
 10
-29.77670363872401
 20
-4.334717450655157
 30
0.0
  0
VERTEX
  5
4E7
  8
0
 10
-29.84026983774744
 20
-4.457208559153297
 30
0.0
  0
VERTEX
  5
4E8
  8
0
 10
-29.89695087076531
 20
-4.582640745121461
 30
0.0
  0
VERTEX
  5
4E9
  8
0
 10
-29.94659021574716
 20
-4.710960208098153
 30
0.0
  0
VERTEX
  5
4EA
  8
0
 10
-29.98801091515707
 20
-4.838545806612698
 30
0.0
  0
VERTEX
  5
4EB
  8
0
 10
-30.0225074827099
 20
-4.968374293382328
 30
0.0
  0
VERTEX
  5
4EC
  8
0
 10
-30.04997858656813
 20
-5.100002855124937
 30
0.0
  0
VERTEX
  5
4ED
  8
0
 10
-30.07032289489426
 20
-5.232988678558415
 30
0.0
  0
VERTEX
  5
4EE
  8
0
 10
-30.08596893707583
 20
-5.406851425711607
 30
0.0
  0
VERTEX
  5
4EF
  8
0
 10
-30.08945298596374
 20
-5.581395702845326
 30
0.0
  0
VERTEX
  5
4F0
  8
0
 10
-30.08078135067215
 20
-5.755763597674459
 30
0.0
  0
VERTEX
  5
4F1
  8
0
 10
-30.0599603403152
 20
-5.929097197913902
 30
0.0
  0
VERTEX
  5
4F2
  8
0
 10
-30.02961991917922
 20
-6.089113693796431
 30
0.0
  0
VERTEX
  5
4F3
  8
0
 10
-29.98891250579632
 20
-6.246775518622993
 30
0.0
  0
VERTEX
  5
4F4
  8
0
 10
-29.93803980082876
 20
-6.401374879766907
 30
0.0
  0
VERTEX
  5
4F5
  8
0
 10
-29.87720350493878
 20
-6.552203984601491
 30
0.0
  0
VERTEX
  5
4F6
  8
0
 10
-29.82002364763535
 20
-6.672638252804728
 30
0.0
  0
VERTEX
  5
4F7
  8
0
 10
-29.7565012380867
 20
-6.789820881357262
 30
0.0
  0
VERTEX
  5
4F8
  8
0
 10
-29.68686192049263
 20
-6.903513243899713
 30
0.0
  0
VERTEX
  5
4F9
  8
0
 10
-29.61133133905298
 20
-7.013476714072684
 30
0.0
  0
VERTEX
  5
4FA
  8
0
 10
-29.52423651575634
 20
-7.12665655889065
 30
0.0
  0
VERTEX
  5
4FB
  8
0
 10
-29.43080564015309
 20
-7.234610482963292
 30
0.0
  0
VERTEX
  5
4FC
  8
0
 10
-29.33118739801946
 20
-7.33665369633133
 30
0.0
  0
VERTEX
  5
4FD
  8
0
 10
-29.22553047513166
 20
-7.432101409035481
 30
0.0
  0
VERTEX
  5
4FE
  8
0
 10
-29.12150947921903
 20
-7.515489170503979
 30
0.0
  0
VERTEX
  5
4FF
  8
0
 10
-29.01451875756411
 20
-7.595114391738298
 30
0.0
  0
VERTEX
  5
500
  8
0
 10
-28.4760148134002
 20
-7.983623294321923
 30
0.0
  0
VERTEX
  5
501
  8
0
 10
-28.24690820744102
 20
-8.15944411555424
 30
0.0
  0
VERTEX
  5
502
  8
0
 10
-28.02286792089312
 20
-8.341891898642801
 30
0.0
  0
VERTEX
  5
503
  8
0
 10
-27.80386407676514
 20
-8.530501819907688
 30
0.0
  0
VERTEX
  5
504
  8
0
 10
-27.58986679806571
 20
-8.724809055668961
 30
0.0
  0
VERTEX
  5
505
  8
0
 10
-27.40612225586629
 20
-8.899772065061411
 30
0.0
  0
VERTEX
  5
506
  8
0
 10
-27.2263328364391
 20
-9.078747992601459
 30
0.0
  0
VERTEX
  5
507
  8
0
 10
-27.05061796407957
 20
-9.261716902600696
 30
0.0
  0
VERTEX
  5
508
  8
0
 10
-26.87909706308313
 20
-9.448658859370713
 30
0.0
  0
VERTEX
  5
509
  8
0
 10
-26.68039934035068
 20
-9.676493691422055
 30
0.0
  0
VERTEX
  5
50A
  8
0
 10
-26.48799645844698
 20
-9.909740898766572
 30
0.0
  0
VERTEX
  5
50B
  8
0
 10
-26.30206169988579
 20
-10.14820261318347
 30
0.0
  0
VERTEX
  5
50C
  8
0
 10
-26.12276834718089
 20
-10.39168096645198
 30
0.0
  0
VERTEX
  5
50D
  8
0
 10
-25.98571824035685
 20
-10.58773167889627
 30
0.0
  0
VERTEX
  5
50E
  8
0
 10
-25.85290079005246
 20
-10.78667342254781
 30
0.0
  0
VERTEX
  5
50F
  8
0
 10
-25.72428307067913
 20
-10.98838097010427
 30
0.0
  0
VERTEX
  5
510
  8
0
 10
-25.59983215664827
 20
-11.19272909426327
 30
0.0
  0
VERTEX
  5
511
  8
0
 10
-25.4023703603469
 20
-11.53833961319874
 30
0.0
  0
VERTEX
  5
512
  8
0
 10
-25.30866745423697
 20
-11.71389146366174
 30
0.0
  0
VERTEX
  5
513
  8
0
 10
-25.21871029003702
 20
-11.89134713197534
 30
0.0
  0
VERTEX
  5
514
  8
0
 10
-25.05768893733098
 20
-12.23313861346999
 30
0.0
  0
SEQEND
  5
515
  8
0
  0
POLYLINE
  5
49
  8
0
 66
     1
 10
0.0
 20
0.0
 30
0.0
 70
     1
  0
VERTEX
  5
516
  8
0
 10
-42.23593678743214
 20
-44.0087795185939
 30
0.0
  0
VERTEX
  5
517
  8
0
 10
-12.33005675359386
 20
-44.00877951896911
 30
0.0
  0
VERTEX
  5
518
  8
0
 10
-12.16245451972203
 20
-43.92987008265376
 30
0.0
  0
VERTEX
  5
519
  8
0
 10
-11.83039287598815
 20
-43.76467008436744
 30
0.0
  0
VERTEX
  5
51A
  8
0
 10
-11.50267923222649
 20
-43.59086216527476
 30
0.0
  0
VERTEX
  5
51B
  8
0
 10
-11.17869250433808
 20
-43.40967591203035
 30
0.0
  0
VERTEX
  5
51C
  8
0
 10
-10.8578116082239
 20
-43.22234091128884
 30
0.0
  0
VERTEX
  5
51D
  8
0
 10
-10.53941545978499
 20
-43.03008674970484
 30
0.0
  0
VERTEX
  5
51E
  8
0
 10
-10.22288297492234
 20
-42.83414301393299
 30
0.0
  0
VERTEX
  5
51F
  8
0
 10
-9.592924659529862
 20
-42.43610516644414
 30
0.0
  0
VERTEX
  5
520
  8
0
 10
-10.2788834063895
 20
-41.63875506945239
 30
0.0
  0
VERTEX
  5
521
  8
0
 10
-10.62681625367153
 20
-41.24429317598729
 30
0.0
  0
VERTEX
  5
522
  8
0
 10
-10.98064719574537
 20
-40.85484788080172
 30
0.0
  0
VERTEX
  5
523
  8
0
 10
-11.30317309057254
 20
-40.51239427240201
 30
0.0
  0
VERTEX
  5
524
  8
0
 10
-11.63219361141325
 20
-40.17593139187188
 30
0.0
  0
VERTEX
  5
525
  8
0
 10
-11.96794071459207
 20
-39.84612328124359
 30
0.0
  0
VERTEX
  5
526
  8
0
 10
-12.31064635643354
 20
-39.52363398254942
 30
0.0
  0
VERTEX
  5
527
  8
0
 10
-12.66054249326222
 20
-39.20912753782165
 30
0.0
  0
VERTEX
  5
528
  8
0
 10
-13.01786108140265
 20
-38.90326798909255
 30
0.0
  0
VERTEX
  5
529
  8
0
 10
-13.3828340771794
 20
-38.60671937839438
 30
0.0
  0
VERTEX
  5
52A
  8
0
 10
-13.755693436917
 20
-38.32014574775943
 30
0.0
  0
VERTEX
  5
52B
  8
0
 10
-13.96127976544095
 20
-38.16918010816581
 30
0.0
  0
VERTEX
  5
52C
  8
0
 10
-14.1693371853344
 20
-38.0216532595184
 30
0.0
  0
VERTEX
  5
52D
  8
0
 10
-14.37994935354555
 20
-37.87787527072896
 30
0.0
  0
VERTEX
  5
52E
  8
0
 10
-14.59319992702259
 20
-37.73815621070924
 30
0.0
  0
VERTEX
  5
52F
  8
0
 10
-14.80917256271372
 20
-37.60280614837097
 30
0.0
  0
VERTEX
  5
530
  8
0
 10
-15.02795091756715
 20
-37.47213515262592
 30
0.0
  0
VERTEX
  5
531
  8
0
 10
-15.24961864853105
 20
-37.34645329238584
 30
0.0
  0
VERTEX
  5
532
  8
0
 10
-15.47425941255363
 20
-37.22607063656246
 30
0.0
  0
VERTEX
  5
533
  8
0
 10
-15.65499219845947
 20
-37.13437716184488
 30
0.0
  0
VERTEX
  5
534
  8
0
 10
-15.83762797235914
 20
-37.04646054098798
 30
0.0
  0
VERTEX
  5
535
  8
0
 10
-16.0221382808261
 20
-36.96255327666841
 30
0.0
  0
VERTEX
  5
536
  8
0
 10
-16.20849467043378
 20
-36.88288787156286
 30
0.0
  0
VERTEX
  5
537
  8
0
 10
-16.39666868775561
 20
-36.807696828348
 30
0.0
  0
VERTEX
  5
538
  8
0
 10
-16.58663187936503
 20
-36.73721264970052
 30
0.0
  0
VERTEX
  5
539
  8
0
 10
-16.77835579183549
 20
-36.67166783829708
 30
0.0
  0
VERTEX
  5
53A
  8
0
 10
-16.97181197174041
 20
-36.61129489681437
 30
0.0
  0
VERTEX
  5
53B
  8
0
 10
-17.29529563985855
 20
-36.5234650248857
 30
0.0
  0
VERTEX
  5
53C
  8
0
 10
-17.45854574716886
 20
-36.48546787714728
 30
0.0
  0
VERTEX
  5
53D
  8
0
 10
-17.62267419907545
 20
-36.45161716161956
 30
0.0
  0
VERTEX
  5
53E
  8
0
 10
-17.78758561739994
 20
-36.42206380834759
 30
0.0
  0
VERTEX
  5
53F
  8
0
 10
-17.95318462396393
 20
-36.39695874737642
 30
0.0
  0
VERTEX
  5
540
  8
0
 10
-18.119375840589
 20
-36.37645290875109
 30
0.0
  0
VERTEX
  5
541
  8
0
 10
-18.28606388909678
 20
-36.36069722251669
 30
0.0
  0
VERTEX
  5
542
  8
0
 10
-18.57977742035212
 20
-36.34485923855809
 30
0.0
  0
VERTEX
  5
543
  8
0
 10
-18.87398032333204
 20
-36.34425272946834
 30
0.0
  0
VERTEX
  5
544
  8
0
 10
-19.16792293760484
 20
-36.35898264699839
 30
0.0
  0
VERTEX
  5
545
  8
0
 10
-19.46085560273877
 20
-36.38915394289921
 30
0.0
  0
VERTEX
  5
546
  8
0
 10
-19.60858173132036
 20
-36.41036224734444
 30
0.0
  0
VERTEX
  5
547
  8
0
 10
-19.75570063508954
 20
-36.43559284835466
 30
0.0
  0
VERTEX
  5
548
  8
0
 10
-19.90205644075373
 20
-36.46488030575762
 30
0.0
  0
VERTEX
  5
549
  8
0
 10
-20.04749327502035
 20
-36.4982591793811
 30
0.0
  0
VERTEX
  5
54A
  8
0
 10
-20.19185526459679
 20
-36.53576402905286
 30
0.0
  0
VERTEX
  5
54B
  8
0
 10
-20.33498653619046
 20
-36.57742941460066
 30
0.0
  0
VERTEX
  5
54C
  8
0
 10
-20.47673121650876
 20
-36.62328989585229
 30
0.0
  0
VERTEX
  5
54D
  8
0
 10
-20.6169334322591
 20
-36.67338003263549
 30
0.0
  0
VERTEX
  5
54E
  8
0
 10
-20.76695946623025
 20
-36.73221934542351
 30
0.0
  0
VERTEX
  5
54F
  8
0
 10
-20.91549169852981
 20
-36.79480932065807
 30
0.0
  0
VERTEX
  5
550
  8
0
 10
-21.21006649367079
 20
-36.92624037522929
 30
0.0
  0
VERTEX
  5
551
  8
0
 10
-21.30128623428698
 20
-36.82894493526071
 30
0.0
  0
VERTEX
  5
552
  8
0
 10
-21.38929211752026
 20
-36.72785704024422
 30
0.0
  0
VERTEX
  5
553
  8
0
 10
-21.47385640428163
 20
-36.62313654751496
 30
0.0
  0
VERTEX
  5
554
  8
0
 10
-21.55476197262162
 20
-36.51496123879467
 30
0.0
  0
VERTEX
  5
555
  8
0
 10
-21.63180404560746
 20
-36.40352591994591
 30
0.0
  0
VERTEX
  5
556
  8
0
 10
-21.70479182444901
 20
-36.28904132192602
 30
0.0
  0
VERTEX
  5
557
  8
0
 10
-21.77355000177922
 20
-36.17173281526791
 30
0.0
  0
VERTEX
  5
558
  8
0
 10
-21.8379201306761
 20
-36.05183895385954
 30
0.0
  0
VERTEX
  5
559
  8
0
 10
-21.89776182744036
 20
-35.92960986742052
 30
0.0
  0
VERTEX
  5
55A
  8
0
 10
-21.95295378916523
 20
-35.80530552526687
 30
0.0
  0
VERTEX
  5
55B
  8
0
 10
-22.00339461066361
 20
-35.67919389660808
 30
0.0
  0
VERTEX
  5
55C
  8
0
 10
-22.04900338924667
 20
-35.5515490346471
 30
0.0
  0
VERTEX
  5
55D
  8
0
 10
-22.08972011005317
 20
-35.4226491130887
 30
0.0
  0
VERTEX
  5
55E
  8
0
 10
-22.12550580897685
 20
-35.29277444426911
 30
0.0
  0
VERTEX
  5
55F
  8
0
 10
-22.15634251459369
 20
-35.16220550799151
 30
0.0
  0
VERTEX
  5
560
  8
0
 10
-22.18223297471548
 20
-35.03122101930477
 30
0.0
  0
VERTEX
  5
561
  8
0
 10
-22.20651417570332
 20
-35.16753670818802
 30
0.0
  0
VERTEX
  5
562
  8
0
 10
-22.23568697938746
 20
-35.30421855069343
 30
0.0
  0
VERTEX
  5
563
  8
0
 10
-22.26983106807142
 20
-35.44101584702368
 30
0.0
  0
VERTEX
  5
564
  8
0
 10
-22.30900985960644
 20
-35.57766845162833
 30
0.0
  0
VERTEX
  5
565
  8
0
 10
-22.35326938862822
 20
-35.71390804142449
 30
0.0
  0
VERTEX
  5
566
  8
0
 10
-22.40263730055767
 20
-35.84945952850034
 30
0.0
  0
VERTEX
  5
567
  8
0
 10
-22.45712197871469
 20
-35.98404260578824
 30
0.0
  0
VERTEX
  5
568
  8
0
 10
-22.51671182365951
 20
-36.11737341139058
 30
0.0
  0
VERTEX
  5
569
  8
0
 10
-22.58137470216991
 20
-36.24916629421183
 30
0.0
  0
VERTEX
  5
56A
  8
0
 10
-22.65105758103287
 20
-36.37913566074356
 30
0.0
  0
VERTEX
  5
56B
  8
0
 10
-22.72568635810775
 20
-36.50699788036795
 30
0.0
  0
VERTEX
  5
56C
  8
0
 10
-22.80516589995823
 20
-36.63247322448078
 30
0.0
  0
VERTEX
  5
56D
  8
0
 10
-22.88938029182238
 20
-36.75528781317306
 30
0.0
  0
VERTEX
  5
56E
  8
0
 10
-22.9781933018852
 20
-36.87517554222251
 30
0.0
  0
VERTEX
  5
56F
  8
0
 10
-23.07144905783792
 20
-36.99187996278398
 30
0.0
  0
VERTEX
  5
570
  8
0
 10
-23.16897292966946
 20
-37.10515608646416
 30
0.0
  0
VERTEX
  5
571
  8
0
 10
-23.27057260865734
 20
-37.21477208942956
 30
0.0
  0
VERTEX
  5
572
  8
0
 10
-23.37603936872938
 20
-37.32051089081159
 30
0.0
  0
VERTEX
  5
573
  8
0
 10
-23.48514949287102
 20
-37.42217158289876
 30
0.0
  0
VERTEX
  5
574
  8
0
 10
-23.59766584416333
 20
-37.51957069338071
 30
0.0
  0
VERTEX
  5
575
  8
0
 10
-23.71333955844586
 20
-37.61254326314945
 30
0.0
  0
VERTEX
  5
576
  8
0
 10
-23.83191183358096
 20
-37.70094372676817
 30
0.0
  0
VERTEX
  5
577
  8
0
 10
-23.95311578890476
 20
-37.78464658657656
 30
0.0
  0
VERTEX
  5
578
  8
0
 10
-24.0766783677129
 20
-37.86354687539503
 30
0.0
  0
VERTEX
  5
579
  8
0
 10
-24.2023222555511
 20
-37.93756040679488
 30
0.0
  0
VERTEX
  5
57A
  8
0
 10
-24.32976778764327
 20
-38.0066238158028
 30
0.0
  0
VERTEX
  5
57B
  8
0
 10
-24.45873481995071
 20
-38.07069439659452
 30
0.0
  0
VERTEX
  5
57C
  8
0
 10
-24.5889445400557
 20
-38.12974974710819
 30
0.0
  0
VERTEX
  5
57D
  8
0
 10
-24.72012119622479
 20
-38.18378723349242
 30
0.0
  0
VERTEX
  5
57E
  8
0
 10
-24.85199372554449
 20
-38.2328232898336
 30
0.0
  0
VERTEX
  5
57F
  8
0
 10
-24.98429726483833
 20
-38.27689257064021
 30
0.0
  0
VERTEX
  5
580
  8
0
 10
-25.11677453107447
 20
-38.3160469750755
 30
0.0
  0
VERTEX
  5
581
  8
0
 10
-25.25050024639022
 20
-38.35067351655696
 30
0.0
  0
VERTEX
  5
582
  8
0
 10
-25.38659479985411
 20
-38.38099357974087
 30
0.0
  0
VERTEX
  5
583
  8
0
 10
-25.52486402836015
 20
-38.40683014243616
 30
0.0
  0
VERTEX
  5
584
  8
0
 10
-25.665098430128
 20
-38.42801707491558
 30
0.0
  0
VERTEX
  5
585
  8
0
 10
-25.80707384959143
 20
-38.44440068810163
 30
0.0
  0
VERTEX
  5
586
  8
0
 10
-25.95055233959729
 20
-38.45584123881612
 30
0.0
  0
VERTEX
  5
587
  8
0
 10
-26.09528319961196
 20
-38.46221436905756
 30
0.0
  0
VERTEX
  5
588
  8
0
 10
-26.24100418491146
 20
-38.46341245592085
 30
0.0
  0
VERTEX
  5
589
  8
0
 10
-26.38744287827322
 20
-38.45934584906801
 30
0.0
  0
VERTEX
  5
58A
  8
0
 10
-26.53431821221429
 20
-38.44994397352246
 30
0.0
  0
VERTEX
  5
58B
  8
0
 10
-26.68134212643732
 20
-38.4351562770067
 30
0.0
  0
VERTEX
  5
58C
  8
0
 10
-26.82822134195739
 20
-38.41495300306435
 30
0.0
  0
VERTEX
  5
58D
  8
0
 10
-26.97465923049836
 20
-38.38932577377261
 30
0.0
  0
VERTEX
  5
58E
  8
0
 10
-27.12035775526605
 20
-38.35828796890877
 30
0.0
  0
VERTEX
  5
58F
  8
0
 10
-27.26501945722093
 20
-38.32187489191116
 30
0.0
  0
VERTEX
  5
590
  8
0
 10
-27.40834945955924
 20
-38.28014371678012
 30
0.0
  0
VERTEX
  5
591
  8
0
 10
-27.55005746232924
 20
-38.23317321409231
 30
0.0
  0
VERTEX
  5
592
  8
0
 10
-27.68985969899284
 20
-38.18106325843384
 30
0.0
  0
VERTEX
  5
593
  8
0
 10
-27.82748082730605
 20
-38.12393412367223
 30
0.0
  0
VERTEX
  5
594
  8
0
 10
-27.96265572812113
 20
-38.06192557645878
 30
0.0
  0
VERTEX
  5
595
  8
0
 10
-28.09513118757316
 20
-37.99519578206449
 30
0.0
  0
VERTEX
  5
596
  8
0
 10
-28.22466744054284
 20
-37.92392003999207
 30
0.0
  0
VERTEX
  5
597
  8
0
 10
-28.35103955620752
 20
-37.84828936968236
 30
0.0
  0
VERTEX
  5
598
  8
0
 10
-28.47403864980591
 20
-37.76850896896782
 30
0.0
  0
VERTEX
  5
599
  8
0
 10
-28.59347290834194
 20
-37.68479656966423
 30
0.0
  0
VERTEX
  5
59A
  8
0
 10
-28.70916842172502
 20
-37.59738071580387
 30
0.0
  0
VERTEX
  5
59B
  8
0
 10
-28.82096981466995
 20
-37.50649899048953
 30
0.0
  0
VERTEX
  5
59C
  8
0
 10
-28.92874067844952
 20
-37.41239621720565
 30
0.0
  0
VERTEX
  5
59D
  8
0
 10
-29.03236380519839
 20
-37.31532266069403
 30
0.0
  0
VERTEX
  5
59E
  8
0
 10
-29.13174123081818
 20
-37.21553225124283
 30
0.0
  0
VERTEX
  5
59F
  8
0
 10
-29.22679409554982
 20
-37.11328085451593
 30
0.0
  0
VERTEX
  5
5A0
  8
0
 10
-29.31746233390074
 20
-37.00882460694572
 30
0.0
  0
VERTEX
  5
5A1
  8
0
 10
-29.46145499404397
 20
-37.39312023927592
 30
0.0
  0
VERTEX
  5
5A2
  8
0
 10
-29.53746100291953
 20
-37.58241305646801
 30
0.0
  0
VERTEX
  5
5A3
  8
0
 10
-29.61827862650791
 20
-37.76827987471717
 30
0.0
  0
VERTEX
  5
5A4
  8
0
 10
-29.70551173637982
 20
-37.94957869437668
 30
0.0
  0
VERTEX
  5
5A5
  8
0
 10
-29.80076420410591
 20
-38.12516751579979
 30
0.0
  0
VERTEX
  5
5A6
  8
0
 10
-29.90563990125683
 20
-38.29390433933974
 30
0.0
  0
VERTEX
  5
5A7
  8
0
 10
-30.02174269940324
 20
-38.45464716534978
 30
0.0
  0
VERTEX
  5
5A8
  8
0
 10
-30.10736239152691
 20
-38.55848946158945
 30
0.0
  0
VERTEX
  5
5A9
  8
0
 10
-30.19823876696237
 20
-38.6584664325858
 30
0.0
  0
VERTEX
  5
5AA
  8
0
 10
-30.29374506953899
 20
-38.75490192006808
 30
0.0
  0
VERTEX
  5
5AB
  8
0
 10
-30.39325454308611
 20
-38.84811976576557
 30
0.0
  0
VERTEX
  5
5AC
  8
0
 10
-30.60177597840931
 20
-39.02619789872323
 30
0.0
  0
VERTEX
  5
5AD
  8
0
 10
-30.81878902356683
 20
-39.19529156529293
 30
0.0
  0
VERTEX
  5
5AE
  8
0
 10
-31.07721799599986
 20
-39.38316016672003
 30
0.0
  0
VERTEX
  5
5AF
  8
0
 10
-31.3419206098411
 20
-39.5590359193354
 30
0.0
  0
VERTEX
  5
5B0
  8
0
 10
-31.47711020422773
 20
-39.64144030804733
 30
0.0
  0
VERTEX
  5
5B1
  8
0
 10
-31.61445101529195
 20
-39.71960308140674
 30
0.0
  0
VERTEX
  5
5B2
  8
0
 10
-31.75413731180894
 20
-39.79310977169708
 30
0.0
  0
VERTEX
  5
5B3
  8
0
 10
-31.89636336255386
 20
-39.86154591120181
 30
0.0
  0
VERTEX
  5
5B4
  8
0
 10
-32.05926166074483
 20
-39.93199423803989
 30
0.0
  0
VERTEX
  5
5B5
  8
0
 10
-32.225215083998
 20
-39.99580431100479
 30
0.0
  0
VERTEX
  5
5B6
  8
0
 10
-32.39382990993651
 20
-40.05325698114404
 30
0.0
  0
VERTEX
  5
5B7
  8
0
 10
-32.56471241618347
 20
-40.1046330995052
 30
0.0
  0
VERTEX
  5
5B8
  8
0
 10
-32.73746888036203
 20
-40.15021351713582
 30
0.0
  0
VERTEX
  5
5B9
  8
0
 10
-32.91170558009531
 20
-40.19027908508349
 30
0.0
  0
VERTEX
  5
5BA
  8
0
 10
-33.08702879300647
 20
-40.22511065439573
 30
0.0
  0
VERTEX
  5
5BB
  8
0
 10
-33.2630447967186
 20
-40.25498907612011
 30
0.0
  0
VERTEX
  5
5BC
  8
0
 10
-33.45773673607446
 20
-40.28264544565971
 30
0.0
  0
VERTEX
  5
5BD
  8
0
 10
-33.65274001338655
 20
-40.30553266684779
 30
0.0
  0
VERTEX
  5
5BE
  8
0
 10
-34.04346850465926
 20
-40.34069224375631
 30
0.0
  0
VERTEX
  5
5BF
  8
0
 10
-34.82632869325706
 20
-40.39439999281083
 30
0.0
  0
VERTEX
  5
5C0
  8
0
 10
-35.26830806832106
 20
-40.4314812045959
 30
0.0
  0
VERTEX
  5
5C1
  8
0
 10
-35.70930644317716
 20
-40.47922034350906
 30
0.0
  0
VERTEX
  5
5C2
  8
0
 10
-36.14864807114512
 20
-40.53963356957956
 30
0.0
  0
VERTEX
  5
5C3
  8
0
 10
-36.58565720554471
 20
-40.61473704283674
 30
0.0
  0
VERTEX
  5
5C4
  8
0
 10
-36.82063100561049
 20
-40.6621213458878
 30
0.0
  0
VERTEX
  5
5C5
  8
0
 10
-37.05458451235992
 20
-40.71450786971293
 30
0.0
  0
VERTEX
  5
5C6
  8
0
 10
-37.28737615170999
 20
-40.77201882546966
 30
0.0
  0
VERTEX
  5
5C7
  8
0
 10
-37.51886434957777
 20
-40.83477642431556
 30
0.0
  0
VERTEX
  5
5C8
  8
0
 10
-37.74890753188028
 20
-40.90290287740821
 30
0.0
  0
VERTEX
  5
5C9
  8
0
 10
-37.97736412453461
 20
-40.97652039590515
 30
0.0
  0
VERTEX
  5
5CA
  8
0
 10
-38.20409255345778
 20
-41.05575119096395
 30
0.0
  0
VERTEX
  5
5CB
  8
0
 10
-38.42895124456683
 20
-41.14071747374216
 30
0.0
  0
VERTEX
  5
5CC
  8
0
 10
-38.64323705266501
 20
-41.22793775178121
 30
0.0
  0
VERTEX
  5
5CD
  8
0
 10
-38.85531375966718
 20
-41.32065895642012
 30
0.0
  0
VERTEX
  5
5CE
  8
0
 10
-39.06483197192878
 20
-41.41896584471009
 30
0.0
  0
VERTEX
  5
5CF
  8
0
 10
-39.27144229580522
 20
-41.52294317370237
 30
0.0
  0
VERTEX
  5
5D0
  8
0
 10
-39.47479533765189
 20
-41.63267570044815
 30
0.0
  0
VERTEX
  5
5D1
  8
0
 10
-39.67454170382427
 20
-41.74824818199867
 30
0.0
  0
VERTEX
  5
5D2
  8
0
 10
-39.87033200067774
 20
-41.86974537540512
 30
0.0
  0
VERTEX
  5
5D3
  8
0
 10
-40.06181683456771
 20
-41.99725203771875
 30
0.0
  0
VERTEX
  5
5D4
  8
0
 10
-40.21222576943649
 20
-42.10395421918555
 30
0.0
  0
VERTEX
  5
5D5
  8
0
 10
-40.3598231356921
 20
-42.2143373592445
 30
0.0
  0
VERTEX
  5
5D6
  8
0
 10
-40.64733291399379
 20
-42.44516492618148
 30
0.0
  0
VERTEX
  5
5D7
  8
0
 10
-40.92584567273279
 20
-42.68777156061504
 30
0.0
  0
VERTEX
  5
5D8
  8
0
 10
-41.19686091516915
 20
-42.94019408463053
 30
0.0
  0
VERTEX
  5
5D9
  8
0
 10
-41.46187814456292
 20
-43.2004693203133
 30
0.0
  0
VERTEX
  5
5DA
  8
0
 10
-41.72239686417412
 20
-43.46663408974868
 30
0.0
  0
SEQEND
  5
5DB
  8
0
  0
POLYLINE
  5
4A
  8
0
 66
     1
 10
0.0
 20
0.0
 30
0.0
 70
     1
  0
VERTEX
  5
5DC
  8
0
 10
12.6061210370596
 20
-24.93813528738281
 30
0.0
  0
VERTEX
  5
5DD
  8
0
 10
12.57355301271689
 20
-25.43160778309016
 30
0.0
  0
VERTEX
  5
5DE
  8
0
 10
12.53039974495198
 20
-25.92598739852335
 30
0.0
  0
VERTEX
  5
5DF
  8
0
 10
12.47658422415416
 20
-26.42093824383031
 30
0.0
  0
VERTEX
  5
5E0
  8
0
 10
12.41204336091013
 20
-26.91611924080111
 30
0.0
  0
VERTEX
  5
5E1
  8
0
 10
12.3367283545927
 20
-27.41118483845504
 30
0.0
  0
VERTEX
  5
5E2
  8
0
 10
12.25060501727997
 20
-27.90578575794572
 30
0.0
  0
VERTEX
  5
5E3
  8
0
 10
12.15365405163212
 20
-28.39956976321811
 30
0.0
  0
VERTEX
  5
5E4
  8
0
 10
12.04587128047822
 20
-28.89218245409388
 30
0.0
  0
VERTEX
  5
5E5
  8
0
 10
11.92726782613793
 20
-29.38326807824449
 30
0.0
  0
VERTEX
  5
5E6
  8
0
 10
11.79787023779837
 20
-29.87247035831894
 30
0.0
  0
VERTEX
  5
5E7
  8
0
 10
11.65772056558169
 20
-30.35943333032964
 30
0.0
  0
VERTEX
  5
5E8
  8
0
 10
11.50687638027214
 20
-30.84380218926583
 30
0.0
  0
VERTEX
  5
5E9
  8
0
 10
11.34541073801808
 20
-31.3252241378026
 30
0.0
  0
VERTEX
  5
5EA
  8
0
 10
11.1734120896823
 20
-31.80334923390597
 30
0.0
  0
VERTEX
  5
5EB
  8
0
 10
10.99098413487875
 20
-32.27783123310167
 30
0.0
  0
VERTEX
  5
5EC
  8
0
 10
10.79824562110124
 20
-32.74832842117921
 30
0.0
  0
VERTEX
  5
5ED
  8
0
 10
10.59533008871743
 20
-33.21450443314155
 30
0.0
  0
VERTEX
  5
5EE
  8
0
 10
10.38238556296335
 20
-33.67602905428669
 30
0.0
  0
VERTEX
  5
5EF
  8
0
 10
10.15957419442797
 20
-34.13257899941808
 30
0.0
  0
VERTEX
  5
5F0
  8
0
 10
9.927071849858935
 20
-34.58383866632587
 30
0.0
  0
VERTEX
  5
5F1
  8
0
 10
9.685067655446257
 20
-35.02950085985861
 30
0.0
  0
VERTEX
  5
5F2
  8
0
 10
9.433763495046959
 20
-35.4692674831139
 30
0.0
  0
VERTEX
  5
5F3
  8
0
 10
9.173373466097553
 20
-35.90285019251311
 30
0.0
  0
VERTEX
  5
5F4
  8
0
 10
8.904123296219504
 20
-36.32997101378781
 30
0.0
  0
VERTEX
  5
5F5
  8
0
 10
8.626249723753302
 20
-36.75036291619093
 30
0.0
  0
VERTEX
  5
5F6
  8
0
 10
8.339999845657209
 20
-37.16377034255048
 30
0.0
  0
VERTEX
  5
5F7
  8
0
 10
8.045630436375593
 20
-37.56994969310336
 30
0.0
  0
VERTEX
  5
5F8
  8
0
 10
7.743407241417485
 20
-37.96866976138067
 30
0.0
  0
VERTEX
  5
5F9
  8
0
 10
7.433604249488241
 20
-38.35971212075636
 30
0.0
  0
VERTEX
  5
5FA
  8
0
 10
7.116502947084977
 20
-38.74287146061756
 30
0.0
  0
VERTEX
  5
5FB
  8
0
 10
6.792391559500551
 20
-39.11795587146235
 30
0.0
  0
VERTEX
  5
5FC
  8
0
 10
6.461564282181248
 20
-39.48478707857508
 30
0.0
  0
VERTEX
  5
5FD
  8
0
 10
6.221234764190807
 20
-39.17812515488416
 30
0.0
  0
VERTEX
  5
5FE
  8
0
 10
5.987446621792648
 20
-38.86408599933836
 30
0.0
  0
VERTEX
  5
5FF
  8
0
 10
5.760517015752139
 20
-38.5428694495644
 30
0.0
  0
VERTEX
  5
600
  8
0
 10
5.540755552009641
 20
-38.21469286714445
 30
0.0
  0
VERTEX
  5
601
  8
0
 10
5.328463112629994
 20
-37.87979081642025
 30
0.0
  0
VERTEX
  5
602
  8
0
 10
5.123930699657466
 20
-37.53841465120594
 30
0.0
  0
VERTEX
  5
603
  8
0
 10
4.927438300167167
 20
-37.19083200961212
 30
0.0
  0
VERTEX
  5
604
  8
0
 10
4.739253780870147
 20
-36.83732621803215
 30
0.0
  0
VERTEX
  5
605
  8
0
 10
4.559631820599201
 20
-36.47819560620616
 30
0.0
  0
VERTEX
  5
606
  8
0
 10
4.388812888872767
 20
-36.11375273614735
 30
0.0
  0
VERTEX
  5
607
  8
0
 10
4.227022278503701
 20
-35.74432354857497
 30
0.0
  0
VERTEX
  5
608
  8
0
 10
4.074469199888919
 20
-35.37024643133765
 30
0.0
  0
VERTEX
  5
609
  8
0
 10
3.931345944186682
 20
-34.99187121511471
 30
0.0
  0
VERTEX
  5
60A
  8
0
 10
3.797827122065305
 20
-34.60955810243925
 30
0.0
  0
VERTEX
  5
60B
  8
0
 10
3.674068984095851
 20
-34.22367653678529
 30
0.0
  0
VERTEX
  5
60C
  8
0
 10
3.560208828169604
 20
-33.83460401908614
 30
0.0
  0
VERTEX
  5
60D
  8
0
 10
3.456364498558294
 20
-33.44272487959722
 30
0.0
  0
VERTEX
  5
60E
  8
0
 10
3.3626339804114
 20
-33.0484290134713
 30
0.0
  0
VERTEX
  5
60F
  8
0
 10
3.279095092612577
 20
-32.65211058877166
 30
0.0
  0
VERTEX
  5
610
  8
0
 10
3.205805281008947
 20
-32.25416673590317
 30
0.0
  0
VERTEX
  5
611
  8
0
 10
3.142801513096152
 20
-31.85499622758938
 30
0.0
  0
VERTEX
  5
612
  8
0
 10
3.090100274302511
 20
-31.45499815856194
 30
0.0
  0
VERTEX
  5
613
  8
0
 10
3.047697665081392
 20
-31.05457063406001
 30
0.0
  0
VERTEX
  5
614
  8
0
 10
3.015569597105557
 20
-30.65410947606074
 30
0.0
  0
VERTEX
  5
615
  8
0
 10
2.993672085974006
 20
-30.25400695588369
 30
0.0
  0
VERTEX
  5
616
  8
0
 10
2.981941637003271
 20
-29.85465056143687
 30
0.0
  0
VERTEX
  5
617
  8
0
 10
2.980295719892314
 20
-29.45642180690744
 30
0.0
  0
VERTEX
  5
618
  8
0
 10
2.98863332733349
 20
-29.05969509215515
 30
0.0
  0
VERTEX
  5
619
  8
0
 10
3.006835612000076
 20
-28.66483661845043
 30
0.0
  0
VERTEX
  5
61A
  8
0
 10
3.034766595780595
 20
-28.272203366524
 30
0.0
  0
VERTEX
  5
61B
  8
0
 10
3.072273944657264
 20
-27.88214214217072
 30
0.0
  0
VERTEX
  5
61C
  8
0
 10
3.119189802243814
 20
-27.49498869389116
 30
0.0
  0
VERTEX
  5
61D
  8
0
 10
3.180947955608568
 20
-27.93020423194932
 30
0.0
  0
VERTEX
  5
61E
  8
0
 10
3.2186255121914
 20
-28.14427821127521
 30
0.0
  0
VERTEX
  5
61F
  8
0
 10
3.264461244655656
 20
-28.35411164295551
 30
0.0
  0
VERTEX
  5
620
  8
0
 10
3.321174544962178
 20
-28.55829101110765
 30
0.0
  0
VERTEX
  5
621
  8
0
 10
3.354460093044051
 20
-28.65781869764735
 30
0.0
  0
VERTEX
  5
622
  8
0
 10
3.391484805071805
 20
-28.75540279984903
 30
0.0
  0
VERTEX
  5
623
  8
0
 10
3.432588605040547
 20
-28.85086662822738
 30
0.0
  0
VERTEX
  5
624
  8
0
 10
3.478111416945379
 20
-28.94403349329706
 30
0.0
  0
VERTEX
  5
625
  8
0
 10
3.52839316478141
 20
-29.03472670557276
 30
0.0
  0
VERTEX
  5
626
  8
0
 10
3.583773772543741
 20
-29.12276957556915
 30
0.0
  0
VERTEX
  5
627
  8
0
 10
3.652343545141051
 20
-29.2183467375126
 30
0.0
  0
VERTEX
  5
628
  8
0
 10
3.727205595349152
 20
-29.31018535020791
 30
0.0
  0
VERTEX
  5
629
  8
0
 10
3.807782953696191
 20
-29.39811743826725
 30
0.0
  0
VERTEX
  5
62A
  8
0
 10
3.893498650710315
 20
-29.48197502630281
 30
0.0
  0
VERTEX
  5
62B
  8
0
 10
3.983775716919672
 20
-29.56159013892676
 30
0.0
  0
VERTEX
  5
62C
  8
0
 10
4.078037182852408
 20
-29.63679480075131
 30
0.0
  0
VERTEX
  5
62D
  8
0
 10
4.17570607903667
 20
-29.70742103638863
 30
0.0
  0
VERTEX
  5
62E
  8
0
 10
4.276205436000608
 20
-29.77330087045089
 30
0.0
  0
VERTEX
  5
62F
  8
0
 10
4.395561827689243
 20
-29.84348884534088
 30
0.0
  0
VERTEX
  5
630
  8
0
 10
4.517889036988649
 20
-29.90692346263972
 30
0.0
  0
VERTEX
  5
631
  8
0
 10
4.643133024073959
 20
-29.96344792434633
 30
0.0
  0
VERTEX
  5
632
  8
0
 10
4.771239749120315
 20
-30.01290543245961
 30
0.0
  0
VERTEX
  5
633
  8
0
 10
4.898594616019106
 20
-30.05412474179586
 30
0.0
  0
VERTEX
  5
634
  8
0
 10
5.028169788558524
 20
-30.08839651890117
 30
0.0
  0
VERTEX
  5
635
  8
0
 10
5.1595233569782
 20
-30.11562024101844
 30
0.0
  0
VERTEX
  5
636
  8
0
 10
5.292213411517773
 20
-30.13569538539063
 30
0.0
  0
VERTEX
  5
637
  8
0
 10
5.465662962524658
 20
-30.15096110559226
 30
0.0
  0
VERTEX
  5
638
  8
0
 10
5.639762830678103
 20
-30.15403161836939
 30
0.0
  0
VERTEX
  5
639
  8
0
 10
5.813657344766539
 20
-30.14491532624856
 30
0.0
  0
VERTEX
  5
63A
  8
0
 10
5.986490833578388
 20
-30.12362063175633
 30
0.0
  0
VERTEX
  5
63B
  8
0
 10
6.14601872155686
 20
-30.09281406189366
 30
0.0
  0
VERTEX
  5
63C
  8
0
 10
6.303172948643453
 20
-30.05161929499248
 30
0.0
  0
VERTEX
  5
63D
  8
0
 10
6.457248046861073
 20
-30.00024026878338
 30
0.0
  0
VERTEX
  5
63E
  8
0
 10
6.607538548232617
 20
-29.93888092099688
 30
0.0
  0
VERTEX
  5
63F
  8
0
 10
6.727521922817423
 20
-29.88126108843052
 30
0.0
  0
VERTEX
  5
640
  8
0
 10
6.844246738366689
 20
-29.81729011508444
 30
0.0
  0
VERTEX
  5
641
  8
0
 10
6.957475533913349
 20
-29.74719480849805
 30
0.0
  0
VERTEX
  5
642
  8
0
 10
7.066970848490326
 20
-29.67120197621071
 30
0.0
  0
VERTEX
  5
643
  8
0
 10
7.179646195564488
 20
-29.583607102331
 30
0.0
  0
VERTEX
  5
644
  8
0
 10
7.287093840386756
 20
-29.48967238428725
 30
0.0
  0
VERTEX
  5
645
  8
0
 10
7.388631129616387
 20
-29.38954855164226
 30
0.0
  0
VERTEX
  5
646
  8
0
 10
7.483575409912626
 20
-29.28338633395888
 30
0.0
  0
VERTEX
  5
647
  8
0
 10
7.56649498838839
 20
-29.17889348657997
 30
0.0
  0
VERTEX
  5
648
  8
0
 10
7.645654598482598
 20
-29.07143231535743
 30
0.0
  0
VERTEX
  5
649
  8
0
 10
8.031851801095938
 20
-28.53059019278757
 30
0.0
  0
VERTEX
  5
64A
  8
0
 10
8.206661790670488
 20
-28.3004633157379
 30
0.0
  0
VERTEX
  5
64B
  8
0
 10
8.388093814622792
 20
-28.07539986263195
 30
0.0
  0
VERTEX
  5
64C
  8
0
 10
8.575684182895605
 20
-27.85537100429572
 30
0.0
  0
VERTEX
  5
64D
  8
0
 10
8.768969205431674
 20
-27.64034791155522
 30
0.0
  0
VERTEX
  5
64E
  8
0
 10
8.943033431980083
 20
-27.45570290359291
 30
0.0
  0
VERTEX
  5
64F
  8
0
 10
9.121109740918504
 20
-27.27501356773974
 30
0.0
  0
VERTEX
  5
650
  8
0
 10
9.303178537410123
 20
-27.0983996864982
 30
0.0
  0
VERTEX
  5
651
  8
0
 10
9.48922022661814
 20
-26.92598104237074
 30
0.0
  0
VERTEX
  5
652
  8
0
 10
9.715982901036842
 20
-26.72621604108272
 30
0.0
  0
VERTEX
  5
653
  8
0
 10
9.948159148731811
 20
-26.53274911410816
 30
0.0
  0
VERTEX
  5
654
  8
0
 10
10.18555203436327
 20
-26.34575447272912
 30
0.0
  0
VERTEX
  5
655
  8
0
 10
10.42796462259146
 20
-26.16540632822765
 30
0.0
  0
VERTEX
  5
656
  8
0
 10
10.6231748904797
 20
-26.02752588795806
 30
0.0
  0
VERTEX
  5
657
  8
0
 10
10.82127893640056
 20
-25.89388208996009
 30
0.0
  0
VERTEX
  5
658
  8
0
 10
11.02215177823119
 20
-25.76444222637354
 30
0.0
  0
VERTEX
  5
659
  8
0
 10
11.22566843384872
 20
-25.63917358933813
 30
0.0
  0
VERTEX
  5
65A
  8
0
 10
11.56990422586089
 20
-25.4403625826993
 30
0.0
  0
VERTEX
  5
65B
  8
0
 10
11.74477375996639
 20
-25.34599147101042
 30
0.0
  0
VERTEX
  5
65C
  8
0
 10
11.92155124117297
 20
-25.25537121337252
 30
0.0
  0
VERTEX
  5
65D
  8
0
 10
12.2620661276945
 20
-25.0931044705497
 30
0.0
  0
SEQEND
  5
65E
  8
0
  0
POLYLINE
  5
4B
  8
0
 66
     1
 10
0.0
 20
0.0
 30
0.0
 70
     1
  0
VERTEX
  5
65F
  8
0
 10
24.90395478175591
 20
-12.5784616375992
 30
0.0
  0
VERTEX
  5
660
  8
0
 10
25.39606814613037
 20
-12.54461437364332
 30
0.0
  0
VERTEX
  5
661
  8
0
 10
25.88906064949348
 20
-12.50015219811841
 30
0.0
  0
VERTEX
  5
662
  8
0
 10
26.38259708699341
 20
-12.44499871475953
 30
0.0
  0
VERTEX
  5
663
  8
0
 10
26.87633711258401
 20
-12.37909149618015
 30
0.0
  0
VERTEX
  5
664
  8
0
 10
27.36993595364642
 20
-12.30238245169236
 30
0.0
  0
VERTEX
  5
665
  8
0
 10
27.86304515474566
 20
-12.21483815026334
 30
0.0
  0
VERTEX
  5
666
  8
0
 10
28.35531334696109
 20
-12.11644009724752
 30
0.0
  0
VERTEX
  5
667
  8
0
 10
28.84638703946997
 20
-12.00718496264912
 30
0.0
  0
VERTEX
  5
668
  8
0
 10
29.33591142984804
 20
-11.88708475894348
 30
0.0
  0
VERTEX
  5
669
  8
0
 10
29.82353122935973
 20
-11.75616696678193
 30
0.0
  0
VERTEX
  5
66A
  8
0
 10
30.30889149934825
 20
-11.61447460722192
 30
0.0
  0
VERTEX
  5
66B
  8
0
 10
30.79163849470285
 20
-11.46206625945793
 30
0.0
  0
VERTEX
  5
66C
  8
0
 10
31.2714205102805
 20
-11.29901602337717
 30
0.0
  0
VERTEX
  5
66D
  8
0
 10
31.74788872609237
 20
-11.12541342662256
 30
0.0
  0
VERTEX
  5
66E
  8
0
 10
32.22069804703406
 20
-10.94136327621143
 30
0.0
  0
VERTEX
  5
66F
  8
0
 10
32.689507932943
 20
-10.74698545512694
 30
0.0
  0
VERTEX
  5
670
  8
0
 10
33.15398321480595
 20
-10.54241466466749
 30
0.0
  0
VERTEX
  5
671
  8
0
 10
33.61379489301657
 20
-10.32780011370248
 30
0.0
  0
VERTEX
  5
672
  8
0
 10
34.06862091369387
 20
-10.10330515633726
 30
0.0
  0
VERTEX
  5
673
  8
0
 10
34.51814691921779
 20
-9.869106879832772
 30
0.0
  0
VERTEX
  5
674
  8
0
 10
34.9620669693168
 20
-9.625395644950796
 30
0.0
  0
VERTEX
  5
675
  8
0
 10
35.40008422925034
 20
-9.37237458120303
 30
0.0
  0
VERTEX
  5
676
  8
0
 10
35.83191162186679
 20
-9.110259039765484
 30
0.0
  0
VERTEX
  5
677
  8
0
 10
36.2572724405793
 20
-8.839276007078562
 30
0.0
  0
VERTEX
  5
678
  8
0
 10
36.67590092058757
 20
-8.559663482383202
 30
0.0
  0
VERTEX
  5
679
  8
0
 10
37.08754276597741
 20
-8.27166982264397
 30
0.0
  0
VERTEX
  5
67A
  8
0
 10
37.49195563065044
 20
-7.975553058478257
 30
0.0
  0
VERTEX
  5
67B
  8
0
 10
37.88890955136807
 20
-7.671580184846164
 30
0.0
  0
VERTEX
  5
67C
  8
0
 10
38.27818733153524
 20
-7.360026430357272
 30
0.0
  0
VERTEX
  5
67D
  8
0
 10
38.65958487469382
 20
-7.041174509117625
 30
0.0
  0
VERTEX
  5
67E
  8
0
 10
39.03291146704316
 20
-6.715313859073675
 30
0.0
  0
VERTEX
  5
67F
  8
0
 10
39.39799000864829
 20
-6.382739870809356
 30
0.0
  0
VERTEX
  5
680
  8
0
 10
39.0915418529141
 20
-6.142529063768057
 30
0.0
  0
VERTEX
  5
681
  8
0
 10
38.77775144199992
 20
-5.90889446976152
 30
0.0
  0
VERTEX
  5
682
  8
0
 10
38.45681886292472
 20
-5.682153588870591
 30
0.0
  0
VERTEX
  5
683
  8
0
 10
38.12896166290755
 20
-5.462616304317836
 30
0.0
  0
VERTEX
  5
684
  8
0
 10
37.7944145261748
 20
-5.250583711160637
 30
0.0
  0
VERTEX
  5
685
  8
0
 10
37.45342885894613
 20
-5.046346958146154
 30
0.0
  0
VERTEX
  5
686
  8
0
 10
37.10627228282137
 20
-4.850186111040255
 30
0.0
  0
VERTEX
  5
687
  8
0
 10
36.75322803763708
 20
-4.66236904580674
 30
0.0
  0
VERTEX
  5
688
  8
0
 10
36.39459429572301
 20
-4.483150379980881
 30
0.0
  0
VERTEX
  5
689
  8
0
 10
36.03068339035592
 20
-4.312770450449162
 30
0.0
  0
VERTEX
  5
68A
  8
0
 10
35.66182096206504
 20
-4.15145434561392
 30
0.0
  0
VERTEX
  5
68B
  8
0
 10
35.28834502727967
 20
-3.999410999587746
 30
0.0
  0
VERTEX
  5
68C
  8
0
 10
34.91060497460981
 20
-3.856832355630411
 30
0.0
  0
VERTEX
  5
68D
  8
0
 10
34.52896049480517
 20
-3.723892605514782
 30
0.0
  0
VERTEX
  5
68E
  8
0
 10
34.14378045113073
 20
-3.600747510893683
 30
0.0
  0
VERTEX
  5
68F
  8
0
 10
33.7554416975211
 20
-3.487533812044709
 30
0.0
  0
VERTEX
  5
690
  8
0
 10
33.36432785241681
 20
-3.384368728603716
 30
0.0
  0
VERTEX
  5
691
  8
0
 10
32.97082803663828
 20
-3.291349556070942
 30
0.0
  0
VERTEX
  5
692
  8
0
 10
32.57533558400736
 20
-3.208553360998241
 30
0.0
  0
VERTEX
  5
693
  8
0
 10
32.17824673367795
 20
-3.136036776854697
 30
0.0
  0
VERTEX
  5
694
  8
0
 10
31.77995931328293
 20
-3.07383590163416
 30
0.0
  0
VERTEX
  5
695
  8
0
 10
31.38087142203998
 20
-3.021966297326284
 30
0.0
  0
VERTEX
  5
696
  8
0
 10
30.98138012288866
 20
-2.980423090436085
 30
0.0
  0
VERTEX
  5
697
  8
0
 10
30.5818801525525
 20
-2.949181171819726
 30
0.0
  0
VERTEX
  5
698
  8
0
 10
30.18276265814023
 20
-2.928195493219445
 30
0.0
  0
VERTEX
  5
699
  8
0
 10
29.78441396852417
 20
-2.917401457040636
 30
0.0
  0
VERTEX
  5
69A
  8
0
 10
29.38721440826832
 20
-2.916715395130432
 30
0.0
  0
VERTEX
  5
69B
  8
0
 10
28.99153716133334
 20
-2.926035131599891
 30
0.0
  0
VERTEX
  5
69C
  8
0
 10
28.59774719116997
 20
-2.945240624089734
 30
0.0
  0
VERTEX
  5
69D
  8
0
 10
28.20620022313701
 20
-2.974194677319551
 30
0.0
  0
VERTEX
  5
69E
  8
0
 10
27.81724179445746
 20
-3.012743722287904
 30
0.0
  0
VERTEX
  5
69F
  8
0
 10
27.43120637616712
 20
-3.060718654109664
 30
0.0
  0
VERTEX
  5
6A0
  8
0
 10
27.86544229410095
 20
-3.121583415646418
 30
0.0
  0
VERTEX
  5
6A1
  8
0
 10
28.07905209093166
 20
-3.158840475903493
 30
0.0
  0
VERTEX
  5
6A2
  8
0
 10
28.28845209319872
 20
-3.204287151548351
 30
0.0
  0
VERTEX
  5
6A3
  8
0
 10
28.49223903604751
 20
-3.260653314377481
 30
0.0
  0
VERTEX
  5
6A4
  8
0
 10
28.59158908992298
 20
-3.29378428842255
 30
0.0
  0
VERTEX
  5
6A5
  8
0
 10
28.68900965462339
 20
-3.330668836187371
 30
0.0
  0
VERTEX
  5
6A6
  8
0
 10
28.78432532204192
 20
-3.371648191646503
 30
0.0
  0
VERTEX
  5
6A7
  8
0
 10
28.87736068407173
 20
-3.41706358877451
 30
0.0
  0
VERTEX
  5
6A8
  8
0
 10
28.967940332606
 20
-3.467256261545949
 30
0.0
  0
VERTEX
  5
6A9
  8
0
 10
29.05588885953789
 20
-3.522567443935383
 30
0.0
  0
VERTEX
  5
6AA
  8
0
 10
29.15138406264413
 20
-3.591083780301441
 30
0.0
  0
VERTEX
  5
6AB
  8
0
 10
29.24316564977198
 20
-3.665917775846875
 30
0.0
  0
VERTEX
  5
6AC
  8
0
 10
29.33106468446989
 20
-3.746491370361008
 30
0.0
  0
VERTEX
  5
6AD
  8
0
 10
29.41491223028636
 20
-3.832226503633169
 30
0.0
  0
VERTEX
  5
6AE
  8
0
 10
29.49453935076986
 20
-3.922545115452678
 30
0.0
  0
VERTEX
  5
6AF
  8
0
 10
29.56977710946884
 20
-4.016869145608858
 30
0.0
  0
VERTEX
  5
6B0
  8
0
 10
29.64045656993181
 20
-4.114620533891035
 30
0.0
  0
VERTEX
  5
6B1
  8
0
 10
29.70640879570721
 20
-4.215221220088534
 30
0.0
  0
VERTEX
  5
6B2
  8
0
 10
29.77670363870576
 20
-4.334717450655157
 30
0.0
  0
VERTEX
  5
6B3
  8
0
 10
29.84026983772918
 20
-4.457208559153297
 30
0.0
  0
VERTEX
  5
6B4
  8
0
 10
29.89695087074705
 20
-4.582640745121461
 30
0.0
  0
VERTEX
  5
6B5
  8
0
 10
29.94659021572891
 20
-4.710960208098153
 30
0.0
  0
VERTEX
  5
6B6
  8
0
 10
29.98801091513883
 20
-4.838545806612698
 30
0.0
  0
VERTEX
  5
6B7
  8
0
 10
30.02250748269166
 20
-4.968374293382328
 30
0.0
  0
VERTEX
  5
6B8
  8
0
 10
30.04997858654989
 20
-5.100002855124937
 30
0.0
  0
VERTEX
  5
6B9
  8
0
 10
30.070322894876
 20
-5.232988678558415
 30
0.0
  0
VERTEX
  5
6BA
  8
0
 10
30.08596893705759
 20
-5.406851425711607
 30
0.0
  0
VERTEX
  5
6BB
  8
0
 10
30.0894529859455
 20
-5.581395702845326
 30
0.0
  0
VERTEX
  5
6BC
  8
0
 10
30.0807813506539
 20
-5.755763597674459
 30
0.0
  0
VERTEX
  5
6BD
  8
0
 10
30.05996034029695
 20
-5.929097197913902
 30
0.0
  0
VERTEX
  5
6BE
  8
0
 10
30.02961991916096
 20
-6.089113693796431
 30
0.0
  0
VERTEX
  5
6BF
  8
0
 10
29.98891250577806
 20
-6.246775518622993
 30
0.0
  0
VERTEX
  5
6C0
  8
0
 10
29.9380398008105
 20
-6.401374879766907
 30
0.0
  0
VERTEX
  5
6C1
  8
0
 10
29.87720350492052
 20
-6.552203984601491
 30
0.0
  0
VERTEX
  5
6C2
  8
0
 10
29.82002364761709
 20
-6.672638252804728
 30
0.0
  0
VERTEX
  5
6C3
  8
0
 10
29.75650123806843
 20
-6.789820881357262
 30
0.0
  0
VERTEX
  5
6C4
  8
0
 10
29.68686192047438
 20
-6.903513243899713
 30
0.0
  0
VERTEX
  5
6C5
  8
0
 10
29.61133133903473
 20
-7.013476714072684
 30
0.0
  0
VERTEX
  5
6C6
  8
0
 10
29.52423651573808
 20
-7.12665655889065
 30
0.0
  0
VERTEX
  5
6C7
  8
0
 10
29.43080564013484
 20
-7.234610482963292
 30
0.0
  0
VERTEX
  5
6C8
  8
0
 10
29.33118739800121
 20
-7.33665369633133
 30
0.0
  0
VERTEX
  5
6C9
  8
0
 10
29.22553047511341
 20
-7.432101409035481
 30
0.0
  0
VERTEX
  5
6CA
  8
0
 10
29.12150947920078
 20
-7.515489170503979
 30
0.0
  0
VERTEX
  5
6CB
  8
0
 10
29.01451875754586
 20
-7.595114391738298
 30
0.0
  0
VERTEX
  5
6CC
  8
0
 10
28.47601481338195
 20
-7.983623294321923
 30
0.0
  0
VERTEX
  5
6CD
  8
0
 10
28.24690820742277
 20
-8.15944411555424
 30
0.0
  0
VERTEX
  5
6CE
  8
0
 10
28.02286792087487
 20
-8.341891898642801
 30
0.0
  0
VERTEX
  5
6CF
  8
0
 10
27.80386407674688
 20
-8.530501819907688
 30
0.0
  0
VERTEX
  5
6D0
  8
0
 10
27.58986679804745
 20
-8.724809055668961
 30
0.0
  0
VERTEX
  5
6D1
  8
0
 10
27.40612225584803
 20
-8.899772065061411
 30
0.0
  0
VERTEX
  5
6D2
  8
0
 10
27.22633283642084
 20
-9.078747992601459
 30
0.0
  0
VERTEX
  5
6D3
  8
0
 10
27.05061796406131
 20
-9.261716902600696
 30
0.0
  0
VERTEX
  5
6D4
  8
0
 10
26.87909706306488
 20
-9.448658859370713
 30
0.0
  0
VERTEX
  5
6D5
  8
0
 10
26.68039934033242
 20
-9.676493691422055
 30
0.0
  0
VERTEX
  5
6D6
  8
0
 10
26.48799645842872
 20
-9.909740898766572
 30
0.0
  0
VERTEX
  5
6D7
  8
0
 10
26.30206169986753
 20
-10.14820261318347
 30
0.0
  0
VERTEX
  5
6D8
  8
0
 10
26.12276834716263
 20
-10.39168096645198
 30
0.0
  0
VERTEX
  5
6D9
  8
0
 10
25.9857182403386
 20
-10.58773167889627
 30
0.0
  0
VERTEX
  5
6DA
  8
0
 10
25.85290079003421
 20
-10.78667342254781
 30
0.0
  0
VERTEX
  5
6DB
  8
0
 10
25.72428307066087
 20
-10.98838097010427
 30
0.0
  0
VERTEX
  5
6DC
  8
0
 10
25.59983215663001
 20
-11.19272909426327
 30
0.0
  0
VERTEX
  5
6DD
  8
0
 10
25.40237036032865
 20
-11.53833961319874
 30
0.0
  0
VERTEX
  5
6DE
  8
0
 10
25.30866745421872
 20
-11.71389146366174
 30
0.0
  0
VERTEX
  5
6DF
  8
0
 10
25.21871029001876
 20
-11.89134713197534
 30
0.0
  0
VERTEX
  5
6E0
  8
0
 10
25.05768893731272
 20
-12.23313861346999
 30
0.0
  0
SEQEND
  5
6E1
  8
0
  0
POLYLINE
  5
4C
  8
0
 66
     1
 10
0.0
 20
0.0
 30
0.0
 70
     1
  0
VERTEX
  5
6E2
  8
0
 10
42.23593678741889
 20
-44.00877951859922
 30
0.0
  0
VERTEX
  5
6E3
  8
0
 10
12.33005675357561
 20
-44.00877951896911
 30
0.0
  0
VERTEX
  5
6E4
  8
0
 10
12.16245451970378
 20
-43.92987008265376
 30
0.0
  0
VERTEX
  5
6E5
  8
0
 10
11.83039287596989
 20
-43.76467008436744
 30
0.0
  0
VERTEX
  5
6E6
  8
0
 10
11.50267923220821
 20
-43.59086216527476
 30
0.0
  0
VERTEX
  5
6E7
  8
0
 10
11.1786925043197
 20
-43.40967591203035
 30
0.0
  0
VERTEX
  5
6E8
  8
0
 10
10.85781160820537
 20
-43.22234091128884
 30
0.0
  0
VERTEX
  5
6E9
  8
0
 10
10.53941545976618
 20
-43.03008674970484
 30
0.0
  0
VERTEX
  5
6EA
  8
0
 10
10.22288297490313
 20
-42.83414301393299
 30
0.0
  0
VERTEX
  5
6EB
  8
0
 10
9.592924659509325
 20
-42.43610516644414
 30
0.0
  0
VERTEX
  5
6EC
  8
0
 10
10.27888340637096
 20
-41.63875506945239
 30
0.0
  0
VERTEX
  5
6ED
  8
0
 10
10.62681625365324
 20
-41.24429317598729
 30
0.0
  0
VERTEX
  5
6EE
  8
0
 10
10.98064719572712
 20
-40.85484788080172
 30
0.0
  0
VERTEX
  5
6EF
  8
0
 10
11.30317309055428
 20
-40.51239427240201
 30
0.0
  0
VERTEX
  5
6F0
  8
0
 10
11.632193611395
 20
-40.17593139187188
 30
0.0
  0
VERTEX
  5
6F1
  8
0
 10
11.96794071457382
 20
-39.84612328124359
 30
0.0
  0
VERTEX
  5
6F2
  8
0
 10
12.31064635641529
 20
-39.52363398254942
 30
0.0
  0
VERTEX
  5
6F3
  8
0
 10
12.66054249324397
 20
-39.20912753782165
 30
0.0
  0
VERTEX
  5
6F4
  8
0
 10
13.0178610813844
 20
-38.90326798909255
 30
0.0
  0
VERTEX
  5
6F5
  8
0
 10
13.38283407716115
 20
-38.60671937839438
 30
0.0
  0
VERTEX
  5
6F6
  8
0
 10
13.75569343689875
 20
-38.32014574775943
 30
0.0
  0
VERTEX
  5
6F7
  8
0
 10
13.9612797654227
 20
-38.16918010816581
 30
0.0
  0
VERTEX
  5
6F8
  8
0
 10
14.16933718531615
 20
-38.0216532595184
 30
0.0
  0
VERTEX
  5
6F9
  8
0
 10
14.3799493535273
 20
-37.87787527072896
 30
0.0
  0
VERTEX
  5
6FA
  8
0
 10
14.59319992700434
 20
-37.73815621070924
 30
0.0
  0
VERTEX
  5
6FB
  8
0
 10
14.80917256269547
 20
-37.60280614837097
 30
0.0
  0
VERTEX
  5
6FC
  8
0
 10
15.0279509175489
 20
-37.47213515262592
 30
0.0
  0
VERTEX
  5
6FD
  8
0
 10
15.2496186485128
 20
-37.34645329238584
 30
0.0
  0
VERTEX
  5
6FE
  8
0
 10
15.47425941253538
 20
-37.22607063656246
 30
0.0
  0
VERTEX
  5
6FF
  8
0
 10
15.65499219844122
 20
-37.13437716184488
 30
0.0
  0
VERTEX
  5
700
  8
0
 10
15.83762797234089
 20
-37.04646054098798
 30
0.0
  0
VERTEX
  5
701
  8
0
 10
16.02213828080784
 20
-36.96255327666841
 30
0.0
  0
VERTEX
  5
702
  8
0
 10
16.20849467041553
 20
-36.88288787156286
 30
0.0
  0
VERTEX
  5
703
  8
0
 10
16.39666868773735
 20
-36.807696828348
 30
0.0
  0
VERTEX
  5
704
  8
0
 10
16.58663187934678
 20
-36.73721264970052
 30
0.0
  0
VERTEX
  5
705
  8
0
 10
16.77835579181724
 20
-36.67166783829708
 30
0.0
  0
VERTEX
  5
706
  8
0
 10
16.97181197172216
 20
-36.61129489681437
 30
0.0
  0
VERTEX
  5
707
  8
0
 10
17.2952956398403
 20
-36.5234650248857
 30
0.0
  0
VERTEX
  5
708
  8
0
 10
17.4585457471506
 20
-36.48546787714728
 30
0.0
  0
VERTEX
  5
709
  8
0
 10
17.6226741990572
 20
-36.45161716161956
 30
0.0
  0
VERTEX
  5
70A
  8
0
 10
17.78758561738169
 20
-36.42206380834759
 30
0.0
  0
VERTEX
  5
70B
  8
0
 10
17.95318462394567
 20
-36.39695874737642
 30
0.0
  0
VERTEX
  5
70C
  8
0
 10
18.11937584057075
 20
-36.37645290875109
 30
0.0
  0
VERTEX
  5
70D
  8
0
 10
18.28606388907852
 20
-36.36069722251669
 30
0.0
  0
VERTEX
  5
70E
  8
0
 10
18.57977742033387
 20
-36.34485923855809
 30
0.0
  0
VERTEX
  5
70F
  8
0
 10
18.87398032331379
 20
-36.34425272946834
 30
0.0
  0
VERTEX
  5
710
  8
0
 10
19.16792293758659
 20
-36.35898264699839
 30
0.0
  0
VERTEX
  5
711
  8
0
 10
19.46085560272053
 20
-36.38915394289921
 30
0.0
  0
VERTEX
  5
712
  8
0
 10
19.6085817313021
 20
-36.41036224734444
 30
0.0
  0
VERTEX
  5
713
  8
0
 10
19.75570063507129
 20
-36.43559284835466
 30
0.0
  0
VERTEX
  5
714
  8
0
 10
19.90205644073548
 20
-36.46488030575762
 30
0.0
  0
VERTEX
  5
715
  8
0
 10
20.0474932750021
 20
-36.4982591793811
 30
0.0
  0
VERTEX
  5
716
  8
0
 10
20.19185526457854
 20
-36.53576402905286
 30
0.0
  0
VERTEX
  5
717
  8
0
 10
20.3349865361722
 20
-36.57742941460066
 30
0.0
  0
VERTEX
  5
718
  8
0
 10
20.4767312164905
 20
-36.62328989585229
 30
0.0
  0
VERTEX
  5
719
  8
0
 10
20.61693343224084
 20
-36.67338003263549
 30
0.0
  0
VERTEX
  5
71A
  8
0
 10
20.766959466212
 20
-36.73221934542351
 30
0.0
  0
VERTEX
  5
71B
  8
0
 10
20.91549169851156
 20
-36.79480932065807
 30
0.0
  0
VERTEX
  5
71C
  8
0
 10
21.21006649365253
 20
-36.92624037522929
 30
0.0
  0
VERTEX
  5
71D
  8
0
 10
21.30128623426578
 20
-36.82894493526071
 30
0.0
  0
VERTEX
  5
71E
  8
0
 10
21.38929211749685
 20
-36.72785704024422
 30
0.0
  0
VERTEX
  5
71F
  8
0
 10
21.4738564042567
 20
-36.62313654751496
 30
0.0
  0
VERTEX
  5
720
  8
0
 10
21.55476197259575
 20
-36.51496123879467
 30
0.0
  0
VERTEX
  5
721
  8
0
 10
21.63180404558119
 20
-36.40352591994591
 30
0.0
  0
VERTEX
  5
722
  8
0
 10
21.70479182442279
 20
-36.28904132192602
 30
0.0
  0
VERTEX
  5
723
  8
0
 10
21.77355000175344
 20
-36.17173281526791
 30
0.0
  0
VERTEX
  5
724
  8
0
 10
21.83792013065104
 20
-36.05183895385954
 30
0.0
  0
VERTEX
  5
725
  8
0
 10
21.89776182741624
 20
-35.92960986742052
 30
0.0
  0
VERTEX
  5
726
  8
0
 10
21.9529537891422
 20
-35.80530552526687
 30
0.0
  0
VERTEX
  5
727
  8
0
 10
22.00339461064171
 20
-35.67919389660808
 30
0.0
  0
VERTEX
  5
728
  8
0
 10
22.04900338922587
 20
-35.5515490346471
 30
0.0
  0
VERTEX
  5
729
  8
0
 10
22.08972011003338
 20
-35.4226491130887
 30
0.0
  0
VERTEX
  5
72A
  8
0
 10
22.12550580895785
 20
-35.29277444426911
 30
0.0
  0
VERTEX
  5
72B
  8
0
 10
22.15634251457524
 20
-35.16220550799151
 30
0.0
  0
VERTEX
  5
72C
  8
0
 10
22.18223297469722
 20
-35.03122101930477
 30
0.0
  0
VERTEX
  5
72D
  8
0
 10
22.20651417568506
 20
-35.16753670818802
 30
0.0
  0
VERTEX
  5
72E
  8
0
 10
22.2356869793692
 20
-35.30421855069343
 30
0.0
  0
VERTEX
  5
72F
  8
0
 10
22.26983106805317
 20
-35.44101584702368
 30
0.0
  0
VERTEX
  5
730
  8
0
 10
22.30900985958819
 20
-35.57766845162833
 30
0.0
  0
VERTEX
  5
731
  8
0
 10
22.35326938860996
 20
-35.71390804142449
 30
0.0
  0
VERTEX
  5
732
  8
0
 10
22.40263730053941
 20
-35.84945952850034
 30
0.0
  0
VERTEX
  5
733
  8
0
 10
22.45712197869643
 20
-35.98404260578824
 30
0.0
  0
VERTEX
  5
734
  8
0
 10
22.51671182364125
 20
-36.11737341139058
 30
0.0
  0
VERTEX
  5
735
  8
0
 10
22.58137470215165
 20
-36.24916629421183
 30
0.0
  0
VERTEX
  5
736
  8
0
 10
22.65105758101461
 20
-36.37913566074356
 30
0.0
  0
VERTEX
  5
737
  8
0
 10
22.7256863580895
 20
-36.50699788036795
 30
0.0
  0
VERTEX
  5
738
  8
0
 10
22.80516589993997
 20
-36.63247322448078
 30
0.0
  0
VERTEX
  5
739
  8
0
 10
22.88938029180411
 20
-36.75528781317306
 30
0.0
  0
VERTEX
  5
73A
  8
0
 10
22.97819330186694
 20
-36.87517554222251
 30
0.0
  0
VERTEX
  5
73B
  8
0
 10
23.07144905781966
 20
-36.99187996278398
 30
0.0
  0
VERTEX
  5
73C
  8
0
 10
23.1689729296512
 20
-37.10515608646416
 30
0.0
  0
VERTEX
  5
73D
  8
0
 10
23.27057260863909
 20
-37.21477208942956
 30
0.0
  0
VERTEX
  5
73E
  8
0
 10
23.37603936871112
 20
-37.32051089081159
 30
0.0
  0
VERTEX
  5
73F
  8
0
 10
23.48514949285276
 20
-37.42217158289876
 30
0.0
  0
VERTEX
  5
740
  8
0
 10
23.59766584414507
 20
-37.51957069338071
 30
0.0
  0
VERTEX
  5
741
  8
0
 10
23.7133395584276
 20
-37.61254326314945
 30
0.0
  0
VERTEX
  5
742
  8
0
 10
23.8319118335627
 20
-37.70094372676817
 30
0.0
  0
VERTEX
  5
743
  8
0
 10
23.95311578888651
 20
-37.78464658657656
 30
0.0
  0
VERTEX
  5
744
  8
0
 10
24.07667836769465
 20
-37.86354687539503
 30
0.0
  0
VERTEX
  5
745
  8
0
 10
24.20232225553284
 20
-37.93756040679488
 30
0.0
  0
VERTEX
  5
746
  8
0
 10
24.32976778762501
 20
-38.0066238158028
 30
0.0
  0
VERTEX
  5
747
  8
0
 10
24.45873481993246
 20
-38.07069439659452
 30
0.0
  0
VERTEX
  5
748
  8
0
 10
24.58894454003743
 20
-38.12974974710819
 30
0.0
  0
VERTEX
  5
749
  8
0
 10
24.72012119620653
 20
-38.18378723349242
 30
0.0
  0
VERTEX
  5
74A
  8
0
 10
24.85199372552623
 20
-38.2328232898336
 30
0.0
  0
VERTEX
  5
74B
  8
0
 10
24.98429726482007
 20
-38.27689257064021
 30
0.0
  0
VERTEX
  5
74C
  8
0
 10
25.11677453105622
 20
-38.3160469750755
 30
0.0
  0
VERTEX
  5
74D
  8
0
 10
25.25050024637196
 20
-38.35067351655696
 30
0.0
  0
VERTEX
  5
74E
  8
0
 10
25.38659479983585
 20
-38.38099357974087
 30
0.0
  0
VERTEX
  5
74F
  8
0
 10
25.52486402834189
 20
-38.40683014243616
 30
0.0
  0
VERTEX
  5
750
  8
0
 10
25.66509843010974
 20
-38.42801707491558
 30
0.0
  0
VERTEX
  5
751
  8
0
 10
25.80707384957317
 20
-38.44440068810163
 30
0.0
  0
VERTEX
  5
752
  8
0
 10
25.95055233957903
 20
-38.45584123881612
 30
0.0
  0
VERTEX
  5
753
  8
0
 10
26.0952831995937
 20
-38.46221436905756
 30
0.0
  0
VERTEX
  5
754
  8
0
 10
26.2410041848932
 20
-38.46341245592085
 30
0.0
  0
VERTEX
  5
755
  8
0
 10
26.38744287825496
 20
-38.45934584906801
 30
0.0
  0
VERTEX
  5
756
  8
0
 10
26.53431821219603
 20
-38.44994397352246
 30
0.0
  0
VERTEX
  5
757
  8
0
 10
26.68134212641905
 20
-38.4351562770067
 30
0.0
  0
VERTEX
  5
758
  8
0
 10
26.82822134193914
 20
-38.41495300306435
 30
0.0
  0
VERTEX
  5
759
  8
0
 10
26.9746592304801
 20
-38.38932577377261
 30
0.0
  0
VERTEX
  5
75A
  8
0
 10
27.12035775524779
 20
-38.35828796890877
 30
0.0
  0
VERTEX
  5
75B
  8
0
 10
27.26501945720268
 20
-38.32187489191116
 30
0.0
  0
VERTEX
  5
75C
  8
0
 10
27.40834945954099
 20
-38.28014371678012
 30
0.0
  0
VERTEX
  5
75D
  8
0
 10
27.55005746231098
 20
-38.23317321409231
 30
0.0
  0
VERTEX
  5
75E
  8
0
 10
27.68985969897459
 20
-38.18106325843384
 30
0.0
  0
VERTEX
  5
75F
  8
0
 10
27.82748082728779
 20
-38.12393412367223
 30
0.0
  0
VERTEX
  5
760
  8
0
 10
27.96265572810287
 20
-38.06192557645878
 30
0.0
  0
VERTEX
  5
761
  8
0
 10
28.0951311875549
 20
-37.99519578206449
 30
0.0
  0
VERTEX
  5
762
  8
0
 10
28.22466744052459
 20
-37.92392003999207
 30
0.0
  0
VERTEX
  5
763
  8
0
 10
28.35103955618926
 20
-37.84828936968236
 30
0.0
  0
VERTEX
  5
764
  8
0
 10
28.47403864978765
 20
-37.76850896896782
 30
0.0
  0
VERTEX
  5
765
  8
0
 10
28.59347290832368
 20
-37.68479656966423
 30
0.0
  0
VERTEX
  5
766
  8
0
 10
28.70916842170676
 20
-37.59738071580387
 30
0.0
  0
VERTEX
  5
767
  8
0
 10
28.8209698146517
 20
-37.50649899048953
 30
0.0
  0
VERTEX
  5
768
  8
0
 10
28.92874067843128
 20
-37.41239621720565
 30
0.0
  0
VERTEX
  5
769
  8
0
 10
29.03236380518014
 20
-37.31532266069403
 30
0.0
  0
VERTEX
  5
76A
  8
0
 10
29.13174123079992
 20
-37.21553225124283
 30
0.0
  0
VERTEX
  5
76B
  8
0
 10
29.22679409553158
 20
-37.11328085451593
 30
0.0
  0
VERTEX
  5
76C
  8
0
 10
29.31746233388249
 20
-37.00882460694572
 30
0.0
  0
VERTEX
  5
76D
  8
0
 10
29.46145499402462
 20
-37.39312023927592
 30
0.0
  0
VERTEX
  5
76E
  8
0
 10
29.5374610029
 20
-37.58241305646801
 30
0.0
  0
VERTEX
  5
76F
  8
0
 10
29.61827862648841
 20
-37.76827987471717
 30
0.0
  0
VERTEX
  5
770
  8
0
 10
29.70551173636046
 20
-37.94957869437668
 30
0.0
  0
VERTEX
  5
771
  8
0
 10
29.80076420408678
 20
-38.12516751579979
 30
0.0
  0
VERTEX
  5
772
  8
0
 10
29.90563990123797
 20
-38.29390433933974
 30
0.0
  0
VERTEX
  5
773
  8
0
 10
30.02174269938461
 20
-38.45464716534978
 30
0.0
  0
VERTEX
  5
774
  8
0
 10
30.1073623915084
 20
-38.55848946158945
 30
0.0
  0
VERTEX
  5
775
  8
0
 10
30.19823876694396
 20
-38.6584664325858
 30
0.0
  0
VERTEX
  5
776
  8
0
 10
30.29374506952064
 20
-38.75490192006808
 30
0.0
  0
VERTEX
  5
777
  8
0
 10
30.39325454306781
 20
-38.84811976576557
 30
0.0
  0
VERTEX
  5
778
  8
0
 10
30.60177597839105
 20
-39.02619789872323
 30
0.0
  0
VERTEX
  5
779
  8
0
 10
30.81878902354858
 20
-39.19529156529293
 30
0.0
  0
VERTEX
  5
77A
  8
0
 10
31.07721799598161
 20
-39.38316016672003
 30
0.0
  0
VERTEX
  5
77B
  8
0
 10
31.34192060982284
 20
-39.5590359193354
 30
0.0
  0
VERTEX
  5
77C
  8
0
 10
31.47711020420947
 20
-39.64144030804733
 30
0.0
  0
VERTEX
  5
77D
  8
0
 10
31.6144510152737
 20
-39.71960308140674
 30
0.0
  0
VERTEX
  5
77E
  8
0
 10
31.75413731179069
 20
-39.79310977169708
 30
0.0
  0
VERTEX
  5
77F
  8
0
 10
31.8963633625356
 20
-39.86154591120181
 30
0.0
  0
VERTEX
  5
780
  8
0
 10
32.05926166072658
 20
-39.93199423803989
 30
0.0
  0
VERTEX
  5
781
  8
0
 10
32.22521508397975
 20
-39.99580431100479
 30
0.0
  0
VERTEX
  5
782
  8
0
 10
32.39382990991826
 20
-40.05325698114404
 30
0.0
  0
VERTEX
  5
783
  8
0
 10
32.56471241616522
 20
-40.1046330995052
 30
0.0
  0
VERTEX
  5
784
  8
0
 10
32.73746888034378
 20
-40.15021351713582
 30
0.0
  0
VERTEX
  5
785
  8
0
 10
32.91170558007705
 20
-40.19027908508349
 30
0.0
  0
VERTEX
  5
786
  8
0
 10
33.08702879298821
 20
-40.22511065439573
 30
0.0
  0
VERTEX
  5
787
  8
0
 10
33.26304479670035
 20
-40.25498907612011
 30
0.0
  0
VERTEX
  5
788
  8
0
 10
33.45773673605621
 20
-40.28264544565971
 30
0.0
  0
VERTEX
  5
789
  8
0
 10
33.6527400133683
 20
-40.30553266684779
 30
0.0
  0
VERTEX
  5
78A
  8
0
 10
34.04346850464101
 20
-40.34069224375631
 30
0.0
  0
VERTEX
  5
78B
  8
0
 10
34.82632869323881
 20
-40.39439999281083
 30
0.0
  0
VERTEX
  5
78C
  8
0
 10
35.26830806830281
 20
-40.4314812045959
 30
0.0
  0
VERTEX
  5
78D
  8
0
 10
35.70930644315891
 20
-40.47922034350906
 30
0.0
  0
VERTEX
  5
78E
  8
0
 10
36.14864807112686
 20
-40.53963356957956
 30
0.0
  0
VERTEX
  5
78F
  8
0
 10
36.58565720552645
 20
-40.61473704283674
 30
0.0
  0
VERTEX
  5
790
  8
0
 10
36.82063100559224
 20
-40.6621213458878
 30
0.0
  0
VERTEX
  5
791
  8
0
 10
37.05458451234164
 20
-40.71450786971292
 30
0.0
  0
VERTEX
  5
792
  8
0
 10
37.28737615169169
 20
-40.77201882546963
 30
0.0
  0
VERTEX
  5
793
  8
0
 10
37.5188643495594
 20
-40.8347764243155
 30
0.0
  0
VERTEX
  5
794
  8
0
 10
37.7489075318618
 20
-40.90290287740808
 30
0.0
  0
VERTEX
  5
795
  8
0
 10
37.97736412451597
 20
-40.97652039590494
 30
0.0
  0
VERTEX
  5
796
  8
0
 10
38.20409255343889
 20
-41.05575119096363
 30
0.0
  0
VERTEX
  5
797
  8
0
 10
38.42895124454762
 20
-41.14071747374167
 30
0.0
  0
VERTEX
  5
798
  8
0
 10
38.64323705264543
 20
-41.22793775178054
 30
0.0
  0
VERTEX
  5
799
  8
0
 10
38.85531375964719
 20
-41.32065895641929
 30
0.0
  0
VERTEX
  5
79A
  8
0
 10
39.0648319719084
 20
-41.41896584470921
 30
0.0
  0
VERTEX
  5
79B
  8
0
 10
39.27144229578454
 20
-41.52294317370159
 30
0.0
  0
VERTEX
  5
79C
  8
0
 10
39.47479533763104
 20
-41.6326757004477
 30
0.0
  0
VERTEX
  5
79D
  8
0
 10
39.67454170380341
 20
-41.74824818199887
 30
0.0
  0
VERTEX
  5
79E
  8
0
 10
39.87033200065711
 20
-41.86974537540634
 30
0.0
  0
VERTEX
  5
79F
  8
0
 10
40.06181683454762
 20
-41.99725203772143
 30
0.0
  0
VERTEX
  5
7A0
  8
0
 10
40.21222576941813
 20
-42.10395421919053
 30
0.0
  0
VERTEX
  5
7A1
  8
0
 10
40.3598231356756
 20
-42.21433735925207
 30
0.0
  0
VERTEX
  5
7A2
  8
0
 10
40.64733291398115
 20
-42.44516492619461
 30
0.0
  0
VERTEX
  5
7A3
  8
0
 10
40.92584567272385
 20
-42.68777156063349
 30
0.0
  0
VERTEX
  5
7A4
  8
0
 10
41.1968609151633
 20
-42.94019408465321
 30
0.0
  0
VERTEX
  5
7A5
  8
0
 10
41.4618781445591
 20
-43.20046932033818
 30
0.0
  0
VERTEX
  5
7A6
  8
0
 10
41.72239686417089
 20
-43.46663408977291
 30
0.0
  0
SEQEND
  5
7A7
  8
0
  0
POLYLINE
  5
4D
  8
0
 66
     1
 10
0.0
 20
0.0
 30
0.0
 70
     1
  0
VERTEX
  5
7A8
  8
0
 10
36.88178797321772
 20
21.17571332961544
 30
0.0
  0
VERTEX
  5
7A9
  8
0
 10
36.78496580598841
 20
21.26740536842419
 30
0.0
  0
VERTEX
  5
7AA
  8
0
 10
36.68435324261781
 20
21.35588439166842
 30
0.0
  0
VERTEX
  5
7AB
  8
0
 10
36.58010917384158
 20
21.44092168109357
 30
0.0
  0
VERTEX
  5
7AC
  8
0
 10
36.47241039447771
 20
21.52229912083531
 30
0.0
  0
VERTEX
  5
7AD
  8
0
 10
36.3614507092048
 20
21.59981093086911
 30
0.0
  0
VERTEX
  5
7AE
  8
0
 10
36.24743984032119
 20
21.67326530703537
 30
0.0
  0
VERTEX
  5
7AF
  8
0
 10
36.13060214922464
 20
21.74248594135967
 30
0.0
  0
VERTEX
  5
7B0
  8
0
 10
36.01117518728438
 20
21.80731339815326
 30
0.0
  0
VERTEX
  5
7B1
  8
0
 10
35.88940809540031
 20
21.86760632380426
 30
0.0
  0
VERTEX
  5
7B2
  8
0
 10
35.76555987473582
 20
21.92324247119178
 30
0.0
  0
VERTEX
  5
7B3
  8
0
 10
35.63989755376571
 20
21.9741195231873
 30
0.0
  0
VERTEX
  5
7B4
  8
0
 10
35.51269427881104
 20
22.02015570364132
 30
0.0
  0
VERTEX
  5
7B5
  8
0
 10
35.3842273565745
 20
22.06129016846637
 30
0.0
  0
VERTEX
  5
7B6
  8
0
 10
35.25477627780639
 20
22.09748317378551
 30
0.0
  0
VERTEX
  5
7B7
  8
0
 10
35.12462075111355
 20
22.12871602248103
 30
0.0
  0
VERTEX
  5
7B8
  8
0
 10
34.99403877508912
 20
22.15499079471644
 30
0.0
  0
VERTEX
  5
7B9
  8
0
 10
35.13005958767885
 20
22.17900498740402
 30
0.0
  0
VERTEX
  5
7BA
  8
0
 10
35.2664574463326
 20
22.20792259159757
 30
0.0
  0
VERTEX
  5
7BB
  8
0
 10
35.40298249494256
 20
22.24182410329052
 30
0.0
  0
VERTEX
  5
7BC
  8
0
 10
35.5393754164263
 20
22.28077373474518
 30
0.0
  0
VERTEX
  5
7BD
  8
0
 10
35.67536869529956
 20
22.32481828969163
 30
0.0
  0
VERTEX
  5
7BE
  8
0
 10
35.8106880242791
 20
22.37398615129741
 30
0.0
  0
VERTEX
  5
7BF
  8
0
 10
35.94505384383233
 20
22.4282864032737
 30
0.0
  0
VERTEX
  5
7C0
  8
0
 10
36.07818300044047
 20
22.48770810331694
 30
0.0
  0
VERTEX
  5
7C1
  8
0
 10
36.20979050631572
 20
22.55221972638138
 30
0.0
  0
VERTEX
  5
7C2
  8
0
 10
36.3395913805083
 20
22.62176879304911
 30
0.0
  0
VERTEX
  5
7C3
  8
0
 10
36.46730254885776
 20
22.69628169554197
 30
0.0
  0
VERTEX
  5
7C4
  8
0
 10
36.59264477817621
 20
22.77566373075652
 30
0.0
  0
VERTEX
  5
7C5
  8
0
 10
36.71534461848451
 20
22.85979934616986
 30
0.0
  0
VERTEX
  5
7C6
  8
0
 10
36.83513632612839
 20
22.94855260065175
 30
0.0
  0
VERTEX
  5
7C7
  8
0
 10
36.95176374023001
 20
23.041767838229
 30
0.0
  0
VERTEX
  5
7C8
  8
0
 10
37.06498208521696
 20
23.1392705687979
 30
0.0
  0
VERTEX
  5
7C9
  8
0
 10
37.17455967312114
 20
23.24086854578977
 30
0.0
  0
VERTEX
  5
7CA
  8
0
 10
37.28027948094271
 20
23.34635302698482
 30
0.0
  0
VERTEX
  5
7CB
  8
0
 10
37.38194058058497
 20
23.45550020115894
 30
0.0
  0
VERTEX
  5
7CC
  8
0
 10
37.47935940162733
 20
23.56807276014318
 30
0.0
  0
VERTEX
  5
7CD
  8
0
 10
37.5723708104282
 20
23.68382159326998
 30
0.0
  0
VERTEX
  5
7CE
  8
0
 10
37.66082899264113
 20
23.80248757914972
 30
0.0
  0
VERTEX
  5
7CF
  8
0
 10
37.74460813007336
 20
23.92380344831547
 30
0.0
  0
VERTEX
  5
7D0
  8
0
 10
37.82360286679537
 20
24.04749568952594
 30
0.0
  0
VERTEX
  5
7D1
  8
0
 10
37.89772856340598
 20
24.17328647242885
 30
0.0
  0
VERTEX
  5
7D2
  8
0
 10
37.96692134224934
 20
24.30089555984073
 30
0.0
  0
VERTEX
  5
7D3
  8
0
 10
38.03113793005937
 20
24.4300421840551
 30
0.0
  0
VERTEX
  5
7D4
  8
0
 10
38.09035530787963
 20
24.56044686328622
 30
0.0
  0
VERTEX
  5
7D5
  8
0
 10
38.14457018108676
 20
24.69183313651654
 30
0.0
  0
VERTEX
  5
7D6
  8
0
 10
38.19379828487642
 20
24.82392919755315
 30
0.0
  0
VERTEX
  5
7D7
  8
0
 10
38.23807354260447
 20
24.95646941191805
 30
0.0
  0
VERTEX
  5
7D8
  8
0
 10
38.27744709589319
 20
25.0891957032008
 30
0.0
  0
VERTEX
  5
7D9
  8
0
 10
38.31230755592727
 20
25.22318464541657
 30
0.0
  0
VERTEX
  5
7DA
  8
0
 10
38.3428784456973
 20
25.35955900016438
 30
0.0
  0
VERTEX
  5
7DB
  8
0
 10
38.36898273210521
 20
25.49812452863044
 30
0.0
  0
VERTEX
  5
7DC
  8
0
 10
38.390454209225
 20
25.63867158751908
 30
0.0
  0
VERTEX
  5
7DD
  8
0
 10
38.40713904402657
 20
25.78097581159835
 30
0.0
  0
VERTEX
  5
7DE
  8
0
 10
38.41889727980748
 20
25.92479897449248
 30
0.0
  0
VERTEX
  5
7DF
  8
0
 10
38.42560427424964
 20
26.06989002609809
 30
0.0
  0
VERTEX
  5
7E0
  8
0
 10
38.42715204876438
 20
26.21598630164448
 30
0.0
  0
VERTEX
  5
7E1
  8
0
 10
38.42345052607337
 20
26.36281489394929
 30
0.0
  0
VERTEX
  5
7E2
  8
0
 10
38.41442863382731
 20
26.51009417693754
 30
0.0
  0
VERTEX
  5
7E3
  8
0
 10
38.40003525349854
 20
26.6575354650956
 30
0.0
  0
VERTEX
  5
7E4
  8
0
 10
38.38023999579234
 20
26.80484479033073
 30
0.0
  0
VERTEX
  5
7E5
  8
0
 10
38.3550337863737
 20
26.95172477480828
 30
0.0
  0
VERTEX
  5
7E6
  8
0
 10
38.32442924874854
 20
27.09787657584379
 30
0.0
  0
VERTEX
  5
7E7
  8
0
 10
38.28846087460312
 20
27.24300187692891
 30
0.0
  0
VERTEX
  5
7E8
  8
0
 10
38.24718497569561
 20
27.3868048975433
 30
0.0
  0
VERTEX
  5
7E9
  8
0
 10
38.20067941541026
 20
27.52899439361082
 30
0.0
  0
VERTEX
  5
7EA
  8
0
 10
38.14904312220544
 20
27.66928562033164
 30
0.0
  0
VERTEX
  5
7EB
  8
0
 10
38.09239539129181
 20
27.80740222967621
 30
0.0
  0
VERTEX
  5
7EC
  8
0
 10
38.03087498484154
 20
27.94307807605057
 30
0.0
  0
VERTEX
  5
7ED
  8
0
 10
37.96463904473559
 20
28.07605890549767
 30
0.0
  0
VERTEX
  5
7EE
  8
0
 10
37.89386183519288
 20
28.20610390622714
 30
0.0
  0
VERTEX
  5
7EF
  8
0
 10
37.81873333550045
 20
28.33298710118623
 30
0.0
  0
VERTEX
  5
7F0
  8
0
 10
37.73945770540019
 20
28.45649856670161
 30
0.0
  0
VERTEX
  5
7F1
  8
0
 10
37.65625164743008
 20
28.57644546482643
 30
0.0
  0
VERTEX
  5
7F2
  8
0
 10
37.56934269163656
 20
28.69265288080608
 30
0.0
  0
VERTEX
  5
7F3
  8
0
 10
37.47896742855879
 20
28.80496446091093
 30
0.0
  0
VERTEX
  5
7F4
  8
0
 10
37.3853697162516
 20
28.91324284966419
 30
0.0
  0
VERTEX
  5
7F5
  8
0
 10
37.28879888639621
 20
29.01736992910955
 30
0.0
  0
VERTEX
  5
7F6
  8
0
 10
37.18950797330007
 20
29.11724686612682
 30
0.0
  0
VERTEX
  5
7F7
  8
0
 10
37.08775198787743
 20
29.21279397683109
 30
0.0
  0
VERTEX
  5
7F8
  8
0
 10
37.0131388335347
 20
29.28383721072106
 30
0.0
  0
VERTEX
  5
7F9
  8
0
 10
37.42579113589513
 20
29.40809079009782
 30
0.0
  0
VERTEX
  5
7FA
  8
0
 10
37.61459339826251
 20
29.4842942813487
 30
0.0
  0
VERTEX
  5
7FB
  8
0
 10
37.79997854020916
 20
29.56532188907202
 30
0.0
  0
VERTEX
  5
7FC
  8
0
 10
37.98080752159481
 20
29.65278165209193
 30
0.0
  0
VERTEX
  5
7FD
  8
0
 10
38.15594130227923
 20
29.74828160923256
 30
0.0
  0
VERTEX
  5
7FE
  8
0
 10
38.32424084212216
 20
29.85342979931806
 30
0.0
  0
VERTEX
  5
7FF
  8
0
 10
38.48456710098335
 20
29.96983426117258
 30
0.0
  0
VERTEX
  5
800
  8
0
 10
38.58814028854182
 20
30.05567641437077
 30
0.0
  0
VERTEX
  5
801
  8
0
 10
38.68785816789738
 20
30.14678890903853
 30
0.0
  0
VERTEX
  5
802
  8
0
 10
38.78404374153919
 20
30.24254336053842
 30
0.0
  0
VERTEX
  5
803
  8
0
 10
38.87702001195639
 20
30.34231138423304
 30
0.0
  0
VERTEX
  5
804
  8
0
 10
39.05463665307357
 20
30.5513746096568
 30
0.0
  0
VERTEX
  5
805
  8
0
 10
39.22329211116213
 20
30.76895150821046
 30
0.0
  0
VERTEX
  5
806
  8
0
 10
39.41067384861573
 20
31.0280519428399
 30
0.0
  0
VERTEX
  5
807
  8
0
 10
39.5860938168788
 20
31.29344231934556
 30
0.0
  0
VERTEX
  5
808
  8
0
 10
39.66828465351929
 20
31.42898316963472
 30
0.0
  0
VERTEX
  5
809
  8
0
 10
39.74624486700863
 20
31.56668082599222
 30
0.0
  0
VERTEX
  5
80A
  8
0
 10
39.81956106372896
 20
31.70673006195117
 30
0.0
  0
VERTEX
  5
80B
  8
0
 10
39.88781985006245
 20
31.84932565104467
 30
0.0
  0
VERTEX
  5
80C
  8
0
 10
39.9580856091165
 20
32.01264719917683
 30
0.0
  0
VERTEX
  5
80D
  8
0
 10
40.0217303174195
 20
32.17903181033773
 30
0.0
  0
VERTEX
  5
80E
  8
0
 10
40.07903409818977
 20
32.34808473916288
 30
0.0
  0
VERTEX
  5
80F
  8
0
 10
40.13027707464559
 20
32.51941124028772
 30
0.0
  0
VERTEX
  5
810
  8
0
 10
40.17573937000527
 20
32.69261656834772
 30
0.0
  0
VERTEX
  5
811
  8
0
 10
40.21570110748712
 20
32.86730597797837
 30
0.0
  0
VERTEX
  5
812
  8
0
 10
40.25044241030945
 20
33.04308472381512
 30
0.0
  0
VERTEX
  5
813
  8
0
 10
40.28024340169056
 20
33.21955806049344
 30
0.0
  0
VERTEX
  5
814
  8
0
 10
40.3078280993616
 20
33.41475585749916
 30
0.0
  0
VERTEX
  5
815
  8
0
 10
40.33065600799124
 20
33.61026580139329
 30
0.0
  0
VERTEX
  5
816
  8
0
 10
40.36572446834506
 20
34.0020095015981
 30
0.0
  0
VERTEX
  5
817
  8
0
 10
40.41929303296186
 20
34.78690375393298
 30
0.0
  0
VERTEX
  5
818
  8
0
 10
40.45627814824235
 20
35.23003150034972
 30
0.0
  0
VERTEX
  5
819
  8
0
 10
40.50389357049301
 20
35.67217569767973
 30
0.0
  0
VERTEX
  5
81A
  8
0
 10
40.5641502348378
 20
36.1126588434869
 30
0.0
  0
VERTEX
  5
81B
  8
0
 10
40.63905907640072
 20
36.55080343533513
 30
0.0
  0
VERTEX
  5
81C
  8
0
 10
40.68632058237824
 20
36.78638775525744
 30
0.0
  0
VERTEX
  5
81D
  8
0
 10
40.73857134580924
 20
37.02094913089067
 30
0.0
  0
VERTEX
  5
81E
  8
0
 10
40.79593326113955
 20
37.25434562030743
 30
0.0
  0
VERTEX
  5
81F
  8
0
 10
40.858528222815
 20
37.48643528158031
 30
0.0
  0
VERTEX
  5
820
  8
0
 10
40.92647812528145
 20
37.71707617278191
 30
0.0
  0
VERTEX
  5
821
  8
0
 10
40.99990486298474
 20
37.94612635198482
 30
0.0
  0
VERTEX
  5
822
  8
0
 10
41.07893033037072
 20
38.17344387726164
 30
0.0
  0
VERTEX
  5
823
  8
0
 10
41.16367642188523
 20
38.39888680668495
 30
0.0
  0
VERTEX
  5
824
  8
0
 10
41.25067066740419
 20
38.61372938214124
 30
0.0
  0
VERTEX
  5
825
  8
0
 10
41.34315158380041
 20
38.82635711671271
 30
0.0
  0
VERTEX
  5
826
  8
0
 10
41.44120370847607
 20
39.03641970894411
 30
0.0
  0
VERTEX
  5
827
  8
0
 10
41.54491157883343
 20
39.24356685738017
 30
0.0
  0
VERTEX
  5
828
  8
0
 10
41.65435973227469
 20
39.44744826056562
 30
0.0
  0
VERTEX
  5
829
  8
0
 10
41.76963270620207
 20
39.64771361704522
 30
0.0
  0
VERTEX
  5
82A
  8
0
 10
41.89081503801783
 20
39.8440126253637
 30
0.0
  0
VERTEX
  5
82B
  8
0
 10
42.01799126512417
 20
40.03599498406579
 30
0.0
  0
VERTEX
  5
82C
  8
0
 10
42.1244169265027
 20
40.18679471847498
 30
0.0
  0
VERTEX
  5
82D
  8
0
 10
42.23451400722335
 20
40.33477557912195
 30
0.0
  0
VERTEX
  5
82E
  8
0
 10
42.46474338153315
 20
40.62303237879913
 30
0.0
  0
VERTEX
  5
82F
  8
0
 10
42.70672129773792
 20
40.90226878243708
 30
0.0
  0
VERTEX
  5
830
  8
0
 10
42.958489665522
 20
41.17398818937554
 30
0.0
  0
VERTEX
  5
831
  8
0
 10
43.21809039456975
 20
41.43969399895422
 30
0.0
  0
VERTEX
  5
832
  8
0
 10
43.48356539456552
 20
41.70088961051287
 30
0.0
  0
VERTEX
  5
833
  8
0
 10
44.02430584569163
 20
42.21576383494589
 30
0.0
  0
VERTEX
  5
834
  8
0
 10
44.02430584476289
 20
12.47692839963638
 30
0.0
  0
VERTEX
  5
835
  8
0
 10
43.8453425991356
 20
12.08766396129333
 30
0.0
  0
VERTEX
  5
836
  8
0
 10
43.67976726784218
 20
11.75514047057323
 30
0.0
  0
VERTEX
  5
837
  8
0
 10
43.5056168751135
 20
11.42699710433049
 30
0.0
  0
VERTEX
  5
838
  8
0
 10
43.32411631385246
 20
11.10260818968515
 30
0.0
  0
VERTEX
  5
839
  8
0
 10
43.13649047696194
 20
10.78134805375722
 30
0.0
  0
VERTEX
  5
83A
  8
0
 10
42.94396425734485
 20
10.46259102366675
 30
0.0
  0
VERTEX
  5
83B
  8
0
 10
42.74776254790409
 20
10.14571142653377
 30
0.0
  0
VERTEX
  5
83C
  8
0
 10
42.34923223025751
 20
9.515081840402004
 30
0.0
  0
VERTEX
  5
83D
  8
0
 10
41.55561154037956
 20
10.20475127691891
 30
0.0
  0
VERTEX
  5
83E
  8
0
 10
41.16301541193134
 20
10.55454212410961
 30
0.0
  0
VERTEX
  5
83F
  8
0
 10
40.77543714602426
 20
10.91023422808788
 30
0.0
  0
VERTEX
  5
840
  8
0
 10
40.43465285904587
 20
11.23442627012697
 30
0.0
  0
VERTEX
  5
841
  8
0
 10
40.09985948111161
 20
11.56511528995737
 30
0.0
  0
VERTEX
  5
842
  8
0
 10
39.77171989301395
 20
11.90253223823078
 30
0.0
  0
VERTEX
  5
843
  8
0
 10
39.45089697554532
 20
12.24690806559889
 30
0.0
  0
VERTEX
  5
844
  8
0
 10
39.13805360949817
 20
12.59847372271338
 30
0.0
  0
VERTEX
  5
845
  8
0
 10
38.83385267566491
 20
12.95746016022596
 30
0.0
  0
VERTEX
  5
846
  8
0
 10
38.53895705483799
 20
13.32409832878832
 30
0.0
  0
VERTEX
  5
847
  8
0
 10
38.25402962780986
 20
13.69861917905214
 30
0.0
  0
VERTEX
  5
848
  8
0
 10
38.1039533912097
 20
13.9051045609692
 30
0.0
  0
VERTEX
  5
849
  8
0
 10
37.95731300643746
 20
14.1140591220563
 30
0.0
  0
VERTEX
  5
84A
  8
0
 10
37.81441794048744
 20
14.32556598568856
 30
0.0
  0
VERTEX
  5
84B
  8
0
 10
37.67557766035395
 20
14.53970827524114
 30
0.0
  0
VERTEX
  5
84C
  8
0
 10
37.54110163303133
 20
14.75656911408917
 30
0.0
  0
VERTEX
  5
84D
  8
0
 10
37.41129932551388
 20
14.9762316256078
 30
0.0
  0
VERTEX
  5
84E
  8
0
 10
37.28648020479592
 20
15.19877893317217
 30
0.0
  0
VERTEX
  5
84F
  8
0
 10
37.16695373787179
 20
15.42429416015742
 30
0.0
  0
VERTEX
  5
850
  8
0
 10
37.07593571692868
 20
15.60571799670083
 30
0.0
  0
VERTEX
  5
851
  8
0
 10
36.98868935824542
 20
15.7890406161721
 30
0.0
  0
VERTEX
  5
852
  8
0
 10
36.90544649239857
 20
15.97423292840159
 30
0.0
  0
VERTEX
  5
853
  8
0
 10
36.82643894996472
 20
16.16126584321966
 30
0.0
  0
VERTEX
  5
854
  8
0
 10
36.75189856152042
 20
16.35011027045665
 30
0.0
  0
VERTEX
  5
855
  8
0
 10
36.68205715764224
 20
16.54073711994293
 30
0.0
  0
VERTEX
  5
856
  8
0
 10
36.61714656890675
 20
16.73311730150885
 30
0.0
  0
VERTEX
  5
857
  8
0
 10
36.55739862589054
 20
16.92722172498477
 30
0.0
  0
VERTEX
  5
858
  8
0
 10
36.47057978914546
 20
17.25175757233924
 30
0.0
  0
VERTEX
  5
859
  8
0
 10
36.43307645726174
 20
17.41552335651296
 30
0.0
  0
VERTEX
  5
85A
  8
0
 10
36.3997109264406
 20
17.58015972618895
 30
0.0
  0
VERTEX
  5
85B
  8
0
 10
36.3706335042346
 20
17.74557069024569
 30
0.0
  0
VERTEX
  5
85C
  8
0
 10
36.34599449819632
 20
17.91166025756165
 30
0.0
  0
VERTEX
  5
85D
  8
0
 10
36.32594421587825
 20
18.0783324370153
 30
0.0
  0
VERTEX
  5
85E
  8
0
 10
36.31063296483297
 20
18.24549123748512
 30
0.0
  0
VERTEX
  5
85F
  8
0
 10
36.29554716307598
 20
18.54000539021884
 30
0.0
  0
VERTEX
  5
860
  8
0
 10
36.29565450388566
 20
18.83497330877192
 30
0.0
  0
VERTEX
  5
861
  8
0
 10
36.3110578517648
 20
19.12964313302108
 30
0.0
  0
VERTEX
  5
862
  8
0
 10
36.34186007121623
 20
19.42326300284306
 30
0.0
  0
VERTEX
  5
863
  8
0
 10
36.36337100260764
 20
19.57132118014544
 30
0.0
  0
VERTEX
  5
864
  8
0
 10
36.38889232485737
 20
19.71876081856823
 30
0.0
  0
VERTEX
  5
865
  8
0
 10
36.41845813075507
 20
19.86542555660876
 30
0.0
  0
VERTEX
  5
866
  8
0
 10
36.45210251309045
 20
20.01115903276435
 30
0.0
  0
VERTEX
  5
867
  8
0
 10
36.48985956465318
 20
20.15580488553236
 30
0.0
  0
VERTEX
  5
868
  8
0
 10
36.53176337823294
 20
20.29920675341008
 30
0.0
  0
VERTEX
  5
869
  8
0
 10
36.5778480466194
 20
20.44120827489488
 30
0.0
  0
VERTEX
  5
86A
  8
0
 10
36.62814766260226
 20
20.58165308848408
 30
0.0
  0
VERTEX
  5
86B
  8
0
 10
36.68719753936086
 20
20.73192603432001
 30
0.0
  0
VERTEX
  5
86C
  8
0
 10
36.74998473117223
 20
20.88069222110897
 30
0.0
  0
SEQEND
  5
86D
  8
0
  0
POLYLINE
  5
4E
  8
0
 66
     1
 10
0.0
 20
0.0
 30
0.0
 70
     1
  0
VERTEX
  5
86E
  8
0
 10
38.96318205869402
 20
0.0000000000593013
 30
0.0
  0
VERTEX
  5
86F
  8
0
 10
39.31069324643892
 20
0.1142905330301691
 30
0.0
  0
VERTEX
  5
870
  8
0
 10
39.65477380435789
 20
0.2373249882719252
 30
0.0
  0
VERTEX
  5
871
  8
0
 10
39.99526769738263
 20
0.3690161450367188
 30
0.0
  0
VERTEX
  5
872
  8
0
 10
40.3320188904448
 20
0.5092767825766988
 30
0.0
  0
VERTEX
  5
873
  8
0
 10
40.66487134847606
 20
0.6580196801440146
 30
0.0
  0
VERTEX
  5
874
  8
0
 10
40.99366903640809
 20
0.8151576169908147
 30
0.0
  0
VERTEX
  5
875
  8
0
 10
41.31825591917256
 20
0.9806033723692485
 30
0.0
  0
VERTEX
  5
876
  8
0
 10
41.63847596170114
 20
1.154269725531465
 30
0.0
  0
VERTEX
  5
877
  8
0
 10
41.9541731289255
 20
1.336069455729613
 30
0.0
  0
VERTEX
  5
878
  8
0
 10
42.26519138577731
 20
1.525915342215842
 30
0.0
  0
VERTEX
  5
879
  8
0
 10
42.57137469718823
 20
1.723720164242301
 30
0.0
  0
VERTEX
  5
87A
  8
0
 10
42.87256702808996
 20
1.929396701061138
 30
0.0
  0
VERTEX
  5
87B
  8
0
 10
43.16861234341415
 20
2.142857731924503
 30
0.0
  0
VERTEX
  5
87C
  8
0
 10
43.45935460809246
 20
2.364016036084545
 30
0.0
  0
VERTEX
  5
87D
  8
0
 10
43.74463778705658
 20
2.592784392793414
 30
0.0
  0
VERTEX
  5
87E
  8
0
 10
44.02430584523817
 20
2.829075581303257
 30
0.0
  0
VERTEX
  5
87F
  8
0
 10
44.02430584523817
 20
-2.829075581302111
 30
0.0
  0
VERTEX
  5
880
  8
0
 10
43.74463778705658
 20
-2.592784392792268
 30
0.0
  0
VERTEX
  5
881
  8
0
 10
43.45935460809246
 20
-2.3640160360834
 30
0.0
  0
VERTEX
  5
882
  8
0
 10
43.16861234341415
 20
-2.142857731923358
 30
0.0
  0
VERTEX
  5
883
  8
0
 10
42.87256702808996
 20
-1.929396701059993
 30
0.0
  0
VERTEX
  5
884
  8
0
 10
42.57137469718823
 20
-1.723720164241156
 30
0.0
  0
VERTEX
  5
885
  8
0
 10
42.26519138577731
 20
-1.525915342214697
 30
0.0
  0
VERTEX
  5
886
  8
0
 10
41.9541731289255
 20
-1.336069455728469
 30
0.0
  0
VERTEX
  5
887
  8
0
 10
41.63847596170114
 20
-1.154269725530321
 30
0.0
  0
VERTEX
  5
888
  8
0
 10
41.31825591917256
 20
-0.9806033723681049
 30
0.0
  0
VERTEX
  5
889
  8
0
 10
40.99366903640809
 20
-0.8151576169896714
 30
0.0
  0
VERTEX
  5
88A
  8
0
 10
40.66487134847606
 20
-0.6580196801428716
 30
0.0
  0
VERTEX
  5
88B
  8
0
 10
40.3320188904448
 20
-0.5092767825755565
 30
0.0
  0
VERTEX
  5
88C
  8
0
 10
39.99526769738264
 20
-0.369016145035577
 30
0.0
  0
VERTEX
  5
88D
  8
0
 10
39.6547738043579
 20
-0.2373249882707841
 30
0.0
  0
VERTEX
  5
88E
  8
0
 10
39.31069324643892
 20
-0.1142905330290288
 30
0.0
  0
SEQEND
  5
88F
  8
0
  0
POLYLINE
  5
4F
  8
0
 66
     1
 10
0.0
 20
0.0
 30
0.0
 70
     1
  0
VERTEX
  5
890
  8
0
 10
0.0000000000639467
 20
6.774872119849247
 30
0.0
  0
VERTEX
  5
891
  8
0
 10
0.3310988750284243
 20
6.766734474721517
 30
0.0
  0
VERTEX
  5
892
  8
0
 10
0.6612047501209211
 20
6.742360543870388
 30
0.0
  0
VERTEX
  5
893
  8
0
 10
0.9897241149380409
 20
6.701808834077614
 30
0.0
  0
VERTEX
  5
894
  8
0
 10
1.316063459076388
 20
6.64513785212495
 30
0.0
  0
VERTEX
  5
895
  8
0
 10
1.596324486899731
 20
7.192244023099901
 30
0.0
  0
VERTEX
  5
896
  8
0
 10
1.898768968054536
 20
7.726415819739824
 30
0.0
  0
VERTEX
  5
897
  8
0
 10
2.222929884435641
 20
8.2469984099873
 30
0.0
  0
VERTEX
  5
898
  8
0
 10
2.568340217937886
 20
8.753336961784912
 30
0.0
  0
VERTEX
  5
899
  8
0
 10
2.934532950456109
 20
9.244776643075241
 30
0.0
  0
VERTEX
  5
89A
  8
0
 10
3.321041063885148
 20
9.720662621800862
 30
0.0
  0
VERTEX
  5
89B
  8
0
 10
3.727397540119843
 20
10.18034006590436
 30
0.0
  0
VERTEX
  5
89C
  8
0
 10
4.153135361055032
 20
10.62315414332832
 30
0.0
  0
VERTEX
  5
89D
  8
0
 10
3.901309301051978
 20
10.79390826278164
 30
0.0
  0
VERTEX
  5
89E
  8
0
 10
3.6670190327852
 20
10.97769320997349
 30
0.0
  0
VERTEX
  5
89F
  8
0
 10
3.450214759712074
 20
11.17357995792307
 30
0.0
  0
VERTEX
  5
8A0
  8
0
 10
3.250846685289974
 20
11.38063947964955
 30
0.0
  0
VERTEX
  5
8A1
  8
0
 10
3.068865012976279
 20
11.59794274817211
 30
0.0
  0
VERTEX
  5
8A2
  8
0
 10
2.904219946228364
 20
11.82456073650993
 30
0.0
  0
VERTEX
  5
8A3
  8
0
 10
2.756861688503604
 20
12.05956441768221
 30
0.0
  0
VERTEX
  5
8A4
  8
0
 10
2.626740443259376
 20
12.30202476470811
 30
0.0
  0
VERTEX
  5
8A5
  8
0
 10
2.513806413953055
 20
12.55101275060682
 30
0.0
  0
VERTEX
  5
8A6
  8
0
 10
2.418009804042018
 20
12.80559934839753
 30
0.0
  0
VERTEX
  5
8A7
  8
0
 10
2.339300816983641
 20
13.06485553109941
 30
0.0
  0
VERTEX
  5
8A8
  8
0
 10
2.2776296562353
 20
13.32785227173165
 30
0.0
  0
VERTEX
  5
8A9
  8
0
 10
2.23294652525437
 20
13.59366054331343
 30
0.0
  0
VERTEX
  5
8AA
  8
0
 10
2.205201627498228
 20
13.86135131886393
 30
0.0
  0
VERTEX
  5
8AB
  8
0
 10
2.194345166424249
 20
14.12999557140233
 30
0.0
  0
VERTEX
  5
8AC
  8
0
 10
2.200327345489811
 20
14.39866427394782
 30
0.0
  0
VERTEX
  5
8AD
  8
0
 10
2.223098368152288
 20
14.66642839951957
 30
0.0
  0
VERTEX
  5
8AE
  8
0
 10
2.262608437869056
 20
14.93235892113677
 30
0.0
  0
VERTEX
  5
8AF
  8
0
 10
2.318807758097492
 20
15.19552681181861
 30
0.0
  0
VERTEX
  5
8B0
  8
0
 10
2.391646532294972
 20
15.45500304458425
 30
0.0
  0
VERTEX
  5
8B1
  8
0
 10
2.481074963918872
 20
15.70985859245289
 30
0.0
  0
VERTEX
  5
8B2
  8
0
 10
2.587043256426568
 20
15.9591644284437
 30
0.0
  0
VERTEX
  5
8B3
  8
0
 10
2.709501613275434
 20
16.20199152557587
 30
0.0
  0
VERTEX
  5
8B4
  8
0
 10
2.848400237922849
 20
16.43741085686858
 30
0.0
  0
VERTEX
  5
8B5
  8
0
 10
3.003689333826188
 20
16.66449339534102
 30
0.0
  0
VERTEX
  5
8B6
  8
0
 10
3.175319104442826
 20
16.88231011401236
 30
0.0
  0
VERTEX
  5
8B7
  8
0
 10
3.363239753230139
 20
17.08993198590178
 30
0.0
  0
VERTEX
  5
8B8
  8
0
 10
3.567401483645505
 20
17.28642998402847
 30
0.0
  0
VERTEX
  5
8B9
  8
0
 10
3.787754499146298
 20
17.47087508141161
 30
0.0
  0
VERTEX
  5
8BA
  8
0
 10
4.024249003189894
 20
17.64233825107037
 30
0.0
  0
VERTEX
  5
8BB
  8
0
 10
4.276835199233671
 20
17.79989046602396
 30
0.0
  0
VERTEX
  5
8BC
  8
0
 10
4.545463290735003
 20
17.94260269929154
 30
0.0
  0
VERTEX
  5
8BD
  8
0
 10
4.607233142089517
 20
17.97523202820014
 30
0.0
  0
VERTEX
  5
8BE
  8
0
 10
4.774815244085501
 20
18.04763276077352
 30
0.0
  0
VERTEX
  5
8BF
  8
0
 10
4.949367705105812
 20
18.10940368008931
 30
0.0
  0
VERTEX
  5
8C0
  8
0
 10
5.129891783751445
 20
18.15966321557396
 30
0.0
  0
VERTEX
  5
8C1
  8
0
 10
5.315251174315862
 20
18.19765659424347
 30
0.0
  0
VERTEX
  5
8C2
  8
0
 10
5.504192514352263
 20
18.22278163849757
 30
0.0
  0
VERTEX
  5
8C3
  8
0
 10
5.695371489075777
 20
18.23461040672192
 30
0.0
  0
VERTEX
  5
8C4
  8
0
 10
5.887383507900858
 20
18.23290528996513
 30
0.0
  0
VERTEX
  5
8C5
  8
0
 10
6.078797548460988
 20
18.2176284815671
 30
0.0
  0
VERTEX
  5
8C6
  8
0
 10
6.268191487727058
 20
18.18894415388597
 30
0.0
  0
VERTEX
  5
8C7
  8
0
 10
6.454187104058055
 20
18.1472131665179
 30
0.0
  0
VERTEX
  5
8C8
  8
0
 10
6.635482956536735
 20
18.09298064149382
 30
0.0
  0
VERTEX
  5
8C9
  8
0
 10
6.81088352631382
 20
18.02695721727086
 30
0.0
  0
VERTEX
  5
8CA
  8
0
 10
6.979323316039824
 20
17.94999518460429
 30
0.0
  0
VERTEX
  5
8CB
  8
0
 10
7.13988500863913
 20
17.86306097622257
 30
0.0
  0
VERTEX
  5
8CC
  8
0
 10
7.291811237086513
 20
17.76720560918292
 30
0.0
  0
VERTEX
  5
8CD
  8
0
 10
7.437103575768456
 20
17.66151631965119
 30
0.0
  0
VERTEX
  5
8CE
  8
0
 10
7.577352108096467
 20
17.54447035928913
 30
0.0
  0
VERTEX
  5
8CF
  8
0
 10
7.71130194351725
 20
17.41638122795537
 30
0.0
  0
VERTEX
  5
8D0
  8
0
 10
7.837716948886191
 20
17.27774275292213
 30
0.0
  0
VERTEX
  5
8D1
  8
0
 10
7.955411492082196
 20
17.12922913997986
 30
0.0
  0
VERTEX
  5
8D2
  8
0
 10
8.063282668786513
 20
16.9716883171922
 30
0.0
  0
VERTEX
  5
8D3
  8
0
 10
8.160341365409835
 20
16.80612839328988
 30
0.0
  0
VERTEX
  5
8D4
  8
0
 10
8.24574046100599
 20
16.63369751907236
 30
0.0
  0
VERTEX
  5
8D5
  8
0
 10
8.31879856904437
 20
16.45565791729531
 30
0.0
  0
VERTEX
  5
8D6
  8
0
 10
8.379017966211691
 20
16.27335528190698
 30
0.0
  0
VERTEX
  5
8D7
  8
0
 10
8.426095729963526
 20
16.0881850907995
 30
0.0
  0
VERTEX
  5
8D8
  8
0
 10
8.459927571289498
 20
15.90155758745808
 30
0.0
  0
VERTEX
  5
8D9
  8
0
 10
8.480604353535245
 20
15.71486324304248
 30
0.0
  0
VERTEX
  5
8DA
  8
0
 10
8.488401777045693
 20
15.52944040919348
 30
0.0
  0
VERTEX
  5
8DB
  8
0
 10
8.483764131895633
 20
15.34654663132
 30
0.0
  0
VERTEX
  5
8DC
  8
0
 10
8.467283337763341
 20
15.16733474692643
 30
0.0
  0
VERTEX
  5
8DD
  8
0
 10
8.439053632939313
 20
14.98960217651041
 30
0.0
  0
VERTEX
  5
8DE
  8
0
 10
8.398440487139524
 20
14.81123810035795
 30
0.0
  0
VERTEX
  5
8DF
  8
0
 10
8.345154683983658
 20
14.63350630046225
 30
0.0
  0
VERTEX
  5
8E0
  8
0
 10
8.279075876261192
 20
14.45773541612795
 30
0.0
  0
VERTEX
  5
8E1
  8
0
 10
8.200267000351488
 20
14.28529058826326
 30
0.0
  0
VERTEX
  5
8E2
  8
0
 10
8.10898294400977
 20
14.11754163559425
 30
0.0
  0
VERTEX
  5
8E3
  8
0
 10
8.005672563666906
 20
13.95582915465735
 30
0.0
  0
VERTEX
  5
8E4
  8
0
 10
7.890973539478517
 20
13.80143019136779
 30
0.0
  0
VERTEX
  5
8E5
  8
0
 10
7.765700025063659
 20
13.65552526028543
 30
0.0
  0
VERTEX
  5
8E6
  8
0
 10
7.630823547581168
 20
13.51916846458894
 30
0.0
  0
VERTEX
  5
8E7
  8
0
 10
7.487448088660014
 20
13.39326229031894
 30
0.0
  0
VERTEX
  5
8E8
  8
0
 10
7.336780674919479
 20
13.27853832857891
 30
0.0
  0
VERTEX
  5
8E9
  8
0
 10
7.180099085065823
 20
13.17554475388354
 30
0.0
  0
VERTEX
  5
8EA
  8
0
 10
7.018718411823865
 20
13.08464090392039
 30
0.0
  0
VERTEX
  5
8EB
  8
0
 10
6.853958194282838
 20
13.00599881939283
 30
0.0
  0
VERTEX
  5
8EC
  8
0
 10
6.687111672624551
 20
12.93961116314625
 30
0.0
  0
VERTEX
  5
8ED
  8
0
 10
6.995643819440764
 20
13.03986262793066
 30
0.0
  0
VERTEX
  5
8EE
  8
0
 10
7.303956245096555
 20
13.15371649326367
 30
0.0
  0
VERTEX
  5
8EF
  8
0
 10
7.611221343713907
 20
13.28139429017759
 30
0.0
  0
VERTEX
  5
8F0
  8
0
 10
7.916575632645181
 20
13.42305438080792
 30
0.0
  0
VERTEX
  5
8F1
  8
0
 10
8.219125374440752
 20
13.57878666725956
 30
0.0
  0
VERTEX
  5
8F2
  8
0
 10
8.517953013991884
 20
13.74860786155581
 30
0.0
  0
VERTEX
  5
8F3
  8
0
 10
8.812124372007453
 20
13.93245745344884
 30
0.0
  0
VERTEX
  5
8F4
  8
0
 10
9.100696511066545
 20
14.1301945069167
 30
0.0
  0
VERTEX
  5
8F5
  8
0
 10
9.382726165981467
 20
14.34159540523821
 30
0.0
  0
VERTEX
  5
8F6
  8
0
 10
9.65727860718578
 20
14.56635264856812
 30
0.0
  0
VERTEX
  5
8F7
  8
0
 10
9.923436785451303
 20
14.80407478713643
 30
0.0
  0
VERTEX
  5
8F8
  8
0
 10
10.18031058953201
 20
15.05428754804234
 30
0.0
  0
VERTEX
  5
8F9
  8
0
 10
10.42704603633025
 20
15.3164361848532
 30
0.0
  0
VERTEX
  5
8FA
  8
0
 10
10.6628342067124
 20
15.58988904784545
 30
0.0
  0
VERTEX
  5
8FB
  8
0
 10
10.88691973976323
 20
15.87394233994093
 30
0.0
  0
VERTEX
  5
8FC
  8
0
 10
11.09860870436887
 20
16.16782599054087
 30
0.0
  0
VERTEX
  5
8FD
  8
0
 10
11.29727567954081
 20
16.47071054795425
 30
0.0
  0
VERTEX
  5
8FE
  8
0
 10
11.48236989348414
 20
16.78171496234996
 30
0.0
  0
VERTEX
  5
8FF
  8
0
 10
11.65342029538964
 20
17.099915106419
 30
0.0
  0
VERTEX
  5
900
  8
0
 10
11.81003946231821
 20
17.42435286131054
 30
0.0
  0
VERTEX
  5
901
  8
0
 10
11.95192627513921
 20
17.7540455817385
 30
0.0
  0
VERTEX
  5
902
  8
0
 10
12.0788673309126
 20
18.08799574696643
 30
0.0
  0
VERTEX
  5
903
  8
0
 10
12.1907370929281
 20
18.42520060384998
 30
0.0
  0
VERTEX
  5
904
  8
0
 10
12.28749681240767
 20
18.76466161408272
 30
0.0
  0
VERTEX
  5
905
  8
0
 10
12.36919228631848
 20
19.10539352976856
 30
0.0
  0
VERTEX
  5
906
  8
0
 10
12.43595054268855
 20
19.44643293866222
 30
0.0
  0
VERTEX
  5
907
  8
0
 10
12.48797556735893
 20
19.78684614189586
 30
0.0
  0
VERTEX
  5
908
  8
0
 10
12.52554320361195
 20
20.12573625160962
 30
0.0
  0
VERTEX
  5
909
  8
0
 10
12.54899536824462
 20
20.46224942242733
 30
0.0
  0
VERTEX
  5
90A
  8
0
 10
12.55873373435449
 20
20.79558015796812
 30
0.0
  0
VERTEX
  5
90B
  8
0
 10
12.55521303258182
 20
21.12497566043876
 30
0.0
  0
VERTEX
  5
90C
  8
0
 10
12.53893411923959
 20
21.44973921681621
 30
0.0
  0
VERTEX
  5
90D
  8
0
 10
12.16814198739697
 20
21.5093417974108
 30
0.0
  0
VERTEX
  5
90E
  8
0
 10
11.79809425998269
 20
21.5812524766595
 30
0.0
  0
VERTEX
  5
90F
  8
0
 10
11.42939587711565
 20
21.66548431225961
 30
0.0
  0
VERTEX
  5
910
  8
0
 10
11.06265524187732
 20
21.76201067002004
 30
0.0
  0
VERTEX
  5
911
  8
0
 10
10.69848098508954
 20
21.87076477808639
 30
0.0
  0
VERTEX
  5
912
  8
0
 10
10.33747867574241
 20
21.99163959961441
 30
0.0
  0
VERTEX
  5
913
  8
0
 10
9.980247513544485
 20
22.1244880307703
 30
0.0
  0
VERTEX
  5
914
  8
0
 10
9.627377040970757
 20
22.26912342612218
 30
0.0
  0
VERTEX
  5
915
  8
0
 10
9.27944391237402
 20
22.42532044855162
 30
0.0
  0
VERTEX
  5
916
  8
0
 10
8.937008757185863
 20
22.59281623587328
 30
0.0
  0
VERTEX
  5
917
  8
0
 10
8.60061317297055
 20
22.77131187152719
 30
0.0
  0
VERTEX
  5
918
  8
0
 10
8.270776882134452
 20
22.96047414211676
 30
0.0
  0
VERTEX
  5
919
  8
0
 10
7.947995083483631
 20
23.15993756032024
 30
0.0
  0
VERTEX
  5
91A
  8
0
 10
7.632736026628317
 20
23.36930662790222
 30
0.0
  0
VERTEX
  5
91B
  8
0
 10
7.325438833539452
 20
23.58815831028304
 30
0.0
  0
VERTEX
  5
91C
  8
0
 10
7.02651158746462
 20
23.8160446914574
 30
0.0
  0
VERTEX
  5
91D
  8
0
 10
7.013144879377212
 20
23.57433213137302
 30
0.0
  0
VERTEX
  5
91E
  8
0
 10
6.984841374782553
 20
23.33061658244872
 30
0.0
  0
VERTEX
  5
91F
  8
0
 10
6.94119481339933
 20
23.08626057655383
 30
0.0
  0
VERTEX
  5
920
  8
0
 10
6.88196242537768
 20
22.84269923275271
 30
0.0
  0
VERTEX
  5
921
  8
0
 10
6.807078780251969
 20
22.60141554439618
 30
0.0
  0
VERTEX
  5
922
  8
0
 10
6.716665123572147
 20
22.36391273220447
 30
0.0
  0
VERTEX
  5
923
  8
0
 10
6.665724608126358
 20
22.24704718022394
 30
0.0
  0
VERTEX
  5
924
  8
0
 10
6.611033519265381
 20
22.13168464765691
 30
0.0
  0
VERTEX
  5
925
  8
0
 10
6.552660436880554
 20
22.01800541265313
 30
0.0
  0
VERTEX
  5
926
  8
0
 10
6.490685365288262
 20
21.90618538476582
 30
0.0
  0
VERTEX
  5
927
  8
0
 10
6.425199372855495
 20
21.79639520100896
 30
0.0
  0
VERTEX
  5
928
  8
0
 10
6.356304146876251
 20
21.68879935904796
 30
0.0
  0
VERTEX
  5
929
  8
0
 10
6.284111468255507
 20
21.58355539675391
 30
0.0
  0
VERTEX
  5
92A
  8
0
 10
6.208742611686021
 20
21.48081312669835
 30
0.0
  0
VERTEX
  5
92B
  8
0
 10
6.049004866485012
 20
21.28339013987906
 30
0.0
  0
VERTEX
  5
92C
  8
0
 10
5.878224177491043
 20
21.09754947073794
 30
0.0
  0
VERTEX
  5
92D
  8
0
 10
5.697637480980165
 20
20.9241493017347
 30
0.0
  0
VERTEX
  5
92E
  8
0
 10
5.508557758814125
 20
20.76387569507328
 30
0.0
  0
VERTEX
  5
92F
  8
0
 10
5.312345495219951
 20
20.61723684607767
 30
0.0
  0
VERTEX
  5
930
  8
0
 10
5.110380406131956
 20
20.48456272179925
 30
0.0
  0
VERTEX
  5
931
  8
0
 10
4.900829415432036
 20
20.36429443966054
 30
0.0
  0
VERTEX
  5
932
  8
0
 10
4.681475307989041
 20
20.25550133088159
 30
0.0
  0
VERTEX
  5
933
  8
0
 10
4.453237284686473
 20
20.15926648024687
 30
0.0
  0
VERTEX
  5
934
  8
0
 10
4.217184244256522
 20
20.0765749365654
 30
0.0
  0
VERTEX
  5
935
  8
0
 10
3.974521637185345
 20
20.00828861684896
 30
0.0
  0
VERTEX
  5
936
  8
0
 10
3.726573409186924
 20
19.95512340994366
 30
0.0
  0
VERTEX
  5
937
  8
0
 10
3.601057861173847
 20
19.93439010467665
 30
0.0
  0
VERTEX
  5
938
  8
0
 10
3.474759486935687
 20
19.91762958882787
 30
0.0
  0
VERTEX
  5
939
  8
0
 10
3.347866466507726
 20
19.9048822592184
 30
0.0
  0
VERTEX
  5
93A
  8
0
 10
3.220569539916323
 20
19.8961765254434
 30
0.0
  0
VERTEX
  5
93B
  8
0
 10
3.093061054635169
 20
19.89152862119976
 30
0.0
  0
VERTEX
  5
93C
  8
0
 10
2.965533998006074
 20
19.89094250710907
 30
0.0
  0
VERTEX
  5
93D
  8
0
 10
2.838181024827536
 20
19.89440986622515
 30
0.0
  0
VERTEX
  5
93E
  8
0
 10
2.711193490382492
 20
19.90191019210999
 30
0.0
  0
VERTEX
  5
93F
  8
0
 10
2.459067978417277
 20
19.92886793482849
 30
0.0
  0
VERTEX
  5
940
  8
0
 10
2.210626872236204
 20
19.97141688433566
 30
0.0
  0
VERTEX
  5
941
  8
0
 10
1.967261346089276
 20
20.0289834436185
 30
0.0
  0
VERTEX
  5
942
  8
0
 10
1.730259909898952
 20
20.10083639714539
 30
0.0
  0
VERTEX
  5
943
  8
0
 10
1.500788070195561
 20
20.18610779502923
 30
0.0
  0
VERTEX
  5
944
  8
0
 10
1.279872646007609
 20
20.28381653793889
 30
0.0
  0
VERTEX
  5
945
  8
0
 10
1.428760563294357
 20
20.63272202479051
 30
0.0
  0
VERTEX
  5
946
  8
0
 10
1.497333881954907
 20
20.80907953792039
 30
0.0
  0
VERTEX
  5
947
  8
0
 10
1.55886243263429
 20
20.98772277469714
 30
0.0
  0
VERTEX
  5
948
  8
0
 10
1.613187578925481
 20
21.17572413693816
 30
0.0
  0
VERTEX
  5
949
  8
0
 10
1.658052220563945
 20
21.36651626332109
 30
0.0
  0
VERTEX
  5
94A
  8
0
 10
1.69406927031186
 20
21.55962152810526
 30
0.0
  0
VERTEX
  5
94B
  8
0
 10
1.721851640931404
 20
21.75456230555
 30
0.0
  0
VERTEX
  5
94C
  8
0
 10
1.742012245184758
 20
21.95086096991464
 30
0.0
  0
VERTEX
  5
94D
  8
0
 10
1.755163995834098
 20
22.14803989545851
 30
0.0
  0
VERTEX
  5
94E
  8
0
 10
1.761919805641602
 20
22.34562145644095
 30
0.0
  0
VERTEX
  5
94F
  8
0
 10
1.762892587369449
 20
22.54312802712127
 30
0.0
  0
VERTEX
  5
950
  8
0
 10
1.751926517113858
 20
22.89365990657395
 30
0.0
  0
VERTEX
  5
951
  8
0
 10
1.726278618566482
 20
23.24255060345342
 30
0.0
  0
VERTEX
  5
952
  8
0
 10
1.687664672340861
 20
23.58991161983428
 30
0.0
  0
VERTEX
  5
953
  8
0
 10
1.637800459050532
 20
23.93585445779115
 30
0.0
  0
VERTEX
  5
954
  8
0
 10
1.578401759309031
 20
24.28049061939859
 30
0.0
  0
VERTEX
  5
955
  8
0
 10
1.511184353729896
 20
24.62393160673121
 30
0.0
  0
VERTEX
  5
956
  8
0
 10
1.437864022926662
 20
24.9662889218636
 30
0.0
  0
VERTEX
  5
957
  8
0
 10
1.360156547512872
 20
25.30767406687035
 30
0.0
  0
VERTEX
  5
958
  8
0
 10
1.209912740351039
 20
25.93337657908987
 30
0.0
  0
VERTEX
  5
959
  8
0
 10
1.051760958026388
 20
26.55653127619379
 30
0.0
  0
VERTEX
  5
95A
  8
0
 10
0.8868309112763157
 20
27.17750213177011
 30
0.0
  0
VERTEX
  5
95B
  8
0
 10
0.7162523108382179
 20
27.79665311940682
 30
0.0
  0
VERTEX
  5
95C
  8
0
 10
0.3626682918475278
 20
29.03095138521331
 30
0.0
  0
VERTEX
  5
95D
  8
0
 10
-0.0000000000091278
 20
30.26233786231715
 30
0.0
  0
VERTEX
  5
95E
  8
0
 10
-0.3626682918657838
 20
29.03095138521331
 30
0.0
  0
VERTEX
  5
95F
  8
0
 10
-0.716252310856473
 20
27.79665311940682
 30
0.0
  0
VERTEX
  5
960
  8
0
 10
-0.8868309112945713
 20
27.17750213177011
 30
0.0
  0
VERTEX
  5
961
  8
0
 10
-1.051760958044643
 20
26.55653127619379
 30
0.0
  0
VERTEX
  5
962
  8
0
 10
-1.209912740369294
 20
25.93337657908987
 30
0.0
  0
VERTEX
  5
963
  8
0
 10
-1.360156547531126
 20
25.30767406687035
 30
0.0
  0
VERTEX
  5
964
  8
0
 10
-1.437864022944918
 20
24.9662889218636
 30
0.0
  0
VERTEX
  5
965
  8
0
 10
-1.51118435374815
 20
24.62393160673121
 30
0.0
  0
VERTEX
  5
966
  8
0
 10
-1.578401759327286
 20
24.28049061939859
 30
0.0
  0
VERTEX
  5
967
  8
0
 10
-1.637800459068787
 20
23.93585445779115
 30
0.0
  0
VERTEX
  5
968
  8
0
 10
-1.687664672359117
 20
23.58991161983428
 30
0.0
  0
VERTEX
  5
969
  8
0
 10
-1.726278618584738
 20
23.24255060345342
 30
0.0
  0
VERTEX
  5
96A
  8
0
 10
-1.751926517132113
 20
22.89365990657395
 30
0.0
  0
VERTEX
  5
96B
  8
0
 10
-1.762892587387704
 20
22.54312802712127
 30
0.0
  0
VERTEX
  5
96C
  8
0
 10
-1.761919805659858
 20
22.34562145644095
 30
0.0
  0
VERTEX
  5
96D
  8
0
 10
-1.755163995852354
 20
22.14803989545851
 30
0.0
  0
VERTEX
  5
96E
  8
0
 10
-1.742012245203014
 20
21.95086096991464
 30
0.0
  0
VERTEX
  5
96F
  8
0
 10
-1.721851640949661
 20
21.75456230555
 30
0.0
  0
VERTEX
  5
970
  8
0
 10
-1.694069270330116
 20
21.55962152810526
 30
0.0
  0
VERTEX
  5
971
  8
0
 10
-1.6580522205822
 20
21.36651626332109
 30
0.0
  0
VERTEX
  5
972
  8
0
 10
-1.613187578943736
 20
21.17572413693816
 30
0.0
  0
VERTEX
  5
973
  8
0
 10
-1.558862432652544
 20
20.98772277469714
 30
0.0
  0
VERTEX
  5
974
  8
0
 10
-1.497333881973161
 20
20.80907953792039
 30
0.0
  0
VERTEX
  5
975
  8
0
 10
-1.428760563312612
 20
20.63272202479051
 30
0.0
  0
VERTEX
  5
976
  8
0
 10
-1.279872646025864
 20
20.28381653793889
 30
0.0
  0
VERTEX
  5
977
  8
0
 10
-1.500788070213816
 20
20.18610779502923
 30
0.0
  0
VERTEX
  5
978
  8
0
 10
-1.730259909917207
 20
20.10083639714539
 30
0.0
  0
VERTEX
  5
979
  8
0
 10
-1.967261346107531
 20
20.0289834436185
 30
0.0
  0
VERTEX
  5
97A
  8
0
 10
-2.210626872254458
 20
19.97141688433566
 30
0.0
  0
VERTEX
  5
97B
  8
0
 10
-2.459067978435531
 20
19.92886793482849
 30
0.0
  0
VERTEX
  5
97C
  8
0
 10
-2.711193490400748
 20
19.90191019210999
 30
0.0
  0
VERTEX
  5
97D
  8
0
 10
-2.838181024845791
 20
19.89440986622515
 30
0.0
  0
VERTEX
  5
97E
  8
0
 10
-2.965533998024327
 20
19.89094250710907
 30
0.0
  0
VERTEX
  5
97F
  8
0
 10
-3.093061054653425
 20
19.89152862119976
 30
0.0
  0
VERTEX
  5
980
  8
0
 10
-3.220569539934578
 20
19.8961765254434
 30
0.0
  0
VERTEX
  5
981
  8
0
 10
-3.347866466525981
 20
19.9048822592184
 30
0.0
  0
VERTEX
  5
982
  8
0
 10
-3.474759486953942
 20
19.91762958882787
 30
0.0
  0
VERTEX
  5
983
  8
0
 10
-3.601057861192103
 20
19.93439010467665
 30
0.0
  0
VERTEX
  5
984
  8
0
 10
-3.726573409205181
 20
19.95512340994366
 30
0.0
  0
VERTEX
  5
985
  8
0
 10
-3.974521637203601
 20
20.00828861684896
 30
0.0
  0
VERTEX
  5
986
  8
0
 10
-4.217184244274779
 20
20.0765749365654
 30
0.0
  0
VERTEX
  5
987
  8
0
 10
-4.453237284704729
 20
20.15926648024687
 30
0.0
  0
VERTEX
  5
988
  8
0
 10
-4.681475308007297
 20
20.25550133088159
 30
0.0
  0
VERTEX
  5
989
  8
0
 10
-4.900829415450292
 20
20.36429443966054
 30
0.0
  0
VERTEX
  5
98A
  8
0
 10
-5.110380406150212
 20
20.48456272179925
 30
0.0
  0
VERTEX
  5
98B
  8
0
 10
-5.312345495238205
 20
20.61723684607767
 30
0.0
  0
VERTEX
  5
98C
  8
0
 10
-5.508557758832382
 20
20.76387569507328
 30
0.0
  0
VERTEX
  5
98D
  8
0
 10
-5.697637480998419
 20
20.9241493017347
 30
0.0
  0
VERTEX
  5
98E
  8
0
 10
-5.878224177509298
 20
21.09754947073794
 30
0.0
  0
VERTEX
  5
98F
  8
0
 10
-6.049004866503264
 20
21.28339013987906
 30
0.0
  0
VERTEX
  5
990
  8
0
 10
-6.208742611704272
 20
21.48081312669835
 30
0.0
  0
VERTEX
  5
991
  8
0
 10
-6.28411146827376
 20
21.58355539675391
 30
0.0
  0
VERTEX
  5
992
  8
0
 10
-6.356304146894505
 20
21.68879935904796
 30
0.0
  0
VERTEX
  5
993
  8
0
 10
-6.425199372873749
 20
21.79639520100896
 30
0.0
  0
VERTEX
  5
994
  8
0
 10
-6.490685365306517
 20
21.90618538476582
 30
0.0
  0
VERTEX
  5
995
  8
0
 10
-6.552660436898811
 20
22.01800541265313
 30
0.0
  0
VERTEX
  5
996
  8
0
 10
-6.611033519283636
 20
22.13168464765691
 30
0.0
  0
VERTEX
  5
997
  8
0
 10
-6.665724608144613
 20
22.24704718022394
 30
0.0
  0
VERTEX
  5
998
  8
0
 10
-6.7166651235904
 20
22.36391273220447
 30
0.0
  0
VERTEX
  5
999
  8
0
 10
-6.807078780270222
 20
22.60141554439618
 30
0.0
  0
VERTEX
  5
99A
  8
0
 10
-6.881962425395934
 20
22.84269923275271
 30
0.0
  0
VERTEX
  5
99B
  8
0
 10
-6.941194813417586
 20
23.08626057655383
 30
0.0
  0
VERTEX
  5
99C
  8
0
 10
-6.984841374800808
 20
23.33061658244872
 30
0.0
  0
VERTEX
  5
99D
  8
0
 10
-7.013144879395464
 20
23.57433213137302
 30
0.0
  0
VERTEX
  5
99E
  8
0
 10
-7.026511587482874
 20
23.8160446914574
 30
0.0
  0
VERTEX
  5
99F
  8
0
 10
-7.325438833557337
 20
23.58815831028304
 30
0.0
  0
VERTEX
  5
9A0
  8
0
 10
-7.632736026645927
 20
23.36930662790222
 30
0.0
  0
VERTEX
  5
9A1
  8
0
 10
-7.947995083501052
 20
23.15993756032024
 30
0.0
  0
VERTEX
  5
9A2
  8
0
 10
-8.270776882151756
 20
22.96047414211676
 30
0.0
  0
VERTEX
  5
9A3
  8
0
 10
-8.600613172987801
 20
22.77131187152719
 30
0.0
  0
VERTEX
  5
9A4
  8
0
 10
-8.937008757203124
 20
22.59281623587328
 30
0.0
  0
VERTEX
  5
9A5
  8
0
 10
-9.279443912391331
 20
22.42532044855162
 30
0.0
  0
VERTEX
  5
9A6
  8
0
 10
-9.62737704098816
 20
22.26912342612218
 30
0.0
  0
VERTEX
  5
9A7
  8
0
 10
-9.980247513562004
 20
22.1244880307703
 30
0.0
  0
VERTEX
  5
9A8
  8
0
 10
-10.33747867576006
 20
21.99163959961441
 30
0.0
  0
VERTEX
  5
9A9
  8
0
 10
-10.69848098510734
 20
21.87076477808639
 30
0.0
  0
VERTEX
  5
9AA
  8
0
 10
-11.06265524189526
 20
21.76201067002004
 30
0.0
  0
VERTEX
  5
9AB
  8
0
 10
-11.42939587713371
 20
21.66548431225961
 30
0.0
  0
VERTEX
  5
9AC
  8
0
 10
-11.79809426000085
 20
21.5812524766595
 30
0.0
  0
VERTEX
  5
9AD
  8
0
 10
-12.16814198741521
 20
21.5093417974108
 30
0.0
  0
VERTEX
  5
9AE
  8
0
 10
-12.53893411925785
 20
21.44973921681621
 30
0.0
  0
VERTEX
  5
9AF
  8
0
 10
-12.55521303260007
 20
21.12497566043876
 30
0.0
  0
VERTEX
  5
9B0
  8
0
 10
-12.55873373437275
 20
20.79558015796812
 30
0.0
  0
VERTEX
  5
9B1
  8
0
 10
-12.54899536826287
 20
20.46224942242733
 30
0.0
  0
VERTEX
  5
9B2
  8
0
 10
-12.5255432036302
 20
20.12573625160962
 30
0.0
  0
VERTEX
  5
9B3
  8
0
 10
-12.48797556737718
 20
19.78684614189586
 30
0.0
  0
VERTEX
  5
9B4
  8
0
 10
-12.43595054270681
 20
19.44643293866222
 30
0.0
  0
VERTEX
  5
9B5
  8
0
 10
-12.36919228633673
 20
19.10539352976856
 30
0.0
  0
VERTEX
  5
9B6
  8
0
 10
-12.28749681242592
 20
18.76466161408272
 30
0.0
  0
VERTEX
  5
9B7
  8
0
 10
-12.19073709294634
 20
18.42520060384998
 30
0.0
  0
VERTEX
  5
9B8
  8
0
 10
-12.07886733093084
 20
18.08799574696643
 30
0.0
  0
VERTEX
  5
9B9
  8
0
 10
-11.95192627515746
 20
17.7540455817385
 30
0.0
  0
VERTEX
  5
9BA
  8
0
 10
-11.81003946233645
 20
17.42435286131054
 30
0.0
  0
VERTEX
  5
9BB
  8
0
 10
-11.65342029540788
 20
17.099915106419
 30
0.0
  0
VERTEX
  5
9BC
  8
0
 10
-11.48236989350238
 20
16.78171496234996
 30
0.0
  0
VERTEX
  5
9BD
  8
0
 10
-11.29727567955904
 20
16.47071054795425
 30
0.0
  0
VERTEX
  5
9BE
  8
0
 10
-11.0986087043871
 20
16.16782599054087
 30
0.0
  0
VERTEX
  5
9BF
  8
0
 10
-10.88691973978147
 20
15.87394233994093
 30
0.0
  0
VERTEX
  5
9C0
  8
0
 10
-10.66283420673063
 20
15.58988904784545
 30
0.0
  0
VERTEX
  5
9C1
  8
0
 10
-10.42704603634848
 20
15.3164361848532
 30
0.0
  0
VERTEX
  5
9C2
  8
0
 10
-10.18031058955024
 20
15.05428754804234
 30
0.0
  0
VERTEX
  5
9C3
  8
0
 10
-9.923436785469532
 20
14.80407478713643
 30
0.0
  0
VERTEX
  5
9C4
  8
0
 10
-9.657278607204011
 20
14.56635264856812
 30
0.0
  0
VERTEX
  5
9C5
  8
0
 10
-9.382726165999697
 20
14.34159540523821
 30
0.0
  0
VERTEX
  5
9C6
  8
0
 10
-9.100696511084774
 20
14.1301945069167
 30
0.0
  0
VERTEX
  5
9C7
  8
0
 10
-8.812124372025684
 20
13.93245745344884
 30
0.0
  0
VERTEX
  5
9C8
  8
0
 10
-8.51795301401012
 20
13.74860786155581
 30
0.0
  0
VERTEX
  5
9C9
  8
0
 10
-8.219125374458985
 20
13.57878666725956
 30
0.0
  0
VERTEX
  5
9CA
  8
0
 10
-7.91657563266342
 20
13.42305438080792
 30
0.0
  0
VERTEX
  5
9CB
  8
0
 10
-7.611221343732149
 20
13.28139429017759
 30
0.0
  0
VERTEX
  5
9CC
  8
0
 10
-7.3039562451148
 20
13.15371649326367
 30
0.0
  0
VERTEX
  5
9CD
  8
0
 10
-6.995643819459014
 20
13.03986262793066
 30
0.0
  0
VERTEX
  5
9CE
  8
0
 10
-6.687111672642805
 20
12.93961116314625
 30
0.0
  0
VERTEX
  5
9CF
  8
0
 10
-6.853958194301437
 20
13.00599881939283
 30
0.0
  0
VERTEX
  5
9D0
  8
0
 10
-7.018718411842729
 20
13.08464090392039
 30
0.0
  0
VERTEX
  5
9D1
  8
0
 10
-7.180099085084873
 20
13.17554475388354
 30
0.0
  0
VERTEX
  5
9D2
  8
0
 10
-7.336780674938643
 20
13.27853832857891
 30
0.0
  0
VERTEX
  5
9D3
  8
0
 10
-7.487448088679232
 20
13.39326229031894
 30
0.0
  0
VERTEX
  5
9D4
  8
0
 10
-7.630823547600379
 20
13.51916846458894
 30
0.0
  0
VERTEX
  5
9D5
  8
0
 10
-7.765700025082816
 20
13.65552526028543
 30
0.0
  0
VERTEX
  5
9D6
  8
0
 10
-7.890973539497584
 20
13.80143019136779
 30
0.0
  0
VERTEX
  5
9D7
  8
0
 10
-8.005672563685854
 20
13.95582915465735
 30
0.0
  0
VERTEX
  5
9D8
  8
0
 10
-8.108982944028583
 20
14.11754163559425
 30
0.0
  0
VERTEX
  5
9D9
  8
0
 10
-8.200267000370161
 20
14.28529058826326
 30
0.0
  0
VERTEX
  5
9DA
  8
0
 10
-8.279075876279729
 20
14.45773541612795
 30
0.0
  0
VERTEX
  5
9DB
  8
0
 10
-8.345154684002079
 20
14.63350630046225
 30
0.0
  0
VERTEX
  5
9DC
  8
0
 10
-8.39844048715785
 20
14.81123810035795
 30
0.0
  0
VERTEX
  5
9DD
  8
0
 10
-8.43905363295758
 20
14.98960217651041
 30
0.0
  0
VERTEX
  5
9DE
  8
0
 10
-8.467283337781595
 20
15.16733474692643
 30
0.0
  0
VERTEX
  5
9DF
  8
0
 10
-8.483764131913889
 20
15.34654663132
 30
0.0
  0
VERTEX
  5
9E0
  8
0
 10
-8.488401777063952
 20
15.52944040919348
 30
0.0
  0
VERTEX
  5
9E1
  8
0
 10
-8.480604353553515
 20
15.71486324304248
 30
0.0
  0
VERTEX
  5
9E2
  8
0
 10
-8.459927571307787
 20
15.90155758745808
 30
0.0
  0
VERTEX
  5
9E3
  8
0
 10
-8.426095729981853
 20
16.0881850907995
 30
0.0
  0
VERTEX
  5
9E4
  8
0
 10
-8.379017966230068
 20
16.27335528190698
 30
0.0
  0
VERTEX
  5
9E5
  8
0
 10
-8.318798569062828
 20
16.45565791729531
 30
0.0
  0
VERTEX
  5
9E6
  8
0
 10
-8.24574046102455
 20
16.63369751907236
 30
0.0
  0
VERTEX
  5
9E7
  8
0
 10
-8.160341365428527
 20
16.80612839328988
 30
0.0
  0
VERTEX
  5
9E8
  8
0
 10
-8.063282668805364
 20
16.9716883171922
 30
0.0
  0
VERTEX
  5
9E9
  8
0
 10
-7.955411492101243
 20
17.12922913997986
 30
0.0
  0
VERTEX
  5
9EA
  8
0
 10
-7.837716948905466
 20
17.27774275292213
 30
0.0
  0
VERTEX
  5
9EB
  8
0
 10
-7.711301943536789
 20
17.41638122795537
 30
0.0
  0
VERTEX
  5
9EC
  8
0
 10
-7.577352108116304
 20
17.54447035928913
 30
0.0
  0
VERTEX
  5
9ED
  8
0
 10
-7.437103575788625
 20
17.66151631965119
 30
0.0
  0
VERTEX
  5
9EE
  8
0
 10
-7.291811237107053
 20
17.76720560918292
 30
0.0
  0
VERTEX
  5
9EF
  8
0
 10
-7.139885008659647
 20
17.86306097622257
 30
0.0
  0
VERTEX
  5
9F0
  8
0
 10
-6.979323316060269
 20
17.94999518460429
 30
0.0
  0
VERTEX
  5
9F1
  8
0
 10
-6.810883526334156
 20
18.02695721727086
 30
0.0
  0
VERTEX
  5
9F2
  8
0
 10
-6.635482956556927
 20
18.09298064149382
 30
0.0
  0
VERTEX
  5
9F3
  8
0
 10
-6.454187104078075
 20
18.1472131665179
 30
0.0
  0
VERTEX
  5
9F4
  8
0
 10
-6.268191487746882
 20
18.18894415388597
 30
0.0
  0
VERTEX
  5
9F5
  8
0
 10
-6.078797548480602
 20
18.2176284815671
 30
0.0
  0
VERTEX
  5
9F6
  8
0
 10
-5.887383507920251
 20
18.23290528996513
 30
0.0
  0
VERTEX
  5
9F7
  8
0
 10
-5.695371489094953
 20
18.23461040672192
 30
0.0
  0
VERTEX
  5
9F8
  8
0
 10
-5.50419251437123
 20
18.22278163849757
 30
0.0
  0
VERTEX
  5
9F9
  8
0
 10
-5.315251174334632
 20
18.19765659424347
 30
0.0
  0
VERTEX
  5
9FA
  8
0
 10
-5.129891783770042
 20
18.15966321557396
 30
0.0
  0
VERTEX
  5
9FB
  8
0
 10
-4.949367705124266
 20
18.10940368008931
 30
0.0
  0
VERTEX
  5
9FC
  8
0
 10
-4.774815244103847
 20
18.04763276077352
 30
0.0
  0
VERTEX
  5
9FD
  8
0
 10
-4.607233142107794
 20
17.97523202820014
 30
0.0
  0
VERTEX
  5
9FE
  8
0
 10
-4.545463290753258
 20
17.94260269929154
 30
0.0
  0
VERTEX
  5
9FF
  8
0
 10
-4.276835199251925
 20
17.79989046602396
 30
0.0
  0
VERTEX
  5
A00
  8
0
 10
-4.024249003208149
 20
17.64233825107037
 30
0.0
  0
VERTEX
  5
A01
  8
0
 10
-3.787754499164552
 20
17.47087508141161
 30
0.0
  0
VERTEX
  5
A02
  8
0
 10
-3.567401483663759
 20
17.28642998402847
 30
0.0
  0
VERTEX
  5
A03
  8
0
 10
-3.363239753248394
 20
17.08993198590178
 30
0.0
  0
VERTEX
  5
A04
  8
0
 10
-3.17531910446108
 20
16.88231011401236
 30
0.0
  0
VERTEX
  5
A05
  8
0
 10
-3.003689333844441
 20
16.66449339534102
 30
0.0
  0
VERTEX
  5
A06
  8
0
 10
-2.848400237941103
 20
16.43741085686858
 30
0.0
  0
VERTEX
  5
A07
  8
0
 10
-2.709501613293688
 20
16.20199152557587
 30
0.0
  0
VERTEX
  5
A08
  8
0
 10
-2.587043256444821
 20
15.9591644284437
 30
0.0
  0
VERTEX
  5
A09
  8
0
 10
-2.481074963937126
 20
15.70985859245289
 30
0.0
  0
VERTEX
  5
A0A
  8
0
 10
-2.391646532313226
 20
15.45500304458425
 30
0.0
  0
VERTEX
  5
A0B
  8
0
 10
-2.318807758115746
 20
15.19552681181861
 30
0.0
  0
VERTEX
  5
A0C
  8
0
 10
-2.26260843788731
 20
14.93235892113677
 30
0.0
  0
VERTEX
  5
A0D
  8
0
 10
-2.223098368170541
 20
14.66642839951957
 30
0.0
  0
VERTEX
  5
A0E
  8
0
 10
-2.200327345508065
 20
14.39866427394782
 30
0.0
  0
VERTEX
  5
A0F
  8
0
 10
-2.194345166442504
 20
14.12999557140233
 30
0.0
  0
VERTEX
  5
A10
  8
0
 10
-2.205201627516482
 20
13.86135131886393
 30
0.0
  0
VERTEX
  5
A11
  8
0
 10
-2.232946525272624
 20
13.59366054331343
 30
0.0
  0
VERTEX
  5
A12
  8
0
 10
-2.277629656253554
 20
13.32785227173165
 30
0.0
  0
VERTEX
  5
A13
  8
0
 10
-2.339300817001895
 20
13.06485553109941
 30
0.0
  0
VERTEX
  5
A14
  8
0
 10
-2.418009804060273
 20
12.80559934839753
 30
0.0
  0
VERTEX
  5
A15
  8
0
 10
-2.513806413971309
 20
12.55101275060682
 30
0.0
  0
VERTEX
  5
A16
  8
0
 10
-2.62674044327763
 20
12.30202476470811
 30
0.0
  0
VERTEX
  5
A17
  8
0
 10
-2.756861688521858
 20
12.05956441768221
 30
0.0
  0
VERTEX
  5
A18
  8
0
 10
-2.904219946246617
 20
11.82456073650993
 30
0.0
  0
VERTEX
  5
A19
  8
0
 10
-3.068865012994533
 20
11.59794274817211
 30
0.0
  0
VERTEX
  5
A1A
  8
0
 10
-3.250846685308228
 20
11.38063947964955
 30
0.0
  0
VERTEX
  5
A1B
  8
0
 10
-3.450214759730327
 20
11.17357995792307
 30
0.0
  0
VERTEX
  5
A1C
  8
0
 10
-3.667019032803454
 20
10.97769320997349
 30
0.0
  0
VERTEX
  5
A1D
  8
0
 10
-3.901309301070232
 20
10.79390826278164
 30
0.0
  0
VERTEX
  5
A1E
  8
0
 10
-4.153135361073286
 20
10.62315414332832
 30
0.0
  0
VERTEX
  5
A1F
  8
0
 10
-3.727397540138097
 20
10.18034006590436
 30
0.0
  0
VERTEX
  5
A20
  8
0
 10
-3.321041063903403
 20
9.720662621800862
 30
0.0
  0
VERTEX
  5
A21
  8
0
 10
-2.934532950474364
 20
9.244776643075241
 30
0.0
  0
VERTEX
  5
A22
  8
0
 10
-2.568340217956141
 20
8.753336961784912
 30
0.0
  0
VERTEX
  5
A23
  8
0
 10
-2.222929884453896
 20
8.2469984099873
 30
0.0
  0
VERTEX
  5
A24
  8
0
 10
-1.898768968072791
 20
7.726415819739824
 30
0.0
  0
VERTEX
  5
A25
  8
0
 10
-1.596324486917986
 20
7.192244023099901
 30
0.0
  0
VERTEX
  5
A26
  8
0
 10
-1.316063459094643
 20
6.64513785212495
 30
0.0
  0
VERTEX
  5
A27
  8
0
 10
-0.9897241149562961
 20
6.701808834077614
 30
0.0
  0
VERTEX
  5
A28
  8
0
 10
-0.6612047501391761
 20
6.742360543870388
 30
0.0
  0
VERTEX
  5
A29
  8
0
 10
-0.3310988750466794
 20
6.766734474721517
 30
0.0
  0
SEQEND
  5
A2A
  8
0
  0
POLYLINE
  5
50
  8
0
 66
     1
 10
0.0
 20
0.0
 30
0.0
 70
     1
  0
VERTEX
  5
A2B
  8
0
 10
44.02430584524477
 20
-42.21576383296158
 30
0.0
  0
VERTEX
  5
A2C
  8
0
 10
44.02430584476289
 20
-12.47692839963524
 30
0.0
  0
VERTEX
  5
A2D
  8
0
 10
43.8453425991356
 20
-12.08766396129307
 30
0.0
  0
VERTEX
  5
A2E
  8
0
 10
43.67976726784218
 20
-11.75514047057277
 30
0.0
  0
VERTEX
  5
A2F
  8
0
 10
43.5056168751135
 20
-11.42699710432993
 30
0.0
  0
VERTEX
  5
A30
  8
0
 10
43.32411631385246
 20
-11.10260818968453
 30
0.0
  0
VERTEX
  5
A31
  8
0
 10
43.13649047696194
 20
-10.78134805375653
 30
0.0
  0
VERTEX
  5
A32
  8
0
 10
42.94396425734485
 20
-10.46259102366592
 30
0.0
  0
VERTEX
  5
A33
  8
0
 10
42.74776254790409
 20
-10.14571142653265
 30
0.0
  0
VERTEX
  5
A34
  8
0
 10
42.34923223025751
 20
-9.515081840399716
 30
0.0
  0
VERTEX
  5
A35
  8
0
 10
41.55561154037956
 20
-10.20475127691763
 30
0.0
  0
VERTEX
  5
A36
  8
0
 10
41.16301541193134
 20
-10.55454212410849
 30
0.0
  0
VERTEX
  5
A37
  8
0
 10
40.77543714602426
 20
-10.91023422808685
 30
0.0
  0
VERTEX
  5
A38
  8
0
 10
40.43465285904587
 20
-11.23442627012603
 30
0.0
  0
VERTEX
  5
A39
  8
0
 10
40.09985948111161
 20
-11.56511528995653
 30
0.0
  0
VERTEX
  5
A3A
  8
0
 10
39.77171989301395
 20
-11.90253223823006
 30
0.0
  0
VERTEX
  5
A3B
  8
0
 10
39.45089697554532
 20
-12.24690806559827
 30
0.0
  0
VERTEX
  5
A3C
  8
0
 10
39.13805360949817
 20
-12.59847372271286
 30
0.0
  0
VERTEX
  5
A3D
  8
0
 10
38.83385267566491
 20
-12.9574601602255
 30
0.0
  0
VERTEX
  5
A3E
  8
0
 10
38.53895705483799
 20
-13.32409832878787
 30
0.0
  0
VERTEX
  5
A3F
  8
0
 10
38.25402962780986
 20
-13.69861917905166
 30
0.0
  0
VERTEX
  5
A40
  8
0
 10
38.1039533912097
 20
-13.90510456096868
 30
0.0
  0
VERTEX
  5
A41
  8
0
 10
37.95731300643746
 20
-14.1140591220557
 30
0.0
  0
VERTEX
  5
A42
  8
0
 10
37.81441794048744
 20
-14.32556598568788
 30
0.0
  0
VERTEX
  5
A43
  8
0
 10
37.67557766035395
 20
-14.53970827524036
 30
0.0
  0
VERTEX
  5
A44
  8
0
 10
37.54110163303133
 20
-14.75656911408828
 30
0.0
  0
VERTEX
  5
A45
  8
0
 10
37.41129932551388
 20
-14.97623162560678
 30
0.0
  0
VERTEX
  5
A46
  8
0
 10
37.28648020479592
 20
-15.19877893317102
 30
0.0
  0
VERTEX
  5
A47
  8
0
 10
37.16695373787179
 20
-15.42429416015613
 30
0.0
  0
VERTEX
  5
A48
  8
0
 10
37.07593571692868
 20
-15.60571799669941
 30
0.0
  0
VERTEX
  5
A49
  8
0
 10
36.98868935824542
 20
-15.78904061617058
 30
0.0
  0
VERTEX
  5
A4A
  8
0
 10
36.90544649239857
 20
-15.97423292839997
 30
0.0
  0
VERTEX
  5
A4B
  8
0
 10
36.82643894996472
 20
-16.16126584321794
 30
0.0
  0
VERTEX
  5
A4C
  8
0
 10
36.75189856152042
 20
-16.35011027045488
 30
0.0
  0
VERTEX
  5
A4D
  8
0
 10
36.68205715764224
 20
-16.54073711994115
 30
0.0
  0
VERTEX
  5
A4E
  8
0
 10
36.61714656890675
 20
-16.7331173015071
 30
0.0
  0
VERTEX
  5
A4F
  8
0
 10
36.55739862589054
 20
-16.9272217249831
 30
0.0
  0
VERTEX
  5
A50
  8
0
 10
36.47057978914546
 20
-17.25175757233785
 30
0.0
  0
VERTEX
  5
A51
  8
0
 10
36.43307645726174
 20
-17.41552335651174
 30
0.0
  0
VERTEX
  5
A52
  8
0
 10
36.3997109264406
 20
-17.58015972618794
 30
0.0
  0
VERTEX
  5
A53
  8
0
 10
36.3706335042346
 20
-17.74557069024487
 30
0.0
  0
VERTEX
  5
A54
  8
0
 10
36.34599449819632
 20
-17.91166025756102
 30
0.0
  0
VERTEX
  5
A55
  8
0
 10
36.32594421587825
 20
-18.07833243701485
 30
0.0
  0
VERTEX
  5
A56
  8
0
 10
36.31063296483297
 20
-18.24549123748481
 30
0.0
  0
VERTEX
  5
A57
  8
0
 10
36.29554716307598
 20
-18.5400053902187
 30
0.0
  0
VERTEX
  5
A58
  8
0
 10
36.29565450388566
 20
-18.83497330877179
 30
0.0
  0
VERTEX
  5
A59
  8
0
 10
36.3110578517648
 20
-19.1296431330208
 30
0.0
  0
VERTEX
  5
A5A
  8
0
 10
36.34186007121623
 20
-19.42326300284239
 30
0.0
  0
VERTEX
  5
A5B
  8
0
 10
36.36337100260764
 20
-19.5713211801445
 30
0.0
  0
VERTEX
  5
A5C
  8
0
 10
36.38889232485737
 20
-19.71876081856697
 30
0.0
  0
VERTEX
  5
A5D
  8
0
 10
36.41845813075507
 20
-19.86542555660717
 30
0.0
  0
VERTEX
  5
A5E
  8
0
 10
36.45210251309045
 20
-20.01115903276248
 30
0.0
  0
VERTEX
  5
A5F
  8
0
 10
36.48985956465318
 20
-20.15580488553024
 30
0.0
  0
VERTEX
  5
A60
  8
0
 10
36.53176337823294
 20
-20.29920675340782
 30
0.0
  0
VERTEX
  5
A61
  8
0
 10
36.5778480466194
 20
-20.44120827489257
 30
0.0
  0
VERTEX
  5
A62
  8
0
 10
36.62814766260226
 20
-20.58165308848188
 30
0.0
  0
VERTEX
  5
A63
  8
0
 10
36.68719753936086
 20
-20.73192603431804
 30
0.0
  0
VERTEX
  5
A64
  8
0
 10
36.74998473117223
 20
-20.8806922211071
 30
0.0
  0
VERTEX
  5
A65
  8
0
 10
36.88178797321772
 20
-21.17571332961199
 30
0.0
  0
VERTEX
  5
A66
  8
0
 10
36.78496580598841
 20
-21.26740536842114
 30
0.0
  0
VERTEX
  5
A67
  8
0
 10
36.68435324261781
 20
-21.35588439166572
 30
0.0
  0
VERTEX
  5
A68
  8
0
 10
36.58010917384158
 20
-21.44092168109118
 30
0.0
  0
VERTEX
  5
A69
  8
0
 10
36.47241039447771
 20
-21.52229912083319
 30
0.0
  0
VERTEX
  5
A6A
  8
0
 10
36.3614507092048
 20
-21.59981093086724
 30
0.0
  0
VERTEX
  5
A6B
  8
0
 10
36.24743984032119
 20
-21.67326530703371
 30
0.0
  0
VERTEX
  5
A6C
  8
0
 10
36.13060214922464
 20
-21.74248594135821
 30
0.0
  0
VERTEX
  5
A6D
  8
0
 10
36.01117518728438
 20
-21.80731339815198
 30
0.0
  0
VERTEX
  5
A6E
  8
0
 10
35.88940809540031
 20
-21.86760632380313
 30
0.0
  0
VERTEX
  5
A6F
  8
0
 10
35.76555987473582
 20
-21.9232424711908
 30
0.0
  0
VERTEX
  5
A70
  8
0
 10
35.63989755376571
 20
-21.97411952318647
 30
0.0
  0
VERTEX
  5
A71
  8
0
 10
35.51269427881104
 20
-22.02015570364064
 30
0.0
  0
VERTEX
  5
A72
  8
0
 10
35.3842273565745
 20
-22.06129016846584
 30
0.0
  0
VERTEX
  5
A73
  8
0
 10
35.25477627780639
 20
-22.09748317378513
 30
0.0
  0
VERTEX
  5
A74
  8
0
 10
35.12462075111355
 20
-22.12871602248084
 30
0.0
  0
VERTEX
  5
A75
  8
0
 10
34.99403877508912
 20
-22.15499079471644
 30
0.0
  0
VERTEX
  5
A76
  8
0
 10
35.13005958767885
 20
-22.17900498740383
 30
0.0
  0
VERTEX
  5
A77
  8
0
 10
35.2664574463326
 20
-22.20792259159722
 30
0.0
  0
VERTEX
  5
A78
  8
0
 10
35.40298249494256
 20
-22.24182410329002
 30
0.0
  0
VERTEX
  5
A79
  8
0
 10
35.5393754164263
 20
-22.28077373474457
 30
0.0
  0
VERTEX
  5
A7A
  8
0
 10
35.67536869529956
 20
-22.32481828969092
 30
0.0
  0
VERTEX
  5
A7B
  8
0
 10
35.8106880242791
 20
-22.37398615129661
 30
0.0
  0
VERTEX
  5
A7C
  8
0
 10
35.94505384383233
 20
-22.42828640327282
 30
0.0
  0
VERTEX
  5
A7D
  8
0
 10
36.07818300044047
 20
-22.48770810331601
 30
0.0
  0
VERTEX
  5
A7E
  8
0
 10
36.20979050631572
 20
-22.55221972638041
 30
0.0
  0
VERTEX
  5
A7F
  8
0
 10
36.3395913805083
 20
-22.62176879304809
 30
0.0
  0
VERTEX
  5
A80
  8
0
 10
36.46730254885776
 20
-22.69628169554095
 30
0.0
  0
VERTEX
  5
A81
  8
0
 10
36.59264477817621
 20
-22.77566373075549
 30
0.0
  0
VERTEX
  5
A82
  8
0
 10
36.71534461848451
 20
-22.85979934616883
 30
0.0
  0
VERTEX
  5
A83
  8
0
 10
36.83513632612839
 20
-22.94855260065072
 30
0.0
  0
VERTEX
  5
A84
  8
0
 10
36.95176374023001
 20
-23.04176783822799
 30
0.0
  0
VERTEX
  5
A85
  8
0
 10
37.06498208521696
 20
-23.13927056879691
 30
0.0
  0
VERTEX
  5
A86
  8
0
 10
37.17455967312114
 20
-23.2408685457888
 30
0.0
  0
VERTEX
  5
A87
  8
0
 10
37.28027948094271
 20
-23.34635302698388
 30
0.0
  0
VERTEX
  5
A88
  8
0
 10
37.38194058058497
 20
-23.45550020115804
 30
0.0
  0
VERTEX
  5
A89
  8
0
 10
37.47935940162733
 20
-23.56807276014229
 30
0.0
  0
VERTEX
  5
A8A
  8
0
 10
37.5723708104282
 20
-23.68382159326912
 30
0.0
  0
VERTEX
  5
A8B
  8
0
 10
37.66082899264113
 20
-23.80248757914888
 30
0.0
  0
VERTEX
  5
A8C
  8
0
 10
37.74460813007336
 20
-23.92380344831464
 30
0.0
  0
VERTEX
  5
A8D
  8
0
 10
37.82360286679537
 20
-24.04749568952512
 30
0.0
  0
VERTEX
  5
A8E
  8
0
 10
37.89772856340598
 20
-24.17328647242802
 30
0.0
  0
VERTEX
  5
A8F
  8
0
 10
37.96692134224934
 20
-24.3008955598399
 30
0.0
  0
VERTEX
  5
A90
  8
0
 10
38.03113793005937
 20
-24.43004218405423
 30
0.0
  0
VERTEX
  5
A91
  8
0
 10
38.09035530787963
 20
-24.56044686328534
 30
0.0
  0
VERTEX
  5
A92
  8
0
 10
38.14457018108676
 20
-24.6918331365156
 30
0.0
  0
VERTEX
  5
A93
  8
0
 10
38.19379828487642
 20
-24.82392919755216
 30
0.0
  0
VERTEX
  5
A94
  8
0
 10
38.23807354260447
 20
-24.95646941191698
 30
0.0
  0
VERTEX
  5
A95
  8
0
 10
38.27744709589319
 20
-25.08919570319966
 30
0.0
  0
VERTEX
  5
A96
  8
0
 10
38.31230755592727
 20
-25.22318464541551
 30
0.0
  0
VERTEX
  5
A97
  8
0
 10
38.3428784456973
 20
-25.3595590001634
 30
0.0
  0
VERTEX
  5
A98
  8
0
 10
38.36898273210521
 20
-25.49812452862954
 30
0.0
  0
VERTEX
  5
A99
  8
0
 10
38.390454209225
 20
-25.63867158751824
 30
0.0
  0
VERTEX
  5
A9A
  8
0
 10
38.40713904402657
 20
-25.78097581159757
 30
0.0
  0
VERTEX
  5
A9B
  8
0
 10
38.41889727980748
 20
-25.92479897449173
 30
0.0
  0
VERTEX
  5
A9C
  8
0
 10
38.42560427424964
 20
-26.06989002609739
 30
0.0
  0
VERTEX
  5
A9D
  8
0
 10
38.42715204876438
 20
-26.21598630164381
 30
0.0
  0
VERTEX
  5
A9E
  8
0
 10
38.42345052607337
 20
-26.36281489394864
 30
0.0
  0
VERTEX
  5
A9F
  8
0
 10
38.41442863382731
 20
-26.51009417693691
 30
0.0
  0
VERTEX
  5
AA0
  8
0
 10
38.40003525349854
 20
-26.65753546509499
 30
0.0
  0
VERTEX
  5
AA1
  8
0
 10
38.38023999579234
 20
-26.80484479033014
 30
0.0
  0
VERTEX
  5
AA2
  8
0
 10
38.3550337863737
 20
-26.95172477480769
 30
0.0
  0
VERTEX
  5
AA3
  8
0
 10
38.32442924874854
 20
-27.09787657584321
 30
0.0
  0
VERTEX
  5
AA4
  8
0
 10
38.28846087460312
 20
-27.24300187692834
 30
0.0
  0
VERTEX
  5
AA5
  8
0
 10
38.24718497569561
 20
-27.38680489754272
 30
0.0
  0
VERTEX
  5
AA6
  8
0
 10
38.20067941541026
 20
-27.52899439361025
 30
0.0
  0
VERTEX
  5
AA7
  8
0
 10
38.14904312220544
 20
-27.66928562033108
 30
0.0
  0
VERTEX
  5
AA8
  8
0
 10
38.09239539129181
 20
-27.80740222967565
 30
0.0
  0
VERTEX
  5
AA9
  8
0
 10
38.03087498484154
 20
-27.94307807605002
 30
0.0
  0
VERTEX
  5
AAA
  8
0
 10
37.96463904473559
 20
-28.07605890549713
 30
0.0
  0
VERTEX
  5
AAB
  8
0
 10
37.89386183519288
 20
-28.20610390622661
 30
0.0
  0
VERTEX
  5
AAC
  8
0
 10
37.81873333550045
 20
-28.33298710118573
 30
0.0
  0
VERTEX
  5
AAD
  8
0
 10
37.73945770540019
 20
-28.45649856670113
 30
0.0
  0
VERTEX
  5
AAE
  8
0
 10
37.65625164743008
 20
-28.57644546482598
 30
0.0
  0
VERTEX
  5
AAF
  8
0
 10
37.56934269163656
 20
-28.69265288080567
 30
0.0
  0
VERTEX
  5
AB0
  8
0
 10
37.47896742855879
 20
-28.80496446091057
 30
0.0
  0
VERTEX
  5
AB1
  8
0
 10
37.3853697162516
 20
-28.91324284966388
 30
0.0
  0
VERTEX
  5
AB2
  8
0
 10
37.28879888639621
 20
-29.01736992910931
 30
0.0
  0
VERTEX
  5
AB3
  8
0
 10
37.18950797330007
 20
-29.11724686612665
 30
0.0
  0
VERTEX
  5
AB4
  8
0
 10
37.08775198787743
 20
-29.212793976831
 30
0.0
  0
VERTEX
  5
AB5
  8
0
 10
37.0131388335347
 20
-29.28383721071992
 30
0.0
  0
VERTEX
  5
AB6
  8
0
 10
37.4257911358951
 20
-29.40809079009621
 30
0.0
  0
VERTEX
  5
AB7
  8
0
 10
37.61459339826246
 20
-29.48429428134742
 30
0.0
  0
VERTEX
  5
AB8
  8
0
 10
37.7999785402091
 20
-29.56532188907105
 30
0.0
  0
VERTEX
  5
AB9
  8
0
 10
37.98080752159476
 20
-29.65278165209124
 30
0.0
  0
VERTEX
  5
ABA
  8
0
 10
38.15594130227918
 20
-29.74828160923213
 30
0.0
  0
VERTEX
  5
ABB
  8
0
 10
38.32424084212212
 20
-29.85342979931787
 30
0.0
  0
VERTEX
  5
ABC
  8
0
 10
38.48456710098335
 20
-29.96983426117259
 30
0.0
  0
VERTEX
  5
ABD
  8
0
 10
38.58814028854178
 20
-30.05567641437084
 30
0.0
  0
VERTEX
  5
ABE
  8
0
 10
38.68785816789732
 20
-30.14678890903862
 30
0.0
  0
VERTEX
  5
ABF
  8
0
 10
38.78404374153912
 20
-30.24254336053853
 30
0.0
  0
VERTEX
  5
AC0
  8
0
 10
38.87702001195632
 20
-30.34231138423315
 30
0.0
  0
VERTEX
  5
AC1
  8
0
 10
39.05463665307351
 20
-30.55137460965686
 30
0.0
  0
VERTEX
  5
AC2
  8
0
 10
39.22329211116212
 20
-30.76895150821046
 30
0.0
  0
VERTEX
  5
AC3
  8
0
 10
39.41067384861568
 20
-31.02805194283962
 30
0.0
  0
VERTEX
  5
AC4
  8
0
 10
39.58609381687877
 20
-31.29344231934499
 30
0.0
  0
VERTEX
  5
AC5
  8
0
 10
39.66828465351925
 20
-31.42898316963401
 30
0.0
  0
VERTEX
  5
AC6
  8
0
 10
39.74624486700859
 20
-31.56668082599137
 30
0.0
  0
VERTEX
  5
AC7
  8
0
 10
39.81956106372895
 20
-31.70673006195019
 30
0.0
  0
VERTEX
  5
AC8
  8
0
 10
39.88781985006246
 20
-31.84932565104355
 30
0.0
  0
VERTEX
  5
AC9
  8
0
 10
39.95808560911651
 20
-32.01264719917555
 30
0.0
  0
VERTEX
  5
ACA
  8
0
 10
40.02173031741952
 20
-32.17903181033631
 30
0.0
  0
VERTEX
  5
ACB
  8
0
 10
40.07903409818979
 20
-32.3480847391613
 30
0.0
  0
VERTEX
  5
ACC
  8
0
 10
40.1302770746456
 20
-32.51941124028599
 30
0.0
  0
VERTEX
  5
ACD
  8
0
 10
40.17573937000528
 20
-32.69261656834586
 30
0.0
  0
VERTEX
  5
ACE
  8
0
 10
40.21570110748713
 20
-32.86730597797636
 30
0.0
  0
VERTEX
  5
ACF
  8
0
 10
40.25044241030946
 20
-33.04308472381297
 30
0.0
  0
VERTEX
  5
AD0
  8
0
 10
40.28024340169056
 20
-33.21955806049116
 30
0.0
  0
VERTEX
  5
AD1
  8
0
 10
40.3078280993616
 20
-33.41475585749674
 30
0.0
  0
VERTEX
  5
AD2
  8
0
 10
40.33065600799124
 20
-33.61026580139073
 30
0.0
  0
VERTEX
  5
AD3
  8
0
 10
40.36572446834506
 20
-34.00200950159525
 30
0.0
  0
VERTEX
  5
AD4
  8
0
 10
40.41929303296185
 20
-34.78690375392956
 30
0.0
  0
VERTEX
  5
AD5
  8
0
 10
40.45627814824238
 20
-35.23003150034657
 30
0.0
  0
VERTEX
  5
AD6
  8
0
 10
40.50389357049308
 20
-35.67217569767683
 30
0.0
  0
VERTEX
  5
AD7
  8
0
 10
40.56415023483788
 20
-36.11265884348429
 30
0.0
  0
VERTEX
  5
AD8
  8
0
 10
40.63905907640071
 20
-36.55080343533285
 30
0.0
  0
VERTEX
  5
AD9
  8
0
 10
40.68632058237819
 20
-36.78638775525547
 30
0.0
  0
VERTEX
  5
ADA
  8
0
 10
40.7385713458091
 20
-37.02094913088902
 30
0.0
  0
VERTEX
  5
ADB
  8
0
 10
40.79593326113934
 20
-37.25434562030609
 30
0.0
  0
VERTEX
  5
ADC
  8
0
 10
40.85852822281474
 20
-37.48643528157928
 30
0.0
  0
VERTEX
  5
ADD
  8
0
 10
40.92647812528117
 20
-37.71707617278118
 30
0.0
  0
VERTEX
  5
ADE
  8
0
 10
40.99990486298449
 20
-37.94612635198435
 30
0.0
  0
VERTEX
  5
ADF
  8
0
 10
41.07893033037055
 20
-38.17344387726142
 30
0.0
  0
VERTEX
  5
AE0
  8
0
 10
41.16367642188522
 20
-38.39888680668495
 30
0.0
  0
VERTEX
  5
AE1
  8
0
 10
41.25067066740417
 20
-38.61372938214081
 30
0.0
  0
VERTEX
  5
AE2
  8
0
 10
41.34315158380038
 20
-38.82635711671184
 30
0.0
  0
VERTEX
  5
AE3
  8
0
 10
41.44120370847609
 20
-39.03641970894277
 30
0.0
  0
VERTEX
  5
AE4
  8
0
 10
41.54491157883348
 20
-39.24356685737838
 30
0.0
  0
VERTEX
  5
AE5
  8
0
 10
41.65435973227478
 20
-39.44744826056339
 30
0.0
  0
VERTEX
  5
AE6
  8
0
 10
41.76963270620218
 20
-39.64771361704256
 30
0.0
  0
VERTEX
  5
AE7
  8
0
 10
41.89081503801791
 20
-39.84401262536064
 30
0.0
  0
VERTEX
  5
AE8
  8
0
 10
42.01799126512417
 20
-40.03599498406236
 30
0.0
  0
VERTEX
  5
AE9
  8
0
 10
42.12441692650282
 20
-40.18679471847161
 30
0.0
  0
VERTEX
  5
AEA
  8
0
 10
42.23451400722357
 20
-40.33477557911866
 30
0.0
  0
VERTEX
  5
AEB
  8
0
 10
42.4647433815335
 20
-40.62303237879605
 30
0.0
  0
VERTEX
  5
AEC
  8
0
 10
42.70672129773833
 20
-40.90226878243426
 30
0.0
  0
VERTEX
  5
AED
  8
0
 10
42.95848966552241
 20
-41.17398818937299
 30
0.0
  0
VERTEX
  5
AEE
  8
0
 10
43.2180903945701
 20
-41.43969399895199
 30
0.0
  0
VERTEX
  5
AEF
  8
0
 10
43.48356539456577
 20
-41.700889610511
 30
0.0
  0
SEQEND
  5
AF0
  8
0
  0
POLYLINE
  5
51
  8
0
 66
     1
 10
0.0
 20
0.0
 30
0.0
 70
     1
  0
VERTEX
  5
AF1
  8
0
 10
-36.88178797323598
 20
21.17571332961544
 30
0.0
  0
VERTEX
  5
AF2
  8
0
 10
-36.78496580600667
 20
21.26740536842419
 30
0.0
  0
VERTEX
  5
AF3
  8
0
 10
-36.68435324263606
 20
21.35588439166842
 30
0.0
  0
VERTEX
  5
AF4
  8
0
 10
-36.58010917385985
 20
21.44092168109357
 30
0.0
  0
VERTEX
  5
AF5
  8
0
 10
-36.47241039449597
 20
21.52229912083531
 30
0.0
  0
VERTEX
  5
AF6
  8
0
 10
-36.36145070922306
 20
21.59981093086911
 30
0.0
  0
VERTEX
  5
AF7
  8
0
 10
-36.24743984033946
 20
21.67326530703537
 30
0.0
  0
VERTEX
  5
AF8
  8
0
 10
-36.1306021492429
 20
21.74248594135967
 30
0.0
  0
VERTEX
  5
AF9
  8
0
 10
-36.01117518730263
 20
21.80731339815326
 30
0.0
  0
VERTEX
  5
AFA
  8
0
 10
-35.88940809541857
 20
21.86760632380426
 30
0.0
  0
VERTEX
  5
AFB
  8
0
 10
-35.76555987475408
 20
21.92324247119178
 30
0.0
  0
VERTEX
  5
AFC
  8
0
 10
-35.63989755378397
 20
21.9741195231873
 30
0.0
  0
VERTEX
  5
AFD
  8
0
 10
-35.51269427882929
 20
22.02015570364132
 30
0.0
  0
VERTEX
  5
AFE
  8
0
 10
-35.38422735659275
 20
22.06129016846637
 30
0.0
  0
VERTEX
  5
AFF
  8
0
 10
-35.25477627782465
 20
22.09748317378551
 30
0.0
  0
VERTEX
  5
B00
  8
0
 10
-35.12462075113181
 20
22.12871602248103
 30
0.0
  0
VERTEX
  5
B01
  8
0
 10
-34.99403877510738
 20
22.15499079471644
 30
0.0
  0
VERTEX
  5
B02
  8
0
 10
-35.13005958769705
 20
22.17900498740402
 30
0.0
  0
VERTEX
  5
B03
  8
0
 10
-35.26645744635068
 20
22.20792259159757
 30
0.0
  0
VERTEX
  5
B04
  8
0
 10
-35.40298249496041
 20
22.24182410329052
 30
0.0
  0
VERTEX
  5
B05
  8
0
 10
-35.53937541644387
 20
22.28077373474518
 30
0.0
  0
VERTEX
  5
B06
  8
0
 10
-35.67536869531676
 20
22.32481828969163
 30
0.0
  0
VERTEX
  5
B07
  8
0
 10
-35.81068802429588
 20
22.37398615129741
 30
0.0
  0
VERTEX
  5
B08
  8
0
 10
-35.94505384384864
 20
22.4282864032737
 30
0.0
  0
VERTEX
  5
B09
  8
0
 10
-36.07818300045628
 20
22.48770810331694
 30
0.0
  0
VERTEX
  5
B0A
  8
0
 10
-36.20979050633101
 20
22.55221972638138
 30
0.0
  0
VERTEX
  5
B0B
  8
0
 10
-36.33959138052302
 20
22.62176879304911
 30
0.0
  0
VERTEX
  5
B0C
  8
0
 10
-36.46730254887193
 20
22.69628169554197
 30
0.0
  0
VERTEX
  5
B0D
  8
0
 10
-36.59264477818982
 20
22.77566373075652
 30
0.0
  0
VERTEX
  5
B0E
  8
0
 10
-36.71534461849757
 20
22.85979934616986
 30
0.0
  0
VERTEX
  5
B0F
  8
0
 10
-36.83513632614093
 20
22.94855260065175
 30
0.0
  0
VERTEX
  5
B10
  8
0
 10
-36.95176374024208
 20
23.041767838229
 30
0.0
  0
VERTEX
  5
B11
  8
0
 10
-37.06498208522856
 20
23.1392705687979
 30
0.0
  0
VERTEX
  5
B12
  8
0
 10
-37.17455967313236
 20
23.24086854578977
 30
0.0
  0
VERTEX
  5
B13
  8
0
 10
-37.28027948095362
 20
23.34635302698482
 30
0.0
  0
VERTEX
  5
B14
  8
0
 10
-37.38194058059563
 20
23.45550020115894
 30
0.0
  0
VERTEX
  5
B15
  8
0
 10
-37.47935940163784
 20
23.56807276014318
 30
0.0
  0
VERTEX
  5
B16
  8
0
 10
-37.57237081043864
 20
23.68382159326998
 30
0.0
  0
VERTEX
  5
B17
  8
0
 10
-37.66082899265162
 20
23.80248757914972
 30
0.0
  0
VERTEX
  5
B18
  8
0
 10
-37.74460813008401
 20
23.92380344831547
 30
0.0
  0
VERTEX
  5
B19
  8
0
 10
-37.8236028668063
 20
24.04749568952594
 30
0.0
  0
VERTEX
  5
B1A
  8
0
 10
-37.89772856341734
 20
24.17328647242885
 30
0.0
  0
VERTEX
  5
B1B
  8
0
 10
-37.96692134226123
 20
24.30089555984073
 30
0.0
  0
VERTEX
  5
B1C
  8
0
 10
-38.03113793007196
 20
24.4300421840551
 30
0.0
  0
VERTEX
  5
B1D
  8
0
 10
-38.09035530789303
 20
24.56044686328622
 30
0.0
  0
VERTEX
  5
B1E
  8
0
 10
-38.14457018110114
 20
24.69183313651654
 30
0.0
  0
VERTEX
  5
B1F
  8
0
 10
-38.19379828489194
 20
24.82392919755315
 30
0.0
  0
VERTEX
  5
B20
  8
0
 10
-38.23807354262128
 20
24.95646941191805
 30
0.0
  0
VERTEX
  5
B21
  8
0
 10
-38.27744709591145
 20
25.0891957032008
 30
0.0
  0
VERTEX
  5
B22
  8
0
 10
-38.31230755594535
 20
25.22318464541657
 30
0.0
  0
VERTEX
  5
B23
  8
0
 10
-38.34287844571522
 20
25.35955900016438
 30
0.0
  0
VERTEX
  5
B24
  8
0
 10
-38.36898273212298
 20
25.49812452863044
 30
0.0
  0
VERTEX
  5
B25
  8
0
 10
-38.39045420924265
 20
25.63867158751908
 30
0.0
  0
VERTEX
  5
B26
  8
0
 10
-38.40713904404412
 20
25.78097581159835
 30
0.0
  0
VERTEX
  5
B27
  8
0
 10
-38.41889727982493
 20
25.92479897449248
 30
0.0
  0
VERTEX
  5
B28
  8
0
 10
-38.42560427426704
 20
26.06989002609809
 30
0.0
  0
VERTEX
  5
B29
  8
0
 10
-38.42715204878171
 20
26.21598630164448
 30
0.0
  0
VERTEX
  5
B2A
  8
0
 10
-38.42345052609068
 20
26.36281489394929
 30
0.0
  0
VERTEX
  5
B2B
  8
0
 10
-38.41442863384461
 20
26.51009417693754
 30
0.0
  0
VERTEX
  5
B2C
  8
0
 10
-38.4000352535158
 20
26.6575354650956
 30
0.0
  0
VERTEX
  5
B2D
  8
0
 10
-38.38023999580962
 20
26.80484479033073
 30
0.0
  0
VERTEX
  5
B2E
  8
0
 10
-38.35503378639099
 20
26.95172477480828
 30
0.0
  0
VERTEX
  5
B2F
  8
0
 10
-38.32442924876586
 20
27.09787657584379
 30
0.0
  0
VERTEX
  5
B30
  8
0
 10
-38.28846087462049
 20
27.24300187692891
 30
0.0
  0
VERTEX
  5
B31
  8
0
 10
-38.24718497571303
 20
27.3868048975433
 30
0.0
  0
VERTEX
  5
B32
  8
0
 10
-38.20067941542774
 20
27.52899439361082
 30
0.0
  0
VERTEX
  5
B33
  8
0
 10
-38.14904312222298
 20
27.66928562033164
 30
0.0
  0
VERTEX
  5
B34
  8
0
 10
-38.0923953913094
 20
27.80740222967621
 30
0.0
  0
VERTEX
  5
B35
  8
0
 10
-38.0308749848592
 20
27.94307807605057
 30
0.0
  0
VERTEX
  5
B36
  8
0
 10
-37.96463904475333
 20
28.07605890549767
 30
0.0
  0
VERTEX
  5
B37
  8
0
 10
-37.89386183521068
 20
28.20610390622714
 30
0.0
  0
VERTEX
  5
B38
  8
0
 10
-37.81873333551832
 20
28.33298710118623
 30
0.0
  0
VERTEX
  5
B39
  8
0
 10
-37.73945770541813
 20
28.45649856670161
 30
0.0
  0
VERTEX
  5
B3A
  8
0
 10
-37.65625164744808
 20
28.57644546482643
 30
0.0
  0
VERTEX
  5
B3B
  8
0
 10
-37.56934269165463
 20
28.69265288080608
 30
0.0
  0
VERTEX
  5
B3C
  8
0
 10
-37.47896742857689
 20
28.80496446091093
 30
0.0
  0
VERTEX
  5
B3D
  8
0
 10
-37.38536971626974
 20
28.91324284966419
 30
0.0
  0
VERTEX
  5
B3E
  8
0
 10
-37.2887988864144
 20
29.01736992910955
 30
0.0
  0
VERTEX
  5
B3F
  8
0
 10
-37.18950797331829
 20
29.11724686612682
 30
0.0
  0
VERTEX
  5
B40
  8
0
 10
-37.08775198789565
 20
29.21279397683109
 30
0.0
  0
VERTEX
  5
B41
  8
0
 10
-37.01313883355294
 20
29.28383721072106
 30
0.0
  0
VERTEX
  5
B42
  8
0
 10
-37.42579113591339
 20
29.40809079009782
 30
0.0
  0
VERTEX
  5
B43
  8
0
 10
-37.61459339828077
 20
29.48429428134871
 30
0.0
  0
VERTEX
  5
B44
  8
0
 10
-37.79997854022741
 20
29.56532188907203
 30
0.0
  0
VERTEX
  5
B45
  8
0
 10
-37.98080752161307
 20
29.65278165209194
 30
0.0
  0
VERTEX
  5
B46
  8
0
 10
-38.15594130229747
 20
29.74828160923257
 30
0.0
  0
VERTEX
  5
B47
  8
0
 10
-38.3242408421404
 20
29.85342979931806
 30
0.0
  0
VERTEX
  5
B48
  8
0
 10
-38.48456710100159
 20
29.96983426117259
 30
0.0
  0
VERTEX
  5
B49
  8
0
 10
-38.58814028856006
 20
30.05567641437078
 30
0.0
  0
VERTEX
  5
B4A
  8
0
 10
-38.68785816791563
 20
30.14678890903853
 30
0.0
  0
VERTEX
  5
B4B
  8
0
 10
-38.78404374155743
 20
30.24254336053842
 30
0.0
  0
VERTEX
  5
B4C
  8
0
 10
-38.87702001197462
 20
30.34231138423304
 30
0.0
  0
VERTEX
  5
B4D
  8
0
 10
-39.05463665309181
 20
30.55137460965679
 30
0.0
  0
VERTEX
  5
B4E
  8
0
 10
-39.22329211118036
 20
30.76895150821046
 30
0.0
  0
VERTEX
  5
B4F
  8
0
 10
-39.41067384863398
 20
31.02805194283989
 30
0.0
  0
VERTEX
  5
B50
  8
0
 10
-39.58609381689706
 20
31.29344231934556
 30
0.0
  0
VERTEX
  5
B51
  8
0
 10
-39.66828465353755
 20
31.42898316963472
 30
0.0
  0
VERTEX
  5
B52
  8
0
 10
-39.74624486702688
 20
31.56668082599223
 30
0.0
  0
VERTEX
  5
B53
  8
0
 10
-39.81956106374722
 20
31.70673006195118
 30
0.0
  0
VERTEX
  5
B54
  8
0
 10
-39.88781985008072
 20
31.84932565104468
 30
0.0
  0
VERTEX
  5
B55
  8
0
 10
-39.95808560913477
 20
32.01264719917683
 30
0.0
  0
VERTEX
  5
B56
  8
0
 10
-40.02173031743777
 20
32.17903181033774
 30
0.0
  0
VERTEX
  5
B57
  8
0
 10
-40.07903409820803
 20
32.34808473916289
 30
0.0
  0
VERTEX
  5
B58
  8
0
 10
-40.13027707466384
 20
32.51941124028772
 30
0.0
  0
VERTEX
  5
B59
  8
0
 10
-40.17573937002352
 20
32.69261656834773
 30
0.0
  0
VERTEX
  5
B5A
  8
0
 10
-40.21570110750537
 20
32.86730597797838
 30
0.0
  0
VERTEX
  5
B5B
  8
0
 10
-40.25044241032769
 20
33.04308472381513
 30
0.0
  0
VERTEX
  5
B5C
  8
0
 10
-40.28024340170879
 20
33.21955806049344
 30
0.0
  0
VERTEX
  5
B5D
  8
0
 10
-40.30782809937983
 20
33.41475585749917
 30
0.0
  0
VERTEX
  5
B5E
  8
0
 10
-40.33065600800948
 20
33.6102658013933
 30
0.0
  0
VERTEX
  5
B5F
  8
0
 10
-40.3657244683633
 20
34.00200950159811
 30
0.0
  0
VERTEX
  5
B60
  8
0
 10
-40.41929303298011
 20
34.78690375393299
 30
0.0
  0
VERTEX
  5
B61
  8
0
 10
-40.45627814826062
 20
35.23003150034972
 30
0.0
  0
VERTEX
  5
B62
  8
0
 10
-40.50389357051132
 20
35.67217569767971
 30
0.0
  0
VERTEX
  5
B63
  8
0
 10
-40.56415023485611
 20
36.11265884348687
 30
0.0
  0
VERTEX
  5
B64
  8
0
 10
-40.63905907641897
 20
36.55080343533513
 30
0.0
  0
VERTEX
  5
B65
  8
0
 10
-40.68632058239646
 20
36.78638775525746
 30
0.0
  0
VERTEX
  5
B66
  8
0
 10
-40.7385713458274
 20
37.02094913089072
 30
0.0
  0
VERTEX
  5
B67
  8
0
 10
-40.79593326115764
 20
37.2543456203075
 30
0.0
  0
VERTEX
  5
B68
  8
0
 10
-40.85852822283307
 20
37.48643528158041
 30
0.0
  0
VERTEX
  5
B69
  8
0
 10
-40.9264781252995
 20
37.717076172782
 30
0.0
  0
VERTEX
  5
B6A
  8
0
 10
-40.9999048630028
 20
37.94612635198491
 30
0.0
  0
VERTEX
  5
B6B
  8
0
 10
-41.07893033038885
 20
38.17344387726169
 30
0.0
  0
VERTEX
  5
B6C
  8
0
 10
-41.16367642190346
 20
38.39888680668495
 30
0.0
  0
VERTEX
  5
B6D
  8
0
 10
-41.25067066742264
 20
38.61372938214127
 30
0.0
  0
VERTEX
  5
B6E
  8
0
 10
-41.34315158381911
 20
38.82635711671275
 30
0.0
  0
VERTEX
  5
B6F
  8
0
 10
-41.44120370849507
 20
39.03641970894414
 30
0.0
  0
VERTEX
  5
B70
  8
0
 10
-41.54491157885275
 20
39.24356685738018
 30
0.0
  0
VERTEX
  5
B71
  8
0
 10
-41.65435973229434
 20
39.44744826056562
 30
0.0
  0
VERTEX
  5
B72
  8
0
 10
-41.76963270622205
 20
39.6477136170452
 30
0.0
  0
VERTEX
  5
B73
  8
0
 10
-41.89081503803811
 20
39.84401262536368
 30
0.0
  0
VERTEX
  5
B74
  8
0
 10
-42.01799126514469
 20
40.0359949840658
 30
0.0
  0
VERTEX
  5
B75
  8
0
 10
-42.12441692652329
 20
40.18679471847485
 30
0.0
  0
VERTEX
  5
B76
  8
0
 10
-42.23451400724395
 20
40.33477557912173
 30
0.0
  0
VERTEX
  5
B77
  8
0
 10
-42.46474338155369
 20
40.62303237879878
 30
0.0
  0
VERTEX
  5
B78
  8
0
 10
-42.70672129775826
 20
40.90226878243666
 30
0.0
  0
VERTEX
  5
B79
  8
0
 10
-42.95848966554205
 20
41.17398818937512
 30
0.0
  0
VERTEX
  5
B7A
  8
0
 10
-43.21809039458942
 20
41.43969399895386
 30
0.0
  0
VERTEX
  5
B7B
  8
0
 10
-43.48356539458474
 20
41.70088961051262
 30
0.0
  0
VERTEX
  5
B7C
  8
0
 10
-44.02430584570988
 20
42.21576383494589
 30
0.0
  0
VERTEX
  5
B7D
  8
0
 10
-44.02430584478114
 20
12.47692839963638
 30
0.0
  0
VERTEX
  5
B7E
  8
0
 10
-43.84534259915384
 20
12.08766396129333
 30
0.0
  0
VERTEX
  5
B7F
  8
0
 10
-43.67976726786043
 20
11.75514047057323
 30
0.0
  0
VERTEX
  5
B80
  8
0
 10
-43.50561687513175
 20
11.42699710433049
 30
0.0
  0
VERTEX
  5
B81
  8
0
 10
-43.3241163138707
 20
11.10260818968515
 30
0.0
  0
VERTEX
  5
B82
  8
0
 10
-43.13649047698019
 20
10.78134805375722
 30
0.0
  0
VERTEX
  5
B83
  8
0
 10
-42.9439642573631
 20
10.46259102366675
 30
0.0
  0
VERTEX
  5
B84
  8
0
 10
-42.74776254792234
 20
10.14571142653377
 30
0.0
  0
VERTEX
  5
B85
  8
0
 10
-42.34923223027579
 20
9.515081840402004
 30
0.0
  0
VERTEX
  5
B86
  8
0
 10
-41.55561154039782
 20
10.20475127691891
 30
0.0
  0
VERTEX
  5
B87
  8
0
 10
-41.1630154119496
 20
10.55454212410961
 30
0.0
  0
VERTEX
  5
B88
  8
0
 10
-40.77543714604253
 20
10.91023422808788
 30
0.0
  0
VERTEX
  5
B89
  8
0
 10
-40.43465285906412
 20
11.23442627012697
 30
0.0
  0
VERTEX
  5
B8A
  8
0
 10
-40.09985948112987
 20
11.56511528995737
 30
0.0
  0
VERTEX
  5
B8B
  8
0
 10
-39.77171989303221
 20
11.90253223823078
 30
0.0
  0
VERTEX
  5
B8C
  8
0
 10
-39.45089697556357
 20
12.24690806559889
 30
0.0
  0
VERTEX
  5
B8D
  8
0
 10
-39.13805360951642
 20
12.59847372271338
 30
0.0
  0
VERTEX
  5
B8E
  8
0
 10
-38.83385267568316
 20
12.95746016022596
 30
0.0
  0
VERTEX
  5
B8F
  8
0
 10
-38.53895705485625
 20
13.32409832878832
 30
0.0
  0
VERTEX
  5
B90
  8
0
 10
-38.25402962782811
 20
13.69861917905214
 30
0.0
  0
VERTEX
  5
B91
  8
0
 10
-38.10395339122795
 20
13.9051045609692
 30
0.0
  0
VERTEX
  5
B92
  8
0
 10
-37.95731300645571
 20
14.1140591220563
 30
0.0
  0
VERTEX
  5
B93
  8
0
 10
-37.81441794050569
 20
14.32556598568856
 30
0.0
  0
VERTEX
  5
B94
  8
0
 10
-37.67557766037221
 20
14.53970827524114
 30
0.0
  0
VERTEX
  5
B95
  8
0
 10
-37.54110163304959
 20
14.75656911408917
 30
0.0
  0
VERTEX
  5
B96
  8
0
 10
-37.41129932553213
 20
14.9762316256078
 30
0.0
  0
VERTEX
  5
B97
  8
0
 10
-37.28648020481418
 20
15.19877893317217
 30
0.0
  0
VERTEX
  5
B98
  8
0
 10
-37.16695373789003
 20
15.42429416015742
 30
0.0
  0
VERTEX
  5
B99
  8
0
 10
-37.07593571694693
 20
15.60571799670083
 30
0.0
  0
VERTEX
  5
B9A
  8
0
 10
-36.98868935826368
 20
15.7890406161721
 30
0.0
  0
VERTEX
  5
B9B
  8
0
 10
-36.90544649241683
 20
15.97423292840159
 30
0.0
  0
VERTEX
  5
B9C
  8
0
 10
-36.82643894998297
 20
16.16126584321966
 30
0.0
  0
VERTEX
  5
B9D
  8
0
 10
-36.75189856153867
 20
16.35011027045665
 30
0.0
  0
VERTEX
  5
B9E
  8
0
 10
-36.68205715766049
 20
16.54073711994293
 30
0.0
  0
VERTEX
  5
B9F
  8
0
 10
-36.61714656892501
 20
16.73311730150885
 30
0.0
  0
VERTEX
  5
BA0
  8
0
 10
-36.55739862590879
 20
16.92722172498477
 30
0.0
  0
VERTEX
  5
BA1
  8
0
 10
-36.47057978916371
 20
17.25175757233924
 30
0.0
  0
VERTEX
  5
BA2
  8
0
 10
-36.43307645727999
 20
17.41552335651296
 30
0.0
  0
VERTEX
  5
BA3
  8
0
 10
-36.39971092645886
 20
17.58015972618895
 30
0.0
  0
VERTEX
  5
BA4
  8
0
 10
-36.37063350425287
 20
17.74557069024569
 30
0.0
  0
VERTEX
  5
BA5
  8
0
 10
-36.34599449821457
 20
17.91166025756165
 30
0.0
  0
VERTEX
  5
BA6
  8
0
 10
-36.3259442158965
 20
18.0783324370153
 30
0.0
  0
VERTEX
  5
BA7
  8
0
 10
-36.31063296485123
 20
18.24549123748512
 30
0.0
  0
VERTEX
  5
BA8
  8
0
 10
-36.29554716309424
 20
18.54000539021884
 30
0.0
  0
VERTEX
  5
BA9
  8
0
 10
-36.29565450390391
 20
18.83497330877192
 30
0.0
  0
VERTEX
  5
BAA
  8
0
 10
-36.31105785178305
 20
19.12964313302108
 30
0.0
  0
VERTEX
  5
BAB
  8
0
 10
-36.34186007123449
 20
19.42326300284306
 30
0.0
  0
VERTEX
  5
BAC
  8
0
 10
-36.3633710026259
 20
19.57132118014544
 30
0.0
  0
VERTEX
  5
BAD
  8
0
 10
-36.38889232487562
 20
19.71876081856823
 30
0.0
  0
VERTEX
  5
BAE
  8
0
 10
-36.41845813077332
 20
19.86542555660876
 30
0.0
  0
VERTEX
  5
BAF
  8
0
 10
-36.45210251310871
 20
20.01115903276435
 30
0.0
  0
VERTEX
  5
BB0
  8
0
 10
-36.48985956467143
 20
20.15580488553236
 30
0.0
  0
VERTEX
  5
BB1
  8
0
 10
-36.5317633782512
 20
20.29920675341008
 30
0.0
  0
VERTEX
  5
BB2
  8
0
 10
-36.57784804663767
 20
20.44120827489488
 30
0.0
  0
VERTEX
  5
BB3
  8
0
 10
-36.62814766262053
 20
20.58165308848408
 30
0.0
  0
VERTEX
  5
BB4
  8
0
 10
-36.68719753937912
 20
20.73192603432001
 30
0.0
  0
VERTEX
  5
BB5
  8
0
 10
-36.74998473119048
 20
20.88069222110897
 30
0.0
  0
SEQEND
  5
BB6
  8
0
  0
POLYLINE
  5
52
  8
0
 66
     1
 10
0.0
 20
0.0
 30
0.0
 70
     1
  0
VERTEX
  5
BB7
  8
0
 10
-29.93971909152051
 20
0.0000000000000018
 30
0.0
  0
VERTEX
  5
BB8
  8
0
 10
-28.7731819353695
 20
-0.3474666935125414
 30
0.0
  0
VERTEX
  5
BB9
  8
0
 10
-27.60360823244176
 20
-0.6855375925159658
 30
0.0
  0
VERTEX
  5
BBA
  8
0
 10
-27.01689804509279
 20
-0.8486217855143439
 30
0.0
  0
VERTEX
  5
BBB
  8
0
 10
-26.42848716403705
 20
-1.006443629610545
 30
0.0
  0
VERTEX
  5
BBC
  8
0
 10
-25.838061736937
 20
-1.158031991379602
 30
0.0
  0
VERTEX
  5
BBD
  8
0
 10
-25.2453079114551
 20
-1.302415737396549
 30
0.0
  0
VERTEX
  5
BBE
  8
0
 10
-24.90499660116694
 20
-1.381151393991251
 30
0.0
  0
VERTEX
  5
BBF
  8
0
 10
-24.56370502154421
 20
-1.455490873643827
 30
0.0
  0
VERTEX
  5
BC0
  8
0
 10
-24.22131780582755
 20
-1.523714212712197
 30
0.0
  0
VERTEX
  5
BC1
  8
0
 10
-23.87771958725757
 20
-1.584101447554282
 30
0.0
  0
VERTEX
  5
BC2
  8
0
 10
-23.53279499907488
 20
-1.634932614528002
 30
0.0
  0
VERTEX
  5
BC3
  8
0
 10
-23.1864286745201
 20
-1.674487749991275
 30
0.0
  0
VERTEX
  5
BC4
  8
0
 10
-22.83850524683387
 20
-1.701046890302024
 30
0.0
  0
VERTEX
  5
BC5
  8
0
 10
-22.48890934925678
 20
-1.712890071818166
 30
0.0
  0
VERTEX
  5
BC6
  8
0
 10
-22.29191284163614
 20
-1.712392936295003
 30
0.0
  0
VERTEX
  5
BC7
  8
0
 10
-22.09482753734126
 20
-1.706097945506748
 30
0.0
  0
VERTEX
  5
BC8
  8
0
 10
-21.89812833905817
 20
-1.693389439643598
 30
0.0
  0
VERTEX
  5
BC9
  8
0
 10
-21.70229014947294
 20
-1.673651758895754
 30
0.0
  0
VERTEX
  5
BCA
  8
0
 10
-21.50778787127163
 20
-1.646269243453415
 30
0.0
  0
VERTEX
  5
BCB
  8
0
 10
-21.31509640714028
 20
-1.61062623350678
 30
0.0
  0
VERTEX
  5
BCC
  8
0
 10
-21.12469065976497
 20
-1.566107069246047
 30
0.0
  0
VERTEX
  5
BCD
  8
0
 10
-20.93704553183173
 20
-1.512096090861416
 30
0.0
  0
VERTEX
  5
BCE
  8
0
 10
-20.75871681058818
 20
-1.450840356658195
 30
0.0
  0
VERTEX
  5
BCF
  8
0
 10
-20.58265082717811
 20
-1.382516037306058
 30
0.0
  0
VERTEX
  5
BD0
  8
0
 10
-20.23429009008294
 20
-1.234086423356968
 30
0.0
  0
VERTEX
  5
BD1
  8
0
 10
-20.13736969086607
 20
-1.455811747705928
 30
0.0
  0
VERTEX
  5
BD2
  8
0
 10
-20.0528750841821
 20
-1.686085582822783
 30
0.0
  0
VERTEX
  5
BD3
  8
0
 10
-19.98178233799478
 20
-1.923876069488674
 30
0.0
  0
VERTEX
  5
BD4
  8
0
 10
-19.92495432861515
 20
-2.168012574985186
 30
0.0
  0
VERTEX
  5
BD5
  8
0
 10
-19.8831172549515
 20
-2.41720147500912
 30
0.0
  0
VERTEX
  5
BD6
  8
0
 10
-19.85683985777046
 20
-2.670046596084553
 30
0.0
  0
VERTEX
  5
BD7
  8
0
 10
-19.84966643262296
 20
-2.797381860885197
 30
0.0
  0
VERTEX
  5
BD8
  8
0
 10
-19.84651639571011
 20
-2.925073748880461
 30
0.0
  0
VERTEX
  5
BD9
  8
0
 10
-19.84740973698885
 20
-3.052930358514625
 30
0.0
  0
VERTEX
  5
BDA
  8
0
 10
-19.85235428540307
 20
-3.180758514854975
 30
0.0
  0
VERTEX
  5
BDB
  8
0
 10
-19.86134562337705
 20
-3.308364739286901
 30
0.0
  0
VERTEX
  5
BDC
  8
0
 10
-19.87436709365074
 20
-3.435556224438136
 30
0.0
  0
VERTEX
  5
BDD
  8
0
 10
-19.89138989854697
 20
-3.562141804033882
 30
0.0
  0
VERTEX
  5
BDE
  8
0
 10
-19.91237329046072
 20
-3.687932907455906
 30
0.0
  0
VERTEX
  5
BDF
  8
0
 10
-19.96600085565699
 20
-3.936395922535681
 30
0.0
  0
VERTEX
  5
BE0
  8
0
 10
-20.03469750621312
 20
-4.179522990087445
 30
0.0
  0
VERTEX
  5
BE1
  8
0
 10
-20.11774600528831
 20
-4.415988461544076
 30
0.0
  0
VERTEX
  5
BE2
  8
0
 10
-20.21428375361824
 20
-4.644585844637612
 30
0.0
  0
VERTEX
  5
BE3
  8
0
 10
-20.32332567019597
 20
-4.86424585135468
 30
0.0
  0
VERTEX
  5
BE4
  8
0
 10
-20.44378925481132
 20
-5.074049517391435
 30
0.0
  0
VERTEX
  5
BE5
  8
0
 10
-20.57660812965184
 20
-5.276217559051562
 30
0.0
  0
VERTEX
  5
BE6
  8
0
 10
-20.72334157081355
 20
-5.472584035736518
 30
0.0
  0
VERTEX
  5
BE7
  8
0
 10
-20.88365712697914
 20
-5.661766449586722
 30
0.0
  0
VERTEX
  5
BE8
  8
0
 10
-21.05704462752132
 20
-5.842402015859499
 30
0.0
  0
VERTEX
  5
BE9
  8
0
 10
-21.24281661140211
 20
-6.013176006083145
 30
0.0
  0
VERTEX
  5
BEA
  8
0
 10
-21.44011412799204
 20
-6.172850351443046
 30
0.0
  0
VERTEX
  5
BEB
  8
0
 10
-21.54277231063104
 20
-6.248166070501152
 30
0.0
  0
VERTEX
  5
BEC
  8
0
 10
-21.6479180053807
 20
-6.320291311758582
 30
0.0
  0
VERTEX
  5
BED
  8
0
 10
-21.75540149473799
 20
-6.389104848479284
 30
0.0
  0
VERTEX
  5
BEE
  8
0
 10
-21.86506537892805
 20
-6.45449499105754
 30
0.0
  0
VERTEX
  5
BEF
  8
0
 10
-21.97674534087536
 20
-6.51636018654456
 30
0.0
  0
VERTEX
  5
BF0
  8
0
 10
-22.09027096579286
 20
-6.574609543341542
 30
0.0
  0
VERTEX
  5
BF1
  8
0
 10
-22.20546660681996
 20
-6.629163275379927
 30
0.0
  0
VERTEX
  5
BF2
  8
0
 10
-22.32215228749259
 20
-6.679953061242656
 30
0.0
  0
VERTEX
  5
BF3
  8
0
 10
-22.55925780866577
 20
-6.770026365938713
 30
0.0
  0
VERTEX
  5
BF4
  8
0
 10
-22.80009679801697
 20
-6.844520200271416
 30
0.0
  0
VERTEX
  5
BF5
  8
0
 10
-23.04316964129623
 20
-6.903316643375475
 30
0.0
  0
VERTEX
  5
BF6
  8
0
 10
-23.28699735109412
 20
-6.946484885911715
 30
0.0
  0
VERTEX
  5
BF7
  8
0
 10
-23.53014911942614
 20
-6.974271802270099
 30
0.0
  0
VERTEX
  5
BF8
  8
0
 10
-23.7712669329966
 20
-6.987088005843728
 30
0.0
  0
VERTEX
  5
BF9
  8
0
 10
-23.5446955026674
 20
-7.287342781777214
 30
0.0
  0
VERTEX
  5
BFA
  8
0
 10
-23.32715559513803
 20
-7.595967353969288
 30
0.0
  0
VERTEX
  5
BFB
  8
0
 10
-23.11909297633957
 20
-7.912551495649035
 30
0.0
  0
VERTEX
  5
BFC
  8
0
 10
-22.9209285201847
 20
-8.236653921005976
 30
0.0
  0
VERTEX
  5
BFD
  8
0
 10
-22.73305556516417
 20
-8.567804207661695
 30
0.0
  0
VERTEX
  5
BFE
  8
0
 10
-22.55583745147138
 20
-8.905504986758025
 30
0.0
  0
VERTEX
  5
BFF
  8
0
 10
-22.38960526973464
 20
-9.249234380326579
 30
0.0
  0
VERTEX
  5
C00
  8
0
 10
-22.23465584976608
 20
-9.598448661502244
 30
0.0
  0
VERTEX
  5
C01
  8
0
 10
-22.09125001446703
 20
-9.952585109448027
 30
0.0
  0
VERTEX
  5
C02
  8
0
 10
-21.95961112023144
 20
-10.31106502766571
 30
0.0
  0
VERTEX
  5
C03
  8
0
 10
-21.83992390094712
 20
-10.67329689176029
 30
0.0
  0
VERTEX
  5
C04
  8
0
 10
-21.73233362811148
 20
-11.03867959077139
 30
0.0
  0
VERTEX
  5
C05
  8
0
 10
-21.63694559476332
 20
-11.40660572493052
 30
0.0
  0
VERTEX
  5
C06
  8
0
 10
-21.55382492600377
 20
-11.77646492217415
 30
0.0
  0
VERTEX
  5
C07
  8
0
 10
-21.48299671395655
 20
-12.14764713594495
 30
0.0
  0
VERTEX
  5
C08
  8
0
 10
-21.42444647021908
 20
-12.51954588773117
 30
0.0
  0
VERTEX
  5
C09
  8
0
 10
-21.10056490403988
 20
-12.53665331471141
 30
0.0
  0
VERTEX
  5
C0A
  8
0
 10
-20.77203252094348
 20
-12.54098063274813
 30
0.0
  0
VERTEX
  5
C0B
  8
0
 10
-20.43954301378336
 20
-12.53202399888332
 30
0.0
  0
VERTEX
  5
C0C
  8
0
 10
-20.10384612634686
 20
-12.50932567975869
 30
0.0
  0
VERTEX
  5
C0D
  8
0
 10
-19.76574429274012
 20
-12.47248100967408
 30
0.0
  0
VERTEX
  5
C0E
  8
0
 10
-19.42608831529845
 20
-12.42114511726109
 30
0.0
  0
VERTEX
  5
C0F
  8
0
 10
-19.08577208713639
 20
-12.35503927193968
 30
0.0
  0
VERTEX
  5
C10
  8
0
 10
-18.7457263908422
 20
-12.27395669794246
 30
0.0
  0
VERTEX
  5
C11
  8
0
 10
-18.40691183160991
 20
-12.17776770510709
 30
0.0
  0
VERTEX
  5
C12
  8
0
 10
-18.07031099029662
 20
-12.06642399228678
 30
0.0
  0
VERTEX
  5
C13
  8
0
 10
-17.73691990837708
 20
-11.93996199132562
 30
0.0
  0
VERTEX
  5
C14
  8
0
 10
-17.40773904134573
 20
-11.79850513703709
 30
0.0
  0
VERTEX
  5
C15
  8
0
 10
-17.08376383859169
 20
-11.64226497117224
 30
0.0
  0
VERTEX
  5
C16
  8
0
 10
-16.76597512501135
 20
-11.47154101533727
 30
0.0
  0
VERTEX
  5
C17
  8
0
 10
-16.45532947164292
 20
-11.28671937831126
 30
0.0
  0
VERTEX
  5
C18
  8
0
 10
-16.15274974863783
 20
-11.08827009607831
 30
0.0
  0
VERTEX
  5
C19
  8
0
 10
-15.85911605343901
 20
-10.87674323680093
 30
0.0
  0
VERTEX
  5
C1A
  8
0
 10
-15.57525719994584
 20
-10.65276383649392
 30
0.0
  0
VERTEX
  5
C1B
  8
0
 10
-15.30194294089151
 20
-10.41702576286624
 30
0.0
  0
VERTEX
  5
C1C
  8
0
 10
-15.0398770761549
 20
-10.17028463330812
 30
0.0
  0
VERTEX
  5
C1D
  8
0
 10
-14.78969157510848
 20
-9.913349937099765
 30
0.0
  0
VERTEX
  5
C1E
  8
0
 10
-14.55194181245608
 20
-9.647076530626054
 30
0.0
  0
VERTEX
  5
C1F
  8
0
 10
-14.32710298562064
 20
-9.372355687013359
 30
0.0
  0
VERTEX
  5
C20
  8
0
 10
-14.1155677489916
 20
-9.09010588780052
 30
0.0
  0
VERTEX
  5
C21
  8
0
 10
-13.91764506764109
 20
-8.801263543996496
 30
0.0
  0
VERTEX
  5
C22
  8
0
 10
-13.73356026181168
 20
-8.506773827468272
 30
0.0
  0
VERTEX
  5
C23
  8
0
 10
-13.56345618476293
 20
-8.207581781638504
 30
0.0
  0
VERTEX
  5
C24
  8
0
 10
-13.40739545143609
 20
-7.90462386378385
 30
0.0
  0
VERTEX
  5
C25
  8
0
 10
-13.26536361460175
 20
-7.598820050811729
 30
0.0
  0
VERTEX
  5
C26
  8
0
 10
-13.13727316917243
 20
-7.291066617352247
 30
0.0
  0
VERTEX
  5
C27
  8
0
 10
-13.02296825439724
 20
-6.982229670457307
 30
0.0
  0
VERTEX
  5
C28
  8
0
 10
-12.9222299176571
 20
-6.673139500232205
 30
0.0
  0
VERTEX
  5
C29
  8
0
 10
-12.98884927710264
 20
-6.840258313003575
 30
0.0
  0
VERTEX
  5
C2A
  8
0
 10
-13.06768622047531
 20
-7.00525573862141
 30
0.0
  0
VERTEX
  5
C2B
  8
0
 10
-13.15874493491052
 20
-7.1668351627836
 30
0.0
  0
VERTEX
  5
C2C
  8
0
 10
-13.26185063139946
 20
-7.323674038307437
 30
0.0
  0
VERTEX
  5
C2D
  8
0
 10
-13.37664172064403
 20
-7.474454729367374
 30
0.0
  0
VERTEX
  5
C2E
  8
0
 10
-13.50256835678276
 20
-7.617897468178906
 30
0.0
  0
VERTEX
  5
C2F
  8
0
 10
-13.63889792452152
 20
-7.752793866726472
 30
0.0
  0
VERTEX
  5
C30
  8
0
 10
-13.78472760648083
 20
-7.87803926316143
 30
0.0
  0
VERTEX
  5
C31
  8
0
 10
-13.93900368218153
 20
-7.99266216093625
 30
0.0
  0
VERTEX
  5
C32
  8
0
 10
-14.10054672873672
 20
-8.095849151522753
 30
0.0
  0
VERTEX
  5
C33
  8
0
 10
-14.2680814695976
 20
-8.186963991565275
 30
0.0
  0
VERTEX
  5
C34
  8
0
 10
-14.44026969962153
 20
-8.265559905347104
 30
0.0
  0
VERTEX
  5
C35
  8
0
 10
-14.61574453689689
 20
-8.331384659983675
 30
0.0
  0
VERTEX
  5
C36
  8
0
 10
-14.7931442299151
 20
-8.384378460814093
 30
0.0
  0
VERTEX
  5
C37
  8
0
 10
-14.97114387780664
 20
-8.424665184072962
 30
0.0
  0
VERTEX
  5
C38
  8
0
 10
-15.14848367758389
 20
-8.452537856410224
 30
0.0
  0
VERTEX
  5
C39
  8
0
 10
-15.32727050880002
 20
-8.468627544536842
 30
0.0
  0
VERTEX
  5
C3A
  8
0
 10
-15.50970100834763
 20
-8.472834433057079
 30
0.0
  0
VERTEX
  5
C3B
  8
0
 10
-15.6946238966257
 20
-8.46456785714183
 30
0.0
  0
VERTEX
  5
C3C
  8
0
 10
-15.88078381520352
 20
-8.443385418211586
 30
0.0
  0
VERTEX
  5
C3D
  8
0
 10
-16.06684521722721
 20
-8.409013940593937
 30
0.0
  0
VERTEX
  5
C3E
  8
0
 10
-16.25142101904204
 20
-8.361365691508059
 30
0.0
  0
VERTEX
  5
C3F
  8
0
 10
-16.43310488843709
 20
-8.300548644879179
 30
0.0
  0
VERTEX
  5
C40
  8
0
 10
-16.61050570138541
 20
-8.226869887933745
 30
0.0
  0
VERTEX
  5
C41
  8
0
 10
-16.7822824602627
 20
-8.140831693706284
 30
0.0
  0
VERTEX
  5
C42
  8
0
 10
-16.94717786673212
 20
-8.043120273024375
 30
0.0
  0
VERTEX
  5
C43
  8
0
 10
-17.10404879970996
 20
-7.934587725090521
 30
0.0
  0
VERTEX
  5
C44
  8
0
 10
-17.25189216062054
 20
-7.816228171217895
 30
0.0
  0
VERTEX
  5
C45
  8
0
 10
-17.38986489146843
 20
-7.689149430967669
 30
0.0
  0
VERTEX
  5
C46
  8
0
 10
-17.51729740610722
 20
-7.554541845819322
 30
0.0
  0
VERTEX
  5
C47
  8
0
 10
-17.63370015119301
 20
-7.413645952638349
 30
0.0
  0
VERTEX
  5
C48
  8
0
 10
-17.73876347835994
 20
-7.267720657800722
 30
0.0
  0
VERTEX
  5
C49
  8
0
 10
-17.83400233562389
 20
-7.115168064512768
 30
0.0
  0
VERTEX
  5
C4A
  8
0
 10
-17.92032227282155
 20
-6.953979193843566
 30
0.0
  0
VERTEX
  5
C4B
  8
0
 10
-17.99667683330668
 20
-6.784915922971305
 30
0.0
  0
VERTEX
  5
C4C
  8
0
 10
-18.06210431255824
 20
-6.608900289462387
 30
0.0
  0
VERTEX
  5
C4D
  8
0
 10
-18.11575721064438
 20
-6.427002619388551
 30
0.0
  0
VERTEX
  5
C4E
  8
0
 10
-18.15692962721051
 20
-6.24042325482162
 30
0.0
  0
VERTEX
  5
C4F
  8
0
 10
-18.18508100534773
 20
-6.050468334080301
 30
0.0
  0
VERTEX
  5
C50
  8
0
 10
-18.19985475841386
 20
-5.858520529370374
 30
0.0
  0
VERTEX
  5
C51
  8
0
 10
-18.20109058299915
 20
-5.666006052036134
 30
0.0
  0
VERTEX
  5
C52
  8
0
 10
-18.18882965223602
 20
-5.474359546856958
 30
0.0
  0
VERTEX
  5
C53
  8
0
 10
-18.16331235918157
 20
-5.284988674503724
 30
0.0
  0
VERTEX
  5
C54
  8
0
 10
-18.12496878981988
 20
-5.09924020260979
 30
0.0
  0
VERTEX
  5
C55
  8
0
 10
-18.07440259387775
 20
-4.918369288589171
 30
0.0
  0
VERTEX
  5
C56
  8
0
 10
-18.01236933716793
 20
-4.74351335987809
 30
0.0
  0
VERTEX
  5
C57
  8
0
 10
-17.93975072107608
 20
-4.575671615601701
 30
0.0
  0
VERTEX
  5
C58
  8
0
 10
-17.90705649974536
 20
-4.513820449290673
 30
0.0
  0
VERTEX
  5
C59
  8
0
 10
-17.76406416550322
 20
-4.244840696823408
 30
0.0
  0
VERTEX
  5
C5A
  8
0
 10
-17.60630918899604
 20
-3.991980401632171
 30
0.0
  0
VERTEX
  5
C5B
  8
0
 10
-17.4347183074627
 20
-3.755287240287533
 30
0.0
  0
VERTEX
  5
C5C
  8
0
 10
-17.25021825814209
 20
-3.534808889360064
 30
0.0
  0
VERTEX
  5
C5D
  8
0
 10
-17.05373577827311
 20
-3.330593025420334
 30
0.0
  0
VERTEX
  5
C5E
  8
0
 10
-16.84619760509463
 20
-3.142687325038914
 30
0.0
  0
VERTEX
  5
C5F
  8
0
 10
-16.62853047584556
 20
-2.971139464786374
 30
0.0
  0
VERTEX
  5
C60
  8
0
 10
-16.40166112776477
 20
-2.815997121233285
 30
0.0
  0
VERTEX
  5
C61
  8
0
 10
-16.16651629809115
 20
-2.677307970950217
 30
0.0
  0
VERTEX
  5
C62
  8
0
 10
-15.92402272406361
 20
-2.555119690507741
 30
0.0
  0
VERTEX
  5
C63
  8
0
 10
-15.67510714292102
 20
-2.449479956476426
 30
0.0
  0
VERTEX
  5
C64
  8
0
 10
-15.42069629190227
 20
-2.360436445426844
 30
0.0
  0
VERTEX
  5
C65
  8
0
 10
-15.16171690824626
 20
-2.288036833929565
 30
0.0
  0
VERTEX
  5
C66
  8
0
 10
-14.89909572919186
 20
-2.232328798555159
 30
0.0
  0
VERTEX
  5
C67
  8
0
 10
-14.63375949197798
 20
-2.193360015874197
 30
0.0
  0
VERTEX
  5
C68
  8
0
 10
-14.36663493384349
 20
-2.171178162457249
 30
0.0
  0
VERTEX
  5
C69
  8
0
 10
-14.09864879202729
 20
-2.165830914874886
 30
0.0
  0
VERTEX
  5
C6A
  8
0
 10
-13.83072780376826
 20
-2.177365949697677
 30
0.0
  0
VERTEX
  5
C6B
  8
0
 10
-13.5637987063053
 20
-2.205830943496193
 30
0.0
  0
VERTEX
  5
C6C
  8
0
 10
-13.29878823687729
 20
-2.251273572841006
 30
0.0
  0
VERTEX
  5
C6D
  8
0
 10
-13.03662313272312
 20
-2.313741514302685
 30
0.0
  0
VERTEX
  5
C6E
  8
0
 10
-12.77823013108168
 20
-2.393282444451801
 30
0.0
  0
VERTEX
  5
C6F
  8
0
 10
-12.52453596919187
 20
-2.489944039858924
 30
0.0
  0
VERTEX
  5
C70
  8
0
 10
-12.27646738429256
 20
-2.603773977094624
 30
0.0
  0
VERTEX
  5
C71
  8
0
 10
-12.03495111362264
 20
-2.734819932729472
 30
0.0
  0
VERTEX
  5
C72
  8
0
 10
-11.80091389442102
 20
-2.883129583334039
 30
0.0
  0
VERTEX
  5
C73
  8
0
 10
-11.57528246392656
 20
-3.048750605478895
 30
0.0
  0
VERTEX
  5
C74
  8
0
 10
-11.35898355937817
 20
-3.231730675734609
 30
0.0
  0
VERTEX
  5
C75
  8
0
 10
-11.15294391801473
 20
-3.432117470671754
 30
0.0
  0
VERTEX
  5
C76
  8
0
 10
-10.95809027707513
 20
-3.649958666860899
 30
0.0
  0
VERTEX
  5
C77
  8
0
 10
-10.77534937379826
 20
-3.885301940872615
 30
0.0
  0
VERTEX
  5
C78
  8
0
 10
-10.60564794542301
 20
-4.138194969277471
 30
0.0
  0
VERTEX
  5
C79
  8
0
 10
-10.16295199352816
 20
-3.71242429711783
 30
0.0
  0
VERTEX
  5
C7A
  8
0
 10
-9.703483348850735
 20
-3.306126097068371
 30
0.0
  0
VERTEX
  5
C7B
  8
0
 10
-9.227896275196638
 20
-2.919767013916998
 30
0.0
  0
VERTEX
  5
C7C
  8
0
 10
-8.736845036371758
 20
-2.553813692451614
 30
0.0
  0
VERTEX
  5
C7D
  8
0
 10
-8.230983896181986
 20
-2.208732777460124
 30
0.0
  0
VERTEX
  5
C7E
  8
0
 10
-7.710967118433214
 20
-1.884990913730433
 30
0.0
  0
VERTEX
  5
C7F
  8
0
 10
-7.177448966931337
 20
-1.583054746050442
 30
0.0
  0
VERTEX
  5
C80
  8
0
 10
-6.631083705482246
 20
-1.303390919208057
 30
0.0
  0
VERTEX
  5
C81
  8
0
 10
-6.686516706055224
 20
-0.9801642782303813
 30
0.0
  0
VERTEX
  5
C82
  8
0
 10
-6.726067558472093
 20
-0.6547983810914388
 30
0.0
  0
VERTEX
  5
C83
  8
0
 10
-6.749679344654343
 20
-0.3278810232086479
 30
0.0
  0
VERTEX
  5
C84
  8
0
 10
-6.757295146523465
 20
0.0000000000005737
 30
0.0
  0
VERTEX
  5
C85
  8
0
 10
-6.749679344654386
 20
0.3278810232103678
 30
0.0
  0
VERTEX
  5
C86
  8
0
 10
-6.726067558472149
 20
0.6547983810937306
 30
0.0
  0
VERTEX
  5
C87
  8
0
 10
-6.686516706055265
 20
0.9801642782332449
 30
0.0
  0
VERTEX
  5
C88
  8
0
 10
-6.631083705482246
 20
1.303390919211494
 30
0.0
  0
VERTEX
  5
C89
  8
0
 10
-7.177448966931317
 20
1.583054746053736
 30
0.0
  0
VERTEX
  5
C8A
  8
0
 10
-7.71096711843318
 20
1.884990913733583
 30
0.0
  0
VERTEX
  5
C8B
  8
0
 10
-8.230983896181941
 20
2.208732777463132
 30
0.0
  0
VERTEX
  5
C8C
  8
0
 10
-8.736845036371712
 20
2.553813692454478
 30
0.0
  0
VERTEX
  5
C8D
  8
0
 10
-9.227896275196596
 20
2.919767013919718
 30
0.0
  0
VERTEX
  5
C8E
  8
0
 10
-9.7034833488507
 20
3.306126097070948
 30
0.0
  0
VERTEX
  5
C8F
  8
0
 10
-10.16295199352814
 20
3.712424297120264
 30
0.0
  0
VERTEX
  5
C90
  8
0
 10
-10.60564794542301
 20
4.138194969279763
 30
0.0
  0
VERTEX
  5
C91
  8
0
 10
-10.7753493737982
 20
3.88530194087487
 30
0.0
  0
VERTEX
  5
C92
  8
0
 10
-10.95809027707501
 20
3.649958666863114
 30
0.0
  0
VERTEX
  5
C93
  8
0
 10
-11.15294391801456
 20
3.432117470673926
 30
0.0
  0
VERTEX
  5
C94
  8
0
 10
-11.35898355937795
 20
3.231730675736736
 30
0.0
  0
VERTEX
  5
C95
  8
0
 10
-11.5752824639263
 20
3.048750605480972
 30
0.0
  0
VERTEX
  5
C96
  8
0
 10
-11.80091389442071
 20
2.883129583336066
 30
0.0
  0
VERTEX
  5
C97
  8
0
 10
-12.0349511136223
 20
2.734819932731446
 30
0.0
  0
VERTEX
  5
C98
  8
0
 10
-12.27646738429218
 20
2.603773977096543
 30
0.0
  0
VERTEX
  5
C99
  8
0
 10
-12.52453596919146
 20
2.489944039860786
 30
0.0
  0
VERTEX
  5
C9A
  8
0
 10
-12.77823013108125
 20
2.393282444453605
 30
0.0
  0
VERTEX
  5
C9B
  8
0
 10
-13.03662313272267
 20
2.313741514304429
 30
0.0
  0
VERTEX
  5
C9C
  8
0
 10
-13.29878823687682
 20
2.251273572842689
 30
0.0
  0
VERTEX
  5
C9D
  8
0
 10
-13.56379870630481
 20
2.205830943497815
 30
0.0
  0
VERTEX
  5
C9E
  8
0
 10
-13.83072780376776
 20
2.177365949699236
 30
0.0
  0
VERTEX
  5
C9F
  8
0
 10
-14.09864879202678
 20
2.165830914876381
 30
0.0
  0
VERTEX
  5
CA0
  8
0
 10
-14.36663493384298
 20
2.171178162458682
 30
0.0
  0
VERTEX
  5
CA1
  8
0
 10
-14.63375949197748
 20
2.193360015875567
 30
0.0
  0
VERTEX
  5
CA2
  8
0
 10
-14.89909572919137
 20
2.232328798556466
 30
0.0
  0
VERTEX
  5
CA3
  8
0
 10
-15.16171690824577
 20
2.28803683393081
 30
0.0
  0
VERTEX
  5
CA4
  8
0
 10
-15.4206962919018
 20
2.360436445428028
 30
0.0
  0
VERTEX
  5
CA5
  8
0
 10
-15.67510714292057
 20
2.449479956477549
 30
0.0
  0
VERTEX
  5
CA6
  8
0
 10
-15.92402272406318
 20
2.555119690508803
 30
0.0
  0
VERTEX
  5
CA7
  8
0
 10
-16.16651629809075
 20
2.677307970951222
 30
0.0
  0
VERTEX
  5
CA8
  8
0
 10
-16.40166112776439
 20
2.815997121234233
 30
0.0
  0
VERTEX
  5
CA9
  8
0
 10
-16.62853047584521
 20
2.971139464787266
 30
0.0
  0
VERTEX
  5
CAA
  8
0
 10
-16.84619760509432
 20
3.142687325039753
 30
0.0
  0
VERTEX
  5
CAB
  8
0
 10
-17.05373577827284
 20
3.330593025421122
 30
0.0
  0
VERTEX
  5
CAC
  8
0
 10
-17.25021825814187
 20
3.534808889360803
 30
0.0
  0
VERTEX
  5
CAD
  8
0
 10
-17.43471830746253
 20
3.755287240288226
 30
0.0
  0
VERTEX
  5
CAE
  8
0
 10
-17.60630918899592
 20
3.991980401632822
 30
0.0
  0
VERTEX
  5
CAF
  8
0
 10
-17.76406416550316
 20
4.244840696824018
 30
0.0
  0
VERTEX
  5
CB0
  8
0
 10
-17.90705649974536
 20
4.513820449291246
 30
0.0
  0
VERTEX
  5
CB1
  8
0
 10
-17.93975072107608
 20
4.575671615602085
 30
0.0
  0
VERTEX
  5
CB2
  8
0
 10
-18.01236933716793
 20
4.743513359876347
 30
0.0
  0
VERTEX
  5
CB3
  8
0
 10
-18.07440259387775
 20
4.918369288584196
 30
0.0
  0
VERTEX
  5
CB4
  8
0
 10
-18.12496878981988
 20
5.099240202600777
 30
0.0
  0
VERTEX
  5
CB5
  8
0
 10
-18.16331235918157
 20
5.284988674490183
 30
0.0
  0
VERTEX
  5
CB6
  8
0
 10
-18.18882965223602
 20
5.474359546838742
 30
0.0
  0
VERTEX
  5
CB7
  8
0
 10
-18.20109058299915
 20
5.666006052013451
 30
0.0
  0
VERTEX
  5
CB8
  8
0
 10
-18.19985475841386
 20
5.858520529343785
 30
0.0
  0
VERTEX
  5
CB9
  8
0
 10
-18.18508100534773
 20
6.050468334050722
 30
0.0
  0
VERTEX
  5
CBA
  8
0
 10
-18.15692962721051
 20
6.240423254790307
 30
0.0
  0
VERTEX
  5
CBB
  8
0
 10
-18.11575721064438
 20
6.427002619357072
 30
0.0
  0
VERTEX
  5
CBC
  8
0
 10
-18.06210431255824
 20
6.608900289432603
 30
0.0
  0
VERTEX
  5
CBD
  8
0
 10
-17.99667683330668
 20
6.784915922945325
 30
0.0
  0
VERTEX
  5
CBE
  8
0
 10
-17.92032227282155
 20
6.953979193823711
 30
0.0
  0
VERTEX
  5
CBF
  8
0
 10
-17.83400233562389
 20
7.115168064501529
 30
0.0
  0
VERTEX
  5
CC0
  8
0
 10
-17.73876347835994
 20
7.267720657800724
 30
0.0
  0
VERTEX
  5
CC1
  8
0
 10
-17.63370015119301
 20
7.413645952639047
 30
0.0
  0
VERTEX
  5
CC2
  8
0
 10
-17.51729740610722
 20
7.554541845820554
 30
0.0
  0
VERTEX
  5
CC3
  8
0
 10
-17.38986489146843
 20
7.689149430969278
 30
0.0
  0
VERTEX
  5
CC4
  8
0
 10
-17.25189216062054
 20
7.816228171219731
 30
0.0
  0
VERTEX
  5
CC5
  8
0
 10
-17.10404879970996
 20
7.934587725092451
 30
0.0
  0
VERTEX
  5
CC6
  8
0
 10
-16.94717786673212
 20
8.04312027302627
 30
0.0
  0
VERTEX
  5
CC7
  8
0
 10
-16.7822824602627
 20
8.14083169370804
 30
0.0
  0
VERTEX
  5
CC8
  8
0
 10
-16.61050570138541
 20
8.22686988793527
 30
0.0
  0
VERTEX
  5
CC9
  8
0
 10
-16.43310488843709
 20
8.300548644880402
 30
0.0
  0
VERTEX
  5
CCA
  8
0
 10
-16.25142101904204
 20
8.361365691508933
 30
0.0
  0
VERTEX
  5
CCB
  8
0
 10
-16.06684521722721
 20
8.409013940594434
 30
0.0
  0
VERTEX
  5
CCC
  8
0
 10
-15.88078381520352
 20
8.443385418211694
 30
0.0
  0
VERTEX
  5
CCD
  8
0
 10
-15.6946238966257
 20
8.464567857141558
 30
0.0
  0
VERTEX
  5
CCE
  8
0
 10
-15.50970100834763
 20
8.47283443305646
 30
0.0
  0
VERTEX
  5
CCF
  8
0
 10
-15.32727050880002
 20
8.468627544535929
 30
0.0
  0
VERTEX
  5
CD0
  8
0
 10
-15.14848367758389
 20
8.452537856409082
 30
0.0
  0
VERTEX
  5
CD1
  8
0
 10
-14.97114387780664
 20
8.42466518407235
 30
0.0
  0
VERTEX
  5
CD2
  8
0
 10
-14.7931442299151
 20
8.384378460813911
 30
0.0
  0
VERTEX
  5
CD3
  8
0
 10
-14.61574453689689
 20
8.331384659983833
 30
0.0
  0
VERTEX
  5
CD4
  8
0
 10
-14.44026969962153
 20
8.265559905347512
 30
0.0
  0
VERTEX
  5
CD5
  8
0
 10
-14.2680814695976
 20
8.186963991565856
 30
0.0
  0
VERTEX
  5
CD6
  8
0
 10
-14.10054672873672
 20
8.09584915152343
 30
0.0
  0
VERTEX
  5
CD7
  8
0
 10
-13.93900368218153
 20
7.992662160936955
 30
0.0
  0
VERTEX
  5
CD8
  8
0
 10
-13.78472760648083
 20
7.878039263162112
 30
0.0
  0
VERTEX
  5
CD9
  8
0
 10
-13.63889792452152
 20
7.752793866727088
 30
0.0
  0
VERTEX
  5
CDA
  8
0
 10
-13.50256835678276
 20
7.617897468179428
 30
0.0
  0
VERTEX
  5
CDB
  8
0
 10
-13.37664172064403
 20
7.474454729367782
 30
0.0
  0
VERTEX
  5
CDC
  8
0
 10
-13.26185063139946
 20
7.323674038307725
 30
0.0
  0
VERTEX
  5
CDD
  8
0
 10
-13.15874493491052
 20
7.166835162783781
 30
0.0
  0
VERTEX
  5
CDE
  8
0
 10
-13.06768622047531
 20
7.005255738621496
 30
0.0
  0
VERTEX
  5
CDF
  8
0
 10
-12.98884927710264
 20
6.840258313003598
 30
0.0
  0
VERTEX
  5
CE0
  8
0
 10
-12.9222299176571
 20
6.673139500232204
 30
0.0
  0
VERTEX
  5
CE1
  8
0
 10
-13.02296825439724
 20
6.982229670457318
 30
0.0
  0
VERTEX
  5
CE2
  8
0
 10
-13.13727316917243
 20
7.291066617352283
 30
0.0
  0
VERTEX
  5
CE3
  8
0
 10
-13.26536361460175
 20
7.598820050811807
 30
0.0
  0
VERTEX
  5
CE4
  8
0
 10
-13.40739545143609
 20
7.904623863783984
 30
0.0
  0
VERTEX
  5
CE5
  8
0
 10
-13.56345618476293
 20
8.207581781638707
 30
0.0
  0
VERTEX
  5
CE6
  8
0
 10
-13.73356026181168
 20
8.506773827468557
 30
0.0
  0
VERTEX
  5
CE7
  8
0
 10
-13.91764506764109
 20
8.801263543996862
 30
0.0
  0
VERTEX
  5
CE8
  8
0
 10
-14.1155677489916
 20
9.090105887800982
 30
0.0
  0
VERTEX
  5
CE9
  8
0
 10
-14.32710298562064
 20
9.372355687013922
 30
0.0
  0
VERTEX
  5
CEA
  8
0
 10
-14.55194181245608
 20
9.647076530626723
 30
0.0
  0
VERTEX
  5
CEB
  8
0
 10
-14.78969157510848
 20
9.913349937100541
 30
0.0
  0
VERTEX
  5
CEC
  8
0
 10
-15.0398770761549
 20
10.170284633309
 30
0.0
  0
VERTEX
  5
CED
  8
0
 10
-15.30194294089151
 20
10.41702576286722
 30
0.0
  0
VERTEX
  5
CEE
  8
0
 10
-15.57525719994584
 20
10.65276383649501
 30
0.0
  0
VERTEX
  5
CEF
  8
0
 10
-15.85911605343901
 20
10.8767432368021
 30
0.0
  0
VERTEX
  5
CF0
  8
0
 10
-16.15274974863783
 20
11.08827009607957
 30
0.0
  0
VERTEX
  5
CF1
  8
0
 10
-16.45532947164292
 20
11.28671937831259
 30
0.0
  0
VERTEX
  5
CF2
  8
0
 10
-16.76597512501135
 20
11.47154101533866
 30
0.0
  0
VERTEX
  5
CF3
  8
0
 10
-17.08376383859169
 20
11.64226497117367
 30
0.0
  0
VERTEX
  5
CF4
  8
0
 10
-17.40773904134573
 20
11.79850513703855
 30
0.0
  0
VERTEX
  5
CF5
  8
0
 10
-17.73691990837708
 20
11.93996199132709
 30
0.0
  0
VERTEX
  5
CF6
  8
0
 10
-18.07031099029662
 20
12.06642399228823
 30
0.0
  0
VERTEX
  5
CF7
  8
0
 10
-18.40691183160991
 20
12.17776770510851
 30
0.0
  0
VERTEX
  5
CF8
  8
0
 10
-18.7457263908422
 20
12.27395669794382
 30
0.0
  0
VERTEX
  5
CF9
  8
0
 10
-19.08577208713639
 20
12.35503927194096
 30
0.0
  0
VERTEX
  5
CFA
  8
0
 10
-19.42608831529845
 20
12.42114511726227
 30
0.0
  0
VERTEX
  5
CFB
  8
0
 10
-19.76574429274012
 20
12.47248100967513
 30
0.0
  0
VERTEX
  5
CFC
  8
0
 10
-20.10384612634686
 20
12.50932567975958
 30
0.0
  0
VERTEX
  5
CFD
  8
0
 10
-20.43954301378336
 20
12.53202399888403
 30
0.0
  0
VERTEX
  5
CFE
  8
0
 10
-20.77203252094348
 20
12.54098063274863
 30
0.0
  0
VERTEX
  5
CFF
  8
0
 10
-21.10056490403988
 20
12.53665331471167
 30
0.0
  0
VERTEX
  5
D00
  8
0
 10
-21.42444647021908
 20
12.51954588773117
 30
0.0
  0
VERTEX
  5
D01
  8
0
 10
-21.48299671395655
 20
12.14764713594482
 30
0.0
  0
VERTEX
  5
D02
  8
0
 10
-21.55382492600377
 20
11.77646492217401
 30
0.0
  0
VERTEX
  5
D03
  8
0
 10
-21.63694559476332
 20
11.40660572493051
 30
0.0
  0
VERTEX
  5
D04
  8
0
 10
-21.73233362811148
 20
11.0386795907716
 30
0.0
  0
VERTEX
  5
D05
  8
0
 10
-21.83992390094712
 20
10.67329689176081
 30
0.0
  0
VERTEX
  5
D06
  8
0
 10
-21.95961112023144
 20
10.3110650276666
 30
0.0
  0
VERTEX
  5
D07
  8
0
 10
-22.09125001446703
 20
9.952585109449315
 30
0.0
  0
VERTEX
  5
D08
  8
0
 10
-22.23465584976608
 20
9.598448661503962
 30
0.0
  0
VERTEX
  5
D09
  8
0
 10
-22.38960526973464
 20
9.249234380328724
 30
0.0
  0
VERTEX
  5
D0A
  8
0
 10
-22.55583745147138
 20
8.905504986760578
 30
0.0
  0
VERTEX
  5
D0B
  8
0
 10
-22.73305556516417
 20
8.567804207664613
 30
0.0
  0
VERTEX
  5
D0C
  8
0
 10
-22.9209285201847
 20
8.236653921009198
 30
0.0
  0
VERTEX
  5
D0D
  8
0
 10
-23.11909297633957
 20
7.912551495652479
 30
0.0
  0
VERTEX
  5
D0E
  8
0
 10
-23.32715559513803
 20
7.595967353972858
 30
0.0
  0
VERTEX
  5
D0F
  8
0
 10
-23.5446955026674
 20
7.287342781780782
 30
0.0
  0
VERTEX
  5
D10
  8
0
 10
-23.7712669329966
 20
6.987088005847164
 30
0.0
  0
VERTEX
  5
D11
  8
0
 10
-23.53014911942614
 20
6.974271802267542
 30
0.0
  0
VERTEX
  5
D12
  8
0
 10
-23.28699735109412
 20
6.946484885904556
 30
0.0
  0
VERTEX
  5
D13
  8
0
 10
-23.04316964129623
 20
6.903316643365016
 30
0.0
  0
VERTEX
  5
D14
  8
0
 10
-22.80009679801697
 20
6.844520200258869
 30
0.0
  0
VERTEX
  5
D15
  8
0
 10
-22.55925780866577
 20
6.770026365925167
 30
0.0
  0
VERTEX
  5
D16
  8
0
 10
-22.32215228749259
 20
6.679953061229068
 30
0.0
  0
VERTEX
  5
D17
  8
0
 10
-22.20546660681996
 20
6.629163275366631
 30
0.0
  0
VERTEX
  5
D18
  8
0
 10
-22.09027096579286
 20
6.574609543328716
 30
0.0
  0
VERTEX
  5
D19
  8
0
 10
-21.97674534087536
 20
6.51636018653237
 30
0.0
  0
VERTEX
  5
D1A
  8
0
 10
-21.86506537892805
 20
6.454494991046126
 30
0.0
  0
VERTEX
  5
D1B
  8
0
 10
-21.75540149473799
 20
6.389104848468763
 30
0.0
  0
VERTEX
  5
D1C
  8
0
 10
-21.6479180053807
 20
6.320291311749048
 30
0.0
  0
VERTEX
  5
D1D
  8
0
 10
-21.54277231063104
 20
6.248166070492684
 30
0.0
  0
VERTEX
  5
D1E
  8
0
 10
-21.44011412799204
 20
6.172850351435695
 30
0.0
  0
VERTEX
  5
D1F
  8
0
 10
-21.24281661140211
 20
6.013176006078093
 30
0.0
  0
VERTEX
  5
D20
  8
0
 10
-21.05704462752132
 20
5.842402015856693
 30
0.0
  0
VERTEX
  5
D21
  8
0
 10
-20.88365712697914
 20
5.661766449585931
 30
0.0
  0
VERTEX
  5
D22
  8
0
 10
-20.72334157081355
 20
5.472584035737348
 30
0.0
  0
VERTEX
  5
D23
  8
0
 10
-20.57660812965184
 20
5.276217559053467
 30
0.0
  0
VERTEX
  5
D24
  8
0
 10
-20.44378925481132
 20
5.074049517393725
 30
0.0
  0
VERTEX
  5
D25
  8
0
 10
-20.32332567019597
 20
4.864245851356793
 30
0.0
  0
VERTEX
  5
D26
  8
0
 10
-20.21428375361824
 20
4.64458584463959
 30
0.0
  0
VERTEX
  5
D27
  8
0
 10
-20.11774600528831
 20
4.415988461545953
 30
0.0
  0
VERTEX
  5
D28
  8
0
 10
-20.03469750621312
 20
4.179522990089253
 30
0.0
  0
VERTEX
  5
D29
  8
0
 10
-19.96600085565699
 20
3.936395922537443
 30
0.0
  0
VERTEX
  5
D2A
  8
0
 10
-19.91237329046072
 20
3.687932907457642
 30
0.0
  0
VERTEX
  5
D2B
  8
0
 10
-19.89138989854697
 20
3.562141804035609
 30
0.0
  0
VERTEX
  5
D2C
  8
0
 10
-19.87436709365074
 20
3.435556224439858
 30
0.0
  0
VERTEX
  5
D2D
  8
0
 10
-19.86134562337705
 20
3.30836473928862
 30
0.0
  0
VERTEX
  5
D2E
  8
0
 10
-19.85235428540307
 20
3.180758514856693
 30
0.0
  0
VERTEX
  5
D2F
  8
0
 10
-19.84740973698885
 20
3.052930358516341
 30
0.0
  0
VERTEX
  5
D30
  8
0
 10
-19.84651639571011
 20
2.925073748882173
 30
0.0
  0
VERTEX
  5
D31
  8
0
 10
-19.84966643262296
 20
2.797381860886904
 30
0.0
  0
VERTEX
  5
D32
  8
0
 10
-19.85683985777046
 20
2.670046596086253
 30
0.0
  0
VERTEX
  5
D33
  8
0
 10
-19.8831172549515
 20
2.417201475010792
 30
0.0
  0
VERTEX
  5
D34
  8
0
 10
-19.92495432861515
 20
2.168012574986814
 30
0.0
  0
VERTEX
  5
D35
  8
0
 10
-19.98178233799478
 20
1.923876069490233
 30
0.0
  0
VERTEX
  5
D36
  8
0
 10
-20.0528750841821
 20
1.686085582824242
 30
0.0
  0
VERTEX
  5
D37
  8
0
 10
-20.13736969086607
 20
1.455811747707249
 30
0.0
  0
VERTEX
  5
D38
  8
0
 10
-20.23429009008294
 20
1.234086423358115
 30
0.0
  0
VERTEX
  5
D39
  8
0
 10
-20.58265082717811
 20
1.382516037306195
 30
0.0
  0
VERTEX
  5
D3A
  8
0
 10
-20.75871681058818
 20
1.45084035665819
 30
0.0
  0
VERTEX
  5
D3B
  8
0
 10
-20.93704553183173
 20
1.512096090861362
 30
0.0
  0
VERTEX
  5
D3C
  8
0
 10
-21.12469065976497
 20
1.566107069245941
 30
0.0
  0
VERTEX
  5
D3D
  8
0
 10
-21.31509640714028
 20
1.610626233506605
 30
0.0
  0
VERTEX
  5
D3E
  8
0
 10
-21.50778787127163
 20
1.646269243453164
 30
0.0
  0
VERTEX
  5
D3F
  8
0
 10
-21.70229014947294
 20
1.673651758895424
 30
0.0
  0
VERTEX
  5
D40
  8
0
 10
-21.89812833905817
 20
1.693389439643193
 30
0.0
  0
VERTEX
  5
D41
  8
0
 10
-22.09482753734126
 20
1.706097945506279
 30
0.0
  0
VERTEX
  5
D42
  8
0
 10
-22.29191284163614
 20
1.712392936294489
 30
0.0
  0
VERTEX
  5
D43
  8
0
 10
-22.48890934925678
 20
1.712890071817632
 30
0.0
  0
VERTEX
  5
D44
  8
0
 10
-22.83850524683387
 20
1.701046890301526
 30
0.0
  0
VERTEX
  5
D45
  8
0
 10
-23.1864286745201
 20
1.674487749990893
 30
0.0
  0
VERTEX
  5
D46
  8
0
 10
-23.53279499907488
 20
1.634932614527794
 30
0.0
  0
VERTEX
  5
D47
  8
0
 10
-23.87771958725757
 20
1.584101447554288
 30
0.0
  0
VERTEX
  5
D48
  8
0
 10
-24.22131780582755
 20
1.523714212712434
 30
0.0
  0
VERTEX
  5
D49
  8
0
 10
-24.56370502154421
 20
1.455490873644292
 30
0.0
  0
VERTEX
  5
D4A
  8
0
 10
-24.90499660116694
 20
1.381151393991922
 30
0.0
  0
VERTEX
  5
D4B
  8
0
 10
-25.2453079114551
 20
1.302415737397383
 30
0.0
  0
VERTEX
  5
D4C
  8
0
 10
-25.838061736937
 20
1.158031991380578
 30
0.0
  0
VERTEX
  5
D4D
  8
0
 10
-26.42848716403705
 20
1.006443629611511
 30
0.0
  0
VERTEX
  5
D4E
  8
0
 10
-27.01689804509279
 20
0.8486217855151882
 30
0.0
  0
VERTEX
  5
D4F
  8
0
 10
-27.60360823244176
 20
0.6855375925166173
 30
0.0
  0
VERTEX
  5
D50
  8
0
 10
-28.7731819353695
 20
0.3474666935127614
 30
0.0
  0
SEQEND
  5
D51
  8
0
  0
POLYLINE
  5
53
  8
0
 66
     1
 10
0.0
 20
0.0
 30
0.0
 70
     1
  0
VERTEX
  5
D52
  8
0
 10
-0.0000000000091275
 20
-44.00877951896911
 30
0.0
  0
VERTEX
  5
D53
  8
0
 10
2.822968112557506
 20
-44.00877951896911
 30
0.0
  0
VERTEX
  5
D54
  8
0
 10
2.58336500015067
 20
-43.71830259766605
 30
0.0
  0
VERTEX
  5
D55
  8
0
 10
2.351755006642315
 20
-43.42196340794391
 30
0.0
  0
VERTEX
  5
D56
  8
0
 10
2.128230109564809
 20
-43.11993317451468
 30
0.0
  0
VERTEX
  5
D57
  8
0
 10
1.912882286450516
 20
-42.81238312209035
 30
0.0
  0
VERTEX
  5
D58
  8
0
 10
1.705803514831802
 20
-42.49948447538293
 30
0.0
  0
VERTEX
  5
D59
  8
0
 10
1.507085772241035
 20
-42.1814084591044
 30
0.0
  0
VERTEX
  5
D5A
  8
0
 10
1.316821036210578
 20
-41.85832629796676
 30
0.0
  0
VERTEX
  5
D5B
  8
0
 10
1.135101284272799
 20
-41.530409216682
 30
0.0
  0
VERTEX
  5
D5C
  8
0
 10
0.9620184939600634
 20
-41.19782843996214
 30
0.0
  0
VERTEX
  5
D5D
  8
0
 10
0.7976646428047371
 20
-40.86075519251915
 30
0.0
  0
VERTEX
  5
D5E
  8
0
 10
0.6421317083391863
 20
-40.51936069906504
 30
0.0
  0
VERTEX
  5
D5F
  8
0
 10
0.4955116680957768
 20
-40.1738161843118
 30
0.0
  0
VERTEX
  5
D60
  8
0
 10
0.3578964996068746
 20
-39.82429287297143
 30
0.0
  0
VERTEX
  5
D61
  8
0
 10
0.2293781804048456
 20
-39.47096198975593
 30
0.0
  0
VERTEX
  5
D62
  8
0
 10
0.1100486880220559
 20
-39.11399475937728
 30
0.0
  0
VERTEX
  5
D63
  8
0
 10
-0.0000000000091286
 20
-38.75356240654749
 30
0.0
  0
VERTEX
  5
D64
  8
0
 10
-0.1100486880403133
 20
-39.11399475937728
 30
0.0
  0
VERTEX
  5
D65
  8
0
 10
-0.2293781804231031
 20
-39.47096198975593
 30
0.0
  0
VERTEX
  5
D66
  8
0
 10
-0.3578964996251319
 20
-39.82429287297143
 30
0.0
  0
VERTEX
  5
D67
  8
0
 10
-0.4955116681140339
 20
-40.1738161843118
 30
0.0
  0
VERTEX
  5
D68
  8
0
 10
-0.642131708357443
 20
-40.51936069906504
 30
0.0
  0
VERTEX
  5
D69
  8
0
 10
-0.7976646428229934
 20
-40.86075519251915
 30
0.0
  0
VERTEX
  5
D6A
  8
0
 10
-0.9620184939783192
 20
-41.19782843996214
 30
0.0
  0
VERTEX
  5
D6B
  8
0
 10
-1.135101284291054
 20
-41.530409216682
 30
0.0
  0
VERTEX
  5
D6C
  8
0
 10
-1.316821036228833
 20
-41.85832629796676
 30
0.0
  0
VERTEX
  5
D6D
  8
0
 10
-1.507085772259289
 20
-42.1814084591044
 30
0.0
  0
VERTEX
  5
D6E
  8
0
 10
-1.705803514850057
 20
-42.49948447538293
 30
0.0
  0
VERTEX
  5
D6F
  8
0
 10
-1.91288228646877
 20
-42.81238312209035
 30
0.0
  0
VERTEX
  5
D70
  8
0
 10
-2.128230109583063
 20
-43.11993317451468
 30
0.0
  0
VERTEX
  5
D71
  8
0
 10
-2.35175500666057
 20
-43.42196340794391
 30
0.0
  0
VERTEX
  5
D72
  8
0
 10
-2.583365000168924
 20
-43.71830259766605
 30
0.0
  0
VERTEX
  5
D73
  8
0
 10
-2.822968112575761
 20
-44.00877951896911
 30
0.0
  0
SEQEND
  5
D74
  8
0
  0
POLYLINE
  5
54
  8
0
 66
     1
 10
0.0
 20
0.0
 30
0.0
 70
     1
  0
VERTEX
  5
D75
  8
0
 10
-44.02430584524981
 20
-2.829075581298169
 30
0.0
  0
VERTEX
  5
D76
  8
0
 10
-43.74463778706928
 20
-2.592784392785011
 30
0.0
  0
VERTEX
  5
D77
  8
0
 10
-43.45935460810615
 20
-2.364016036072805
 30
0.0
  0
VERTEX
  5
D78
  8
0
 10
-43.16861234342873
 20
-2.142857731909404
 30
0.0
  0
VERTEX
  5
D79
  8
0
 10
-42.87256702810535
 20
-1.929396701042662
 30
0.0
  0
VERTEX
  5
D7A
  8
0
 10
-42.57137469720435
 20
-1.72372016422043
 30
0.0
  0
VERTEX
  5
D7B
  8
0
 10
-42.26519138579405
 20
-1.525915342190562
 30
0.0
  0
VERTEX
  5
D7C
  8
0
 10
-41.95417312894278
 20
-1.336069455700908
 30
0.0
  0
VERTEX
  5
D7D
  8
0
 10
-41.63847596171889
 20
-1.154269725499323
 30
0.0
  0
VERTEX
  5
D7E
  8
0
 10
-41.31825591919069
 20
-0.9806033723336598
 30
0.0
  0
VERTEX
  5
D7F
  8
0
 10
-40.9936690364265
 20
-0.8151576169517697
 30
0.0
  0
VERTEX
  5
D80
  8
0
 10
-40.66487134849466
 20
-0.6580196801015059
 30
0.0
  0
VERTEX
  5
D81
  8
0
 10
-40.33201889046351
 20
-0.5092767825307212
 30
0.0
  0
VERTEX
  5
D82
  8
0
 10
-39.99526769740136
 20
-0.3690161449872681
 30
0.0
  0
VERTEX
  5
D83
  8
0
 10
-39.65477380437656
 20
-0.2373249882189992
 30
0.0
  0
VERTEX
  5
D84
  8
0
 10
-39.31069324645742
 20
-0.1142905329737673
 30
0.0
  0
VERTEX
  5
D85
  8
0
 10
-38.96318205871228
 20
0.0000000000005751
 30
0.0
  0
VERTEX
  5
D86
  8
0
 10
-39.31069324645787
 20
0.1142905329750808
 30
0.0
  0
VERTEX
  5
D87
  8
0
 10
-39.65477380437746
 20
0.237324988220488
 30
0.0
  0
VERTEX
  5
D88
  8
0
 10
-39.99526769740272
 20
0.3690161449889435
 30
0.0
  0
VERTEX
  5
D89
  8
0
 10
-40.33201889046531
 20
0.5092767825325949
 30
0.0
  0
VERTEX
  5
D8A
  8
0
 10
-40.6648713484969
 20
0.6580196801035891
 30
0.0
  0
VERTEX
  5
D8B
  8
0
 10
-40.99366903642917
 20
0.8151576169540734
 30
0.0
  0
VERTEX
  5
D8C
  8
0
 10
-41.31825591919377
 20
0.9806033723361951
 30
0.0
  0
VERTEX
  5
D8D
  8
0
 10
-41.63847596172241
 20
1.154269725502101
 30
0.0
  0
VERTEX
  5
D8E
  8
0
 10
-41.95417312894672
 20
1.336069455703939
 30
0.0
  0
VERTEX
  5
D8F
  8
0
 10
-42.26519138579839
 20
1.525915342193856
 30
0.0
  0
VERTEX
  5
D90
  8
0
 10
-42.57137469720909
 20
1.723720164223999
 30
0.0
  0
VERTEX
  5
D91
  8
0
 10
-42.87256702811048
 20
1.929396701046515
 30
0.0
  0
VERTEX
  5
D92
  8
0
 10
-43.16861234343423
 20
2.142857731913552
 30
0.0
  0
VERTEX
  5
D93
  8
0
 10
-43.45935460811204
 20
2.364016036077257
 30
0.0
  0
VERTEX
  5
D94
  8
0
 10
-43.74463778707555
 20
2.592784392789777
 30
0.0
  0
VERTEX
  5
D95
  8
0
 10
-44.02430584525644
 20
2.829075581303258
 30
0.0
  0
SEQEND
  5
D96
  8
0
  0
POLYLINE
  5
55
  8
0
 66
     1
 10
0.0
 20
0.0
 30
0.0
 70
     1
  0
VERTEX
  5
D97
  8
0
 10
-44.02430584526302
 20
-42.21576383296158
 30
0.0
  0
VERTEX
  5
D98
  8
0
 10
-44.02430584478114
 20
-12.47692839963524
 30
0.0
  0
VERTEX
  5
D99
  8
0
 10
-43.84534259915384
 20
-12.08766396129307
 30
0.0
  0
VERTEX
  5
D9A
  8
0
 10
-43.67976726786043
 20
-11.75514047057277
 30
0.0
  0
VERTEX
  5
D9B
  8
0
 10
-43.50561687513175
 20
-11.42699710432993
 30
0.0
  0
VERTEX
  5
D9C
  8
0
 10
-43.3241163138707
 20
-11.10260818968453
 30
0.0
  0
VERTEX
  5
D9D
  8
0
 10
-43.13649047698019
 20
-10.78134805375653
 30
0.0
  0
VERTEX
  5
D9E
  8
0
 10
-42.9439642573631
 20
-10.46259102366592
 30
0.0
  0
VERTEX
  5
D9F
  8
0
 10
-42.74776254792234
 20
-10.14571142653265
 30
0.0
  0
VERTEX
  5
DA0
  8
0
 10
-42.34923223027579
 20
-9.515081840399716
 30
0.0
  0
VERTEX
  5
DA1
  8
0
 10
-41.55561154039782
 20
-10.20475127691763
 30
0.0
  0
VERTEX
  5
DA2
  8
0
 10
-41.1630154119496
 20
-10.55454212410849
 30
0.0
  0
VERTEX
  5
DA3
  8
0
 10
-40.77543714604253
 20
-10.91023422808685
 30
0.0
  0
VERTEX
  5
DA4
  8
0
 10
-40.43465285906412
 20
-11.23442627012603
 30
0.0
  0
VERTEX
  5
DA5
  8
0
 10
-40.09985948112987
 20
-11.56511528995653
 30
0.0
  0
VERTEX
  5
DA6
  8
0
 10
-39.77171989303221
 20
-11.90253223823006
 30
0.0
  0
VERTEX
  5
DA7
  8
0
 10
-39.45089697556357
 20
-12.24690806559827
 30
0.0
  0
VERTEX
  5
DA8
  8
0
 10
-39.13805360951642
 20
-12.59847372271286
 30
0.0
  0
VERTEX
  5
DA9
  8
0
 10
-38.83385267568316
 20
-12.9574601602255
 30
0.0
  0
VERTEX
  5
DAA
  8
0
 10
-38.53895705485625
 20
-13.32409832878787
 30
0.0
  0
VERTEX
  5
DAB
  8
0
 10
-38.25402962782811
 20
-13.69861917905166
 30
0.0
  0
VERTEX
  5
DAC
  8
0
 10
-38.10395339122795
 20
-13.90510456096868
 30
0.0
  0
VERTEX
  5
DAD
  8
0
 10
-37.95731300645571
 20
-14.1140591220557
 30
0.0
  0
VERTEX
  5
DAE
  8
0
 10
-37.81441794050569
 20
-14.32556598568788
 30
0.0
  0
VERTEX
  5
DAF
  8
0
 10
-37.67557766037221
 20
-14.53970827524036
 30
0.0
  0
VERTEX
  5
DB0
  8
0
 10
-37.54110163304959
 20
-14.75656911408828
 30
0.0
  0
VERTEX
  5
DB1
  8
0
 10
-37.41129932553213
 20
-14.97623162560678
 30
0.0
  0
VERTEX
  5
DB2
  8
0
 10
-37.28648020481418
 20
-15.19877893317102
 30
0.0
  0
VERTEX
  5
DB3
  8
0
 10
-37.16695373789003
 20
-15.42429416015613
 30
0.0
  0
VERTEX
  5
DB4
  8
0
 10
-37.07593571694693
 20
-15.60571799669941
 30
0.0
  0
VERTEX
  5
DB5
  8
0
 10
-36.98868935826368
 20
-15.78904061617058
 30
0.0
  0
VERTEX
  5
DB6
  8
0
 10
-36.90544649241683
 20
-15.97423292839997
 30
0.0
  0
VERTEX
  5
DB7
  8
0
 10
-36.82643894998297
 20
-16.16126584321794
 30
0.0
  0
VERTEX
  5
DB8
  8
0
 10
-36.75189856153867
 20
-16.35011027045488
 30
0.0
  0
VERTEX
  5
DB9
  8
0
 10
-36.68205715766049
 20
-16.54073711994115
 30
0.0
  0
VERTEX
  5
DBA
  8
0
 10
-36.61714656892501
 20
-16.7331173015071
 30
0.0
  0
VERTEX
  5
DBB
  8
0
 10
-36.55739862590879
 20
-16.9272217249831
 30
0.0
  0
VERTEX
  5
DBC
  8
0
 10
-36.47057978916371
 20
-17.25175757233785
 30
0.0
  0
VERTEX
  5
DBD
  8
0
 10
-36.43307645727999
 20
-17.41552335651174
 30
0.0
  0
VERTEX
  5
DBE
  8
0
 10
-36.39971092645886
 20
-17.58015972618794
 30
0.0
  0
VERTEX
  5
DBF
  8
0
 10
-36.37063350425287
 20
-17.74557069024487
 30
0.0
  0
VERTEX
  5
DC0
  8
0
 10
-36.34599449821457
 20
-17.91166025756102
 30
0.0
  0
VERTEX
  5
DC1
  8
0
 10
-36.3259442158965
 20
-18.07833243701485
 30
0.0
  0
VERTEX
  5
DC2
  8
0
 10
-36.31063296485123
 20
-18.24549123748481
 30
0.0
  0
VERTEX
  5
DC3
  8
0
 10
-36.29554716309424
 20
-18.5400053902187
 30
0.0
  0
VERTEX
  5
DC4
  8
0
 10
-36.29565450390391
 20
-18.83497330877179
 30
0.0
  0
VERTEX
  5
DC5
  8
0
 10
-36.31105785178305
 20
-19.1296431330208
 30
0.0
  0
VERTEX
  5
DC6
  8
0
 10
-36.34186007123449
 20
-19.42326300284239
 30
0.0
  0
VERTEX
  5
DC7
  8
0
 10
-36.3633710026259
 20
-19.5713211801445
 30
0.0
  0
VERTEX
  5
DC8
  8
0
 10
-36.38889232487562
 20
-19.71876081856697
 30
0.0
  0
VERTEX
  5
DC9
  8
0
 10
-36.41845813077332
 20
-19.86542555660717
 30
0.0
  0
VERTEX
  5
DCA
  8
0
 10
-36.45210251310871
 20
-20.01115903276248
 30
0.0
  0
VERTEX
  5
DCB
  8
0
 10
-36.48985956467143
 20
-20.15580488553024
 30
0.0
  0
VERTEX
  5
DCC
  8
0
 10
-36.5317633782512
 20
-20.29920675340782
 30
0.0
  0
VERTEX
  5
DCD
  8
0
 10
-36.57784804663767
 20
-20.44120827489257
 30
0.0
  0
VERTEX
  5
DCE
  8
0
 10
-36.62814766262053
 20
-20.58165308848188
 30
0.0
  0
VERTEX
  5
DCF
  8
0
 10
-36.68719753937912
 20
-20.73192603431804
 30
0.0
  0
VERTEX
  5
DD0
  8
0
 10
-36.74998473119048
 20
-20.8806922211071
 30
0.0
  0
VERTEX
  5
DD1
  8
0
 10
-36.88178797323598
 20
-21.17571332961199
 30
0.0
  0
VERTEX
  5
DD2
  8
0
 10
-36.78496580600667
 20
-21.26740536842114
 30
0.0
  0
VERTEX
  5
DD3
  8
0
 10
-36.68435324263606
 20
-21.35588439166572
 30
0.0
  0
VERTEX
  5
DD4
  8
0
 10
-36.58010917385985
 20
-21.44092168109118
 30
0.0
  0
VERTEX
  5
DD5
  8
0
 10
-36.47241039449597
 20
-21.52229912083319
 30
0.0
  0
VERTEX
  5
DD6
  8
0
 10
-36.36145070922306
 20
-21.59981093086724
 30
0.0
  0
VERTEX
  5
DD7
  8
0
 10
-36.24743984033946
 20
-21.67326530703371
 30
0.0
  0
VERTEX
  5
DD8
  8
0
 10
-36.1306021492429
 20
-21.74248594135821
 30
0.0
  0
VERTEX
  5
DD9
  8
0
 10
-36.01117518730263
 20
-21.80731339815198
 30
0.0
  0
VERTEX
  5
DDA
  8
0
 10
-35.88940809541857
 20
-21.86760632380313
 30
0.0
  0
VERTEX
  5
DDB
  8
0
 10
-35.76555987475408
 20
-21.9232424711908
 30
0.0
  0
VERTEX
  5
DDC
  8
0
 10
-35.63989755378397
 20
-21.97411952318647
 30
0.0
  0
VERTEX
  5
DDD
  8
0
 10
-35.51269427882929
 20
-22.02015570364064
 30
0.0
  0
VERTEX
  5
DDE
  8
0
 10
-35.38422735659275
 20
-22.06129016846584
 30
0.0
  0
VERTEX
  5
DDF
  8
0
 10
-35.25477627782465
 20
-22.09748317378513
 30
0.0
  0
VERTEX
  5
DE0
  8
0
 10
-35.12462075113181
 20
-22.12871602248084
 30
0.0
  0
VERTEX
  5
DE1
  8
0
 10
-34.99403877510738
 20
-22.15499079471644
 30
0.0
  0
VERTEX
  5
DE2
  8
0
 10
-35.13005958769705
 20
-22.17900498740383
 30
0.0
  0
VERTEX
  5
DE3
  8
0
 10
-35.26645744635068
 20
-22.20792259159722
 30
0.0
  0
VERTEX
  5
DE4
  8
0
 10
-35.40298249496041
 20
-22.24182410329002
 30
0.0
  0
VERTEX
  5
DE5
  8
0
 10
-35.53937541644387
 20
-22.28077373474457
 30
0.0
  0
VERTEX
  5
DE6
  8
0
 10
-35.67536869531676
 20
-22.32481828969092
 30
0.0
  0
VERTEX
  5
DE7
  8
0
 10
-35.81068802429588
 20
-22.37398615129661
 30
0.0
  0
VERTEX
  5
DE8
  8
0
 10
-35.94505384384864
 20
-22.42828640327282
 30
0.0
  0
VERTEX
  5
DE9
  8
0
 10
-36.07818300045628
 20
-22.48770810331601
 30
0.0
  0
VERTEX
  5
DEA
  8
0
 10
-36.20979050633101
 20
-22.55221972638041
 30
0.0
  0
VERTEX
  5
DEB
  8
0
 10
-36.33959138052302
 20
-22.62176879304809
 30
0.0
  0
VERTEX
  5
DEC
  8
0
 10
-36.46730254887193
 20
-22.69628169554095
 30
0.0
  0
VERTEX
  5
DED
  8
0
 10
-36.59264477818982
 20
-22.77566373075549
 30
0.0
  0
VERTEX
  5
DEE
  8
0
 10
-36.71534461849757
 20
-22.85979934616883
 30
0.0
  0
VERTEX
  5
DEF
  8
0
 10
-36.83513632614093
 20
-22.94855260065072
 30
0.0
  0
VERTEX
  5
DF0
  8
0
 10
-36.95176374024208
 20
-23.04176783822799
 30
0.0
  0
VERTEX
  5
DF1
  8
0
 10
-37.06498208522856
 20
-23.13927056879691
 30
0.0
  0
VERTEX
  5
DF2
  8
0
 10
-37.17455967313236
 20
-23.2408685457888
 30
0.0
  0
VERTEX
  5
DF3
  8
0
 10
-37.28027948095362
 20
-23.34635302698388
 30
0.0
  0
VERTEX
  5
DF4
  8
0
 10
-37.38194058059563
 20
-23.45550020115804
 30
0.0
  0
VERTEX
  5
DF5
  8
0
 10
-37.47935940163784
 20
-23.56807276014229
 30
0.0
  0
VERTEX
  5
DF6
  8
0
 10
-37.57237081043864
 20
-23.68382159326912
 30
0.0
  0
VERTEX
  5
DF7
  8
0
 10
-37.66082899265162
 20
-23.80248757914888
 30
0.0
  0
VERTEX
  5
DF8
  8
0
 10
-37.74460813008401
 20
-23.92380344831464
 30
0.0
  0
VERTEX
  5
DF9
  8
0
 10
-37.8236028668063
 20
-24.04749568952512
 30
0.0
  0
VERTEX
  5
DFA
  8
0
 10
-37.89772856341734
 20
-24.17328647242802
 30
0.0
  0
VERTEX
  5
DFB
  8
0
 10
-37.96692134226123
 20
-24.3008955598399
 30
0.0
  0
VERTEX
  5
DFC
  8
0
 10
-38.03113793007196
 20
-24.43004218405423
 30
0.0
  0
VERTEX
  5
DFD
  8
0
 10
-38.09035530789303
 20
-24.56044686328534
 30
0.0
  0
VERTEX
  5
DFE
  8
0
 10
-38.14457018110114
 20
-24.6918331365156
 30
0.0
  0
VERTEX
  5
DFF
  8
0
 10
-38.19379828489194
 20
-24.82392919755216
 30
0.0
  0
VERTEX
  5
E00
  8
0
 10
-38.23807354262128
 20
-24.95646941191698
 30
0.0
  0
VERTEX
  5
E01
  8
0
 10
-38.27744709591145
 20
-25.08919570319966
 30
0.0
  0
VERTEX
  5
E02
  8
0
 10
-38.31230755594535
 20
-25.22318464541551
 30
0.0
  0
VERTEX
  5
E03
  8
0
 10
-38.34287844571522
 20
-25.3595590001634
 30
0.0
  0
VERTEX
  5
E04
  8
0
 10
-38.36898273212298
 20
-25.49812452862954
 30
0.0
  0
VERTEX
  5
E05
  8
0
 10
-38.39045420924265
 20
-25.63867158751824
 30
0.0
  0
VERTEX
  5
E06
  8
0
 10
-38.40713904404412
 20
-25.78097581159757
 30
0.0
  0
VERTEX
  5
E07
  8
0
 10
-38.41889727982493
 20
-25.92479897449173
 30
0.0
  0
VERTEX
  5
E08
  8
0
 10
-38.42560427426704
 20
-26.06989002609739
 30
0.0
  0
VERTEX
  5
E09
  8
0
 10
-38.42715204878171
 20
-26.21598630164381
 30
0.0
  0
VERTEX
  5
E0A
  8
0
 10
-38.42345052609068
 20
-26.36281489394864
 30
0.0
  0
VERTEX
  5
E0B
  8
0
 10
-38.41442863384461
 20
-26.51009417693691
 30
0.0
  0
VERTEX
  5
E0C
  8
0
 10
-38.4000352535158
 20
-26.65753546509499
 30
0.0
  0
VERTEX
  5
E0D
  8
0
 10
-38.38023999580962
 20
-26.80484479033014
 30
0.0
  0
VERTEX
  5
E0E
  8
0
 10
-38.35503378639099
 20
-26.95172477480769
 30
0.0
  0
VERTEX
  5
E0F
  8
0
 10
-38.32442924876586
 20
-27.09787657584321
 30
0.0
  0
VERTEX
  5
E10
  8
0
 10
-38.28846087462049
 20
-27.24300187692834
 30
0.0
  0
VERTEX
  5
E11
  8
0
 10
-38.24718497571303
 20
-27.38680489754272
 30
0.0
  0
VERTEX
  5
E12
  8
0
 10
-38.20067941542774
 20
-27.52899439361025
 30
0.0
  0
VERTEX
  5
E13
  8
0
 10
-38.14904312222298
 20
-27.66928562033108
 30
0.0
  0
VERTEX
  5
E14
  8
0
 10
-38.0923953913094
 20
-27.80740222967565
 30
0.0
  0
VERTEX
  5
E15
  8
0
 10
-38.0308749848592
 20
-27.94307807605002
 30
0.0
  0
VERTEX
  5
E16
  8
0
 10
-37.96463904475333
 20
-28.07605890549713
 30
0.0
  0
VERTEX
  5
E17
  8
0
 10
-37.89386183521068
 20
-28.20610390622661
 30
0.0
  0
VERTEX
  5
E18
  8
0
 10
-37.81873333551832
 20
-28.33298710118573
 30
0.0
  0
VERTEX
  5
E19
  8
0
 10
-37.73945770541813
 20
-28.45649856670113
 30
0.0
  0
VERTEX
  5
E1A
  8
0
 10
-37.65625164744808
 20
-28.57644546482598
 30
0.0
  0
VERTEX
  5
E1B
  8
0
 10
-37.56934269165463
 20
-28.69265288080567
 30
0.0
  0
VERTEX
  5
E1C
  8
0
 10
-37.47896742857689
 20
-28.80496446091057
 30
0.0
  0
VERTEX
  5
E1D
  8
0
 10
-37.38536971626974
 20
-28.91324284966388
 30
0.0
  0
VERTEX
  5
E1E
  8
0
 10
-37.2887988864144
 20
-29.01736992910931
 30
0.0
  0
VERTEX
  5
E1F
  8
0
 10
-37.18950797331829
 20
-29.11724686612665
 30
0.0
  0
VERTEX
  5
E20
  8
0
 10
-37.08775198789565
 20
-29.212793976831
 30
0.0
  0
VERTEX
  5
E21
  8
0
 10
-37.01313883355294
 20
-29.28383721071992
 30
0.0
  0
VERTEX
  5
E22
  8
0
 10
-37.42579113591634
 20
-29.40809079008449
 30
0.0
  0
VERTEX
  5
E23
  8
0
 10
-37.61459339828475
 20
-29.48429428133059
 30
0.0
  0
VERTEX
  5
E24
  8
0
 10
-37.79997854023197
 20
-29.56532188904976
 30
0.0
  0
VERTEX
  5
E25
  8
0
 10
-37.98080752161761
 20
-29.65278165206623
 30
0.0
  0
VERTEX
  5
E26
  8
0
 10
-38.15594130230134
 20
-29.74828160920428
 30
0.0
  0
VERTEX
  5
E27
  8
0
 10
-38.32424084214275
 20
-29.85342979928812
 30
0.0
  0
VERTEX
  5
E28
  8
0
 10
-38.4845671010015
 20
-29.96983426114203
 30
0.0
  0
VERTEX
  5
E29
  8
0
 10
-38.58814028856035
 20
-30.05567641434267
 30
0.0
  0
VERTEX
  5
E2A
  8
0
 10
-38.68785816791578
 20
-30.1467889090135
 30
0.0
  0
VERTEX
  5
E2B
  8
0
 10
-38.78404374155709
 20
-30.24254336051692
 30
0.0
  0
VERTEX
  5
E2C
  8
0
 10
-38.87702001197361
 20
-30.34231138421532
 30
0.0
  0
VERTEX
  5
E2D
  8
0
 10
-39.05463665308957
 20
-30.55137460964663
 30
0.0
  0
VERTEX
  5
E2E
  8
0
 10
-39.22329211117823
 20
-30.76895150820658
 30
0.0
  0
VERTEX
  5
E2F
  8
0
 10
-39.41067384862906
 20
-31.02805194283214
 30
0.0
  0
VERTEX
  5
E30
  8
0
 10
-39.58609381689234
 20
-31.29344231933159
 30
0.0
  0
VERTEX
  5
E31
  8
0
 10
-39.66828465353367
 20
-31.4289831696173
 30
0.0
  0
VERTEX
  5
E32
  8
0
 10
-39.74624486702413
 20
-31.56668082597145
 30
0.0
  0
VERTEX
  5
E33
  8
0
 10
-39.81956106374574
 20
-31.70673006192733
 30
0.0
  0
VERTEX
  5
E34
  8
0
 10
-39.88781985008047
 20
-31.84932565101827
 30
0.0
  0
VERTEX
  5
E35
  8
0
 10
-39.95808560913657
 20
-32.01264719915036
 30
0.0
  0
VERTEX
  5
E36
  8
0
 10
-40.02173031744128
 20
-32.17903181031201
 30
0.0
  0
VERTEX
  5
E37
  8
0
 10
-40.07903409821291
 20
-32.34808473913844
 30
0.0
  0
VERTEX
  5
E38
  8
0
 10
-40.13027707466978
 20
-32.5194112402649
 30
0.0
  0
VERTEX
  5
E39
  8
0
 10
-40.17573937003024
 20
-32.69261656832665
 30
0.0
  0
VERTEX
  5
E3A
  8
0
 10
-40.21570110751262
 20
-32.86730597795891
 30
0.0
  0
VERTEX
  5
E3B
  8
0
 10
-40.25044241033525
 20
-33.04308472379694
 30
0.0
  0
VERTEX
  5
E3C
  8
0
 10
-40.28024340171646
 20
-33.21955806047599
 30
0.0
  0
VERTEX
  5
E3D
  8
0
 10
-40.30782809938741
 20
-33.41475585748168
 30
0.0
  0
VERTEX
  5
E3E
  8
0
 10
-40.33065600801681
 20
-33.61026580137506
 30
0.0
  0
VERTEX
  5
E3F
  8
0
 10
-40.36572446836983
 20
-34.00200950157705
 30
0.0
  0
VERTEX
  5
E40
  8
0
 10
-40.41929303298526
 20
-34.78690375390725
 30
0.0
  0
VERTEX
  5
E41
  8
0
 10
-40.45627814826665
 20
-35.2300315003335
 30
0.0
  0
VERTEX
  5
E42
  8
0
 10
-40.50389357051901
 20
-35.67217569767527
 30
0.0
  0
VERTEX
  5
E43
  8
0
 10
-40.56415023486592
 20
-36.11265884349454
 30
0.0
  0
VERTEX
  5
E44
  8
0
 10
-40.63905907643088
 20
-36.5508034353533
 30
0.0
  0
VERTEX
  5
E45
  8
0
 10
-40.68632058240841
 20
-36.78638775527547
 30
0.0
  0
VERTEX
  5
E46
  8
0
 10
-40.73857134583911
 20
-37.02094913090778
 30
0.0
  0
VERTEX
  5
E47
  8
0
 10
-40.79593326116885
 20
-37.25434562032304
 30
0.0
  0
VERTEX
  5
E48
  8
0
 10
-40.85852822284354
 20
-37.48643528159402
 30
0.0
  0
VERTEX
  5
E49
  8
0
 10
-40.92647812530902
 20
-37.71707617279355
 30
0.0
  0
VERTEX
  5
E4A
  8
0
 10
-40.99990486301121
 20
-37.94612635199442
 30
0.0
  0
VERTEX
  5
E4B
  8
0
 10
-41.07893033039595
 20
-38.17344387726943
 30
0.0
  0
VERTEX
  5
E4C
  8
0
 10
-41.16367642190914
 20
-38.39888680669137
 30
0.0
  0
VERTEX
  5
E4D
  8
0
 10
-41.25067066742675
 20
-38.61372938214679
 30
0.0
  0
VERTEX
  5
E4E
  8
0
 10
-41.34315158382156
 20
-38.82635711671789
 30
0.0
  0
VERTEX
  5
E4F
  8
0
 10
-41.4412037084958
 20
-39.03641970894935
 30
0.0
  0
VERTEX
  5
E50
  8
0
 10
-41.5449115788517
 20
-39.24356685738582
 30
0.0
  0
VERTEX
  5
E51
  8
0
 10
-41.65435973229152
 20
-39.44744826057196
 30
0.0
  0
VERTEX
  5
E52
  8
0
 10
-41.76963270621746
 20
-39.64771361705242
 30
0.0
  0
VERTEX
  5
E53
  8
0
 10
-41.8908150380318
 20
-39.84401262537191
 30
0.0
  0
VERTEX
  5
E54
  8
0
 10
-42.01799126513674
 20
-40.03599498407503
 30
0.0
  0
VERTEX
  5
E55
  8
0
 10
-42.12441692643367
 20
-40.18679471837399
 30
0.0
  0
VERTEX
  5
E56
  8
0
 10
-42.23451400706747
 20
-40.33477557891477
 30
0.0
  0
VERTEX
  5
E57
  8
0
 10
-42.46474338119009
 20
-40.62303237838996
 30
0.0
  0
VERTEX
  5
E58
  8
0
 10
-42.70672129719335
 20
-40.90226878183702
 30
0.0
  0
VERTEX
  5
E59
  8
0
 10
-42.95848966476605
 20
-41.17398818859231
 30
0.0
  0
VERTEX
  5
E5A
  8
0
 10
-43.21809039359696
 20
-41.43969399799226
 30
0.0
  0
VERTEX
  5
E5B
  8
0
 10
-43.48356539337487
 20
-41.70088960937326
 30
0.0
  0
SEQEND
  5
E5C
  8
0
  0
POLYLINE
  5
56
  8
0
 66
     1
 10
0.0
 20
0.0
 30
0.0
 70
     1
  0
VERTEX
  5
E5D
  8
0
 10
28.6507716117607
 20
28.65575253285793
 30
0.0
  0
VERTEX
  5
E5E
  8
0
 10
29.16339318979288
 20
29.30566663856473
 30
0.0
  0
VERTEX
  5
E5F
  8
0
 10
29.57750822232481
 20
29.8417168021756
 30
0.0
  0
VERTEX
  5
E60
  8
0
 10
29.98182934428031
 20
30.38529622481343
 30
0.0
  0
VERTEX
  5
E61
  8
0
 10
30.25628244302028
 20
30.7652800509955
 30
0.0
  0
VERTEX
  5
E62
  8
0
 10
30.52641668194853
 20
31.14835582623331
 30
0.0
  0
VERTEX
  5
E63
  8
0
 10
30.79212081555578
 20
31.53452196299325
 30
0.0
  0
VERTEX
  5
E64
  8
0
 10
31.05328359833272
 20
31.92377687374172
 30
0.0
  0
VERTEX
  5
E65
  8
0
 10
31.3471524496569
 20
32.37405186342654
 30
0.0
  0
VERTEX
  5
E66
  8
0
 10
31.63494845588163
 20
32.82824160436734
 30
0.0
  0
VERTEX
  5
E67
  8
0
 10
31.75309792098825
 20
33.0186764910307
 30
0.0
  0
VERTEX
  5
E68
  8
0
 10
31.94835100395846
 20
33.33870187658379
 30
0.0
  0
VERTEX
  5
E69
  8
0
 10
32.16386502011119
 20
33.6989081359847
 30
0.0
  0
VERTEX
  5
E6A
  8
0
 10
32.37464732132936
 20
34.06182735147597
 30
0.0
  0
VERTEX
  5
E6B
  8
0
 10
32.89244023111916
 20
34.98979867594058
 30
0.0
  0
VERTEX
  5
E6C
  8
0
 10
33.09617033570176
 20
35.33947781158538
 30
0.0
  0
VERTEX
  5
E6D
  8
0
 10
33.203532724589
 20
35.51077553768945
 30
0.0
  0
VERTEX
  5
E6E
  8
0
 10
33.31637867237497
 20
35.67833509195316
 30
0.0
  0
VERTEX
  5
E6F
  8
0
 10
33.40434828136192
 20
35.7997552376036
 30
0.0
  0
VERTEX
  5
E70
  8
0
 10
33.49583182737854
 20
35.91863311293304
 30
0.0
  0
VERTEX
  5
E71
  8
0
 10
33.68830828994819
 20
36.14910531995451
 30
0.0
  0
VERTEX
  5
E72
  8
0
 10
33.89174317897888
 20
36.37043824766881
 30
0.0
  0
VERTEX
  5
E73
  8
0
 10
34.10407161336553
 20
36.58331843072712
 30
0.0
  0
VERTEX
  5
E74
  8
0
 10
34.26902119263183
 20
36.73860374333714
 30
0.0
  0
VERTEX
  5
E75
  8
0
 10
34.43800005801802
 20
36.88914127736343
 30
0.0
  0
VERTEX
  5
E76
  8
0
 10
34.6111527370135
 20
37.03460137323259
 30
0.0
  0
VERTEX
  5
E77
  8
0
 10
34.78862375710771
 20
37.17465437137119
 30
0.0
  0
VERTEX
  5
E78
  8
0
 10
34.97284573064225
 20
37.3107228300108
 30
0.0
  0
VERTEX
  5
E79
  8
0
 10
35.1612858160732
 20
37.44092915208633
 30
0.0
  0
VERTEX
  5
E7A
  8
0
 10
35.37841475078223
 20
37.580693814699
 30
0.0
  0
VERTEX
  5
E7B
  8
0
 10
35.60024351766966
 20
37.71281321330909
 30
0.0
  0
VERTEX
  5
E7C
  8
0
 10
35.84278102741984
 20
37.84560480937343
 30
0.0
  0
VERTEX
  5
E7D
  8
0
 10
36.09009569147143
 20
37.96923682454773
 30
0.0
  0
VERTEX
  5
E7E
  8
0
 10
36.29428837329929
 20
38.06282753581811
 30
0.0
  0
VERTEX
  5
E7F
  8
0
 10
36.50121788786772
 20
38.15010720799795
 30
0.0
  0
VERTEX
  5
E80
  8
0
 10
36.78947425025883
 20
38.25949062994635
 30
0.0
  0
VERTEX
  5
E81
  8
0
 10
37.08205108863059
 20
38.35709230741791
 30
0.0
  0
VERTEX
  5
E82
  8
0
 10
37.2995995992628
 20
38.42146250225853
 30
0.0
  0
VERTEX
  5
E83
  8
0
 10
37.51901830435555
 20
38.47910924434035
 30
0.0
  0
VERTEX
  5
E84
  8
0
 10
37.74012653969012
 20
38.52943500791896
 30
0.0
  0
VERTEX
  5
E85
  8
0
 10
37.96274364104777
 20
38.57184226724992
 30
0.0
  0
VERTEX
  5
E86
  8
0
 10
38.30349088813299
 20
38.62178671868613
 30
0.0
  0
VERTEX
  5
E87
  8
0
 10
38.65046063539699
 20
38.65717999707606
 30
0.0
  0
VERTEX
  5
E88
  8
0
 10
38.61431915573292
 20
38.30939544486573
 30
0.0
  0
VERTEX
  5
E89
  8
0
 10
38.56367932002779
 20
37.96788477109101
 30
0.0
  0
VERTEX
  5
E8A
  8
0
 10
38.52084311920587
 20
37.74479257933424
 30
0.0
  0
VERTEX
  5
E8B
  8
0
 10
38.47011261121116
 20
37.52323234057107
 30
0.0
  0
VERTEX
  5
E8C
  8
0
 10
38.41208420894338
 20
37.30338374126623
 30
0.0
  0
VERTEX
  5
E8D
  8
0
 10
38.34735432530226
 20
37.08542646788448
 30
0.0
  0
VERTEX
  5
E8E
  8
0
 10
38.24929752958347
 20
36.79232659980367
 30
0.0
  0
VERTEX
  5
E8F
  8
0
 10
38.13950001640406
 20
36.50358694472054
 30
0.0
  0
VERTEX
  5
E90
  8
0
 10
38.05194580158273
 20
36.29633169167682
 30
0.0
  0
VERTEX
  5
E91
  8
0
 10
37.95810354723243
 20
36.09183565356305
 30
0.0
  0
VERTEX
  5
E92
  8
0
 10
37.83419352928878
 20
35.84417844953619
 30
0.0
  0
VERTEX
  5
E93
  8
0
 10
37.70115926008354
 20
35.60133297368488
 30
0.0
  0
VERTEX
  5
E94
  8
0
 10
37.56884558100938
 20
35.37924835884345
 30
0.0
  0
VERTEX
  5
E95
  8
0
 10
37.42891785154774
 20
35.16189428317017
 30
0.0
  0
VERTEX
  5
E96
  8
0
 10
37.29859312089193
 20
34.97328037207789
 30
0.0
  0
VERTEX
  5
E97
  8
0
 10
37.16243167481858
 20
34.78890971263679
 30
0.0
  0
VERTEX
  5
E98
  8
0
 10
37.02231237120728
 20
34.61131717416152
 30
0.0
  0
VERTEX
  5
E99
  8
0
 10
36.8768104531099
 20
34.43806727499313
 30
0.0
  0
VERTEX
  5
E9A
  8
0
 10
36.72625437490836
 20
34.2690143144338
 30
0.0
  0
VERTEX
  5
E9B
  8
0
 10
36.57097259098465
 20
34.10401259178574
 30
0.0
  0
VERTEX
  5
E9C
  8
0
 10
36.35813065682551
 20
33.89164849064703
 30
0.0
  0
VERTEX
  5
E9D
  8
0
 10
36.13687943971978
 20
33.68822148077512
 30
0.0
  0
VERTEX
  5
E9E
  8
0
 10
35.90653918534456
 20
33.49580346440253
 30
0.0
  0
VERTEX
  5
E9F
  8
0
 10
35.78774824595494
 20
33.40437029822613
 30
0.0
  0
VERTEX
  5
EA0
  8
0
 10
35.66643013937687
 20
33.31646634376172
 30
0.0
  0
VERTEX
  5
EA1
  8
0
 10
35.49903210337433
 20
33.20373319398271
 30
0.0
  0
VERTEX
  5
EA2
  8
0
 10
35.32791886988363
 20
33.09650688488284
 30
0.0
  0
VERTEX
  5
EA3
  8
0
 10
34.97865371615251
 20
32.8930946243016
 30
0.0
  0
VERTEX
  5
EA4
  8
0
 10
34.05183635790357
 20
32.37620453598202
 30
0.0
  0
VERTEX
  5
EA5
  8
0
 10
33.68934840126679
 20
32.16575383087324
 30
0.0
  0
VERTEX
  5
EA6
  8
0
 10
33.3295549064651
 20
31.95055256240781
 30
0.0
  0
VERTEX
  5
EA7
  8
0
 10
33.00988709123767
 20
31.75556753106351
 30
0.0
  0
VERTEX
  5
EA8
  8
0
 10
32.81966023141117
 20
31.63757248175552
 30
0.0
  0
VERTEX
  5
EA9
  8
0
 10
32.36595209177965
 20
31.35012916674305
 30
0.0
  0
VERTEX
  5
EAA
  8
0
 10
31.91613384425803
 20
31.05658776794398
 30
0.0
  0
VERTEX
  5
EAB
  8
0
 10
31.52725654558553
 20
30.79568958810477
 30
0.0
  0
VERTEX
  5
EAC
  8
0
 10
31.14144901248743
 20
30.53023079320005
 30
0.0
  0
VERTEX
  5
EAD
  8
0
 10
30.75871309770951
 20
30.26032291360951
 30
0.0
  0
VERTEX
  5
EAE
  8
0
 10
30.37905065399757
 20
29.98607747971285
 30
0.0
  0
VERTEX
  5
EAF
  8
0
 10
29.83590263677793
 20
29.58202304618829
 30
0.0
  0
VERTEX
  5
EB0
  8
0
 10
29.30024063297911
 20
29.1681310552455
 30
0.0
  0
SEQEND
  5
EB1
  8
0
  0
POLYLINE
  5
57
  8
0
 66
     1
 10
0.0
 20
0.0
 30
0.0
 70
     1
  0
VERTEX
  5
EB2
  8
0
 10
17.99257901455341
 20
24.798172268402
 30
0.0
  0
VERTEX
  5
EB3
  8
0
 10
18.06765880972956
 20
25.54892049869441
 30
0.0
  0
VERTEX
  5
EB4
  8
0
 10
18.12083191529921
 20
26.30106472966487
 30
0.0
  0
VERTEX
  5
EB5
  8
0
 10
18.15209934528546
 20
27.05412414950633
 30
0.0
  0
VERTEX
  5
EB6
  8
0
 10
18.1614621137114
 20
27.80761794641171
 30
0.0
  0
VERTEX
  5
EB7
  8
0
 10
18.14892123460013
 20
28.56106530857398
 30
0.0
  0
VERTEX
  5
EB8
  8
0
 10
18.11447772197475
 20
29.31398542418606
 30
0.0
  0
VERTEX
  5
EB9
  8
0
 10
18.05813258985836
 20
30.06589748144091
 30
0.0
  0
VERTEX
  5
EBA
  8
0
 10
17.97988685227405
 20
30.81632066853146
 30
0.0
  0
VERTEX
  5
EBB
  8
0
 10
18.17418287078075
 20
30.78681677188005
 30
0.0
  0
VERTEX
  5
EBC
  8
0
 10
18.3674584085201
 20
30.76793684941023
 30
0.0
  0
VERTEX
  5
EBD
  8
0
 10
18.5594170256263
 20
30.75945639743761
 30
0.0
  0
VERTEX
  5
EBE
  8
0
 10
18.74976228223354
 20
30.76115091227781
 30
0.0
  0
VERTEX
  5
EBF
  8
0
 10
18.93819773847601
 20
30.77279589024644
 30
0.0
  0
VERTEX
  5
EC0
  8
0
 10
19.12442695448789
 20
30.79416682765913
 30
0.0
  0
VERTEX
  5
EC1
  8
0
 10
19.30815349040338
 20
30.82503922083149
 30
0.0
  0
VERTEX
  5
EC2
  8
0
 10
19.48908090635665
 20
30.86518856607914
 30
0.0
  0
VERTEX
  5
EC3
  8
0
 10
19.6669127624819
 20
30.9143903597177
 30
0.0
  0
VERTEX
  5
EC4
  8
0
 10
19.84135261891331
 20
30.97242009806279
 30
0.0
  0
VERTEX
  5
EC5
  8
0
 10
20.01210403578508
 20
31.03905327743003
 30
0.0
  0
VERTEX
  5
EC6
  8
0
 10
20.17887057323139
 20
31.11406539413503
 30
0.0
  0
VERTEX
  5
EC7
  8
0
 10
20.34135579138643
 20
31.19723194449341
 30
0.0
  0
VERTEX
  5
EC8
  8
0
 10
20.49926325038438
 20
31.28832842482079
 30
0.0
  0
VERTEX
  5
EC9
  8
0
 10
20.65229651035944
 20
31.38713033143279
 30
0.0
  0
VERTEX
  5
ECA
  8
0
 10
20.80015913144579
 20
31.49341316064503
 30
0.0
  0
VERTEX
  5
ECB
  8
0
 10
20.94255467377763
 20
31.60695240877312
 30
0.0
  0
VERTEX
  5
ECC
  8
0
 10
21.07918669748913
 20
31.72752357213268
 30
0.0
  0
VERTEX
  5
ECD
  8
0
 10
21.20975876271449
 20
31.85490214703933
 30
0.0
  0
VERTEX
  5
ECE
  8
0
 10
21.33397442958789
 20
31.9888636298087
 30
0.0
  0
VERTEX
  5
ECF
  8
0
 10
21.45153725824353
 20
32.12918351675638
 30
0.0
  0
VERTEX
  5
ED0
  8
0
 10
21.56215080881558
 20
32.27563730419802
 30
0.0
  0
VERTEX
  5
ED1
  8
0
 10
21.66551864143824
 20
32.42800048844921
 30
0.0
  0
VERTEX
  5
ED2
  8
0
 10
21.7613443162457
 20
32.58604856582559
 30
0.0
  0
VERTEX
  5
ED3
  8
0
 10
21.84933139337214
 20
32.74955703264277
 30
0.0
  0
VERTEX
  5
ED4
  8
0
 10
21.92918343295175
 20
32.91830138521637
 30
0.0
  0
VERTEX
  5
ED5
  8
0
 10
22.00060399511872
 20
33.09205711986199
 30
0.0
  0
VERTEX
  5
ED6
  8
0
 10
22.06329664000724
 20
33.27059973289528
 30
0.0
  0
VERTEX
  5
ED7
  8
0
 10
22.1169649277515
 20
33.45370472063183
 30
0.0
  0
VERTEX
  5
ED8
  8
0
 10
22.16131241848568
 20
33.64114757938728
 30
0.0
  0
VERTEX
  5
ED9
  8
0
 10
22.19604267234397
 20
33.83270380547724
 30
0.0
  0
VERTEX
  5
EDA
  8
0
 10
22.22085924946057
 20
34.02814889521731
 30
0.0
  0
VERTEX
  5
EDB
  8
0
 10
22.25737225058751
 20
33.76788636548216
 30
0.0
  0
VERTEX
  5
EDC
  8
0
 10
22.31429600666771
 20
33.52192313207551
 30
0.0
  0
VERTEX
  5
EDD
  8
0
 10
22.39038840306802
 20
33.29039514709506
 30
0.0
  0
VERTEX
  5
EDE
  8
0
 10
22.48440732515529
 20
33.07343836263848
 30
0.0
  0
VERTEX
  5
EDF
  8
0
 10
22.59511065829638
 20
32.87118873080345
 30
0.0
  0
VERTEX
  5
EE0
  8
0
 10
22.72125628785814
 20
32.68378220368764
 30
0.0
  0
VERTEX
  5
EE1
  8
0
 10
22.86160209920743
 20
32.51135473338872
 30
0.0
  0
VERTEX
  5
EE2
  8
0
 10
23.01490597771111
 20
32.35404227200438
 30
0.0
  0
VERTEX
  5
EE3
  8
0
 10
23.17992580873602
 20
32.21198077163228
 30
0.0
  0
VERTEX
  5
EE4
  8
0
 10
23.35541947764904
 20
32.0853061843701
 30
0.0
  0
VERTEX
  5
EE5
  8
0
 10
23.54014486981701
 20
31.97415446231553
 30
0.0
  0
VERTEX
  5
EE6
  8
0
 10
23.73285987060678
 20
31.87866155756623
 30
0.0
  0
VERTEX
  5
EE7
  8
0
 10
23.93232236538521
 20
31.79896342221987
 30
0.0
  0
VERTEX
  5
EE8
  8
0
 10
24.13729023951916
 20
31.73519600837414
 30
0.0
  0
VERTEX
  5
EE9
  8
0
 10
24.34652137837548
 20
31.68749526812672
 30
0.0
  0
VERTEX
  5
EEA
  8
0
 10
24.55877366732104
 20
31.65599715357527
 30
0.0
  0
VERTEX
  5
EEB
  8
0
 10
24.77280499172267
 20
31.64083761681748
 30
0.0
  0
VERTEX
  5
EEC
  8
0
 10
24.98737323694725
 20
31.64215260995101
 30
0.0
  0
VERTEX
  5
EED
  8
0
 10
25.20123628836162
 20
31.66007808507355
 30
0.0
  0
VERTEX
  5
EEE
  8
0
 10
25.41315203133264
 20
31.69474999428277
 30
0.0
  0
VERTEX
  5
EEF
  8
0
 10
25.62187835122716
 20
31.74630428967635
 30
0.0
  0
VERTEX
  5
EF0
  8
0
 10
25.82617313341204
 20
31.81487692335196
 30
0.0
  0
VERTEX
  5
EF1
  8
0
 10
26.02479426325414
 20
31.90060384740728
 30
0.0
  0
VERTEX
  5
EF2
  8
0
 10
26.21649962612031
 20
32.00362101393998
 30
0.0
  0
VERTEX
  5
EF3
  8
0
 10
26.40004710737741
 20
32.12406437504774
 30
0.0
  0
VERTEX
  5
EF4
  8
0
 10
26.57419459239229
 20
32.26206988282824
 30
0.0
  0
VERTEX
  5
EF5
  8
0
 10
26.73769996653181
 20
32.41777348937915
 30
0.0
  0
VERTEX
  5
EF6
  8
0
 10
26.88932111516282
 20
32.59131114679815
 30
0.0
  0
VERTEX
  5
EF7
  8
0
 10
27.02781592365217
 20
32.78281880718291
 30
0.0
  0
VERTEX
  5
EF8
  8
0
 10
27.15194227736673
 20
32.99243242263111
 30
0.0
  0
VERTEX
  5
EF9
  8
0
 10
27.26045806167335
 20
33.22028794524043
 30
0.0
  0
VERTEX
  5
EFA
  8
0
 10
27.35212116193889
 20
33.46652132710853
 30
0.0
  0
VERTEX
  5
EFB
  8
0
 10
27.23401362081337
 20
33.00580266368863
 30
0.0
  0
VERTEX
  5
EFC
  8
0
 10
27.09704190443629
 20
32.5510102738458
 30
0.0
  0
VERTEX
  5
EFD
  8
0
 10
26.94144438066261
 20
32.10271372840764
 30
0.0
  0
VERTEX
  5
EFE
  8
0
 10
26.76745941734734
 20
31.66148259820173
 30
0.0
  0
VERTEX
  5
EFF
  8
0
 10
26.57532538234545
 20
31.22788645405569
 30
0.0
  0
VERTEX
  5
F00
  8
0
 10
26.36528064351195
 20
30.8024948667971
 30
0.0
  0
VERTEX
  5
F01
  8
0
 10
26.13756356870181
 20
30.38587740725358
 30
0.0
  0
VERTEX
  5
F02
  8
0
 10
25.89241252577002
 20
29.97860364625273
 30
0.0
  0
VERTEX
  5
F03
  8
0
 10
25.72920641733012
 20
30.04940043453064
 30
0.0
  0
VERTEX
  5
F04
  8
0
 10
25.56645473802231
 20
30.10427215334239
 30
0.0
  0
VERTEX
  5
F05
  8
0
 10
25.40466995043932
 20
30.14379650127914
 30
0.0
  0
VERTEX
  5
F06
  8
0
 10
25.24436451717386
 20
30.16855117693201
 30
0.0
  0
VERTEX
  5
F07
  8
0
 10
25.08605090081868
 20
30.17911387889214
 30
0.0
  0
VERTEX
  5
F08
  8
0
 10
24.93024156396648
 20
30.17606230575068
 30
0.0
  0
VERTEX
  5
F09
  8
0
 10
24.77744896921
 20
30.15997415609878
 30
0.0
  0
VERTEX
  5
F0A
  8
0
 10
24.62818557914196
 20
30.13142712852756
 30
0.0
  0
VERTEX
  5
F0B
  8
0
 10
24.48296385635509
 20
30.09099892162817
 30
0.0
  0
VERTEX
  5
F0C
  8
0
 10
24.34229626344212
 20
30.03926723399174
 30
0.0
  0
VERTEX
  5
F0D
  8
0
 10
24.20669526299576
 20
29.97680976420942
 30
0.0
  0
VERTEX
  5
F0E
  8
0
 10
24.07667331760874
 20
29.90420421087235
 30
0.0
  0
VERTEX
  5
F0F
  8
0
 10
23.95274288987378
 20
29.82202827257167
 30
0.0
  0
VERTEX
  5
F10
  8
0
 10
23.83541644238363
 20
29.73085964789851
 30
0.0
  0
VERTEX
  5
F11
  8
0
 10
23.72520643773099
 20
29.63127603544402
 30
0.0
  0
VERTEX
  5
F12
  8
0
 10
23.62262533850859
 20
29.52385513379934
 30
0.0
  0
VERTEX
  5
F13
  8
0
 10
23.52818560730916
 20
29.40917464155561
 30
0.0
  0
VERTEX
  5
F14
  8
0
 10
23.44239970672543
 20
29.28781225730397
 30
0.0
  0
VERTEX
  5
F15
  8
0
 10
23.36578009935011
 20
29.16034567963555
 30
0.0
  0
VERTEX
  5
F16
  8
0
 10
23.29883924777594
 20
29.02735260714151
 30
0.0
  0
VERTEX
  5
F17
  8
0
 10
23.24208961459564
 20
28.88941073841297
 30
0.0
  0
VERTEX
  5
F18
  8
0
 10
23.19604366240194
 20
28.74709777204109
 30
0.0
  0
VERTEX
  5
F19
  8
0
 10
23.16121385378755
 20
28.60099140661699
 30
0.0
  0
VERTEX
  5
F1A
  8
0
 10
23.13811265134521
 20
28.45166934073182
 30
0.0
  0
VERTEX
  5
F1B
  8
0
 10
23.12725251766764
 20
28.29970927297672
 30
0.0
  0
VERTEX
  5
F1C
  8
0
 10
23.12914591534756
 20
28.14568890194283
 30
0.0
  0
VERTEX
  5
F1D
  8
0
 10
23.14430530697771
 20
27.99018592622129
 30
0.0
  0
VERTEX
  5
F1E
  8
0
 10
23.1732431551508
 20
27.83377804440323
 30
0.0
  0
VERTEX
  5
F1F
  8
0
 10
23.21647192245957
 20
27.67704295507981
 30
0.0
  0
VERTEX
  5
F20
  8
0
 10
23.27450407149673
 20
27.52055835684216
 30
0.0
  0
VERTEX
  5
F21
  8
0
 10
23.34785206485501
 20
27.36490194828141
 30
0.0
  0
VERTEX
  5
F22
  8
0
 10
23.43702836512714
 20
27.21065142798872
 30
0.0
  0
VERTEX
  5
F23
  8
0
 10
23.13925754407099
 20
26.97686905398333
 30
0.0
  0
VERTEX
  5
F24
  8
0
 10
22.8344987026373
 20
26.75356859688527
 30
0.0
  0
VERTEX
  5
F25
  8
0
 10
22.52303478052543
 20
26.54087542954387
 30
0.0
  0
VERTEX
  5
F26
  8
0
 10
22.2051487174347
 20
26.33891492480843
 30
0.0
  0
VERTEX
  5
F27
  8
0
 10
21.88112345306445
 20
26.14781245552829
 30
0.0
  0
VERTEX
  5
F28
  8
0
 10
21.55124192711401
 20
25.96769339455276
 30
0.0
  0
VERTEX
  5
F29
  8
0
 10
21.21578707928272
 20
25.79868311473116
 30
0.0
  0
VERTEX
  5
F2A
  8
0
 10
20.87504184926992
 20
25.64090698891283
 30
0.0
  0
VERTEX
  5
F2B
  8
0
 10
20.52928917677495
 20
25.49449038994707
 30
0.0
  0
VERTEX
  5
F2C
  8
0
 10
20.17881200149713
 20
25.35955869068322
 30
0.0
  0
VERTEX
  5
F2D
  8
0
 10
19.82389326313582
 20
25.23623726397059
 30
0.0
  0
VERTEX
  5
F2E
  8
0
 10
19.46481590139032
 20
25.1246514826585
 30
0.0
  0
VERTEX
  5
F2F
  8
0
 10
19.10186285596
 20
25.02492671959627
 30
0.0
  0
VERTEX
  5
F30
  8
0
 10
18.73531706654419
 20
24.93718834763323
 30
0.0
  0
VERTEX
  5
F31
  8
0
 10
18.36546147284221
 20
24.8615617396187
 30
0.0
  0
SEQEND
  5
F32
  8
0
  0
POLYLINE
  5
58
  8
0
 66
     1
 10
0.0
 20
0.0
 30
0.0
 70
     1
  0
VERTEX
  5
F33
  8
0
 10
24.77739570619119
 20
17.97923798913886
 30
0.0
  0
VERTEX
  5
F34
  8
0
 10
25.52637793911209
 20
18.05269504968473
 30
0.0
  0
VERTEX
  5
F35
  8
0
 10
26.27669951395299
 20
18.10418518624356
 30
0.0
  0
VERTEX
  5
F36
  8
0
 10
27.02788086879737
 20
18.13371057953369
 30
0.0
  0
VERTEX
  5
F37
  8
0
 10
27.77944244172873
 20
18.14127341027349
 30
0.0
  0
VERTEX
  5
F38
  8
0
 10
28.53090467083055
 20
18.1268758591813
 30
0.0
  0
VERTEX
  5
F39
  8
0
 10
29.28178799418635
 20
18.09052010697548
 30
0.0
  0
VERTEX
  5
F3A
  8
0
 10
30.03161284987961
 20
18.03220833437437
 30
0.0
  0
VERTEX
  5
F3B
  8
0
 10
30.77989967599382
 20
17.95194272209634
 30
0.0
  0
VERTEX
  5
F3C
  8
0
 10
30.75094272332227
 20
18.14681442869109
 30
0.0
  0
VERTEX
  5
F3D
  8
0
 10
30.73257971098642
 20
18.34063728501356
 30
0.0
  0
VERTEX
  5
F3E
  8
0
 10
30.72458600007027
 20
18.53311462537704
 30
0.0
  0
VERTEX
  5
F3F
  8
0
 10
30.7267369516578
 20
18.72394978409482
 30
0.0
  0
VERTEX
  5
F40
  8
0
 10
30.73880792683301
 20
18.91284609548019
 30
0.0
  0
VERTEX
  5
F41
  8
0
 10
30.7605742866799
 20
19.09950689384645
 30
0.0
  0
VERTEX
  5
F42
  8
0
 10
30.79181139228245
 20
19.28363551350688
 30
0.0
  0
VERTEX
  5
F43
  8
0
 10
30.83229460472466
 20
19.46493528877478
 30
0.0
  0
VERTEX
  5
F44
  8
0
 10
30.88179928509052
 20
19.64310955396343
 30
0.0
  0
VERTEX
  5
F45
  8
0
 10
30.94010079446401
 20
19.81786164338614
 30
0.0
  0
VERTEX
  5
F46
  8
0
 10
31.00697449392915
 20
19.9888948913562
 30
0.0
  0
VERTEX
  5
F47
  8
0
 10
31.0821957445699
 20
20.15591263218688
 30
0.0
  0
VERTEX
  5
F48
  8
0
 10
31.16553990747028
 20
20.31861820019149
 30
0.0
  0
VERTEX
  5
F49
  8
0
 10
31.25678234371427
 20
20.47671492968333
 30
0.0
  0
VERTEX
  5
F4A
  8
0
 10
31.35569841438587
 20
20.62990615497566
 30
0.0
  0
VERTEX
  5
F4B
  8
0
 10
31.46206348056905
 20
20.7778952103818
 30
0.0
  0
VERTEX
  5
F4C
  8
0
 10
31.57565290334783
 20
20.92038543021503
 30
0.0
  0
VERTEX
  5
F4D
  8
0
 10
31.69624204380619
 20
21.05708014878865
 30
0.0
  0
VERTEX
  5
F4E
  8
0
 10
31.82360626302811
 20
21.18768270041594
 30
0.0
  0
VERTEX
  5
F4F
  8
0
 10
31.95752092209761
 20
21.3118964194102
 30
0.0
  0
VERTEX
  5
F50
  8
0
 10
32.09776138209866
 20
21.42942464008472
 30
0.0
  0
VERTEX
  5
F51
  8
0
 10
32.24410300411526
 20
21.53997069675279
 30
0.0
  0
VERTEX
  5
F52
  8
0
 10
32.3963211492314
 20
21.6432379237277
 30
0.0
  0
VERTEX
  5
F53
  8
0
 10
32.55419117853106
 20
21.73892965532275
 30
0.0
  0
VERTEX
  5
F54
  8
0
 10
32.71748845309826
 20
21.82674922585123
 30
0.0
  0
VERTEX
  5
F55
  8
0
 10
32.88598833401697
 20
21.90639996962642
 30
0.0
  0
VERTEX
  5
F56
  8
0
 10
33.0594661823712
 20
21.97758522096162
 30
0.0
  0
VERTEX
  5
F57
  8
0
 10
33.23769735924493
 20
22.04000831417012
 30
0.0
  0
VERTEX
  5
F58
  8
0
 10
33.42045722572216
 20
22.09337258356522
 30
0.0
  0
VERTEX
  5
F59
  8
0
 10
33.60752114288687
 20
22.1373813634602
 30
0.0
  0
VERTEX
  5
F5A
  8
0
 10
33.79866447182307
 20
22.17173798816836
 30
0.0
  0
VERTEX
  5
F5B
  8
0
 10
33.99366257361473
 20
22.19614579200298
 30
0.0
  0
VERTEX
  5
F5C
  8
0
 10
33.73416367776666
 20
22.23338366103956
 30
0.0
  0
VERTEX
  5
F5D
  8
0
 10
33.48897639484401
 20
22.29105063809132
 30
0.0
  0
VERTEX
  5
F5E
  8
0
 10
33.25823331701895
 20
22.36790105570969
 30
0.0
  0
VERTEX
  5
F5F
  8
0
 10
33.04206703646364
 20
22.46268924644615
 30
0.0
  0
VERTEX
  5
F60
  8
0
 10
32.84061014535023
 20
22.57416954285215
 30
0.0
  0
VERTEX
  5
F61
  8
0
 10
32.6539952358509
 20
22.70109627747914
 30
0.0
  0
VERTEX
  5
F62
  8
0
 10
32.48235490013782
 20
22.84222378287858
 30
0.0
  0
VERTEX
  5
F63
  8
0
 10
32.32582173038313
 20
22.99630639160192
 30
0.0
  0
VERTEX
  5
F64
  8
0
 10
32.18452831875899
 20
23.16209843620063
 30
0.0
  0
VERTEX
  5
F65
  8
0
 10
32.05860725743759
 20
23.33835424922615
 30
0.0
  0
VERTEX
  5
F66
  8
0
 10
31.94819113859107
 20
23.52382816322995
 30
0.0
  0
VERTEX
  5
F67
  8
0
 10
31.8534125543916
 20
23.71727451076347
 30
0.0
  0
VERTEX
  5
F68
  8
0
 10
31.77440409701135
 20
23.91744762437819
 30
0.0
  0
VERTEX
  5
F69
  8
0
 10
31.71129835862247
 20
24.12310183662554
 30
0.0
  0
VERTEX
  5
F6A
  8
0
 10
31.66422793139713
 20
24.332991480057
 30
0.0
  0
VERTEX
  5
F6B
  8
0
 10
31.63332540750748
 20
24.545870887224
 30
0.0
  0
VERTEX
  5
F6C
  8
0
 10
31.6187233791257
 20
24.76049439067802
 30
0.0
  0
VERTEX
  5
F6D
  8
0
 10
31.62055443842394
 20
24.9756163229705
 30
0.0
  0
VERTEX
  5
F6E
  8
0
 10
31.63895117757438
 20
25.1899910166529
 30
0.0
  0
VERTEX
  5
F6F
  8
0
 10
31.67404618874917
 20
25.40237280427669
 30
0.0
  0
VERTEX
  5
F70
  8
0
 10
31.72597206412046
 20
25.61151601839331
 30
0.0
  0
VERTEX
  5
F71
  8
0
 10
31.79486139586044
 20
25.81617499155421
 30
0.0
  0
VERTEX
  5
F72
  8
0
 10
31.88084677614125
 20
26.01510405631086
 30
0.0
  0
VERTEX
  5
F73
  8
0
 10
31.98406079713506
 20
26.20705754521472
 30
0.0
  0
VERTEX
  5
F74
  8
0
 10
32.10463605101404
 20
26.39078979081723
 30
0.0
  0
VERTEX
  5
F75
  8
0
 10
32.24270512995034
 20
26.56505512566986
 30
0.0
  0
VERTEX
  5
F76
  8
0
 10
32.39840062611613
 20
26.72860788232406
 30
0.0
  0
VERTEX
  5
F77
  8
0
 10
32.57185513168358
 20
26.88020239333128
 30
0.0
  0
VERTEX
  5
F78
  8
0
 10
32.76320123882483
 20
27.01859299124299
 30
0.0
  0
VERTEX
  5
F79
  8
0
 10
32.97257153971206
 20
27.14253400861063
 30
0.0
  0
VERTEX
  5
F7A
  8
0
 10
33.20009862651744
 20
27.25077977798568
 30
0.0
  0
VERTEX
  5
F7B
  8
0
 10
33.44591509141311
 20
27.34208463191957
 30
0.0
  0
VERTEX
  5
F7C
  8
0
 10
32.98610579035758
 20
27.22478598262083
 30
0.0
  0
VERTEX
  5
F7D
  8
0
 10
32.53216171665933
 20
27.08855985199049
 30
0.0
  0
VERTEX
  5
F7E
  8
0
 10
32.08465154052837
 20
26.93364384756907
 30
0.0
  0
VERTEX
  5
F7F
  8
0
 10
31.6441439321747
 20
26.76027557689712
 30
0.0
  0
VERTEX
  5
F80
  8
0
 10
31.21120756180832
 20
26.56869264751515
 30
0.0
  0
VERTEX
  5
F81
  8
0
 10
30.78641109963923
 20
26.3591326669637
 30
0.0
  0
VERTEX
  5
F82
  8
0
 10
30.37032321587745
 20
26.1318332427833
 30
0.0
  0
VERTEX
  5
F83
  8
0
 10
29.96351258073297
 20
25.88703198251449
 30
0.0
  0
VERTEX
  5
F84
  8
0
 10
30.03373056310392
 20
25.72323090223226
 30
0.0
  0
VERTEX
  5
F85
  8
0
 10
30.0880658927758
 20
25.55992398566066
 30
0.0
  0
VERTEX
  5
F86
  8
0
 10
30.12709601022888
 20
25.39762362676066
 30
0.0
  0
VERTEX
  5
F87
  8
0
 10
30.15139835594348
 20
25.2368422194932
 30
0.0
  0
VERTEX
  5
F88
  8
0
 10
30.16155037039987
 20
25.07809215781922
 30
0.0
  0
VERTEX
  5
F89
  8
0
 10
30.15812949407835
 20
24.92188583569968
 30
0.0
  0
VERTEX
  5
F8A
  8
0
 10
30.14171316745922
 20
24.76873564709553
 30
0.0
  0
VERTEX
  5
F8B
  8
0
 10
30.11287883102278
 20
24.61915398596771
 30
0.0
  0
VERTEX
  5
F8C
  8
0
 10
30.0722039252493
 20
24.47365324627718
 30
0.0
  0
VERTEX
  5
F8D
  8
0
 10
30.0202658906191
 20
24.33274582198487
 30
0.0
  0
VERTEX
  5
F8E
  8
0
 10
29.95764216761246
 20
24.19694410705175
 30
0.0
  0
VERTEX
  5
F8F
  8
0
 10
29.88491019670968
 20
24.06676049543876
 30
0.0
  0
VERTEX
  5
F90
  8
0
 10
29.80264741839105
 20
23.94270738110684
 30
0.0
  0
VERTEX
  5
F91
  8
0
 10
29.71143127313687
 20
23.82529715801695
 30
0.0
  0
VERTEX
  5
F92
  8
0
 10
29.61183920142742
 20
23.71504222013004
 30
0.0
  0
VERTEX
  5
F93
  8
0
 10
29.50444864374301
 20
23.61245496140705
 30
0.0
  0
VERTEX
  5
F94
  8
0
 10
29.38983704056392
 20
23.51804777580894
 30
0.0
  0
VERTEX
  5
F95
  8
0
 10
29.26858183237046
 20
23.43233305729665
 30
0.0
  0
VERTEX
  5
F96
  8
0
 10
29.14126045964291
 20
23.35582319983112
 30
0.0
  0
VERTEX
  5
F97
  8
0
 10
29.00845036286158
 20
23.28903059737332
 30
0.0
  0
VERTEX
  5
F98
  8
0
 10
28.87072898250675
 20
23.23246764388418
 30
0.0
  0
VERTEX
  5
F99
  8
0
 10
28.72867375905872
 20
23.18664673332466
 30
0.0
  0
VERTEX
  5
F9A
  8
0
 10
28.58286213299778
 20
23.15208025965572
 30
0.0
  0
VERTEX
  5
F9B
  8
0
 10
28.43387154480422
 20
23.12928061683828
 30
0.0
  0
VERTEX
  5
F9C
  8
0
 10
28.28227943495835
 20
23.11876019883331
 30
0.0
  0
VERTEX
  5
F9D
  8
0
 10
28.12866324394044
 20
23.12103139960175
 30
0.0
  0
VERTEX
  5
F9E
  8
0
 10
27.97360041223081
 20
23.13660661310455
 30
0.0
  0
VERTEX
  5
F9F
  8
0
 10
27.81766838030974
 20
23.16599823330266
 30
0.0
  0
VERTEX
  5
FA0
  8
0
 10
27.66144458865753
 20
23.20971865415703
 30
0.0
  0
VERTEX
  5
FA1
  8
0
 10
27.50550647775447
 20
23.26828026962861
 30
0.0
  0
VERTEX
  5
FA2
  8
0
 10
27.35043148808084
 20
23.34219547367834
 30
0.0
  0
VERTEX
  5
FA3
  8
0
 10
27.19679706011696
 20
23.43197666026718
 30
0.0
  0
VERTEX
  5
FA4
  8
0
 10
26.96290030515754
 20
23.13399902813483
 30
0.0
  0
VERTEX
  5
FA5
  8
0
 10
26.73944135417921
 20
22.82898986244175
 30
0.0
  0
VERTEX
  5
FA6
  8
0
 10
26.52654593976715
 20
22.51723253367057
 30
0.0
  0
VERTEX
  5
FA7
  8
0
 10
26.32433979450653
 20
22.19901041230394
 30
0.0
  0
VERTEX
  5
FA8
  8
0
 10
26.1329486509825
 20
21.87460686882449
 30
0.0
  0
VERTEX
  5
FA9
  8
0
 10
25.95249824178023
 20
21.54430527371486
 30
0.0
  0
VERTEX
  5
FAA
  8
0
 10
25.7831142994849
 20
21.20838899745769
 30
0.0
  0
VERTEX
  5
FAB
  8
0
 10
25.62492255668166
 20
20.86714141053561
 30
0.0
  0
VERTEX
  5
FAC
  8
0
 10
25.47804874595569
 20
20.52084588343126
 30
0.0
  0
VERTEX
  5
FAD
  8
0
 10
25.34261859989215
 20
20.16978578662728
 30
0.0
  0
VERTEX
  5
FAE
  8
0
 10
25.2187578510762
 20
19.8142444906063
 30
0.0
  0
VERTEX
  5
FAF
  8
0
 10
25.10659223209301
 20
19.45450536585097
 30
0.0
  0
VERTEX
  5
FB0
  8
0
 10
25.00624747552775
 20
19.09085178284393
 30
0.0
  0
VERTEX
  5
FB1
  8
0
 10
24.91784931396558
 20
18.7235671120678
 30
0.0
  0
VERTEX
  5
FB2
  8
0
 10
24.84152347999167
 20
18.35293472400523
 30
0.0
  0
SEQEND
  5
FB3
  8
0
  0
POLYLINE
  5
59
  8
0
 66
     1
 10
0.0
 20
0.0
 30
0.0
 70
     1
  0
VERTEX
  5
FB4
  8
0
 10
-0.0000000000091253
 20
38.75356240654309
 30
0.0
  0
VERTEX
  5
FB5
  8
0
 10
-0.1100486880408308
 20
39.11399475937303
 30
0.0
  0
VERTEX
  5
FB6
  8
0
 10
-0.2293781804241316
 20
39.47096198975181
 30
0.0
  0
VERTEX
  5
FB7
  8
0
 10
-0.3578964996266615
 20
39.82429287296745
 30
0.0
  0
VERTEX
  5
FB8
  8
0
 10
-0.4955116681160548
 20
40.17381618430794
 30
0.0
  0
VERTEX
  5
FB9
  8
0
 10
-0.6421317083599455
 20
40.51936069906129
 30
0.0
  0
VERTEX
  5
FBA
  8
0
 10
-0.7976646428259677
 20
40.86075519251551
 30
0.0
  0
VERTEX
  5
FBB
  8
0
 10
-0.9620184939817555
 20
41.19782843995859
 30
0.0
  0
VERTEX
  5
FBC
  8
0
 10
-1.135101284294943
 20
41.53040921667856
 30
0.0
  0
VERTEX
  5
FBD
  8
0
 10
-1.316821036233164
 20
41.85832629796339
 30
0.0
  0
VERTEX
  5
FBE
  8
0
 10
-1.507085772264053
 20
42.18140845910112
 30
0.0
  0
VERTEX
  5
FBF
  8
0
 10
-1.705803514855244
 20
42.49948447537973
 30
0.0
  0
VERTEX
  5
FC0
  8
0
 10
-1.912882286474371
 20
42.81238312208723
 30
0.0
  0
VERTEX
  5
FC1
  8
0
 10
-2.128230109589068
 20
43.11993317451163
 30
0.0
  0
VERTEX
  5
FC2
  8
0
 10
-2.351755006666969
 20
43.42196340794094
 30
0.0
  0
VERTEX
  5
FC3
  8
0
 10
-2.583365000175708
 20
43.71830259766315
 30
0.0
  0
VERTEX
  5
FC4
  8
0
 10
-2.82296811258292
 20
44.00877951896627
 30
0.0
  0
VERTEX
  5
FC5
  8
0
 10
2.82296811256467
 20
44.00877951896628
 30
0.0
  0
VERTEX
  5
FC6
  8
0
 10
2.583365000157458
 20
43.71830259766315
 30
0.0
  0
VERTEX
  5
FC7
  8
0
 10
2.351755006648718
 20
43.42196340794095
 30
0.0
  0
VERTEX
  5
FC8
  8
0
 10
2.128230109570817
 20
43.11993317451164
 30
0.0
  0
VERTEX
  5
FC9
  8
0
 10
1.912882286456119
 20
42.81238312208724
 30
0.0
  0
VERTEX
  5
FCA
  8
0
 10
1.705803514836992
 20
42.49948447537975
 30
0.0
  0
VERTEX
  5
FCB
  8
0
 10
1.507085772245801
 20
42.18140845910113
 30
0.0
  0
VERTEX
  5
FCC
  8
0
 10
1.316821036214912
 20
41.85832629796341
 30
0.0
  0
VERTEX
  5
FCD
  8
0
 10
1.135101284276691
 20
41.53040921667856
 30
0.0
  0
VERTEX
  5
FCE
  8
0
 10
0.9620184939635037
 20
41.1978284399586
 30
0.0
  0
VERTEX
  5
FCF
  8
0
 10
0.7976646428077163
 20
40.86075519251551
 30
0.0
  0
VERTEX
  5
FD0
  8
0
 10
0.6421317083416943
 20
40.51936069906129
 30
0.0
  0
VERTEX
  5
FD1
  8
0
 10
0.4955116680978038
 20
40.17381618430794
 30
0.0
  0
VERTEX
  5
FD2
  8
0
 10
0.3578964996084106
 20
39.82429287296745
 30
0.0
  0
VERTEX
  5
FD3
  8
0
 10
0.2293781804058808
 20
39.47096198975181
 30
0.0
  0
VERTEX
  5
FD4
  8
0
 10
0.1100486880225802
 20
39.11399475937303
 30
0.0
  0
SEQEND
  5
FD5
  8
0
  0
POLYLINE
  5
5A
  8
0
 66
     1
 10
0.0
 20
0.0
 30
0.0
 70
     1
  0
VERTEX
  5
FD6
  8
0
 10
13.30281862512848
 20
13.30513131280178
 30
0.0
  0
VERTEX
  5
FD7
  8
0
 10
13.64699718730861
 20
13.75455964524903
 30
0.0
  0
VERTEX
  5
FD8
  8
0
 10
13.97934151335986
 20
14.21206460523465
 30
0.0
  0
VERTEX
  5
FD9
  8
0
 10
14.29973052896838
 20
14.67740444256294
 30
0.0
  0
VERTEX
  5
FDA
  8
0
 10
14.60804315982029
 20
15.15033740703819
 30
0.0
  0
VERTEX
  5
FDB
  8
0
 10
14.90415833160173
 20
15.6306217484647
 30
0.0
  0
VERTEX
  5
FDC
  8
0
 10
15.18795496999885
 20
16.11801571664676
 30
0.0
  0
VERTEX
  5
FDD
  8
0
 10
15.45931200069777
 20
16.61227756138866
 30
0.0
  0
VERTEX
  5
FDE
  8
0
 10
15.71810834938464
 20
17.1131655324947
 30
0.0
  0
VERTEX
  5
FDF
  8
0
 10
15.96422294174559
 20
17.62043787976917
 30
0.0
  0
VERTEX
  5
FE0
  8
0
 10
16.19753470346675
 20
18.13385285301638
 30
0.0
  0
VERTEX
  5
FE1
  8
0
 10
16.41792256023427
 20
18.65316870204061
 30
0.0
  0
VERTEX
  5
FE2
  8
0
 10
16.62526543773429
 20
19.17814367664616
 30
0.0
  0
VERTEX
  5
FE3
  8
0
 10
16.81944226165292
 20
19.70853602663732
 30
0.0
  0
VERTEX
  5
FE4
  8
0
 10
17.00033195767633
 20
20.24410400181839
 30
0.0
  0
VERTEX
  5
FE5
  8
0
 10
17.16781345149063
 20
20.78460585199365
 30
0.0
  0
VERTEX
  5
FE6
  8
0
 10
17.32176566878198
 20
21.32979982696742
 30
0.0
  0
VERTEX
  5
FE7
  8
0
 10
17.85380876876347
 20
21.42454576013833
 30
0.0
  0
VERTEX
  5
FE8
  8
0
 10
18.38090543068166
 20
21.53814921281465
 30
0.0
  0
VERTEX
  5
FE9
  8
0
 10
18.90258913209602
 20
21.67038757023024
 30
0.0
  0
VERTEX
  5
FEA
  8
0
 10
19.41839335056603
 20
21.82103821761895
 30
0.0
  0
VERTEX
  5
FEB
  8
0
 10
19.92785156365116
 20
21.98987854021464
 30
0.0
  0
VERTEX
  5
FEC
  8
0
 10
20.43049724891089
 20
22.17668592325116
 30
0.0
  0
VERTEX
  5
FED
  8
0
 10
20.9258638839047
 20
22.38123775196235
 30
0.0
  0
VERTEX
  5
FEE
  8
0
 10
21.41348494619205
 20
22.60331141158208
 30
0.0
  0
VERTEX
  5
FEF
  8
0
 10
21.89289391333241
 20
22.8426842873442
 30
0.0
  0
VERTEX
  5
FF0
  8
0
 10
22.36362426288529
 20
23.09913376448256
 30
0.0
  0
VERTEX
  5
FF1
  8
0
 10
22.82520947241013
 20
23.37243722823101
 30
0.0
  0
VERTEX
  5
FF2
  8
0
 10
23.27718301946642
 20
23.6623720638234
 30
0.0
  0
VERTEX
  5
FF3
  8
0
 10
23.71907838161363
 20
23.9687156564936
 30
0.0
  0
VERTEX
  5
FF4
  8
0
 10
24.15042903641125
 20
24.29124539147545
 30
0.0
  0
VERTEX
  5
FF5
  8
0
 10
24.57076846141873
 20
24.62973865400281
 30
0.0
  0
VERTEX
  5
FF6
  8
0
 10
24.97963013419556
 20
24.98397282930952
 30
0.0
  0
VERTEX
  5
FF7
  8
0
 10
24.62532512730193
 20
24.57490764882643
 30
0.0
  0
VERTEX
  5
FF8
  8
0
 10
24.28669240632162
 20
24.15429681846415
 30
0.0
  0
VERTEX
  5
FF9
  8
0
 10
23.9639551379294
 20
23.72260753247393
 30
0.0
  0
VERTEX
  5
FFA
  8
0
 10
23.65733648880008
 20
23.28030698510703
 30
0.0
  0
VERTEX
  5
FFB
  8
0
 10
23.36705962560845
 20
22.8278623706147
 30
0.0
  0
VERTEX
  5
FFC
  8
0
 10
23.09334771502929
 20
22.36574088324819
 30
0.0
  0
VERTEX
  5
FFD
  8
0
 10
22.83642392373741
 20
21.89440971725876
 30
0.0
  0
VERTEX
  5
FFE
  8
0
 10
22.5965114184076
 20
21.41433606689767
 30
0.0
  0
VERTEX
  5
FFF
  8
0
 10
22.37383336571465
 20
20.92598712641617
 30
0.0
  0
VERTEX
  5
1000
  8
0
 10
22.16861293233335
 20
20.42983009006551
 30
0.0
  0
VERTEX
  5
1001
  8
0
 10
21.9810732849385
 20
19.92633215209695
 30
0.0
  0
VERTEX
  5
1002
  8
0
 10
21.81143759020488
 20
19.41596050676175
 30
0.0
  0
VERTEX
  5
1003
  8
0
 10
21.6599290148073
 20
18.89918234831115
 30
0.0
  0
VERTEX
  5
1004
  8
0
 10
21.52677072542055
 20
18.37646487099642
 30
0.0
  0
VERTEX
  5
1005
  8
0
 10
21.41218588871942
 20
17.84827526906881
 30
0.0
  0
VERTEX
  5
1006
  8
0
 10
21.3163976713787
 20
17.31508073677957
 30
0.0
  0
VERTEX
  5
1007
  8
0
 10
20.77224544326
 20
17.16204890125831
 30
0.0
  0
VERTEX
  5
1008
  8
0
 10
20.23274041163164
 20
16.995441316761
 30
0.0
  0
VERTEX
  5
1009
  8
0
 10
19.69812399260932
 20
16.8153787865403
 30
0.0
  0
VERTEX
  5
100A
  8
0
 10
19.16863760230879
 20
16.62198211384887
 30
0.0
  0
VERTEX
  5
100B
  8
0
 10
18.64452265684578
 20
16.41537210193935
 30
0.0
  0
VERTEX
  5
100C
  8
0
 10
18.12602057233602
 20
16.19566955406442
 30
0.0
  0
VERTEX
  5
100D
  8
0
 10
17.61337276489525
 20
15.96299527347672
 30
0.0
  0
VERTEX
  5
100E
  8
0
 10
17.10682065063919
 20
15.71747006342892
 30
0.0
  0
VERTEX
  5
100F
  8
0
 10
16.60660564568359
 20
15.45921472717367
 30
0.0
  0
VERTEX
  5
1010
  8
0
 10
16.11296916614416
 20
15.18835006796364
 30
0.0
  0
VERTEX
  5
1011
  8
0
 10
15.62615262813665
 20
14.90499688905147
 30
0.0
  0
VERTEX
  5
1012
  8
0
 10
15.1463974477768
 20
14.60927599368985
 30
0.0
  0
VERTEX
  5
1013
  8
0
 10
14.67394504118031
 20
14.3013081851314
 30
0.0
  0
VERTEX
  5
1014
  8
0
 10
14.20903682446295
 20
13.98121426662881
 30
0.0
  0
VERTEX
  5
1015
  8
0
 10
13.75191421374042
 20
13.64911504143471
 30
0.0
  0
SEQEND
  5
1016
  8
0
  0
POLYLINE
  5
5B
  8
0
 66
     1
 10
0.0
 20
0.0
 30
0.0
 70
     1
  0
VERTEX
  5
1017
  8
0
 10
4.783923724665539
 20
4.784755407023441
 30
0.0
  0
VERTEX
  5
1018
  8
0
 10
4.573385119467677
 20
4.987387011243039
 30
0.0
  0
VERTEX
  5
1019
  8
0
 10
4.354425660328987
 20
5.180634045634887
 30
0.0
  0
VERTEX
  5
101A
  8
0
 10
4.127356978567974
 20
5.364233214974821
 30
0.0
  0
VERTEX
  5
101B
  8
0
 10
3.892490705503147
 20
5.53792122403867
 30
0.0
  0
VERTEX
  5
101C
  8
0
 10
3.977928560179563
 20
5.751265273008315
 30
0.0
  0
VERTEX
  5
101D
  8
0
 10
4.070873115473232
 20
5.95997899153738
 30
0.0
  0
VERTEX
  5
101E
  8
0
 10
4.171133056517466
 20
6.16392815609197
 30
0.0
  0
VERTEX
  5
101F
  8
0
 10
4.278517068445582
 20
6.362978543138185
 30
0.0
  0
VERTEX
  5
1020
  8
0
 10
4.392833836390892
 20
6.556995929142128
 30
0.0
  0
VERTEX
  5
1021
  8
0
 10
4.513892045486712
 20
6.745846090569901
 30
0.0
  0
VERTEX
  5
1022
  8
0
 10
4.641500380866356
 20
6.929394803887607
 30
0.0
  0
VERTEX
  5
1023
  8
0
 10
4.775467527663137
 20
7.107507845561346
 30
0.0
  0
VERTEX
  5
1024
  8
0
 10
4.91560217101037
 20
7.280050992057223
 30
0.0
  0
VERTEX
  5
1025
  8
0
 10
5.061712996041368
 20
7.446890019841338
 30
0.0
  0
VERTEX
  5
1026
  8
0
 10
5.213608687889447
 20
7.607890705379795
 30
0.0
  0
VERTEX
  5
1027
  8
0
 10
5.37109793168792
 20
7.762918825138695
 30
0.0
  0
VERTEX
  5
1028
  8
0
 10
5.533989412570103
 20
7.911840155584141
 30
0.0
  0
VERTEX
  5
1029
  8
0
 10
5.702091815669307
 20
8.054520473182233
 30
0.0
  0
VERTEX
  5
102A
  8
0
 10
5.875213826118848
 20
8.190825554399076
 30
0.0
  0
VERTEX
  5
102B
  8
0
 10
6.053164129052041
 20
8.320621175700772
 30
0.0
  0
VERTEX
  5
102C
  8
0
 10
6.235751409602199
 20
8.443773113553421
 30
0.0
  0
VERTEX
  5
102D
  8
0
 10
6.422784352902637
 20
8.560147144423127
 30
0.0
  0
VERTEX
  5
102E
  8
0
 10
6.614071644086668
 20
8.669609044775992
 30
0.0
  0
VERTEX
  5
102F
  8
0
 10
6.809421968287607
 20
8.772024591078118
 30
0.0
  0
VERTEX
  5
1030
  8
0
 10
7.008644010638769
 20
8.867259559795606
 30
0.0
  0
VERTEX
  5
1031
  8
0
 10
7.211546456273467
 20
8.955179727394558
 30
0.0
  0
VERTEX
  5
1032
  8
0
 10
7.417937990325016
 20
9.03565087034108
 30
0.0
  0
VERTEX
  5
1033
  8
0
 10
7.627627297926729
 20
9.108538765101269
 30
0.0
  0
VERTEX
  5
1034
  8
0
 10
7.840423064211921
 20
9.173709188141231
 30
0.0
  0
VERTEX
  5
1035
  8
0
 10
8.056133974313907
 20
9.231027915927067
 30
0.0
  0
VERTEX
  5
1036
  8
0
 10
8.274568713366
 20
9.28036072492488
 30
0.0
  0
VERTEX
  5
1037
  8
0
 10
8.495535966501514
 20
9.321573391600769
 30
0.0
  0
VERTEX
  5
1038
  8
0
 10
8.718844418853763
 20
9.35453169242084
 30
0.0
  0
VERTEX
  5
1039
  8
0
 10
8.944302755556063
 20
9.379101403851193
 30
0.0
  0
VERTEX
  5
103A
  8
0
 10
9.171719661741728
 20
9.395148302357931
 30
0.0
  0
VERTEX
  5
103B
  8
0
 10
9.400903822544072
 20
9.402538164407156
 30
0.0
  0
VERTEX
  5
103C
  8
0
 10
9.39297826950623
 20
9.17277709121913
 30
0.0
  0
VERTEX
  5
103D
  8
0
 10
9.376422418729948
 20
8.944808818230515
 30
0.0
  0
VERTEX
  5
103E
  8
0
 10
9.351370608695248
 20
8.71882483186878
 30
0.0
  0
VERTEX
  5
103F
  8
0
 10
9.317957177882153
 20
8.495016618561401
 30
0.0
  0
VERTEX
  5
1040
  8
0
 10
9.276316464770687
 20
8.273575664735844
 30
0.0
  0
VERTEX
  5
1041
  8
0
 10
9.226582807840872
 20
8.054693456819583
 30
0.0
  0
VERTEX
  5
1042
  8
0
 10
9.168890545572731
 20
7.838561481240088
 30
0.0
  0
VERTEX
  5
1043
  8
0
 10
9.103374016446288
 20
7.625371224424828
 30
0.0
  0
VERTEX
  5
1044
  8
0
 10
9.030167558941567
 20
7.415314172801279
 30
0.0
  0
VERTEX
  5
1045
  8
0
 10
8.949405511538593
 20
7.208581812796908
 30
0.0
  0
VERTEX
  5
1046
  8
0
 10
8.861222212717387
 20
7.005365630839187
 30
0.0
  0
VERTEX
  5
1047
  8
0
 10
8.765752000957972
 20
6.805857113355588
 30
0.0
  0
VERTEX
  5
1048
  8
0
 10
8.663129214740373
 20
6.610247746773581
 30
0.0
  0
VERTEX
  5
1049
  8
0
 10
8.553488192544613
 20
6.418729017520638
 30
0.0
  0
VERTEX
  5
104A
  8
0
 10
8.436963272850713
 20
6.231492412024229
 30
0.0
  0
VERTEX
  5
104B
  8
0
 10
8.313688794138699
 20
6.048729416711828
 30
0.0
  0
VERTEX
  5
104C
  8
0
 10
8.183799094888595
 20
5.870631518010901
 30
0.0
  0
VERTEX
  5
104D
  8
0
 10
8.04742851358042
 20
5.697390202348924
 30
0.0
  0
VERTEX
  5
104E
  8
0
 10
7.904711388694202
 20
5.529196956153364
 30
0.0
  0
VERTEX
  5
104F
  8
0
 10
7.755782058709962
 20
5.366243265851695
 30
0.0
  0
VERTEX
  5
1050
  8
0
 10
7.600774862107725
 20
5.208720617871387
 30
0.0
  0
VERTEX
  5
1051
  8
0
 10
7.439824137367513
 20
5.056820498639912
 30
0.0
  0
VERTEX
  5
1052
  8
0
 10
7.273064222969349
 20
4.91073439458474
 30
0.0
  0
VERTEX
  5
1053
  8
0
 10
7.100629457393257
 20
4.770653792133341
 30
0.0
  0
VERTEX
  5
1054
  8
0
 10
6.922654179119261
 20
4.636770177713188
 30
0.0
  0
VERTEX
  5
1055
  8
0
 10
6.739272726627383
 20
4.509275037751751
 30
0.0
  0
VERTEX
  5
1056
  8
0
 10
6.550619438397646
 20
4.388359858676502
 30
0.0
  0
VERTEX
  5
1057
  8
0
 10
6.356828652910076
 20
4.274216126914911
 30
0.0
  0
VERTEX
  5
1058
  8
0
 10
6.158034708644696
 20
4.16703532889445
 30
0.0
  0
VERTEX
  5
1059
  8
0
 10
5.954371944081526
 20
4.067008951042588
 30
0.0
  0
VERTEX
  5
105A
  8
0
 10
5.745974697700591
 20
3.974328479786799
 30
0.0
  0
VERTEX
  5
105B
  8
0
 10
5.532977307981916
 20
3.889185401554554
 30
0.0
  0
VERTEX
  5
105C
  8
0
 10
5.360308541502119
 20
4.125081730210988
 30
0.0
  0
VERTEX
  5
105D
  8
0
 10
5.177735450355922
 20
4.353184225704949
 30
0.0
  0
VERTEX
  5
105E
  8
0
 10
4.985519892193627
 20
4.573179810490934
 30
0.0
  0
SEQEND
  5
105F
  8
0
  0
POLYLINE
  5
5C
  8
0
 66
     1
 10
0.0
 20
0.0
 30
0.0
 70
     1
  0
VERTEX
  5
1060
  8
0
 10
6.757295146505211
 20
0.0000000000005737
 30
0.0
  0
VERTEX
  5
1061
  8
0
 10
6.749679344636131
 20
0.3278810232103662
 30
0.0
  0
VERTEX
  5
1062
  8
0
 10
6.726067558453893
 20
0.6547983810937306
 30
0.0
  0
VERTEX
  5
1063
  8
0
 10
6.686516706037009
 20
0.9801642782332465
 30
0.0
  0
VERTEX
  5
1064
  8
0
 10
6.631083705463991
 20
1.303390919211494
 30
0.0
  0
VERTEX
  5
1065
  8
0
 10
7.177448966913062
 20
1.583054746053736
 30
0.0
  0
VERTEX
  5
1066
  8
0
 10
7.710967118414925
 20
1.884990913733583
 30
0.0
  0
VERTEX
  5
1067
  8
0
 10
8.230983896163687
 20
2.208732777463132
 30
0.0
  0
VERTEX
  5
1068
  8
0
 10
8.736845036353458
 20
2.553813692454478
 30
0.0
  0
VERTEX
  5
1069
  8
0
 10
9.227896275178342
 20
2.919767013919718
 30
0.0
  0
VERTEX
  5
106A
  8
0
 10
9.703483348832446
 20
3.306126097070948
 30
0.0
  0
VERTEX
  5
106B
  8
0
 10
10.16295199350988
 20
3.712424297120264
 30
0.0
  0
VERTEX
  5
106C
  8
0
 10
10.60564794540475
 20
4.138194969279763
 30
0.0
  0
VERTEX
  5
106D
  8
0
 10
10.77534937377995
 20
3.88530194087487
 30
0.0
  0
VERTEX
  5
106E
  8
0
 10
10.95809027705676
 20
3.649958666863114
 30
0.0
  0
VERTEX
  5
106F
  8
0
 10
11.15294391799631
 20
3.432117470673926
 30
0.0
  0
VERTEX
  5
1070
  8
0
 10
11.3589835593597
 20
3.231730675736736
 30
0.0
  0
VERTEX
  5
1071
  8
0
 10
11.57528246390804
 20
3.048750605480972
 30
0.0
  0
VERTEX
  5
1072
  8
0
 10
11.80091389440246
 20
2.883129583336066
 30
0.0
  0
VERTEX
  5
1073
  8
0
 10
12.03495111360404
 20
2.734819932731446
 30
0.0
  0
VERTEX
  5
1074
  8
0
 10
12.27646738427392
 20
2.603773977096543
 30
0.0
  0
VERTEX
  5
1075
  8
0
 10
12.52453596917321
 20
2.489944039860786
 30
0.0
  0
VERTEX
  5
1076
  8
0
 10
12.778230131063
 20
2.393282444453605
 30
0.0
  0
VERTEX
  5
1077
  8
0
 10
13.03662313270441
 20
2.313741514304429
 30
0.0
  0
VERTEX
  5
1078
  8
0
 10
13.29878823685856
 20
2.251273572842689
 30
0.0
  0
VERTEX
  5
1079
  8
0
 10
13.56379870628656
 20
2.205830943497815
 30
0.0
  0
VERTEX
  5
107A
  8
0
 10
13.83072780374951
 20
2.177365949699236
 30
0.0
  0
VERTEX
  5
107B
  8
0
 10
14.09864879200853
 20
2.165830914876381
 30
0.0
  0
VERTEX
  5
107C
  8
0
 10
14.36663493382473
 20
2.171178162458682
 30
0.0
  0
VERTEX
  5
107D
  8
0
 10
14.63375949195922
 20
2.193360015875568
 30
0.0
  0
VERTEX
  5
107E
  8
0
 10
14.89909572917312
 20
2.232328798556467
 30
0.0
  0
VERTEX
  5
107F
  8
0
 10
15.16171690822752
 20
2.288036833930811
 30
0.0
  0
VERTEX
  5
1080
  8
0
 10
15.42069629188355
 20
2.360436445428028
 30
0.0
  0
VERTEX
  5
1081
  8
0
 10
15.67510714290231
 20
2.449479956477549
 30
0.0
  0
VERTEX
  5
1082
  8
0
 10
15.92402272404493
 20
2.555119690508804
 30
0.0
  0
VERTEX
  5
1083
  8
0
 10
16.1665162980725
 20
2.677307970951222
 30
0.0
  0
VERTEX
  5
1084
  8
0
 10
16.40166112774614
 20
2.815997121234233
 30
0.0
  0
VERTEX
  5
1085
  8
0
 10
16.62853047582696
 20
2.971139464787267
 30
0.0
  0
VERTEX
  5
1086
  8
0
 10
16.84619760507607
 20
3.142687325039754
 30
0.0
  0
VERTEX
  5
1087
  8
0
 10
17.05373577825458
 20
3.330593025421122
 30
0.0
  0
VERTEX
  5
1088
  8
0
 10
17.25021825812362
 20
3.534808889360804
 30
0.0
  0
VERTEX
  5
1089
  8
0
 10
17.43471830744428
 20
3.755287240288227
 30
0.0
  0
VERTEX
  5
108A
  8
0
 10
17.60630918897767
 20
3.991980401632822
 30
0.0
  0
VERTEX
  5
108B
  8
0
 10
17.76406416548491
 20
4.244840696824018
 30
0.0
  0
VERTEX
  5
108C
  8
0
 10
17.90705649972711
 20
4.513820449291246
 30
0.0
  0
VERTEX
  5
108D
  8
0
 10
17.9397507210578
 20
4.575671615602085
 30
0.0
  0
VERTEX
  5
108E
  8
0
 10
18.01236933714959
 20
4.743513359876347
 30
0.0
  0
VERTEX
  5
108F
  8
0
 10
18.07440259385931
 20
4.918369288584196
 30
0.0
  0
VERTEX
  5
1090
  8
0
 10
18.12496878980132
 20
5.099240202600777
 30
0.0
  0
VERTEX
  5
1091
  8
0
 10
18.16331235916287
 20
5.284988674490183
 30
0.0
  0
VERTEX
  5
1092
  8
0
 10
18.18882965221718
 20
5.474359546838742
 30
0.0
  0
VERTEX
  5
1093
  8
0
 10
18.20109058298018
 20
5.666006052013451
 30
0.0
  0
VERTEX
  5
1094
  8
0
 10
18.19985475839477
 20
5.858520529343785
 30
0.0
  0
VERTEX
  5
1095
  8
0
 10
18.18508100532856
 20
6.050468334050722
 30
0.0
  0
VERTEX
  5
1096
  8
0
 10
18.15692962719128
 20
6.240423254790307
 30
0.0
  0
VERTEX
  5
1097
  8
0
 10
18.11575721062515
 20
6.427002619357072
 30
0.0
  0
VERTEX
  5
1098
  8
0
 10
18.06210431253906
 20
6.608900289432603
 30
0.0
  0
VERTEX
  5
1099
  8
0
 10
17.99667683328762
 20
6.784915922945325
 30
0.0
  0
VERTEX
  5
109A
  8
0
 10
17.92032227280268
 20
6.953979193823711
 30
0.0
  0
VERTEX
  5
109B
  8
0
 10
17.83400233560528
 20
7.115168064501529
 30
0.0
  0
VERTEX
  5
109C
  8
0
 10
17.73876347834167
 20
7.267720657800724
 30
0.0
  0
VERTEX
  5
109D
  8
0
 10
17.63370015117196
 20
7.413645952639047
 30
0.0
  0
VERTEX
  5
109E
  8
0
 10
17.51729740608399
 20
7.554541845820554
 30
0.0
  0
VERTEX
  5
109F
  8
0
 10
17.38986489144359
 20
7.689149430969278
 30
0.0
  0
VERTEX
  5
10A0
  8
0
 10
17.25189216059464
 20
7.816228171219731
 30
0.0
  0
VERTEX
  5
10A1
  8
0
 10
17.10404879968349
 20
7.934587725092451
 30
0.0
  0
VERTEX
  5
10A2
  8
0
 10
16.94717786670552
 20
8.04312027302627
 30
0.0
  0
VERTEX
  5
10A3
  8
0
 10
16.78228246023636
 20
8.14083169370804
 30
0.0
  0
VERTEX
  5
10A4
  8
0
 10
16.61050570135966
 20
8.22686988793527
 30
0.0
  0
VERTEX
  5
10A5
  8
0
 10
16.43310488841218
 20
8.300548644880402
 30
0.0
  0
VERTEX
  5
10A6
  8
0
 10
16.25142101901816
 20
8.361365691508933
 30
0.0
  0
VERTEX
  5
10A7
  8
0
 10
16.06684521720445
 20
8.409013940594434
 30
0.0
  0
VERTEX
  5
10A8
  8
0
 10
15.8807838151819
 20
8.443385418211694
 30
0.0
  0
VERTEX
  5
10A9
  8
0
 10
15.69462389660517
 20
8.464567857141558
 30
0.0
  0
VERTEX
  5
10AA
  8
0
 10
15.50970100832807
 20
8.47283443305646
 30
0.0
  0
VERTEX
  5
10AB
  8
0
 10
15.32727050878125
 20
8.468627544535929
 30
0.0
  0
VERTEX
  5
10AC
  8
0
 10
15.14848367756564
 20
8.452537856409082
 30
0.0
  0
VERTEX
  5
10AD
  8
0
 10
14.97114387778821
 20
8.42466518407235
 30
0.0
  0
VERTEX
  5
10AE
  8
0
 10
14.79314422989615
 20
8.384378460813911
 30
0.0
  0
VERTEX
  5
10AF
  8
0
 10
14.61574453687716
 20
8.331384659983833
 30
0.0
  0
VERTEX
  5
10B0
  8
0
 10
14.44026969960083
 20
8.265559905347512
 30
0.0
  0
VERTEX
  5
10B1
  8
0
 10
14.2680814695758
 20
8.186963991565856
 30
0.0
  0
VERTEX
  5
10B2
  8
0
 10
14.1005467287138
 20
8.09584915152343
 30
0.0
  0
VERTEX
  5
10B3
  8
0
 10
13.93900368215754
 20
7.992662160936955
 30
0.0
  0
VERTEX
  5
10B4
  8
0
 10
13.78472760645591
 20
7.878039263162112
 30
0.0
  0
VERTEX
  5
10B5
  8
0
 10
13.63889792449588
 20
7.752793866727088
 30
0.0
  0
VERTEX
  5
10B6
  8
0
 10
13.50256835675673
 20
7.617897468179428
 30
0.0
  0
VERTEX
  5
10B7
  8
0
 10
13.37664172061799
 20
7.474454729367782
 30
0.0
  0
VERTEX
  5
10B8
  8
0
 10
13.26185063137385
 20
7.323674038307725
 30
0.0
  0
VERTEX
  5
10B9
  8
0
 10
13.15874493488586
 20
7.166835162783781
 30
0.0
  0
VERTEX
  5
10BA
  8
0
 10
13.06768622045217
 20
7.005255738621496
 30
0.0
  0
VERTEX
  5
10BB
  8
0
 10
12.98884927708163
 20
6.840258313003598
 30
0.0
  0
VERTEX
  5
10BC
  8
0
 10
12.92222991763885
 20
6.673139500232204
 30
0.0
  0
VERTEX
  5
10BD
  8
0
 10
13.02296825437777
 20
6.982229670457318
 30
0.0
  0
VERTEX
  5
10BE
  8
0
 10
13.13727316915189
 20
7.291066617352283
 30
0.0
  0
VERTEX
  5
10BF
  8
0
 10
13.26536361458027
 20
7.598820050811807
 30
0.0
  0
VERTEX
  5
10C0
  8
0
 10
13.40739545141381
 20
7.904623863783984
 30
0.0
  0
VERTEX
  5
10C1
  8
0
 10
13.56345618473997
 20
8.207581781638707
 30
0.0
  0
VERTEX
  5
10C2
  8
0
 10
13.73356026178817
 20
8.506773827468557
 30
0.0
  0
VERTEX
  5
10C3
  8
0
 10
13.91764506761717
 20
8.801263543996862
 30
0.0
  0
VERTEX
  5
10C4
  8
0
 10
14.11556774896738
 20
9.090105887800982
 30
0.0
  0
VERTEX
  5
10C5
  8
0
 10
14.32710298559623
 20
9.372355687013922
 30
0.0
  0
VERTEX
  5
10C6
  8
0
 10
14.55194181243159
 20
9.647076530626723
 30
0.0
  0
VERTEX
  5
10C7
  8
0
 10
14.78969157508402
 20
9.913349937100541
 30
0.0
  0
VERTEX
  5
10C8
  8
0
 10
15.03987707613054
 20
10.170284633309
 30
0.0
  0
VERTEX
  5
10C9
  8
0
 10
15.30194294086735
 20
10.41702576286722
 30
0.0
  0
VERTEX
  5
10CA
  8
0
 10
15.57525719992196
 20
10.65276383649501
 30
0.0
  0
VERTEX
  5
10CB
  8
0
 10
15.85911605341547
 20
10.8767432368021
 30
0.0
  0
VERTEX
  5
10CC
  8
0
 10
16.15274974861467
 20
11.08827009607957
 30
0.0
  0
VERTEX
  5
10CD
  8
0
 10
16.45532947162019
 20
11.28671937831259
 30
0.0
  0
VERTEX
  5
10CE
  8
0
 10
16.76597512498908
 20
11.47154101533866
 30
0.0
  0
VERTEX
  5
10CF
  8
0
 10
17.08376383856991
 20
11.64226497117367
 30
0.0
  0
VERTEX
  5
10D0
  8
0
 10
17.40773904132445
 20
11.79850513703855
 30
0.0
  0
VERTEX
  5
10D1
  8
0
 10
17.73691990835629
 20
11.93996199132709
 30
0.0
  0
VERTEX
  5
10D2
  8
0
 10
18.07031099027631
 20
12.06642399228823
 30
0.0
  0
VERTEX
  5
10D3
  8
0
 10
18.40691183159006
 20
12.17776770510851
 30
0.0
  0
VERTEX
  5
10D4
  8
0
 10
18.74572639082278
 20
12.27395669794382
 30
0.0
  0
VERTEX
  5
10D5
  8
0
 10
19.08577208711734
 20
12.35503927194096
 30
0.0
  0
VERTEX
  5
10D6
  8
0
 10
19.42608831527974
 20
12.42114511726227
 30
0.0
  0
VERTEX
  5
10D7
  8
0
 10
19.76574429272168
 20
12.47248100967513
 30
0.0
  0
VERTEX
  5
10D8
  8
0
 10
20.10384612632862
 20
12.50932567975958
 30
0.0
  0
VERTEX
  5
10D9
  8
0
 10
20.43954301376525
 20
12.53202399888403
 30
0.0
  0
VERTEX
  5
10DA
  8
0
 10
20.77203252092541
 20
12.54098063274863
 30
0.0
  0
VERTEX
  5
10DB
  8
0
 10
21.10056490402177
 20
12.53665331471167
 30
0.0
  0
VERTEX
  5
10DC
  8
0
 10
21.42444647020083
 20
12.51954588773117
 30
0.0
  0
VERTEX
  5
10DD
  8
0
 10
21.48299671393831
 20
12.14764713594482
 30
0.0
  0
VERTEX
  5
10DE
  8
0
 10
21.55382492598552
 20
11.77646492217401
 30
0.0
  0
VERTEX
  5
10DF
  8
0
 10
21.63694559474507
 20
11.40660572493051
 30
0.0
  0
VERTEX
  5
10E0
  8
0
 10
21.73233362809323
 20
11.0386795907716
 30
0.0
  0
VERTEX
  5
10E1
  8
0
 10
21.83992390092886
 20
10.67329689176081
 30
0.0
  0
VERTEX
  5
10E2
  8
0
 10
21.95961112021318
 20
10.3110650276666
 30
0.0
  0
VERTEX
  5
10E3
  8
0
 10
22.09125001444878
 20
9.952585109449315
 30
0.0
  0
VERTEX
  5
10E4
  8
0
 10
22.23465584974782
 20
9.598448661503962
 30
0.0
  0
VERTEX
  5
10E5
  8
0
 10
22.38960526971639
 20
9.249234380328724
 30
0.0
  0
VERTEX
  5
10E6
  8
0
 10
22.55583745145312
 20
8.905504986760578
 30
0.0
  0
VERTEX
  5
10E7
  8
0
 10
22.73305556514592
 20
8.567804207664613
 30
0.0
  0
VERTEX
  5
10E8
  8
0
 10
22.92092852016645
 20
8.236653921009198
 30
0.0
  0
VERTEX
  5
10E9
  8
0
 10
23.11909297632132
 20
7.912551495652479
 30
0.0
  0
VERTEX
  5
10EA
  8
0
 10
23.32715559511978
 20
7.595967353972858
 30
0.0
  0
VERTEX
  5
10EB
  8
0
 10
23.54469550264915
 20
7.287342781780782
 30
0.0
  0
VERTEX
  5
10EC
  8
0
 10
23.77126693297834
 20
6.987088005847164
 30
0.0
  0
VERTEX
  5
10ED
  8
0
 10
23.53014911940789
 20
6.974271802267542
 30
0.0
  0
VERTEX
  5
10EE
  8
0
 10
23.28699735107586
 20
6.946484885904556
 30
0.0
  0
VERTEX
  5
10EF
  8
0
 10
23.04316964127798
 20
6.903316643365016
 30
0.0
  0
VERTEX
  5
10F0
  8
0
 10
22.80009679799871
 20
6.844520200258869
 30
0.0
  0
VERTEX
  5
10F1
  8
0
 10
22.5592578086475
 20
6.770026365925167
 30
0.0
  0
VERTEX
  5
10F2
  8
0
 10
22.32215228747432
 20
6.679953061229068
 30
0.0
  0
VERTEX
  5
10F3
  8
0
 10
22.20546660680168
 20
6.629163275366631
 30
0.0
  0
VERTEX
  5
10F4
  8
0
 10
22.09027096577459
 20
6.574609543328716
 30
0.0
  0
VERTEX
  5
10F5
  8
0
 10
21.97674534085709
 20
6.51636018653237
 30
0.0
  0
VERTEX
  5
10F6
  8
0
 10
21.86506537890977
 20
6.454494991046126
 30
0.0
  0
VERTEX
  5
10F7
  8
0
 10
21.75540149471971
 20
6.389104848468763
 30
0.0
  0
VERTEX
  5
10F8
  8
0
 10
21.64791800536241
 20
6.320291311749048
 30
0.0
  0
VERTEX
  5
10F9
  8
0
 10
21.54277231061276
 20
6.248166070492684
 30
0.0
  0
VERTEX
  5
10FA
  8
0
 10
21.44011412797375
 20
6.172850351435695
 30
0.0
  0
VERTEX
  5
10FB
  8
0
 10
21.24281661138383
 20
6.013176006078093
 30
0.0
  0
VERTEX
  5
10FC
  8
0
 10
21.05704462750304
 20
5.842402015856693
 30
0.0
  0
VERTEX
  5
10FD
  8
0
 10
20.88365712696087
 20
5.661766449585931
 30
0.0
  0
VERTEX
  5
10FE
  8
0
 10
20.72334157079528
 20
5.472584035737348
 30
0.0
  0
VERTEX
  5
10FF
  8
0
 10
20.57660812963358
 20
5.276217559053467
 30
0.0
  0
VERTEX
  5
1100
  8
0
 10
20.44378925479307
 20
5.074049517393725
 30
0.0
  0
VERTEX
  5
1101
  8
0
 10
20.32332567017772
 20
4.864245851356793
 30
0.0
  0
VERTEX
  5
1102
  8
0
 10
20.21428375359998
 20
4.64458584463959
 30
0.0
  0
VERTEX
  5
1103
  8
0
 10
20.11774600527005
 20
4.415988461545953
 30
0.0
  0
VERTEX
  5
1104
  8
0
 10
20.03469750619485
 20
4.179522990089253
 30
0.0
  0
VERTEX
  5
1105
  8
0
 10
19.96600085563873
 20
3.936395922537443
 30
0.0
  0
VERTEX
  5
1106
  8
0
 10
19.91237329044245
 20
3.687932907457642
 30
0.0
  0
VERTEX
  5
1107
  8
0
 10
19.89138989852869
 20
3.562141804035609
 30
0.0
  0
VERTEX
  5
1108
  8
0
 10
19.87436709363245
 20
3.435556224439858
 30
0.0
  0
VERTEX
  5
1109
  8
0
 10
19.86134562335878
 20
3.30836473928862
 30
0.0
  0
VERTEX
  5
110A
  8
0
 10
19.85235428538479
 20
3.180758514856693
 30
0.0
  0
VERTEX
  5
110B
  8
0
 10
19.84740973697058
 20
3.052930358516341
 30
0.0
  0
VERTEX
  5
110C
  8
0
 10
19.84651639569182
 20
2.925073748882173
 30
0.0
  0
VERTEX
  5
110D
  8
0
 10
19.84966643260467
 20
2.797381860886904
 30
0.0
  0
VERTEX
  5
110E
  8
0
 10
19.85683985775218
 20
2.670046596086253
 30
0.0
  0
VERTEX
  5
110F
  8
0
 10
19.88311725493322
 20
2.417201475010792
 30
0.0
  0
VERTEX
  5
1110
  8
0
 10
19.92495432859687
 20
2.168012574986814
 30
0.0
  0
VERTEX
  5
1111
  8
0
 10
19.9817823379765
 20
1.923876069490233
 30
0.0
  0
VERTEX
  5
1112
  8
0
 10
20.05287508416383
 20
1.686085582824242
 30
0.0
  0
VERTEX
  5
1113
  8
0
 10
20.13736969084781
 20
1.455811747707249
 30
0.0
  0
VERTEX
  5
1114
  8
0
 10
20.23429009006468
 20
1.234086423358115
 30
0.0
  0
VERTEX
  5
1115
  8
0
 10
20.58265082715828
 20
1.382516037306195
 30
0.0
  0
VERTEX
  5
1116
  8
0
 10
20.7587168105685
 20
1.45084035665819
 30
0.0
  0
VERTEX
  5
1117
  8
0
 10
20.93704553181243
 20
1.512096090861362
 30
0.0
  0
VERTEX
  5
1118
  8
0
 10
21.12469065974601
 20
1.566107069245941
 30
0.0
  0
VERTEX
  5
1119
  8
0
 10
21.31509640712158
 20
1.610626233506605
 30
0.0
  0
VERTEX
  5
111A
  8
0
 10
21.50778787125311
 20
1.646269243453164
 30
0.0
  0
VERTEX
  5
111B
  8
0
 10
21.70229014945455
 20
1.673651758895424
 30
0.0
  0
VERTEX
  5
111C
  8
0
 10
21.89812833903986
 20
1.693389439643193
 30
0.0
  0
VERTEX
  5
111D
  8
0
 10
22.09482753732298
 20
1.706097945506279
 30
0.0
  0
VERTEX
  5
111E
  8
0
 10
22.29191284161788
 20
1.712392936294489
 30
0.0
  0
VERTEX
  5
111F
  8
0
 10
22.48890934923852
 20
1.712890071817632
 30
0.0
  0
VERTEX
  5
1120
  8
0
 10
22.83850524681561
 20
1.701046890301526
 30
0.0
  0
VERTEX
  5
1121
  8
0
 10
23.18642867450184
 20
1.674487749990893
 30
0.0
  0
VERTEX
  5
1122
  8
0
 10
23.53279499905662
 20
1.634932614527794
 30
0.0
  0
VERTEX
  5
1123
  8
0
 10
23.87771958723931
 20
1.584101447554288
 30
0.0
  0
VERTEX
  5
1124
  8
0
 10
24.22131780580929
 20
1.523714212712434
 30
0.0
  0
VERTEX
  5
1125
  8
0
 10
24.56370502152595
 20
1.455490873644292
 30
0.0
  0
VERTEX
  5
1126
  8
0
 10
24.90499660114868
 20
1.381151393991922
 30
0.0
  0
VERTEX
  5
1127
  8
0
 10
25.24530791143684
 20
1.302415737397383
 30
0.0
  0
VERTEX
  5
1128
  8
0
 10
25.83806173691875
 20
1.158031991380578
 30
0.0
  0
VERTEX
  5
1129
  8
0
 10
26.4284871640188
 20
1.006443629611511
 30
0.0
  0
VERTEX
  5
112A
  8
0
 10
27.01689804507453
 20
0.8486217855151882
 30
0.0
  0
VERTEX
  5
112B
  8
0
 10
27.60360823242351
 20
0.6855375925166173
 30
0.0
  0
VERTEX
  5
112C
  8
0
 10
28.77318193535124
 20
0.3474666935127614
 30
0.0
  0
VERTEX
  5
112D
  8
0
 10
29.93971909150225
 20
0.0000000000000018
 30
0.0
  0
VERTEX
  5
112E
  8
0
 10
28.77318193535124
 20
-0.3474666935125414
 30
0.0
  0
VERTEX
  5
112F
  8
0
 10
27.60360823242351
 20
-0.6855375925159658
 30
0.0
  0
VERTEX
  5
1130
  8
0
 10
27.01689804507453
 20
-0.8486217855143439
 30
0.0
  0
VERTEX
  5
1131
  8
0
 10
26.4284871640188
 20
-1.006443629610545
 30
0.0
  0
VERTEX
  5
1132
  8
0
 10
25.83806173691875
 20
-1.158031991379602
 30
0.0
  0
VERTEX
  5
1133
  8
0
 10
25.24530791143684
 20
-1.302415737396549
 30
0.0
  0
VERTEX
  5
1134
  8
0
 10
24.90499660114868
 20
-1.381151393991251
 30
0.0
  0
VERTEX
  5
1135
  8
0
 10
24.56370502152595
 20
-1.455490873643827
 30
0.0
  0
VERTEX
  5
1136
  8
0
 10
24.22131780580929
 20
-1.523714212712197
 30
0.0
  0
VERTEX
  5
1137
  8
0
 10
23.87771958723931
 20
-1.584101447554282
 30
0.0
  0
VERTEX
  5
1138
  8
0
 10
23.53279499905662
 20
-1.634932614528002
 30
0.0
  0
VERTEX
  5
1139
  8
0
 10
23.18642867450184
 20
-1.674487749991275
 30
0.0
  0
VERTEX
  5
113A
  8
0
 10
22.83850524681561
 20
-1.701046890302024
 30
0.0
  0
VERTEX
  5
113B
  8
0
 10
22.48890934923852
 20
-1.712890071818166
 30
0.0
  0
VERTEX
  5
113C
  8
0
 10
22.29191284161788
 20
-1.712392936295003
 30
0.0
  0
VERTEX
  5
113D
  8
0
 10
22.09482753732298
 20
-1.706097945506748
 30
0.0
  0
VERTEX
  5
113E
  8
0
 10
21.89812833903986
 20
-1.693389439643598
 30
0.0
  0
VERTEX
  5
113F
  8
0
 10
21.70229014945455
 20
-1.673651758895754
 30
0.0
  0
VERTEX
  5
1140
  8
0
 10
21.50778787125311
 20
-1.646269243453415
 30
0.0
  0
VERTEX
  5
1141
  8
0
 10
21.31509640712158
 20
-1.61062623350678
 30
0.0
  0
VERTEX
  5
1142
  8
0
 10
21.12469065974601
 20
-1.566107069246047
 30
0.0
  0
VERTEX
  5
1143
  8
0
 10
20.93704553181243
 20
-1.512096090861416
 30
0.0
  0
VERTEX
  5
1144
  8
0
 10
20.7587168105685
 20
-1.450840356658195
 30
0.0
  0
VERTEX
  5
1145
  8
0
 10
20.58265082715828
 20
-1.382516037306058
 30
0.0
  0
VERTEX
  5
1146
  8
0
 10
20.23429009006468
 20
-1.234086423356968
 30
0.0
  0
VERTEX
  5
1147
  8
0
 10
20.13736969084781
 20
-1.455811747705928
 30
0.0
  0
VERTEX
  5
1148
  8
0
 10
20.05287508416383
 20
-1.686085582822783
 30
0.0
  0
VERTEX
  5
1149
  8
0
 10
19.9817823379765
 20
-1.923876069488674
 30
0.0
  0
VERTEX
  5
114A
  8
0
 10
19.92495432859687
 20
-2.168012574985186
 30
0.0
  0
VERTEX
  5
114B
  8
0
 10
19.88311725493322
 20
-2.41720147500912
 30
0.0
  0
VERTEX
  5
114C
  8
0
 10
19.85683985775218
 20
-2.670046596084553
 30
0.0
  0
VERTEX
  5
114D
  8
0
 10
19.84966643260467
 20
-2.797381860885197
 30
0.0
  0
VERTEX
  5
114E
  8
0
 10
19.84651639569182
 20
-2.925073748880461
 30
0.0
  0
VERTEX
  5
114F
  8
0
 10
19.84740973697058
 20
-3.052930358514625
 30
0.0
  0
VERTEX
  5
1150
  8
0
 10
19.85235428538479
 20
-3.180758514854975
 30
0.0
  0
VERTEX
  5
1151
  8
0
 10
19.86134562335878
 20
-3.308364739286901
 30
0.0
  0
VERTEX
  5
1152
  8
0
 10
19.87436709363245
 20
-3.435556224438136
 30
0.0
  0
VERTEX
  5
1153
  8
0
 10
19.89138989852869
 20
-3.562141804033882
 30
0.0
  0
VERTEX
  5
1154
  8
0
 10
19.91237329044245
 20
-3.687932907455906
 30
0.0
  0
VERTEX
  5
1155
  8
0
 10
19.96600085563873
 20
-3.936395922535681
 30
0.0
  0
VERTEX
  5
1156
  8
0
 10
20.03469750619485
 20
-4.179522990087445
 30
0.0
  0
VERTEX
  5
1157
  8
0
 10
20.11774600527005
 20
-4.415988461544076
 30
0.0
  0
VERTEX
  5
1158
  8
0
 10
20.21428375359998
 20
-4.644585844637612
 30
0.0
  0
VERTEX
  5
1159
  8
0
 10
20.32332567017772
 20
-4.86424585135468
 30
0.0
  0
VERTEX
  5
115A
  8
0
 10
20.44378925479307
 20
-5.074049517391435
 30
0.0
  0
VERTEX
  5
115B
  8
0
 10
20.57660812963358
 20
-5.276217559051562
 30
0.0
  0
VERTEX
  5
115C
  8
0
 10
20.72334157079528
 20
-5.472584035736518
 30
0.0
  0
VERTEX
  5
115D
  8
0
 10
20.88365712696087
 20
-5.661766449586722
 30
0.0
  0
VERTEX
  5
115E
  8
0
 10
21.05704462750304
 20
-5.842402015859499
 30
0.0
  0
VERTEX
  5
115F
  8
0
 10
21.24281661138383
 20
-6.013176006083145
 30
0.0
  0
VERTEX
  5
1160
  8
0
 10
21.44011412797375
 20
-6.172850351443046
 30
0.0
  0
VERTEX
  5
1161
  8
0
 10
21.54277231061276
 20
-6.248166070501152
 30
0.0
  0
VERTEX
  5
1162
  8
0
 10
21.64791800536241
 20
-6.320291311758582
 30
0.0
  0
VERTEX
  5
1163
  8
0
 10
21.75540149471971
 20
-6.389104848479284
 30
0.0
  0
VERTEX
  5
1164
  8
0
 10
21.86506537890977
 20
-6.45449499105754
 30
0.0
  0
VERTEX
  5
1165
  8
0
 10
21.97674534085709
 20
-6.51636018654456
 30
0.0
  0
VERTEX
  5
1166
  8
0
 10
22.09027096577459
 20
-6.574609543341542
 30
0.0
  0
VERTEX
  5
1167
  8
0
 10
22.20546660680168
 20
-6.629163275379927
 30
0.0
  0
VERTEX
  5
1168
  8
0
 10
22.32215228747432
 20
-6.679953061242656
 30
0.0
  0
VERTEX
  5
1169
  8
0
 10
22.5592578086475
 20
-6.770026365938713
 30
0.0
  0
VERTEX
  5
116A
  8
0
 10
22.80009679799871
 20
-6.844520200271416
 30
0.0
  0
VERTEX
  5
116B
  8
0
 10
23.04316964127798
 20
-6.903316643375475
 30
0.0
  0
VERTEX
  5
116C
  8
0
 10
23.28699735107586
 20
-6.946484885911715
 30
0.0
  0
VERTEX
  5
116D
  8
0
 10
23.53014911940789
 20
-6.974271802270099
 30
0.0
  0
VERTEX
  5
116E
  8
0
 10
23.77126693297834
 20
-6.987088005843728
 30
0.0
  0
VERTEX
  5
116F
  8
0
 10
23.54469550264915
 20
-7.287342781777214
 30
0.0
  0
VERTEX
  5
1170
  8
0
 10
23.32715559511978
 20
-7.595967353969288
 30
0.0
  0
VERTEX
  5
1171
  8
0
 10
23.11909297632132
 20
-7.912551495649035
 30
0.0
  0
VERTEX
  5
1172
  8
0
 10
22.92092852016645
 20
-8.236653921005976
 30
0.0
  0
VERTEX
  5
1173
  8
0
 10
22.73305556514592
 20
-8.567804207661695
 30
0.0
  0
VERTEX
  5
1174
  8
0
 10
22.55583745145312
 20
-8.905504986758025
 30
0.0
  0
VERTEX
  5
1175
  8
0
 10
22.38960526971639
 20
-9.249234380326579
 30
0.0
  0
VERTEX
  5
1176
  8
0
 10
22.23465584974782
 20
-9.598448661502244
 30
0.0
  0
VERTEX
  5
1177
  8
0
 10
22.09125001444878
 20
-9.952585109448027
 30
0.0
  0
VERTEX
  5
1178
  8
0
 10
21.95961112021318
 20
-10.31106502766571
 30
0.0
  0
VERTEX
  5
1179
  8
0
 10
21.83992390092886
 20
-10.67329689176029
 30
0.0
  0
VERTEX
  5
117A
  8
0
 10
21.73233362809323
 20
-11.03867959077139
 30
0.0
  0
VERTEX
  5
117B
  8
0
 10
21.63694559474507
 20
-11.40660572493052
 30
0.0
  0
VERTEX
  5
117C
  8
0
 10
21.55382492598552
 20
-11.77646492217415
 30
0.0
  0
VERTEX
  5
117D
  8
0
 10
21.48299671393831
 20
-12.14764713594495
 30
0.0
  0
VERTEX
  5
117E
  8
0
 10
21.42444647020083
 20
-12.51954588773117
 30
0.0
  0
VERTEX
  5
117F
  8
0
 10
21.10056490402177
 20
-12.53665331471141
 30
0.0
  0
VERTEX
  5
1180
  8
0
 10
20.77203252092541
 20
-12.54098063274813
 30
0.0
  0
VERTEX
  5
1181
  8
0
 10
20.43954301376525
 20
-12.53202399888332
 30
0.0
  0
VERTEX
  5
1182
  8
0
 10
20.10384612632862
 20
-12.50932567975869
 30
0.0
  0
VERTEX
  5
1183
  8
0
 10
19.76574429272168
 20
-12.47248100967408
 30
0.0
  0
VERTEX
  5
1184
  8
0
 10
19.42608831527974
 20
-12.42114511726109
 30
0.0
  0
VERTEX
  5
1185
  8
0
 10
19.08577208711734
 20
-12.35503927193968
 30
0.0
  0
VERTEX
  5
1186
  8
0
 10
18.74572639082278
 20
-12.27395669794246
 30
0.0
  0
VERTEX
  5
1187
  8
0
 10
18.40691183159006
 20
-12.17776770510709
 30
0.0
  0
VERTEX
  5
1188
  8
0
 10
18.07031099027631
 20
-12.06642399228678
 30
0.0
  0
VERTEX
  5
1189
  8
0
 10
17.73691990835629
 20
-11.93996199132562
 30
0.0
  0
VERTEX
  5
118A
  8
0
 10
17.40773904132445
 20
-11.79850513703709
 30
0.0
  0
VERTEX
  5
118B
  8
0
 10
17.08376383856991
 20
-11.64226497117224
 30
0.0
  0
VERTEX
  5
118C
  8
0
 10
16.76597512498908
 20
-11.47154101533727
 30
0.0
  0
VERTEX
  5
118D
  8
0
 10
16.45532947162019
 20
-11.28671937831126
 30
0.0
  0
VERTEX
  5
118E
  8
0
 10
16.15274974861467
 20
-11.08827009607831
 30
0.0
  0
VERTEX
  5
118F
  8
0
 10
15.85911605341547
 20
-10.87674323680093
 30
0.0
  0
VERTEX
  5
1190
  8
0
 10
15.57525719992196
 20
-10.65276383649392
 30
0.0
  0
VERTEX
  5
1191
  8
0
 10
15.30194294086735
 20
-10.41702576286624
 30
0.0
  0
VERTEX
  5
1192
  8
0
 10
15.03987707613054
 20
-10.17028463330812
 30
0.0
  0
VERTEX
  5
1193
  8
0
 10
14.78969157508402
 20
-9.913349937099765
 30
0.0
  0
VERTEX
  5
1194
  8
0
 10
14.55194181243159
 20
-9.647076530626054
 30
0.0
  0
VERTEX
  5
1195
  8
0
 10
14.32710298559623
 20
-9.372355687013359
 30
0.0
  0
VERTEX
  5
1196
  8
0
 10
14.11556774896738
 20
-9.09010588780052
 30
0.0
  0
VERTEX
  5
1197
  8
0
 10
13.91764506761717
 20
-8.801263543996496
 30
0.0
  0
VERTEX
  5
1198
  8
0
 10
13.73356026178817
 20
-8.506773827468272
 30
0.0
  0
VERTEX
  5
1199
  8
0
 10
13.56345618473997
 20
-8.207581781638504
 30
0.0
  0
VERTEX
  5
119A
  8
0
 10
13.40739545141381
 20
-7.90462386378385
 30
0.0
  0
VERTEX
  5
119B
  8
0
 10
13.26536361458027
 20
-7.598820050811729
 30
0.0
  0
VERTEX
  5
119C
  8
0
 10
13.13727316915189
 20
-7.291066617352247
 30
0.0
  0
VERTEX
  5
119D
  8
0
 10
13.02296825437777
 20
-6.982229670457307
 30
0.0
  0
VERTEX
  5
119E
  8
0
 10
12.92222991763885
 20
-6.673139500232205
 30
0.0
  0
VERTEX
  5
119F
  8
0
 10
12.98884927708163
 20
-6.840258313003575
 30
0.0
  0
VERTEX
  5
11A0
  8
0
 10
13.06768622045217
 20
-7.00525573862141
 30
0.0
  0
VERTEX
  5
11A1
  8
0
 10
13.15874493488586
 20
-7.1668351627836
 30
0.0
  0
VERTEX
  5
11A2
  8
0
 10
13.26185063137385
 20
-7.323674038307437
 30
0.0
  0
VERTEX
  5
11A3
  8
0
 10
13.37664172061799
 20
-7.474454729367374
 30
0.0
  0
VERTEX
  5
11A4
  8
0
 10
13.50256835675673
 20
-7.617897468178906
 30
0.0
  0
VERTEX
  5
11A5
  8
0
 10
13.63889792449588
 20
-7.752793866726472
 30
0.0
  0
VERTEX
  5
11A6
  8
0
 10
13.78472760645591
 20
-7.87803926316143
 30
0.0
  0
VERTEX
  5
11A7
  8
0
 10
13.93900368215754
 20
-7.99266216093625
 30
0.0
  0
VERTEX
  5
11A8
  8
0
 10
14.1005467287138
 20
-8.095849151522753
 30
0.0
  0
VERTEX
  5
11A9
  8
0
 10
14.2680814695758
 20
-8.186963991565275
 30
0.0
  0
VERTEX
  5
11AA
  8
0
 10
14.44026969960083
 20
-8.265559905347104
 30
0.0
  0
VERTEX
  5
11AB
  8
0
 10
14.61574453687716
 20
-8.331384659983675
 30
0.0
  0
VERTEX
  5
11AC
  8
0
 10
14.79314422989615
 20
-8.384378460814093
 30
0.0
  0
VERTEX
  5
11AD
  8
0
 10
14.97114387778821
 20
-8.424665184072962
 30
0.0
  0
VERTEX
  5
11AE
  8
0
 10
15.14848367756564
 20
-8.452537856410224
 30
0.0
  0
VERTEX
  5
11AF
  8
0
 10
15.32727050878125
 20
-8.468627544536842
 30
0.0
  0
VERTEX
  5
11B0
  8
0
 10
15.50970100832807
 20
-8.472834433057079
 30
0.0
  0
VERTEX
  5
11B1
  8
0
 10
15.69462389660517
 20
-8.46456785714183
 30
0.0
  0
VERTEX
  5
11B2
  8
0
 10
15.8807838151819
 20
-8.443385418211586
 30
0.0
  0
VERTEX
  5
11B3
  8
0
 10
16.06684521720445
 20
-8.409013940593937
 30
0.0
  0
VERTEX
  5
11B4
  8
0
 10
16.25142101901816
 20
-8.361365691508059
 30
0.0
  0
VERTEX
  5
11B5
  8
0
 10
16.43310488841218
 20
-8.300548644879179
 30
0.0
  0
VERTEX
  5
11B6
  8
0
 10
16.61050570135966
 20
-8.226869887933745
 30
0.0
  0
VERTEX
  5
11B7
  8
0
 10
16.78228246023636
 20
-8.140831693706284
 30
0.0
  0
VERTEX
  5
11B8
  8
0
 10
16.94717786670552
 20
-8.043120273024375
 30
0.0
  0
VERTEX
  5
11B9
  8
0
 10
17.10404879968349
 20
-7.934587725090521
 30
0.0
  0
VERTEX
  5
11BA
  8
0
 10
17.25189216059464
 20
-7.816228171217895
 30
0.0
  0
VERTEX
  5
11BB
  8
0
 10
17.38986489144359
 20
-7.689149430967669
 30
0.0
  0
VERTEX
  5
11BC
  8
0
 10
17.51729740608399
 20
-7.554541845819322
 30
0.0
  0
VERTEX
  5
11BD
  8
0
 10
17.63370015117196
 20
-7.413645952638349
 30
0.0
  0
VERTEX
  5
11BE
  8
0
 10
17.73876347834167
 20
-7.267720657800722
 30
0.0
  0
VERTEX
  5
11BF
  8
0
 10
17.83400233560528
 20
-7.115168064512768
 30
0.0
  0
VERTEX
  5
11C0
  8
0
 10
17.92032227280268
 20
-6.953979193843566
 30
0.0
  0
VERTEX
  5
11C1
  8
0
 10
17.99667683328762
 20
-6.784915922971305
 30
0.0
  0
VERTEX
  5
11C2
  8
0
 10
18.06210431253906
 20
-6.608900289462387
 30
0.0
  0
VERTEX
  5
11C3
  8
0
 10
18.11575721062515
 20
-6.427002619388551
 30
0.0
  0
VERTEX
  5
11C4
  8
0
 10
18.15692962719128
 20
-6.24042325482162
 30
0.0
  0
VERTEX
  5
11C5
  8
0
 10
18.18508100532856
 20
-6.050468334080301
 30
0.0
  0
VERTEX
  5
11C6
  8
0
 10
18.19985475839477
 20
-5.858520529370374
 30
0.0
  0
VERTEX
  5
11C7
  8
0
 10
18.20109058298018
 20
-5.666006052036134
 30
0.0
  0
VERTEX
  5
11C8
  8
0
 10
18.18882965221718
 20
-5.474359546856958
 30
0.0
  0
VERTEX
  5
11C9
  8
0
 10
18.16331235916287
 20
-5.284988674503724
 30
0.0
  0
VERTEX
  5
11CA
  8
0
 10
18.12496878980132
 20
-5.09924020260979
 30
0.0
  0
VERTEX
  5
11CB
  8
0
 10
18.07440259385931
 20
-4.918369288589171
 30
0.0
  0
VERTEX
  5
11CC
  8
0
 10
18.01236933714959
 20
-4.74351335987809
 30
0.0
  0
VERTEX
  5
11CD
  8
0
 10
17.9397507210578
 20
-4.575671615601701
 30
0.0
  0
VERTEX
  5
11CE
  8
0
 10
17.90705649972711
 20
-4.513820449290673
 30
0.0
  0
VERTEX
  5
11CF
  8
0
 10
17.76406416548497
 20
-4.24484069682341
 30
0.0
  0
VERTEX
  5
11D0
  8
0
 10
17.60630918897779
 20
-3.991980401632173
 30
0.0
  0
VERTEX
  5
11D1
  8
0
 10
17.43471830744445
 20
-3.755287240287535
 30
0.0
  0
VERTEX
  5
11D2
  8
0
 10
17.25021825812384
 20
-3.534808889360066
 30
0.0
  0
VERTEX
  5
11D3
  8
0
 10
17.05373577825485
 20
-3.330593025420336
 30
0.0
  0
VERTEX
  5
11D4
  8
0
 10
16.84619760507638
 20
-3.142687325038915
 30
0.0
  0
VERTEX
  5
11D5
  8
0
 10
16.6285304758273
 20
-2.971139464786376
 30
0.0
  0
VERTEX
  5
11D6
  8
0
 10
16.40166112774651
 20
-2.815997121233287
 30
0.0
  0
VERTEX
  5
11D7
  8
0
 10
16.16651629807291
 20
-2.677307970950219
 30
0.0
  0
VERTEX
  5
11D8
  8
0
 10
15.92402272404536
 20
-2.555119690507742
 30
0.0
  0
VERTEX
  5
11D9
  8
0
 10
15.67510714290277
 20
-2.449479956476428
 30
0.0
  0
VERTEX
  5
11DA
  8
0
 10
15.42069629188402
 20
-2.360436445426846
 30
0.0
  0
VERTEX
  5
11DB
  8
0
 10
15.161716908228
 20
-2.288036833929566
 30
0.0
  0
VERTEX
  5
11DC
  8
0
 10
14.89909572917361
 20
-2.232328798555161
 30
0.0
  0
VERTEX
  5
11DD
  8
0
 10
14.63375949195972
 20
-2.193360015874199
 30
0.0
  0
VERTEX
  5
11DE
  8
0
 10
14.36663493382524
 20
-2.17117816245725
 30
0.0
  0
VERTEX
  5
11DF
  8
0
 10
14.09864879200904
 20
-2.165830914874887
 30
0.0
  0
VERTEX
  5
11E0
  8
0
 10
13.83072780375001
 20
-2.177365949697678
 30
0.0
  0
VERTEX
  5
11E1
  8
0
 10
13.56379870628705
 20
-2.205830943496194
 30
0.0
  0
VERTEX
  5
11E2
  8
0
 10
13.29878823685904
 20
-2.251273572841007
 30
0.0
  0
VERTEX
  5
11E3
  8
0
 10
13.03662313270487
 20
-2.313741514302686
 30
0.0
  0
VERTEX
  5
11E4
  8
0
 10
12.77823013106343
 20
-2.393282444451802
 30
0.0
  0
VERTEX
  5
11E5
  8
0
 10
12.52453596917361
 20
-2.489944039858925
 30
0.0
  0
VERTEX
  5
11E6
  8
0
 10
12.27646738427431
 20
-2.603773977094625
 30
0.0
  0
VERTEX
  5
11E7
  8
0
 10
12.03495111360439
 20
-2.734819932729473
 30
0.0
  0
VERTEX
  5
11E8
  8
0
 10
11.80091389440276
 20
-2.88312958333404
 30
0.0
  0
VERTEX
  5
11E9
  8
0
 10
11.57528246390831
 20
-3.048750605478896
 30
0.0
  0
VERTEX
  5
11EA
  8
0
 10
11.35898355935992
 20
-3.23173067573461
 30
0.0
  0
VERTEX
  5
11EB
  8
0
 10
11.15294391799648
 20
-3.432117470671755
 30
0.0
  0
VERTEX
  5
11EC
  8
0
 10
10.95809027705688
 20
-3.6499586668609
 30
0.0
  0
VERTEX
  5
11ED
  8
0
 10
10.77534937378001
 20
-3.885301940872615
 30
0.0
  0
VERTEX
  5
11EE
  8
0
 10
10.60564794540475
 20
-4.138194969277471
 30
0.0
  0
VERTEX
  5
11EF
  8
0
 10
10.1629519935099
 20
-3.71242429711783
 30
0.0
  0
VERTEX
  5
11F0
  8
0
 10
9.703483348832481
 20
-3.306126097068371
 30
0.0
  0
VERTEX
  5
11F1
  8
0
 10
9.227896275178384
 20
-2.919767013916998
 30
0.0
  0
VERTEX
  5
11F2
  8
0
 10
8.736845036353504
 20
-2.553813692451614
 30
0.0
  0
VERTEX
  5
11F3
  8
0
 10
8.230983896163732
 20
-2.208732777460124
 30
0.0
  0
VERTEX
  5
11F4
  8
0
 10
7.71096711841496
 20
-1.884990913730432
 30
0.0
  0
VERTEX
  5
11F5
  8
0
 10
7.177448966913081
 20
-1.583054746050442
 30
0.0
  0
VERTEX
  5
11F6
  8
0
 10
6.631083705463991
 20
-1.303390919208057
 30
0.0
  0
VERTEX
  5
11F7
  8
0
 10
6.686516706036969
 20
-0.980164278230383
 30
0.0
  0
VERTEX
  5
11F8
  8
0
 10
6.726067558453837
 20
-0.654798381091439
 30
0.0
  0
VERTEX
  5
11F9
  8
0
 10
6.749679344636089
 20
-0.3278810232086463
 30
0.0
  0
SEQEND
  5
11FA
  8
0
  0
POLYLINE
  5
5D
  8
0
 66
     1
 10
0.0
 20
0.0
 30
0.0
 70
     1
  0
VERTEX
  5
11FB
  8
0
 10
24.77739570619119
 20
-17.97923798913885
 30
0.0
  0
VERTEX
  5
11FC
  8
0
 10
25.52637793911214
 20
-18.0526950496843
 30
0.0
  0
VERTEX
  5
11FD
  8
0
 10
26.27669951395306
 20
-18.1041851862427
 30
0.0
  0
VERTEX
  5
11FE
  8
0
 10
27.02788086879746
 20
-18.1337105795324
 30
0.0
  0
VERTEX
  5
11FF
  8
0
 10
27.77944244172883
 20
-18.14127341027176
 30
0.0
  0
VERTEX
  5
1200
  8
0
 10
28.53090467083065
 20
-18.12687585917914
 30
0.0
  0
VERTEX
  5
1201
  8
0
 10
29.28178799418643
 20
-18.09052010697289
 30
0.0
  0
VERTEX
  5
1202
  8
0
 10
30.03161284987966
 20
-18.03220833437136
 30
0.0
  0
VERTEX
  5
1203
  8
0
 10
30.77989967599382
 20
-17.95194272209291
 30
0.0
  0
VERTEX
  5
1204
  8
0
 10
30.75094272332227
 20
-18.14681442868766
 30
0.0
  0
VERTEX
  5
1205
  8
0
 10
30.73257971098642
 20
-18.34063728501012
 30
0.0
  0
VERTEX
  5
1206
  8
0
 10
30.72458600007027
 20
-18.5331146253736
 30
0.0
  0
VERTEX
  5
1207
  8
0
 10
30.7267369516578
 20
-18.72394978409138
 30
0.0
  0
VERTEX
  5
1208
  8
0
 10
30.73880792683301
 20
-18.91284609547675
 30
0.0
  0
VERTEX
  5
1209
  8
0
 10
30.7605742866799
 20
-19.09950689384301
 30
0.0
  0
VERTEX
  5
120A
  8
0
 10
30.79181139228245
 20
-19.28363551350344
 30
0.0
  0
VERTEX
  5
120B
  8
0
 10
30.83229460472466
 20
-19.46493528877134
 30
0.0
  0
VERTEX
  5
120C
  8
0
 10
30.88179928509052
 20
-19.64310955396
 30
0.0
  0
VERTEX
  5
120D
  8
0
 10
30.94010079446401
 20
-19.81786164338271
 30
0.0
  0
VERTEX
  5
120E
  8
0
 10
31.00697449392915
 20
-19.98889489135276
 30
0.0
  0
VERTEX
  5
120F
  8
0
 10
31.0821957445699
 20
-20.15591263218344
 30
0.0
  0
VERTEX
  5
1210
  8
0
 10
31.16553990747028
 20
-20.31861820018806
 30
0.0
  0
VERTEX
  5
1211
  8
0
 10
31.25678234371427
 20
-20.47671492967989
 30
0.0
  0
VERTEX
  5
1212
  8
0
 10
31.35569841438587
 20
-20.62990615497222
 30
0.0
  0
VERTEX
  5
1213
  8
0
 10
31.46206348056905
 20
-20.77789521037836
 30
0.0
  0
VERTEX
  5
1214
  8
0
 10
31.57565290334783
 20
-20.9203854302116
 30
0.0
  0
VERTEX
  5
1215
  8
0
 10
31.69624204380619
 20
-21.05708014878521
 30
0.0
  0
VERTEX
  5
1216
  8
0
 10
31.82360626302811
 20
-21.18768270041251
 30
0.0
  0
VERTEX
  5
1217
  8
0
 10
31.95752092209761
 20
-21.31189641940677
 30
0.0
  0
VERTEX
  5
1218
  8
0
 10
32.09776138209866
 20
-21.42942464008129
 30
0.0
  0
VERTEX
  5
1219
  8
0
 10
32.24410300411526
 20
-21.53997069674936
 30
0.0
  0
VERTEX
  5
121A
  8
0
 10
32.3963211492314
 20
-21.64323792372427
 30
0.0
  0
VERTEX
  5
121B
  8
0
 10
32.55419117853106
 20
-21.73892965531932
 30
0.0
  0
VERTEX
  5
121C
  8
0
 10
32.71748845309826
 20
-21.8267492258478
 30
0.0
  0
VERTEX
  5
121D
  8
0
 10
32.88598833401697
 20
-21.90639996962299
 30
0.0
  0
VERTEX
  5
121E
  8
0
 10
33.0594661823712
 20
-21.97758522095819
 30
0.0
  0
VERTEX
  5
121F
  8
0
 10
33.23769735924493
 20
-22.04000831416669
 30
0.0
  0
VERTEX
  5
1220
  8
0
 10
33.42045722572216
 20
-22.09337258356179
 30
0.0
  0
VERTEX
  5
1221
  8
0
 10
33.60752114288687
 20
-22.13738136345677
 30
0.0
  0
VERTEX
  5
1222
  8
0
 10
33.79866447182307
 20
-22.17173798816493
 30
0.0
  0
VERTEX
  5
1223
  8
0
 10
33.99366257361473
 20
-22.19614579199955
 30
0.0
  0
VERTEX
  5
1224
  8
0
 10
33.73416367776655
 20
-22.23338366103616
 30
0.0
  0
VERTEX
  5
1225
  8
0
 10
33.48897639484379
 20
-22.29105063808795
 30
0.0
  0
VERTEX
  5
1226
  8
0
 10
33.25823331701864
 20
-22.36790105570638
 30
0.0
  0
VERTEX
  5
1227
  8
0
 10
33.04206703646323
 20
-22.46268924644288
 30
0.0
  0
VERTEX
  5
1228
  8
0
 10
32.84061014534974
 20
-22.57416954284894
 30
0.0
  0
VERTEX
  5
1229
  8
0
 10
32.65399523585034
 20
-22.70109627747599
 30
0.0
  0
VERTEX
  5
122A
  8
0
 10
32.48235490013718
 20
-22.8422237828755
 30
0.0
  0
VERTEX
  5
122B
  8
0
 10
32.32582173038243
 20
-22.99630639159892
 30
0.0
  0
VERTEX
  5
122C
  8
0
 10
32.18452831875824
 20
-23.16209843619771
 30
0.0
  0
VERTEX
  5
122D
  8
0
 10
32.05860725743679
 20
-23.33835424922331
 30
0.0
  0
VERTEX
  5
122E
  8
0
 10
31.94819113859024
 20
-23.52382816322719
 30
0.0
  0
VERTEX
  5
122F
  8
0
 10
31.85341255439074
 20
-23.71727451076081
 30
0.0
  0
VERTEX
  5
1230
  8
0
 10
31.77440409701045
 20
-23.91744762437562
 30
0.0
  0
VERTEX
  5
1231
  8
0
 10
31.71129835862156
 20
-24.12310183662306
 30
0.0
  0
VERTEX
  5
1232
  8
0
 10
31.6642279313962
 20
-24.33299148005461
 30
0.0
  0
VERTEX
  5
1233
  8
0
 10
31.63332540750656
 20
-24.54587088722171
 30
0.0
  0
VERTEX
  5
1234
  8
0
 10
31.61872337912478
 20
-24.76049439067582
 30
0.0
  0
VERTEX
  5
1235
  8
0
 10
31.62055443842304
 20
-24.9756163229684
 30
0.0
  0
VERTEX
  5
1236
  8
0
 10
31.63895117757349
 20
-25.18999101665089
 30
0.0
  0
VERTEX
  5
1237
  8
0
 10
31.6740461887483
 20
-25.40237280427477
 30
0.0
  0
VERTEX
  5
1238
  8
0
 10
31.72597206411963
 20
-25.61151601839147
 30
0.0
  0
VERTEX
  5
1239
  8
0
 10
31.79486139585964
 20
-25.81617499155247
 30
0.0
  0
VERTEX
  5
123A
  8
0
 10
31.8808467761405
 20
-26.0151040563092
 30
0.0
  0
VERTEX
  5
123B
  8
0
 10
31.98406079713437
 20
-26.20705754521313
 30
0.0
  0
VERTEX
  5
123C
  8
0
 10
32.1046360510134
 20
-26.39078979081572
 30
0.0
  0
VERTEX
  5
123D
  8
0
 10
32.24270512994978
 20
-26.56505512566842
 30
0.0
  0
VERTEX
  5
123E
  8
0
 10
32.39840062611564
 20
-26.72860788232268
 30
0.0
  0
VERTEX
  5
123F
  8
0
 10
32.57185513168317
 20
-26.88020239332997
 30
0.0
  0
VERTEX
  5
1240
  8
0
 10
32.76320123882451
 20
-27.01859299124173
 30
0.0
  0
VERTEX
  5
1241
  8
0
 10
32.97257153971184
 20
-27.14253400860941
 30
0.0
  0
VERTEX
  5
1242
  8
0
 10
33.20009862651732
 20
-27.25077977798449
 30
0.0
  0
VERTEX
  5
1243
  8
0
 10
33.44591509141311
 20
-27.34208463191841
 30
0.0
  0
VERTEX
  5
1244
  8
0
 10
32.98610579035758
 20
-27.22478598261968
 30
0.0
  0
VERTEX
  5
1245
  8
0
 10
32.53216171665933
 20
-27.08855985198934
 30
0.0
  0
VERTEX
  5
1246
  8
0
 10
32.08465154052837
 20
-26.93364384756793
 30
0.0
  0
VERTEX
  5
1247
  8
0
 10
31.6441439321747
 20
-26.76027557689597
 30
0.0
  0
VERTEX
  5
1248
  8
0
 10
31.21120756180832
 20
-26.568692647514
 30
0.0
  0
VERTEX
  5
1249
  8
0
 10
30.78641109963924
 20
-26.35913266696256
 30
0.0
  0
VERTEX
  5
124A
  8
0
 10
30.37032321587745
 20
-26.13183324278216
 30
0.0
  0
VERTEX
  5
124B
  8
0
 10
29.96351258073297
 20
-25.88703198251335
 30
0.0
  0
VERTEX
  5
124C
  8
0
 10
30.03373056310392
 20
-25.72323090223111
 30
0.0
  0
VERTEX
  5
124D
  8
0
 10
30.0880658927758
 20
-25.55992398565952
 30
0.0
  0
VERTEX
  5
124E
  8
0
 10
30.12709601022888
 20
-25.39762362675952
 30
0.0
  0
VERTEX
  5
124F
  8
0
 10
30.15139835594348
 20
-25.23684221949205
 30
0.0
  0
VERTEX
  5
1250
  8
0
 10
30.16155037039987
 20
-25.07809215781808
 30
0.0
  0
VERTEX
  5
1251
  8
0
 10
30.15812949407835
 20
-24.92188583569854
 30
0.0
  0
VERTEX
  5
1252
  8
0
 10
30.14171316745922
 20
-24.76873564709439
 30
0.0
  0
VERTEX
  5
1253
  8
0
 10
30.11287883102278
 20
-24.61915398596657
 30
0.0
  0
VERTEX
  5
1254
  8
0
 10
30.0722039252493
 20
-24.47365324627603
 30
0.0
  0
VERTEX
  5
1255
  8
0
 10
30.0202658906191
 20
-24.33274582198373
 30
0.0
  0
VERTEX
  5
1256
  8
0
 10
29.95764216761246
 20
-24.19694410705061
 30
0.0
  0
VERTEX
  5
1257
  8
0
 10
29.88491019670968
 20
-24.06676049543761
 30
0.0
  0
VERTEX
  5
1258
  8
0
 10
29.80264741839105
 20
-23.94270738110569
 30
0.0
  0
VERTEX
  5
1259
  8
0
 10
29.71143127313687
 20
-23.82529715801581
 30
0.0
  0
VERTEX
  5
125A
  8
0
 10
29.61183920142742
 20
-23.71504222012889
 30
0.0
  0
VERTEX
  5
125B
  8
0
 10
29.50444864374301
 20
-23.6124549614059
 30
0.0
  0
VERTEX
  5
125C
  8
0
 10
29.38983704056392
 20
-23.51804777580779
 30
0.0
  0
VERTEX
  5
125D
  8
0
 10
29.26858183237046
 20
-23.43233305729549
 30
0.0
  0
VERTEX
  5
125E
  8
0
 10
29.14126045964291
 20
-23.35582319982997
 30
0.0
  0
VERTEX
  5
125F
  8
0
 10
29.00845036286158
 20
-23.28903059737217
 30
0.0
  0
VERTEX
  5
1260
  8
0
 10
28.87072898250675
 20
-23.23246764388303
 30
0.0
  0
VERTEX
  5
1261
  8
0
 10
28.72867375905872
 20
-23.18664673332351
 30
0.0
  0
VERTEX
  5
1262
  8
0
 10
28.58286213299778
 20
-23.15208025965456
 30
0.0
  0
VERTEX
  5
1263
  8
0
 10
28.43387154480422
 20
-23.12928061683713
 30
0.0
  0
VERTEX
  5
1264
  8
0
 10
28.28227943495835
 20
-23.11876019883216
 30
0.0
  0
VERTEX
  5
1265
  8
0
 10
28.12866324394044
 20
-23.1210313996006
 30
0.0
  0
VERTEX
  5
1266
  8
0
 10
27.97360041223081
 20
-23.1366066131034
 30
0.0
  0
VERTEX
  5
1267
  8
0
 10
27.81766838030974
 20
-23.16599823330151
 30
0.0
  0
VERTEX
  5
1268
  8
0
 10
27.66144458865753
 20
-23.20971865415588
 30
0.0
  0
VERTEX
  5
1269
  8
0
 10
27.50550647775447
 20
-23.26828026962746
 30
0.0
  0
VERTEX
  5
126A
  8
0
 10
27.35043148808084
 20
-23.3421954736772
 30
0.0
  0
VERTEX
  5
126B
  8
0
 10
27.19679706011696
 20
-23.43197666026604
 30
0.0
  0
VERTEX
  5
126C
  8
0
 10
26.96290030515755
 20
-23.13399902813376
 30
0.0
  0
VERTEX
  5
126D
  8
0
 10
26.73944135417925
 20
-22.82898986244075
 30
0.0
  0
VERTEX
  5
126E
  8
0
 10
26.5265459397672
 20
-22.51723253366965
 30
0.0
  0
VERTEX
  5
126F
  8
0
 10
26.32433979450658
 20
-22.19901041230309
 30
0.0
  0
VERTEX
  5
1270
  8
0
 10
26.13294865098256
 20
-21.8746068688237
 30
0.0
  0
VERTEX
  5
1271
  8
0
 10
25.9524982417803
 20
-21.54430527371414
 30
0.0
  0
VERTEX
  5
1272
  8
0
 10
25.78311429948497
 20
-21.20838899745704
 30
0.0
  0
VERTEX
  5
1273
  8
0
 10
25.62492255668174
 20
-20.86714141053503
 30
0.0
  0
VERTEX
  5
1274
  8
0
 10
25.47804874595576
 20
-20.52084588343075
 30
0.0
  0
VERTEX
  5
1275
  8
0
 10
25.34261859989221
 20
-20.16978578662685
 30
0.0
  0
VERTEX
  5
1276
  8
0
 10
25.21875785107626
 20
-19.81424449060594
 30
0.0
  0
VERTEX
  5
1277
  8
0
 10
25.10659223209306
 20
-19.45450536585069
 30
0.0
  0
VERTEX
  5
1278
  8
0
 10
25.00624747552779
 20
-19.09085178284371
 30
0.0
  0
VERTEX
  5
1279
  8
0
 10
24.91784931396561
 20
-18.72356711206765
 30
0.0
  0
VERTEX
  5
127A
  8
0
 10
24.84152347999169
 20
-18.35293472400516
 30
0.0
  0
SEQEND
  5
127B
  8
0
  0
POLYLINE
  5
5E
  8
0
 66
     1
 10
0.0
 20
0.0
 30
0.0
 70
     1
  0
VERTEX
  5
127C
  8
0
 10
-17.99257901457167
 20
24.798172268402
 30
0.0
  0
VERTEX
  5
127D
  8
0
 10
-18.06765880974782
 20
25.54892049869441
 30
0.0
  0
VERTEX
  5
127E
  8
0
 10
-18.12083191531747
 20
26.30106472966487
 30
0.0
  0
VERTEX
  5
127F
  8
0
 10
-18.15209934530372
 20
27.05412414950633
 30
0.0
  0
VERTEX
  5
1280
  8
0
 10
-18.16146211372966
 20
27.80761794641171
 30
0.0
  0
VERTEX
  5
1281
  8
0
 10
-18.1489212346184
 20
28.56106530857398
 30
0.0
  0
VERTEX
  5
1282
  8
0
 10
-18.11447772199302
 20
29.31398542418606
 30
0.0
  0
VERTEX
  5
1283
  8
0
 10
-18.05813258987662
 20
30.06589748144091
 30
0.0
  0
VERTEX
  5
1284
  8
0
 10
-17.97988685229232
 20
30.81632066853146
 30
0.0
  0
VERTEX
  5
1285
  8
0
 10
-18.17418287079901
 20
30.78681677188005
 30
0.0
  0
VERTEX
  5
1286
  8
0
 10
-18.36745840853836
 20
30.76793684941023
 30
0.0
  0
VERTEX
  5
1287
  8
0
 10
-18.55941702564456
 20
30.75945639743761
 30
0.0
  0
VERTEX
  5
1288
  8
0
 10
-18.74976228225181
 20
30.76115091227781
 30
0.0
  0
VERTEX
  5
1289
  8
0
 10
-18.93819773849427
 20
30.77279589024644
 30
0.0
  0
VERTEX
  5
128A
  8
0
 10
-19.12442695450616
 20
30.79416682765913
 30
0.0
  0
VERTEX
  5
128B
  8
0
 10
-19.30815349042164
 20
30.82503922083149
 30
0.0
  0
VERTEX
  5
128C
  8
0
 10
-19.48908090637491
 20
30.86518856607914
 30
0.0
  0
VERTEX
  5
128D
  8
0
 10
-19.66691276250016
 20
30.9143903597177
 30
0.0
  0
VERTEX
  5
128E
  8
0
 10
-19.84135261893157
 20
30.97242009806279
 30
0.0
  0
VERTEX
  5
128F
  8
0
 10
-20.01210403580334
 20
31.03905327743003
 30
0.0
  0
VERTEX
  5
1290
  8
0
 10
-20.17887057324965
 20
31.11406539413503
 30
0.0
  0
VERTEX
  5
1291
  8
0
 10
-20.34135579140469
 20
31.19723194449341
 30
0.0
  0
VERTEX
  5
1292
  8
0
 10
-20.49926325040265
 20
31.28832842482079
 30
0.0
  0
VERTEX
  5
1293
  8
0
 10
-20.65229651037771
 20
31.38713033143279
 30
0.0
  0
VERTEX
  5
1294
  8
0
 10
-20.80015913146405
 20
31.49341316064503
 30
0.0
  0
VERTEX
  5
1295
  8
0
 10
-20.94255467379588
 20
31.60695240877312
 30
0.0
  0
VERTEX
  5
1296
  8
0
 10
-21.07918669750739
 20
31.72752357213268
 30
0.0
  0
VERTEX
  5
1297
  8
0
 10
-21.20975876273274
 20
31.85490214703933
 30
0.0
  0
VERTEX
  5
1298
  8
0
 10
-21.33397442960614
 20
31.9888636298087
 30
0.0
  0
VERTEX
  5
1299
  8
0
 10
-21.45153725826178
 20
32.12918351675638
 30
0.0
  0
VERTEX
  5
129A
  8
0
 10
-21.56215080883383
 20
32.27563730419802
 30
0.0
  0
VERTEX
  5
129B
  8
0
 10
-21.66551864145649
 20
32.42800048844921
 30
0.0
  0
VERTEX
  5
129C
  8
0
 10
-21.76134431626395
 20
32.58604856582559
 30
0.0
  0
VERTEX
  5
129D
  8
0
 10
-21.84933139339039
 20
32.74955703264277
 30
0.0
  0
VERTEX
  5
129E
  8
0
 10
-21.92918343297001
 20
32.91830138521637
 30
0.0
  0
VERTEX
  5
129F
  8
0
 10
-22.00060399513698
 20
33.09205711986199
 30
0.0
  0
VERTEX
  5
12A0
  8
0
 10
-22.0632966400255
 20
33.27059973289528
 30
0.0
  0
VERTEX
  5
12A1
  8
0
 10
-22.11696492776976
 20
33.45370472063183
 30
0.0
  0
VERTEX
  5
12A2
  8
0
 10
-22.16131241850394
 20
33.64114757938728
 30
0.0
  0
VERTEX
  5
12A3
  8
0
 10
-22.19604267236223
 20
33.83270380547724
 30
0.0
  0
VERTEX
  5
12A4
  8
0
 10
-22.22085924947882
 20
34.02814889521731
 30
0.0
  0
VERTEX
  5
12A5
  8
0
 10
-22.25737225060577
 20
33.76788636548216
 30
0.0
  0
VERTEX
  5
12A6
  8
0
 10
-22.31429600668596
 20
33.52192313207551
 30
0.0
  0
VERTEX
  5
12A7
  8
0
 10
-22.39038840308627
 20
33.29039514709506
 30
0.0
  0
VERTEX
  5
12A8
  8
0
 10
-22.48440732517354
 20
33.07343836263848
 30
0.0
  0
VERTEX
  5
12A9
  8
0
 10
-22.59511065831463
 20
32.87118873080345
 30
0.0
  0
VERTEX
  5
12AA
  8
0
 10
-22.72125628787639
 20
32.68378220368764
 30
0.0
  0
VERTEX
  5
12AB
  8
0
 10
-22.86160209922568
 20
32.51135473338872
 30
0.0
  0
VERTEX
  5
12AC
  8
0
 10
-23.01490597772936
 20
32.35404227200438
 30
0.0
  0
VERTEX
  5
12AD
  8
0
 10
-23.17992580875428
 20
32.21198077163228
 30
0.0
  0
VERTEX
  5
12AE
  8
0
 10
-23.3554194776673
 20
32.0853061843701
 30
0.0
  0
VERTEX
  5
12AF
  8
0
 10
-23.54014486983526
 20
31.97415446231553
 30
0.0
  0
VERTEX
  5
12B0
  8
0
 10
-23.73285987062503
 20
31.87866155756623
 30
0.0
  0
VERTEX
  5
12B1
  8
0
 10
-23.93232236540346
 20
31.79896342221987
 30
0.0
  0
VERTEX
  5
12B2
  8
0
 10
-24.13729023953741
 20
31.73519600837414
 30
0.0
  0
VERTEX
  5
12B3
  8
0
 10
-24.34652137839374
 20
31.68749526812672
 30
0.0
  0
VERTEX
  5
12B4
  8
0
 10
-24.55877366733929
 20
31.65599715357527
 30
0.0
  0
VERTEX
  5
12B5
  8
0
 10
-24.77280499174093
 20
31.64083761681748
 30
0.0
  0
VERTEX
  5
12B6
  8
0
 10
-24.9873732369655
 20
31.64215260995101
 30
0.0
  0
VERTEX
  5
12B7
  8
0
 10
-25.20123628837987
 20
31.66007808507355
 30
0.0
  0
VERTEX
  5
12B8
  8
0
 10
-25.41315203135089
 20
31.69474999428277
 30
0.0
  0
VERTEX
  5
12B9
  8
0
 10
-25.62187835124541
 20
31.74630428967635
 30
0.0
  0
VERTEX
  5
12BA
  8
0
 10
-25.8261731334303
 20
31.81487692335196
 30
0.0
  0
VERTEX
  5
12BB
  8
0
 10
-26.02479426327239
 20
31.90060384740728
 30
0.0
  0
VERTEX
  5
12BC
  8
0
 10
-26.21649962613856
 20
32.00362101393998
 30
0.0
  0
VERTEX
  5
12BD
  8
0
 10
-26.40004710739566
 20
32.12406437504774
 30
0.0
  0
VERTEX
  5
12BE
  8
0
 10
-26.57419459241054
 20
32.26206988282824
 30
0.0
  0
VERTEX
  5
12BF
  8
0
 10
-26.73769996655006
 20
32.41777348937915
 30
0.0
  0
VERTEX
  5
12C0
  8
0
 10
-26.88932111518107
 20
32.59131114679815
 30
0.0
  0
VERTEX
  5
12C1
  8
0
 10
-27.02781592367043
 20
32.78281880718291
 30
0.0
  0
VERTEX
  5
12C2
  8
0
 10
-27.15194227738499
 20
32.99243242263111
 30
0.0
  0
VERTEX
  5
12C3
  8
0
 10
-27.26045806169161
 20
33.22028794524043
 30
0.0
  0
VERTEX
  5
12C4
  8
0
 10
-27.35212116195715
 20
33.46652132710853
 30
0.0
  0
VERTEX
  5
12C5
  8
0
 10
-27.23401362083163
 20
33.00580266368864
 30
0.0
  0
VERTEX
  5
12C6
  8
0
 10
-27.09704190445455
 20
32.55101027384581
 30
0.0
  0
VERTEX
  5
12C7
  8
0
 10
-26.94144438068087
 20
32.10271372840764
 30
0.0
  0
VERTEX
  5
12C8
  8
0
 10
-26.7674594173656
 20
31.66148259820173
 30
0.0
  0
VERTEX
  5
12C9
  8
0
 10
-26.57532538236371
 20
31.22788645405569
 30
0.0
  0
VERTEX
  5
12CA
  8
0
 10
-26.36528064353021
 20
30.8024948667971
 30
0.0
  0
VERTEX
  5
12CB
  8
0
 10
-26.13756356872006
 20
30.38587740725358
 30
0.0
  0
VERTEX
  5
12CC
  8
0
 10
-25.89241252578827
 20
29.97860364625273
 30
0.0
  0
VERTEX
  5
12CD
  8
0
 10
-25.72920641734837
 20
30.04940043453064
 30
0.0
  0
VERTEX
  5
12CE
  8
0
 10
-25.56645473804056
 20
30.10427215334239
 30
0.0
  0
VERTEX
  5
12CF
  8
0
 10
-25.40466995045757
 20
30.14379650127914
 30
0.0
  0
VERTEX
  5
12D0
  8
0
 10
-25.24436451719212
 20
30.16855117693201
 30
0.0
  0
VERTEX
  5
12D1
  8
0
 10
-25.08605090083693
 20
30.17911387889214
 30
0.0
  0
VERTEX
  5
12D2
  8
0
 10
-24.93024156398473
 20
30.17606230575068
 30
0.0
  0
VERTEX
  5
12D3
  8
0
 10
-24.77744896922826
 20
30.15997415609878
 30
0.0
  0
VERTEX
  5
12D4
  8
0
 10
-24.62818557916022
 20
30.13142712852756
 30
0.0
  0
VERTEX
  5
12D5
  8
0
 10
-24.48296385637335
 20
30.09099892162817
 30
0.0
  0
VERTEX
  5
12D6
  8
0
 10
-24.34229626346037
 20
30.03926723399174
 30
0.0
  0
VERTEX
  5
12D7
  8
0
 10
-24.20669526301401
 20
29.97680976420942
 30
0.0
  0
VERTEX
  5
12D8
  8
0
 10
-24.07667331762699
 20
29.90420421087235
 30
0.0
  0
VERTEX
  5
12D9
  8
0
 10
-23.95274288989204
 20
29.82202827257167
 30
0.0
  0
VERTEX
  5
12DA
  8
0
 10
-23.83541644240188
 20
29.73085964789851
 30
0.0
  0
VERTEX
  5
12DB
  8
0
 10
-23.72520643774924
 20
29.63127603544402
 30
0.0
  0
VERTEX
  5
12DC
  8
0
 10
-23.62262533852684
 20
29.52385513379934
 30
0.0
  0
VERTEX
  5
12DD
  8
0
 10
-23.52818560732742
 20
29.40917464155561
 30
0.0
  0
VERTEX
  5
12DE
  8
0
 10
-23.44239970674368
 20
29.28781225730397
 30
0.0
  0
VERTEX
  5
12DF
  8
0
 10
-23.36578009936837
 20
29.16034567963555
 30
0.0
  0
VERTEX
  5
12E0
  8
0
 10
-23.2988392477942
 20
29.02735260714151
 30
0.0
  0
VERTEX
  5
12E1
  8
0
 10
-23.2420896146139
 20
28.88941073841297
 30
0.0
  0
VERTEX
  5
12E2
  8
0
 10
-23.19604366242019
 20
28.74709777204109
 30
0.0
  0
VERTEX
  5
12E3
  8
0
 10
-23.1612138538058
 20
28.60099140661699
 30
0.0
  0
VERTEX
  5
12E4
  8
0
 10
-23.13811265136346
 20
28.45166934073182
 30
0.0
  0
VERTEX
  5
12E5
  8
0
 10
-23.12725251768589
 20
28.29970927297672
 30
0.0
  0
VERTEX
  5
12E6
  8
0
 10
-23.12914591536582
 20
28.14568890194283
 30
0.0
  0
VERTEX
  5
12E7
  8
0
 10
-23.14430530699596
 20
27.99018592622129
 30
0.0
  0
VERTEX
  5
12E8
  8
0
 10
-23.17324315516905
 20
27.83377804440323
 30
0.0
  0
VERTEX
  5
12E9
  8
0
 10
-23.21647192247782
 20
27.67704295507981
 30
0.0
  0
VERTEX
  5
12EA
  8
0
 10
-23.27450407151498
 20
27.52055835684216
 30
0.0
  0
VERTEX
  5
12EB
  8
0
 10
-23.34785206487327
 20
27.36490194828141
 30
0.0
  0
VERTEX
  5
12EC
  8
0
 10
-23.43702836514539
 20
27.21065142798872
 30
0.0
  0
VERTEX
  5
12ED
  8
0
 10
-23.13925754408924
 20
26.97686905398333
 30
0.0
  0
VERTEX
  5
12EE
  8
0
 10
-22.83449870265557
 20
26.75356859688527
 30
0.0
  0
VERTEX
  5
12EF
  8
0
 10
-22.52303478054369
 20
26.54087542954387
 30
0.0
  0
VERTEX
  5
12F0
  8
0
 10
-22.20514871745296
 20
26.33891492480843
 30
0.0
  0
VERTEX
  5
12F1
  8
0
 10
-21.8811234530827
 20
26.14781245552829
 30
0.0
  0
VERTEX
  5
12F2
  8
0
 10
-21.55124192713227
 20
25.96769339455276
 30
0.0
  0
VERTEX
  5
12F3
  8
0
 10
-21.21578707930098
 20
25.79868311473116
 30
0.0
  0
VERTEX
  5
12F4
  8
0
 10
-20.87504184928818
 20
25.64090698891283
 30
0.0
  0
VERTEX
  5
12F5
  8
0
 10
-20.52928917679321
 20
25.49449038994707
 30
0.0
  0
VERTEX
  5
12F6
  8
0
 10
-20.17881200151539
 20
25.35955869068322
 30
0.0
  0
VERTEX
  5
12F7
  8
0
 10
-19.82389326315407
 20
25.23623726397059
 30
0.0
  0
VERTEX
  5
12F8
  8
0
 10
-19.46481590140858
 20
25.1246514826585
 30
0.0
  0
VERTEX
  5
12F9
  8
0
 10
-19.10186285597825
 20
25.02492671959627
 30
0.0
  0
VERTEX
  5
12FA
  8
0
 10
-18.73531706656244
 20
24.93718834763323
 30
0.0
  0
VERTEX
  5
12FB
  8
0
 10
-18.36546147286047
 20
24.8615617396187
 30
0.0
  0
SEQEND
  5
12FC
  8
0
  0
POLYLINE
  5
5F
  8
0
 66
     1
 10
0.0
 20
0.0
 30
0.0
 70
     1
  0
VERTEX
  5
12FD
  8
0
 10
9.400903822544072
 20
-9.402538164407156
 30
0.0
  0
VERTEX
  5
12FE
  8
0
 10
9.39297826950623
 20
-9.17277709121913
 30
0.0
  0
VERTEX
  5
12FF
  8
0
 10
9.376422418729948
 20
-8.944808818230515
 30
0.0
  0
VERTEX
  5
1300
  8
0
 10
9.351370608695248
 20
-8.71882483186878
 30
0.0
  0
VERTEX
  5
1301
  8
0
 10
9.317957177882153
 20
-8.495016618561401
 30
0.0
  0
VERTEX
  5
1302
  8
0
 10
9.276316464770687
 20
-8.273575664735844
 30
0.0
  0
VERTEX
  5
1303
  8
0
 10
9.226582807840872
 20
-8.054693456819583
 30
0.0
  0
VERTEX
  5
1304
  8
0
 10
9.168890545572731
 20
-7.838561481240088
 30
0.0
  0
VERTEX
  5
1305
  8
0
 10
9.103374016446288
 20
-7.625371224424828
 30
0.0
  0
VERTEX
  5
1306
  8
0
 10
9.030167558941567
 20
-7.415314172801279
 30
0.0
  0
VERTEX
  5
1307
  8
0
 10
8.949405511538593
 20
-7.208581812796908
 30
0.0
  0
VERTEX
  5
1308
  8
0
 10
8.861222212717387
 20
-7.005365630839187
 30
0.0
  0
VERTEX
  5
1309
  8
0
 10
8.765752000957972
 20
-6.805857113355588
 30
0.0
  0
VERTEX
  5
130A
  8
0
 10
8.663129214740373
 20
-6.610247746773581
 30
0.0
  0
VERTEX
  5
130B
  8
0
 10
8.553488192544613
 20
-6.418729017520638
 30
0.0
  0
VERTEX
  5
130C
  8
0
 10
8.436963272850713
 20
-6.231492412024229
 30
0.0
  0
VERTEX
  5
130D
  8
0
 10
8.313688794138699
 20
-6.048729416711828
 30
0.0
  0
VERTEX
  5
130E
  8
0
 10
8.183799094888595
 20
-5.870631518010901
 30
0.0
  0
VERTEX
  5
130F
  8
0
 10
8.04742851358042
 20
-5.697390202348924
 30
0.0
  0
VERTEX
  5
1310
  8
0
 10
7.904711388694202
 20
-5.529196956153364
 30
0.0
  0
VERTEX
  5
1311
  8
0
 10
7.755782058709962
 20
-5.366243265851695
 30
0.0
  0
VERTEX
  5
1312
  8
0
 10
7.600774862107725
 20
-5.208720617871387
 30
0.0
  0
VERTEX
  5
1313
  8
0
 10
7.439824137367513
 20
-5.056820498639912
 30
0.0
  0
VERTEX
  5
1314
  8
0
 10
7.273064222969349
 20
-4.91073439458474
 30
0.0
  0
VERTEX
  5
1315
  8
0
 10
7.100629457393257
 20
-4.77065379213334
 30
0.0
  0
VERTEX
  5
1316
  8
0
 10
6.922654179119261
 20
-4.636770177713187
 30
0.0
  0
VERTEX
  5
1317
  8
0
 10
6.739272726627383
 20
-4.509275037751751
 30
0.0
  0
VERTEX
  5
1318
  8
0
 10
6.550619438397646
 20
-4.388359858676501
 30
0.0
  0
VERTEX
  5
1319
  8
0
 10
6.356828652910076
 20
-4.27421612691491
 30
0.0
  0
VERTEX
  5
131A
  8
0
 10
6.158034708644696
 20
-4.167035328894448
 30
0.0
  0
VERTEX
  5
131B
  8
0
 10
5.954371944081526
 20
-4.067008951042588
 30
0.0
  0
VERTEX
  5
131C
  8
0
 10
5.745974697700591
 20
-3.974328479786799
 30
0.0
  0
VERTEX
  5
131D
  8
0
 10
5.532977307981916
 20
-3.889185401554553
 30
0.0
  0
VERTEX
  5
131E
  8
0
 10
5.360308541502081
 20
-4.125081730210418
 30
0.0
  0
VERTEX
  5
131F
  8
0
 10
5.177735450355873
 20
-4.353184225703805
 30
0.0
  0
VERTEX
  5
1320
  8
0
 10
4.985519892193592
 20
-4.573179810489217
 30
0.0
  0
VERTEX
  5
1321
  8
0
 10
4.783923724665539
 20
-4.784755407021154
 30
0.0
  0
VERTEX
  5
1322
  8
0
 10
4.573385119467694
 20
-4.98738701124104
 30
0.0
  0
VERTEX
  5
1323
  8
0
 10
4.354425660329012
 20
-5.180634045633172
 30
0.0
  0
VERTEX
  5
1324
  8
0
 10
4.127356978567994
 20
-5.364233214973388
 30
0.0
  0
VERTEX
  5
1325
  8
0
 10
3.892490705503147
 20
-5.537921224037524
 30
0.0
  0
VERTEX
  5
1326
  8
0
 10
3.977928560179541
 20
-5.751265273007202
 30
0.0
  0
VERTEX
  5
1327
  8
0
 10
4.070873115473189
 20
-5.959978991536301
 30
0.0
  0
VERTEX
  5
1328
  8
0
 10
4.171133056517405
 20
-6.163928156090924
 30
0.0
  0
VERTEX
  5
1329
  8
0
 10
4.278517068445505
 20
-6.362978543137173
 30
0.0
  0
VERTEX
  5
132A
  8
0
 10
4.392833836390801
 20
-6.55699592914115
 30
0.0
  0
VERTEX
  5
132B
  8
0
 10
4.513892045486606
 20
-6.745846090568959
 30
0.0
  0
VERTEX
  5
132C
  8
0
 10
4.641500380866236
 20
-6.9293948038867
 30
0.0
  0
VERTEX
  5
132D
  8
0
 10
4.775467527663005
 20
-7.107507845560476
 30
0.0
  0
VERTEX
  5
132E
  8
0
 10
4.915602171010226
 20
-7.280050992056389
 30
0.0
  0
VERTEX
  5
132F
  8
0
 10
5.061712996041217
 20
-7.446890019840541
 30
0.0
  0
VERTEX
  5
1330
  8
0
 10
5.213608687889288
 20
-7.607890705379035
 30
0.0
  0
VERTEX
  5
1331
  8
0
 10
5.371097931687755
 20
-7.762918825137972
 30
0.0
  0
VERTEX
  5
1332
  8
0
 10
5.533989412569932
 20
-7.911840155583455
 30
0.0
  0
VERTEX
  5
1333
  8
0
 10
5.702091815669133
 20
-8.054520473181586
 30
0.0
  0
VERTEX
  5
1334
  8
0
 10
5.875213826118673
 20
-8.190825554398467
 30
0.0
  0
VERTEX
  5
1335
  8
0
 10
6.053164129051865
 20
-8.320621175700198
 30
0.0
  0
VERTEX
  5
1336
  8
0
 10
6.235751409602024
 20
-8.443773113552885
 30
0.0
  0
VERTEX
  5
1337
  8
0
 10
6.422784352902464
 20
-8.56014714442263
 30
0.0
  0
VERTEX
  5
1338
  8
0
 10
6.614071644086499
 20
-8.66960904477553
 30
0.0
  0
VERTEX
  5
1339
  8
0
 10
6.809421968287444
 20
-8.772024591077692
 30
0.0
  0
VERTEX
  5
133A
  8
0
 10
7.008644010638611
 20
-8.867259559795217
 30
0.0
  0
VERTEX
  5
133B
  8
0
 10
7.211546456273316
 20
-8.955179727394206
 30
0.0
  0
VERTEX
  5
133C
  8
0
 10
7.417937990324874
 20
-9.035650870340765
 30
0.0
  0
VERTEX
  5
133D
  8
0
 10
7.627627297926598
 20
-9.108538765100992
 30
0.0
  0
VERTEX
  5
133E
  8
0
 10
7.840423064211802
 20
-9.17370918814099
 30
0.0
  0
VERTEX
  5
133F
  8
0
 10
8.056133974313802
 20
-9.23102791592686
 30
0.0
  0
VERTEX
  5
1340
  8
0
 10
8.274568713365909
 20
-9.280360724924709
 30
0.0
  0
VERTEX
  5
1341
  8
0
 10
8.49553596650144
 20
-9.321573391600634
 30
0.0
  0
VERTEX
  5
1342
  8
0
 10
8.718844418853706
 20
-9.35453169242074
 30
0.0
  0
VERTEX
  5
1343
  8
0
 10
8.944302755556023
 20
-9.379101403851127
 30
0.0
  0
VERTEX
  5
1344
  8
0
 10
9.171719661741708
 20
-9.3951483023579
 30
0.0
  0
SEQEND
  5
1345
  8
0
  0
POLYLINE
  5
60
  8
0
 66
     1
 10
0.0
 20
0.0
 30
0.0
 70
     1
  0
VERTEX
  5
1346
  8
0
 10
-9.400903822562325
 20
9.402538164407156
 30
0.0
  0
VERTEX
  5
1347
  8
0
 10
-9.171719661759981
 20
9.395148302357931
 30
0.0
  0
VERTEX
  5
1348
  8
0
 10
-8.944302755574316
 20
9.379101403851193
 30
0.0
  0
VERTEX
  5
1349
  8
0
 10
-8.718844418872017
 20
9.35453169242084
 30
0.0
  0
VERTEX
  5
134A
  8
0
 10
-8.495535966519768
 20
9.321573391600769
 30
0.0
  0
VERTEX
  5
134B
  8
0
 10
-8.274568713384253
 20
9.28036072492488
 30
0.0
  0
VERTEX
  5
134C
  8
0
 10
-8.05613397433216
 20
9.231027915927067
 30
0.0
  0
VERTEX
  5
134D
  8
0
 10
-7.840423064230175
 20
9.173709188141231
 30
0.0
  0
VERTEX
  5
134E
  8
0
 10
-7.627627297944983
 20
9.108538765101269
 30
0.0
  0
VERTEX
  5
134F
  8
0
 10
-7.41793799034327
 20
9.03565087034108
 30
0.0
  0
VERTEX
  5
1350
  8
0
 10
-7.211546456291721
 20
8.955179727394558
 30
0.0
  0
VERTEX
  5
1351
  8
0
 10
-7.008644010657023
 20
8.867259559795606
 30
0.0
  0
VERTEX
  5
1352
  8
0
 10
-6.809421968305861
 20
8.772024591078118
 30
0.0
  0
VERTEX
  5
1353
  8
0
 10
-6.614071644104921
 20
8.669609044775992
 30
0.0
  0
VERTEX
  5
1354
  8
0
 10
-6.422784352920891
 20
8.560147144423127
 30
0.0
  0
VERTEX
  5
1355
  8
0
 10
-6.235751409620453
 20
8.443773113553421
 30
0.0
  0
VERTEX
  5
1356
  8
0
 10
-6.053164129070295
 20
8.320621175700772
 30
0.0
  0
VERTEX
  5
1357
  8
0
 10
-5.875213826137102
 20
8.190825554399076
 30
0.0
  0
VERTEX
  5
1358
  8
0
 10
-5.702091815687561
 20
8.054520473182233
 30
0.0
  0
VERTEX
  5
1359
  8
0
 10
-5.533989412588356
 20
7.911840155584141
 30
0.0
  0
VERTEX
  5
135A
  8
0
 10
-5.371097931706175
 20
7.762918825138696
 30
0.0
  0
VERTEX
  5
135B
  8
0
 10
-5.213608687907702
 20
7.607890705379797
 30
0.0
  0
VERTEX
  5
135C
  8
0
 10
-5.061712996059624
 20
7.446890019841339
 30
0.0
  0
VERTEX
  5
135D
  8
0
 10
-4.915602171028626
 20
7.280050992057225
 30
0.0
  0
VERTEX
  5
135E
  8
0
 10
-4.775467527681393
 20
7.107507845561347
 30
0.0
  0
VERTEX
  5
135F
  8
0
 10
-4.641500380884612
 20
6.929394803887607
 30
0.0
  0
VERTEX
  5
1360
  8
0
 10
-4.513892045504968
 20
6.745846090569901
 30
0.0
  0
VERTEX
  5
1361
  8
0
 10
-4.392833836409148
 20
6.556995929142128
 30
0.0
  0
VERTEX
  5
1362
  8
0
 10
-4.278517068463838
 20
6.362978543138185
 30
0.0
  0
VERTEX
  5
1363
  8
0
 10
-4.171133056535722
 20
6.163928156091971
 30
0.0
  0
VERTEX
  5
1364
  8
0
 10
-4.070873115491487
 20
5.959978991537382
 30
0.0
  0
VERTEX
  5
1365
  8
0
 10
-3.977928560197818
 20
5.751265273008316
 30
0.0
  0
VERTEX
  5
1366
  8
0
 10
-3.892490705521402
 20
5.53792122403867
 30
0.0
  0
VERTEX
  5
1367
  8
0
 10
-4.12735697858623
 20
5.364233214974821
 30
0.0
  0
VERTEX
  5
1368
  8
0
 10
-4.354425660347242
 20
5.180634045634887
 30
0.0
  0
VERTEX
  5
1369
  8
0
 10
-4.573385119485932
 20
4.987387011243039
 30
0.0
  0
VERTEX
  5
136A
  8
0
 10
-4.783923724683794
 20
4.784755407023441
 30
0.0
  0
VERTEX
  5
136B
  8
0
 10
-4.985519892211887
 20
4.573179810490929
 30
0.0
  0
VERTEX
  5
136C
  8
0
 10
-5.177735450374178
 20
4.353184225704949
 30
0.0
  0
VERTEX
  5
136D
  8
0
 10
-5.360308541520372
 20
4.125081730210992
 30
0.0
  0
VERTEX
  5
136E
  8
0
 10
-5.532977308000171
 20
3.889185401554554
 30
0.0
  0
VERTEX
  5
136F
  8
0
 10
-5.745974697718847
 20
3.974328479786799
 30
0.0
  0
VERTEX
  5
1370
  8
0
 10
-5.954371944099782
 20
4.067008951042588
 30
0.0
  0
VERTEX
  5
1371
  8
0
 10
-6.158034708662951
 20
4.16703532889445
 30
0.0
  0
VERTEX
  5
1372
  8
0
 10
-6.356828652928332
 20
4.274216126914911
 30
0.0
  0
VERTEX
  5
1373
  8
0
 10
-6.550619438415902
 20
4.388359858676502
 30
0.0
  0
VERTEX
  5
1374
  8
0
 10
-6.739272726645638
 20
4.509275037751751
 30
0.0
  0
VERTEX
  5
1375
  8
0
 10
-6.922654179137517
 20
4.636770177713188
 30
0.0
  0
VERTEX
  5
1376
  8
0
 10
-7.100629457411513
 20
4.770653792133341
 30
0.0
  0
VERTEX
  5
1377
  8
0
 10
-7.273064222987604
 20
4.91073439458474
 30
0.0
  0
VERTEX
  5
1378
  8
0
 10
-7.439824137385768
 20
5.056820498639912
 30
0.0
  0
VERTEX
  5
1379
  8
0
 10
-7.600774862125981
 20
5.208720617871387
 30
0.0
  0
VERTEX
  5
137A
  8
0
 10
-7.755782058728219
 20
5.366243265851695
 30
0.0
  0
VERTEX
  5
137B
  8
0
 10
-7.904711388712458
 20
5.529196956153364
 30
0.0
  0
VERTEX
  5
137C
  8
0
 10
-8.047428513598677
 20
5.697390202348924
 30
0.0
  0
VERTEX
  5
137D
  8
0
 10
-8.183799094906849
 20
5.870631518010901
 30
0.0
  0
VERTEX
  5
137E
  8
0
 10
-8.313688794156954
 20
6.048729416711828
 30
0.0
  0
VERTEX
  5
137F
  8
0
 10
-8.436963272868969
 20
6.231492412024229
 30
0.0
  0
VERTEX
  5
1380
  8
0
 10
-8.553488192562867
 20
6.418729017520638
 30
0.0
  0
VERTEX
  5
1381
  8
0
 10
-8.663129214758627
 20
6.610247746773581
 30
0.0
  0
VERTEX
  5
1382
  8
0
 10
-8.765752000976226
 20
6.805857113355588
 30
0.0
  0
VERTEX
  5
1383
  8
0
 10
-8.86122221273564
 20
7.005365630839187
 30
0.0
  0
VERTEX
  5
1384
  8
0
 10
-8.949405511556847
 20
7.208581812796908
 30
0.0
  0
VERTEX
  5
1385
  8
0
 10
-9.030167558959821
 20
7.415314172801279
 30
0.0
  0
VERTEX
  5
1386
  8
0
 10
-9.103374016464542
 20
7.625371224424828
 30
0.0
  0
VERTEX
  5
1387
  8
0
 10
-9.168890545590985
 20
7.838561481240088
 30
0.0
  0
VERTEX
  5
1388
  8
0
 10
-9.226582807859126
 20
8.054693456819583
 30
0.0
  0
VERTEX
  5
1389
  8
0
 10
-9.276316464788941
 20
8.273575664735844
 30
0.0
  0
VERTEX
  5
138A
  8
0
 10
-9.317957177900407
 20
8.495016618561401
 30
0.0
  0
VERTEX
  5
138B
  8
0
 10
-9.351370608713502
 20
8.71882483186878
 30
0.0
  0
VERTEX
  5
138C
  8
0
 10
-9.376422418748202
 20
8.944808818230515
 30
0.0
  0
VERTEX
  5
138D
  8
0
 10
-9.392978269524484
 20
9.17277709121913
 30
0.0
  0
SEQEND
  5
138E
  8
0
  0
POLYLINE
  5
61
  8
0
 66
     1
 10
0.0
 20
0.0
 30
0.0
 70
     1
  0
VERTEX
  5
138F
  8
0
 10
-2.174510784028111
 20
-2.174888821299229
 30
0.0
  0
VERTEX
  5
1390
  8
0
 10
-2.064089006448782
 20
-2.280477938978723
 30
0.0
  0
VERTEX
  5
1391
  8
0
 10
-1.949089572839088
 20
-2.380017558398978
 30
0.0
  0
VERTEX
  5
1392
  8
0
 10
-1.706368854535012
 20
-2.560527676847983
 30
0.0
  0
VERTEX
  5
1393
  8
0
 10
-1.448370863128698
 20
-2.715577925418666
 30
0.0
  0
VERTEX
  5
1394
  8
0
 10
-1.177117832632955
 20
-2.844327052883451
 30
0.0
  0
VERTEX
  5
1395
  8
0
 10
-0.8946319970605946
 20
-2.94593380801476
 30
0.0
  0
VERTEX
  5
1396
  8
0
 10
-0.6029355904244283
 20
-3.019556939585016
 30
0.0
  0
VERTEX
  5
1397
  8
0
 10
-0.3040508467372672
 20
-3.064355196366643
 30
0.0
  0
VERTEX
  5
1398
  8
0
 10
-0.1525447966285672
 20
-3.075682105703102
 30
0.0
  0
VERTEX
  5
1399
  8
0
 10
-0.0000000000119227
 20
-3.079487327132062
 30
0.0
  0
VERTEX
  5
139A
  8
0
 10
0.1525447966050884
 20
-3.075682105703362
 30
0.0
  0
VERTEX
  5
139B
  8
0
 10
0.3040508467141613
 20
-3.064355196367126
 30
0.0
  0
VERTEX
  5
139C
  8
0
 10
0.6029355904020797
 20
-3.019556939585837
 30
0.0
  0
VERTEX
  5
139D
  8
0
 10
0.8946319970390062
 20
-2.945933808015776
 30
0.0
  0
VERTEX
  5
139E
  8
0
 10
1.177117832612115
 20
-2.844327052884524
 30
0.0
  0
VERTEX
  5
139F
  8
0
 10
1.448370863108581
 20
-2.715577925419662
 30
0.0
  0
VERTEX
  5
13A0
  8
0
 10
1.706368854515576
 20
-2.560527676848772
 30
0.0
  0
VERTEX
  5
13A1
  8
0
 10
1.949089572820275
 20
-2.380017558399435
 30
0.0
  0
VERTEX
  5
13A2
  8
0
 10
2.064089006430256
 20
-2.280477938978967
 30
0.0
  0
VERTEX
  5
13A3
  8
0
 10
2.174510784009853
 20
-2.174888821299231
 30
0.0
  0
VERTEX
  5
13A4
  8
0
 10
2.279385036587335
 20
-2.064375635213838
 30
0.0
  0
VERTEX
  5
13A5
  8
0
 10
2.378237548008056
 20
-1.94929362550916
 30
0.0
  0
VERTEX
  5
13A6
  8
0
 10
2.557460261004232
 20
-1.706434428030385
 30
0.0
  0
VERTEX
  5
13A7
  8
0
 10
2.711344750248417
 20
-1.448333814439783
 30
0.0
  0
VERTEX
  5
13A8
  8
0
 10
2.839056842990646
 20
-1.177014370314229
 30
0.0
  0
VERTEX
  5
13A9
  8
0
 10
2.939762366480954
 20
-0.8944986812305981
 30
0.0
  0
VERTEX
  5
13AA
  8
0
 10
3.012627147969377
 20
-0.6028093327657658
 30
0.0
  0
VERTEX
  5
13AB
  8
0
 10
3.056817014705949
 20
-0.3039689104966075
 30
0.0
  0
VERTEX
  5
13AC
  8
0
 10
3.067898176057927
 20
-0.1524991046781796
 30
0.0
  0
VERTEX
  5
13AD
  8
0
 10
3.071497793940706
 20
0.0000000000000016
 30
0.0
  0
VERTEX
  5
13AE
  8
0
 10
3.056817014705949
 20
0.3039689104966103
 30
0.0
  0
VERTEX
  5
13AF
  8
0
 10
3.012627147969377
 20
0.6028093327657682
 30
0.0
  0
VERTEX
  5
13B0
  8
0
 10
2.939762366480955
 20
0.8944986812306001
 30
0.0
  0
VERTEX
  5
13B1
  8
0
 10
2.839056842990647
 20
1.17701437031423
 30
0.0
  0
VERTEX
  5
13B2
  8
0
 10
2.711344750248419
 20
1.448333814439784
 30
0.0
  0
VERTEX
  5
13B3
  8
0
 10
2.557460261004234
 20
1.706434428030386
 30
0.0
  0
VERTEX
  5
13B4
  8
0
 10
2.378237548008058
 20
1.94929362550916
 30
0.0
  0
VERTEX
  5
13B5
  8
0
 10
2.279385036587337
 20
2.064375635213838
 30
0.0
  0
VERTEX
  5
13B6
  8
0
 10
2.174510784009855
 20
2.174888821299231
 30
0.0
  0
VERTEX
  5
13B7
  8
0
 10
2.064089006430525
 20
2.280477938978725
 30
0.0
  0
VERTEX
  5
13B8
  8
0
 10
1.949089572820831
 20
2.38001755839898
 30
0.0
  0
VERTEX
  5
13B9
  8
0
 10
1.706368854516755
 20
2.560527676847985
 30
0.0
  0
VERTEX
  5
13BA
  8
0
 10
1.448370863110441
 20
2.715577925418668
 30
0.0
  0
VERTEX
  5
13BB
  8
0
 10
1.177117832614698
 20
2.844327052883453
 30
0.0
  0
VERTEX
  5
13BC
  8
0
 10
0.8946319970423371
 20
2.945933808014762
 30
0.0
  0
VERTEX
  5
13BD
  8
0
 10
0.6029355904061708
 20
3.019556939585019
 30
0.0
  0
VERTEX
  5
13BE
  8
0
 10
0.3040508467190098
 20
3.064355196366645
 30
0.0
  0
VERTEX
  5
13BF
  8
0
 10
0.1525447966103098
 20
3.075682105703104
 30
0.0
  0
VERTEX
  5
13C0
  8
0
 10
-0.0000000000063346
 20
3.079487327132064
 30
0.0
  0
VERTEX
  5
13C1
  8
0
 10
-0.152544796623346
 20
3.075682105703364
 30
0.0
  0
VERTEX
  5
13C2
  8
0
 10
-0.3040508467324192
 20
3.064355196367129
 30
0.0
  0
VERTEX
  5
13C3
  8
0
 10
-0.6029355904203377
 20
3.01955693958584
 30
0.0
  0
VERTEX
  5
13C4
  8
0
 10
-0.8946319970572645
 20
2.945933808015779
 30
0.0
  0
VERTEX
  5
13C5
  8
0
 10
-1.177117832630374
 20
2.844327052884527
 30
0.0
  0
VERTEX
  5
13C6
  8
0
 10
-1.448370863126838
 20
2.715577925419665
 30
0.0
  0
VERTEX
  5
13C7
  8
0
 10
-1.706368854533833
 20
2.560527676848774
 30
0.0
  0
VERTEX
  5
13C8
  8
0
 10
-1.949089572838533
 20
2.380017558399437
 30
0.0
  0
VERTEX
  5
13C9
  8
0
 10
-2.064089006448513
 20
2.280477938978969
 30
0.0
  0
VERTEX
  5
13CA
  8
0
 10
-2.17451078402811
 20
2.174888821299232
 30
0.0
  0
VERTEX
  5
13CB
  8
0
 10
-2.279385036605593
 20
2.064375635213839
 30
0.0
  0
VERTEX
  5
13CC
  8
0
 10
-2.378237548026314
 20
1.949293625509161
 30
0.0
  0
VERTEX
  5
13CD
  8
0
 10
-2.557460261022491
 20
1.706434428030386
 30
0.0
  0
VERTEX
  5
13CE
  8
0
 10
-2.711344750266676
 20
1.448333814439785
 30
0.0
  0
VERTEX
  5
13CF
  8
0
 10
-2.839056843008905
 20
1.177014370314231
 30
0.0
  0
VERTEX
  5
13D0
  8
0
 10
-2.939762366499212
 20
0.8944986812306006
 30
0.0
  0
VERTEX
  5
13D1
  8
0
 10
-3.012627147987635
 20
0.6028093327657686
 30
0.0
  0
VERTEX
  5
13D2
  8
0
 10
-3.056817014724206
 20
0.3039689104966104
 30
0.0
  0
VERTEX
  5
13D3
  8
0
 10
-3.067898176076184
 20
0.1524991046781825
 30
0.0
  0
VERTEX
  5
13D4
  8
0
 10
-3.071497793958963
 20
0.0000000000000013
 30
0.0
  0
VERTEX
  5
13D5
  8
0
 10
-3.056817014724206
 20
-0.303968910496608
 30
0.0
  0
VERTEX
  5
13D6
  8
0
 10
-3.012627147987635
 20
-0.6028093327657662
 30
0.0
  0
VERTEX
  5
13D7
  8
0
 10
-2.939762366499212
 20
-0.8944986812305978
 30
0.0
  0
VERTEX
  5
13D8
  8
0
 10
-2.839056843008905
 20
-1.177014370314228
 30
0.0
  0
VERTEX
  5
13D9
  8
0
 10
-2.711344750266676
 20
-1.448333814439782
 30
0.0
  0
VERTEX
  5
13DA
  8
0
 10
-2.557460261022491
 20
-1.706434428030383
 30
0.0
  0
VERTEX
  5
13DB
  8
0
 10
-2.378237548026315
 20
-1.949293625509157
 30
0.0
  0
VERTEX
  5
13DC
  8
0
 10
-2.279385036605594
 20
-2.064375635213836
 30
0.0
  0
SEQEND
  5
13DD
  8
0
  0
POLYLINE
  5
62
  8
0
 66
     1
 10
0.0
 20
0.0
 30
0.0
 70
     1
  0
VERTEX
  5
13DE
  8
0
 10
24.97963013419556
 20
-24.98397282930666
 30
0.0
  0
VERTEX
  5
13DF
  8
0
 10
24.62532512730196
 20
-24.57490764882368
 30
0.0
  0
VERTEX
  5
13E0
  8
0
 10
24.28669240632167
 20
-24.15429681846151
 30
0.0
  0
VERTEX
  5
13E1
  8
0
 10
23.96395513792947
 20
-23.72260753247139
 30
0.0
  0
VERTEX
  5
13E2
  8
0
 10
23.65733648880017
 20
-23.2803069851046
 30
0.0
  0
VERTEX
  5
13E3
  8
0
 10
23.36705962560855
 20
-22.82786237061237
 30
0.0
  0
VERTEX
  5
13E4
  8
0
 10
23.09334771502941
 20
-22.36574088324597
 30
0.0
  0
VERTEX
  5
13E5
  8
0
 10
22.83642392373753
 20
-21.89440971725666
 30
0.0
  0
VERTEX
  5
13E6
  8
0
 10
22.59651141840772
 20
-21.41433606689567
 30
0.0
  0
VERTEX
  5
13E7
  8
0
 10
22.37383336571477
 20
-20.92598712641428
 30
0.0
  0
VERTEX
  5
13E8
  8
0
 10
22.16861293233346
 20
-20.42983009006373
 30
0.0
  0
VERTEX
  5
13E9
  8
0
 10
21.9810732849386
 20
-19.92633215209528
 30
0.0
  0
VERTEX
  5
13EA
  8
0
 10
21.81143759020497
 20
-19.41596050676018
 30
0.0
  0
VERTEX
  5
13EB
  8
0
 10
21.65992901480738
 20
-18.89918234830969
 30
0.0
  0
VERTEX
  5
13EC
  8
0
 10
21.5267707254206
 20
-18.37646487099506
 30
0.0
  0
VERTEX
  5
13ED
  8
0
 10
21.41218588871945
 20
-17.84827526906756
 30
0.0
  0
VERTEX
  5
13EE
  8
0
 10
21.3163976713787
 20
-17.31508073677842
 30
0.0
  0
VERTEX
  5
13EF
  8
0
 10
20.77224544326002
 20
-17.16204890125724
 30
0.0
  0
VERTEX
  5
13F0
  8
0
 10
20.23274041163166
 20
-16.99544131676
 30
0.0
  0
VERTEX
  5
13F1
  8
0
 10
19.69812399260935
 20
-16.81537878653937
 30
0.0
  0
VERTEX
  5
13F2
  8
0
 10
19.16863760230883
 20
-16.62198211384801
 30
0.0
  0
VERTEX
  5
13F3
  8
0
 10
18.64452265684583
 20
-16.41537210193856
 30
0.0
  0
VERTEX
  5
13F4
  8
0
 10
18.12602057233607
 20
-16.19566955406369
 30
0.0
  0
VERTEX
  5
13F5
  8
0
 10
17.6133727648953
 20
-15.96299527347607
 30
0.0
  0
VERTEX
  5
13F6
  8
0
 10
17.10682065063925
 20
-15.71747006342834
 30
0.0
  0
VERTEX
  5
13F7
  8
0
 10
16.60660564568364
 20
-15.45921472717317
 30
0.0
  0
VERTEX
  5
13F8
  8
0
 10
16.11296916614422
 20
-15.18835006796321
 30
0.0
  0
VERTEX
  5
13F9
  8
0
 10
15.6261526281367
 20
-14.90499688905112
 30
0.0
  0
VERTEX
  5
13FA
  8
0
 10
15.14639744777684
 20
-14.60927599368956
 30
0.0
  0
VERTEX
  5
13FB
  8
0
 10
14.67394504118035
 20
-14.30130818513119
 30
0.0
  0
VERTEX
  5
13FC
  8
0
 10
14.20903682446297
 20
-13.98121426662866
 30
0.0
  0
VERTEX
  5
13FD
  8
0
 10
13.75191421374043
 20
-13.64911504143464
 30
0.0
  0
VERTEX
  5
13FE
  8
0
 10
13.30281862512848
 20
-13.30513131280178
 30
0.0
  0
VERTEX
  5
13FF
  8
0
 10
13.64699718730861
 20
-13.75455964524903
 30
0.0
  0
VERTEX
  5
1400
  8
0
 10
13.97934151335986
 20
-14.21206460523465
 30
0.0
  0
VERTEX
  5
1401
  8
0
 10
14.29973052896838
 20
-14.67740444256294
 30
0.0
  0
VERTEX
  5
1402
  8
0
 10
14.60804315982029
 20
-15.15033740703819
 30
0.0
  0
VERTEX
  5
1403
  8
0
 10
14.90415833160173
 20
-15.6306217484647
 30
0.0
  0
VERTEX
  5
1404
  8
0
 10
15.18795496999885
 20
-16.11801571664676
 30
0.0
  0
VERTEX
  5
1405
  8
0
 10
15.45931200069777
 20
-16.61227756138866
 30
0.0
  0
VERTEX
  5
1406
  8
0
 10
15.71810834938464
 20
-17.1131655324947
 30
0.0
  0
VERTEX
  5
1407
  8
0
 10
15.96422294174559
 20
-17.62043787976917
 30
0.0
  0
VERTEX
  5
1408
  8
0
 10
16.19753470346675
 20
-18.13385285301638
 30
0.0
  0
VERTEX
  5
1409
  8
0
 10
16.41792256023427
 20
-18.65316870204061
 30
0.0
  0
VERTEX
  5
140A
  8
0
 10
16.62526543773429
 20
-19.17814367664616
 30
0.0
  0
VERTEX
  5
140B
  8
0
 10
16.81944226165292
 20
-19.70853602663732
 30
0.0
  0
VERTEX
  5
140C
  8
0
 10
17.00033195767633
 20
-20.24410400181839
 30
0.0
  0
VERTEX
  5
140D
  8
0
 10
17.16781345149063
 20
-20.78460585199365
 30
0.0
  0
VERTEX
  5
140E
  8
0
 10
17.32176566878198
 20
-21.32979982696742
 30
0.0
  0
VERTEX
  5
140F
  8
0
 10
17.85380876876342
 20
-21.42454576013816
 30
0.0
  0
VERTEX
  5
1410
  8
0
 10
18.38090543068157
 20
-21.5381492128143
 30
0.0
  0
VERTEX
  5
1411
  8
0
 10
18.90258913209589
 20
-21.67038757022971
 30
0.0
  0
VERTEX
  5
1412
  8
0
 10
19.41839335056588
 20
-21.82103821761824
 30
0.0
  0
VERTEX
  5
1413
  8
0
 10
19.92785156365098
 20
-21.98987854021375
 30
0.0
  0
VERTEX
  5
1414
  8
0
 10
20.4304972489107
 20
-22.17668592325009
 30
0.0
  0
VERTEX
  5
1415
  8
0
 10
20.92586388390449
 20
-22.38123775196111
 30
0.0
  0
VERTEX
  5
1416
  8
0
 10
21.41348494619184
 20
-22.60331141158066
 30
0.0
  0
VERTEX
  5
1417
  8
0
 10
21.89289391333222
 20
-22.84268428734259
 30
0.0
  0
VERTEX
  5
1418
  8
0
 10
22.3636242628851
 20
-23.09913376448077
 30
0.0
  0
VERTEX
  5
1419
  8
0
 10
22.82520947240995
 20
-23.37243722822904
 30
0.0
  0
VERTEX
  5
141A
  8
0
 10
23.27718301946626
 20
-23.66237206382126
 30
0.0
  0
VERTEX
  5
141B
  8
0
 10
23.71907838161351
 20
-23.96871565649128
 30
0.0
  0
VERTEX
  5
141C
  8
0
 10
24.15042903641115
 20
-24.29124539147295
 30
0.0
  0
VERTEX
  5
141D
  8
0
 10
24.57076846141868
 20
-24.62973865400012
 30
0.0
  0
SEQEND
  5
141E
  8
0
  0
POLYLINE
  5
63
  8
0
 66
     1
 10
0.0
 20
0.0
 30
0.0
 70
     1
  0
VERTEX
  5
141F
  8
0
 10
-24.97963013421381
 20
24.98397282930952
 30
0.0
  0
VERTEX
  5
1420
  8
0
 10
-24.57076846143697
 20
24.62973865400281
 30
0.0
  0
VERTEX
  5
1421
  8
0
 10
-24.15042903642949
 20
24.29124539147545
 30
0.0
  0
VERTEX
  5
1422
  8
0
 10
-23.71907838163188
 20
23.9687156564936
 30
0.0
  0
VERTEX
  5
1423
  8
0
 10
-23.27718301948467
 20
23.6623720638234
 30
0.0
  0
VERTEX
  5
1424
  8
0
 10
-22.82520947242838
 20
23.37243722823101
 30
0.0
  0
VERTEX
  5
1425
  8
0
 10
-22.36362426290354
 20
23.09913376448256
 30
0.0
  0
VERTEX
  5
1426
  8
0
 10
-21.89289391335067
 20
22.8426842873442
 30
0.0
  0
VERTEX
  5
1427
  8
0
 10
-21.4134849462103
 20
22.60331141158208
 30
0.0
  0
VERTEX
  5
1428
  8
0
 10
-20.92586388392295
 20
22.38123775196236
 30
0.0
  0
VERTEX
  5
1429
  8
0
 10
-20.43049724892914
 20
22.17668592325116
 30
0.0
  0
VERTEX
  5
142A
  8
0
 10
-19.92785156366941
 20
21.98987854021464
 30
0.0
  0
VERTEX
  5
142B
  8
0
 10
-19.41839335058429
 20
21.82103821761896
 30
0.0
  0
VERTEX
  5
142C
  8
0
 10
-18.90258913211428
 20
21.67038757023025
 30
0.0
  0
VERTEX
  5
142D
  8
0
 10
-18.38090543069992
 20
21.53814921281465
 30
0.0
  0
VERTEX
  5
142E
  8
0
 10
-17.85380876878173
 20
21.42454576013833
 30
0.0
  0
VERTEX
  5
142F
  8
0
 10
-17.32176566880023
 20
21.32979982696742
 30
0.0
  0
VERTEX
  5
1430
  8
0
 10
-17.16781345150889
 20
20.78460585199365
 30
0.0
  0
VERTEX
  5
1431
  8
0
 10
-17.00033195769458
 20
20.24410400181839
 30
0.0
  0
VERTEX
  5
1432
  8
0
 10
-16.81944226167118
 20
19.70853602663732
 30
0.0
  0
VERTEX
  5
1433
  8
0
 10
-16.62526543775254
 20
19.17814367664616
 30
0.0
  0
VERTEX
  5
1434
  8
0
 10
-16.41792256025253
 20
18.65316870204061
 30
0.0
  0
VERTEX
  5
1435
  8
0
 10
-16.197534703485
 20
18.13385285301638
 30
0.0
  0
VERTEX
  5
1436
  8
0
 10
-15.96422294176384
 20
17.62043787976917
 30
0.0
  0
VERTEX
  5
1437
  8
0
 10
-15.71810834940289
 20
17.11316553249469
 30
0.0
  0
VERTEX
  5
1438
  8
0
 10
-15.45931200071602
 20
16.61227756138865
 30
0.0
  0
VERTEX
  5
1439
  8
0
 10
-15.1879549700171
 20
16.11801571664675
 30
0.0
  0
VERTEX
  5
143A
  8
0
 10
-14.90415833161999
 20
15.63062174846469
 30
0.0
  0
VERTEX
  5
143B
  8
0
 10
-14.60804315983854
 20
15.15033740703819
 30
0.0
  0
VERTEX
  5
143C
  8
0
 10
-14.29973052898663
 20
14.67740444256294
 30
0.0
  0
VERTEX
  5
143D
  8
0
 10
-13.97934151337811
 20
14.21206460523465
 30
0.0
  0
VERTEX
  5
143E
  8
0
 10
-13.64699718732686
 20
13.75455964524903
 30
0.0
  0
VERTEX
  5
143F
  8
0
 10
-13.30281862514673
 20
13.30513131280178
 30
0.0
  0
VERTEX
  5
1440
  8
0
 10
-13.75191421375868
 20
13.64911504143472
 30
0.0
  0
VERTEX
  5
1441
  8
0
 10
-14.2090368244812
 20
13.98121426662881
 30
0.0
  0
VERTEX
  5
1442
  8
0
 10
-14.67394504119857
 20
14.3013081851314
 30
0.0
  0
VERTEX
  5
1443
  8
0
 10
-15.14639744779505
 20
14.60927599368985
 30
0.0
  0
VERTEX
  5
1444
  8
0
 10
-15.62615262815491
 20
14.90499688905148
 30
0.0
  0
VERTEX
  5
1445
  8
0
 10
-16.11296916616242
 20
15.18835006796364
 30
0.0
  0
VERTEX
  5
1446
  8
0
 10
-16.60660564570185
 20
15.45921472717367
 30
0.0
  0
VERTEX
  5
1447
  8
0
 10
-17.10682065065745
 20
15.71747006342892
 30
0.0
  0
VERTEX
  5
1448
  8
0
 10
-17.61337276491351
 20
15.96299527347672
 30
0.0
  0
VERTEX
  5
1449
  8
0
 10
-18.12602057235429
 20
16.19566955406442
 30
0.0
  0
VERTEX
  5
144A
  8
0
 10
-18.64452265686404
 20
16.41537210193935
 30
0.0
  0
VERTEX
  5
144B
  8
0
 10
-19.16863760232705
 20
16.62198211384887
 30
0.0
  0
VERTEX
  5
144C
  8
0
 10
-19.69812399262758
 20
16.8153787865403
 30
0.0
  0
VERTEX
  5
144D
  8
0
 10
-20.2327404116499
 20
16.995441316761
 30
0.0
  0
VERTEX
  5
144E
  8
0
 10
-20.77224544327827
 20
17.16204890125831
 30
0.0
  0
VERTEX
  5
144F
  8
0
 10
-21.31639767139696
 20
17.31508073677957
 30
0.0
  0
VERTEX
  5
1450
  8
0
 10
-21.41218588873768
 20
17.84827526906881
 30
0.0
  0
VERTEX
  5
1451
  8
0
 10
-21.52677072543881
 20
18.37646487099642
 30
0.0
  0
VERTEX
  5
1452
  8
0
 10
-21.65992901482556
 20
18.89918234831115
 30
0.0
  0
VERTEX
  5
1453
  8
0
 10
-21.81143759022314
 20
19.41596050676175
 30
0.0
  0
VERTEX
  5
1454
  8
0
 10
-21.98107328495675
 20
19.92633215209695
 30
0.0
  0
VERTEX
  5
1455
  8
0
 10
-22.1686129323516
 20
20.42983009006551
 30
0.0
  0
VERTEX
  5
1456
  8
0
 10
-22.3738333657329
 20
20.92598712641617
 30
0.0
  0
VERTEX
  5
1457
  8
0
 10
-22.59651141842586
 20
21.41433606689767
 30
0.0
  0
VERTEX
  5
1458
  8
0
 10
-22.83642392375567
 20
21.89440971725876
 30
0.0
  0
VERTEX
  5
1459
  8
0
 10
-23.09334771504754
 20
22.36574088324819
 30
0.0
  0
VERTEX
  5
145A
  8
0
 10
-23.36705962562669
 20
22.8278623706147
 30
0.0
  0
VERTEX
  5
145B
  8
0
 10
-23.65733648881833
 20
23.28030698510703
 30
0.0
  0
VERTEX
  5
145C
  8
0
 10
-23.96395513794765
 20
23.72260753247393
 30
0.0
  0
VERTEX
  5
145D
  8
0
 10
-24.28669240633987
 20
24.15429681846415
 30
0.0
  0
VERTEX
  5
145E
  8
0
 10
-24.62532512732018
 20
24.57490764882643
 30
0.0
  0
SEQEND
  5
145F
  8
0
  0
POLYLINE
  5
64
  8
0
 66
     1
 10
0.0
 20
0.0
 30
0.0
 70
     1
  0
VERTEX
  5
1460
  8
0
 10
17.99257901455341
 20
-24.79817226840086
 30
0.0
  0
VERTEX
  5
1461
  8
0
 10
18.06765880972958
 20
-25.54892049869342
 30
0.0
  0
VERTEX
  5
1462
  8
0
 10
18.12083191529924
 20
-26.30106472966402
 30
0.0
  0
VERTEX
  5
1463
  8
0
 10
18.15209934528549
 20
-27.05412414950562
 30
0.0
  0
VERTEX
  5
1464
  8
0
 10
18.16146211371143
 20
-27.80761794641114
 30
0.0
  0
VERTEX
  5
1465
  8
0
 10
18.14892123460016
 20
-28.56106530857355
 30
0.0
  0
VERTEX
  5
1466
  8
0
 10
18.11447772197478
 20
-29.31398542418577
 30
0.0
  0
VERTEX
  5
1467
  8
0
 10
18.05813258985838
 20
-30.06589748144076
 30
0.0
  0
VERTEX
  5
1468
  8
0
 10
17.97988685227405
 20
-30.81632066853147
 30
0.0
  0
VERTEX
  5
1469
  8
0
 10
18.17418287078074
 20
-30.78681677188006
 30
0.0
  0
VERTEX
  5
146A
  8
0
 10
18.36745840852009
 20
-30.76793684941024
 30
0.0
  0
VERTEX
  5
146B
  8
0
 10
18.5594170256263
 20
-30.75945639743762
 30
0.0
  0
VERTEX
  5
146C
  8
0
 10
18.74976228223354
 20
-30.76115091227781
 30
0.0
  0
VERTEX
  5
146D
  8
0
 10
18.93819773847601
 20
-30.77279589024645
 30
0.0
  0
VERTEX
  5
146E
  8
0
 10
19.12442695448789
 20
-30.79416682765913
 30
0.0
  0
VERTEX
  5
146F
  8
0
 10
19.30815349040337
 20
-30.8250392208315
 30
0.0
  0
VERTEX
  5
1470
  8
0
 10
19.48908090635664
 20
-30.86518856607915
 30
0.0
  0
VERTEX
  5
1471
  8
0
 10
19.66691276248189
 20
-30.91439035971771
 30
0.0
  0
VERTEX
  5
1472
  8
0
 10
19.84135261891331
 20
-30.9724200980628
 30
0.0
  0
VERTEX
  5
1473
  8
0
 10
20.01210403578507
 20
-31.03905327743004
 30
0.0
  0
VERTEX
  5
1474
  8
0
 10
20.17887057323138
 20
-31.11406539413503
 30
0.0
  0
VERTEX
  5
1475
  8
0
 10
20.34135579138642
 20
-31.19723194449341
 30
0.0
  0
VERTEX
  5
1476
  8
0
 10
20.49926325038438
 20
-31.28832842482079
 30
0.0
  0
VERTEX
  5
1477
  8
0
 10
20.65229651035944
 20
-31.38713033143279
 30
0.0
  0
VERTEX
  5
1478
  8
0
 10
20.80015913144579
 20
-31.49341316064503
 30
0.0
  0
VERTEX
  5
1479
  8
0
 10
20.94255467377762
 20
-31.60695240877313
 30
0.0
  0
VERTEX
  5
147A
  8
0
 10
21.07918669748912
 20
-31.72752357213268
 30
0.0
  0
VERTEX
  5
147B
  8
0
 10
21.20975876271448
 20
-31.85490214703934
 30
0.0
  0
VERTEX
  5
147C
  8
0
 10
21.33397442958788
 20
-31.9888636298087
 30
0.0
  0
VERTEX
  5
147D
  8
0
 10
21.45153725824352
 20
-32.12918351675638
 30
0.0
  0
VERTEX
  5
147E
  8
0
 10
21.56215080881557
 20
-32.27563730419802
 30
0.0
  0
VERTEX
  5
147F
  8
0
 10
21.66551864143824
 20
-32.42800048844921
 30
0.0
  0
VERTEX
  5
1480
  8
0
 10
21.76134431624569
 20
-32.58604856582559
 30
0.0
  0
VERTEX
  5
1481
  8
0
 10
21.84933139337214
 20
-32.74955703264277
 30
0.0
  0
VERTEX
  5
1482
  8
0
 10
21.92918343295175
 20
-32.91830138521637
 30
0.0
  0
VERTEX
  5
1483
  8
0
 10
22.00060399511872
 20
-33.09205711986199
 30
0.0
  0
VERTEX
  5
1484
  8
0
 10
22.06329664000724
 20
-33.27059973289528
 30
0.0
  0
VERTEX
  5
1485
  8
0
 10
22.1169649277515
 20
-33.45370472063183
 30
0.0
  0
VERTEX
  5
1486
  8
0
 10
22.16131241848568
 20
-33.64114757938728
 30
0.0
  0
VERTEX
  5
1487
  8
0
 10
22.19604267234397
 20
-33.83270380547724
 30
0.0
  0
VERTEX
  5
1488
  8
0
 10
22.22085924946057
 20
-34.02814889521731
 30
0.0
  0
VERTEX
  5
1489
  8
0
 10
22.2573722505874
 20
-33.76788636548211
 30
0.0
  0
VERTEX
  5
148A
  8
0
 10
22.31429600666749
 20
-33.52192313207544
 30
0.0
  0
VERTEX
  5
148B
  8
0
 10
22.3903884030677
 20
-33.29039514709496
 30
0.0
  0
VERTEX
  5
148C
  8
0
 10
22.48440732515488
 20
-33.07343836263833
 30
0.0
  0
VERTEX
  5
148D
  8
0
 10
22.59511065829588
 20
-32.87118873080323
 30
0.0
  0
VERTEX
  5
148E
  8
0
 10
22.72125628785757
 20
-32.68378220368736
 30
0.0
  0
VERTEX
  5
148F
  8
0
 10
22.8616020992068
 20
-32.51135473338837
 30
0.0
  0
VERTEX
  5
1490
  8
0
 10
23.01490597771041
 20
-32.35404227200395
 30
0.0
  0
VERTEX
  5
1491
  8
0
 10
23.17992580873527
 20
-32.21198077163177
 30
0.0
  0
VERTEX
  5
1492
  8
0
 10
23.35541947764824
 20
-32.08530618436951
 30
0.0
  0
VERTEX
  5
1493
  8
0
 10
23.54014486981616
 20
-31.97415446231484
 30
0.0
  0
VERTEX
  5
1494
  8
0
 10
23.7328598706059
 20
-31.87866155756545
 30
0.0
  0
VERTEX
  5
1495
  8
0
 10
23.93232236538431
 20
-31.798963422219
 30
0.0
  0
VERTEX
  5
1496
  8
0
 10
24.13729023951824
 20
-31.73519600837318
 30
0.0
  0
VERTEX
  5
1497
  8
0
 10
24.34652137837455
 20
-31.68749526812567
 30
0.0
  0
VERTEX
  5
1498
  8
0
 10
24.5587736673201
 20
-31.65599715357412
 30
0.0
  0
VERTEX
  5
1499
  8
0
 10
24.77280499172174
 20
-31.64083761681623
 30
0.0
  0
VERTEX
  5
149A
  8
0
 10
24.98737323694633
 20
-31.64215260994967
 30
0.0
  0
VERTEX
  5
149B
  8
0
 10
25.20123628836072
 20
-31.66007808507212
 30
0.0
  0
VERTEX
  5
149C
  8
0
 10
25.41315203133176
 20
-31.69474999428125
 30
0.0
  0
VERTEX
  5
149D
  8
0
 10
25.62187835122632
 20
-31.74630428967474
 30
0.0
  0
VERTEX
  5
149E
  8
0
 10
25.82617313341124
 20
-31.81487692335026
 30
0.0
  0
VERTEX
  5
149F
  8
0
 10
26.02479426325339
 20
-31.9006038474055
 30
0.0
  0
VERTEX
  5
14A0
  8
0
 10
26.21649962611961
 20
-32.00362101393812
 30
0.0
  0
VERTEX
  5
14A1
  8
0
 10
26.40004710737677
 20
-32.1240643750458
 30
0.0
  0
VERTEX
  5
14A2
  8
0
 10
26.57419459239172
 20
-32.26206988282624
 30
0.0
  0
VERTEX
  5
14A3
  8
0
 10
26.73769996653132
 20
-32.41777348937708
 30
0.0
  0
VERTEX
  5
14A4
  8
0
 10
26.88932111516241
 20
-32.59131114679602
 30
0.0
  0
VERTEX
  5
14A5
  8
0
 10
27.02781592365186
 20
-32.78281880718072
 30
0.0
  0
VERTEX
  5
14A6
  8
0
 10
27.15194227736652
 20
-32.99243242262888
 30
0.0
  0
VERTEX
  5
14A7
  8
0
 10
27.26045806167324
 20
-33.22028794523816
 30
0.0
  0
VERTEX
  5
14A8
  8
0
 10
27.35212116193889
 20
-33.46652132710624
 30
0.0
  0
VERTEX
  5
14A9
  8
0
 10
27.23401362081334
 20
-33.00580266368664
 30
0.0
  0
VERTEX
  5
14AA
  8
0
 10
27.09704190443621
 20
-32.55101027384408
 30
0.0
  0
VERTEX
  5
14AB
  8
0
 10
26.94144438066252
 20
-32.1027137284062
 30
0.0
  0
VERTEX
  5
14AC
  8
0
 10
26.76745941734725
 20
-31.66148259820059
 30
0.0
  0
VERTEX
  5
14AD
  8
0
 10
26.57532538234537
 20
-31.22788645405483
 30
0.0
  0
VERTEX
  5
14AE
  8
0
 10
26.36528064351188
 20
-30.80249486679653
 30
0.0
  0
VERTEX
  5
14AF
  8
0
 10
26.13756356870176
 20
-30.3858774072533
 30
0.0
  0
VERTEX
  5
14B0
  8
0
 10
25.89241252577002
 20
-29.97860364625273
 30
0.0
  0
VERTEX
  5
14B1
  8
0
 10
25.72920641733012
 20
-30.04940043453064
 30
0.0
  0
VERTEX
  5
14B2
  8
0
 10
25.56645473802231
 20
-30.10427215334239
 30
0.0
  0
VERTEX
  5
14B3
  8
0
 10
25.40466995043932
 20
-30.14379650127914
 30
0.0
  0
VERTEX
  5
14B4
  8
0
 10
25.24436451717386
 20
-30.16855117693201
 30
0.0
  0
VERTEX
  5
14B5
  8
0
 10
25.08605090081868
 20
-30.17911387889214
 30
0.0
  0
VERTEX
  5
14B6
  8
0
 10
24.93024156396648
 20
-30.17606230575068
 30
0.0
  0
VERTEX
  5
14B7
  8
0
 10
24.77744896921
 20
-30.15997415609878
 30
0.0
  0
VERTEX
  5
14B8
  8
0
 10
24.62818557914196
 20
-30.13142712852756
 30
0.0
  0
VERTEX
  5
14B9
  8
0
 10
24.48296385635509
 20
-30.09099892162817
 30
0.0
  0
VERTEX
  5
14BA
  8
0
 10
24.34229626344212
 20
-30.03926723399174
 30
0.0
  0
VERTEX
  5
14BB
  8
0
 10
24.20669526299576
 20
-29.97680976420942
 30
0.0
  0
VERTEX
  5
14BC
  8
0
 10
24.07667331760874
 20
-29.90420421087235
 30
0.0
  0
VERTEX
  5
14BD
  8
0
 10
23.95274288987378
 20
-29.82202827257167
 30
0.0
  0
VERTEX
  5
14BE
  8
0
 10
23.83541644238363
 20
-29.73085964789851
 30
0.0
  0
VERTEX
  5
14BF
  8
0
 10
23.72520643773099
 20
-29.63127603544402
 30
0.0
  0
VERTEX
  5
14C0
  8
0
 10
23.62262533850859
 20
-29.52385513379934
 30
0.0
  0
VERTEX
  5
14C1
  8
0
 10
23.52818560730916
 20
-29.40917464155561
 30
0.0
  0
VERTEX
  5
14C2
  8
0
 10
23.44239970672543
 20
-29.28781225730397
 30
0.0
  0
VERTEX
  5
14C3
  8
0
 10
23.36578009935011
 20
-29.16034567963555
 30
0.0
  0
VERTEX
  5
14C4
  8
0
 10
23.29883924777594
 20
-29.02735260714151
 30
0.0
  0
VERTEX
  5
14C5
  8
0
 10
23.24208961459564
 20
-28.88941073841297
 30
0.0
  0
VERTEX
  5
14C6
  8
0
 10
23.19604366240194
 20
-28.74709777204109
 30
0.0
  0
VERTEX
  5
14C7
  8
0
 10
23.16121385378755
 20
-28.60099140661699
 30
0.0
  0
VERTEX
  5
14C8
  8
0
 10
23.13811265134521
 20
-28.45166934073182
 30
0.0
  0
VERTEX
  5
14C9
  8
0
 10
23.12725251766764
 20
-28.29970927297672
 30
0.0
  0
VERTEX
  5
14CA
  8
0
 10
23.12914591534756
 20
-28.14568890194283
 30
0.0
  0
VERTEX
  5
14CB
  8
0
 10
23.14430530697771
 20
-27.99018592622129
 30
0.0
  0
VERTEX
  5
14CC
  8
0
 10
23.1732431551508
 20
-27.83377804440323
 30
0.0
  0
VERTEX
  5
14CD
  8
0
 10
23.21647192245957
 20
-27.67704295507981
 30
0.0
  0
VERTEX
  5
14CE
  8
0
 10
23.27450407149673
 20
-27.52055835684216
 30
0.0
  0
VERTEX
  5
14CF
  8
0
 10
23.34785206485501
 20
-27.36490194828141
 30
0.0
  0
VERTEX
  5
14D0
  8
0
 10
23.43702836512714
 20
-27.21065142798872
 30
0.0
  0
VERTEX
  5
14D1
  8
0
 10
23.13925754407101
 20
-26.97686905398326
 30
0.0
  0
VERTEX
  5
14D2
  8
0
 10
22.83449870263734
 20
-26.75356859688513
 30
0.0
  0
VERTEX
  5
14D3
  8
0
 10
22.52303478052548
 20
-26.54087542954365
 30
0.0
  0
VERTEX
  5
14D4
  8
0
 10
22.20514871743476
 20
-26.33891492480814
 30
0.0
  0
VERTEX
  5
14D5
  8
0
 10
21.88112345306452
 20
-26.14781245552793
 30
0.0
  0
VERTEX
  5
14D6
  8
0
 10
21.55124192711408
 20
-25.96769339455233
 30
0.0
  0
VERTEX
  5
14D7
  8
0
 10
21.2157870792828
 20
-25.79868311473066
 30
0.0
  0
VERTEX
  5
14D8
  8
0
 10
20.87504184927
 20
-25.64090698891226
 30
0.0
  0
VERTEX
  5
14D9
  8
0
 10
20.52928917677502
 20
-25.49449038994643
 30
0.0
  0
VERTEX
  5
14DA
  8
0
 10
20.17881200149721
 20
-25.3595586906825
 30
0.0
  0
VERTEX
  5
14DB
  8
0
 10
19.82389326313588
 20
-25.2362372639698
 30
0.0
  0
VERTEX
  5
14DC
  8
0
 10
19.46481590139038
 20
-25.12465148265764
 30
0.0
  0
VERTEX
  5
14DD
  8
0
 10
19.10186285596005
 20
-25.02492671959534
 30
0.0
  0
VERTEX
  5
14DE
  8
0
 10
18.73531706654422
 20
-24.93718834763223
 30
0.0
  0
VERTEX
  5
14DF
  8
0
 10
18.36546147284223
 20
-24.86156173961763
 30
0.0
  0
SEQEND
  5
14E0
  8
0
  0
POLYLINE
  5
65
  8
0
 66
     1
 10
0.0
 20
0.0
 30
0.0
 70
     1
  0
VERTEX
  5
14E1
  8
0
 10
-24.77739570620944
 20
17.97923798913886
 30
0.0
  0
VERTEX
  5
14E2
  8
0
 10
-25.52637793913035
 20
18.05269504968473
 30
0.0
  0
VERTEX
  5
14E3
  8
0
 10
-26.27669951397124
 20
18.10418518624356
 30
0.0
  0
VERTEX
  5
14E4
  8
0
 10
-27.02788086881563
 20
18.13371057953369
 30
0.0
  0
VERTEX
  5
14E5
  8
0
 10
-27.77944244174698
 20
18.14127341027349
 30
0.0
  0
VERTEX
  5
14E6
  8
0
 10
-28.53090467084881
 20
18.1268758591813
 30
0.0
  0
VERTEX
  5
14E7
  8
0
 10
-29.28178799420461
 20
18.09052010697548
 30
0.0
  0
VERTEX
  5
14E8
  8
0
 10
-30.03161284989786
 20
18.03220833437437
 30
0.0
  0
VERTEX
  5
14E9
  8
0
 10
-30.77989967601208
 20
17.95194272209634
 30
0.0
  0
VERTEX
  5
14EA
  8
0
 10
-30.75094272334053
 20
18.14681442869109
 30
0.0
  0
VERTEX
  5
14EB
  8
0
 10
-30.73257971100468
 20
18.34063728501356
 30
0.0
  0
VERTEX
  5
14EC
  8
0
 10
-30.72458600008853
 20
18.53311462537704
 30
0.0
  0
VERTEX
  5
14ED
  8
0
 10
-30.72673695167606
 20
18.72394978409482
 30
0.0
  0
VERTEX
  5
14EE
  8
0
 10
-30.73880792685127
 20
18.91284609548019
 30
0.0
  0
VERTEX
  5
14EF
  8
0
 10
-30.76057428669816
 20
19.09950689384645
 30
0.0
  0
VERTEX
  5
14F0
  8
0
 10
-30.79181139230071
 20
19.28363551350688
 30
0.0
  0
VERTEX
  5
14F1
  8
0
 10
-30.83229460474292
 20
19.46493528877478
 30
0.0
  0
VERTEX
  5
14F2
  8
0
 10
-30.88179928510878
 20
19.64310955396344
 30
0.0
  0
VERTEX
  5
14F3
  8
0
 10
-30.94010079448227
 20
19.81786164338614
 30
0.0
  0
VERTEX
  5
14F4
  8
0
 10
-31.00697449394741
 20
19.9888948913562
 30
0.0
  0
VERTEX
  5
14F5
  8
0
 10
-31.08219574458817
 20
20.15591263218688
 30
0.0
  0
VERTEX
  5
14F6
  8
0
 10
-31.16553990748854
 20
20.31861820019149
 30
0.0
  0
VERTEX
  5
14F7
  8
0
 10
-31.25678234373254
 20
20.47671492968333
 30
0.0
  0
VERTEX
  5
14F8
  8
0
 10
-31.35569841440413
 20
20.62990615497566
 30
0.0
  0
VERTEX
  5
14F9
  8
0
 10
-31.46206348058731
 20
20.7778952103818
 30
0.0
  0
VERTEX
  5
14FA
  8
0
 10
-31.57565290336609
 20
20.92038543021503
 30
0.0
  0
VERTEX
  5
14FB
  8
0
 10
-31.69624204382445
 20
21.05708014878865
 30
0.0
  0
VERTEX
  5
14FC
  8
0
 10
-31.82360626304638
 20
21.18768270041594
 30
0.0
  0
VERTEX
  5
14FD
  8
0
 10
-31.95752092211587
 20
21.3118964194102
 30
0.0
  0
VERTEX
  5
14FE
  8
0
 10
-32.09776138211692
 20
21.42942464008472
 30
0.0
  0
VERTEX
  5
14FF
  8
0
 10
-32.24410300413352
 20
21.53997069675279
 30
0.0
  0
VERTEX
  5
1500
  8
0
 10
-32.39632114924966
 20
21.6432379237277
 30
0.0
  0
VERTEX
  5
1501
  8
0
 10
-32.55419117854932
 20
21.73892965532275
 30
0.0
  0
VERTEX
  5
1502
  8
0
 10
-32.71748845311652
 20
21.82674922585123
 30
0.0
  0
VERTEX
  5
1503
  8
0
 10
-32.88598833403523
 20
21.90639996962642
 30
0.0
  0
VERTEX
  5
1504
  8
0
 10
-33.05946618238946
 20
21.97758522096162
 30
0.0
  0
VERTEX
  5
1505
  8
0
 10
-33.23769735926319
 20
22.04000831417012
 30
0.0
  0
VERTEX
  5
1506
  8
0
 10
-33.42045722574042
 20
22.09337258356522
 30
0.0
  0
VERTEX
  5
1507
  8
0
 10
-33.60752114290514
 20
22.1373813634602
 30
0.0
  0
VERTEX
  5
1508
  8
0
 10
-33.79866447184133
 20
22.17173798816836
 30
0.0
  0
VERTEX
  5
1509
  8
0
 10
-33.99366257363299
 20
22.19614579200298
 30
0.0
  0
VERTEX
  5
150A
  8
0
 10
-33.73416367778492
 20
22.23338366103956
 30
0.0
  0
VERTEX
  5
150B
  8
0
 10
-33.48897639486227
 20
22.29105063809131
 30
0.0
  0
VERTEX
  5
150C
  8
0
 10
-33.25823331703721
 20
22.36790105570969
 30
0.0
  0
VERTEX
  5
150D
  8
0
 10
-33.0420670364819
 20
22.46268924644615
 30
0.0
  0
VERTEX
  5
150E
  8
0
 10
-32.84061014536849
 20
22.57416954285215
 30
0.0
  0
VERTEX
  5
150F
  8
0
 10
-32.65399523586916
 20
22.70109627747914
 30
0.0
  0
VERTEX
  5
1510
  8
0
 10
-32.48235490015608
 20
22.84222378287857
 30
0.0
  0
VERTEX
  5
1511
  8
0
 10
-32.32582173040139
 20
22.99630639160192
 30
0.0
  0
VERTEX
  5
1512
  8
0
 10
-32.18452831877725
 20
23.16209843620063
 30
0.0
  0
VERTEX
  5
1513
  8
0
 10
-32.05860725745585
 20
23.33835424922615
 30
0.0
  0
VERTEX
  5
1514
  8
0
 10
-31.94819113860933
 20
23.52382816322995
 30
0.0
  0
VERTEX
  5
1515
  8
0
 10
-31.85341255440986
 20
23.71727451076347
 30
0.0
  0
VERTEX
  5
1516
  8
0
 10
-31.77440409702961
 20
23.91744762437819
 30
0.0
  0
VERTEX
  5
1517
  8
0
 10
-31.71129835864073
 20
24.12310183662554
 30
0.0
  0
VERTEX
  5
1518
  8
0
 10
-31.66422793141538
 20
24.33299148005699
 30
0.0
  0
VERTEX
  5
1519
  8
0
 10
-31.63332540752574
 20
24.545870887224
 30
0.0
  0
VERTEX
  5
151A
  8
0
 10
-31.61872337914396
 20
24.76049439067801
 30
0.0
  0
VERTEX
  5
151B
  8
0
 10
-31.6205544384422
 20
24.9756163229705
 30
0.0
  0
VERTEX
  5
151C
  8
0
 10
-31.63895117759263
 20
25.1899910166529
 30
0.0
  0
VERTEX
  5
151D
  8
0
 10
-31.67404618876742
 20
25.40237280427668
 30
0.0
  0
VERTEX
  5
151E
  8
0
 10
-31.72597206413872
 20
25.6115160183933
 30
0.0
  0
VERTEX
  5
151F
  8
0
 10
-31.79486139587869
 20
25.81617499155421
 30
0.0
  0
VERTEX
  5
1520
  8
0
 10
-31.8808467761595
 20
26.01510405631085
 30
0.0
  0
VERTEX
  5
1521
  8
0
 10
-31.98406079715332
 20
26.20705754521471
 30
0.0
  0
VERTEX
  5
1522
  8
0
 10
-32.10463605103229
 20
26.39078979081722
 30
0.0
  0
VERTEX
  5
1523
  8
0
 10
-32.24270512996859
 20
26.56505512566985
 30
0.0
  0
VERTEX
  5
1524
  8
0
 10
-32.39840062613438
 20
26.72860788232405
 30
0.0
  0
VERTEX
  5
1525
  8
0
 10
-32.57185513170182
 20
26.88020239333127
 30
0.0
  0
VERTEX
  5
1526
  8
0
 10
-32.76320123884308
 20
27.01859299124298
 30
0.0
  0
VERTEX
  5
1527
  8
0
 10
-32.97257153973032
 20
27.14253400861063
 30
0.0
  0
VERTEX
  5
1528
  8
0
 10
-33.20009862653569
 20
27.25077977798568
 30
0.0
  0
VERTEX
  5
1529
  8
0
 10
-33.44591509143137
 20
27.34208463191957
 30
0.0
  0
VERTEX
  5
152A
  8
0
 10
-32.98610579037583
 20
27.22478598262083
 30
0.0
  0
VERTEX
  5
152B
  8
0
 10
-32.53216171667759
 20
27.08855985199049
 30
0.0
  0
VERTEX
  5
152C
  8
0
 10
-32.08465154054663
 20
26.93364384756907
 30
0.0
  0
VERTEX
  5
152D
  8
0
 10
-31.64414393219295
 20
26.76027557689712
 30
0.0
  0
VERTEX
  5
152E
  8
0
 10
-31.21120756182657
 20
26.56869264751515
 30
0.0
  0
VERTEX
  5
152F
  8
0
 10
-30.78641109965749
 20
26.3591326669637
 30
0.0
  0
VERTEX
  5
1530
  8
0
 10
-30.3703232158957
 20
26.1318332427833
 30
0.0
  0
VERTEX
  5
1531
  8
0
 10
-29.96351258075122
 20
25.88703198251449
 30
0.0
  0
VERTEX
  5
1532
  8
0
 10
-30.03373056312218
 20
25.72323090223226
 30
0.0
  0
VERTEX
  5
1533
  8
0
 10
-30.08806589279406
 20
25.55992398566066
 30
0.0
  0
VERTEX
  5
1534
  8
0
 10
-30.12709601024714
 20
25.39762362676066
 30
0.0
  0
VERTEX
  5
1535
  8
0
 10
-30.15139835596173
 20
25.2368422194932
 30
0.0
  0
VERTEX
  5
1536
  8
0
 10
-30.16155037041812
 20
25.07809215781922
 30
0.0
  0
VERTEX
  5
1537
  8
0
 10
-30.15812949409661
 20
24.92188583569968
 30
0.0
  0
VERTEX
  5
1538
  8
0
 10
-30.14171316747748
 20
24.76873564709553
 30
0.0
  0
VERTEX
  5
1539
  8
0
 10
-30.11287883104103
 20
24.61915398596771
 30
0.0
  0
VERTEX
  5
153A
  8
0
 10
-30.07220392526756
 20
24.47365324627718
 30
0.0
  0
VERTEX
  5
153B
  8
0
 10
-30.02026589063735
 20
24.33274582198487
 30
0.0
  0
VERTEX
  5
153C
  8
0
 10
-29.95764216763072
 20
24.19694410705175
 30
0.0
  0
VERTEX
  5
153D
  8
0
 10
-29.88491019672794
 20
24.06676049543876
 30
0.0
  0
VERTEX
  5
153E
  8
0
 10
-29.80264741840931
 20
23.94270738110684
 30
0.0
  0
VERTEX
  5
153F
  8
0
 10
-29.71143127315512
 20
23.82529715801695
 30
0.0
  0
VERTEX
  5
1540
  8
0
 10
-29.61183920144568
 20
23.71504222013004
 30
0.0
  0
VERTEX
  5
1541
  8
0
 10
-29.50444864376126
 20
23.61245496140705
 30
0.0
  0
VERTEX
  5
1542
  8
0
 10
-29.38983704058217
 20
23.51804777580894
 30
0.0
  0
VERTEX
  5
1543
  8
0
 10
-29.26858183238871
 20
23.43233305729665
 30
0.0
  0
VERTEX
  5
1544
  8
0
 10
-29.14126045966117
 20
23.35582319983112
 30
0.0
  0
VERTEX
  5
1545
  8
0
 10
-29.00845036287983
 20
23.28903059737332
 30
0.0
  0
VERTEX
  5
1546
  8
0
 10
-28.870728982525
 20
23.23246764388418
 30
0.0
  0
VERTEX
  5
1547
  8
0
 10
-28.72867375907697
 20
23.18664673332466
 30
0.0
  0
VERTEX
  5
1548
  8
0
 10
-28.58286213301603
 20
23.15208025965572
 30
0.0
  0
VERTEX
  5
1549
  8
0
 10
-28.43387154482247
 20
23.12928061683828
 30
0.0
  0
VERTEX
  5
154A
  8
0
 10
-28.2822794349766
 20
23.11876019883331
 30
0.0
  0
VERTEX
  5
154B
  8
0
 10
-28.1286632439587
 20
23.12103139960175
 30
0.0
  0
VERTEX
  5
154C
  8
0
 10
-27.97360041224906
 20
23.13660661310455
 30
0.0
  0
VERTEX
  5
154D
  8
0
 10
-27.81766838032799
 20
23.16599823330266
 30
0.0
  0
VERTEX
  5
154E
  8
0
 10
-27.66144458867578
 20
23.20971865415703
 30
0.0
  0
VERTEX
  5
154F
  8
0
 10
-27.50550647777272
 20
23.26828026962861
 30
0.0
  0
VERTEX
  5
1550
  8
0
 10
-27.3504314880991
 20
23.34219547367834
 30
0.0
  0
VERTEX
  5
1551
  8
0
 10
-27.19679706013522
 20
23.43197666026718
 30
0.0
  0
VERTEX
  5
1552
  8
0
 10
-26.96290030517579
 20
23.13399902813483
 30
0.0
  0
VERTEX
  5
1553
  8
0
 10
-26.73944135419747
 20
22.82898986244175
 30
0.0
  0
VERTEX
  5
1554
  8
0
 10
-26.52654593978541
 20
22.51723253367057
 30
0.0
  0
VERTEX
  5
1555
  8
0
 10
-26.32433979452478
 20
22.19901041230394
 30
0.0
  0
VERTEX
  5
1556
  8
0
 10
-26.13294865100075
 20
21.87460686882449
 30
0.0
  0
VERTEX
  5
1557
  8
0
 10
-25.95249824179849
 20
21.54430527371486
 30
0.0
  0
VERTEX
  5
1558
  8
0
 10
-25.78311429950315
 20
21.20838899745769
 30
0.0
  0
VERTEX
  5
1559
  8
0
 10
-25.62492255669992
 20
20.86714141053561
 30
0.0
  0
VERTEX
  5
155A
  8
0
 10
-25.47804874597395
 20
20.52084588343126
 30
0.0
  0
VERTEX
  5
155B
  8
0
 10
-25.3426185999104
 20
20.16978578662728
 30
0.0
  0
VERTEX
  5
155C
  8
0
 10
-25.21875785109445
 20
19.8142444906063
 30
0.0
  0
VERTEX
  5
155D
  8
0
 10
-25.10659223211126
 20
19.45450536585097
 30
0.0
  0
VERTEX
  5
155E
  8
0
 10
-25.006247475546
 20
19.09085178284393
 30
0.0
  0
VERTEX
  5
155F
  8
0
 10
-24.91784931398383
 20
18.7235671120678
 30
0.0
  0
VERTEX
  5
1560
  8
0
 10
-24.84152348000992
 20
18.35293472400523
 30
0.0
  0
SEQEND
  5
1561
  8
0
  0
POLYLINE
  5
66
  8
0
 66
     1
 10
0.0
 20
0.0
 30
0.0
 70
     1
  0
VERTEX
  5
1562
  8
0
 10
38.65046063539699
 20
-38.65717999707493
 30
0.0
  0
VERTEX
  5
1563
  8
0
 10
38.61431915573293
 20
-38.30939544486517
 30
0.0
  0
VERTEX
  5
1564
  8
0
 10
38.56367932002779
 20
-37.96788477108989
 30
0.0
  0
VERTEX
  5
1565
  8
0
 10
38.52084311920582
 20
-37.74479257933256
 30
0.0
  0
VERTEX
  5
1566
  8
0
 10
38.47011261121107
 20
-37.52323234056882
 30
0.0
  0
VERTEX
  5
1567
  8
0
 10
38.41208420894329
 20
-37.3033837412634
 30
0.0
  0
VERTEX
  5
1568
  8
0
 10
38.34735432530224
 20
-37.08542646788102
 30
0.0
  0
VERTEX
  5
1569
  8
0
 10
38.24929752958369
 20
-36.79232659979955
 30
0.0
  0
VERTEX
  5
156A
  8
0
 10
38.13950001640406
 20
-36.50358694471594
 30
0.0
  0
VERTEX
  5
156B
  8
0
 10
38.0519458015828
 20
-36.2963316916739
 30
0.0
  0
VERTEX
  5
156C
  8
0
 10
37.95810354723242
 20
-36.0918356535619
 30
0.0
  0
VERTEX
  5
156D
  8
0
 10
37.83419352928846
 20
-35.84417844953634
 30
0.0
  0
VERTEX
  5
156E
  8
0
 10
37.70115926008354
 20
-35.60133297368601
 30
0.0
  0
VERTEX
  5
156F
  8
0
 10
37.56884558100943
 20
-35.37924835884341
 30
0.0
  0
VERTEX
  5
1570
  8
0
 10
37.42891785154775
 20
-35.16189428316903
 30
0.0
  0
VERTEX
  5
1571
  8
0
 10
37.29859312089207
 20
-34.97328037207723
 30
0.0
  0
VERTEX
  5
1572
  8
0
 10
37.16243167481858
 20
-34.7889097126368
 30
0.0
  0
VERTEX
  5
1573
  8
0
 10
37.02231237120711
 20
-34.61131717416194
 30
0.0
  0
VERTEX
  5
1574
  8
0
 10
36.87681045310968
 20
-34.43806727499386
 30
0.0
  0
VERTEX
  5
1575
  8
0
 10
36.7262543749082
 20
-34.26901431443478
 30
0.0
  0
VERTEX
  5
1576
  8
0
 10
36.57097259098465
 20
-34.10401259178689
 30
0.0
  0
VERTEX
  5
1577
  8
0
 10
36.35813065682535
 20
-33.89164849064784
 30
0.0
  0
VERTEX
  5
1578
  8
0
 10
36.13687943971957
 20
-33.68822148077549
 30
0.0
  0
VERTEX
  5
1579
  8
0
 10
35.90653918534438
 20
-33.49580346440228
 30
0.0
  0
VERTEX
  5
157A
  8
0
 10
35.78774824595485
 20
-33.40437029822547
 30
0.0
  0
VERTEX
  5
157B
  8
0
 10
35.66643013937686
 20
-33.3164663437606
 30
0.0
  0
VERTEX
  5
157C
  8
0
 10
35.49903210337444
 20
-33.20373319398082
 30
0.0
  0
VERTEX
  5
157D
  8
0
 10
35.32791886988386
 20
-33.09650688488021
 30
0.0
  0
VERTEX
  5
157E
  8
0
 10
34.97865371615251
 20
-32.89309462429817
 30
0.0
  0
VERTEX
  5
157F
  8
0
 10
34.05183635790357
 20
-32.376204535982
 30
0.0
  0
VERTEX
  5
1580
  8
0
 10
33.68934840126694
 20
-32.16575383087241
 30
0.0
  0
VERTEX
  5
1581
  8
0
 10
33.3295549064651
 20
-31.95055256240667
 30
0.0
  0
VERTEX
  5
1582
  8
0
 10
33.00988709123767
 20
-31.75556753106351
 30
0.0
  0
VERTEX
  5
1583
  8
0
 10
32.81966023141117
 20
-31.6375724817544
 30
0.0
  0
VERTEX
  5
1584
  8
0
 10
32.36595209178009
 20
-31.3501291667412
 30
0.0
  0
VERTEX
  5
1585
  8
0
 10
31.91613384425803
 20
-31.05658776794283
 30
0.0
  0
VERTEX
  5
1586
  8
0
 10
31.52725654558535
 20
-30.79568958810395
 30
0.0
  0
VERTEX
  5
1587
  8
0
 10
31.14144901248728
 20
-30.53023079319919
 30
0.0
  0
VERTEX
  5
1588
  8
0
 10
30.75871309770947
 20
-30.26032291360846
 30
0.0
  0
VERTEX
  5
1589
  8
0
 10
30.37905065399756
 20
-29.98607747971172
 30
0.0
  0
VERTEX
  5
158A
  8
0
 10
29.83590263677795
 20
-29.58202304618769
 30
0.0
  0
VERTEX
  5
158B
  8
0
 10
29.3002406329791
 20
-29.1681310552455
 30
0.0
  0
VERTEX
  5
158C
  8
0
 10
28.6507716117607
 20
-28.65575253285621
 30
0.0
  0
VERTEX
  5
158D
  8
0
 10
29.16339318979288
 20
-29.30566663856358
 30
0.0
  0
VERTEX
  5
158E
  8
0
 10
29.57750822232467
 20
-29.84171680217399
 30
0.0
  0
VERTEX
  5
158F
  8
0
 10
29.98182934428032
 20
-30.38529622481114
 30
0.0
  0
VERTEX
  5
1590
  8
0
 10
30.2562824430205
 20
-30.76528005099362
 30
0.0
  0
VERTEX
  5
1591
  8
0
 10
30.52641668194871
 20
-31.14835582623202
 30
0.0
  0
VERTEX
  5
1592
  8
0
 10
30.79212081555583
 20
-31.53452196299263
 30
0.0
  0
VERTEX
  5
1593
  8
0
 10
31.05328359833272
 20
-31.92377687374172
 30
0.0
  0
VERTEX
  5
1594
  8
0
 10
31.3471524496568
 20
-32.37405186342662
 30
0.0
  0
VERTEX
  5
1595
  8
0
 10
31.63494845588164
 20
-32.82824160436735
 30
0.0
  0
VERTEX
  5
1596
  8
0
 10
31.75309792098826
 20
-33.0186764910307
 30
0.0
  0
VERTEX
  5
1597
  8
0
 10
31.94835100395846
 20
-33.33870187658494
 30
0.0
  0
VERTEX
  5
1598
  8
0
 10
32.16386502011093
 20
-33.69890813598543
 30
0.0
  0
VERTEX
  5
1599
  8
0
 10
32.37464732132936
 20
-34.06182735147596
 30
0.0
  0
VERTEX
  5
159A
  8
0
 10
32.89244023111917
 20
-34.98979867593943
 30
0.0
  0
VERTEX
  5
159B
  8
0
 10
33.09617033570174
 20
-35.33947781158481
 30
0.0
  0
VERTEX
  5
159C
  8
0
 10
33.20353272458896
 20
-35.51077553768918
 30
0.0
  0
VERTEX
  5
159D
  8
0
 10
33.31637867237497
 20
-35.67833509195316
 30
0.0
  0
VERTEX
  5
159E
  8
0
 10
33.40434828136179
 20
-35.79975523760345
 30
0.0
  0
VERTEX
  5
159F
  8
0
 10
33.4958318273783
 20
-35.91863311293272
 30
0.0
  0
VERTEX
  5
15A0
  8
0
 10
33.68830828994788
 20
-36.14910531995375
 30
0.0
  0
VERTEX
  5
15A1
  8
0
 10
33.89174317897864
 20
-36.37043824766742
 30
0.0
  0
VERTEX
  5
15A2
  8
0
 10
34.10407161336553
 20
-36.58331843072482
 30
0.0
  0
VERTEX
  5
15A3
  8
0
 10
34.2690211926322
 20
-36.73860374333411
 30
0.0
  0
VERTEX
  5
15A4
  8
0
 10
34.43800005801863
 20
-36.88914127735977
 30
0.0
  0
VERTEX
  5
15A5
  8
0
 10
34.61115273701407
 20
-37.03460137322868
 30
0.0
  0
VERTEX
  5
15A6
  8
0
 10
34.78862375710771
 20
-37.17465437136777
 30
0.0
  0
VERTEX
  5
15A7
  8
0
 10
34.97284573064211
 20
-37.31072283000928
 30
0.0
  0
VERTEX
  5
15A8
  8
0
 10
35.16128581607319
 20
-37.44092915208632
 30
0.0
  0
VERTEX
  5
15A9
  8
0
 10
35.37841475078201
 20
-37.58069381469817
 30
0.0
  0
VERTEX
  5
15AA
  8
0
 10
35.60024351766966
 20
-37.71281321330682
 30
0.0
  0
VERTEX
  5
15AB
  8
0
 10
35.84278102742012
 20
-37.84560480937061
 30
0.0
  0
VERTEX
  5
15AC
  8
0
 10
36.09009569147143
 20
-37.96923682454544
 30
0.0
  0
VERTEX
  5
15AD
  8
0
 10
36.29428837329923
 20
-38.06282753581711
 30
0.0
  0
VERTEX
  5
15AE
  8
0
 10
36.50121788786773
 20
-38.15010720799795
 30
0.0
  0
VERTEX
  5
15AF
  8
0
 10
36.78947425025875
 20
-38.25949062994592
 30
0.0
  0
VERTEX
  5
15B0
  8
0
 10
37.0820510886306
 20
-38.35709230741677
 30
0.0
  0
VERTEX
  5
15B1
  8
0
 10
37.29959959926293
 20
-38.42146250225774
 30
0.0
  0
VERTEX
  5
15B2
  8
0
 10
37.51901830435563
 20
-38.47910924434038
 30
0.0
  0
VERTEX
  5
15B3
  8
0
 10
37.74012653969012
 20
-38.52943500791978
 30
0.0
  0
VERTEX
  5
15B4
  8
0
 10
37.96274364104774
 20
-38.57184226725106
 30
0.0
  0
VERTEX
  5
15B5
  8
0
 10
38.30349088813287
 20
-38.62178671868612
 30
0.0
  0
SEQEND
  5
15B6
  8
0
  0
POLYLINE
  5
67
  8
0
 66
     1
 10
0.0
 20
0.0
 30
0.0
 70
     1
  0
VERTEX
  5
15B7
  8
0
 10
-38.65046063541524
 20
38.65717999707606
 30
0.0
  0
VERTEX
  5
15B8
  8
0
 10
-38.30349088815123
 20
38.62178671868613
 30
0.0
  0
VERTEX
  5
15B9
  8
0
 10
-37.96274364106601
 20
38.57184226724991
 30
0.0
  0
VERTEX
  5
15BA
  8
0
 10
-37.74012653970838
 20
38.52943500791896
 30
0.0
  0
VERTEX
  5
15BB
  8
0
 10
-37.51901830437381
 20
38.47910924434035
 30
0.0
  0
VERTEX
  5
15BC
  8
0
 10
-37.29959959928105
 20
38.42146250225852
 30
0.0
  0
VERTEX
  5
15BD
  8
0
 10
-37.08205108864885
 20
38.35709230741791
 30
0.0
  0
VERTEX
  5
15BE
  8
0
 10
-36.78947425027708
 20
38.25949062994634
 30
0.0
  0
VERTEX
  5
15BF
  8
0
 10
-36.50121788788597
 20
38.15010720799794
 30
0.0
  0
VERTEX
  5
15C0
  8
0
 10
-36.29428837331754
 20
38.06282753581811
 30
0.0
  0
VERTEX
  5
15C1
  8
0
 10
-36.09009569148968
 20
37.96923682454774
 30
0.0
  0
VERTEX
  5
15C2
  8
0
 10
-35.84278102743809
 20
37.84560480937343
 30
0.0
  0
VERTEX
  5
15C3
  8
0
 10
-35.60024351768792
 20
37.71281321330909
 30
0.0
  0
VERTEX
  5
15C4
  8
0
 10
-35.37841475080047
 20
37.580693814699
 30
0.0
  0
VERTEX
  5
15C5
  8
0
 10
-35.16128581609145
 20
37.44092915208632
 30
0.0
  0
VERTEX
  5
15C6
  8
0
 10
-34.9728457306605
 20
37.3107228300108
 30
0.0
  0
VERTEX
  5
15C7
  8
0
 10
-34.78862375712597
 20
37.17465437137119
 30
0.0
  0
VERTEX
  5
15C8
  8
0
 10
-34.61115273703176
 20
37.03460137323259
 30
0.0
  0
VERTEX
  5
15C9
  8
0
 10
-34.43800005803628
 20
36.88914127736343
 30
0.0
  0
VERTEX
  5
15CA
  8
0
 10
-34.26902119265009
 20
36.73860374333714
 30
0.0
  0
VERTEX
  5
15CB
  8
0
 10
-34.10407161338379
 20
36.58331843072712
 30
0.0
  0
VERTEX
  5
15CC
  8
0
 10
-33.89174317899713
 20
36.37043824766881
 30
0.0
  0
VERTEX
  5
15CD
  8
0
 10
-33.68830828996644
 20
36.14910531995451
 30
0.0
  0
VERTEX
  5
15CE
  8
0
 10
-33.49583182739678
 20
35.91863311293304
 30
0.0
  0
VERTEX
  5
15CF
  8
0
 10
-33.40434828138017
 20
35.7997552376036
 30
0.0
  0
VERTEX
  5
15D0
  8
0
 10
-33.31637867239322
 20
35.67833509195316
 30
0.0
  0
VERTEX
  5
15D1
  8
0
 10
-33.20353272460726
 20
35.51077553768945
 30
0.0
  0
VERTEX
  5
15D2
  8
0
 10
-33.09617033572002
 20
35.33947781158538
 30
0.0
  0
VERTEX
  5
15D3
  8
0
 10
-32.89244023113742
 20
34.98979867594058
 30
0.0
  0
VERTEX
  5
15D4
  8
0
 10
-32.37464732134761
 20
34.06182735147596
 30
0.0
  0
VERTEX
  5
15D5
  8
0
 10
-32.16386502012944
 20
33.6989081359847
 30
0.0
  0
VERTEX
  5
15D6
  8
0
 10
-31.94835100397672
 20
33.33870187658379
 30
0.0
  0
VERTEX
  5
15D7
  8
0
 10
-31.75309792100652
 20
33.0186764910307
 30
0.0
  0
VERTEX
  5
15D8
  8
0
 10
-31.63494845589989
 20
32.82824160436734
 30
0.0
  0
VERTEX
  5
15D9
  8
0
 10
-31.34715244967515
 20
32.37405186342652
 30
0.0
  0
VERTEX
  5
15DA
  8
0
 10
-31.05328359835098
 20
31.92377687374172
 30
0.0
  0
VERTEX
  5
15DB
  8
0
 10
-30.79212081557403
 20
31.53452196299325
 30
0.0
  0
VERTEX
  5
15DC
  8
0
 10
-30.52641668196679
 20
31.14835582623331
 30
0.0
  0
VERTEX
  5
15DD
  8
0
 10
-30.25628244303853
 20
30.7652800509955
 30
0.0
  0
VERTEX
  5
15DE
  8
0
 10
-29.98182934429856
 20
30.38529622481343
 30
0.0
  0
VERTEX
  5
15DF
  8
0
 10
-29.57750822234306
 20
29.84171680217559
 30
0.0
  0
VERTEX
  5
15E0
  8
0
 10
-29.16339318981113
 20
29.30566663856473
 30
0.0
  0
VERTEX
  5
15E1
  8
0
 10
-28.65077161177895
 20
28.65575253285793
 30
0.0
  0
VERTEX
  5
15E2
  8
0
 10
-29.30024063299737
 20
29.1681310552455
 30
0.0
  0
VERTEX
  5
15E3
  8
0
 10
-29.83590263679615
 20
29.58202304618836
 30
0.0
  0
VERTEX
  5
15E4
  8
0
 10
-30.37905065401582
 20
29.98607747971285
 30
0.0
  0
VERTEX
  5
15E5
  8
0
 10
-30.7587130977279
 20
30.2603229136093
 30
0.0
  0
VERTEX
  5
15E6
  8
0
 10
-31.14144901250596
 20
30.53023079319962
 30
0.0
  0
VERTEX
  5
15E7
  8
0
 10
-31.52725654560406
 20
30.79568958810435
 30
0.0
  0
VERTEX
  5
15E8
  8
0
 10
-31.91613384427628
 20
31.05658776794398
 30
0.0
  0
VERTEX
  5
15E9
  8
0
 10
-32.3659520917974
 20
31.35012916674386
 30
0.0
  0
VERTEX
  5
15EA
  8
0
 10
-32.81966023142942
 20
31.63757248175552
 30
0.0
  0
VERTEX
  5
15EB
  8
0
 10
-33.00988709125821
 20
31.75556753106351
 30
0.0
  0
VERTEX
  5
15EC
  8
0
 10
-33.32955490648563
 20
31.95055256240782
 30
0.0
  0
VERTEX
  5
15ED
  8
0
 10
-33.68934840128726
 20
32.16575383087332
 30
0.0
  0
VERTEX
  5
15EE
  8
0
 10
-34.05183635792412
 20
32.37620453598201
 30
0.0
  0
VERTEX
  5
15EF
  8
0
 10
-34.97865371617076
 20
32.8930946243016
 30
0.0
  0
VERTEX
  5
15F0
  8
0
 10
-35.32791886990185
 20
33.09650688488291
 30
0.0
  0
VERTEX
  5
15F1
  8
0
 10
-35.49903210339256
 20
33.20373319398275
 30
0.0
  0
VERTEX
  5
15F2
  8
0
 10
-35.66643013939513
 20
33.31646634376172
 30
0.0
  0
VERTEX
  5
15F3
  8
0
 10
-35.78774824597322
 20
33.4043702982261
 30
0.0
  0
VERTEX
  5
15F4
  8
0
 10
-35.90653918536283
 20
33.49580346440249
 30
0.0
  0
VERTEX
  5
15F5
  8
0
 10
-36.13687943973806
 20
33.68822148077508
 30
0.0
  0
VERTEX
  5
15F6
  8
0
 10
-36.35813065684378
 20
33.89164849064701
 30
0.0
  0
VERTEX
  5
15F7
  8
0
 10
-36.57097259100292
 20
34.10401259178575
 30
0.0
  0
VERTEX
  5
15F8
  8
0
 10
-36.72625437492663
 20
34.26901431443381
 30
0.0
  0
VERTEX
  5
15F9
  8
0
 10
-36.87681045312814
 20
34.43806727499314
 30
0.0
  0
VERTEX
  5
15FA
  8
0
 10
-37.02231237122554
 20
34.61131717416153
 30
0.0
  0
VERTEX
  5
15FB
  8
0
 10
-37.16243167483683
 20
34.78890971263679
 30
0.0
  0
VERTEX
  5
15FC
  8
0
 10
-37.29859312091019
 20
34.97328037207789
 30
0.0
  0
VERTEX
  5
15FD
  8
0
 10
-37.42891785156601
 20
35.16189428317017
 30
0.0
  0
VERTEX
  5
15FE
  8
0
 10
-37.56884558102765
 20
35.37924835884345
 30
0.0
  0
VERTEX
  5
15FF
  8
0
 10
-37.70115926010179
 20
35.60133297368488
 30
0.0
  0
VERTEX
  5
1600
  8
0
 10
-37.83419352930704
 20
35.84417844953619
 30
0.0
  0
VERTEX
  5
1601
  8
0
 10
-37.95810354725068
 20
36.09183565356305
 30
0.0
  0
VERTEX
  5
1602
  8
0
 10
-38.05194580160098
 20
36.29633169167682
 30
0.0
  0
VERTEX
  5
1603
  8
0
 10
-38.13950001642231
 20
36.50358694472054
 30
0.0
  0
VERTEX
  5
1604
  8
0
 10
-38.24929752960172
 20
36.79232659980367
 30
0.0
  0
VERTEX
  5
1605
  8
0
 10
-38.34735432532051
 20
37.08542646788448
 30
0.0
  0
VERTEX
  5
1606
  8
0
 10
-38.41208420896164
 20
37.30338374126624
 30
0.0
  0
VERTEX
  5
1607
  8
0
 10
-38.47011261122941
 20
37.52323234057107
 30
0.0
  0
VERTEX
  5
1608
  8
0
 10
-38.52084311922412
 20
37.74479257933424
 30
0.0
  0
VERTEX
  5
1609
  8
0
 10
-38.56367932004605
 20
37.96788477109101
 30
0.0
  0
VERTEX
  5
160A
  8
0
 10
-38.61431915575118
 20
38.30939544486573
 30
0.0
  0
SEQEND
  5
160B
  8
0
  0
POLYLINE
  5
68
  8
0
 66
     1
 10
0.0
 20
0.0
 30
0.0
 70
     1
  0
VERTEX
  5
160C
  8
0
 10
-9.400903822562325
 20
-9.402538164407156
 30
0.0
  0
VERTEX
  5
160D
  8
0
 10
-9.392978269524484
 20
-9.17277709121913
 30
0.0
  0
VERTEX
  5
160E
  8
0
 10
-9.376422418748202
 20
-8.944808818230515
 30
0.0
  0
VERTEX
  5
160F
  8
0
 10
-9.351370608713502
 20
-8.71882483186878
 30
0.0
  0
VERTEX
  5
1610
  8
0
 10
-9.317957177900407
 20
-8.4950166185614
 30
0.0
  0
VERTEX
  5
1611
  8
0
 10
-9.276316464788941
 20
-8.27357566473584
 30
0.0
  0
VERTEX
  5
1612
  8
0
 10
-9.226582807859126
 20
-8.05469345681958
 30
0.0
  0
VERTEX
  5
1613
  8
0
 10
-9.168890545590985
 20
-7.838561481240085
 30
0.0
  0
VERTEX
  5
1614
  8
0
 10
-9.103374016464542
 20
-7.625371224424827
 30
0.0
  0
VERTEX
  5
1615
  8
0
 10
-9.030167558959821
 20
-7.415314172801277
 30
0.0
  0
VERTEX
  5
1616
  8
0
 10
-8.949405511556847
 20
-7.208581812796906
 30
0.0
  0
VERTEX
  5
1617
  8
0
 10
-8.86122221273564
 20
-7.005365630839186
 30
0.0
  0
VERTEX
  5
1618
  8
0
 10
-8.765752000976226
 20
-6.805857113355587
 30
0.0
  0
VERTEX
  5
1619
  8
0
 10
-8.663129214758627
 20
-6.61024774677358
 30
0.0
  0
VERTEX
  5
161A
  8
0
 10
-8.553488192562867
 20
-6.418729017520637
 30
0.0
  0
VERTEX
  5
161B
  8
0
 10
-8.436963272868969
 20
-6.231492412024229
 30
0.0
  0
VERTEX
  5
161C
  8
0
 10
-8.313688794156954
 20
-6.048729416711827
 30
0.0
  0
VERTEX
  5
161D
  8
0
 10
-8.183799094906849
 20
-5.8706315180109
 30
0.0
  0
VERTEX
  5
161E
  8
0
 10
-8.047428513598677
 20
-5.697390202348923
 30
0.0
  0
VERTEX
  5
161F
  8
0
 10
-7.904711388712458
 20
-5.529196956153364
 30
0.0
  0
VERTEX
  5
1620
  8
0
 10
-7.755782058728219
 20
-5.366243265851695
 30
0.0
  0
VERTEX
  5
1621
  8
0
 10
-7.600774862125981
 20
-5.208720617871387
 30
0.0
  0
VERTEX
  5
1622
  8
0
 10
-7.439824137385768
 20
-5.056820498639911
 30
0.0
  0
VERTEX
  5
1623
  8
0
 10
-7.273064222987604
 20
-4.910734394584738
 30
0.0
  0
VERTEX
  5
1624
  8
0
 10
-7.100629457411513
 20
-4.77065379213334
 30
0.0
  0
VERTEX
  5
1625
  8
0
 10
-6.922654179137517
 20
-4.636770177713187
 30
0.0
  0
VERTEX
  5
1626
  8
0
 10
-6.739272726645638
 20
-4.509275037751751
 30
0.0
  0
VERTEX
  5
1627
  8
0
 10
-6.550619438415902
 20
-4.388359858676501
 30
0.0
  0
VERTEX
  5
1628
  8
0
 10
-6.356828652928332
 20
-4.27421612691491
 30
0.0
  0
VERTEX
  5
1629
  8
0
 10
-6.158034708662951
 20
-4.167035328894448
 30
0.0
  0
VERTEX
  5
162A
  8
0
 10
-5.954371944099782
 20
-4.067008951042588
 30
0.0
  0
VERTEX
  5
162B
  8
0
 10
-5.745974697718847
 20
-3.974328479786799
 30
0.0
  0
VERTEX
  5
162C
  8
0
 10
-5.532977308000171
 20
-3.889185401554553
 30
0.0
  0
VERTEX
  5
162D
  8
0
 10
-5.360308541520334
 20
-4.125081730210422
 30
0.0
  0
VERTEX
  5
162E
  8
0
 10
-5.177735450374129
 20
-4.353184225703805
 30
0.0
  0
VERTEX
  5
162F
  8
0
 10
-4.98551989221185
 20
-4.573179810489213
 30
0.0
  0
VERTEX
  5
1630
  8
0
 10
-4.783923724683794
 20
-4.784755407021154
 30
0.0
  0
VERTEX
  5
1631
  8
0
 10
-4.573385119485948
 20
-4.98738701124104
 30
0.0
  0
VERTEX
  5
1632
  8
0
 10
-4.354425660347266
 20
-5.180634045633172
 30
0.0
  0
VERTEX
  5
1633
  8
0
 10
-4.12735697858625
 20
-5.364233214973388
 30
0.0
  0
VERTEX
  5
1634
  8
0
 10
-3.892490705521402
 20
-5.537921224037524
 30
0.0
  0
VERTEX
  5
1635
  8
0
 10
-3.977928560197797
 20
-5.751265273007202
 30
0.0
  0
VERTEX
  5
1636
  8
0
 10
-4.070873115491445
 20
-5.959978991536301
 30
0.0
  0
VERTEX
  5
1637
  8
0
 10
-4.171133056535661
 20
-6.163928156090924
 30
0.0
  0
VERTEX
  5
1638
  8
0
 10
-4.27851706846376
 20
-6.362978543137173
 30
0.0
  0
VERTEX
  5
1639
  8
0
 10
-4.392833836409055
 20
-6.55699592914115
 30
0.0
  0
VERTEX
  5
163A
  8
0
 10
-4.513892045504861
 20
-6.745846090568959
 30
0.0
  0
VERTEX
  5
163B
  8
0
 10
-4.641500380884491
 20
-6.9293948038867
 30
0.0
  0
VERTEX
  5
163C
  8
0
 10
-4.775467527681259
 20
-7.107507845560476
 30
0.0
  0
VERTEX
  5
163D
  8
0
 10
-4.915602171028482
 20
-7.280050992056389
 30
0.0
  0
VERTEX
  5
163E
  8
0
 10
-5.061712996059471
 20
-7.446890019840541
 30
0.0
  0
VERTEX
  5
163F
  8
0
 10
-5.213608687907543
 20
-7.607890705379035
 30
0.0
  0
VERTEX
  5
1640
  8
0
 10
-5.37109793170601
 20
-7.762918825137972
 30
0.0
  0
VERTEX
  5
1641
  8
0
 10
-5.533989412588188
 20
-7.911840155583455
 30
0.0
  0
VERTEX
  5
1642
  8
0
 10
-5.702091815687389
 20
-8.054520473181586
 30
0.0
  0
VERTEX
  5
1643
  8
0
 10
-5.875213826136928
 20
-8.190825554398467
 30
0.0
  0
VERTEX
  5
1644
  8
0
 10
-6.053164129070121
 20
-8.320621175700198
 30
0.0
  0
VERTEX
  5
1645
  8
0
 10
-6.23575140962028
 20
-8.443773113552885
 30
0.0
  0
VERTEX
  5
1646
  8
0
 10
-6.422784352920718
 20
-8.56014714442263
 30
0.0
  0
VERTEX
  5
1647
  8
0
 10
-6.614071644104753
 20
-8.66960904477553
 30
0.0
  0
VERTEX
  5
1648
  8
0
 10
-6.809421968305697
 20
-8.772024591077692
 30
0.0
  0
VERTEX
  5
1649
  8
0
 10
-7.008644010656866
 20
-8.867259559795217
 30
0.0
  0
VERTEX
  5
164A
  8
0
 10
-7.211546456291572
 20
-8.955179727394206
 30
0.0
  0
VERTEX
  5
164B
  8
0
 10
-7.417937990343129
 20
-9.035650870340765
 30
0.0
  0
VERTEX
  5
164C
  8
0
 10
-7.627627297944852
 20
-9.108538765100992
 30
0.0
  0
VERTEX
  5
164D
  8
0
 10
-7.840423064230056
 20
-9.17370918814099
 30
0.0
  0
VERTEX
  5
164E
  8
0
 10
-8.056133974332056
 20
-9.23102791592686
 30
0.0
  0
VERTEX
  5
164F
  8
0
 10
-8.274568713384163
 20
-9.280360724924709
 30
0.0
  0
VERTEX
  5
1650
  8
0
 10
-8.495535966519693
 20
-9.321573391600634
 30
0.0
  0
VERTEX
  5
1651
  8
0
 10
-8.71884441887196
 20
-9.35453169242074
 30
0.0
  0
VERTEX
  5
1652
  8
0
 10
-8.944302755574277
 20
-9.379101403851127
 30
0.0
  0
VERTEX
  5
1653
  8
0
 10
-9.171719661759962
 20
-9.3951483023579
 30
0.0
  0
SEQEND
  5
1654
  8
0
  0
POLYLINE
  5
69
  8
0
 66
     1
 10
0.0
 20
0.0
 30
0.0
 70
     1
  0
VERTEX
  5
1655
  8
0
 10
-0.0000000000091278
 20
-30.26233786231485
 30
0.0
  0
VERTEX
  5
1656
  8
0
 10
-0.3626682918657838
 20
-29.03095138521233
 30
0.0
  0
VERTEX
  5
1657
  8
0
 10
-0.716252310856473
 20
-27.79665311940649
 30
0.0
  0
VERTEX
  5
1658
  8
0
 10
-0.8868309112945713
 20
-27.1775021317699
 30
0.0
  0
VERTEX
  5
1659
  8
0
 10
-1.051760958044643
 20
-26.55653127619359
 30
0.0
  0
VERTEX
  5
165A
  8
0
 10
-1.209912740369294
 20
-25.9333765790896
 30
0.0
  0
VERTEX
  5
165B
  8
0
 10
-1.360156547531126
 20
-25.30767406686996
 30
0.0
  0
VERTEX
  5
165C
  8
0
 10
-1.437864022944918
 20
-24.96628892186312
 30
0.0
  0
VERTEX
  5
165D
  8
0
 10
-1.51118435374815
 20
-24.62393160673065
 30
0.0
  0
VERTEX
  5
165E
  8
0
 10
-1.578401759327286
 20
-24.28049061939796
 30
0.0
  0
VERTEX
  5
165F
  8
0
 10
-1.637800459068787
 20
-23.93585445779048
 30
0.0
  0
VERTEX
  5
1660
  8
0
 10
-1.687664672359117
 20
-23.58991161983362
 30
0.0
  0
VERTEX
  5
1661
  8
0
 10
-1.726278618584738
 20
-23.24255060345282
 30
0.0
  0
VERTEX
  5
1662
  8
0
 10
-1.751926517132113
 20
-22.89365990657347
 30
0.0
  0
VERTEX
  5
1663
  8
0
 10
-1.762892587387704
 20
-22.543128027121
 30
0.0
  0
VERTEX
  5
1664
  8
0
 10
-1.761919805659858
 20
-22.34562145644082
 30
0.0
  0
VERTEX
  5
1665
  8
0
 10
-1.755163995852354
 20
-22.14803989545855
 30
0.0
  0
VERTEX
  5
1666
  8
0
 10
-1.742012245203014
 20
-21.95086096991483
 30
0.0
  0
VERTEX
  5
1667
  8
0
 10
-1.721851640949661
 20
-21.7545623055503
 30
0.0
  0
VERTEX
  5
1668
  8
0
 10
-1.694069270330116
 20
-21.55962152810562
 30
0.0
  0
VERTEX
  5
1669
  8
0
 10
-1.6580522205822
 20
-21.36651626332143
 30
0.0
  0
VERTEX
  5
166A
  8
0
 10
-1.613187578943736
 20
-21.17572413693838
 30
0.0
  0
VERTEX
  5
166B
  8
0
 10
-1.558862432652544
 20
-20.98772277469712
 30
0.0
  0
VERTEX
  5
166C
  8
0
 10
-1.497333881973161
 20
-20.80907953792003
 30
0.0
  0
VERTEX
  5
166D
  8
0
 10
-1.428760563312612
 20
-20.63272202478979
 30
0.0
  0
VERTEX
  5
166E
  8
0
 10
-1.279872646025864
 20
-20.28381653793775
 30
0.0
  0
VERTEX
  5
166F
  8
0
 10
-1.500788070213816
 20
-20.18610779502866
 30
0.0
  0
VERTEX
  5
1670
  8
0
 10
-1.730259909917207
 20
-20.10083639714606
 30
0.0
  0
VERTEX
  5
1671
  8
0
 10
-1.967261346107531
 20
-20.02898344362095
 30
0.0
  0
VERTEX
  5
1672
  8
0
 10
-2.210626872254458
 20
-19.97141688434024
 30
0.0
  0
VERTEX
  5
1673
  8
0
 10
-2.459067978435531
 20
-19.92886793483541
 30
0.0
  0
VERTEX
  5
1674
  8
0
 10
-2.711193490400748
 20
-19.9019101921193
 30
0.0
  0
VERTEX
  5
1675
  8
0
 10
-2.838181024845791
 20
-19.89440986623559
 30
0.0
  0
VERTEX
  5
1676
  8
0
 10
-2.965533998024327
 20
-19.8909425071206
 30
0.0
  0
VERTEX
  5
1677
  8
0
 10
-3.093061054653425
 20
-19.89152862121229
 30
0.0
  0
VERTEX
  5
1678
  8
0
 10
-3.220569539934578
 20
-19.89617652545684
 30
0.0
  0
VERTEX
  5
1679
  8
0
 10
-3.347866466525981
 20
-19.9048822592326
 30
0.0
  0
VERTEX
  5
167A
  8
0
 10
-3.474759486953942
 20
-19.9176295888427
 30
0.0
  0
VERTEX
  5
167B
  8
0
 10
-3.601057861192103
 20
-19.93439010469192
 30
0.0
  0
VERTEX
  5
167C
  8
0
 10
-3.726573409205181
 20
-19.95512340995921
 30
0.0
  0
VERTEX
  5
167D
  8
0
 10
-3.974521637203601
 20
-20.0082886168644
 30
0.0
  0
VERTEX
  5
167E
  8
0
 10
-4.217184244274779
 20
-20.07657493657974
 30
0.0
  0
VERTEX
  5
167F
  8
0
 10
-4.453237284704729
 20
-20.159266480259
 30
0.0
  0
VERTEX
  5
1680
  8
0
 10
-4.681475308007297
 20
-20.25550133089027
 30
0.0
  0
VERTEX
  5
1681
  8
0
 10
-4.900829415450292
 20
-20.36429443966445
 30
0.0
  0
VERTEX
  5
1682
  8
0
 10
-5.110380406150212
 20
-20.48456272179697
 30
0.0
  0
VERTEX
  5
1683
  8
0
 10
-5.312345495238205
 20
-20.61723684607572
 30
0.0
  0
VERTEX
  5
1684
  8
0
 10
-5.508557758832382
 20
-20.76387569507157
 30
0.0
  0
VERTEX
  5
1685
  8
0
 10
-5.697637480998419
 20
-20.92414930173312
 30
0.0
  0
VERTEX
  5
1686
  8
0
 10
-5.878224177509298
 20
-21.09754947073642
 30
0.0
  0
VERTEX
  5
1687
  8
0
 10
-6.049004866503264
 20
-21.28339013987753
 30
0.0
  0
VERTEX
  5
1688
  8
0
 10
-6.208742611704272
 20
-21.48081312669675
 30
0.0
  0
VERTEX
  5
1689
  8
0
 10
-6.28411146827376
 20
-21.58355539675225
 30
0.0
  0
VERTEX
  5
168A
  8
0
 10
-6.356304146894505
 20
-21.68879935904624
 30
0.0
  0
VERTEX
  5
168B
  8
0
 10
-6.425199372873749
 20
-21.79639520100716
 30
0.0
  0
VERTEX
  5
168C
  8
0
 10
-6.490685365306517
 20
-21.90618538476395
 30
0.0
  0
VERTEX
  5
168D
  8
0
 10
-6.552660436898811
 20
-22.01800541265117
 30
0.0
  0
VERTEX
  5
168E
  8
0
 10
-6.611033519283636
 20
-22.13168464765488
 30
0.0
  0
VERTEX
  5
168F
  8
0
 10
-6.665724608144613
 20
-22.24704718022182
 30
0.0
  0
VERTEX
  5
1690
  8
0
 10
-6.7166651235904
 20
-22.36391273220228
 30
0.0
  0
VERTEX
  5
1691
  8
0
 10
-6.807078780270222
 20
-22.60141554439383
 30
0.0
  0
VERTEX
  5
1692
  8
0
 10
-6.881962425395934
 20
-22.84269923275026
 30
0.0
  0
VERTEX
  5
1693
  8
0
 10
-6.941194813417586
 20
-23.08626057655131
 30
0.0
  0
VERTEX
  5
1694
  8
0
 10
-6.984841374800808
 20
-23.33061658244621
 30
0.0
  0
VERTEX
  5
1695
  8
0
 10
-7.013144879395464
 20
-23.57433213137057
 30
0.0
  0
VERTEX
  5
1696
  8
0
 10
-7.026511587482874
 20
-23.8160446914551
 30
0.0
  0
VERTEX
  5
1697
  8
0
 10
-7.325438833557337
 20
-23.58815831028687
 30
0.0
  0
VERTEX
  5
1698
  8
0
 10
-7.632736026645927
 20
-23.36930662791065
 30
0.0
  0
VERTEX
  5
1699
  8
0
 10
-7.947995083501052
 20
-23.15993756033191
 30
0.0
  0
VERTEX
  5
169A
  8
0
 10
-8.270776882151756
 20
-22.96047414213042
 30
0.0
  0
VERTEX
  5
169B
  8
0
 10
-8.600613172987801
 20
-22.77131187154176
 30
0.0
  0
VERTEX
  5
169C
  8
0
 10
-8.937008757203124
 20
-22.59281623588783
 30
0.0
  0
VERTEX
  5
169D
  8
0
 10
-9.279443912391331
 20
-22.42532044856538
 30
0.0
  0
VERTEX
  5
169E
  8
0
 10
-9.62737704098816
 20
-22.26912342613454
 30
0.0
  0
VERTEX
  5
169F
  8
0
 10
-9.980247513562004
 20
-22.12448803078081
 30
0.0
  0
VERTEX
  5
16A0
  8
0
 10
-10.33747867576006
 20
-21.99163959962279
 30
0.0
  0
VERTEX
  5
16A1
  8
0
 10
-10.69848098510734
 20
-21.87076477809252
 30
0.0
  0
VERTEX
  5
16A2
  8
0
 10
-11.06265524189526
 20
-21.76201067002397
 30
0.0
  0
VERTEX
  5
16A3
  8
0
 10
-11.42939587713371
 20
-21.66548431226155
 30
0.0
  0
VERTEX
  5
16A4
  8
0
 10
-11.79809426000085
 20
-21.58125247665983
 30
0.0
  0
VERTEX
  5
16A5
  8
0
 10
-12.16814198741521
 20
-21.50934179741004
 30
0.0
  0
VERTEX
  5
16A6
  8
0
 10
-12.53893411925785
 20
-21.44973921681506
 30
0.0
  0
VERTEX
  5
16A7
  8
0
 10
-12.55521303260007
 20
-21.12497566044048
 30
0.0
  0
VERTEX
  5
16A8
  8
0
 10
-12.55873373437275
 20
-20.79558015797225
 30
0.0
  0
VERTEX
  5
16A9
  8
0
 10
-12.54899536826287
 20
-20.46224942243339
 30
0.0
  0
VERTEX
  5
16AA
  8
0
 10
-12.5255432036302
 20
-20.12573625161717
 30
0.0
  0
VERTEX
  5
16AB
  8
0
 10
-12.48797556737718
 20
-19.78684614190449
 30
0.0
  0
VERTEX
  5
16AC
  8
0
 10
-12.43595054270681
 20
-19.44643293867151
 30
0.0
  0
VERTEX
  5
16AD
  8
0
 10
-12.36919228633673
 20
-19.10539352977812
 30
0.0
  0
VERTEX
  5
16AE
  8
0
 10
-12.28749681242592
 20
-18.76466161409221
 30
0.0
  0
VERTEX
  5
16AF
  8
0
 10
-12.19073709294634
 20
-18.42520060385906
 30
0.0
  0
VERTEX
  5
16B0
  8
0
 10
-12.07886733093084
 20
-18.08799574697483
 30
0.0
  0
VERTEX
  5
16B1
  8
0
 10
-11.95192627515746
 20
-17.75404558174594
 30
0.0
  0
VERTEX
  5
16B2
  8
0
 10
-11.81003946233645
 20
-17.42435286131681
 30
0.0
  0
VERTEX
  5
16B3
  8
0
 10
-11.65342029540788
 20
-17.09991510642392
 30
0.0
  0
VERTEX
  5
16B4
  8
0
 10
-11.48236989350238
 20
-16.78171496235339
 30
0.0
  0
VERTEX
  5
16B5
  8
0
 10
-11.29727567955904
 20
-16.47071054795611
 30
0.0
  0
VERTEX
  5
16B6
  8
0
 10
-11.0986087043871
 20
-16.1678259905411
 30
0.0
  0
VERTEX
  5
16B7
  8
0
 10
-10.88691973978147
 20
-15.87394233993952
 30
0.0
  0
VERTEX
  5
16B8
  8
0
 10
-10.66283420673063
 20
-15.58988904784245
 30
0.0
  0
VERTEX
  5
16B9
  8
0
 10
-10.42704603634848
 20
-15.31643618484868
 30
0.0
  0
VERTEX
  5
16BA
  8
0
 10
-10.18031058955024
 20
-15.05428754803642
 30
0.0
  0
VERTEX
  5
16BB
  8
0
 10
-9.923436785469532
 20
-14.80407478712927
 30
0.0
  0
VERTEX
  5
16BC
  8
0
 10
-9.657278607204011
 20
-14.56635264855995
 30
0.0
  0
VERTEX
  5
16BD
  8
0
 10
-9.382726165999697
 20
-14.34159540522925
 30
0.0
  0
VERTEX
  5
16BE
  8
0
 10
-9.100696511084774
 20
-14.13019450690724
 30
0.0
  0
VERTEX
  5
16BF
  8
0
 10
-8.812124372025684
 20
-13.93245745343918
 30
0.0
  0
VERTEX
  5
16C0
  8
0
 10
-8.51795301401012
 20
-13.74860786154631
 30
0.0
  0
VERTEX
  5
16C1
  8
0
 10
-8.219125374458985
 20
-13.57878666725058
 30
0.0
  0
VERTEX
  5
16C2
  8
0
 10
-7.91657563266342
 20
-13.42305438079987
 30
0.0
  0
VERTEX
  5
16C3
  8
0
 10
-7.611221343732149
 20
-13.28139429017088
 30
0.0
  0
VERTEX
  5
16C4
  8
0
 10
-7.3039562451148
 20
-13.15371649325874
 30
0.0
  0
VERTEX
  5
16C5
  8
0
 10
-6.995643819459014
 20
-13.03986262792796
 30
0.0
  0
VERTEX
  5
16C6
  8
0
 10
-6.687111672642805
 20
-12.93961116314625
 30
0.0
  0
VERTEX
  5
16C7
  8
0
 10
-6.853958194301437
 20
-13.00599881939286
 30
0.0
  0
VERTEX
  5
16C8
  8
0
 10
-7.018718411842729
 20
-13.08464090392121
 30
0.0
  0
VERTEX
  5
16C9
  8
0
 10
-7.180099085084873
 20
-13.17554475388577
 30
0.0
  0
VERTEX
  5
16CA
  8
0
 10
-7.336780674938643
 20
-13.27853832858301
 30
0.0
  0
VERTEX
  5
16CB
  8
0
 10
-7.487448088679232
 20
-13.39326229032518
 30
0.0
  0
VERTEX
  5
16CC
  8
0
 10
-7.630823547600379
 20
-13.51916846459742
 30
0.0
  0
VERTEX
  5
16CD
  8
0
 10
-7.765700025082816
 20
-13.65552526029606
 30
0.0
  0
VERTEX
  5
16CE
  8
0
 10
-7.890973539497584
 20
-13.80143019138028
 30
0.0
  0
VERTEX
  5
16CF
  8
0
 10
-8.005672563685854
 20
-13.95582915467123
 30
0.0
  0
VERTEX
  5
16D0
  8
0
 10
-8.108982944028583
 20
-14.11754163560885
 30
0.0
  0
VERTEX
  5
16D1
  8
0
 10
-8.200267000370161
 20
-14.28529058827774
 30
0.0
  0
VERTEX
  5
16D2
  8
0
 10
-8.279075876279729
 20
-14.45773541614132
 30
0.0
  0
VERTEX
  5
16D3
  8
0
 10
-8.345154684002079
 20
-14.63350630047339
 30
0.0
  0
VERTEX
  5
16D4
  8
0
 10
-8.39844048715785
 20
-14.81123810036559
 30
0.0
  0
VERTEX
  5
16D5
  8
0
 10
-8.43905363295758
 20
-14.98960217651322
 30
0.0
  0
VERTEX
  5
16D6
  8
0
 10
-8.467283337781595
 20
-15.167334746923
 30
0.0
  0
VERTEX
  5
16D7
  8
0
 10
-8.483764131913889
 20
-15.34654663132248
 30
0.0
  0
VERTEX
  5
16D8
  8
0
 10
-8.488401777063952
 20
-15.52944040920055
 30
0.0
  0
VERTEX
  5
16D9
  8
0
 10
-8.480604353553515
 20
-15.71486324305288
 30
0.0
  0
VERTEX
  5
16DA
  8
0
 10
-8.459927571307787
 20
-15.90155758747064
 30
0.0
  0
VERTEX
  5
16DB
  8
0
 10
-8.426095729981853
 20
-16.08818509081315
 30
0.0
  0
VERTEX
  5
16DC
  8
0
 10
-8.379017966230068
 20
-16.27335528192076
 30
0.0
  0
VERTEX
  5
16DD
  8
0
 10
-8.318798569062828
 20
-16.45565791730841
 30
0.0
  0
VERTEX
  5
16DE
  8
0
 10
-8.24574046102455
 20
-16.63369751908412
 30
0.0
  0
VERTEX
  5
16DF
  8
0
 10
-8.160341365428527
 20
-16.80612839329982
 30
0.0
  0
VERTEX
  5
16E0
  8
0
 10
-8.063282668805364
 20
-16.97168831719998
 30
0.0
  0
VERTEX
  5
16E1
  8
0
 10
-7.955411492101243
 20
-17.12922913998536
 30
0.0
  0
VERTEX
  5
16E2
  8
0
 10
-7.837716948905466
 20
-17.27774275292536
 30
0.0
  0
VERTEX
  5
16E3
  8
0
 10
-7.711301943536789
 20
-17.41638122795653
 30
0.0
  0
VERTEX
  5
16E4
  8
0
 10
-7.577352108116304
 20
-17.54447035928859
 30
0.0
  0
VERTEX
  5
16E5
  8
0
 10
-7.437103575788625
 20
-17.66151631964946
 30
0.0
  0
VERTEX
  5
16E6
  8
0
 10
-7.291811237107053
 20
-17.76720560918064
 30
0.0
  0
VERTEX
  5
16E7
  8
0
 10
-7.139885008659647
 20
-17.86306097622028
 30
0.0
  0
VERTEX
  5
16E8
  8
0
 10
-6.979323316060269
 20
-17.949995184602
 30
0.0
  0
VERTEX
  5
16E9
  8
0
 10
-6.810883526334156
 20
-18.02695721726857
 30
0.0
  0
VERTEX
  5
16EA
  8
0
 10
-6.635482956556927
 20
-18.09298064149153
 30
0.0
  0
VERTEX
  5
16EB
  8
0
 10
-6.454187104078075
 20
-18.14721316651561
 30
0.0
  0
VERTEX
  5
16EC
  8
0
 10
-6.268191487746882
 20
-18.18894415388369
 30
0.0
  0
VERTEX
  5
16ED
  8
0
 10
-6.078797548480602
 20
-18.21762848156481
 30
0.0
  0
VERTEX
  5
16EE
  8
0
 10
-5.887383507920251
 20
-18.23290528996284
 30
0.0
  0
VERTEX
  5
16EF
  8
0
 10
-5.695371489094953
 20
-18.23461040671963
 30
0.0
  0
VERTEX
  5
16F0
  8
0
 10
-5.50419251437123
 20
-18.22278163849527
 30
0.0
  0
VERTEX
  5
16F1
  8
0
 10
-5.315251174334632
 20
-18.19765659424117
 30
0.0
  0
VERTEX
  5
16F2
  8
0
 10
-5.129891783770042
 20
-18.15966321557167
 30
0.0
  0
VERTEX
  5
16F3
  8
0
 10
-4.949367705124266
 20
-18.10940368008702
 30
0.0
  0
VERTEX
  5
16F4
  8
0
 10
-4.774815244103847
 20
-18.04763276077122
 30
0.0
  0
VERTEX
  5
16F5
  8
0
 10
-4.607233142107794
 20
-17.97523202819785
 30
0.0
  0
VERTEX
  5
16F6
  8
0
 10
-4.545463290753258
 20
-17.9426026992904
 30
0.0
  0
VERTEX
  5
16F7
  8
0
 10
-4.276835199251966
 20
-17.79989046602284
 30
0.0
  0
VERTEX
  5
16F8
  8
0
 10
-4.024249003208228
 20
-17.64233825106929
 30
0.0
  0
VERTEX
  5
16F9
  8
0
 10
-3.787754499164666
 20
-17.47087508141055
 30
0.0
  0
VERTEX
  5
16FA
  8
0
 10
-3.567401483663905
 20
-17.28642998402744
 30
0.0
  0
VERTEX
  5
16FB
  8
0
 10
-3.36323975324857
 20
-17.08993198590078
 30
0.0
  0
VERTEX
  5
16FC
  8
0
 10
-3.175319104461283
 20
-16.8823101140114
 30
0.0
  0
VERTEX
  5
16FD
  8
0
 10
-3.00368933384467
 20
-16.66449339534009
 30
0.0
  0
VERTEX
  5
16FE
  8
0
 10
-2.848400237941354
 20
-16.43741085686769
 30
0.0
  0
VERTEX
  5
16FF
  8
0
 10
-2.709501613293958
 20
-16.20199152557502
 30
0.0
  0
VERTEX
  5
1700
  8
0
 10
-2.587043256445108
 20
-15.95916442844288
 30
0.0
  0
VERTEX
  5
1701
  8
0
 10
-2.481074963937427
 20
-15.70985859245211
 30
0.0
  0
VERTEX
  5
1702
  8
0
 10
-2.39164653231354
 20
-15.45500304458351
 30
0.0
  0
VERTEX
  5
1703
  8
0
 10
-2.318807758116069
 20
-15.19552681181791
 30
0.0
  0
VERTEX
  5
1704
  8
0
 10
-2.262608437887639
 20
-14.93235892113612
 30
0.0
  0
VERTEX
  5
1705
  8
0
 10
-2.223098368170874
 20
-14.66642839951896
 30
0.0
  0
VERTEX
  5
1706
  8
0
 10
-2.200327345508398
 20
-14.39866427394725
 30
0.0
  0
VERTEX
  5
1707
  8
0
 10
-2.194345166442836
 20
-14.12999557140181
 30
0.0
  0
VERTEX
  5
1708
  8
0
 10
-2.20520162751681
 20
-13.86135131886344
 30
0.0
  0
VERTEX
  5
1709
  8
0
 10
-2.232946525272946
 20
-13.59366054331299
 30
0.0
  0
VERTEX
  5
170A
  8
0
 10
-2.277629656253866
 20
-13.32785227173125
 30
0.0
  0
VERTEX
  5
170B
  8
0
 10
-2.339300817002196
 20
-13.06485553109905
 30
0.0
  0
VERTEX
  5
170C
  8
0
 10
-2.418009804060559
 20
-12.80559934839721
 30
0.0
  0
VERTEX
  5
170D
  8
0
 10
-2.513806413971579
 20
-12.55101275060654
 30
0.0
  0
VERTEX
  5
170E
  8
0
 10
-2.62674044327788
 20
-12.30202476470786
 30
0.0
  0
VERTEX
  5
170F
  8
0
 10
-2.756861688522086
 20
-12.059564417682
 30
0.0
  0
VERTEX
  5
1710
  8
0
 10
-2.904219946246821
 20
-11.82456073650976
 30
0.0
  0
VERTEX
  5
1711
  8
0
 10
-3.068865012994709
 20
-11.59794274817197
 30
0.0
  0
VERTEX
  5
1712
  8
0
 10
-3.250846685308375
 20
-11.38063947964944
 30
0.0
  0
VERTEX
  5
1713
  8
0
 10
-3.450214759730441
 20
-11.17357995792299
 30
0.0
  0
VERTEX
  5
1714
  8
0
 10
-3.667019032803532
 20
-10.97769320997344
 30
0.0
  0
VERTEX
  5
1715
  8
0
 10
-3.901309301070272
 20
-10.79390826278161
 30
0.0
  0
VERTEX
  5
1716
  8
0
 10
-4.153135361073286
 20
-10.62315414332832
 30
0.0
  0
VERTEX
  5
1717
  8
0
 10
-3.727397540138097
 20
-10.18034006590436
 30
0.0
  0
VERTEX
  5
1718
  8
0
 10
-3.321041063903403
 20
-9.720662621800862
 30
0.0
  0
VERTEX
  5
1719
  8
0
 10
-2.934532950474364
 20
-9.244776643075237
 30
0.0
  0
VERTEX
  5
171A
  8
0
 10
-2.568340217956141
 20
-8.75333696178491
 30
0.0
  0
VERTEX
  5
171B
  8
0
 10
-2.222929884453896
 20
-8.246998409987299
 30
0.0
  0
VERTEX
  5
171C
  8
0
 10
-1.898768968072791
 20
-7.726415819739822
 30
0.0
  0
VERTEX
  5
171D
  8
0
 10
-1.596324486917986
 20
-7.192244023099899
 30
0.0
  0
VERTEX
  5
171E
  8
0
 10
-1.316063459094643
 20
-6.645137852124948
 30
0.0
  0
VERTEX
  5
171F
  8
0
 10
-0.9897241149379803
 20
-6.701808834078102
 30
0.0
  0
VERTEX
  5
1720
  8
0
 10
-0.6612047501025551
 20
-6.742360543870465
 30
0.0
  0
VERTEX
  5
1721
  8
0
 10
-0.3310988749917949
 20
-6.766734474720286
 30
0.0
  0
VERTEX
  5
1722
  8
0
 10
-0.0000000000091275
 20
-6.774872119845811
 30
0.0
  0
VERTEX
  5
1723
  8
0
 10
0.3310988749735398
 20
-6.766734474720286
 30
0.0
  0
VERTEX
  5
1724
  8
0
 10
0.6612047500842999
 20
-6.742360543870465
 30
0.0
  0
VERTEX
  5
1725
  8
0
 10
0.9897241149197253
 20
-6.701808834078102
 30
0.0
  0
VERTEX
  5
1726
  8
0
 10
1.316063459076388
 20
-6.645137852124948
 30
0.0
  0
VERTEX
  5
1727
  8
0
 10
1.596324486899731
 20
-7.192244023099899
 30
0.0
  0
VERTEX
  5
1728
  8
0
 10
1.898768968054536
 20
-7.726415819739822
 30
0.0
  0
VERTEX
  5
1729
  8
0
 10
2.222929884435642
 20
-8.246998409987299
 30
0.0
  0
VERTEX
  5
172A
  8
0
 10
2.568340217937886
 20
-8.75333696178491
 30
0.0
  0
VERTEX
  5
172B
  8
0
 10
2.934532950456109
 20
-9.244776643075237
 30
0.0
  0
VERTEX
  5
172C
  8
0
 10
3.321041063885149
 20
-9.720662621800862
 30
0.0
  0
VERTEX
  5
172D
  8
0
 10
3.727397540119843
 20
-10.18034006590436
 30
0.0
  0
VERTEX
  5
172E
  8
0
 10
4.153135361055032
 20
-10.62315414332832
 30
0.0
  0
VERTEX
  5
172F
  8
0
 10
3.901309301052018
 20
-10.79390826278161
 30
0.0
  0
VERTEX
  5
1730
  8
0
 10
3.667019032785278
 20
-10.97769320997344
 30
0.0
  0
VERTEX
  5
1731
  8
0
 10
3.450214759712187
 20
-11.17357995792299
 30
0.0
  0
VERTEX
  5
1732
  8
0
 10
3.250846685290121
 20
-11.38063947964944
 30
0.0
  0
VERTEX
  5
1733
  8
0
 10
3.068865012976456
 20
-11.59794274817197
 30
0.0
  0
VERTEX
  5
1734
  8
0
 10
2.904219946228568
 20
-11.82456073650976
 30
0.0
  0
VERTEX
  5
1735
  8
0
 10
2.756861688503833
 20
-12.059564417682
 30
0.0
  0
VERTEX
  5
1736
  8
0
 10
2.626740443259627
 20
-12.30202476470786
 30
0.0
  0
VERTEX
  5
1737
  8
0
 10
2.513806413953326
 20
-12.55101275060654
 30
0.0
  0
VERTEX
  5
1738
  8
0
 10
2.418009804042306
 20
-12.80559934839721
 30
0.0
  0
VERTEX
  5
1739
  8
0
 10
2.339300816983943
 20
-13.06485553109905
 30
0.0
  0
VERTEX
  5
173A
  8
0
 10
2.277629656235614
 20
-13.32785227173125
 30
0.0
  0
VERTEX
  5
173B
  8
0
 10
2.232946525254693
 20
-13.59366054331299
 30
0.0
  0
VERTEX
  5
173C
  8
0
 10
2.205201627498557
 20
-13.86135131886344
 30
0.0
  0
VERTEX
  5
173D
  8
0
 10
2.194345166424583
 20
-14.12999557140181
 30
0.0
  0
VERTEX
  5
173E
  8
0
 10
2.200327345490145
 20
-14.39866427394725
 30
0.0
  0
VERTEX
  5
173F
  8
0
 10
2.22309836815262
 20
-14.66642839951896
 30
0.0
  0
VERTEX
  5
1740
  8
0
 10
2.262608437869385
 20
-14.93235892113612
 30
0.0
  0
VERTEX
  5
1741
  8
0
 10
2.318807758097815
 20
-15.19552681181791
 30
0.0
  0
VERTEX
  5
1742
  8
0
 10
2.391646532295286
 20
-15.45500304458351
 30
0.0
  0
VERTEX
  5
1743
  8
0
 10
2.481074963919173
 20
-15.70985859245211
 30
0.0
  0
VERTEX
  5
1744
  8
0
 10
2.587043256426854
 20
-15.95916442844288
 30
0.0
  0
VERTEX
  5
1745
  8
0
 10
2.709501613275704
 20
-16.20199152557502
 30
0.0
  0
VERTEX
  5
1746
  8
0
 10
2.8484002379231
 20
-16.43741085686769
 30
0.0
  0
VERTEX
  5
1747
  8
0
 10
3.003689333826416
 20
-16.66449339534009
 30
0.0
  0
VERTEX
  5
1748
  8
0
 10
3.175319104443029
 20
-16.8823101140114
 30
0.0
  0
VERTEX
  5
1749
  8
0
 10
3.363239753230316
 20
-17.08993198590078
 30
0.0
  0
VERTEX
  5
174A
  8
0
 10
3.567401483645651
 20
-17.28642998402744
 30
0.0
  0
VERTEX
  5
174B
  8
0
 10
3.787754499146412
 20
-17.47087508141055
 30
0.0
  0
VERTEX
  5
174C
  8
0
 10
4.024249003189974
 20
-17.64233825106929
 30
0.0
  0
VERTEX
  5
174D
  8
0
 10
4.276835199233712
 20
-17.79989046602284
 30
0.0
  0
VERTEX
  5
174E
  8
0
 10
4.545463290735003
 20
-17.9426026992904
 30
0.0
  0
VERTEX
  5
174F
  8
0
 10
4.607233142089517
 20
-17.97523202819785
 30
0.0
  0
VERTEX
  5
1750
  8
0
 10
4.774815244085501
 20
-18.04763276077122
 30
0.0
  0
VERTEX
  5
1751
  8
0
 10
4.949367705105812
 20
-18.10940368008702
 30
0.0
  0
VERTEX
  5
1752
  8
0
 10
5.129891783751445
 20
-18.15966321557167
 30
0.0
  0
VERTEX
  5
1753
  8
0
 10
5.315251174315862
 20
-18.19765659424117
 30
0.0
  0
VERTEX
  5
1754
  8
0
 10
5.504192514352263
 20
-18.22278163849527
 30
0.0
  0
VERTEX
  5
1755
  8
0
 10
5.695371489075777
 20
-18.23461040671963
 30
0.0
  0
VERTEX
  5
1756
  8
0
 10
5.887383507900858
 20
-18.23290528996284
 30
0.0
  0
VERTEX
  5
1757
  8
0
 10
6.078797548460988
 20
-18.21762848156481
 30
0.0
  0
VERTEX
  5
1758
  8
0
 10
6.268191487727058
 20
-18.18894415388369
 30
0.0
  0
VERTEX
  5
1759
  8
0
 10
6.454187104058055
 20
-18.14721316651561
 30
0.0
  0
VERTEX
  5
175A
  8
0
 10
6.635482956536735
 20
-18.09298064149153
 30
0.0
  0
VERTEX
  5
175B
  8
0
 10
6.81088352631382
 20
-18.02695721726857
 30
0.0
  0
VERTEX
  5
175C
  8
0
 10
6.979323316039824
 20
-17.949995184602
 30
0.0
  0
VERTEX
  5
175D
  8
0
 10
7.13988500863913
 20
-17.86306097622028
 30
0.0
  0
VERTEX
  5
175E
  8
0
 10
7.291811237086513
 20
-17.76720560918064
 30
0.0
  0
VERTEX
  5
175F
  8
0
 10
7.437103575768456
 20
-17.66151631964946
 30
0.0
  0
VERTEX
  5
1760
  8
0
 10
7.577352108096467
 20
-17.54447035928859
 30
0.0
  0
VERTEX
  5
1761
  8
0
 10
7.71130194351725
 20
-17.41638122795653
 30
0.0
  0
VERTEX
  5
1762
  8
0
 10
7.837716948886191
 20
-17.27774275292536
 30
0.0
  0
VERTEX
  5
1763
  8
0
 10
7.955411492082196
 20
-17.12922913998536
 30
0.0
  0
VERTEX
  5
1764
  8
0
 10
8.063282668786513
 20
-16.97168831719998
 30
0.0
  0
VERTEX
  5
1765
  8
0
 10
8.160341365409835
 20
-16.80612839329982
 30
0.0
  0
VERTEX
  5
1766
  8
0
 10
8.24574046100599
 20
-16.63369751908412
 30
0.0
  0
VERTEX
  5
1767
  8
0
 10
8.31879856904437
 20
-16.45565791730841
 30
0.0
  0
VERTEX
  5
1768
  8
0
 10
8.379017966211691
 20
-16.27335528192076
 30
0.0
  0
VERTEX
  5
1769
  8
0
 10
8.426095729963526
 20
-16.08818509081315
 30
0.0
  0
VERTEX
  5
176A
  8
0
 10
8.459927571289498
 20
-15.90155758747064
 30
0.0
  0
VERTEX
  5
176B
  8
0
 10
8.480604353535245
 20
-15.71486324305288
 30
0.0
  0
VERTEX
  5
176C
  8
0
 10
8.488401777045693
 20
-15.52944040920055
 30
0.0
  0
VERTEX
  5
176D
  8
0
 10
8.483764131895633
 20
-15.34654663132248
 30
0.0
  0
VERTEX
  5
176E
  8
0
 10
8.467283337763341
 20
-15.167334746923
 30
0.0
  0
VERTEX
  5
176F
  8
0
 10
8.439053632939313
 20
-14.98960217651322
 30
0.0
  0
VERTEX
  5
1770
  8
0
 10
8.398440487139524
 20
-14.81123810036559
 30
0.0
  0
VERTEX
  5
1771
  8
0
 10
8.345154683983658
 20
-14.63350630047339
 30
0.0
  0
VERTEX
  5
1772
  8
0
 10
8.279075876261192
 20
-14.45773541614132
 30
0.0
  0
VERTEX
  5
1773
  8
0
 10
8.200267000351488
 20
-14.28529058827774
 30
0.0
  0
VERTEX
  5
1774
  8
0
 10
8.10898294400977
 20
-14.11754163560885
 30
0.0
  0
VERTEX
  5
1775
  8
0
 10
8.005672563666906
 20
-13.95582915467123
 30
0.0
  0
VERTEX
  5
1776
  8
0
 10
7.890973539478517
 20
-13.80143019138028
 30
0.0
  0
VERTEX
  5
1777
  8
0
 10
7.765700025063659
 20
-13.65552526029606
 30
0.0
  0
VERTEX
  5
1778
  8
0
 10
7.630823547581168
 20
-13.51916846459742
 30
0.0
  0
VERTEX
  5
1779
  8
0
 10
7.487448088660014
 20
-13.39326229032518
 30
0.0
  0
VERTEX
  5
177A
  8
0
 10
7.336780674919479
 20
-13.27853832858301
 30
0.0
  0
VERTEX
  5
177B
  8
0
 10
7.180099085065823
 20
-13.17554475388577
 30
0.0
  0
VERTEX
  5
177C
  8
0
 10
7.018718411823865
 20
-13.08464090392121
 30
0.0
  0
VERTEX
  5
177D
  8
0
 10
6.853958194282838
 20
-13.00599881939286
 30
0.0
  0
VERTEX
  5
177E
  8
0
 10
6.687111672624551
 20
-12.93961116314625
 30
0.0
  0
VERTEX
  5
177F
  8
0
 10
6.995643819440764
 20
-13.03986262792796
 30
0.0
  0
VERTEX
  5
1780
  8
0
 10
7.303956245096555
 20
-13.15371649325874
 30
0.0
  0
VERTEX
  5
1781
  8
0
 10
7.611221343713907
 20
-13.28139429017088
 30
0.0
  0
VERTEX
  5
1782
  8
0
 10
7.916575632645181
 20
-13.42305438079987
 30
0.0
  0
VERTEX
  5
1783
  8
0
 10
8.219125374440752
 20
-13.57878666725058
 30
0.0
  0
VERTEX
  5
1784
  8
0
 10
8.517953013991884
 20
-13.74860786154631
 30
0.0
  0
VERTEX
  5
1785
  8
0
 10
8.812124372007453
 20
-13.93245745343918
 30
0.0
  0
VERTEX
  5
1786
  8
0
 10
9.100696511066545
 20
-14.13019450690724
 30
0.0
  0
VERTEX
  5
1787
  8
0
 10
9.382726165981467
 20
-14.34159540522925
 30
0.0
  0
VERTEX
  5
1788
  8
0
 10
9.65727860718578
 20
-14.56635264855995
 30
0.0
  0
VERTEX
  5
1789
  8
0
 10
9.923436785451303
 20
-14.80407478712927
 30
0.0
  0
VERTEX
  5
178A
  8
0
 10
10.18031058953201
 20
-15.05428754803642
 30
0.0
  0
VERTEX
  5
178B
  8
0
 10
10.42704603633025
 20
-15.31643618484868
 30
0.0
  0
VERTEX
  5
178C
  8
0
 10
10.6628342067124
 20
-15.58988904784245
 30
0.0
  0
VERTEX
  5
178D
  8
0
 10
10.88691973976323
 20
-15.87394233993952
 30
0.0
  0
VERTEX
  5
178E
  8
0
 10
11.09860870436887
 20
-16.1678259905411
 30
0.0
  0
VERTEX
  5
178F
  8
0
 10
11.29727567954081
 20
-16.47071054795611
 30
0.0
  0
VERTEX
  5
1790
  8
0
 10
11.48236989348414
 20
-16.78171496235339
 30
0.0
  0
VERTEX
  5
1791
  8
0
 10
11.65342029538964
 20
-17.09991510642392
 30
0.0
  0
VERTEX
  5
1792
  8
0
 10
11.81003946231821
 20
-17.42435286131681
 30
0.0
  0
VERTEX
  5
1793
  8
0
 10
11.95192627513921
 20
-17.75404558174594
 30
0.0
  0
VERTEX
  5
1794
  8
0
 10
12.0788673309126
 20
-18.08799574697483
 30
0.0
  0
VERTEX
  5
1795
  8
0
 10
12.1907370929281
 20
-18.42520060385906
 30
0.0
  0
VERTEX
  5
1796
  8
0
 10
12.28749681240767
 20
-18.76466161409221
 30
0.0
  0
VERTEX
  5
1797
  8
0
 10
12.36919228631848
 20
-19.10539352977812
 30
0.0
  0
VERTEX
  5
1798
  8
0
 10
12.43595054268855
 20
-19.44643293867151
 30
0.0
  0
VERTEX
  5
1799
  8
0
 10
12.48797556735893
 20
-19.78684614190449
 30
0.0
  0
VERTEX
  5
179A
  8
0
 10
12.52554320361195
 20
-20.12573625161717
 30
0.0
  0
VERTEX
  5
179B
  8
0
 10
12.54899536824462
 20
-20.46224942243339
 30
0.0
  0
VERTEX
  5
179C
  8
0
 10
12.55873373435449
 20
-20.79558015797225
 30
0.0
  0
VERTEX
  5
179D
  8
0
 10
12.55521303258182
 20
-21.12497566044048
 30
0.0
  0
VERTEX
  5
179E
  8
0
 10
12.53893411923959
 20
-21.44973921681506
 30
0.0
  0
VERTEX
  5
179F
  8
0
 10
12.16814198739697
 20
-21.50934179741004
 30
0.0
  0
VERTEX
  5
17A0
  8
0
 10
11.79809425998269
 20
-21.58125247665983
 30
0.0
  0
VERTEX
  5
17A1
  8
0
 10
11.42939587711565
 20
-21.66548431226155
 30
0.0
  0
VERTEX
  5
17A2
  8
0
 10
11.06265524187732
 20
-21.76201067002397
 30
0.0
  0
VERTEX
  5
17A3
  8
0
 10
10.69848098508954
 20
-21.87076477809252
 30
0.0
  0
VERTEX
  5
17A4
  8
0
 10
10.33747867574241
 20
-21.99163959962279
 30
0.0
  0
VERTEX
  5
17A5
  8
0
 10
9.980247513544485
 20
-22.12448803078081
 30
0.0
  0
VERTEX
  5
17A6
  8
0
 10
9.627377040970757
 20
-22.26912342613454
 30
0.0
  0
VERTEX
  5
17A7
  8
0
 10
9.27944391237402
 20
-22.42532044856538
 30
0.0
  0
VERTEX
  5
17A8
  8
0
 10
8.937008757185863
 20
-22.59281623588783
 30
0.0
  0
VERTEX
  5
17A9
  8
0
 10
8.60061317297055
 20
-22.77131187154176
 30
0.0
  0
VERTEX
  5
17AA
  8
0
 10
8.270776882134452
 20
-22.96047414213042
 30
0.0
  0
VERTEX
  5
17AB
  8
0
 10
7.947995083483631
 20
-23.15993756033191
 30
0.0
  0
VERTEX
  5
17AC
  8
0
 10
7.632736026628317
 20
-23.36930662791065
 30
0.0
  0
VERTEX
  5
17AD
  8
0
 10
7.325438833539452
 20
-23.58815831028687
 30
0.0
  0
VERTEX
  5
17AE
  8
0
 10
7.02651158746462
 20
-23.8160446914551
 30
0.0
  0
VERTEX
  5
17AF
  8
0
 10
7.013144879377212
 20
-23.57433213137057
 30
0.0
  0
VERTEX
  5
17B0
  8
0
 10
6.984841374782553
 20
-23.33061658244621
 30
0.0
  0
VERTEX
  5
17B1
  8
0
 10
6.94119481339933
 20
-23.08626057655131
 30
0.0
  0
VERTEX
  5
17B2
  8
0
 10
6.88196242537768
 20
-22.84269923275026
 30
0.0
  0
VERTEX
  5
17B3
  8
0
 10
6.807078780251969
 20
-22.60141554439383
 30
0.0
  0
VERTEX
  5
17B4
  8
0
 10
6.716665123572147
 20
-22.36391273220228
 30
0.0
  0
VERTEX
  5
17B5
  8
0
 10
6.665724608126358
 20
-22.24704718022182
 30
0.0
  0
VERTEX
  5
17B6
  8
0
 10
6.611033519265381
 20
-22.13168464765488
 30
0.0
  0
VERTEX
  5
17B7
  8
0
 10
6.552660436880554
 20
-22.01800541265117
 30
0.0
  0
VERTEX
  5
17B8
  8
0
 10
6.490685365288262
 20
-21.90618538476395
 30
0.0
  0
VERTEX
  5
17B9
  8
0
 10
6.425199372855495
 20
-21.79639520100716
 30
0.0
  0
VERTEX
  5
17BA
  8
0
 10
6.356304146876251
 20
-21.68879935904624
 30
0.0
  0
VERTEX
  5
17BB
  8
0
 10
6.284111468255507
 20
-21.58355539675225
 30
0.0
  0
VERTEX
  5
17BC
  8
0
 10
6.208742611686021
 20
-21.48081312669675
 30
0.0
  0
VERTEX
  5
17BD
  8
0
 10
6.049004866485012
 20
-21.28339013987753
 30
0.0
  0
VERTEX
  5
17BE
  8
0
 10
5.878224177491043
 20
-21.09754947073642
 30
0.0
  0
VERTEX
  5
17BF
  8
0
 10
5.697637480980165
 20
-20.92414930173312
 30
0.0
  0
VERTEX
  5
17C0
  8
0
 10
5.508557758814125
 20
-20.76387569507157
 30
0.0
  0
VERTEX
  5
17C1
  8
0
 10
5.312345495219951
 20
-20.61723684607572
 30
0.0
  0
VERTEX
  5
17C2
  8
0
 10
5.110380406131956
 20
-20.48456272179697
 30
0.0
  0
VERTEX
  5
17C3
  8
0
 10
4.900829415432036
 20
-20.36429443966445
 30
0.0
  0
VERTEX
  5
17C4
  8
0
 10
4.681475307989041
 20
-20.25550133089027
 30
0.0
  0
VERTEX
  5
17C5
  8
0
 10
4.453237284686473
 20
-20.159266480259
 30
0.0
  0
VERTEX
  5
17C6
  8
0
 10
4.217184244256522
 20
-20.07657493657974
 30
0.0
  0
VERTEX
  5
17C7
  8
0
 10
3.974521637185345
 20
-20.0082886168644
 30
0.0
  0
VERTEX
  5
17C8
  8
0
 10
3.726573409186924
 20
-19.95512340995921
 30
0.0
  0
VERTEX
  5
17C9
  8
0
 10
3.601057861173847
 20
-19.93439010469192
 30
0.0
  0
VERTEX
  5
17CA
  8
0
 10
3.474759486935687
 20
-19.9176295888427
 30
0.0
  0
VERTEX
  5
17CB
  8
0
 10
3.347866466507726
 20
-19.9048822592326
 30
0.0
  0
VERTEX
  5
17CC
  8
0
 10
3.220569539916323
 20
-19.89617652545684
 30
0.0
  0
VERTEX
  5
17CD
  8
0
 10
3.093061054635169
 20
-19.89152862121229
 30
0.0
  0
VERTEX
  5
17CE
  8
0
 10
2.965533998006074
 20
-19.8909425071206
 30
0.0
  0
VERTEX
  5
17CF
  8
0
 10
2.838181024827536
 20
-19.89440986623559
 30
0.0
  0
VERTEX
  5
17D0
  8
0
 10
2.711193490382492
 20
-19.9019101921193
 30
0.0
  0
VERTEX
  5
17D1
  8
0
 10
2.459067978417277
 20
-19.92886793483541
 30
0.0
  0
VERTEX
  5
17D2
  8
0
 10
2.210626872236204
 20
-19.97141688434024
 30
0.0
  0
VERTEX
  5
17D3
  8
0
 10
1.967261346089276
 20
-20.02898344362095
 30
0.0
  0
VERTEX
  5
17D4
  8
0
 10
1.730259909898952
 20
-20.10083639714606
 30
0.0
  0
VERTEX
  5
17D5
  8
0
 10
1.500788070195561
 20
-20.18610779502866
 30
0.0
  0
VERTEX
  5
17D6
  8
0
 10
1.279872646007609
 20
-20.28381653793775
 30
0.0
  0
VERTEX
  5
17D7
  8
0
 10
1.428760563294357
 20
-20.63272202478979
 30
0.0
  0
VERTEX
  5
17D8
  8
0
 10
1.497333881954907
 20
-20.80907953792003
 30
0.0
  0
VERTEX
  5
17D9
  8
0
 10
1.55886243263429
 20
-20.98772277469712
 30
0.0
  0
VERTEX
  5
17DA
  8
0
 10
1.613187578925481
 20
-21.17572413693838
 30
0.0
  0
VERTEX
  5
17DB
  8
0
 10
1.658052220563945
 20
-21.36651626332143
 30
0.0
  0
VERTEX
  5
17DC
  8
0
 10
1.69406927031186
 20
-21.55962152810562
 30
0.0
  0
VERTEX
  5
17DD
  8
0
 10
1.721851640931404
 20
-21.7545623055503
 30
0.0
  0
VERTEX
  5
17DE
  8
0
 10
1.742012245184758
 20
-21.95086096991483
 30
0.0
  0
VERTEX
  5
17DF
  8
0
 10
1.755163995834098
 20
-22.14803989545855
 30
0.0
  0
VERTEX
  5
17E0
  8
0
 10
1.761919805641602
 20
-22.34562145644082
 30
0.0
  0
VERTEX
  5
17E1
  8
0
 10
1.762892587369449
 20
-22.543128027121
 30
0.0
  0
VERTEX
  5
17E2
  8
0
 10
1.751926517113858
 20
-22.89365990657347
 30
0.0
  0
VERTEX
  5
17E3
  8
0
 10
1.726278618566482
 20
-23.24255060345282
 30
0.0
  0
VERTEX
  5
17E4
  8
0
 10
1.687664672340861
 20
-23.58991161983362
 30
0.0
  0
VERTEX
  5
17E5
  8
0
 10
1.637800459050532
 20
-23.93585445779048
 30
0.0
  0
VERTEX
  5
17E6
  8
0
 10
1.578401759309031
 20
-24.28049061939796
 30
0.0
  0
VERTEX
  5
17E7
  8
0
 10
1.511184353729896
 20
-24.62393160673065
 30
0.0
  0
VERTEX
  5
17E8
  8
0
 10
1.437864022926662
 20
-24.96628892186312
 30
0.0
  0
VERTEX
  5
17E9
  8
0
 10
1.360156547512872
 20
-25.30767406686996
 30
0.0
  0
VERTEX
  5
17EA
  8
0
 10
1.209912740351039
 20
-25.9333765790896
 30
0.0
  0
VERTEX
  5
17EB
  8
0
 10
1.051760958026388
 20
-26.55653127619359
 30
0.0
  0
VERTEX
  5
17EC
  8
0
 10
0.8868309112763157
 20
-27.1775021317699
 30
0.0
  0
VERTEX
  5
17ED
  8
0
 10
0.7162523108382179
 20
-27.79665311940649
 30
0.0
  0
VERTEX
  5
17EE
  8
0
 10
0.3626682918475278
 20
-29.03095138521233
 30
0.0
  0
SEQEND
  5
17EF
  8
0
  0
POLYLINE
  5
6A
  8
0
 66
     1
 10
0.0
 20
0.0
 30
0.0
 70
     1
  0
VERTEX
  5
17F0
  8
0
 10
-24.77739570620944
 20
-17.97923798913885
 30
0.0
  0
VERTEX
  5
17F1
  8
0
 10
-25.52637793913039
 20
-18.0526950496843
 30
0.0
  0
VERTEX
  5
17F2
  8
0
 10
-26.27669951397132
 20
-18.1041851862427
 30
0.0
  0
VERTEX
  5
17F3
  8
0
 10
-27.02788086881571
 20
-18.1337105795324
 30
0.0
  0
VERTEX
  5
17F4
  8
0
 10
-27.77944244174708
 20
-18.14127341027176
 30
0.0
  0
VERTEX
  5
17F5
  8
0
 10
-28.5309046708489
 20
-18.12687585917914
 30
0.0
  0
VERTEX
  5
17F6
  8
0
 10
-29.28178799420468
 20
-18.09052010697289
 30
0.0
  0
VERTEX
  5
17F7
  8
0
 10
-30.03161284989791
 20
-18.03220833437136
 30
0.0
  0
VERTEX
  5
17F8
  8
0
 10
-30.77989967601208
 20
-17.95194272209291
 30
0.0
  0
VERTEX
  5
17F9
  8
0
 10
-30.75094272334053
 20
-18.14681442868766
 30
0.0
  0
VERTEX
  5
17FA
  8
0
 10
-30.73257971100468
 20
-18.34063728501012
 30
0.0
  0
VERTEX
  5
17FB
  8
0
 10
-30.72458600008853
 20
-18.53311462537361
 30
0.0
  0
VERTEX
  5
17FC
  8
0
 10
-30.72673695167606
 20
-18.72394978409138
 30
0.0
  0
VERTEX
  5
17FD
  8
0
 10
-30.73880792685127
 20
-18.91284609547676
 30
0.0
  0
VERTEX
  5
17FE
  8
0
 10
-30.76057428669816
 20
-19.09950689384301
 30
0.0
  0
VERTEX
  5
17FF
  8
0
 10
-30.79181139230071
 20
-19.28363551350345
 30
0.0
  0
VERTEX
  5
1800
  8
0
 10
-30.83229460474292
 20
-19.46493528877134
 30
0.0
  0
VERTEX
  5
1801
  8
0
 10
-30.88179928510878
 20
-19.64310955396
 30
0.0
  0
VERTEX
  5
1802
  8
0
 10
-30.94010079448227
 20
-19.81786164338271
 30
0.0
  0
VERTEX
  5
1803
  8
0
 10
-31.00697449394741
 20
-19.98889489135276
 30
0.0
  0
VERTEX
  5
1804
  8
0
 10
-31.08219574458817
 20
-20.15591263218344
 30
0.0
  0
VERTEX
  5
1805
  8
0
 10
-31.16553990748854
 20
-20.31861820018806
 30
0.0
  0
VERTEX
  5
1806
  8
0
 10
-31.25678234373254
 20
-20.47671492967989
 30
0.0
  0
VERTEX
  5
1807
  8
0
 10
-31.35569841440413
 20
-20.62990615497223
 30
0.0
  0
VERTEX
  5
1808
  8
0
 10
-31.46206348058731
 20
-20.77789521037837
 30
0.0
  0
VERTEX
  5
1809
  8
0
 10
-31.57565290336609
 20
-20.9203854302116
 30
0.0
  0
VERTEX
  5
180A
  8
0
 10
-31.69624204382445
 20
-21.05708014878521
 30
0.0
  0
VERTEX
  5
180B
  8
0
 10
-31.82360626304638
 20
-21.18768270041251
 30
0.0
  0
VERTEX
  5
180C
  8
0
 10
-31.95752092211587
 20
-21.31189641940677
 30
0.0
  0
VERTEX
  5
180D
  8
0
 10
-32.09776138211692
 20
-21.42942464008129
 30
0.0
  0
VERTEX
  5
180E
  8
0
 10
-32.24410300413352
 20
-21.53997069674936
 30
0.0
  0
VERTEX
  5
180F
  8
0
 10
-32.39632114924966
 20
-21.64323792372427
 30
0.0
  0
VERTEX
  5
1810
  8
0
 10
-32.55419117854932
 20
-21.73892965531932
 30
0.0
  0
VERTEX
  5
1811
  8
0
 10
-32.71748845311652
 20
-21.8267492258478
 30
0.0
  0
VERTEX
  5
1812
  8
0
 10
-32.88598833403523
 20
-21.90639996962299
 30
0.0
  0
VERTEX
  5
1813
  8
0
 10
-33.05946618238946
 20
-21.97758522095819
 30
0.0
  0
VERTEX
  5
1814
  8
0
 10
-33.23769735926319
 20
-22.04000831416669
 30
0.0
  0
VERTEX
  5
1815
  8
0
 10
-33.42045722574042
 20
-22.09337258356179
 30
0.0
  0
VERTEX
  5
1816
  8
0
 10
-33.60752114290514
 20
-22.13738136345677
 30
0.0
  0
VERTEX
  5
1817
  8
0
 10
-33.79866447184133
 20
-22.17173798816493
 30
0.0
  0
VERTEX
  5
1818
  8
0
 10
-33.99366257363299
 20
-22.19614579199955
 30
0.0
  0
VERTEX
  5
1819
  8
0
 10
-33.73416367778481
 20
-22.23338366103616
 30
0.0
  0
VERTEX
  5
181A
  8
0
 10
-33.48897639486205
 20
-22.29105063808795
 30
0.0
  0
VERTEX
  5
181B
  8
0
 10
-33.25823331703688
 20
-22.36790105570638
 30
0.0
  0
VERTEX
  5
181C
  8
0
 10
-33.04206703648148
 20
-22.46268924644288
 30
0.0
  0
VERTEX
  5
181D
  8
0
 10
-32.840610145368
 20
-22.57416954284894
 30
0.0
  0
VERTEX
  5
181E
  8
0
 10
-32.6539952358686
 20
-22.70109627747599
 30
0.0
  0
VERTEX
  5
181F
  8
0
 10
-32.48235490015544
 20
-22.8422237828755
 30
0.0
  0
VERTEX
  5
1820
  8
0
 10
-32.32582173040069
 20
-22.99630639159892
 30
0.0
  0
VERTEX
  5
1821
  8
0
 10
-32.1845283187765
 20
-23.1620984361977
 30
0.0
  0
VERTEX
  5
1822
  8
0
 10
-32.05860725745505
 20
-23.33835424922331
 30
0.0
  0
VERTEX
  5
1823
  8
0
 10
-31.94819113860849
 20
-23.52382816322719
 30
0.0
  0
VERTEX
  5
1824
  8
0
 10
-31.85341255440899
 20
-23.71727451076081
 30
0.0
  0
VERTEX
  5
1825
  8
0
 10
-31.77440409702871
 20
-23.91744762437562
 30
0.0
  0
VERTEX
  5
1826
  8
0
 10
-31.71129835863981
 20
-24.12310183662306
 30
0.0
  0
VERTEX
  5
1827
  8
0
 10
-31.66422793141446
 20
-24.33299148005461
 30
0.0
  0
VERTEX
  5
1828
  8
0
 10
-31.63332540752481
 20
-24.54587088722171
 30
0.0
  0
VERTEX
  5
1829
  8
0
 10
-31.61872337914303
 20
-24.76049439067582
 30
0.0
  0
VERTEX
  5
182A
  8
0
 10
-31.62055443844129
 20
-24.97561632296839
 30
0.0
  0
VERTEX
  5
182B
  8
0
 10
-31.63895117759174
 20
-25.18999101665089
 30
0.0
  0
VERTEX
  5
182C
  8
0
 10
-31.67404618876655
 20
-25.40237280427476
 30
0.0
  0
VERTEX
  5
182D
  8
0
 10
-31.72597206413788
 20
-25.61151601839147
 30
0.0
  0
VERTEX
  5
182E
  8
0
 10
-31.79486139587789
 20
-25.81617499155246
 30
0.0
  0
VERTEX
  5
182F
  8
0
 10
-31.88084677615875
 20
-26.0151040563092
 30
0.0
  0
VERTEX
  5
1830
  8
0
 10
-31.98406079715262
 20
-26.20705754521313
 30
0.0
  0
VERTEX
  5
1831
  8
0
 10
-32.10463605103166
 20
-26.39078979081572
 30
0.0
  0
VERTEX
  5
1832
  8
0
 10
-32.24270512996803
 20
-26.56505512566842
 30
0.0
  0
VERTEX
  5
1833
  8
0
 10
-32.3984006261339
 20
-26.72860788232268
 30
0.0
  0
VERTEX
  5
1834
  8
0
 10
-32.57185513170143
 20
-26.88020239332997
 30
0.0
  0
VERTEX
  5
1835
  8
0
 10
-32.76320123884278
 20
-27.01859299124173
 30
0.0
  0
VERTEX
  5
1836
  8
0
 10
-32.9725715397301
 20
-27.14253400860941
 30
0.0
  0
VERTEX
  5
1837
  8
0
 10
-33.20009862653558
 20
-27.25077977798449
 30
0.0
  0
VERTEX
  5
1838
  8
0
 10
-33.44591509143137
 20
-27.34208463191841
 30
0.0
  0
VERTEX
  5
1839
  8
0
 10
-32.98610579037583
 20
-27.22478598261968
 30
0.0
  0
VERTEX
  5
183A
  8
0
 10
-32.53216171667758
 20
-27.08855985198934
 30
0.0
  0
VERTEX
  5
183B
  8
0
 10
-32.08465154054662
 20
-26.93364384756793
 30
0.0
  0
VERTEX
  5
183C
  8
0
 10
-31.64414393219295
 20
-26.76027557689597
 30
0.0
  0
VERTEX
  5
183D
  8
0
 10
-31.21120756182658
 20
-26.568692647514
 30
0.0
  0
VERTEX
  5
183E
  8
0
 10
-30.78641109965749
 20
-26.35913266696256
 30
0.0
  0
VERTEX
  5
183F
  8
0
 10
-30.37032321589571
 20
-26.13183324278216
 30
0.0
  0
VERTEX
  5
1840
  8
0
 10
-29.96351258075122
 20
-25.88703198251335
 30
0.0
  0
VERTEX
  5
1841
  8
0
 10
-30.03373056312218
 20
-25.72323090223111
 30
0.0
  0
VERTEX
  5
1842
  8
0
 10
-30.08806589279406
 20
-25.55992398565952
 30
0.0
  0
VERTEX
  5
1843
  8
0
 10
-30.12709601024714
 20
-25.39762362675952
 30
0.0
  0
VERTEX
  5
1844
  8
0
 10
-30.15139835596173
 20
-25.23684221949205
 30
0.0
  0
VERTEX
  5
1845
  8
0
 10
-30.16155037041812
 20
-25.07809215781808
 30
0.0
  0
VERTEX
  5
1846
  8
0
 10
-30.15812949409661
 20
-24.92188583569854
 30
0.0
  0
VERTEX
  5
1847
  8
0
 10
-30.14171316747748
 20
-24.76873564709439
 30
0.0
  0
VERTEX
  5
1848
  8
0
 10
-30.11287883104103
 20
-24.61915398596657
 30
0.0
  0
VERTEX
  5
1849
  8
0
 10
-30.07220392526756
 20
-24.47365324627603
 30
0.0
  0
VERTEX
  5
184A
  8
0
 10
-30.02026589063735
 20
-24.33274582198373
 30
0.0
  0
VERTEX
  5
184B
  8
0
 10
-29.95764216763072
 20
-24.19694410705061
 30
0.0
  0
VERTEX
  5
184C
  8
0
 10
-29.88491019672794
 20
-24.06676049543761
 30
0.0
  0
VERTEX
  5
184D
  8
0
 10
-29.80264741840931
 20
-23.94270738110569
 30
0.0
  0
VERTEX
  5
184E
  8
0
 10
-29.71143127315512
 20
-23.82529715801581
 30
0.0
  0
VERTEX
  5
184F
  8
0
 10
-29.61183920144568
 20
-23.71504222012889
 30
0.0
  0
VERTEX
  5
1850
  8
0
 10
-29.50444864376126
 20
-23.61245496140591
 30
0.0
  0
VERTEX
  5
1851
  8
0
 10
-29.38983704058217
 20
-23.51804777580779
 30
0.0
  0
VERTEX
  5
1852
  8
0
 10
-29.26858183238871
 20
-23.4323330572955
 30
0.0
  0
VERTEX
  5
1853
  8
0
 10
-29.14126045966117
 20
-23.35582319982998
 30
0.0
  0
VERTEX
  5
1854
  8
0
 10
-29.00845036287983
 20
-23.28903059737218
 30
0.0
  0
VERTEX
  5
1855
  8
0
 10
-28.870728982525
 20
-23.23246764388304
 30
0.0
  0
VERTEX
  5
1856
  8
0
 10
-28.72867375907697
 20
-23.18664673332352
 30
0.0
  0
VERTEX
  5
1857
  8
0
 10
-28.58286213301603
 20
-23.15208025965457
 30
0.0
  0
VERTEX
  5
1858
  8
0
 10
-28.43387154482247
 20
-23.12928061683714
 30
0.0
  0
VERTEX
  5
1859
  8
0
 10
-28.2822794349766
 20
-23.11876019883216
 30
0.0
  0
VERTEX
  5
185A
  8
0
 10
-28.1286632439587
 20
-23.1210313996006
 30
0.0
  0
VERTEX
  5
185B
  8
0
 10
-27.97360041224906
 20
-23.1366066131034
 30
0.0
  0
VERTEX
  5
185C
  8
0
 10
-27.81766838032799
 20
-23.16599823330152
 30
0.0
  0
VERTEX
  5
185D
  8
0
 10
-27.66144458867578
 20
-23.20971865415589
 30
0.0
  0
VERTEX
  5
185E
  8
0
 10
-27.50550647777272
 20
-23.26828026962747
 30
0.0
  0
VERTEX
  5
185F
  8
0
 10
-27.3504314880991
 20
-23.3421954736772
 30
0.0
  0
VERTEX
  5
1860
  8
0
 10
-27.19679706013522
 20
-23.43197666026604
 30
0.0
  0
VERTEX
  5
1861
  8
0
 10
-26.96290030517581
 20
-23.13399902813376
 30
0.0
  0
VERTEX
  5
1862
  8
0
 10
-26.7394413541975
 20
-22.82898986244075
 30
0.0
  0
VERTEX
  5
1863
  8
0
 10
-26.52654593978545
 20
-22.51723253366965
 30
0.0
  0
VERTEX
  5
1864
  8
0
 10
-26.32433979452484
 20
-22.19901041230309
 30
0.0
  0
VERTEX
  5
1865
  8
0
 10
-26.13294865100081
 20
-21.8746068688237
 30
0.0
  0
VERTEX
  5
1866
  8
0
 10
-25.95249824179856
 20
-21.54430527371414
 30
0.0
  0
VERTEX
  5
1867
  8
0
 10
-25.78311429950323
 20
-21.20838899745704
 30
0.0
  0
VERTEX
  5
1868
  8
0
 10
-25.62492255669999
 20
-20.86714141053503
 30
0.0
  0
VERTEX
  5
1869
  8
0
 10
-25.47804874597401
 20
-20.52084588343075
 30
0.0
  0
VERTEX
  5
186A
  8
0
 10
-25.34261859991047
 20
-20.16978578662685
 30
0.0
  0
VERTEX
  5
186B
  8
0
 10
-25.21875785109451
 20
-19.81424449060594
 30
0.0
  0
VERTEX
  5
186C
  8
0
 10
-25.10659223211132
 20
-19.45450536585069
 30
0.0
  0
VERTEX
  5
186D
  8
0
 10
-25.00624747554605
 20
-19.09085178284371
 30
0.0
  0
VERTEX
  5
186E
  8
0
 10
-24.91784931398387
 20
-18.72356711206765
 30
0.0
  0
VERTEX
  5
186F
  8
0
 10
-24.84152348000994
 20
-18.35293472400516
 30
0.0
  0
SEQEND
  5
1870
  8
0
  0
POLYLINE
  5
6B
  8
0
 66
     1
 10
0.0
 20
0.0
 30
0.0
 70
     1
  0
VERTEX
  5
1871
  8
0
 10
-17.99257901457167
 20
-24.79817226840086
 30
0.0
  0
VERTEX
  5
1872
  8
0
 10
-18.06765880974784
 20
-25.54892049869342
 30
0.0
  0
VERTEX
  5
1873
  8
0
 10
-18.1208319153175
 20
-26.30106472966402
 30
0.0
  0
VERTEX
  5
1874
  8
0
 10
-18.15209934530375
 20
-27.05412414950562
 30
0.0
  0
VERTEX
  5
1875
  8
0
 10
-18.16146211372969
 20
-27.80761794641114
 30
0.0
  0
VERTEX
  5
1876
  8
0
 10
-18.14892123461842
 20
-28.56106530857355
 30
0.0
  0
VERTEX
  5
1877
  8
0
 10
-18.11447772199304
 20
-29.31398542418577
 30
0.0
  0
VERTEX
  5
1878
  8
0
 10
-18.05813258987664
 20
-30.06589748144076
 30
0.0
  0
VERTEX
  5
1879
  8
0
 10
-17.97988685229232
 20
-30.81632066853147
 30
0.0
  0
VERTEX
  5
187A
  8
0
 10
-18.17418287079901
 20
-30.78681677188006
 30
0.0
  0
VERTEX
  5
187B
  8
0
 10
-18.36745840853836
 20
-30.76793684941024
 30
0.0
  0
VERTEX
  5
187C
  8
0
 10
-18.55941702564456
 20
-30.75945639743762
 30
0.0
  0
VERTEX
  5
187D
  8
0
 10
-18.7497622822518
 20
-30.76115091227781
 30
0.0
  0
VERTEX
  5
187E
  8
0
 10
-18.93819773849427
 20
-30.77279589024645
 30
0.0
  0
VERTEX
  5
187F
  8
0
 10
-19.12442695450615
 20
-30.79416682765913
 30
0.0
  0
VERTEX
  5
1880
  8
0
 10
-19.30815349042163
 20
-30.8250392208315
 30
0.0
  0
VERTEX
  5
1881
  8
0
 10
-19.48908090637491
 20
-30.86518856607915
 30
0.0
  0
VERTEX
  5
1882
  8
0
 10
-19.66691276250015
 20
-30.91439035971771
 30
0.0
  0
VERTEX
  5
1883
  8
0
 10
-19.84135261893157
 20
-30.9724200980628
 30
0.0
  0
VERTEX
  5
1884
  8
0
 10
-20.01210403580333
 20
-31.03905327743004
 30
0.0
  0
VERTEX
  5
1885
  8
0
 10
-20.17887057324964
 20
-31.11406539413504
 30
0.0
  0
VERTEX
  5
1886
  8
0
 10
-20.34135579140468
 20
-31.19723194449342
 30
0.0
  0
VERTEX
  5
1887
  8
0
 10
-20.49926325040264
 20
-31.2883284248208
 30
0.0
  0
VERTEX
  5
1888
  8
0
 10
-20.6522965103777
 20
-31.3871303314328
 30
0.0
  0
VERTEX
  5
1889
  8
0
 10
-20.80015913146405
 20
-31.49341316064503
 30
0.0
  0
VERTEX
  5
188A
  8
0
 10
-20.94255467379588
 20
-31.60695240877313
 30
0.0
  0
VERTEX
  5
188B
  8
0
 10
-21.07918669750739
 20
-31.72752357213268
 30
0.0
  0
VERTEX
  5
188C
  8
0
 10
-21.20975876273274
 20
-31.85490214703934
 30
0.0
  0
VERTEX
  5
188D
  8
0
 10
-21.33397442960614
 20
-31.9888636298087
 30
0.0
  0
VERTEX
  5
188E
  8
0
 10
-21.45153725826178
 20
-32.12918351675638
 30
0.0
  0
VERTEX
  5
188F
  8
0
 10
-21.56215080883383
 20
-32.27563730419802
 30
0.0
  0
VERTEX
  5
1890
  8
0
 10
-21.66551864145649
 20
-32.42800048844921
 30
0.0
  0
VERTEX
  5
1891
  8
0
 10
-21.76134431626395
 20
-32.58604856582559
 30
0.0
  0
VERTEX
  5
1892
  8
0
 10
-21.84933139339039
 20
-32.74955703264277
 30
0.0
  0
VERTEX
  5
1893
  8
0
 10
-21.92918343297001
 20
-32.91830138521637
 30
0.0
  0
VERTEX
  5
1894
  8
0
 10
-22.00060399513698
 20
-33.09205711986199
 30
0.0
  0
VERTEX
  5
1895
  8
0
 10
-22.0632966400255
 20
-33.27059973289528
 30
0.0
  0
VERTEX
  5
1896
  8
0
 10
-22.11696492776976
 20
-33.45370472063183
 30
0.0
  0
VERTEX
  5
1897
  8
0
 10
-22.16131241850394
 20
-33.64114757938728
 30
0.0
  0
VERTEX
  5
1898
  8
0
 10
-22.19604267236223
 20
-33.83270380547724
 30
0.0
  0
VERTEX
  5
1899
  8
0
 10
-22.22085924947882
 20
-34.02814889521731
 30
0.0
  0
VERTEX
  5
189A
  8
0
 10
-22.25737225060566
 20
-33.76788636548211
 30
0.0
  0
VERTEX
  5
189B
  8
0
 10
-22.31429600668574
 20
-33.52192313207544
 30
0.0
  0
VERTEX
  5
189C
  8
0
 10
-22.39038840308595
 20
-33.29039514709496
 30
0.0
  0
VERTEX
  5
189D
  8
0
 10
-22.48440732517313
 20
-33.07343836263833
 30
0.0
  0
VERTEX
  5
189E
  8
0
 10
-22.59511065831414
 20
-32.87118873080323
 30
0.0
  0
VERTEX
  5
189F
  8
0
 10
-22.72125628787582
 20
-32.68378220368734
 30
0.0
  0
VERTEX
  5
18A0
  8
0
 10
-22.86160209922505
 20
-32.51135473338836
 30
0.0
  0
VERTEX
  5
18A1
  8
0
 10
-23.01490597772866
 20
-32.35404227200394
 30
0.0
  0
VERTEX
  5
18A2
  8
0
 10
-23.17992580875352
 20
-32.21198077163176
 30
0.0
  0
VERTEX
  5
18A3
  8
0
 10
-23.35541947766649
 20
-32.0853061843695
 30
0.0
  0
VERTEX
  5
18A4
  8
0
 10
-23.54014486983441
 20
-31.97415446231484
 30
0.0
  0
VERTEX
  5
18A5
  8
0
 10
-23.73285987062415
 20
-31.87866155756544
 30
0.0
  0
VERTEX
  5
18A6
  8
0
 10
-23.93232236540256
 20
-31.798963422219
 30
0.0
  0
VERTEX
  5
18A7
  8
0
 10
-24.1372902395365
 20
-31.73519600837318
 30
0.0
  0
VERTEX
  5
18A8
  8
0
 10
-24.34652137839281
 20
-31.68749526812566
 30
0.0
  0
VERTEX
  5
18A9
  8
0
 10
-24.55877366733836
 20
-31.65599715357412
 30
0.0
  0
VERTEX
  5
18AA
  8
0
 10
-24.77280499174
 20
-31.64083761681623
 30
0.0
  0
VERTEX
  5
18AB
  8
0
 10
-24.98737323696459
 20
-31.64215260994967
 30
0.0
  0
VERTEX
  5
18AC
  8
0
 10
-25.20123628837897
 20
-31.66007808507212
 30
0.0
  0
VERTEX
  5
18AD
  8
0
 10
-25.41315203135002
 20
-31.69474999428125
 30
0.0
  0
VERTEX
  5
18AE
  8
0
 10
-25.62187835124457
 20
-31.74630428967473
 30
0.0
  0
VERTEX
  5
18AF
  8
0
 10
-25.8261731334295
 20
-31.81487692335025
 30
0.0
  0
VERTEX
  5
18B0
  8
0
 10
-26.02479426327164
 20
-31.90060384740549
 30
0.0
  0
VERTEX
  5
18B1
  8
0
 10
-26.21649962613787
 20
-32.00362101393812
 30
0.0
  0
VERTEX
  5
18B2
  8
0
 10
-26.40004710739503
 20
-32.1240643750458
 30
0.0
  0
VERTEX
  5
18B3
  8
0
 10
-26.57419459240997
 20
-32.26206988282624
 30
0.0
  0
VERTEX
  5
18B4
  8
0
 10
-26.73769996654957
 20
-32.41777348937708
 30
0.0
  0
VERTEX
  5
18B5
  8
0
 10
-26.88932111518066
 20
-32.59131114679602
 30
0.0
  0
VERTEX
  5
18B6
  8
0
 10
-27.02781592367011
 20
-32.78281880718072
 30
0.0
  0
VERTEX
  5
18B7
  8
0
 10
-27.15194227738478
 20
-32.99243242262888
 30
0.0
  0
VERTEX
  5
18B8
  8
0
 10
-27.2604580616915
 20
-33.22028794523816
 30
0.0
  0
VERTEX
  5
18B9
  8
0
 10
-27.35212116195715
 20
-33.46652132710624
 30
0.0
  0
VERTEX
  5
18BA
  8
0
 10
-27.23401362083159
 20
-33.00580266368664
 30
0.0
  0
VERTEX
  5
18BB
  8
0
 10
-27.09704190445447
 20
-32.55101027384408
 30
0.0
  0
VERTEX
  5
18BC
  8
0
 10
-26.94144438068078
 20
-32.1027137284062
 30
0.0
  0
VERTEX
  5
18BD
  8
0
 10
-26.7674594173655
 20
-31.66148259820058
 30
0.0
  0
VERTEX
  5
18BE
  8
0
 10
-26.57532538236362
 20
-31.22788645405482
 30
0.0
  0
VERTEX
  5
18BF
  8
0
 10
-26.36528064353013
 20
-30.80249486679653
 30
0.0
  0
VERTEX
  5
18C0
  8
0
 10
-26.13756356872002
 20
-30.38587740725329
 30
0.0
  0
VERTEX
  5
18C1
  8
0
 10
-25.89241252578827
 20
-29.97860364625273
 30
0.0
  0
VERTEX
  5
18C2
  8
0
 10
-25.72920641734837
 20
-30.04940043453064
 30
0.0
  0
VERTEX
  5
18C3
  8
0
 10
-25.56645473804056
 20
-30.10427215334239
 30
0.0
  0
VERTEX
  5
18C4
  8
0
 10
-25.40466995045757
 20
-30.14379650127914
 30
0.0
  0
VERTEX
  5
18C5
  8
0
 10
-25.24436451719212
 20
-30.16855117693201
 30
0.0
  0
VERTEX
  5
18C6
  8
0
 10
-25.08605090083693
 20
-30.17911387889214
 30
0.0
  0
VERTEX
  5
18C7
  8
0
 10
-24.93024156398473
 20
-30.17606230575068
 30
0.0
  0
VERTEX
  5
18C8
  8
0
 10
-24.77744896922826
 20
-30.15997415609878
 30
0.0
  0
VERTEX
  5
18C9
  8
0
 10
-24.62818557916022
 20
-30.13142712852756
 30
0.0
  0
VERTEX
  5
18CA
  8
0
 10
-24.48296385637335
 20
-30.09099892162817
 30
0.0
  0
VERTEX
  5
18CB
  8
0
 10
-24.34229626346037
 20
-30.03926723399174
 30
0.0
  0
VERTEX
  5
18CC
  8
0
 10
-24.20669526301401
 20
-29.97680976420942
 30
0.0
  0
VERTEX
  5
18CD
  8
0
 10
-24.07667331762699
 20
-29.90420421087235
 30
0.0
  0
VERTEX
  5
18CE
  8
0
 10
-23.95274288989204
 20
-29.82202827257167
 30
0.0
  0
VERTEX
  5
18CF
  8
0
 10
-23.83541644240188
 20
-29.73085964789851
 30
0.0
  0
VERTEX
  5
18D0
  8
0
 10
-23.72520643774924
 20
-29.63127603544402
 30
0.0
  0
VERTEX
  5
18D1
  8
0
 10
-23.62262533852684
 20
-29.52385513379934
 30
0.0
  0
VERTEX
  5
18D2
  8
0
 10
-23.52818560732742
 20
-29.40917464155561
 30
0.0
  0
VERTEX
  5
18D3
  8
0
 10
-23.44239970674368
 20
-29.28781225730397
 30
0.0
  0
VERTEX
  5
18D4
  8
0
 10
-23.36578009936837
 20
-29.16034567963555
 30
0.0
  0
VERTEX
  5
18D5
  8
0
 10
-23.2988392477942
 20
-29.02735260714151
 30
0.0
  0
VERTEX
  5
18D6
  8
0
 10
-23.2420896146139
 20
-28.88941073841297
 30
0.0
  0
VERTEX
  5
18D7
  8
0
 10
-23.19604366242019
 20
-28.74709777204109
 30
0.0
  0
VERTEX
  5
18D8
  8
0
 10
-23.1612138538058
 20
-28.60099140661699
 30
0.0
  0
VERTEX
  5
18D9
  8
0
 10
-23.13811265136346
 20
-28.45166934073182
 30
0.0
  0
VERTEX
  5
18DA
  8
0
 10
-23.12725251768589
 20
-28.29970927297672
 30
0.0
  0
VERTEX
  5
18DB
  8
0
 10
-23.12914591536582
 20
-28.14568890194283
 30
0.0
  0
VERTEX
  5
18DC
  8
0
 10
-23.14430530699596
 20
-27.99018592622129
 30
0.0
  0
VERTEX
  5
18DD
  8
0
 10
-23.17324315516905
 20
-27.83377804440323
 30
0.0
  0
VERTEX
  5
18DE
  8
0
 10
-23.21647192247782
 20
-27.67704295507981
 30
0.0
  0
VERTEX
  5
18DF
  8
0
 10
-23.27450407151498
 20
-27.52055835684216
 30
0.0
  0
VERTEX
  5
18E0
  8
0
 10
-23.34785206487327
 20
-27.36490194828141
 30
0.0
  0
VERTEX
  5
18E1
  8
0
 10
-23.43702836514539
 20
-27.21065142798872
 30
0.0
  0
VERTEX
  5
18E2
  8
0
 10
-23.13925754408926
 20
-26.97686905398326
 30
0.0
  0
VERTEX
  5
18E3
  8
0
 10
-22.83449870265559
 20
-26.75356859688513
 30
0.0
  0
VERTEX
  5
18E4
  8
0
 10
-22.52303478054373
 20
-26.54087542954365
 30
0.0
  0
VERTEX
  5
18E5
  8
0
 10
-22.20514871745301
 20
-26.33891492480814
 30
0.0
  0
VERTEX
  5
18E6
  8
0
 10
-21.88112345308277
 20
-26.14781245552793
 30
0.0
  0
VERTEX
  5
18E7
  8
0
 10
-21.55124192713234
 20
-25.96769339455233
 30
0.0
  0
VERTEX
  5
18E8
  8
0
 10
-21.21578707930106
 20
-25.79868311473066
 30
0.0
  0
VERTEX
  5
18E9
  8
0
 10
-20.87504184928826
 20
-25.64090698891226
 30
0.0
  0
VERTEX
  5
18EA
  8
0
 10
-20.52928917679328
 20
-25.49449038994643
 30
0.0
  0
VERTEX
  5
18EB
  8
0
 10
-20.17881200151546
 20
-25.3595586906825
 30
0.0
  0
VERTEX
  5
18EC
  8
0
 10
-19.82389326315413
 20
-25.2362372639698
 30
0.0
  0
VERTEX
  5
18ED
  8
0
 10
-19.46481590140863
 20
-25.12465148265764
 30
0.0
  0
VERTEX
  5
18EE
  8
0
 10
-19.1018628559783
 20
-25.02492671959534
 30
0.0
  0
VERTEX
  5
18EF
  8
0
 10
-18.73531706656247
 20
-24.93718834763223
 30
0.0
  0
VERTEX
  5
18F0
  8
0
 10
-18.36546147286048
 20
-24.86156173961763
 30
0.0
  0
SEQEND
  5
18F1
  8
0
  0
POLYLINE
  5
6C
  8
0
 66
     1
 10
0.0
 20
0.0
 30
0.0
 70
     1
  0
VERTEX
  5
18F2
  8
0
 10
-24.97963013421381
 20
-24.98397282930666
 30
0.0
  0
VERTEX
  5
18F3
  8
0
 10
-24.62532512732021
 20
-24.57490764882368
 30
0.0
  0
VERTEX
  5
18F4
  8
0
 10
-24.28669240633992
 20
-24.15429681846151
 30
0.0
  0
VERTEX
  5
18F5
  8
0
 10
-23.96395513794772
 20
-23.72260753247139
 30
0.0
  0
VERTEX
  5
18F6
  8
0
 10
-23.65733648881842
 20
-23.2803069851046
 30
0.0
  0
VERTEX
  5
18F7
  8
0
 10
-23.36705962562679
 20
-22.82786237061237
 30
0.0
  0
VERTEX
  5
18F8
  8
0
 10
-23.09334771504765
 20
-22.36574088324597
 30
0.0
  0
VERTEX
  5
18F9
  8
0
 10
-22.83642392375578
 20
-21.89440971725666
 30
0.0
  0
VERTEX
  5
18FA
  8
0
 10
-22.59651141842597
 20
-21.41433606689567
 30
0.0
  0
VERTEX
  5
18FB
  8
0
 10
-22.37383336573302
 20
-20.92598712641428
 30
0.0
  0
VERTEX
  5
18FC
  8
0
 10
-22.16861293235172
 20
-20.42983009006373
 30
0.0
  0
VERTEX
  5
18FD
  8
0
 10
-21.98107328495686
 20
-19.92633215209528
 30
0.0
  0
VERTEX
  5
18FE
  8
0
 10
-21.81143759022324
 20
-19.41596050676018
 30
0.0
  0
VERTEX
  5
18FF
  8
0
 10
-21.65992901482564
 20
-18.89918234830969
 30
0.0
  0
VERTEX
  5
1900
  8
0
 10
-21.52677072543887
 20
-18.37646487099506
 30
0.0
  0
VERTEX
  5
1901
  8
0
 10
-21.41218588873771
 20
-17.84827526906756
 30
0.0
  0
VERTEX
  5
1902
  8
0
 10
-21.31639767139696
 20
-17.31508073677842
 30
0.0
  0
VERTEX
  5
1903
  8
0
 10
-20.77224544327829
 20
-17.16204890125724
 30
0.0
  0
VERTEX
  5
1904
  8
0
 10
-20.23274041164993
 20
-16.99544131676
 30
0.0
  0
VERTEX
  5
1905
  8
0
 10
-19.69812399262762
 20
-16.81537878653937
 30
0.0
  0
VERTEX
  5
1906
  8
0
 10
-19.1686376023271
 20
-16.62198211384801
 30
0.0
  0
VERTEX
  5
1907
  8
0
 10
-18.6445226568641
 20
-16.41537210193856
 30
0.0
  0
VERTEX
  5
1908
  8
0
 10
-18.12602057235434
 20
-16.1956695540637
 30
0.0
  0
VERTEX
  5
1909
  8
0
 10
-17.61337276491357
 20
-15.96299527347607
 30
0.0
  0
VERTEX
  5
190A
  8
0
 10
-17.10682065065751
 20
-15.71747006342834
 30
0.0
  0
VERTEX
  5
190B
  8
0
 10
-16.6066056457019
 20
-15.45921472717317
 30
0.0
  0
VERTEX
  5
190C
  8
0
 10
-16.11296916616248
 20
-15.18835006796321
 30
0.0
  0
VERTEX
  5
190D
  8
0
 10
-15.62615262815496
 20
-14.90499688905112
 30
0.0
  0
VERTEX
  5
190E
  8
0
 10
-15.14639744779509
 20
-14.60927599368956
 30
0.0
  0
VERTEX
  5
190F
  8
0
 10
-14.6739450411986
 20
-14.30130818513119
 30
0.0
  0
VERTEX
  5
1910
  8
0
 10
-14.20903682448122
 20
-13.98121426662866
 30
0.0
  0
VERTEX
  5
1911
  8
0
 10
-13.75191421375869
 20
-13.64911504143464
 30
0.0
  0
VERTEX
  5
1912
  8
0
 10
-13.30281862514673
 20
-13.30513131280178
 30
0.0
  0
VERTEX
  5
1913
  8
0
 10
-13.64699718732686
 20
-13.75455964524903
 30
0.0
  0
VERTEX
  5
1914
  8
0
 10
-13.97934151337811
 20
-14.21206460523465
 30
0.0
  0
VERTEX
  5
1915
  8
0
 10
-14.29973052898663
 20
-14.67740444256294
 30
0.0
  0
VERTEX
  5
1916
  8
0
 10
-14.60804315983854
 20
-15.15033740703819
 30
0.0
  0
VERTEX
  5
1917
  8
0
 10
-14.90415833161999
 20
-15.6306217484647
 30
0.0
  0
VERTEX
  5
1918
  8
0
 10
-15.1879549700171
 20
-16.11801571664676
 30
0.0
  0
VERTEX
  5
1919
  8
0
 10
-15.45931200071602
 20
-16.61227756138866
 30
0.0
  0
VERTEX
  5
191A
  8
0
 10
-15.71810834940289
 20
-17.1131655324947
 30
0.0
  0
VERTEX
  5
191B
  8
0
 10
-15.96422294176384
 20
-17.62043787976917
 30
0.0
  0
VERTEX
  5
191C
  8
0
 10
-16.197534703485
 20
-18.13385285301638
 30
0.0
  0
VERTEX
  5
191D
  8
0
 10
-16.41792256025253
 20
-18.65316870204061
 30
0.0
  0
VERTEX
  5
191E
  8
0
 10
-16.62526543775254
 20
-19.17814367664616
 30
0.0
  0
VERTEX
  5
191F
  8
0
 10
-16.81944226167118
 20
-19.70853602663732
 30
0.0
  0
VERTEX
  5
1920
  8
0
 10
-17.00033195769458
 20
-20.24410400181839
 30
0.0
  0
VERTEX
  5
1921
  8
0
 10
-17.16781345150889
 20
-20.78460585199365
 30
0.0
  0
VERTEX
  5
1922
  8
0
 10
-17.32176566880023
 20
-21.32979982696742
 30
0.0
  0
VERTEX
  5
1923
  8
0
 10
-17.85380876878168
 20
-21.42454576013816
 30
0.0
  0
VERTEX
  5
1924
  8
0
 10
-18.38090543069982
 20
-21.5381492128143
 30
0.0
  0
VERTEX
  5
1925
  8
0
 10
-18.90258913211415
 20
-21.67038757022971
 30
0.0
  0
VERTEX
  5
1926
  8
0
 10
-19.41839335058413
 20
-21.82103821761824
 30
0.0
  0
VERTEX
  5
1927
  8
0
 10
-19.92785156366924
 20
-21.98987854021375
 30
0.0
  0
VERTEX
  5
1928
  8
0
 10
-20.43049724892895
 20
-22.17668592325009
 30
0.0
  0
VERTEX
  5
1929
  8
0
 10
-20.92586388392274
 20
-22.38123775196111
 30
0.0
  0
VERTEX
  5
192A
  8
0
 10
-21.41348494621009
 20
-22.60331141158066
 30
0.0
  0
VERTEX
  5
192B
  8
0
 10
-21.89289391335047
 20
-22.84268428734259
 30
0.0
  0
VERTEX
  5
192C
  8
0
 10
-22.36362426290334
 20
-23.09913376448077
 30
0.0
  0
VERTEX
  5
192D
  8
0
 10
-22.8252094724282
 20
-23.37243722822904
 30
0.0
  0
VERTEX
  5
192E
  8
0
 10
-23.27718301948451
 20
-23.66237206382126
 30
0.0
  0
VERTEX
  5
192F
  8
0
 10
-23.71907838163175
 20
-23.96871565649128
 30
0.0
  0
VERTEX
  5
1930
  8
0
 10
-24.1504290364294
 20
-24.29124539147295
 30
0.0
  0
VERTEX
  5
1931
  8
0
 10
-24.57076846143693
 20
-24.62973865400012
 30
0.0
  0
SEQEND
  5
1932
  8
0
  0
POLYLINE
  5
6D
  8
0
 66
     1
 10
0.0
 20
0.0
 30
0.0
 70
     1
  0
VERTEX
  5
1933
  8
0
 10
-38.65046063541524
 20
-38.65717999707493
 30
0.0
  0
VERTEX
  5
1934
  8
0
 10
-38.6143191557512
 20
-38.30939544486516
 30
0.0
  0
VERTEX
  5
1935
  8
0
 10
-38.56367932004605
 20
-37.96788477108989
 30
0.0
  0
VERTEX
  5
1936
  8
0
 10
-38.52084311922408
 20
-37.74479257933257
 30
0.0
  0
VERTEX
  5
1937
  8
0
 10
-38.47011261122933
 20
-37.52323234056882
 30
0.0
  0
VERTEX
  5
1938
  8
0
 10
-38.41208420896155
 20
-37.3033837412634
 30
0.0
  0
VERTEX
  5
1939
  8
0
 10
-38.3473543253205
 20
-37.08542646788103
 30
0.0
  0
VERTEX
  5
193A
  8
0
 10
-38.24929752960194
 20
-36.79232659979955
 30
0.0
  0
VERTEX
  5
193B
  8
0
 10
-38.13950001642232
 20
-36.50358694471595
 30
0.0
  0
VERTEX
  5
193C
  8
0
 10
-38.05194580160106
 20
-36.29633169167391
 30
0.0
  0
VERTEX
  5
193D
  8
0
 10
-37.95810354725068
 20
-36.09183565356192
 30
0.0
  0
VERTEX
  5
193E
  8
0
 10
-37.83419352930673
 20
-35.84417844953634
 30
0.0
  0
VERTEX
  5
193F
  8
0
 10
-37.7011592601018
 20
-35.60133297368601
 30
0.0
  0
VERTEX
  5
1940
  8
0
 10
-37.56884558102768
 20
-35.37924835884341
 30
0.0
  0
VERTEX
  5
1941
  8
0
 10
-37.428917851566
 20
-35.16189428316902
 30
0.0
  0
VERTEX
  5
1942
  8
0
 10
-37.29859312091032
 20
-34.97328037207723
 30
0.0
  0
VERTEX
  5
1943
  8
0
 10
-37.16243167483683
 20
-34.7889097126368
 30
0.0
  0
VERTEX
  5
1944
  8
0
 10
-37.02231237122535
 20
-34.61131717416194
 30
0.0
  0
VERTEX
  5
1945
  8
0
 10
-36.87681045312792
 20
-34.43806727499387
 30
0.0
  0
VERTEX
  5
1946
  8
0
 10
-36.72625437492646
 20
-34.26901431443478
 30
0.0
  0
VERTEX
  5
1947
  8
0
 10
-36.57097259100292
 20
-34.1040125917869
 30
0.0
  0
VERTEX
  5
1948
  8
0
 10
-36.35813065684363
 20
-33.89164849064782
 30
0.0
  0
VERTEX
  5
1949
  8
0
 10
-36.13687943973785
 20
-33.68822148077547
 30
0.0
  0
VERTEX
  5
194A
  8
0
 10
-35.90653918536267
 20
-33.49580346440225
 30
0.0
  0
VERTEX
  5
194B
  8
0
 10
-35.78774824597312
 20
-33.40437029822545
 30
0.0
  0
VERTEX
  5
194C
  8
0
 10
-35.66643013939513
 20
-33.3164663437606
 30
0.0
  0
VERTEX
  5
194D
  8
0
 10
-35.49903210339268
 20
-33.20373319398087
 30
0.0
  0
VERTEX
  5
194E
  8
0
 10
-35.32791886990206
 20
-33.09650688488029
 30
0.0
  0
VERTEX
  5
194F
  8
0
 10
-34.97865371617076
 20
-32.89309462429818
 30
0.0
  0
VERTEX
  5
1950
  8
0
 10
-34.05183635792411
 20
-32.376204535982
 30
0.0
  0
VERTEX
  5
1951
  8
0
 10
-33.68934840128743
 20
-32.16575383087251
 30
0.0
  0
VERTEX
  5
1952
  8
0
 10
-33.32955490648565
 20
-31.95055256240667
 30
0.0
  0
VERTEX
  5
1953
  8
0
 10
-33.00988709125822
 20
-31.75556753106351
 30
0.0
  0
VERTEX
  5
1954
  8
0
 10
-32.81966023142942
 20
-31.6375724817544
 30
0.0
  0
VERTEX
  5
1955
  8
0
 10
-32.36595209179784
 20
-31.350129166742
 30
0.0
  0
VERTEX
  5
1956
  8
0
 10
-31.91613384427628
 20
-31.05658776794283
 30
0.0
  0
VERTEX
  5
1957
  8
0
 10
-31.52725654560386
 20
-30.79568958810353
 30
0.0
  0
VERTEX
  5
1958
  8
0
 10
-31.1414490125058
 20
-30.53023079319876
 30
0.0
  0
VERTEX
  5
1959
  8
0
 10
-30.75871309772786
 20
-30.26032291360825
 30
0.0
  0
VERTEX
  5
195A
  8
0
 10
-30.37905065401582
 20
-29.98607747971172
 30
0.0
  0
VERTEX
  5
195B
  8
0
 10
-29.83590263679617
 20
-29.58202304618776
 30
0.0
  0
VERTEX
  5
195C
  8
0
 10
-29.30024063299737
 20
-29.1681310552455
 30
0.0
  0
VERTEX
  5
195D
  8
0
 10
-28.65077161177895
 20
-28.65575253285621
 30
0.0
  0
VERTEX
  5
195E
  8
0
 10
-29.16339318981114
 20
-29.30566663856358
 30
0.0
  0
VERTEX
  5
195F
  8
0
 10
-29.57750822234293
 20
-29.84171680217399
 30
0.0
  0
VERTEX
  5
1960
  8
0
 10
-29.98182934429857
 20
-30.38529622481114
 30
0.0
  0
VERTEX
  5
1961
  8
0
 10
-30.25628244303876
 20
-30.76528005099362
 30
0.0
  0
VERTEX
  5
1962
  8
0
 10
-30.52641668196697
 20
-31.14835582623204
 30
0.0
  0
VERTEX
  5
1963
  8
0
 10
-30.79212081557409
 20
-31.53452196299264
 30
0.0
  0
VERTEX
  5
1964
  8
0
 10
-31.05328359835098
 20
-31.92377687374172
 30
0.0
  0
VERTEX
  5
1965
  8
0
 10
-31.34715244967504
 20
-32.37405186342659
 30
0.0
  0
VERTEX
  5
1966
  8
0
 10
-31.63494845589988
 20
-32.82824160436734
 30
0.0
  0
VERTEX
  5
1967
  8
0
 10
-31.75309792100651
 20
-33.0186764910307
 30
0.0
  0
VERTEX
  5
1968
  8
0
 10
-31.94835100397671
 20
-33.33870187658493
 30
0.0
  0
VERTEX
  5
1969
  8
0
 10
-32.16386502012918
 20
-33.69890813598542
 30
0.0
  0
VERTEX
  5
196A
  8
0
 10
-32.37464732134761
 20
-34.06182735147597
 30
0.0
  0
VERTEX
  5
196B
  8
0
 10
-32.89244023113742
 20
-34.98979867593943
 30
0.0
  0
VERTEX
  5
196C
  8
0
 10
-33.09617033571999
 20
-35.33947781158481
 30
0.0
  0
VERTEX
  5
196D
  8
0
 10
-33.20353272460722
 20
-35.51077553768918
 30
0.0
  0
VERTEX
  5
196E
  8
0
 10
-33.31637867239322
 20
-35.67833509195315
 30
0.0
  0
VERTEX
  5
196F
  8
0
 10
-33.40434828138005
 20
-35.79975523760346
 30
0.0
  0
VERTEX
  5
1970
  8
0
 10
-33.49583182739656
 20
-35.91863311293272
 30
0.0
  0
VERTEX
  5
1971
  8
0
 10
-33.68830828996614
 20
-36.14910531995376
 30
0.0
  0
VERTEX
  5
1972
  8
0
 10
-33.8917431789969
 20
-36.37043824766742
 30
0.0
  0
VERTEX
  5
1973
  8
0
 10
-34.10407161338379
 20
-36.58331843072482
 30
0.0
  0
VERTEX
  5
1974
  8
0
 10
-34.26902119265046
 20
-36.73860374333411
 30
0.0
  0
VERTEX
  5
1975
  8
0
 10
-34.43800005803689
 20
-36.88914127735976
 30
0.0
  0
VERTEX
  5
1976
  8
0
 10
-34.61115273703232
 20
-37.03460137322868
 30
0.0
  0
VERTEX
  5
1977
  8
0
 10
-34.78862375712598
 20
-37.17465437136777
 30
0.0
  0
VERTEX
  5
1978
  8
0
 10
-34.97284573066038
 20
-37.31072283000929
 30
0.0
  0
VERTEX
  5
1979
  8
0
 10
-35.16128581609146
 20
-37.44092915208633
 30
0.0
  0
VERTEX
  5
197A
  8
0
 10
-35.37841475080027
 20
-37.58069381469818
 30
0.0
  0
VERTEX
  5
197B
  8
0
 10
-35.60024351768791
 20
-37.71281321330681
 30
0.0
  0
VERTEX
  5
197C
  8
0
 10
-35.84278102743838
 20
-37.84560480937061
 30
0.0
  0
VERTEX
  5
197D
  8
0
 10
-36.09009569148969
 20
-37.96923682454545
 30
0.0
  0
VERTEX
  5
197E
  8
0
 10
-36.29428837331749
 20
-38.06282753581711
 30
0.0
  0
VERTEX
  5
197F
  8
0
 10
-36.50121788788599
 20
-38.15010720799794
 30
0.0
  0
VERTEX
  5
1980
  8
0
 10
-36.789474250277
 20
-38.25949062994592
 30
0.0
  0
VERTEX
  5
1981
  8
0
 10
-37.08205108864885
 20
-38.35709230741677
 30
0.0
  0
VERTEX
  5
1982
  8
0
 10
-37.29959959928118
 20
-38.42146250225774
 30
0.0
  0
VERTEX
  5
1983
  8
0
 10
-37.51901830437389
 20
-38.47910924434038
 30
0.0
  0
VERTEX
  5
1984
  8
0
 10
-37.74012653970838
 20
-38.52943500791979
 30
0.0
  0
VERTEX
  5
1985
  8
0
 10
-37.96274364106602
 20
-38.57184226725107
 30
0.0
  0
VERTEX
  5
1986
  8
0
 10
-38.30349088815112
 20
-38.62178671868612
 30
0.0
  0
SEQEND
  5
1987
  8
0
  0
ENDSEC
  0
EOF
