  0
SECTION
  2
HEADER
  9
$ACADVER
  1
AC1015
  9
$ACADMAINTVER
 70
    20
  9
$DWGCODEPAGE
  3
ANSI_1252
  9
$INSBASE
 10
0.0
 20
0.0
 30
0.0
  9
$EXTMIN
 10
-67.13426867149962
 20
-91.46136551012437
 30
-0.0015258207003583
  9
$EXTMAX
 10
66.20626929237705
 20
-51.45340613835919
 30
0.0000000349246037
  9
$LIMMIN
 10
0.0
 20
0.0
  9
$LIMMAX
 10
12.0
 20
9.0
  9
$ORTHOMODE
 70
     1
  9
$REGENMODE
 70
     1
  9
$FILLMODE
 70
     1
  9
$QTEXTMODE
 70
     0
  9
$MIRRTEXT
 70
     1
  9
$LTSCALE
 40
1.0
  9
$ATTMODE
 70
     1
  9
$TEXTSIZE
 40
0.2
  9
$TRACEWID
 40
0.05
  9
$TEXTSTYLE
  7
STANDARD
  9
$CLAYER
  8
0
  9
$CELTYPE
  6
ByLayer
  9
$CECOLOR
 62
   256
  9
$CELTSCALE
 40
1.0
  9
$DISPSILH
 70
     0
  9
$DIMSCALE
 40
1.0
  9
$DIMASZ
 40
0.18
  9
$DIMEXO
 40
0.0625
  9
$DIMDLI
 40
0.38
  9
$DIMRND
 40
0.0
  9
$DIMDLE
 40
0.0
  9
$DIMEXE
 40
0.18
  9
$DIMTP
 40
0.0
  9
$DIMTM
 40
0.0
  9
$DIMTXT
 40
0.18
  9
$DIMCEN
 40
0.09
  9
$DIMTSZ
 40
0.0
  9
$DIMTOL
 70
     0
  9
$DIMLIM
 70
     0
  9
$DIMTIH
 70
     1
  9
$DIMTOH
 70
     1
  9
$DIMSE1
 70
     0
  9
$DIMSE2
 70
     0
  9
$DIMTAD
 70
     0
  9
$DIMZIN
 70
     0
  9
$DIMBLK
  1

  9
$DIMASO
 70
     1
  9
$DIMSHO
 70
     1
  9
$DIMPOST
  1

  9
$DIMAPOST
  1

  9
$DIMALT
 70
     0
  9
$DIMALTD
 70
     2
  9
$DIMALTF
 40
25.4
  9
$DIMLFAC
 40
1.0
  9
$DIMTOFL
 70
     0
  9
$DIMTVP
 40
0.0
  9
$DIMTIX
 70
     0
  9
$DIMSOXD
 70
     0
  9
$DIMSAH
 70
     0
  9
$DIMBLK1
  1

  9
$DIMBLK2
  1

  9
$DIMSTYLE
  2
STANDARD
  9
$DIMCLRD
 70
     0
  9
$DIMCLRE
 70
     0
  9
$DIMCLRT
 70
     0
  9
$DIMTFAC
 40
1.0
  9
$DIMGAP
 40
0.09
  9
$DIMJUST
 70
     0
  9
$DIMSD1
 70
     0
  9
$DIMSD2
 70
     0
  9
$DIMTOLJ
 70
     1
  9
$DIMTZIN
 70
     0
  9
$DIMALTZ
 70
     0
  9
$DIMALTTZ
 70
     0
  9
$DIMUPT
 70
     0
  9
$DIMDEC
 70
     4
  9
$DIMTDEC
 70
     4
  9
$DIMALTU
 70
     2
  9
$DIMALTTD
 70
     2
  9
$DIMTXSTY
  7
STANDARD
  9
$DIMAUNIT
 70
     0
  9
$DIMADEC
 70
     0
  9
$DIMALTRND
 40
0.0
  9
$DIMAZIN
 70
     0
  9
$DIMDSEP
 70
    46
  9
$DIMATFIT
 70
     3
  9
$DIMFRAC
 70
     0
  9
$DIMLDRBLK
  1

  9
$DIMLUNIT
 70
     2
  9
$DIMLWD
 70
    -2
  9
$DIMLWE
 70
    -2
  9
$DIMTMOVE
 70
     0
  9
$LUNITS
 70
     2
  9
$LUPREC
 70
     4
  9
$SKETCHINC
 40
0.1
  9
$FILLETRAD
 40
0.5
  9
$AUNITS
 70
     0
  9
$AUPREC
 70
     0
  9
$MENU
  1
.
  9
$ELEVATION
 40
0.0
  9
$PELEVATION
 40
0.0
  9
$THICKNESS
 40
0.0
  9
$LIMCHECK
 70
     0
  9
$CHAMFERA
 40
0.5
  9
$CHAMFERB
 40
0.5
  9
$CHAMFERC
 40
0.0
  9
$CHAMFERD
 40
0.0
  9
$SKPOLY
 70
     0
  9
$TDCREATE
 40
2454910.500000000
  9
$TDUCREATE
 40
2454910.458333334
  9
$TDUPDATE
 40
2457348.962306690
  9
$TDUUPDATE
 40
2457348.920640023
  9
$TDINDWG
 40
0.0014214352
  9
$TDUSRTIMER
 40
0.0014213194
  9
$USRTIMER
 70
     1
  9
$ANGBASE
 50
0.0
  9
$ANGDIR
 70
     0
  9
$PDMODE
 70
     0
  9
$PDSIZE
 40
0.0
  9
$PLINEWID
 40
0.0
  9
$SPLFRAME
 70
     0
  9
$SPLINETYPE
 70
     6
  9
$SPLINESEGS
 70
     8
  9
$HANDSEED
  5
2656
  9
$SURFTAB1
 70
     6
  9
$SURFTAB2
 70
     6
  9
$SURFTYPE
 70
     6
  9
$SURFU
 70
     6
  9
$SURFV
 70
     6
  9
$UCSBASE
  2

  9
$UCSNAME
  2

  9
$UCSORG
 10
0.0
 20
0.0
 30
0.0
  9
$UCSXDIR
 10
1.0
 20
0.0
 30
0.0
  9
$UCSYDIR
 10
0.0
 20
1.0
 30
0.0
  9
$UCSORTHOREF
  2

  9
$UCSORTHOVIEW
 70
     0
  9
$UCSORGTOP
 10
0.0
 20
0.0
 30
0.0
  9
$UCSORGBOTTOM
 10
0.0
 20
0.0
 30
0.0
  9
$UCSORGLEFT
 10
0.0
 20
0.0
 30
0.0
  9
$UCSORGRIGHT
 10
0.0
 20
0.0
 30
0.0
  9
$UCSORGFRONT
 10
0.0
 20
0.0
 30
0.0
  9
$UCSORGBACK
 10
0.0
 20
0.0
 30
0.0
  9
$PUCSBASE
  2

  9
$PUCSNAME
  2

  9
$PUCSORG
 10
0.0
 20
0.0
 30
0.0
  9
$PUCSXDIR
 10
1.0
 20
0.0
 30
0.0
  9
$PUCSYDIR
 10
0.0
 20
1.0
 30
0.0
  9
$PUCSORTHOREF
  2

  9
$PUCSORTHOVIEW
 70
     0
  9
$PUCSORGTOP
 10
0.0
 20
0.0
 30
0.0
  9
$PUCSORGBOTTOM
 10
0.0
 20
0.0
 30
0.0
  9
$PUCSORGLEFT
 10
0.0
 20
0.0
 30
0.0
  9
$PUCSORGRIGHT
 10
0.0
 20
0.0
 30
0.0
  9
$PUCSORGFRONT
 10
0.0
 20
0.0
 30
0.0
  9
$PUCSORGBACK
 10
0.0
 20
0.0
 30
0.0
  9
$USERI1
 70
     0
  9
$USERI2
 70
     0
  9
$USERI3
 70
     0
  9
$USERI4
 70
     0
  9
$USERI5
 70
     0
  9
$USERR1
 40
0.0
  9
$USERR2
 40
0.0
  9
$USERR3
 40
0.0
  9
$USERR4
 40
0.0
  9
$USERR5
 40
0.0
  9
$WORLDVIEW
 70
     1
  9
$SHADEDGE
 70
     3
  9
$SHADEDIF
 70
    70
  9
$TILEMODE
 70
     1
  9
$MAXACTVP
 70
    64
  9
$PINSBASE
 10
0.0
 20
0.0
 30
0.0
  9
$PLIMCHECK
 70
     0
  9
$PEXTMIN
 10
1.000000000000000E+20
 20
1.000000000000000E+20
 30
1.000000000000000E+20
  9
$PEXTMAX
 10
-1.000000000000000E+20
 20
-1.000000000000000E+20
 30
-1.000000000000000E+20
  9
$PLIMMIN
 10
0.0
 20
0.0
  9
$PLIMMAX
 10
12.0
 20
9.0
  9
$UNITMODE
 70
     0
  9
$VISRETAIN
 70
     1
  9
$PLINEGEN
 70
     0
  9
$PSLTSCALE
 70
     1
  9
$TREEDEPTH
 70
  3020
  9
$CMLSTYLE
  2
Standard
  9
$CMLJUST
 70
     0
  9
$CMLSCALE
 40
1.0
  9
$PROXYGRAPHICS
 70
     1
  9
$MEASUREMENT
 70
     0
  9
$CELWEIGHT
370
    -1
  9
$ENDCAPS
280
     0
  9
$JOINSTYLE
280
     0
  9
$LWDISPLAY
290
     0
  9
$INSUNITS
 70
     0
  9
$HYPERLINKBASE
  1

  9
$STYLESHEET
  1

  9
$XEDIT
290
     1
  9
$CEPSNTYPE
380
     0
  9
$PSTYLEMODE
290
     1
  9
$FINGERPRINTGUID
  2
{508EB74C-1ED6-4AEC-91A5-6D37A3439945}
  9
$VERSIONGUID
  2
{9542FAAA-88FD-4CEB-AC03-83E341CF8CE6}
  9
$EXTNAMES
290
     1
  9
$PSVPSCALE
 40
0.0
  9
$OLESTARTUP
290
     0
  0
ENDSEC
  0
SECTION
  2
CLASSES
  0
CLASS
  1
ACDBDICTIONARYWDFLT
  2
AcDbDictionaryWithDefault
  3
ObjectDBX Classes
 90
        0
280
     0
281
     0
  0
CLASS
  1
MATERIAL
  2
AcDbMaterial
  3
ObjectDBX Classes
 90
     1153
280
     0
281
     0
  0
CLASS
  1
VISUALSTYLE
  2
AcDbVisualStyle
  3
ObjectDBX Classes
 90
     4095
280
     0
281
     0
  0
CLASS
  1
SCALE
  2
AcDbScale
  3
ObjectDBX Classes
 90
     1153
280
     0
281
     0
  0
CLASS
  1
TABLESTYLE
  2
AcDbTableStyle
  3
ObjectDBX Classes
 90
     4095
280
     0
281
     0
  0
CLASS
  1
MLEADERSTYLE
  2
AcDbMLeaderStyle
  3
ACDB_MLEADERSTYLE_CLASS
 90
     4095
280
     0
281
     0
  0
CLASS
  1
SORTENTSTABLE
  2
AcDbSortentsTable
  3
ObjectDBX Classes
 90
        0
280
     0
281
     0
  0
CLASS
  1
DICTIONARYVAR
  2
AcDbDictionaryVar
  3
ObjectDBX Classes
 90
        0
280
     0
281
     0
  0
CLASS
  1
CELLSTYLEMAP
  2
AcDbCellStyleMap
  3
ObjectDBX Classes
 90
     1152
280
     0
281
     0
  0
CLASS
  1
ACDBPLACEHOLDER
  2
AcDbPlaceHolder
  3
ObjectDBX Classes
 90
        0
280
     0
281
     0
  0
CLASS
  1
LAYOUT
  2
AcDbLayout
  3
ObjectDBX Classes
 90
        0
280
     0
281
     0
  0
ENDSEC
  0
SECTION
  2
TABLES
  0
TABLE
  2
VPORT
  5
25C1
330
0
100
AcDbSymbolTable
 70
     1
  0
VPORT
  5
2631
330
25C1
100
AcDbSymbolTableRecord
100
AcDbViewportTableRecord
  2
*ACTIVE
 70
     0
 10
0.0
 20
0.0
 11
1.0
 21
1.0
 12
10.12290842295705
 22
-79.92051940352232
 13
0.0
 23
0.0
 14
0.5
 24
0.5
 15
0.5
 25
0.5
 16
0.0
 26
0.0
 36
1.0
 17
0.0
 27
0.0
 37
0.0
 40
95.18757418291585
 41
2.520958083832335
 42
50.0
 43
0.0
 44
0.0
 50
0.0
 51
0.0
 71
     0
 72
   100
 73
     1
 74
     3
 75
     0
 76
     0
 77
     0
 78
     0
281
     0
 65
     1
110
0.0
120
0.0
130
0.0
111
1.0
121
0.0
131
0.0
112
0.0
122
1.0
132
0.0
 79
     0
146
0.0
  0
ENDTAB
  0
TABLE
  2
LTYPE
  5
25BE
330
0
100
AcDbSymbolTable
 70
     2
  0
LTYPE
  5
261B
330
25BE
100
AcDbSymbolTableRecord
100
AcDbLinetypeTableRecord
  2
ByBlock
 70
     0
  3

 72
    65
 73
     0
 40
0.0
  0
LTYPE
  5
261C
330
25BE
100
AcDbSymbolTableRecord
100
AcDbLinetypeTableRecord
  2
ByLayer
 70
     0
  3

 72
    65
 73
     0
 40
0.0
  0
LTYPE
  5
261D
330
25BE
100
AcDbSymbolTableRecord
100
AcDbLinetypeTableRecord
  2
CONTINUOUS
 70
     0
  3
Solid line
 72
    65
 73
     0
 40
0.0
  0
LTYPE
  5
2632
330
25BE
100
AcDbSymbolTableRecord
100
AcDbLinetypeTableRecord
  2
CONTINUOUS2
 70
     0
  3
Solid Line
 72
    65
 73
     0
 40
0.0
  0
ENDTAB
  0
TABLE
  2
LAYER
  5
25BB
330
0
100
AcDbSymbolTable
 70
     2
  0
LAYER
  5
2615
102
{ACAD_XDICTIONARY
360
263F
102
}
330
25BB
100
AcDbSymbolTableRecord
100
AcDbLayerTableRecord
  2
0
 70
     0
 62
     7
  6
CONTINUOUS
370
    -3
390
25C8
  0
LAYER
  5
2633
102
{ACAD_XDICTIONARY
360
2641
102
}
330
25BB
100
AcDbSymbolTableRecord
100
AcDbLayerTableRecord
  2
LAYER_1
 70
     0
 62
    18
  6
CONTINUOUS
370
    -3
390
25C8
  0
ENDTAB
  0
TABLE
  2
STYLE
  5
25BC
330
0
100
AcDbSymbolTable
 70
     2
  0
STYLE
  5
2616
330
25BC
100
AcDbSymbolTableRecord
100
AcDbTextStyleTableRecord
  2
STANDARD
 70
     0
 40
0.0
 41
1.0
 50
0.0
 71
     0
 42
0.2
  3
txt
  4

  0
STYLE
  5
261A
330
25BC
100
AcDbSymbolTableRecord
100
AcDbTextStyleTableRecord
  2
Annotative
 70
     0
 40
0.0
 41
1.0
 50
0.0
 71
     0
 42
0.2
  3
txt
  4

1001
AcadAnnotative
1000
AnnotativeData
1002
{
1070
     1
1070
     1
1002
}
  0
ENDTAB
  0
TABLE
  2
VIEW
  5
25BF
330
0
100
AcDbSymbolTable
 70
     0
  0
ENDTAB
  0
TABLE
  2
UCS
  5
25C0
330
0
100
AcDbSymbolTable
 70
     0
  0
ENDTAB
  0
TABLE
  2
APPID
  5
25C2
330
0
100
AcDbSymbolTable
 70
     3
  0
APPID
  5
2617
330
25C2
100
AcDbSymbolTableRecord
100
AcDbRegAppTableRecord
  2
ACAD
 70
     0
  0
APPID
  5
261E
330
25C2
100
AcDbSymbolTableRecord
100
AcDbRegAppTableRecord
  2
AcadAnnotative
 70
     0
  0
APPID
  5
2628
330
25C2
100
AcDbSymbolTableRecord
100
AcDbRegAppTableRecord
  2
ACAD_MLEADERVER
 70
     0
  0
ENDTAB
  0
TABLE
  2
DIMSTYLE
  5
25C3
330
0
100
AcDbSymbolTable
 70
     2
100
AcDbDimStyleTable
 71
     0
  0
DIMSTYLE
105
2618
330
25C3
100
AcDbSymbolTableRecord
100
AcDbDimStyleTableRecord
  2
STANDARD
 70
     0
279
     2
340
2616
  0
DIMSTYLE
105
2619
330
25C3
100
AcDbSymbolTableRecord
100
AcDbDimStyleTableRecord
  2
Annotative
 70
     0
340
2616
1001
AcadAnnotative
1000
AnnotativeData
1002
{
1070
     1
1070
     1
1002
}
  0
ENDTAB
  0
TABLE
  2
BLOCK_RECORD
  5
25BA
330
0
100
AcDbSymbolTable
 70
     2
  0
BLOCK_RECORD
  5
262D
102
{ACAD_XDICTIONARY
360
263D
102
}
330
25BA
100
AcDbSymbolTableRecord
100
AcDbBlockTableRecord
  2
*Model_Space
340
2630
  0
BLOCK_RECORD
  5
2629
330
25BA
100
AcDbSymbolTableRecord
100
AcDbBlockTableRecord
  2
*Paper_Space
340
262C
  0
BLOCK_RECORD
  5
2635
330
25BA
100
AcDbSymbolTableRecord
100
AcDbBlockTableRecord
  2
$MODEL_SPACE
340
0
  0
BLOCK_RECORD
  5
2637
330
25BA
100
AcDbSymbolTableRecord
100
AcDbBlockTableRecord
  2
$PAPER_SPACE
340
0
  0
ENDTAB
  0
ENDSEC
  0
SECTION
  2
BLOCKS
  0
BLOCK
  5
262E
330
262D
100
AcDbEntity
  8
0
100
AcDbBlockBegin
  2
*Model_Space
 70
     0
 10
0.0
 20
0.0
 30
0.0
  3
*Model_Space
  1

  0
ENDBLK
  5
262F
330
262D
100
AcDbEntity
  8
0
100
AcDbBlockEnd
  0
BLOCK
  5
262A
330
2629
100
AcDbEntity
 67
     1
  8
0
100
AcDbBlockBegin
  2
*Paper_Space
 70
     0
 10
0.0
 20
0.0
 30
0.0
  3
*Paper_Space
  1

  0
ENDBLK
  5
262B
330
2629
100
AcDbEntity
 67
     1
  8
0
100
AcDbBlockEnd
  0
BLOCK
  5
2636
330
2635
100
AcDbEntity
  8
0
100
AcDbBlockBegin
  2
$MODEL_SPACE
 70
     0
 10
0.0
 20
0.0
 30
0.0
  3
$MODEL_SPACE
  1

  0
ENDBLK
  5
21
330
2635
100
AcDbEntity
  8
0
100
AcDbBlockEnd
  0
BLOCK
  5
2638
330
2637
100
AcDbEntity
  8
0
100
AcDbBlockBegin
  2
$PAPER_SPACE
 70
     0
 10
0.0
 20
0.0
 30
0.0
  3
$PAPER_SPACE
  1

  0
ENDBLK
  5
1D
330
2637
100
AcDbEntity
  8
0
100
AcDbBlockEnd
  0
ENDSEC
  0
SECTION
  2
ENTITIES
  0
LWPOLYLINE
  5
41
330
262D
100
AcDbEntity
  8
LAYER_1
100
AcDbPolyline
 90
        3
 70
     0
 43
0.0
 10
-53.4084
 20
-91.4583
 10
-31.6242
 20
-91.4583
 10
63.0438
 20
-91.4583
  0
LWPOLYLINE
  5
49
330
262D
100
AcDbEntity
  8
LAYER_1
100
AcDbPolyline
 90
        4
 70
     1
 43
0.0
 10
-53.4084
 20
-88.71259999999999
 10
-24.1731
 20
-88.71259999999999
 10
-24.1731
 20
-87.6421
 10
-53.4084
 20
-87.6421
  0
LWPOLYLINE
  5
4A
330
262D
100
AcDbEntity
  8
LAYER_1
100
AcDbPolyline
 90
       53
 70
     1
 43
0.0
 10
-53.4084
 20
-80.7496
 10
-53.36616416015625
 20
-80.72723166503905
 10
-53.25071953125
 20
-80.6595470703125
 10
-53.17082340087891
 20
-80.60843949279785
 10
-53.07896044921876
 20
-80.54567683105469
 10
-52.97724246826172
 20
-80.47115041198731
 10
-52.86778125
 20
-80.38475156249999
 10
-52.75268858642578
 20
-80.28637160949706
 10
-52.63407626953124
 20
-80.17590187988281
 10
-52.57411017608642
 20
-80.11609938850403
 10
-52.5140560913086
 20
-80.05323370056151
 10
-52.45417798919678
 20
-79.98729123191835
 10
-52.39473984375
 20
-79.9182583984375
 10
-52.33600562896729
 20
-79.84612161598207
 10
-52.27823931884764
 20
-79.77086730041503
 10
-52.22170488739013
 20
-79.69248186759948
 10
-52.16666630859375
 20
-79.61095173339844
 10
-52.11338755645751
 20
-79.52626331367493
 10
-52.06213260498047
 20
-79.43840302429198
 10
-52.01316542816162
 20
-79.34735728111265
 10
-51.96674999999999
 20
-79.2531125
 10
-51.92315029449463
 20
-79.15565509681702
 10
-51.88263028564453
 20
-79.05497148742677
 10
-51.84545394744872
 20
-78.95104808769227
 10
-51.81188525390624
 20
-78.84387131347654
 10
-51.78218817901611
 20
-78.7334275806427
 10
-51.75662669677735
 20
-78.61970330505371
 10
-51.73546478118897
 20
-78.50268490257263
 10
-51.71896640625
 20
-78.38235878906252
 10
-51.70739554595947
 20
-78.25871138038634
 10
-51.7010161743164
 20
-78.13172909240724
 10
-51.70009226531982
 20
-78.00139834098816
 10
-51.70488779296874
 20
-77.86770554199219
 10
-51.71566673126221
 20
-77.73063711128234
 10
-51.73269305419921
 20
-77.59017946472167
 10
-51.75623073577881
 20
-77.4463190181732
 10
-51.78654375
 20
-77.29904218749998
 10
-51.82389607086181
 20
-77.14833538856506
 10
-51.86855167236328
 20
-76.99418503723146
 10
-51.92077452850341
 20
-76.83657754936219
 10
-51.98082861328124
 20
-76.67549934082031
 10
-52.0489779006958
 20
-76.51093682746886
 10
-52.1254863647461
 20
-76.34287642517091
 10
-52.21061797943115
 20
-76.17130454978944
 10
-52.30463671875
 20
-75.99620761718752
 10
-52.40780655670166
 20
-75.81757204322814
 10
-52.52039146728516
 20
-75.63538424377441
 10
-52.64265542449951
 20
-75.44963063468931
 10
-52.77486240234376
 20
-75.26029763183593
 10
-52.91727637481689
 20
-75.06737165107726
 10
-53.07016131591797
 20
-74.87083910827637
 10
-53.23378119964599
 20
-74.67068641929626
 10
-53.4084
 20
-74.4669
  0
LWPOLYLINE
  5
4B
330
262D
100
AcDbEntity
  8
LAYER_1
100
AcDbPolyline
 90
      101
 70
     1
 43
0.0
 10
-53.4084
 20
-72.24129999999999
 10
-53.18629204101563
 20
-72.32175985412599
 10
-52.95951914062501
 20
-72.4084112548828
 10
-52.492846875
 20
-72.59520722656249
 10
-52.010119921875
 20
-72.79152497558595
 10
-51.76327866210936
 20
-72.89007859802246
 10
-51.513075
 20
-72.98720156249998
 10
-51.25972602539063
 20
-73.08162350158692
 10
-51.003448828125
 20
-73.17207404785154
 10
-50.74446049804688
 20
-73.25728283386229
 10
-50.482978125
 20
-73.33597949218748
 10
-50.35136951293946
 20
-73.37248878364562
 10
-50.21921879882811
 20
-73.40689365539549
 10
-50.08655311889647
 20
-73.43903531150819
 10
-49.95339960937499
 20
-73.46875495605468
 10
-49.81978540649414
 20
-73.49589379310607
 10
-49.68573764648438
 20
-73.52029302673341
 10
-49.55128346557617
 20
-73.54179386100769
 10
-49.41645
 20
-73.5602375
 10
-49.28126438598632
 20
-73.57546514778137
 10
-49.14575375976562
 20
-73.58731800842285
 10
-49.00994525756835
 20
-73.59563728599548
 10
-48.873866015625
 20
-73.60026418457029
 10
-48.73754317016601
 20
-73.60103990821837
 10
-48.60100385742186
 20
-73.59780566101074
 10
-48.46427521362304
 20
-73.59040264701843
 10
-48.32738437499998
 20
-73.57867207031251
 10
-48.1903584777832
 20
-73.56245513496398
 10
-48.05322465820311
 20
-73.54159304504394
 10
-47.91601005249022
 20
-73.5159270046234
 10
-47.778741796875
 20
-73.48529821777344
 10
-47.64144702758789
 20
-73.44954788856506
 10
-47.50415288085936
 20
-73.40851722106933
 10
-47.36688649291992
 20
-73.3620474193573
 10
-47.229675
 20
-73.30997968750001
 10
-47.09254553833008
 20
-73.25215522956849
 10
-46.95552524414061
 20
-73.18841524963379
 10
-46.8186412536621
 20
-73.11860095176695
 10
-46.68192070312499
 20
-73.04255354003906
 10
-46.54539072875977
 20
-72.96011421852113
 10
-46.40907846679686
 20
-72.87112419128419
 10
-46.27301105346679
 20
-72.7754246623993
 10
-46.137215625
 20
-72.67285683593752
 10
-46.00171931762695
 20
-72.56326191596983
 10
-45.86654926757812
 20
-72.44648110656737
 10
-45.73173261108397
 20
-72.32235561180115
 10
-45.59729648437499
 20
-72.19072663574218
 10
-45.46326802368164
 20
-72.05143538246154
 10
-45.32967436523437
 20
-71.90432305603026
 10
-45.19654264526367
 20
-71.7492308605194
 10
-45.06389999999999
 20
-71.58599999999999
 10
-45.19654264526365
 20
-71.42274592208862
 10
-45.32967436523437
 20
-71.26763095092771
 10
-45.46326802368164
 20
-71.12049629287719
 10
-45.59729648437499
 20
-70.98118315429687
 10
-45.73173261108397
 20
-70.84953274154663
 10
-45.86654926757812
 20
-70.72538626098631
 10
-46.00171931762695
 20
-70.6085849189758
 10
-46.137215625
 20
-70.498969921875
 10
-46.27301105346679
 20
-70.39638247604369
 10
-46.40907846679686
 20
-70.3006637878418
 10
-46.54539072875976
 20
-70.21165506362915
 10
-46.68192070312499
 20
-70.12919750976563
 10
-46.8186412536621
 20
-70.05313233261107
 10
-46.95552524414061
 20
-69.98330073852539
 10
-47.09254553833008
 20
-69.91954393386841
 10
-47.229675
 20
-69.861703125
 10
-47.36688649291992
 20
-69.80961951828003
 10
-47.50415288085936
 20
-69.76313432006836
 10
-47.64144702758789
 20
-69.72208873672485
 10
-47.778741796875
 20
-69.68632397460938
 10
-47.91601005249022
 20
-69.65568124008179
 10
-48.05322465820311
 20
-69.63000173950195
 10
-48.1903584777832
 20
-69.60912667922973
 10
-48.32738437499998
 20
-69.592897265625
 10
-48.46427521362304
 20
-69.58115470504761
 10
-48.60100385742186
 20
-69.57374020385742
 10
-48.73754317016601
 20
-69.57049496841432
 10
-48.873866015625
 20
-69.57126020507813
 10
-49.00994525756835
 20
-69.57587712020874
 10
-49.14575375976562
 20
-69.58418692016602
 10
-49.28126438598632
 20
-69.59603081130983
 10
-49.41645
 20
-69.61124999999999
 10
-49.55128346557617
 20
-69.62968569259643
 10
-49.68573764648438
 20
-69.651179095459
 10
-49.81978540649414
 20
-69.67557141494751
 10
-49.95339960937499
 20
-69.70270385742186
 10
-50.08655311889647
 20
-69.73241762924195
 10
-50.21921879882811
 20
-69.76455393676758
 10
-50.35136951293946
 20
-69.79895398635864
 10
-50.482978125
 20
-69.83545898437501
 10
-50.74446049804688
 20
-69.91414865112304
 10
-51.003448828125
 20
-69.99935258789064
 10
-51.25972602539061
 20
-70.08980044555665
 10
-51.513075
 20
-70.18422187499999
 10
-51.76327866210936
 20
-70.28134652709962
 10
-52.010119921875
 20
-70.37990405273437
 10
-52.492846875
 20
-70.57623632812497
 10
-52.95951914062501
 20
-70.76305590820313
 10
-53.18629204101563
 20
-70.84972256469725
 10
-53.4084
 20
-70.9302
  0
LWPOLYLINE
  5
4C
330
262D
100
AcDbEntity
  8
LAYER_1
100
AcDbPolyline
 90
       53
 70
     1
 43
0.0
 10
-53.4084
 20
-68.70449999999999
 10
-53.23378119964599
 20
-68.50072295494079
 10
-53.07016131591797
 20
-68.30057963562009
 10
-52.91727637481689
 20
-68.10405645332335
 10
-52.77486240234376
 20
-67.91113981933595
 10
-52.64265542449951
 20
-67.72181614494323
 10
-52.52039146728514
 20
-67.53607184143064
 10
-52.40780655670166
 20
-67.35389332008361
 10
-52.30463671875
 20
-67.17526699218749
 10
-52.21061797943115
 20
-67.00017926902771
 10
-52.1254863647461
 20
-66.82861656188965
 10
-52.0489779006958
 20
-66.66056528205871
 10
-51.98082861328124
 20
-66.49601184082029
 10
-51.92077452850341
 20
-66.33494264945984
 10
-51.86855167236328
 20
-66.1773441192627
 10
-51.82389607086181
 20
-66.02320266151427
 10
-51.78654375
 20
-65.87250468749999
 10
-51.75623073577881
 20
-65.72523660850524
 10
-51.73269305419921
 20
-65.58138483581543
 10
-51.71566673126221
 20
-65.44093578071593
 10
-51.70488779296874
 20
-65.30387585449219
 10
-51.70009226531982
 20
-65.17019146842955
 10
-51.7010161743164
 20
-65.03986903381345
 10
-51.70739554595947
 20
-64.91289496192933
 10
-51.71896640625
 20
-64.7892556640625
 10
-51.73546478118897
 20
-64.66893755149839
 10
-51.75662669677735
 20
-64.55192703552246
 10
-51.78218817901611
 20
-64.43821052742004
 10
-51.81188525390624
 20
-64.32777443847654
 10
-51.84545394744872
 20
-64.22060517997741
 10
-51.88263028564453
 20
-64.11668916320801
 10
-51.92315029449463
 20
-64.01601279945372
 10
-51.96674999999999
 20
-63.9185625
 10
-52.01316542816162
 20
-63.8243246761322
 10
-52.06213260498047
 20
-63.73328573913575
 10
-52.11338755645751
 20
-63.64543210029601
 10
-52.16666630859375
 20
-63.56075017089843
 10
-52.22170488739013
 20
-63.4792263622284
 10
-52.27823931884764
 20
-63.40084708557128
 10
-52.33600562896729
 20
-63.32559875221252
 10
-52.39473984375
 20
-63.25346777343749
 10
-52.45417798919678
 20
-63.1844405605316
 10
-52.5140560913086
 20
-63.11850352478027
 10
-52.57411017608642
 20
-63.05564307746887
 10
-52.63407626953124
 20
-62.99584562988282
 10
-52.75268858642578
 20
-62.88538537902831
 10
-52.86778125
 20
-62.7870140625
 10
-52.97724246826172
 20
-62.70062297058104
 10
-53.07896044921876
 20
-62.62610339355468
 10
-53.17082340087891
 20
-62.56334662170409
 10
-53.25071953125
 20
-62.5122439453125
 10
-53.36616416015625
 20
-62.44456604003906
 10
-53.4084
 20
-62.42219999999999
  0
LWPOLYLINE
  5
4D
330
262D
100
AcDbEntity
  8
LAYER_1
100
AcDbPolyline
 90
        4
 70
     1
 43
0.0
 10
-53.4084
 20
-55.52929999999999
 10
-24.1731
 20
-55.52929999999999
 10
-24.1731
 20
-54.537
 10
-53.4084
 20
-54.537
  0
LWPOLYLINE
  5
4E
330
262D
100
AcDbEntity
  8
LAYER_1
100
AcDbPolyline
 90
       55
 70
     1
 43
0.0
 10
12.8658999995777
 20
-88.71259999968174
 10
4.252799999999999
 20
-88.71259999999999
 10
4.456745128219751
 20
-88.51649440348628
 10
4.657754190003611
 20
-88.33070200505906
 10
4.855862700946046
 20
-88.15502501648001
 10
5.051106176641518
 20
-87.98926564951059
 10
5.2435201326845
 20
-87.83322611591238
 10
5.433140084669456
 20
-87.68670862744697
 10
5.620001548190853
 20
-87.54951539587592
 10
5.804140038843152
 20
-87.42144863296077
 10
5.985591072220826
 20
-87.30231055046312
 10
6.164390163918342
 20
-87.19190336014449
 10
6.340572829530164
 20
-87.0900292737665
 10
6.514174584650757
 20
-86.99649050309067
 10
6.685230944874585
 20
-86.91108925987856
 10
6.853777425796124
 20
-86.83362775589177
 10
7.019849543009831
 20
-86.76390820289183
 10
7.183482812110178
 20
-86.7017328126403
 10
7.344712748691629
 20
-86.64690379689879
 10
7.503574868348651
 20
-86.59922336742882
 10
7.66010468667571
 20
-86.55849373599197
 10
7.814337719267273
 20
-86.52451711434981
 10
7.966309481717806
 20
-86.49709571426388
 10
8.116055489621778
 20
-86.47603174749576
 10
8.26361125857365
 20
-86.46112742580699
 10
8.409012304167893
 20
-86.45218496095919
 10
8.552294141998968
 20
-86.44900656471389
 10
8.693492287661351
 20
-86.45139444883263
 10
8.832642256749506
 20
-86.459150825077
 10
8.969779564857891
 20
-86.47207790520855
 10
9.104939727580976
 20
-86.48997790098889
 10
9.23815826051323
 20
-86.5126530241795
 10
9.369470679249122
 20
-86.53990548654205
 10
9.498912499383113
 20
-86.57153749983796
 10
9.626519236509672
 20
-86.60735127582894
 10
9.752326406223263
 20
-86.64714902627649
 10
9.876369524118356
 20
-86.69073296294213
 10
9.998684105789418
 20
-86.7379052975875
 10
10.11930566683091
 20
-86.78846824197412
 10
10.23826972283731
 20
-86.84222400786358
 10
10.35561178940306
 20
-86.89897480701739
 10
10.47136738212265
 20
-86.95852285119723
 10
10.58557201659055
 20
-87.02067035216451
 10
10.6982612084012
 20
-87.08521952168094
 10
10.80947047314909
 20
-87.15197257150796
 10
10.91923532642868
 20
-87.22073171340719
 10
11.02759128383443
 20
-87.2912991591402
 10
11.13457386096081
 20
-87.36347712046855
 10
11.34456093675334
 20
-87.51187343695749
 10
11.54948067856199
 20
-87.66433835696656
 10
11.74961721114249
 20
-87.8192895745882
 10
11.94525465925058
 20
-87.97514478391498
 10
12.13667714764198
 20
-88.13032167903939
 10
12.50801374429767
 20
-88.43231130305111
 10
12.68849610207341
 20
-88.57595942012347
  0
LWPOLYLINE
  5
4F
330
262D
100
AcDbEntity
  8
LAYER_1
100
AcDbPolyline
 90
       55
 70
     1
 43
0.0
 10
4.3326
 20
-54.537
 10
4.530574955368042
 20
-54.72452257232666
 10
4.725765560913087
 20
-54.90229405517577
 10
4.918204800796507
 20
-55.07049822235107
 10
5.107925659179686
 20
-55.22931884765625
 10
5.294961120224
 20
-55.37893970489502
 10
5.479344168090821
 20
-55.51954456787109
 10
5.661107786941527
 20
-55.65131721038818
 10
5.840284960937502
 20
-55.77444140625
 10
6.016908674240112
 20
-55.88910092926025
 10
6.191011911010741
 20
-55.99547955322266
 10
6.362627655410768
 20
-56.09376105194091
 10
6.531788891601562
 20
-56.18412919921875
 10
6.698528603744508
 20
-56.26676776885986
 10
6.862879776000977
 20
-56.34186053466796
 10
7.024875392532348
 20
-56.40959127044677
 10
7.1845484375
 20
-56.47014375
 10
7.341931895065307
 20
-56.52370174713134
 10
7.497058749389647
 20
-56.57044903564453
 10
7.6499619846344
 20
-56.61056938934326
 10
7.800674584960937
 20
-56.64424658203125
 10
7.94922953453064
 20
-56.67166438751221
 10
8.095659817504884
 20
-56.69300657958984
 10
8.239998418045043
 20
-56.70845693206786
 10
8.382278320312501
 20
-56.71819921875
 10
8.522532508468627
 20
-56.72241721343993
 10
8.660793966674804
 20
-56.72129468994139
 10
8.797095679092405
 20
-56.71501542205811
 10
8.931470629882811
 20
-56.70376318359375
 10
9.063951803207396
 20
-56.68772174835205
 10
9.194572183227538
 20
-56.66707489013671
 10
9.323364754104616
 20
-56.64200638275147
 10
9.4503625
 20
-56.6127
 10
9.575598405075071
 20
-56.57933951568604
 10
9.69910545349121
 20
-56.54210870361328
 10
9.820916629409788
 20
-56.50119133758544
 10
9.941064916992187
 20
-56.45677119140625
 10
10.05958330039978
 20
-56.4090320388794
 10
10.17650476379395
 20
-56.3581576538086
 10
10.29186229133606
 20
-56.30433180999755
 10
10.4056888671875
 20
-56.24773828125
 10
10.51801747550964
 20
-56.18856084136964
 10
10.62888110046387
 20
-56.12698326416015
 10
10.73831272621155
 20
-56.06318932342529
 10
10.84634533691406
 20
-55.99736279296875
 10
10.95301191673279
 20
-55.92968744659423
 10
11.0583454498291
 20
-55.86034705810547
 10
11.2651453125
 20
-55.71740625
 10
11.46700879821777
 20
-55.57001055908203
 10
11.66419978027344
 20
-55.41963017578125
 10
11.85698213195801
 20
-55.26773529052734
 10
12.0456197265625
 20
-55.11579609375
 10
12.41151613769531
 20
-54.81766552734374
 10
12.58930270080566
 20
-54.67441453857421
 10
12.764
 20
-54.537
  0
LWPOLYLINE
  5
50
330
262D
100
AcDbEntity
  8
LAYER_1
100
AcDbPolyline
 90
      304
 70
     1
 43
0.0
 10
-43.11399999731586
 20
-80.58279999973022
 10
-43.1002
 20
-80.63079999999999
 10
-42.61383350982665
 20
-80.64510619468689
 10
-42.14863409423828
 20
-80.66602817077635
 10
-41.70415183563231
 20
-80.69333664131162
 10
-41.27993681640623
 20
-80.72680231933594
 10
-40.87553911895751
 20
-80.76619591789246
 10
-40.4905088256836
 20
-80.81128815002442
 10
-40.12439601898193
 20
-80.86184972877502
 10
-39.77675078124999
 20
-80.9176513671875
 10
-39.60971290149688
 20
-80.94744555659294
 10
-39.44712319488525
 20
-80.97846377830505
 10
-39.28892542171478
 20
-81.01067737145424
 10
-39.13506334228516
 20
-81.04405767517091
 10
-38.98548071689607
 20
-81.07857602858542
 10
-38.84012130584717
 20
-81.11420377082824
 10
-38.69892886943817
 20
-81.15091224102974
 10
-38.56184716796875
 20
-81.1886727783203
 10
-38.4288199617386
 20
-81.22745672183036
 10
-38.29979101104736
 20
-81.26723541069031
 10
-38.17470407619476
 20
-81.30798018403053
 10
-38.05350291748047
 20
-81.34966238098144
 10
-37.93613129520416
 20
-81.39225334067345
 10
-37.82253296966552
 20
-81.43572440223694
 10
-37.71265170116424
 20
-81.48004690480231
 10
-37.60643125
 20
-81.52519218749999
 10
-37.50381537647247
 20
-81.57113158946037
 10
-37.40474784088134
 20
-81.61783644981383
 10
-37.3091724035263
 20
-81.6652781076908
 10
-37.21703282470703
 20
-81.71342790222169
 10
-37.12827286472321
 20
-81.76225717253684
 10
-37.04283628387451
 20
-81.81173725776671
 10
-36.96066684246063
 20
-81.86183949704171
 10
-36.88170830078125
 20
-81.91253522949219
 10
-36.80590441913605
 20
-81.96379579424856
 10
-36.73319895782471
 20
-82.01559253044129
 10
-36.6635356771469
 20
-82.0678967772007
 10
-36.59685833740236
 20
-82.12067987365722
 10
-36.53311069889069
 20
-82.17391315894127
 10
-36.47223652191162
 20
-82.22756797218321
 10
-36.41417956676483
 20
-82.28161565251351
 10
-36.35888359374999
 20
-82.3360275390625
 10
-36.3062923631668
 20
-82.3907749709606
 10
-36.25634963531493
 20
-82.44582928733827
 10
-36.20899917049407
 20
-82.50116182732581
 10
-36.1641847290039
 20
-82.55674393005369
 10
-36.12185007114411
 20
-82.61254693465232
 10
-36.08193895721435
 20
-82.66854218025207
 10
-36.04439514751434
 20
-82.72470100598335
 10
-36.00916240234375
 20
-82.78099475097656
 10
-35.94540514678955
 20
-82.89387235527039
 10
-35.89021727294922
 20
-83.00694570617675
 10
-35.84314886322021
 20
-83.11998551673891
 10
-35.80375
 20
-83.23276250000001
 10
-35.77157076568603
 20
-83.3450473690033
 10
-35.74616124267578
 20
-83.456610836792
 10
-35.72707151336671
 20
-83.56722361640931
 10
-35.71385166015625
 20
-83.67665642089844
 10
-35.70605176544189
 20
-83.78467996330261
 10
-35.70322191162109
 20
-83.89106495666503
 10
-35.70491218109132
 20
-83.99558211402892
 10
-35.71067265625
 20
-84.09800214843748
 10
-35.72005341949463
 20
-84.19809577293396
 10
-35.73260455322265
 20
-84.2956337005615
 10
-35.74787613983154
 20
-84.3903866443634
 10
-35.76541826171875
 20
-84.48212531738281
 10
-35.78478100128175
 20
-84.57062043266295
 10
-35.80551444091797
 20
-84.65564270324705
 10
-35.84929375
 20
-84.81435156249998
 10
-35.89315684814452
 20
-84.9564175994873
 10
-35.93350439453125
 20
-85.08000651855468
 10
-35.96673704833984
 20
-85.18328402404783
 10
-35.98925546875
 20
-85.2644158203125
 10
-35.99537204742432
 20
-85.29610386009215
 10
-35.99746031494141
 20
-85.32156761169432
 10
-35.99507035369872
 20
-85.34057778816222
 10
-35.98775224609375
 20
-85.35290510253904
 10
-35.9821045381546
 20
-85.35649103426933
 10
-35.97505607452392
 20
-85.35832026786804
 10
-35.95653192138672
 20
-85.35659399719238
 10
-35.9317298690796
 20
-85.34749700355531
 10
-35.9002
 20
-85.33079999999999
 10
-36.12376798095704
 20
-85.25155438232422
 10
-36.35298447265626
 20
-85.17686318359375
 10
-36.58731517333985
 20
-85.10598863525391
 10
-36.82622578125001
 20
-85.03819296874999
 10
-37.06918199462891
 20
-84.97273841552734
 10
-37.31564951171876
 20
-84.90888720703123
 10
-37.81698125
 20
-84.78304374999998
 10
-38.32594658203125
 20
-84.65476044921876
 10
-38.58195609130861
 20
-84.58785943603515
 10
-38.83827109375
 20
-84.51813515625
 10
-39.09435728759765
 20
-84.44484984130859
 10
-39.34968037109375
 20
-84.36726572265623
 10
-39.60370604248047
 20
-84.28464503173827
 10
-39.85589999999999
 20
-84.19625000000001
 10
-40.10572794189452
 20
-84.10134285888672
 10
-40.2295876876831
 20
-84.05121669464111
 10
-40.35265556640625
 20
-83.99918583984375
 10
-40.47486479034422
 20
-83.94515807342529
 10
-40.59614857177733
 20
-83.88904117431641
 10
-40.71644012298584
 20
-83.83074292144774
 10
-40.83567265624999
 20
-83.77017109375001
 10
-40.95377938385008
 20
-83.70723347015381
 10
-41.0706935180664
 20
-83.64183782958985
 10
-41.1863482711792
 20
-83.57389195098877
 10
-41.30067685546874
 20
-83.50330361328124
 10
-41.41361248321532
 20
-83.42998059539795
 10
-41.52508836669921
 20
-83.35383067626951
 10
-41.63503771820067
 20
-83.27476163482666
 10
-41.74339375
 20
-83.19268125
 10
-41.85008967437743
 20
-83.10749730072021
 10
-41.95505870361328
 20
-83.01911756591797
 10
-42.05823404998779
 20
-82.92744982452393
 10
-42.15954892578125
 20
-82.83240185546874
 10
-42.25893654327393
 20
-82.73388143768311
 10
-42.35633011474609
 20
-82.63179635009766
 10
-42.45166285247803
 20
-82.52605437164307
 10
-42.54486796874999
 20
-82.41656328125001
 10
-42.63587867584229
 20
-82.30323085784911
 10
-42.72462818603515
 20
-82.18596488037109
 10
-42.81104971160888
 20
-82.06467312774659
 10
-42.89507646484374
 20
-81.93926337890625
 10
-42.97664165802002
 20
-81.80964341278075
 10
-43.05567850341796
 20
-81.67572100830076
 10
-43.13212021331788
 20
-81.53740394439697
 10
-43.2059
 20
-81.39459999999999
 10
-43.1956
 20
-81.37669999999999
 10
-43.17116989746092
 20
-81.51295676269532
 10
-43.1500677734375
 20
-81.6568982421875
 10
-43.13244465332031
 20
-81.80778747558596
 10
-43.1184515625
 20
-81.9648875
 10
-43.10823952636718
 20
-82.12746135253906
 10
-43.10195957031249
 20
-82.2947720703125
 10
-43.09976271972656
 20
-82.46608269042971
 10
-43.10179999999999
 20
-82.64065625
 10
-43.10822243652344
 20
-82.81775578613281
 10
-43.1191810546875
 20
-82.99664433593751
 10
-43.13482687988281
 20
-83.17658493652343
 10
-43.15531093749999
 20
-83.356840625
 10
-43.18078425292969
 20
-83.53667443847657
 10
-43.2113978515625
 20
-83.71534941406251
 10
-43.24730275878906
 20
-83.8921285888672
 10
-43.28864999999999
 20
-84.06627500000002
 10
-43.33559060058593
 20
-84.23705168457031
 10
-43.3882755859375
 20
-84.40372167968751
 10
-43.44685598144531
 20
-84.56554802246094
 10
-43.51148281250001
 20
-84.72179375000001
 10
-43.546110836792
 20
-84.79759358215332
 10
-43.58230710449219
 20
-84.87172189941407
 10
-43.62009049377443
 20
-84.9440865814209
 10
-43.65947988281249
 20
-85.0145955078125
 10
-43.70049414978028
 20
-85.08315655822753
 10
-43.74315217285157
 20
-85.14967761230469
 10
-43.78747283020018
 20
-85.21406654968261
 10
-43.83347500000001
 20
-85.27623124999999
 10
-43.88117756042482
 20
-85.3360795928955
 10
-43.93059938964843
 20
-85.39351945800779
 10
-43.98175936584472
 20
-85.44845872497559
 10
-44.0346763671875
 20
-85.50080527343748
 10
-44.08936927185059
 20
-85.55046698303222
 10
-44.14585695800781
 20
-85.59735173339843
 10
-44.204158303833
 20
-85.64136740417479
 10
-44.2642921875
 20
-85.682421875
 10
-44.32627748718261
 20
-85.7204230255127
 10
-44.39013308105468
 20
-85.75527873535156
 10
-44.45587784729004
 20
-85.78689688415527
 10
-44.52353066406251
 20
-85.81518535156247
 10
-44.5931104095459
 20
-85.84005201721192
 10
-44.66463596191407
 20
-85.86140476074218
 10
-44.73812619934083
 20
-85.87915146179197
 10
-44.8136
 20
-85.89319999999998
 10
-35.35220000000001
 20
-85.8896
 10
-35.37658624267579
 20
-85.77609588088989
 10
-35.39679423828125
 20
-85.66117046508789
 10
-35.41287913818361
 20
-85.54494478988649
 10
-35.42489609375001
 20
-85.42753989257814
 10
-35.43290025634766
 20
-85.30907681045531
 10
-35.43694677734375
 20
-85.18967658081058
 10
-35.43709080810547
 20
-85.06946024093627
 10
-35.43338750000001
 20
-84.94854882812502
 10
-35.42589200439454
 20
-84.8270633796692
 10
-35.41465947265625
 20
-84.70512493286134
 10
-35.39974505615236
 20
-84.5828545249939
 10
-35.38120390625
 20
-84.46037319335937
 10
-35.35909117431641
 20
-84.33780197525022
 10
-35.33346201171875
 20
-84.215261907959
 10
-35.30437156982423
 20
-84.09287402877806
 10
-35.27187500000001
 20
-83.970759375
 10
-35.23602745361329
 20
-83.84903898391725
 10
-35.19688408203125
 20
-83.72783389282229
 10
-35.1545000366211
 20
-83.60726513900758
 10
-35.10893046875001
 20
-83.48745375976562
 10
-35.06023052978516
 20
-83.36852079238893
 10
-35.00845537109376
 20
-83.25058727416992
 10
-34.95366014404297
 20
-83.13377424240112
 10
-34.8959
 20
-83.01820273437499
 10
-34.83523009033204
 20
-82.90399378738404
 10
-34.77170556640625
 20
-82.7912684387207
 10
-34.70538157958986
 20
-82.68014772567751
 10
-34.63631328125
 20
-82.57075268554684
 10
-34.5645558227539
 20
-82.46320435562132
 10
-34.49016435546875
 20
-82.35762377319334
 10
-34.41319403076172
 20
-82.25413197555543
 10
-34.33370000000001
 20
-82.15284999999999
 10
-34.25173741455078
 20
-82.05389888381956
 10
-34.16736142578126
 20
-81.95739966430666
 10
-34.0806271850586
 20
-81.86347337875366
 10
-33.99158984375001
 20
-81.77224106445313
 10
-33.90030455322266
 20
-81.68382375869752
 10
-33.80682646484375
 20
-81.59834249877929
 10
-33.71121072998046
 20
-81.51591832199096
 10
-33.61351250000002
 20
-81.436672265625
 10
-33.51378692626954
 20
-81.36072536697389
 10
-33.41208916015626
 20
-81.28819866333008
 10
-33.30847435302734
 20
-81.21921319198611
 10
-33.20299765625
 20
-81.15388999023437
 10
-33.09571422119141
 20
-81.09235009536742
 10
-32.98667919921876
 20
-81.03471454467774
 10
-32.87594774169923
 20
-80.98110437545779
 10
-32.763575
 20
-80.93164062499999
 10
-32.64961612548829
 20
-80.88644433059693
 10
-32.53412626953125
 20
-80.84563652954104
 10
-32.41716058349609
 20
-80.80933825912477
 10
-32.29877421875
 20
-80.77767055664063
 10
-32.17902232666017
 20
-80.75075445938109
 10
-32.05796005859376
 20
-80.72871100463865
 10
-31.93564256591797
 20
-80.71166122970579
 10
-31.812125
 20
-80.69972617187499
 10
-31.68746251220703
 20
-80.69302686843871
 10
-31.56171025390626
 20
-80.69168435668943
 10
-31.43492337646485
 20
-80.69581967391966
 10
-31.30715703125
 20
-80.70555385742187
 10
-31.17846636962891
 20
-80.72100794448852
 10
-31.04890654296875
 20
-80.74230297241209
 10
-30.91853270263671
 20
-80.76955997848509
 10
-30.7874
 20
-80.80289999999999
 10
-31.02222124023437
 20
-80.59882744140622
 10
-31.24104140625001
 20
-80.40138593749999
 10
-31.44439516601563
 20
-80.21036162109375
 10
-31.6328171875
 20
-80.02554062500001
 10
-31.80684213867188
 20
-79.84670908203125
 10
-31.9670046875
 20
-79.673653125
 10
-32.11383950195312
 20
-79.50615888671875
 10
-32.24788125000001
 20
-79.34401249999997
 10
-32.36966459960938
 20
-79.18700009765622
 10
-32.47972421875
 20
-79.03490781249999
 10
-32.57859477539063
 20
-78.88752177734374
 10
-32.6668109375
 20
-78.744628125
 10
-32.74490737304687
 20
-78.60601298828125
 10
-32.81341875
 20
-78.4714625
 10
-32.87287973632813
 20
-78.34076279296873
 10
-32.92382499999999
 20
-78.21369999999998
 10
-32.96678920898437
 20
-78.09006025390623
 10
-33.00230703125
 20
-77.9696296875
 10
-33.03091313476564
 20
-77.85219443359375
 10
-33.05314218749999
 20
-77.737540625
 10
-33.06952885742187
 20
-77.62545439453124
 10
-33.0806078125
 20
-77.51572187499999
 10
-33.08691372070312
 20
-77.40812919921875
 10
-33.08898125000001
 20
-77.30246249999997
 10
-33.08734506835938
 20
-77.19850791015625
 10
-33.08253984375
 20
-77.09605156249999
 10
-33.07510024414062
 20
-76.99487958984374
 10
-33.0655609375
 20
-76.894778125
 10
-33.042321875
 20
-76.69693124999998
 10
-33.0171
 20
-76.50079999999999
 10
-33.3027158203125
 20
-76.67602519531247
 10
-33.58745156249999
 20
-76.85421406249997
 10
-33.8711771484375
 20
-77.03512402343747
 10
-34.1537625
 20
-77.21851249999997
 10
-34.4350775390625
 20
-77.4041369140625
 10
-34.71499218749999
 20
-77.59175468749998
 10
-34.99337636718751
 20
-77.78112324218747
 10
-35.2701
 20
-77.972
 10
-35.5309581968796
 20
-78.1503554076193
 10
-35.78619604464404
 20
-78.31950654278765
 10
-36.03627405354647
 20
-78.47974952366856
 10
-36.28165273384001
 20
-78.63138046842566
 10
-36.52279259577782
 20
-78.77469549522252
 10
-36.76015414961308
 20
-78.90999072222268
 10
-36.99419790559887
 20
-79.03756226758975
 10
-37.22538437398839
 20
-79.15770624948729
 10
-37.45417406503478
 20
-79.27071878607883
 10
-37.68102748899116
 20
-79.37689599552803
 10
-37.90640515611071
 20
-79.4765339959984
 10
-38.13076757664655
 20
-79.56992890565354
 10
-38.35457526085185
 20
-79.65737684265701
 10
-38.57828871897972
 20
-79.73917392517241
 10
-38.80236846128335
 20
-79.81561627136328
 10
-39.02727499801583
 20
-79.88699999939321
 10
-39.25346883943038
 20
-79.95362122742577
 10
-39.48141049578008
 20
-80.01577607362454
 10
-39.71156047731812
 20
-80.07376065615309
 10
-39.94437929429763
 20
-80.127871093175
 10
-40.18032745697175
 20
-80.17840350285384
 10
-40.41986547559363
 20
-80.22565400335318
 10
-40.66345386041644
 20
-80.26991871283659
 10
-40.91155312169329
 20
-80.31149374946766
 10
-41.16462376967735
 20
-80.35067523140995
 10
-41.42312631462176
 20
-80.38775927682705
 10
-41.68752126677965
 20
-80.42304200388249
 10
-41.9582691364042
 20
-80.45681953073991
 10
-42.52066566906579
 20
-80.52104345651484
  0
LWPOLYLINE
  5
51
330
262D
100
AcDbEntity
  8
LAYER_1
100
AcDbPolyline
 90
      301
 70
     1
 43
0.0
 10
-43.16659999981296
 20
-61.63099999879938
 10
-43.1428
 20
-61.65169999999999
 10
-43.06773430175782
 20
-61.51467848701477
 10
-42.99013310546874
 20
-61.3819455718994
 10
-42.91006057128907
 20
-61.25341275291443
 10
-42.827580859375
 20
-61.12899152832032
 10
-42.74275812988281
 20
-61.00859339637756
 10
-42.65565654296874
 20
-60.89212985534667
 10
-42.56634025878906
 20
-60.77951240348816
 10
-42.4748734375
 20
-60.6706525390625
 10
-42.38132023925781
 20
-60.56546176033019
 10
-42.28574482421875
 20
-60.46385156555175
 10
-42.18821135253906
 20
-60.36573345298768
 10
-42.088783984375
 20
-60.27101892089842
 10
-41.98752687988281
 20
-60.17961946754454
 10
-41.88450419921875
 20
-60.09144659118653
 10
-41.77978010253906
 20
-60.00641179008485
 10
-41.67341875
 20
-59.9244265625
 10
-41.56548430175781
 20
-59.8454024066925
 10
-41.45604091796875
 20
-59.76925082092286
 10
-41.34515275878906
 20
-59.69588330345153
 10
-41.232883984375
 20
-59.62521135253906
 10
-41.11929875488281
 20
-59.55714646644592
 10
-41.00446123046874
 20
-59.49160014343262
 10
-40.88843557128906
 20
-59.42848388175964
 10
-40.77128593749999
 20
-59.3677091796875
 10
-40.65307648925781
 20
-59.30918753547668
 10
-40.53387138671875
 20
-59.25283044738769
 10
-40.41373479003906
 20
-59.19854941368103
 10
-40.29273085937499
 20
-59.14625593261718
 10
-40.04837763671875
 20
-59.04727762145996
 10
-39.80132499999999
 20
-58.9551875
 10
-39.55208623046875
 20
-58.86927755432129
 10
-39.30117460937501
 20
-58.78883977050781
 10
-39.04910341796875
 20
-58.71316613464355
 10
-38.7963859375
 20
-58.6415486328125
 10
-38.54353544921875
 20
-58.57327925109863
 10
-38.291065234375
 20
-58.50764997558593
 10
-37.78931875
 20
-58.38147968750001
 10
-37.295252734375
 20
-58.25737365722657
 10
-37.05238310546875
 20
-58.1943247039795
 10
-36.81297343750002
 20
-58.12966777343749
 10
-36.57753701171876
 20
-58.06269485168456
 10
-36.346587109375
 20
-57.99269792480469
 10
-36.12063701171874
 20
-57.91896897888184
 10
-35.9002
 20
-57.8408
 10
-35.93161810150146
 20
-57.82416779708861
 10
-35.95637108154296
 20
-57.81506122436525
 10
-35.97490226593019
 20
-57.81325439834596
 10
-35.98197322406769
 20
-57.81501780176164
 10
-35.98765498046875
 20
-57.81852143554688
 10
-35.99507255096435
 20
-57.83063645248414
 10
-35.99759830322266
 20
-57.84937356567384
 10
-35.99567556304931
 20
-57.87450689163208
 10
-35.98974765625
 20
-57.905810546875
 10
-35.9676496459961
 20
-57.98602531127929
 10
-35.93485087890626
 20
-58.08821079101563
 10
-35.89489796142578
 20
-58.21055991821289
 10
-35.8513375
 20
-58.35126562500001
 10
-35.80771610107421
 20
-58.50852084350585
 10
-35.786990864563
 20
-58.59278981094361
 10
-35.76758037109375
 20
-58.68051850585938
 10
-35.74992794647217
 20
-58.77148104476929
 10
-35.73447691650391
 20
-58.86545154418945
 10
-35.72167060699463
 20
-58.96220412063597
 10
-35.71195234374999
 20
-59.061512890625
 10
-35.70576545257569
 20
-59.16315197067261
 10
-35.70355325927734
 20
-59.26689547729492
 10
-35.70575908966065
 20
-59.37251752700806
 10
-35.71282626953125
 20
-59.47979223632811
 10
-35.72519812469482
 20
-59.58849372177124
 10
-35.74331798095703
 20
-59.6983960998535
 10
-35.76762916412353
 20
-59.80927348709106
 10
-35.798575
 20
-59.92090000000001
 10
-35.8365988143921
 20
-60.03304975509642
 10
-35.88214393310547
 20
-60.14549686889647
 10
-35.9356536819458
 20
-60.25801545791626
 10
-35.99757138671875
 20
-60.37037963867186
 10
-36.06834037322997
 20
-60.48236352767943
 10
-36.10718263645172
 20
-60.53814227418899
 10
-36.14840396728516
 20
-60.59374124145508
 10
-36.192059781456
 20
-60.6491321940422
 10
-36.23820549468994
 20
-60.70428689651489
 10
-36.2868965227127
 20
-60.75917711343765
 10
-36.33818828125
 20
-60.813774609375
 10
-36.39213618602752
 20
-60.86805114889145
 10
-36.44879565277101
 20
-60.9219784965515
 10
-36.50822209720612
 20
-60.97552841691971
 10
-36.57047093505859
 20
-61.02867267456054
 10
-36.63559758205413
 20
-61.08138303403855
 10
-36.70365745391845
 20
-61.13363125991821
 10
-36.77470596637725
 20
-61.18538911676406
 10
-36.84879853515625
 20
-61.23662836914063
 10
-36.92599057598113
 20
-61.28732078161238
 10
-37.00633750457765
 20
-61.33743811874388
 10
-37.08989473667144
 20
-61.38695214509962
 10
-37.17671768798828
 20
-61.43583462524414
 10
-37.26686177425385
 20
-61.4840573237419
 10
-37.36038241119385
 20
-61.53159200515746
 10
-37.45733501453401
 20
-61.57841043405532
 10
-37.557775
 20
-61.624484375
 10
-37.66175778331756
 20
-61.669785592556
 10
-37.7693387802124
 20
-61.71428585128784
 10
-37.88057340641021
 20
-61.75795691576003
 10
-37.99551707763671
 20
-61.80077055053711
 10
-38.11422520961762
 20
-61.84269852018356
 10
-38.23675321807862
 20
-61.88371258926392
 10
-38.36315651874544
 20
-61.92378452234268
 10
-38.49349052734375
 20
-61.96288608398436
 10
-38.6278106595993
 20
-62.00098903875351
 10
-38.76617233123779
 20
-62.0380651512146
 10
-38.90863095798493
 20
-62.07408618593216
 10
-39.05524195556643
 20
-62.10902390747071
 10
-39.20606073970796
 20
-62.14285008039475
 10
-39.36114272613526
 20
-62.1755364692688
 10
-39.68431796875
 20
-62.237376953125
 10
-40.02521100921631
 20
-62.29431947555542
 10
-40.38426517333983
 20
-62.34613815307617
 10
-40.76192378692628
 20
-62.39260710220337
 10
-41.15863017578124
 20
-62.43350043945313
 10
-41.57482766571043
 20
-62.46859228134156
 10
-42.01095958251954
 20
-62.49765674438475
 10
-42.46746925201415
 20
-62.52046794509887
 10
-42.9448
 20
-62.5368
 10
-42.9638
 20
-62.6038
 10
-42.38743337402343
 20
-62.66496496582031
 10
-41.8401701171875
 20
-62.72906503906249
 10
-41.57635613708496
 20
-62.76292129211426
 10
-41.31850266113281
 20
-62.79835798339844
 10
-41.06617124328612
 20
-62.83565733337402
 10
-40.81892343749998
 20
-62.8751015625
 10
-40.57632079772949
 20
-62.91697289123535
 10
-40.33792487792968
 20
-62.96155354003906
 10
-40.10329723205565
 20
-63.00912572937011
 10
-39.8719994140625
 20
-63.0599716796875
 10
-39.64359297790527
 20
-63.11437361145021
 10
-39.41763947753906
 20
-63.17261374511719
 10
-39.19370046691894
 20
-63.23497430114746
 10
-38.97133749999999
 20
-63.30173750000001
 10
-38.75011213073729
 20
-63.37318556213379
 10
-38.52958591308593
 20
-63.44960070800781
 10
-38.30932040100097
 20
-63.53126515808106
 10
-38.0888771484375
 20
-63.6184611328125
 10
-37.86781770935057
 20
-63.71147085266112
 10
-37.64570363769531
 20
-63.81057653808593
 10
-37.42209648742676
 20
-63.91606040954591
 10
-37.1965578125
 20
-64.0282046875
 10
-36.96864916687012
 20
-64.14729159240723
 10
-36.73793210449219
 20
-64.27360334472654
 10
-36.50396817932128
 20
-64.40742216491701
 10
-36.2663189453125
 20
-64.5490302734375
 10
-36.0245459564209
 20
-64.69870989074705
 10
-35.77821076660156
 20
-64.85674323730468
 10
-35.52687492980957
 20
-65.02341253356934
 10
-35.2701
 20
-65.19899999999999
 10
-34.99337636718751
 20
-65.390021484375
 10
-34.7149921875
 20
-65.57946562499999
 10
-34.4350775390625
 20
-65.76711445312501
 10
-34.1537625
 20
-65.95274999999999
 10
-33.8711771484375
 20
-66.13615429687499
 10
-33.58745156249999
 20
-66.317109375
 10
-33.3027158203125
 20
-66.495397265625
 10
-33.0171
 20
-66.6708
 10
-33.042321875
 20
-66.47465004882811
 10
-33.0655609375
 20
-66.276784765625
 10
-33.07510024414062
 20
-66.17667429809571
 10
-33.08253984375
 20
-66.07549350585937
 10
-33.08734506835938
 20
-65.97302855834961
 10
-33.08898125000001
 20
-65.86906562500001
 10
-33.08691372070312
 20
-65.76339087524414
 10
-33.0806078125
 20
-65.65579047851564
 10
-33.06952885742187
 20
-65.54605060424805
 10
-33.05314218749999
 20
-65.43395742187499
 10
-33.03091313476564
 20
-65.31929710083009
 10
-33.00230703125
 20
-65.20185581054686
 10
-32.96678920898437
 20
-65.08141972045898
 10
-32.92382499999999
 20
-64.95777500000001
 10
-32.87287973632813
 20
-64.8307078186035
 10
-32.81341875
 20
-64.70000434570312
 10
-32.74490737304687
 20
-64.56545075073242
 10
-32.6668109375
 20
-64.426833203125
 10
-32.57859477539063
 20
-64.28393787231446
 10
-32.47972421875
 20
-64.13655092773439
 10
-32.36966459960938
 20
-63.98445853881836
 10
-32.24788125000001
 20
-63.827446875
 10
-32.11383950195312
 20
-63.6653021057129
 10
-31.9670046875
 20
-63.49781040039063
 10
-31.80684213867188
 20
-63.32475792846682
 10
-31.6328171875
 20
-63.145930859375
 10
-31.44439516601563
 20
-62.96111536254883
 10
-31.24104140625001
 20
-62.77009760742188
 10
-31.02222124023437
 20
-62.57266376342773
 10
-30.7874
 20
-62.3686
 10
-30.91853270263671
 20
-62.40191709442139
 10
-31.04890654296875
 20
-62.42915218505859
 10
-31.17846636962891
 20
-62.45042629547119
 10
-31.30715703125001
 20
-62.46586044921875
 10
-31.43492337646485
 20
-62.47557566986084
 10
-31.56171025390626
 20
-62.47969298095704
 10
-31.68746251220703
 20
-62.47833340606689
 10
-31.812125
 20
-62.47161796875
 10
-31.93564256591797
 20
-62.45966769256591
 10
-32.05796005859376
 20
-62.44260360107421
 10
-32.17902232666017
 20
-62.42054671783447
 10
-32.29877421875
 20
-62.39361806640625
 10
-32.41716058349609
 20
-62.36193867034913
 10
-32.53412626953125
 20
-62.32562955322265
 10
-32.64961612548829
 20
-62.28481173858643
 10
-32.763575
 20
-62.23960625
 10
-32.87594774169923
 20
-62.19013411102295
 10
-32.98667919921876
 20
-62.13651634521484
 10
-33.09571422119141
 20
-62.07887397613525
 10
-33.20299765625
 20
-62.01732802734375
 10
-33.30847435302735
 20
-61.9519995223999
 10
-33.41208916015626
 20
-61.88300948486327
 10
-33.51378692626954
 20
-61.81047893829346
 10
-33.61351250000002
 20
-61.73452890624999
 10
-33.71121072998046
 20
-61.65528041229248
 10
-33.80682646484375
 20
-61.57285447998045
 10
-33.90030455322266
 20
-61.48737213287352
 10
-33.99158984375001
 20
-61.39895439453123
 10
-34.0806271850586
 20
-61.30772228851318
 10
-34.16736142578126
 20
-61.2137968383789
 10
-34.25173741455078
 20
-61.11729906768799
 10
-34.33370000000001
 20
-61.01835
 10
-34.41319403076172
 20
-60.9170706588745
 10
-34.49016435546875
 20
-60.81358206787109
 10
-34.5645558227539
 20
-60.70800525054932
 10
-34.63631328125
 20
-60.60046123046875
 10
-34.70538157958986
 20
-60.49107103118896
 10
-34.77170556640625
 20
-60.37995567626952
 10
-34.83523009033204
 20
-60.26723618927
 10
-34.8959
 20
-60.15303359375
 10
-34.95366014404297
 20
-60.03746891326905
 10
-35.00845537109376
 20
-59.92066317138671
 10
-35.06023052978516
 20
-59.8027373916626
 10
-35.10893046875001
 20
-59.68381259765624
 10
-35.1545000366211
 20
-59.56400981292722
 10
-35.19688408203125
 20
-59.44345006103514
 10
-35.23602745361329
 20
-59.32225436553955
 10
-35.27187500000001
 20
-59.20054375
 10
-35.30437156982423
 20
-59.07843923797607
 10
-35.33346201171875
 20
-58.95606185302734
 10
-35.35909117431641
 20
-58.83353261871338
 10
-35.38120390625
 20
-58.71097255859375
 10
-35.39974505615236
 20
-58.58850269622802
 10
-35.41465947265625
 20
-58.46624405517578
 10
-35.42589200439454
 20
-58.34431765899657
 10
-35.43338750000001
 20
-58.22284453125
 10
-35.43709080810547
 20
-58.10194569549561
 10
-35.43694677734375
 20
-57.98174217529297
 10
-35.43290025634766
 20
-57.86235499420165
 10
-35.42489609375001
 20
-57.74390517578124
 10
-35.41287913818361
 20
-57.6265137435913
 10
-35.39679423828125
 20
-57.5103017211914
 10
-35.37658624267579
 20
-57.39539013214112
 10
-35.35220000000001
 20
-57.2819
 10
-44.8136
 20
-57.2783
 10
-44.74091728214396
 20
-57.2917427966988
 10
-44.67007351081912
 20
-57.30861639707431
 10
-44.60105182201179
 20
-57.32883861652581
 10
-44.5338353517084
 20
-57.35232727045261
 10
-44.46840723589526
 20
-57.37900017425403
 10
-44.40475061055872
 20
-57.40877514332932
 10
-44.34284861168515
 20
-57.44156999307787
 10
-44.28268437526092
 20
-57.47730253889893
 10
-44.22424103727236
 20
-57.51589059619182
 10
-44.16750173370585
 20
-57.55725198035587
 10
-44.11244960054771
 20
-57.60130450679033
 10
-44.05906777378434
 20
-57.64796599089454
 10
-44.00733938940208
 20
-57.69715424806781
 10
-43.95724758338725
 20
-57.74878709370945
 10
-43.90877549172627
 20
-57.80278234321872
 10
-43.86190625040545
 20
-57.85905781199499
 10
-43.81662299541114
 20
-57.91753131543753
 10
-43.77290886272974
 20
-57.97812066894564
 10
-43.73074698834757
 20
-58.04074368791863
 10
-43.69012050825101
 20
-58.10531818775581
 10
-43.65101255842638
 20
-58.1717619838565
 10
-43.61340627486007
 20
-58.23999289161998
 10
-43.57728479353842
 20
-58.30992872644557
 10
-43.54263125044782
 20
-58.38148730373258
 10
-43.47766052290505
 20
-58.52914394728805
 10
-43.41835918012264
 20
-58.68230534548084
 10
-43.36459230999142
 20
-58.84031402150539
 10
-43.31622500040227
 20
-59.00251249855614
 10
-43.27312233924599
 20
-59.16824329982756
 10
-43.23514941441348
 20
-59.33684894851406
 10
-43.20217131379554
 20
-59.5076719678101
 10
-43.17405312528307
 20
-59.68005488091012
 10
-43.15065993676686
 20
-59.85334021100856
 10
-43.13185683613779
 20
-60.02687048129988
 10
-43.1175089112867
 20
-60.19998821497853
 10
-43.10748125010444
 20
-60.37203593523893
 10
-43.10163894048186
 20
-60.54235616527553
 10
-43.09984707030981
 20
-60.71029142828277
 10
-43.10197072747911
 20
-60.87518424745511
 10
-43.10787499988065
 20
-61.036377145987
 10
-43.11742497540525
 20
-61.19321264707284
 10
-43.13048574194378
 20
-61.34503327390714
 10
-43.14692238738706
 20
-61.49118154968427
  0
LWPOLYLINE
  5
52
330
262D
100
AcDbEntity
  8
LAYER_1
100
AcDbPolyline
 90
      128
 70
     1
 43
0.0
 10
-20.33899999955798
 20
-71.58599999976988
 10
-20.22778868103027
 20
-71.64544882507323
 10
-20.11525905761719
 20
-71.70878122558594
 10
-20.00155825500488
 20
-71.77588233947753
 10
-19.8868333984375
 20
-71.84663730468748
 10
-19.77123161315918
 20
-71.92093125915526
 10
-19.65490002441406
 20
-71.99864934082031
 10
-19.53798575744629
 20
-72.07967668762205
 10
-19.4206359375
 20
-72.1638984375
 10
-19.30299768981934
 20
-72.25119972839356
 10
-19.18521813964843
 20
-72.34146569824218
 10
-19.06744441223145
 20
-72.43458148498536
 10
-18.9498236328125
 20
-72.53043222656252
 10
-18.83250292663573
 20
-72.62890306091309
 10
-18.71562941894531
 20
-72.72987912597656
 10
-18.59935023498535
 20
-72.83324555969239
 10
-18.4838125
 20
-72.93888749999998
 10
-18.3691633392334
 20
-73.04669008483886
 10
-18.25554987792969
 20
-73.15653845214844
 10
-18.14311924133301
 20
-73.26831773986815
 10
-18.0320185546875
 20
-73.38191308593748
 10
-17.92239494323731
 20
-73.49720962829589
 10
-17.81439553222656
 20
-73.61409250488279
 10
-17.70816744689941
 20
-73.73244685363771
 10
-17.6038578125
 20
-73.8521578125
 10
-17.50161375427246
 20
-73.97311051940919
 10
-17.40158239746094
 20
-74.09519011230469
 10
-17.30391086730957
 20
-74.21828172912599
 10
-17.2087462890625
 20
-74.3422705078125
 10
-17.11623578796387
 20
-74.46704158630371
 10
-17.02652648925782
 20
-74.59248010253905
 10
-16.93976551818848
 20
-74.71847119445801
 10
-16.8561
 20
-74.8449
 10
-16.70170981750488
 20
-74.82000603332519
 10
-16.54703283691406
 20
-74.79038342285156
 10
-16.39212503356934
 20
-74.75600860290526
 10
-16.2370423828125
 20
-74.71685800781248
 10
-16.08184085998536
 20
-74.67290807189939
 10
-15.92657644042969
 20
-74.62413522949221
 10
-15.7713050994873
 20
-74.57051591491699
 10
-15.6160828125
 20
-74.51202656250003
 10
-15.46096555480957
 20
-74.44864360656739
 10
-15.30600930175781
 20
-74.38034348144531
 10
-15.15127002868653
 20
-74.30710262145995
 10
-14.9968037109375
 20
-74.22889746093748
 10
-14.84266632385254
 20
-74.14570443420409
 10
-14.68891384277344
 20
-74.05749997558594
 10
-14.53560224304199
 20
-73.96426051940917
 10
-14.3827875
 20
-73.86596249999998
 10
-14.23052558898926
 20
-73.76258235168456
 10
-14.07887248535156
 20
-73.65409650878904
 10
-13.92788416442871
 20
-73.54048140563964
 10
-13.7776166015625
 20
-73.4217134765625
 10
-13.62812577209473
 20
-73.29776915588379
 10
-13.47946765136719
 20
-73.16862487792969
 10
-13.33169821472168
 20
-73.03425707702638
 10
-13.1848734375
 20
-72.8946421875
 10
-13.03904929504395
 20
-72.74975664367676
 10
-12.89428176269531
 20
-72.59957687988279
 10
-12.7506268157959
 20
-72.44407933044434
 10
-12.6081404296875
 20
-72.2832404296875
 10
-12.46687857971192
 20
-72.11703661193848
 10
-12.32689724121094
 20
-71.94544431152346
 10
-12.18825238952637
 20
-71.76843996276854
 10
-12.051
 20
-71.58599999999999
 10
-12.18825238952637
 20
-71.40352396850584
 10
-12.32689724121094
 20
-71.22648627929685
 10
-12.46687857971192
 20
-71.0548631652832
 10
-12.6081404296875
 20
-70.888630859375
 10
-12.7506268157959
 20
-70.72776559448242
 10
-12.89428176269531
 20
-70.57224360351563
 10
-13.03904929504395
 20
-70.42204111938477
 10
-13.1848734375
 20
-70.277134375
 10
-13.33169821472168
 20
-70.13749960327148
 10
-13.47946765136719
 20
-70.00311303710937
 10
-13.62812577209473
 20
-69.87395090942382
 10
-13.7776166015625
 20
-69.74998945312499
 10
-13.92788416442871
 20
-69.63120490112304
 10
-14.07887248535156
 20
-69.51757348632812
 10
-14.23052558898926
 20
-69.40907144165038
 10
-14.3827875
 20
-69.30567500000001
 10
-14.53560224304199
 20
-69.20736039428712
 10
-14.68891384277344
 20
-69.11410385742188
 10
-14.84266632385254
 20
-69.02588162231443
 10
-14.9968037109375
 20
-68.94266992187501
 10
-15.15127002868653
 20
-68.86444498901365
 10
-15.30600930175781
 20
-68.79118305664062
 10
-15.46096555480957
 20
-68.72286035766602
 10
-15.6160828125
 20
-68.659453125
 10
-15.77130509948731
 20
-68.60093759155275
 10
-15.92657644042969
 20
-68.54728999023439
 10
-16.08184085998535
 20
-68.4984865539551
 10
-16.2370423828125
 20
-68.45450351562501
 10
-16.39212503356934
 20
-68.4153171081543
 10
-16.54703283691406
 20
-68.38090356445313
 10
-16.70170981750488
 20
-68.35123911743163
 10
-16.8561
 20
-68.3263
 10
-16.93976551816717
 20
-68.45274699398699
 10
-17.02652648921368
 20
-68.57875524896058
 10
-17.11623578789552
 20
-68.70421004934461
 10
-17.20874628896864
 20
-68.82899667956308
 10
-17.30391086718902
 20
-68.95300042403988
 10
-17.40158239731262
 20
-69.07610656719889
 10
-17.50161375409543
 20
-69.19820039346404
 10
-17.6038578122934
 20
-69.31916718725926
 10
-17.7081674466625
 20
-69.43889223300847
 10
-17.81439553195872
 20
-69.55726081513555
 10
-17.92239494293801
 20
-69.67415821806445
 10
-18.03201855435634
 20
-69.78946972621907
 10
-18.14311924096969
 20
-69.90308062402329
 10
-18.25554987753403
 20
-70.01487619590109
 10
-18.3691633388053
 20
-70.12474172627634
 10
-18.48381249953953
 20
-70.23256249957296
 10
-18.59935023449264
 20
-70.33822380021487
 10
-18.71562941842061
 20
-70.44161091262598
 10
-18.83250292607942
 20
-70.54260912123019
 10
-18.94982363222502
 20
-70.64110371045149
 10
-19.0674444116134
 20
-70.73697996471368
 10
-19.18521813900053
 20
-70.83012316844075
 10
-19.30299768914237
 20
-70.9204186060566
 10
-19.42063593679489
 20
-71.00775156198512
 10
-19.53798575671406
 20
-71.09200732065024
 10
-19.65490002365585
 20
-71.17307116647589
 10
-19.77123161237624
 20
-71.25082838388596
 10
-19.88683339763118
 20
-71.32516425730438
 10
-20.00155825417666
 20
-71.39596407115506
 10
-20.11525905676864
 20
-71.46311310986192
 10
-20.22778868016308
 20
-71.52649665784884
  0
LWPOLYLINE
  5
53
330
262D
100
AcDbEntity
  8
LAYER_1
100
AcDbPolyline
 90
      130
 70
     1
 43
0.0
 10
-9.191099999637883
 20
-71.58599999983128
 10
-9.031790121459961
 20
-71.66452778320312
 10
-8.85602175292969
 20
-71.75828320312501
 10
-8.664393045043945
 20
-71.86523686523438
 10
-8.457502148437498
 20
-71.98335937499997
 10
-8.000326391601561
 20
-72.244993359375
 10
-7.751237832641598
 20
-72.38444604492187
 10
-7.489279687499999
 20
-72.52695
 10
-7.215050106811522
 20
-72.67047583007812
 10
-6.929147241210937
 20
-72.81299414062499
 10
-6.782005248641968
 20
-72.88324129028321
 10
-6.632169241333008
 20
-72.95247553710935
 10
-6.479713988113402
 20
-73.02044320678709
 10
-6.3247142578125
 20
-73.08689062500002
 10
-6.167244819259642
 20
-73.15156411743162
 10
-6.007380441284178
 20
-73.21421000976562
 10
-5.845195892715455
 20
-73.27457462768555
 10
-5.680765942382812
 20
-73.33240429687499
 10
-5.514165359115601
 20
-73.38744534301756
 10
-5.345468911743163
 20
-73.43944409179687
 10
-5.174751369094848
 20
-73.48814686889648
 10
-5.0020875
 20
-73.53329999999999
 10
-4.827552073287963
 20
-73.57464981079101
 10
-4.651219857788086
 20
-73.61194262695312
 10
-4.473165622329712
 20
-73.64492477416992
 10
-4.293464135742186
 20
-73.673342578125
 10
-4.112190166854858
 20
-73.69694236450195
 10
-3.929418484497069
 20
-73.71547045898437
 10
-3.745223857498169
 20
-73.72867318725586
 10
-3.5596810546875
 20
-73.73629687499999
 10
-3.372864844894408
 20
-73.73808784790039
 10
-3.184849996948241
 20
-73.73379243164063
 10
-2.995711279678343
 20
-73.7231569519043
 10
-2.805523461914062
 20
-73.705927734375
 10
-2.61436131248474
 20
-73.68185110473631
 10
-2.422299600219726
 20
-73.65067338867188
 10
-2.229413093948364
 20
-73.61214091186524
 10
-2.035776562499999
 20
-73.566
 10
-1.84146477470398
 20
-73.51199697875976
 10
-1.646552499389648
 20
-73.44987817382812
 10
-1.451114505386351
 20
-73.37938991088869
 10
-1.255225561523437
 20
-73.30027851562499
 10
-1.157135348653792
 20
-73.25740987014771
 10
-1.05896043663025
 20
-73.2122903137207
 10
-0.9607101715564727
 20
-73.16488813705444
 10
-0.8623938995361321
 20
-73.11517163085935
 10
-0.764020966672898
 20
-73.06310908584595
 10
-0.6656007190704347
 20
-73.00866879272459
 10
-0.5671425028324122
 20
-72.95181904220581
 10
-0.4686556640625007
 20
-72.892528125
 10
-0.3701495488643647
 20
-72.83076433181763
 10
-0.2716335033416741
 20
-72.76649595336914
 10
-0.1731168735980995
 20
-72.69969128036499
 10
-0.0746090057373048
 20
-72.63031860351562
 10
0.0238807541370398
 20
-72.55834621353151
 10
0.1223430599212639
 20
-72.48374240112305
 10
0.2207685655117034
 20
-72.40647545700072
 10
0.3191479248046881
 20
-72.32651367187497
 10
0.4174717916965478
 20
-72.2438253364563
 10
0.5157308200836182
 20
-72.15837874145508
 10
0.6139156638622291
 20
-72.0701421775818
 10
0.7120169769287102
 20
-71.97908393554688
 10
0.8100254131793976
 20
-71.8851723060608
 10
0.9079316265106207
 20
-71.78837557983398
 10
1.005726270818709
 20
-71.6886620475769
 10
1.103399999999999
 20
-71.58599999999999
 10
1.005726270833368
 20
-71.48332628890601
 10
0.9079316265399752
 20
-71.3836012047109
 10
0.8100254132234763
 20
-71.28679303984164
 10
0.7120169769875436
 20
-71.1928700867254
 10
0.6139156639358348
 20
-71.10180063778925
 10
0.5157308201720166
 20
-71.01355298546025
 10
0.4174717917997559
 20
-70.92809542216547
 10
0.3191479249227105
 20
-70.84539624033197
 10
0.2207685656445473
 20
-70.76542373238685
 10
0.1223430600689328
 20
-70.68814619075721
 10
0.0238807542995261
 20
-70.61353190787011
 10
-0.0746090055600046
 20
-70.54154917615261
 10
-0.1731168734059993
 20
-70.47216628803181
 10
-0.2716335031347894
 20
-70.40535153593473
 10
-0.3701495486427104
 20
-70.34107321228855
 10
-0.4686556638261045
 20
-70.27929960952028
 10
-0.5671425025813051
 20
-70.219999020057
 10
-0.6656007188046447
 20
-70.16313973632579
 10
-0.7640209663924625
 20
-70.10869005075375
 10
-0.8623938992410948
 20
-70.05661825576791
 10
-0.9607101712468759
 20
-70.00689264379539
 10
-1.058960436306144
 20
-69.95948150726327
 10
-1.157135348315232
 20
-69.91435313859859
 10
-1.255225561170478
 20
-69.87147583022847
 10
-1.451114505004784
 20
-69.79234756408015
 10
-1.646552498979754
 20
-69.72184304823489
 10
-1.841464774266074
 20
-69.65970862210932
 10
-2.035776562034433
 20
-69.60569062512011
 10
-2.229413093455518
 20
-69.55953539668382
 10
-2.422299599700012
 20
-69.52098927621708
 10
-2.614361311938611
 20
-69.48979860313652
 10
-2.805523461342001
 20
-69.46570971685876
 10
-2.995711279080868
 20
-69.44846895680038
 10
-3.184849996325899
 20
-69.43782266237803
 10
-3.372864844247786
 20
-69.43351717300837
 10
-3.559681054017211
 20
-69.43529882810793
 10
-3.745223856804865
 20
-69.4429139670934
 10
-3.929418483781438
 20
-69.45610892938136
 10
-4.112190166117616
 20
-69.47463005438843
 10
-4.293464134984089
 20
-69.49822368153125
 10
-4.473165621551542
 20
-69.52663615022641
 10
-4.651219856990662
 20
-69.55961379989054
 10
-4.827552072472141
 20
-69.59690296994025
 10
-5.002087499166664
 20
-69.6382499997922
 10
-5.174751368244919
 20
-69.68340122886296
 10
-5.345468910877596
 20
-69.73210299656918
 10
-5.514165358235379
 20
-69.78410164232744
 10
-5.680765941488963
 20
-69.83914350555439
 10
-5.84519589180903
 20
-69.89697492566664
 10
-6.007380440366269
 20
-69.95734224208081
 10
-6.167244818331369
 20
-70.01999179421351
 10
-6.324714256875018
 20
-70.08466992148136
 10
-6.479713987167902
 20
-70.15112296330098
 10
-6.632169240380712
 20
-70.219097259089
 10
-6.782005247684133
 20
-70.288339148262
 10
-6.929147240248853
 20
-70.35859497023664
 10
-7.215050105844952
 20
-70.50113377025728
 10
-7.489279686534503
 20
-70.64468437448383
 10
-7.751237831683017
 20
-70.78721749824923
 10
-8.000326390655992
 20
-70.92670385688645
 10
-8.457502147537347
 20
-71.18841914010808
 10
-8.664393044176732
 20
-71.30658949535837
 10
-8.856021752102597
 20
-71.41359594681225
 10
-9.031790120680438
 20
-71.50740920980266
  0
LWPOLYLINE
  5
54
330
262D
100
AcDbEntity
  8
LAYER_1
100
AcDbPolyline
 90
      304
 70
     1
 43
0.0
 10
2.605799999945931
 20
-71.58599999957806
 10
2.600247000122069
 20
-71.65464455261229
 10
2.597770922851561
 20
-71.74252673339843
 10
2.5970345703125
 20
-71.9710451171875
 10
2.593561010742186
 20
-72.26163742675781
 10
2.587663424682616
 20
-72.42711201477051
 10
2.577320312499999
 20
-72.6043859375
 10
2.561277932739258
 20
-72.79221947937013
 10
2.538282543945312
 20
-72.98937292480468
 10
2.507080404663085
 20
-73.19460655822753
 10
2.488010009384154
 20
-73.29986603431699
 10
2.466417773437501
 20
-73.40668066406251
 10
2.442146979141234
 20
-73.51489548301697
 10
2.415040908813475
 20
-73.62435552673341
 10
2.384942844772338
 20
-73.73490583076476
 10
2.351696069335937
 20
-73.84639143066405
 10
2.315143864822386
 20
-73.95865736198425
 10
2.275129513549805
 20
-74.07154866027831
 10
2.231496297836304
 20
-74.18491036109923
 10
2.184087499999999
 20
-74.2985875
 10
2.132746402359009
 20
-74.41242511253356
 10
2.077316287231445
 20
-74.52626823425294
 10
2.017640436935425
 20
-74.63996190071106
 10
1.953562133789061
 20
-74.75335114746093
 10
1.884924660110472
 20
-74.86628101005554
 10
1.811571298217773
 20
-74.97859652404784
 10
1.733345330429076
 20
-75.09014272499084
 10
1.650090039062499
 20
-75.2007646484375
 10
1.561648706436156
 20
-75.31030732994079
 10
1.467864614868163
 20
-75.41861580505372
 10
1.368581046676633
 20
-75.52553510932923
 10
1.263641284179687
 20
-75.63091027832031
 10
1.152888609695434
 20
-75.73458634757995
 10
1.036166305541992
 20
-75.83640835266113
 10
0.913317654037476
 20
-75.9362213291168
 10
0.7841859374999998
 20
-76.0338703125
 10
0.6486144382476801
 20
-76.12920033836366
 10
0.5064464385986325
 20
-76.22205644226074
 10
0.3575252208709718
 20
-76.31228365974426
 10
0.2016940673828134
 20
-76.39972702636718
 10
0.038796260452272
 20
-76.48423157768251
 10
-0.1313249176025382
 20
-76.56564234924315
 10
-0.3088261844635011
 20
-76.64380437660215
 10
-0.4938642578124994
 20
-76.7185626953125
 10
-0.6865958553314196
 20
-76.78976234092712
 10
-0.8871776947021478
 20
-76.857248348999
 10
-1.095766493606568
 20
-76.92086575508118
 10
-1.312518969726562
 20
-76.98045959472654
 10
-1.537591840744016
 20
-77.03587490348816
 10
-1.771141824340819
 20
-77.08695671691893
 10
-2.013325638198853
 20
-77.13355007057192
 10
-2.264299999999999
 20
-77.1755
 10
-2.107481665039063
 20
-77.31546357421875
 10
-1.934475195312499
 20
-77.47369140625
 10
-1.748822143554686
 20
-77.65037041015623
 10
-1.652359884643554
 20
-77.74568751220702
 10
-1.554064062499999
 20
-77.8456875
 10
-1.45437737121582
 20
-77.95039373779295
 10
-1.353742504882812
 20
-78.05982958984372
 10
-1.252602157592771
 20
-78.17401842041014
 10
-1.151399023437498
 20
-78.29298359375002
 10
-1.050575796508788
 20
-78.41674847412109
 10
-0.9505751708984375
 20
-78.54533642578123
 10
-0.8518398406982425
 20
-78.6787708129883
 10
-0.7548125
 20
-78.817075
 10
-0.6599358428955073
 20
-78.96027235107419
 10
-0.5676525634765623
 20
-79.10838623046875
 10
-0.4784053558349611
 20
-79.2614400024414
 10
-0.3926369140625005
 20
-79.41945703124997
 10
-0.3107899322509773
 20
-79.58246068115234
 10
-0.2333071044921879
 20
-79.75047431640625
 10
-0.1606311248779297
 20
-79.92352130126953
 10
-0.0932046875000003
 20
-80.10162499999999
 10
-0.0314704864501957
 20
-80.28480877685545
 10
0.0241287841796873
 20
-80.47309599609375
 10
0.0731504302978516
 20
-80.66651002197266
 10
0.0950563022613525
 20
-80.76514688873292
 10
0.1151517578124999
 20
-80.86507421874999
 10
0.1333814601898192
 20
-80.96629493255615
 10
0.1496900726318358
 20
-81.06881195068359
 10
0.164022258377075
 20
-81.17262819366455
 10
0.1763226806640625
 20
-81.27774658203122
 10
0.1865360027313233
 20
-81.38417003631591
 10
0.1946068878173829
 20
-81.49190147705075
 10
0.2004799991607666
 20
-81.60094382476806
 10
0.2041
 20
-81.71129999999999
 10
0.2523752685546875
 20
-81.5698106689453
 10
0.2975677734375001
 20
-81.42517910156248
 10
0.3396275634765625
 20
-81.27736618652344
 10
0.3785046875000001
 20
-81.12633281249998
 10
0.4141491943359374
 20
-80.97203986816406
 10
0.4465111328125002
 20
-80.81444824218749
 10
0.4755405517578127
 20
-80.6535188232422
 10
0.5011875000000002
 20
-80.48921249999999
 10
0.5234020263671875
 20
-80.32149016113281
 10
0.5421341796875002
 20
-80.15031269531249
 10
0.5573340087890628
 20
-79.97564099121094
 10
0.5689515625000001
 20
-79.7974359375
 10
0.5769368896484375
 20
-79.61565842285157
 10
0.5812400390625001
 20
-79.43026933593749
 10
0.5818110595703125
 20
-79.24122956542969
 10
0.5785999999999998
 20
-79.0485
 10
0.8624928894043005
 20
-78.8890611328125
 10
1.139029443359377
 20
-78.73653515625
 10
1.670343359375
 20
-78.447553125
 10
2.173161376953124
 20
-78.17221640625
 10
2.414078057861325
 20
-78.0367470703125
 10
2.648103124999996
 20
-77.90118750000001
 10
2.875314031982418
 20
-77.7643705078125
 10
3.09578823242187
 20
-77.62512890625001
 10
3.309603179931636
 20
-77.48229550781252
 10
3.414037638092038
 20
-77.40916713867187
 10
3.516836328124997
 20
-77.334703125
 10
3.618008931732176
 20
-77.25875756835937
 10
3.717565130615235
 20
-77.18118457031249
 10
3.81551460647583
 20
-77.10183823242187
 10
3.911867041015625
 20
-77.02057265625
 10
4.006632115936278
 20
-76.93724194335938
 10
4.099819512939452
 20
-76.8517001953125
 10
4.191438913726805
 20
-76.76380151367185
 10
4.281499999999998
 20
-76.6734
 10
4.370012453460691
 20
-76.58034975585938
 10
4.456985955810544
 20
-76.4845048828125
 10
4.542430188751218
 20
-76.38571948242187
 10
4.626354833984373
 20
-76.28384765625002
 10
4.708769573211666
 20
-76.17874350585937
 10
4.789684088134762
 20
-76.0702611328125
 10
4.869108060455321
 20
-75.95825463867189
 10
4.947051171874999
 20
-75.842578125
 10
5.023523104095457
 20
-75.72308569335937
 10
5.09853353881836
 20
-75.59963144531249
 10
5.172092157745362
 20
-75.47206948242187
 10
5.244208642578125
 20
-75.34025390625
 10
5.314892675018309
 20
-75.20403881835938
 10
5.384153936767579
 20
-75.0632783203125
 10
5.452002109527586
 20
-74.91782651367187
 10
5.518446875
 20
-74.76753750000002
 10
5.583497914886473
 20
-74.61226538085937
 10
5.64716491088867
 20
-74.4518642578125
 10
5.70945754470825
 20
-74.28618823242188
 10
5.770385498046872
 20
-74.11509140625
 10
5.829958452606199
 20
-73.93842788085938
 10
5.888186090087888
 20
-73.75605175781251
 10
5.945078092193603
 20
-73.56781713867187
 10
6.000644140624999
 20
-73.37357812500002
 10
6.054893917083737
 20
-73.17318881835937
 10
6.107837103271486
 20
-72.96650332031248
 10
6.159483380889892
 20
-72.75337573242187
 10
6.209842431640626
 20
-72.53366015624999
 10
6.258923937225342
 20
-72.30721069335938
 10
6.306737579345703
 20
-72.07388144531249
 10
6.353293039703369
 20
-71.83352651367187
 10
6.3986
 20
-71.58599999999999
 10
6.353293039703369
 20
-71.33846843605041
 10
6.306737579345702
 20
-71.09810774230957
 10
6.258923937225342
 20
-70.86477204093933
 10
6.209842431640626
 20
-70.63831545410156
 10
6.159483380889893
 20
-70.41859210395812
 10
6.107837103271486
 20
-70.2054561126709
 10
6.054893917083737
 20
-69.99876160240173
 10
6.000644140624999
 20
-69.79836269531251
 10
5.945078092193603
 20
-69.60411351356507
 10
5.888186090087889
 20
-69.4158681793213
 10
5.829958452606199
 20
-69.23348081474305
 10
5.770385498046872
 20
-69.05680554199219
 10
5.70945754470825
 20
-68.88569648323059
 10
5.64716491088867
 20
-68.72000776062012
 10
5.583497914886473
 20
-68.55959349632263
 10
5.518446875
 20
-68.40430781250001
 10
5.452002109527589
 20
-68.25400483131409
 10
5.384153936767579
 20
-68.10853867492676
 10
5.314892675018311
 20
-67.96776346549989
 10
5.244208642578126
 20
-67.83153332519532
 10
5.172092157745362
 20
-67.69970237617494
 10
5.09853353881836
 20
-67.5721247406006
 10
5.023523104095457
 20
-67.44865454063418
 10
4.947051171874999
 20
-67.3291458984375
 10
4.869108060455323
 20
-67.2134529361725
 10
4.789684088134763
 20
-67.10142977600097
 10
4.708769573211668
 20
-66.99293054008484
 10
4.626354833984374
 20
-66.88780935058595
 10
4.542430188751219
 20
-66.78592032966614
 10
4.456985955810545
 20
-66.68711759948731
 10
4.370012453460693
 20
-66.59125528221129
 10
4.281499999999998
 20
-66.4981875
 10
4.191438913726803
 20
-66.40776837501525
 10
4.099819512939454
 20
-66.31985202941894
 10
4.006632115936283
 20
-66.23429258537294
 10
3.911867041015625
 20
-66.15094416503905
 10
3.815514606475828
 20
-66.06966089057923
 10
3.717565130615235
 20
-65.99029688415527
 10
3.618008931732183
 20
-65.91270626792908
 10
3.516836328125002
 20
-65.83674316406249
 10
3.414037638092042
 20
-65.76226169471741
 10
3.309603179931644
 20
-65.68911598205566
 10
3.095788232421879
 20
-65.5462483154297
 10
2.875314031982421
 20
-65.4069731414795
 10
2.648103125
 20
-65.2701234375
 10
2.414078057861329
 20
-65.13453218078613
 10
2.173161376953118
 20
-64.99903234863281
 10
1.670343359374995
 20
-64.7236388671875
 10
1.139029443359373
 20
-64.43460681152344
 10
0.8624928894042957
 20
-64.28205876159669
 10
0.5786
 20
-64.1226
 10
0.5818110595703125
 20
-63.92995732421876
 10
0.5812400390625001
 20
-63.74099140624999
 10
0.5769368896484375
 20
-63.55566416015625
 10
0.5689515625000001
 20
-63.3739375
 10
0.5573340087890623
 20
-63.19577333984375
 10
0.5421341796874998
 20
-63.02113359375
 10
0.5234020263671873
 20
-62.84998017578125
 10
0.5011874999999998
 20
-62.682275
 10
0.4755405517578124
 20
-62.51797998046875
 10
0.4465111328124999
 20
-62.35705703124999
 10
0.4141491943359376
 20
-62.19946806640624
 10
0.3785046875000002
 20
-62.045175
 10
0.3396275634765628
 20
-61.89413974609375
 10
0.2975677734375005
 20
-61.74632421874999
 10
0.2523752685546881
 20
-61.60169033203125
 10
0.2041
 20
-61.4602
 10
0.2004799991607668
 20
-61.57055610275268
 10
0.1946068878173829
 20
-61.67959823608398
 10
0.1865360027313231
 20
-61.78732932510376
 10
0.176322680664062
 20
-61.89375229492187
 10
0.1640222583770741
 20
-61.9988700706482
 10
0.1496900726318353
 20
-62.10268557739258
 10
0.1333814601898192
 20
-62.2052017402649
 10
0.1151517578124995
 20
-62.306421484375
 10
0.0950563022613513
 20
-62.40634773483275
 10
0.0731504302978511
 20
-62.50498341674805
 10
0.0241287841796871
 20
-62.69839477539061
 10
-0.0314704864501955
 20
-62.88667896118163
 10
-0.0932046875000001
 20
-63.069859375
 10
-0.1606311248779294
 20
-63.2479594177246
 10
-0.2333071044921871
 20
-63.42100249023436
 10
-0.3107899322509756
 20
-63.5890119934082
 10
-0.3926369140624988
 20
-63.752011328125
 10
-0.4784053558349591
 20
-63.91002389526367
 10
-0.5676525634765602
 20
-64.06307309570312
 10
-0.6599358428955081
 20
-64.21118233032228
 10
-0.7548125
 20
-64.35437499999999
 10
-0.8518398406982418
 20
-64.49267450561523
 10
-0.9505751708984394
 20
-64.62610424804687
 10
-1.05057579650879
 20
-64.75468762817382
 10
-1.151399023437502
 20
-64.87844804687501
 10
-1.252602157592774
 20
-64.99740890502929
 10
-1.353742504882813
 20
-65.11159360351562
 10
-1.45437737121582
 20
-65.22102554321289
 10
-1.554064062499999
 20
-65.32572812500001
 10
-1.652359884643554
 20
-65.42572474975585
 10
-1.748822143554686
 20
-65.5210388183594
 10
-1.934475195312499
 20
-65.697712890625
 10
-2.10748166503906
 20
-65.85593754882811
 10
-2.264299999999999
 20
-65.9959
 10
-2.013325638309803
 20
-66.03785043638146
 10
-1.771141824554873
 20
-66.08444528804196
 10
-1.537591841053554
 20
-66.13552955620249
 10
-1.31251897012416
 20
-66.19094824208395
 10
-1.095766494085015
 20
-66.25054634690723
 10
-0.8871776952544582
 20
-66.31416887189324
 10
-0.6865958559508103
 20
-66.38166081826293
 10
-0.4938642584923896
 20
-66.45286718723716
 10
-0.3088261851975393
 20
-66.52763298003688
 10
-0.1313249183845753
 20
-66.60580319788299
 10
0.0387962596281786
 20
-66.68722284199642
 10
0.2016940665223834
 20
-66.77173691359804
 10
0.357525219979721
 20
-66.85919041390882
 10
0.5064464376818659
 20
-66.94942834414963
 10
0.6486144373104841
 20
-67.04229570554137
 10
0.7841859365472535
 20
-67.137637499305
 10
0.9133176530738499
 20
-67.23529872666141
 10
1.036166304571939
 20
-67.33512438883149
 10
1.152888608723199
 20
-67.43695948703621
 10
1.263641283209305
 20
-67.54064902249641
 10
1.368581045711924
 20
-67.64603799643305
 10
1.467864613912734
 20
-67.75297141006703
 10
1.561648705493409
 20
-67.86129426461927
 10
1.650090038135618
 20
-67.97085156131067
 10
1.733345329521035
 20
-68.08148830136214
 10
1.811571297331339
 20
-68.19304948599462
 10
1.884924659248195
 20
-68.30538011642897
 10
1.95356213295328
 20
-68.41832519388616
 10
2.017640436128269
 20
-68.53172971958708
 10
2.077316286454831
 20
-68.64543869475264
 10
2.132746401614642
 20
-68.75929712060372
 10
2.184087499289375
 20
-68.8731499983613
 10
2.231496297160704
 20
-68.98684232924624
 10
2.275129512910299
 20
-69.10021911447947
 10
2.315143864219836
 20
-69.21312535528191
 10
2.351696068770989
 20
-69.32540605287446
 10
2.384942844245426
 20
-69.43690620847803
 10
2.415040908324826
 20
-69.54747082331353
 10
2.44214697869086
 20
-69.65694489860189
 10
2.466417773025203
 20
-69.76517343556402
 10
2.488010009009523
 20
-69.87200143542081
 10
2.507080404325499
 20
-69.97727389939321
 10
2.538282543679102
 20
-70.18253222456839
 10
2.561277932539399
 20
-70.37970842085688
 10
2.577320312359775
 20
-70.56756249802598
 10
2.587663424593614
 20
-70.74485446584295
 10
2.593561010694301
 20
-70.91034433407514
 10
2.597034570309769
 20
-71.20095781085431
 10
2.597770922833263
 20
-71.42948300650181
 10
2.600247000068982
 20
-71.51736252331947
  0
LWPOLYLINE
  5
55
330
262D
100
AcDbEntity
  8
LAYER_1
100
AcDbPolyline
 90
      120
 70
     1
 43
0.0
 10
8.746299999941316
 20
-71.58599999987969
 10
8.736356350326536
 20
-71.61225375709533
 10
8.730904220581054
 20
-71.64082283020021
 10
8.729836839675902
 20
-71.67155485954285
 10
8.733047436523438
 20
-71.70429748535156
 10
8.740429240036011
 20
-71.73889834785462
 10
8.751875479125976
 20
-71.77520508728027
 10
8.767279382705687
 20
-71.81306534385679
 10
8.7865341796875
 20
-71.8523267578125
 10
8.809533098983761
 20
-71.89283696937561
 10
8.836169369506835
 20
-71.93444361877441
 10
8.866336220169069
 20
-71.97699434623719
 10
8.899926879882812
 20
-72.02033679199221
 10
8.936834577560425
 20
-72.0643185962677
 10
8.976952542114254
 20
-72.10878739929199
 10
9.066392187499999
 20
-72.19857656249999
 10
9.167391647338867
 20
-72.28848540344241
 10
9.279096752929687
 20
-72.37729504394531
 10
9.400653335571286
 20
-72.46378660583497
 10
9.464859003067015
 20
-72.50578220787048
 10
9.5312072265625
 20
-72.54674121093749
 10
9.599591234970091
 20
-72.58651125526428
 10
9.669904257202148
 20
-72.62493998107911
 10
9.742039522171019
 20
-72.66187502861024
 10
9.81589025878906
 20
-72.69716403808594
 10
9.891349695968626
 20
-72.7306546497345
 10
9.968311062622072
 20
-72.76219450378417
 10
10.04666758766174
 20
-72.79163124046326
 10
10.1263125
 20
-72.81881250000001
 10
10.20713902854919
 20
-72.84358592262269
 10
10.28904040222168
 20
-72.86579914855956
 10
10.37190984992981
 20
-72.88529981803894
 10
10.45564060058594
 20
-72.90193557128906
 10
10.54012588310242
 20
-72.9155540485382
 10
10.6252589263916
 20
-72.92600289001464
 10
10.71093295936585
 20
-72.93312973594665
 10
10.7970412109375
 20
-72.9367822265625
 10
10.88347691001892
 20
-72.93680800209045
 10
10.97013328552246
 20
-72.93305470275879
 10
11.05690356636047
 20
-72.92536996879579
 10
11.14368098144531
 20
-72.91360144042968
 10
11.23035875968933
 20
-72.89759675788879
 10
11.31683013000488
 20
-72.87720356140138
 10
11.40298832130432
 20
-72.85226949119568
 10
11.4887265625
 20
-72.82264218749999
 10
11.57393808250427
 20
-72.7881692905426
 10
11.65851611022949
 20
-72.74869844055174
 10
11.74235387458801
 20
-72.70407727775574
 10
11.82534460449219
 20
-72.65415344238281
 10
11.90738152885437
 20
-72.59877457466126
 10
11.98835787658691
 20
-72.53778831481935
 10
12.06816687660217
 20
-72.47104230308533
 10
12.1467017578125
 20
-72.3983841796875
 10
12.22385574913025
 20
-72.31966158485413
 10
12.29952207946777
 20
-72.23472215881347
 10
12.37359397773743
 20
-72.14341354179381
 10
12.44596467285156
 20
-72.04558337402343
 10
12.51652739372254
 20
-71.94107929573059
 10
12.58517536926269
 20
-71.82974894714357
 10
12.6518018283844
 20
-71.7114399684906
 10
12.7163
 20
-71.58599999999999
 10
12.65180182839424
 20
-71.46053696023861
 10
12.58517536928299
 20
-71.34220564273464
 10
12.51652739375386
 20
-71.2308536877164
 10
12.44596467289445
 20
-71.12632873541226
 10
12.37359397779236
 20
-71.02847842605055
 10
12.29952207953517
 20
-70.93715039985958
 10
12.2238557492105
 20
-70.85219229706772
 10
12.14670175790593
 20
-70.7734517579033
 10
12.06816687670908
 20
-70.70077642259469
 10
11.98835787670753
 20
-70.6340139313702
 10
11.90738152898889
 20
-70.57301192445817
 10
11.82534460464074
 20
-70.51761804208695
 10
11.74235387475071
 20
-70.46767992448486
 10
11.65851611040637
 20
-70.42304521188026
 10
11.57393808269533
 20
-70.38356154450148
 10
11.48872656270518
 20
-70.34907656257688
 10
11.40298832152353
 20
-70.31943790633478
 10
11.31683013023798
 20
-70.29449321600354
 10
11.23035875993612
 20
-70.27409013181146
 10
11.14368098170555
 20
-70.25807629398693
 10
11.05690356663387
 20
-70.24629934275825
 10
10.97013328580867
 20
-70.23860691835378
 10
10.88347691031757
 20
-70.23484666100185
 10
10.79704121124814
 20
-70.23486621093079
 10
10.710932959688
 20
-70.238513208369
 10
10.62525892672474
 20
-70.24563529354473
 10
10.54012588344597
 20
-70.2560801066864
 10
10.45564060093927
 20
-70.2696952880223
 10
10.37190985029224
 20
-70.2863284777808
 10
10.28904040259249
 20
-70.30582731619022
 10
10.20713902892762
 20
-70.3280394434789
 10
10.12631250038522
 20
-70.35281249987519
 10
10.04666758805288
 20
-70.37999412560743
 10
9.968311063018223
 20
-70.40943196090394
 10
9.891349696368827
 20
-70.44097364599308
 10
9.815890259192297
 20
-70.4744668211032
 10
9.742039522576231
 20
-70.50975912646262
 10
9.669904257608227
 20
-70.54669820229969
 10
9.599591235375887
 20
-70.58513168884274
 10
9.531207226966804
 20
-70.62490722632012
 10
9.46485900346858
 20
-70.66587245496018
 10
9.40065333596881
 20
-70.70787501499122
 10
9.279096753315037
 20
-70.79438269013969
 10
9.167391647706274
 20
-70.8832113735923
 10
9.066392187843302
 20
-70.97314218717572
 10
8.976952542426911
 20
-71.06295625271669
 10
8.936834577855185
 20
-71.1074386055421
 10
8.899926880157895
 20
-71.15143469204195
 10
8.866336220422644
 20
-71.19479215244449
 10
8.836169369737032
 20
-71.23735862697817
 10
8.809533099188657
 20
-71.27898175587124
 10
8.786534179865112
 20
-71.3195091793521
 10
8.767279382854008
 20
-71.35878853764904
 10
8.751875479242929
 20
-71.39666747099046
 10
8.740429240119484
 20
-71.43299361960465
 10
8.733047436571263
 20
-71.46761462371997
 10
8.729836839685871
 20
-71.50037812356477
 10
8.730904220550902
 20
-71.53113175936735
 10
8.736356350253963
 20
-71.55972317135611
  0
LWPOLYLINE
  5
56
330
262D
100
AcDbEntity
  8
LAYER_1
100
AcDbPolyline
 90
      726
 70
     1
 43
0.0
 10
-40.62020000330963
 20
-71.58599999788987
 10
-40.86314658813475
 20
-71.74517358703612
 10
-41.10519262695313
 20
-71.91196057128905
 10
-41.34621627807615
 20
-72.0855602874756
 10
-41.58609570312499
 20
-72.2651720703125
 10
-41.8247090637207
 20
-72.4499952545166
 10
-42.06193452148436
 20
-72.63922917480468
 10
-42.2976502380371
 20
-72.83207316589354
 10
-42.531734375
 20
-73.02772656249998
 10
-42.76406509399413
 20
-73.22538869934082
 10
-42.99452055664061
 20
-73.42425891113281
 10
-43.44931835937499
 20
-73.82242089843749
 10
-44.33105
 20
-74.59801249999998
 10
-44.5449671936035
 20
-74.7829206085205
 10
-44.75603442382813
 20
-74.96263146972655
 10
-44.96412985229492
 20
-75.13634441833495
 10
-45.169131640625
 20
-75.3032587890625
 10
-45.37091795043946
 20
-75.46257391662597
 10
-45.56936694335938
 20
-75.61348913574218
 10
-45.76435678100586
 20
-75.75520378112791
 10
-45.95576562499999
 20
-75.88691718749998
 10
-46.14347163696289
 20
-76.0078286895752
 10
-46.2358980064392
 20
-76.06398351860045
 10
-46.32735297851563
 20
-76.11713762207031
 10
-46.41782132339478
 20
-76.16719091682433
 10
-46.50728781127929
 20
-76.21404331970214
 10
-46.59573721237181
 20
-76.25759474754335
 10
-46.683154296875
 20
-76.2977451171875
 10
-46.76952383499145
 20
-76.33439434547423
 10
-46.85483059692383
 20
-76.36744234924314
 10
-46.93905935287475
 20
-76.39678904533386
 10
-47.02219487304688
 20
-76.42233435058594
 10
-47.10422192764283
 20
-76.44397818183898
 10
-47.18512528686524
 20
-76.46162045593263
 10
-47.26488972091675
 20
-76.47516108970641
 10
-47.3435
 20
-76.4845
 10
-47.28228559856414
 20
-76.5652042570591
 10
-47.21916735687254
 20
-76.64439091682433
 10
-47.15418740634918
 20
-76.72206299967766
 10
-47.08738787841797
 20
-76.79822352600098
 10
-47.01881090450287
 20
-76.87287551617621
 10
-46.94849861602783
 20
-76.94602199058535
 10
-46.87649314441681
 20
-77.01766596961019
 10
-46.80283662109375
 20
-77.08781047363281
 10
-46.7275711774826
 20
-77.15645852303506
 10
-46.65073894500732
 20
-77.22361313819884
 10
-46.57238205509186
 20
-77.28927733950614
 10
-46.49254263916016
 20
-77.35345414733888
 10
-46.41126282863616
 20
-77.41614658207893
 10
-46.32858475494384
 20
-77.47735766410826
 10
-46.15920234375
 20
-77.59534785156249
 10
-45.98473245697021
 20
-77.70744887275694
 10
-45.8055121459961
 20
-77.81368489074705
 10
-45.62187846221923
 20
-77.91408006858826
 10
-45.43416845703124
 20
-78.00865856933594
 10
-45.24271918182373
 20
-78.09744455604555
 10
-45.04786768798827
 20
-78.18046219177245
 10
-44.84995102691651
 20
-78.25773563957215
 10
-44.64930625
 20
-78.3292890625
 10
-44.44627040863038
 20
-78.39514662361145
 10
-44.24118055419921
 20
-78.45533248596192
 10
-44.03437373809814
 20
-78.50987081260679
 10
-43.82618701171875
 20
-78.55878576660156
 10
-43.61695742645263
 20
-78.60210151100158
 10
-43.40702203369139
 20
-78.63984220886229
 10
-43.19671788482666
 20
-78.67203202323913
 10
-42.98638203125
 20
-78.6986951171875
 10
-42.77635152435303
 20
-78.71985565376279
 10
-42.56696341552735
 20
-78.73553779602052
 10
-42.35855475616454
 20
-78.74576570701598
 10
-42.15146259765624
 20
-78.75056354980468
 10
-41.94602399139403
 20
-78.74995548744202
 10
-41.74257598876953
 20
-78.74396568298341
 10
-41.54145564117432
 20
-78.73261829948423
 10
-41.343
 20
-78.71593749999999
 10
-41.14754611663818
 20
-78.69394744758605
 10
-40.95543104248046
 20
-78.66667230529784
 10
-40.76699182891846
 20
-78.6341362361908
 10
-40.58256552734375
 20
-78.59636340332031
 10
-40.40248918914795
 20
-78.55337796974183
 10
-40.22709986572265
 20
-78.50520409851073
 10
-40.05673460845946
 20
-78.45186595268251
 10
-39.89173046875
 20
-78.39338769531249
 10
-39.73242449798585
 20
-78.32979348945619
 10
-39.57915374755859
 20
-78.26110749816894
 10
-39.43225526885986
 20
-78.18735388450622
 10
-39.29206611328125
 20
-78.10855681152344
 10
-39.22459286022186
 20
-78.06727452874183
 10
-39.15892333221436
 20
-78.024740442276
 10
-39.09509966068268
 20
-77.98095757250786
 10
-39.03316397705078
 20
-77.93592893981932
 10
-38.97315841274262
 20
-77.88965756459234
 10
-38.91512509918213
 20
-77.84214646720887
 10
-38.85910616779327
 20
-77.79339866805077
 10
-38.80514375
 20
-77.7434171875
 10
-38.75327997722626
 20
-77.6922050459385
 10
-38.703556980896
 20
-77.63976526374816
 10
-38.65601689243316
 20
-77.58610086131096
 10
-38.61070184326172
 20
-77.5312148590088
 10
-38.5676539648056
 20
-77.47511027722358
 10
-38.52691538848878
 20
-77.4177901363373
 10
-38.48852824573518
 20
-77.3592574567318
 10
-38.45253466796875
 20
-77.29951525878906
 10
-38.41897678661347
 20
-77.238566562891
 10
-38.38789673309326
 20
-77.17641438941956
 10
-38.35933663883209
 20
-77.11306175875662
 10
-38.33333863525389
 20
-77.04851169128419
 10
-38.30994485378265
 20
-76.98276720738409
 10
-38.28919742584228
 20
-76.91583132743834
 10
-38.27113848285675
 20
-76.84770707182884
 10
-38.25581015625
 20
-76.77839746093749
 10
-38.24325457744598
 20
-76.70790551514625
 10
-38.23351387786864
 20
-76.63623425483702
 10
-38.22663018894196
 20
-76.56338670039177
 10
-38.22264564208984
 20
-76.48936587219238
 10
-38.22160236873627
 20
-76.41417479062079
 10
-38.22354250030518
 20
-76.33781647605895
 10
-38.22850816822051
 20
-76.26029394888877
 10
-38.23654150390625
 20
-76.1816102294922
 10
-38.24768463878632
 20
-76.10176833825112
 10
-38.26197970428467
 20
-76.02077129554749
 10
-38.27946883182526
 20
-75.93862212176325
 10
-38.30019415283203
 20
-75.85532383728028
 10
-38.32419779872894
 20
-75.77087946248055
 10
-38.35152190093994
 20
-75.68529201774596
 10
-38.38220859088898
 20
-75.59856452345847
 10
-38.4163
 20
-75.5107
 10
-38.40441635742187
 20
-75.6210428741455
 10
-38.40079882812501
 20
-75.72593479003906
 10
-38.40503813476562
 20
-75.8253300628662
 10
-38.41672499999999
 20
-75.91918300781251
 10
-38.43545014648439
 20
-76.00744794006349
 10
-38.460804296875
 20
-76.09007917480468
 10
-38.49237817382812
 20
-76.16703102722168
 10
-38.5297625
 20
-76.23825781249999
 10
-38.57254799804687
 20
-76.3037138458252
 10
-38.620325390625
 20
-76.36335344238279
 10
-38.67268540039061
 20
-76.41713091735839
 10
-38.72921875
 20
-76.46500058593748
 10
-38.78951616210939
 20
-76.50691676330566
 10
-38.853168359375
 20
-76.54283376464843
 10
-38.91976606445314
 20
-76.57270590515138
 10
-38.9889
 20
-76.59648749999999
 10
-39.06016088867187
 20
-76.61413286437987
 10
-39.133139453125
 20
-76.62559631347656
 10
-39.20742641601562
 20
-76.63083216247557
 10
-39.2826125
 20
-76.62979472656252
 10
-39.35828842773439
 20
-76.62243832092284
 10
-39.434044921875
 20
-76.60871726074218
 10
-39.50947270507812
 20
-76.58858586120607
 10
-39.5841625
 20
-76.56199843749999
 10
-39.65770502929686
 20
-76.52890930480956
 10
-39.729691015625
 20
-76.48927277832031
 10
-39.79971118164062
 20
-76.44304317321779
 10
-39.86735625
 20
-76.3901748046875
 10
-39.93221694335936
 20
-76.33062198791505
 10
-39.99388398437501
 20
-76.26433903808595
 10
-40.05194809570313
 20
-76.19128027038574
 10
-40.106
 20
-76.1114
 10
-40.16254775390625
 20
-76.0151091796875
 10
-40.21464765625
 20
-75.9150671875
 10
-40.26215966796875
 20
-75.81163847656248
 10
-40.30494374999999
 20
-75.70518749999999
 10
-40.34285986328124
 20
-75.5960787109375
 10
-40.37576796875
 20
-75.48467656250001
 10
-40.40352802734374
 20
-75.3713455078125
 10
-40.426
 20
-75.25645
 10
-40.44304384765625
 20
-75.14035449218749
 10
-40.45451953125
 20
-75.0234234375
 10
-40.46028701171874
 20
-74.90602128906252
 10
-40.46020624999999
 20
-74.78851250000002
 10
-40.45413720703125
 20
-74.67126152343752
 10
-40.44193984375
 20
-74.55463281250001
 10
-40.42347412109374
 20
-74.43899082031252
 10
-40.3986
 20
-74.32470000000001
 10
-40.37837435150146
 20
-74.24820280685425
 10
-40.35634129638672
 20
-74.17415526733399
 10
-40.33254323272704
 20
-74.10253906631469
 10
-40.30702255859375
 20
-74.0333358886719
 10
-40.27982167205811
 20
-73.96652741928102
 10
-40.2509829711914
 20
-73.90209534301757
 10
-40.22054885406493
 20
-73.84002134475709
 10
-40.18856171874999
 20
-73.78028710937503
 10
-40.15506396331786
 20
-73.72287432174683
 10
-40.12009798583984
 20
-73.66776466674807
 10
-40.0837061843872
 20
-73.61493982925416
 10
-40.04593095703125
 20
-73.56438149414062
 10
-40.00681470184325
 20
-73.51607134628297
 10
-39.96639981689453
 20
-73.46999107055665
 10
-39.92472870025635
 20
-73.42612235183716
 10
-39.88184375
 20
-73.384446875
 10
-39.83778736419679
 20
-73.34494632492066
 10
-39.79260194091796
 20
-73.30760238647461
 10
-39.74632987823486
 20
-73.27239674453736
 10
-39.69901357421875
 20
-73.23931108398437
 10
-39.65069542694092
 20
-73.20832708969117
 10
-39.60141783447266
 20
-73.1794264465332
 10
-39.55122319488525
 20
-73.15259083938598
 10
-39.50015390625
 20
-73.127801953125
 10
-39.44825236663818
 20
-73.10504147262573
 10
-39.3955609741211
 20
-73.08429108276367
 10
-39.34212212677001
 20
-73.0655324684143
 10
-39.28797822265625
 20
-73.04874731445313
 10
-39.23317165985107
 20
-73.03391730575561
 10
-39.17774483642578
 20
-73.02102412719726
 10
-39.0652
 20
-73.00097500000003
 10
-38.95068289794922
 20
-72.98845341186524
 10
-38.83453271484376
 20
-72.98331284179687
 10
-38.71708863525391
 20
-72.98540676879881
 10
-38.59868984375
 20
-72.994588671875
 10
-38.47967552490235
 20
-73.0107120300293
 10
-38.36038486328125
 20
-73.03363032226562
 10
-38.24115704345704
 20
-73.06319702758789
 10
-38.12233125
 20
-73.099265625
 10
-38.00424666748046
 20
-73.14168959350586
 10
-37.88724248046875
 20
-73.19032241210938
 10
-37.77165787353515
 20
-73.24501755981446
 10
-37.65783203125
 20
-73.305628515625
 10
-37.5461041381836
 20
-73.37200875854492
 10
-37.43681337890625
 20
-73.44401176757812
 10
-37.33029893798828
 20
-73.52149102172852
 10
-37.2269
 20
-73.6043
 10
-37.16226418151857
 20
-73.65984128417969
 10
-37.09800524902344
 20
-73.71793183593748
 10
-37.03422411193848
 20
-73.77861545410157
 10
-36.97102167968751
 20
-73.84193593750002
 10
-36.90849886169433
 20
-73.90793708496094
 10
-36.84675656738281
 20
-73.97666269531249
 10
-36.78589570617676
 20
-74.04815656738279
 10
-36.7260171875
 20
-74.12246249999999
 10
-36.66722192077636
 20
-74.1996242919922
 10
-36.60961081542968
 20
-74.27968574218749
 10
-36.55328478088379
 20
-74.36269064941406
 10
-36.4983447265625
 20
-74.44868281249998
 10
-36.44489156188965
 20
-74.53770603027344
 10
-36.39302619628907
 20
-74.6298041015625
 10
-36.34284953918458
 20
-74.72502082519532
 10
-36.2944625
 20
-74.82339999999997
 10
-36.24796598815918
 20
-74.92498542480468
 10
-36.20346091308594
 20
-75.02982089843751
 10
-36.16104818420411
 20
-75.13795021972656
 10
-36.1208287109375
 20
-75.2494171875
 10
-36.08290340270997
 20
-75.36426560058593
 10
-36.04737316894532
 20
-75.48253925781247
 10
-36.01433891906739
 20
-75.60428195800779
 10
-35.98390156250001
 20
-75.72953749999998
 10
-35.95616200866699
 20
-75.85834968261718
 10
-35.9312211669922
 20
-75.9907623046875
 10
-35.90917994689941
 20
-76.12681916503904
 10
-35.8901392578125
 20
-76.26656406249999
 10
-35.87420000915527
 20
-76.41004079589844
 10
-35.86146311035157
 20
-76.5572931640625
 10
-35.85202947082521
 20
-76.70836496582031
 10
-35.846
 20
-76.86329999999999
 10
-35.46315286827087
 20
-76.51434410667419
 10
-35.08875898132324
 20
-76.1831685760498
 10
-34.72258960151672
 20
-75.86940069465637
 10
-34.36441599121094
 20
-75.57266774902344
 10
-34.18825611910819
 20
-75.43057290415763
 10
-34.0140094127655
 20
-75.29259702568054
 10
-33.84164727997781
 20
-75.15869352440834
 10
-33.67114112854004
 20
-75.02881581115722
 10
-33.50246236624717
 20
-74.90291729674336
 10
-33.33558240089417
 20
-74.78095139198305
 10
-33.17047264027597
 20
-74.66287150769234
 10
-33.00710449218751
 20
-74.5486310546875
 10
-32.84544936442375
 20
-74.4381834437847
 10
-32.68547866477967
 20
-74.33148208580019
 10
-32.5271638010502
 20
-74.22848039155008
 10
-32.37047618103029
 20
-74.1291317718506
 10
-32.21538721251488
 20
-74.03338963751794
 10
-32.06186830329896
 20
-73.9412073993683
 10
-31.90989086117746
 20
-73.85253846821786
 10
-31.75942629394532
 20
-73.76733625488281
 10
-31.6104460093975
 20
-73.68555417017937
 10
-31.46292141532899
 20
-73.60714562492372
 10
-31.3168239195347
 20
-73.53206402993203
 10
-31.17212492980957
 20
-73.4602627960205
 10
-31.02879585394859
 20
-73.39169533400536
 10
-30.88680809974671
 20
-73.32631505470278
 10
-30.74613307499887
 20
-73.26407536892891
 10
-30.60674218750001
 20
-73.20492968750001
 10
-30.46860684504509
 20
-73.14883142123221
 10
-30.33169845542909
 20
-73.09573398094176
 10
-30.19598842644693
 20
-73.04559077744485
 10
-30.06144816589356
 20
-72.99835522155763
 10
-29.92804908156395
 20
-72.95398072409629
 10
-29.79576258125306
 20
-72.91242069587706
 10
-29.66456007275583
 20
-72.87362854771616
 10
-29.53441296386719
 20
-72.83755769042969
 10
-29.40529266238212
 20
-72.80416153483391
 10
-29.27717057609559
 20
-72.77339349174501
 10
-29.15001811280252
 20
-72.74520697197914
 10
-29.02380668029786
 20
-72.71955538635255
 10
-28.89850768637657
 20
-72.69639214568137
 10
-28.77409253883363
 20
-72.67567066078186
 10
-28.65053264546396
 20
-72.65734434247017
 10
-28.52779941406251
 20
-72.6413666015625
 10
-28.40586425242424
 20
-72.62769084887505
 10
-28.28469856834413
 20
-72.616270495224
 10
-28.1642737696171
 20
-72.60705895142554
 10
-28.04456126403809
 20
-72.6000096282959
 10
-27.92553245940209
 20
-72.59507593665123
 10
-27.80715876350404
 20
-72.59221128730773
 10
-27.57226232910158
 20
-72.59250275878904
 10
-27.33964322319032
 20
-72.60051132926941
 10
-27.1090727081299
 20
-72.61586428527831
 10
-26.88032204627991
 20
-72.63818891334534
 10
-26.6531625
 20
-72.6671125
 10
-26.42736533164978
 20
-72.70226233177186
 10
-26.20270180358885
 20
-72.74326569519044
 10
-25.97894317817687
 20
-72.78974987678529
 10
-25.75586071777343
 20
-72.84134216308594
 10
-25.53322568473815
 20
-72.89766984062196
 10
-25.31080934143066
 20
-72.95836019592286
 10
-25.08838295021056
 20
-73.02304051551819
 10
-24.86571777343749
 20
-73.09133808593752
 10
-24.64258507347106
 20
-73.16288019371031
 10
-24.41875611267089
 20
-73.23729412536621
 10
-23.9680944580078
 20
-73.39324660644532
 10
-23.04835156249999
 20
-73.72321406250001
 10
-22.57561051940917
 20
-73.89126562194824
 10
-22.09184987792968
 20
-74.05738679199219
 10
-21.84526536369324
 20
-74.1387916973114
 10
-21.59523973693847
 20
-74.21859586486815
 10
-21.34154426002502
 20
-74.29642658119202
 10
-21.0839501953125
 20
-74.3719111328125
 10
-20.82222880516052
 20
-74.44467680625916
 10
-20.55615135192871
 20
-74.51435088806153
 10
-20.28548909797668
 20
-74.58056066474914
 10
-20.01001330566406
 20
-74.64293342285156
 10
-19.72949523735046
 20
-74.70109644889831
 10
-19.4437061553955
 20
-74.75467702941894
 10
-19.1524173221588
 20
-74.803302450943
 10
-18.8554
 20
-74.84659999999999
 10
-19.19057568359375
 20
-74.5391063232422
 10
-19.51939453125
 20
-74.24349121093751
 10
-19.84340048828125
 20
-73.96017229003907
 10
-20.00408111572265
 20
-73.82325440979006
 10
-20.1641375
 20
-73.68956718749998
 10
-20.32376263427735
 20
-73.55916282653807
 10
-20.48314951171875
 20
-73.43209353027344
 10
-20.64249112548828
 20
-73.30841150207518
 10
-20.80198046875001
 20
-73.18816894531249
 10
-20.96181053466797
 20
-73.07141806335448
 10
-21.12217431640625
 20
-72.95821105957029
 10
-21.28326480712891
 20
-72.84860013732909
 10
-21.445275
 20
-72.74263749999999
 10
-21.60839788818361
 20
-72.64037535095214
 10
-21.77282646484375
 20
-72.54186589355469
 10
-21.93875372314453
 20
-72.44716133117674
 10
-22.10637265625
 20
-72.3563138671875
 10
-22.27587625732422
 20
-72.26937570495604
 10
-22.44745751953125
 20
-72.18639904785156
 10
-22.62130943603515
 20
-72.10743609924316
 10
-22.797625
 20
-72.03253906250001
 10
-22.97659720458984
 20
-71.96176014099122
 10
-23.15841904296875
 20
-71.89515153808594
 10
-23.34328350830078
 20
-71.83276545715331
 10
-23.53138359375
 20
-71.77465410156248
 10
-23.72291229248047
 20
-71.7208696746826
 10
-23.91806259765625
 20
-71.6714643798828
 10
-24.1170275024414
 20
-71.62649042053222
 10
-24.32
 20
-71.58599999999999
 10
-24.1170275024414
 20
-71.54549056091309
 10
-23.91806259765625
 20
-71.50049714355468
 10
-23.72291229248047
 20
-71.4510720977783
 10
-23.53138359375
 20
-71.39726777343748
 10
-23.34328350830078
 20
-71.33913652038575
 10
-23.15841904296875
 20
-71.27673068847656
 10
-22.97659720458984
 20
-71.21010262756347
 10
-22.797625
 20
-71.1393046875
 10
-22.62130943603515
 20
-71.06438921813964
 10
-22.44745751953125
 20
-70.98540856933595
 10
-22.27587625732422
 20
-70.90241509094237
 10
-22.10637265625
 20
-70.8154611328125
 10
-21.93875372314453
 20
-70.72459904479979
 10
-21.77282646484375
 20
-70.62988117675779
 10
-21.60839788818359
 20
-70.53135987854004
 10
-21.445275
 20
-70.42908749999999
 10
-21.28326480712891
 20
-70.3231163909912
 10
-21.12217431640625
 20
-70.21349890136718
 10
-20.96181053466797
 20
-70.10028738098144
 10
-20.80198046875
 20
-69.9835341796875
 10
-20.64249112548828
 20
-69.86329164733887
 10
-20.48314951171875
 20
-69.73961213378906
 10
-20.32376263427734
 20
-69.61254798889161
 10
-20.16413750000001
 20
-69.4821515625
 10
-20.00408111572266
 20
-69.34847520446777
 10
-19.84340048828125
 20
-69.21157126464844
 10
-19.51939453125001
 20
-68.92829003906252
 10
-19.19057568359376
 20
-68.63272668457032
 10
-18.8554
 20
-68.3253
 10
-19.1524173221588
 20
-68.36858817443847
 10
-19.4437061553955
 20
-68.41720422363282
 10
-19.72949523735048
 20
-68.47077543640136
 10
-20.01001330566409
 20
-68.52892910156249
 10
-20.28548909797673
 20
-68.59129250793457
 10
-20.55615135192874
 20
-68.65749294433594
 10
-20.82222880516053
 20
-68.72715769958496
 10
-21.08395019531253
 20
-68.79991406250001
 10
-21.34154426002506
 20
-68.87538932189942
 10
-21.5952397369385
 20
-68.95321076660157
 10
-21.84526536369324
 20
-69.0330056854248
 10
-22.0918498779297
 20
-69.11440136718751
 10
-22.5756105194092
 20
-69.2805041748047
 10
-23.04835156250001
 20
-69.44853750000001
 10
-23.96809445800782
 20
-69.7784689453125
 10
-24.41875611267091
 20
-69.93440368652343
 10
-24.64258507347106
 20
-70.00880882263182
 10
-24.86571777343751
 20
-70.08034218749999
 10
-25.08838295021059
 20
-70.14863106994629
 10
-25.31080934143068
 20
-70.21330275878907
 10
-25.53322568473815
 20
-70.27398454284669
 10
-25.75586071777344
 20
-70.3303037109375
 10
-25.97894317817689
 20
-70.38188755187987
 10
-26.20270180358887
 20
-70.42836335449219
 10
-26.42736533164977
 20
-70.46935840759278
 10
-26.6531625
 20
-70.50450000000002
 10
-26.88032204627992
 20
-70.53341542053222
 10
-27.10907270812988
 20
-70.55573195800781
 10
-27.33964322319029
 20
-70.57107690124512
 10
-27.57226232910156
 20
-70.57907753906253
 10
-27.80715876350404
 20
-70.57936116027831
 10
-27.9255324594021
 20
-70.57649261741637
 10
-28.04456126403808
 20
-70.57155505371094
 10
-28.16427376961705
 20
-70.5645018802643
 10
-28.2846985683441
 20
-70.55528650817869
 10
-28.40586425242423
 20
-70.54386234855652
 10
-28.52779941406249
 20
-70.5301828125
 10
-28.65053264546395
 20
-70.51420131111145
 10
-28.77409253883362
 20
-70.49587125549317
 10
-28.89850768637659
 20
-70.47514605674743
 10
-29.02380668029784
 20
-70.45197912597656
 10
-29.15001811280247
 20
-70.42632387428286
 10
-29.27717057609556
 20
-70.39813371276854
 10
-29.40529266238212
 20
-70.36736205253601
 10
-29.53441296386718
 20
-70.33396230468752
 10
-29.66456007275581
 20
-70.29788788032533
 10
-29.79576258125305
 20
-70.25909219055176
 10
-29.92804908156396
 20
-70.21752864646912
 10
-30.06144816589354
 20
-70.17315065917968
 10
-30.19598842644688
 20
-70.12591163978578
 10
-30.33169845542904
 20
-70.07576499938966
 10
-30.46860684504507
 20
-70.02266414909364
 10
-30.60674218749999
 20
-69.9665625
 10
-30.74613307499884
 20
-69.90741346321107
 10
-30.8868080997467
 20
-69.84517044982911
 10
-31.0287958539486
 20
-69.7797868709564
 10
-31.17212492980955
 20
-69.71121613769532
 10
-31.31682391953463
 20
-69.63941166114809
 10
-31.46292141532895
 20
-69.56432685241701
 10
-31.61044600939747
 20
-69.48591512260438
 10
-31.75942629394529
 20
-69.40412988281251
 10
-31.90989086117743
 20
-69.31892454414371
 10
-32.06186830329894
 20
-69.2302525177002
 10
-32.21538721251488
 20
-69.13806721458434
 10
-32.37047618103025
 20
-69.04232204589844
 10
-32.52716380105014
 20
-68.94297042274478
 10
-32.68547866477963
 20
-68.8399657562256
 10
-32.84544936442371
 20
-68.73326145744326
 10
-33.00710449218747
 20
-68.62281093750002
 10
-33.17047264027593
 20
-68.5085676074982
 10
-33.33558240089415
 20
-68.39048487854005
 10
-33.50246236624717
 20
-68.26851616172793
 10
-33.67114112854001
 20
-68.14261486816407
 10
-33.84164727997774
 20
-68.01273440895085
 10
-34.01400941276544
 20
-67.87882819519047
 10
-34.18825611910815
 20
-67.74084963798526
 10
-34.3644159912109
 20
-67.59875214843752
 10
-34.72258960151671
 20
-67.30201401672364
 10
-35.08875898132324
 20
-66.98824108886717
 10
-35.46315286827089
 20
-66.6570606536865
 10
-35.846
 20
-66.3081
 10
-35.85202947082521
 20
-66.46307079467772
 10
-35.86146311035157
 20
-66.61417495117189
 10
-35.87420000915527
 20
-66.76145637817383
 10
-35.8901392578125
 20
-66.904958984375
 10
-35.90917994689941
 20
-67.0447266784668
 10
-35.9312211669922
 20
-67.18080336914063
 10
-35.95616200866699
 20
-67.31323296508789
 10
-35.98390156250001
 20
-67.442059375
 10
-36.01433891906739
 20
-67.56732650756837
 10
-36.04737316894532
 20
-67.68907827148436
 10
-36.08290340270997
 20
-67.80735857543945
 10
-36.1208287109375
 20
-67.92221132812499
 10
-36.16104818420411
 20
-68.03368043823242
 10
-36.20346091308594
 20
-68.14180981445311
 10
-36.24796598815919
 20
-68.24664336547852
 10
-36.2944625
 20
-68.34822499999998
 10
-36.34284953918457
 20
-68.44659862670898
 10
-36.39302619628907
 20
-68.54180815429685
 10
-36.44489156188965
 20
-68.63389749145508
 10
-36.4983447265625
 20
-68.722910546875
 10
-36.55328478088379
 20
-68.80889122924805
 10
-36.60961081542968
 20
-68.89188344726564
 10
-36.66722192077636
 20
-68.97193110961914
 10
-36.7260171875
 20
-69.04907812499999
 10
-36.78589570617674
 20
-69.1233684020996
 10
-36.84675656738281
 20
-69.19484584960938
 10
-36.90849886169433
 20
-69.2635543762207
 10
-36.97102167968751
 20
-69.32953789062499
 10
-37.03422411193848
 20
-69.39284030151366
 10
-37.09800524902344
 20
-69.45350551757812
 10
-37.16226418151857
 20
-69.51157744750978
 10
-37.2269
 20
-69.5671
 10
-37.33029893798828
 20
-69.64990755615234
 10
-37.43681337890625
 20
-69.72738271484375
 10
-37.5461041381836
 20
-69.79937921142578
 10
-37.65783203125001
 20
-69.86575078125
 10
-37.77165787353516
 20
-69.92635115966797
 10
-37.88724248046876
 20
-69.98103408203125
 10
-38.00424666748046
 20
-70.0296532836914
 10
-38.12233125
 20
-70.0720625
 10
-38.24115704345704
 20
-70.10811546630859
 10
-38.36038486328125
 20
-70.13766591796876
 10
-38.47967552490235
 20
-70.16056759033204
 10
-38.59868984375
 20
-70.17667421875
 10
-38.71708863525391
 20
-70.18583953857421
 10
-38.83453271484376
 20
-70.18791728515624
 10
-38.95068289794922
 20
-70.18276119384768
 10
-39.0652
 20
-70.170225
 10
-39.17774483642578
 20
-70.15016243896484
 10
-39.23317165985107
 20
-70.13726306304931
 10
-39.28797822265625
 20
-70.12242724609375
 10
-39.34212212677002
 20
-70.10563670501709
 10
-39.3955609741211
 20
-70.08687315673828
 10
-39.44825236663818
 20
-70.06611831817626
 10
-39.50015390625
 20
-70.04335390625
 10
-39.55122319488526
 20
-70.01856163787839
 10
-39.60141783447266
 20
-69.99172322998046
 10
-39.65069542694091
 20
-69.96282039947509
 10
-39.69901357421875
 20
-69.93183486328124
 10
-39.74632987823486
 20
-69.89874833831787
 10
-39.79260194091796
 20
-69.8635425415039
 10
-39.83778736419677
 20
-69.8261991897583
 10
-39.88184375
 20
-69.7867
 10
-39.92472870025635
 20
-69.74502668914794
 10
-39.96639981689453
 20
-69.70116097412111
 10
-40.00681470184325
 20
-69.65508457183839
 10
-40.04593095703124
 20
-69.60677919921876
 10
-40.0837061843872
 20
-69.55622657318115
 10
-40.12009798583984
 20
-69.50340841064454
 10
-40.15506396331786
 20
-69.44830642852784
 10
-40.18856171874999
 20
-69.39090234375001
 10
-40.22054885406493
 20
-69.33117787322998
 10
-40.2509829711914
 20
-69.26911473388672
 10
-40.27982167205809
 20
-69.20469464263916
 10
-40.30702255859375
 20
-69.13789931640625
 10
-40.33254323272704
 20
-69.06871047210692
 10
-40.35634129638672
 20
-68.99710982666015
 10
-40.37837435150146
 20
-68.92307909698485
 10
-40.3986
 20
-68.8466
 10
-40.42347412109374
 20
-68.73231032714842
 10
-40.44193984375
 20
-68.61667167968748
 10
-40.45413720703125
 20
-68.50004836425781
 10
-40.46020625000001
 20
-68.38280468749998
 10
-40.46028701171874
 20
-68.26530495605467
 10
-40.45451953125
 20
-68.1479134765625
 10
-40.44304384765625
 20
-68.03099455566403
 10
-40.426
 20
-67.91491249999999
 10
-40.40352802734374
 20
-67.80003161621094
 10
-40.37576796875
 20
-67.68671621093749
 10
-40.34285986328124
 20
-67.57533059082032
 10
-40.30494374999999
 20
-67.46623906249999
 10
-40.26215966796875
 20
-67.35980593261719
 10
-40.21464765624998
 20
-67.2563955078125
 10
-40.16254775390625
 20
-67.15637209472657
 10
-40.106
 20
-67.0601
 10
-40.05194809570313
 20
-66.98020128173829
 10
-39.99388398437501
 20
-66.90712470703125
 10
-39.93221694335936
 20
-66.84082464599611
 10
-39.86735625
 20
-66.78125546875001
 10
-39.79971118164062
 20
-66.72837154541015
 10
-39.729691015625
 20
-66.68212724609375
 10
-39.65770502929689
 20
-66.64247694091797
 10
-39.58416250000001
 20
-66.609375
 10
-39.50947270507813
 20
-66.58277579345703
 10
-39.434044921875
 20
-66.56263369140624
 10
-39.35828842773439
 20
-66.54890306396485
 10
-39.28261250000001
 20
-66.54153828125
 10
-39.20742641601563
 20
-66.5404937133789
 10
-39.133139453125
 20
-66.54572373046874
 10
-39.06016088867187
 20
-66.55718270263673
 10
-38.9889
 20
-66.574825
 10
-38.91976606445314
 20
-66.59860499267577
 10
-38.853168359375
 20
-66.62847705078125
 10
-38.78951616210939
 20
-66.66439554443361
 10
-38.72921874999999
 20
-66.70631484375
 10
-38.67268540039061
 20
-66.75418931884765
 10
-38.620325390625
 20
-66.80797333984374
 10
-38.57254799804687
 20
-66.86762127685547
 10
-38.5297625
 20
-66.93308749999999
 10
-38.49237817382812
 20
-67.00432637939453
 10
-38.460804296875
 20
-67.08129228515625
 10
-38.43545014648439
 20
-67.16393958740233
 10
-38.41672499999999
 20
-67.25222265624999
 10
-38.40503813476562
 20
-67.3460958618164
 10
-38.40079882812501
 20
-67.44551357421873
 10
-38.40441635742187
 20
-67.55043016357422
 10
-38.4163
 20
-67.66079999999999
 10
-38.38220859088898
 20
-67.57293080759047
 10
-38.35152190093994
 20
-67.48619868240353
 10
-38.32419779872894
 20
-67.40060664625166
 10
-38.30019415283203
 20
-67.31615772094726
 10
-38.27946883182526
 20
-67.23285492830277
 10
-38.26197970428467
 20
-67.15070129013064
 10
-38.24768463878632
 20
-67.06969982824325
 10
-38.23654150390625
 20
-66.9898535644531
 10
-38.22850816822051
 20
-66.91116552057266
 10
-38.22354250030518
 20
-66.83363871841429
 10
-38.22160236873627
 20
-66.75727617979048
 10
-38.22264564208984
 20
-66.68208092651365
 10
-38.22663018894195
 20
-66.60805598039629
 10
-38.23351387786864
 20
-66.53520436325074
 10
-38.24325457744598
 20
-66.4635290968895
 10
-38.25581015625
 20
-66.39303320312501
 10
-38.27113848285675
 20
-66.32371970376969
 10
-38.28919742584228
 20
-66.25559162063598
 10
-38.30994485378266
 20
-66.18865197553633
 10
-38.33333863525389
 20
-66.1229037902832
 10
-38.35933663883209
 20
-66.05835008668899
 10
-38.38789673309326
 20
-65.99499388656617
 10
-38.41897678661347
 20
-65.93283821172716
 10
-38.45253466796874
 20
-65.87188608398438
 10
-38.48852824573518
 20
-65.81214052515028
 10
-38.52691538848878
 20
-65.75360455703735
 10
-38.5676539648056
 20
-65.69628120145797
 10
-38.61070184326172
 20
-65.64017348022462
 10
-38.65601689243315
 20
-65.5852844151497
 10
-38.70355698089598
 20
-65.53161702804567
 10
-38.75327997722624
 20
-65.47917434072495
 10
-38.80514374999999
 20
-65.42795937500001
 10
-38.85910616779327
 20
-65.37797515268326
 10
-38.91512509918213
 20
-65.32922469558716
 10
-38.97315841274262
 20
-65.28171102552413
 10
-39.03316397705077
 20
-65.23543716430665
 10
-39.09509966068266
 20
-65.19040613374712
 10
-39.15892333221434
 20
-65.14662095565798
 10
-39.22459286022185
 20
-65.10408465185165
 10
-39.29206611328124
 20
-65.06280024414063
 10
-39.43225526885986
 20
-64.98399920425415
 10
-39.57915374755859
 20
-64.91024201049805
 10
-39.73242449798582
 20
-64.84155283737185
 10
-39.89173046874998
 20
-64.77795585937501
 10
-40.05673460845946
 20
-64.71947525100708
 10
-40.22709986572264
 20
-64.66613518676758
 10
-40.4024891891479
 20
-64.617959841156
 10
-40.58256552734373
 20
-64.57497338867188
 10
-40.76699182891845
 20
-64.5372000038147
 10
-40.95543104248046
 20
-64.50466386108397
 10
-41.1475461166382
 20
-64.47738913497925
 10
-41.343
 20
-64.4554
 10
-41.54145564117429
 20
-64.43872063064574
 10
-41.74257598876953
 20
-64.42737520141601
 10
-41.94602399139404
 20
-64.42138788681031
 10
-42.15146259765627
 20
-64.42078286132815
 10
-42.35855475616459
 20
-64.42558429946901
 10
-42.56696341552737
 20
-64.4358163757324
 10
-42.77635152435303
 20
-64.45150326461791
 10
-42.98638203125001
 20
-64.472669140625
 10
-43.19671788482668
 20
-64.49933817825317
 10
-43.40702203369143
 20
-64.53153455200196
 10
-43.61695742645263
 20
-64.56928243637086
 10
-43.82618701171877
 20
-64.61260600585939
 10
-44.03437373809818
 20
-64.66152943496705
 10
-44.24118055419922
 20
-64.71607689819336
 10
-44.44627040863038
 20
-64.77627257003785
 10
-44.64930625
 20
-64.84214062500001
 10
-44.84995102691652
 20
-64.91370523757935
 10
-45.04786768798829
 20
-64.9909905822754
 10
-45.24271918182373
 20
-65.07402083358766
 10
-45.43416845703126
 20
-65.16282016601564
 10
-45.62187846221926
 20
-65.25741275405886
 10
-45.8055121459961
 20
-65.35782277221679
 10
-45.98473245697021
 20
-65.46407439498899
 10
-46.15920234375
 20
-65.57619179687499
 10
-46.32858475494385
 20
-65.69419915237428
 10
-46.41126282863619
 20
-65.75541911726
 10
-46.49254263916016
 20
-65.81812063598633
 10
-46.57238205509185
 20
-65.88230673036574
 10
-46.65073894500732
 20
-65.94798042221069
 10
-46.7275711774826
 20
-66.01514473333359
 10
-46.80283662109375
 20
-66.08380268554689
 10
-46.87649314441681
 20
-66.15395730066301
 10
-46.94849861602784
 20
-66.22561160049439
 10
-47.01881090450288
 20
-66.29876860685349
 10
-47.08738787841797
 20
-66.37343134155276
 10
-47.15418740634917
 20
-66.44960282640456
 10
-47.21916735687254
 20
-66.52728608322142
 10
-47.28228559856414
 20
-66.60648413381577
 10
-47.3435
 20
-66.6872
 10
-47.26488972098406
 20
-66.69652506865482
 10
-47.1851252870018
 20
-66.71005230710239
 10
-47.10422192785057
 20
-66.72768163904902
 10
-47.02219487332765
 20
-66.74931298820101
 10
-46.93905935323041
 20
-66.77484627826467
 10
-46.85483059735616
 20
-66.80418143294635
 10
-46.76952383550221
 20
-66.83721837595228
 10
-46.6831542974659
 20
-66.87385703098884
 10
-46.59573721304453
 20
-66.91399732176231
 10
-46.50728781203546
 20
-66.95753917197901
 10
-46.41782132423599
 20
-67.00438250534522
 10
-46.32735297944345
 20
-67.05442724556731
 10
-46.23589800745517
 20
-67.10757331635154
 10
-46.14347163806847
 20
-67.16372064140422
 10
-45.95576562628912
 20
-67.28461874914025
 10
-45.76435678248398
 20
-67.41632095842584
 10
-45.56936694503167
 20
-67.5580266589115
 10
-45.37091795231074
 20
-67.70893524024771
 10
-45.16913164269982
 20
-67.86824609208489
 10
-44.9641298545775
 20
-68.03515860407358
 10
-44.75603442632239
 20
-68.20887216586426
 10
-44.54496719631304
 20
-68.38858616710737
 10
-44.3310500029281
 20
-68.57349999745344
 10
-43.44931836320407
 20
-69.34914140287652
 10
-42.99452056093185
 20
-69.74734521111813
 10
-42.76406509851827
 20
-69.9462407553981
 10
-42.53173437975784
 20
-70.14393124598484
 10
-42.29765024302915
 20
-70.33961607252884
 10
-42.06193452671082
 20
-70.53249462468055
 10
-41.82470906918142
 20
-70.72176629209043
 10
-41.58609570881953
 20
-70.90663046440903
 10
-41.3462162840038
 20
-71.08628653128675
 10
-41.10519263311278
 20
-71.25993388237417
 10
-40.86314659452507
 20
-71.42677190732166
  0
LWPOLYLINE
  5
57
330
262D
100
AcDbEntity
  8
LAYER_1
100
AcDbPolyline
 90
      252
 70
     1
 43
0.0
 10
0.0128999990612249
 20
-82.18129999992095
 10
-0.0368191028594969
 20
-82.28559432601928
 10
-0.0884223541259765
 20
-82.3879087097168
 10
-0.141884917831421
 20
-82.48826213455199
 10
-0.1971819580078127
 20
-82.58667358398435
 10
-0.2542886386871337
 20
-82.68316204147337
 10
-0.313180123901367
 20
-82.77774649047849
 10
-0.3738315776824952
 20
-82.87044591445919
 10
-0.4362181640625002
 20
-82.96127929687498
 10
-0.5003150470733644
 20
-83.05026562118529
 10
-0.5660973907470704
 20
-83.13742387084962
 10
-0.6335403591156002
 20
-83.22277302932739
 10
-0.7026191162109374
 20
-83.30633208007808
 10
-0.7733088260650641
 20
-83.38812000656128
 10
-0.8455846527099609
 20
-83.4681557922363
 10
-0.9194217601776122
 20
-83.54645842056273
 10
-0.9947953124999996
 20
-83.62304687499998
 10
-1.071680473709107
 20
-83.69794013900756
 10
-1.150052407836914
 20
-83.77115719604493
 10
-1.229886278915405
 20
-83.84271702957153
 10
-1.311157250976562
 20
-83.91263862304688
 10
-1.393840488052367
 20
-83.98094095993043
 10
-1.477911154174804
 20
-84.04764302368162
 10
-1.563344413375855
 20
-84.11276379775999
 10
-1.6501154296875
 20
-84.17632226562501
 10
-1.827571389770508
 20
-84.29882821655274
 10
-2.010080346679687
 20
-84.41531274414062
 10
-2.197443612670898
 20
-84.52592771606443
 10
-2.3894625
 20
-84.630825
 10
-2.585938320922852
 20
-84.73015646362304
 10
-2.786672387695313
 20
-84.82407397460937
 10
-2.991466012573241
 20
-84.91272940063476
 10
-3.2001205078125
 20
-84.99627460937498
 10
-3.412437185668946
 20
-85.07486146850586
 10
-3.628217358398438
 20
-85.14864184570312
 10
-3.847262338256836
 20
-85.21776760864256
 10
-4.0693734375
 20
-85.282390625
 10
-4.294351968383789
 20
-85.34266276245118
 10
-4.521999243164064
 20
-85.39873588867187
 10
-4.752116574096679
 20
-85.45076187133789
 10
-4.984505273437501
 20
-85.498892578125
 10
-5.218966653442382
 20
-85.54327987670898
 10
-5.455302026367186
 20
-85.58407563476562
 10
-5.693312704467773
 20
-85.62143171997071
 10
-5.9328
 20
-85.65549999999999
 10
-6.262239526367187
 20
-85.69699062499999
 10
-6.5935568359375
 20
-85.732996875
 10
-6.926243774414062
 20
-85.76390781250003
 10
-7.259792187499998
 20
-85.7901125
 10
-7.593693920898437
 20
-85.81200000000002
 10
-7.9274408203125
 20
-85.82995937499999
 10
-8.260524731445311
 20
-85.8443796875
 10
-8.5924375
 20
-85.85565000000002
 10
-8.922670971679689
 20
-85.86415937499999
 10
-9.2507169921875
 20
-85.87029687500002
 10
-9.898214062499999
 20
-85.8770125
 10
-11.1446
 20
-85.87909999999999
 10
-17.0091
 20
-85.88089999999999
 10
-20.77
 20
-85.88309999999999
 10
-20.57928638305664
 20
-85.85931234741211
 10
-20.38859770507813
 20
-85.82982026367188
 10
-20.19810597534179
 20
-85.79440193481445
 10
-20.007983203125
 20
-85.75283554687498
 10
-19.81840139770508
 20
-85.70489928588868
 10
-19.62953256835937
 20
-85.65037133789061
 10
-19.44154872436523
 20
-85.58902988891601
 10
-19.254621875
 20
-85.52065312499999
 10
-19.06892402954101
 20
-85.44501923217772
 10
-18.88462719726562
 20
-85.3619063964844
 10
-18.70190338745117
 20
-85.2710928039551
 10
-18.520924609375
 20
-85.172356640625
 10
-18.43114336013794
 20
-85.11994827804565
 10
-18.34186287231444
 20
-85.0654760925293
 10
-18.25310464706421
 20
-85.00891235733034
 10
-18.16489018554688
 20
-84.95022934570313
 10
-18.07724098892212
 20
-84.88939933090211
 10
-17.99017855834961
 20
-84.82639458618166
 10
-17.90372439498901
 20
-84.76118738479616
 10
-17.8179
 20
-84.69375000000002
 10
-17.73272687454223
 20
-84.6240547050476
 10
-17.64822651977539
 20
-84.55207377319336
 10
-17.56442043685913
 20
-84.47777947769166
 10
-17.48133012695313
 20
-84.40114409179688
 10
-17.39897709121704
 20
-84.32213988876343
 10
-17.31738283081055
 20
-84.24073914184571
 10
-17.23656884689331
 20
-84.1569141242981
 10
-17.156556640625
 20
-84.07063710937499
 10
-17.07736771316527
 20
-83.98188037033081
 10
-16.99902356567383
 20
-83.89061618041994
 10
-16.9215456993103
 20
-83.79681681289673
 10
-16.84495561523438
 20
-83.70045454101562
 10
-16.76927481460571
 20
-83.60150163803101
 10
-16.69452479858398
 20
-83.49993037719725
 10
-16.62072706832886
 20
-83.3957130317688
 10
-16.547903125
 20
-83.28882187500003
 10
-16.47607446975708
 20
-83.17922918014527
 10
-16.40526260375977
 20
-83.06690722045898
 10
-16.33548902816773
 20
-82.95182826919555
 10
-16.26677524414063
 20
-82.83396459960938
 10
-16.19914275283814
 20
-82.71328848495484
 10
-16.13261305541992
 20
-82.58977219848635
 10
-16.06720765304565
 20
-82.46338801345826
 10
-16.002948046875
 20
-82.33410820312501
 10
-15.93985573806763
 20
-82.20190504074096
 10
-15.8779522277832
 20
-82.06675079956054
 10
-15.8172590171814
 20
-81.92861775283814
 10
-15.75779760742187
 20
-81.78747817382811
 10
-15.69958949966431
 20
-81.64330433578491
 10
-15.64265619506836
 20
-81.49606851196288
 10
-15.5870191947937
 20
-81.34574297561647
 10
-15.5327
 20
-81.19229999999999
 10
-15.54918696060181
 20
-81.20064113082886
 10
-15.56091111450195
 20
-81.21361098022463
 10
-15.56795330734253
 20
-81.23101673355103
 10
-15.57039438476562
 20
-81.25266557617187
 10
-15.56831519241333
 20
-81.27836469345094
 10
-15.56179657592774
 20
-81.30792127075194
 10
-15.55091938095093
 20
-81.34114249343872
 10
-15.535764453125
 20
-81.37783554687498
 10
-15.51641263809204
 20
-81.41780761642456
 10
-15.49294478149414
 20
-81.46086588745118
 10
-15.43398432617187
 20
-81.55546977539062
 10
-15.35952985229492
 20
-81.66010469360353
 10
-15.270228125
 20
-81.77322812500001
 10
-15.16672590942383
 20
-81.89329755249024
 10
-15.04966997070312
 20
-82.01877045898438
 10
-14.91970707397461
 20
-82.14810432739255
 10
-14.77748398437499
 20
-82.27975664062503
 10
-14.62364746704101
 20
-82.41218488159182
 10
-14.45884428710937
 20
-82.54384653320313
 10
-14.37253231277465
 20
-82.60890785140992
 10
-14.2837212097168
 20
-82.67319907836913
 10
-14.19249182357788
 20
-82.73652739944457
 10
-14.098925
 20
-82.79870000000002
 10
-14.00310158462524
 20
-82.85952406539918
 10
-13.9051024230957
 20
-82.91880678100588
 10
-13.80500836105347
 20
-82.97635533218384
 10
-13.70290024414062
 20
-83.03197690429687
 10
-13.59885891799926
 20
-83.08547868270872
 10
-13.49296522827149
 20
-83.1366678527832
 10
-13.38530002059937
 20
-83.18535159988403
 10
-13.275944140625
 20
-83.23133710937501
 10
-13.16497843399048
 20
-83.27443156661987
 10
-13.05248374633789
 20
-83.31444215698242
 10
-12.93854092330933
 20
-83.35117606582642
 10
-12.82323081054687
 20
-83.38444047851563
 10
-12.70663425369263
 20
-83.4140425804138
 10
-12.58883209838868
 20
-83.43978955688475
 10
-12.4699051902771
 20
-83.46148859329224
 10
-12.349934375
 20
-83.478946875
 10
-12.22900049819946
 20
-83.49197158737181
 10
-12.10718440551758
 20
-83.50036991577148
 10
-11.98456694259644
 20
-83.50394904556274
 10
-11.86122895507813
 20
-83.50251616210938
 10
-11.73725128860474
 20
-83.49587845077515
 10
-11.61271478881837
 20
-83.48384309692383
 10
-11.48770030136109
 20
-83.46621728591919
 10
-11.362288671875
 20
-83.44280820312503
 10
-11.2365607460022
 20
-83.41342303390502
 10
-11.11059736938477
 20
-83.37786896362304
 10
-10.98447938766479
 20
-83.33595317764281
 10
-10.85828764648437
 20
-83.28748286132812
 10
-10.73210299148559
 20
-83.23226520004272
 10
-10.60600626831054
 20
-83.17010737915037
 10
-10.48007832260132
 20
-83.10081658401488
 10
-10.3544
 20
-83.02419999999999
 10
-10.3611
 20
-83.02989999999999
 10
-10.33374744644165
 20
-83.03330441970823
 10
-10.30188806762695
 20
-83.03991729125977
 10
-10.22512602539063
 20
-83.0618098144531
 10
-10.13176825561524
 20
-83.09366041870115
 10
-10.022769140625
 20
-83.133551953125
 10
-9.761664404296872
 20
-83.22978920898441
 10
-9.611467547607418
 20
-83.28230062866209
 10
-9.449446874999999
 20
-83.335184375
 10
-9.276556768798831
 20
-83.38652329711914
 10
-9.093751611328126
 20
-83.43440024414062
 10
-8.998929132843016
 20
-83.45644136734009
 10
-8.901985784912106
 20
-83.47689806518555
 10
-8.803040865325925
 20
-83.49553069381714
 10
-8.702213671874996
 20
-83.51209960937501
 10
-8.599623502349849
 20
-83.52636516799927
 10
-8.495389654541009
 20
-83.53808772583008
 10
-8.389631426239011
 20
-83.54702763900755
 10
-8.282468115234372
 20
-83.55294526367186
 10
-8.174019019317622
 20
-83.55560095596313
 10
-8.064403436279299
 20
-83.55475507202148
 10
-7.953740663909914
 20
-83.55016796798706
 10
-7.84215
 20
-83.54159999999998
 10
-7.729750742340085
 20
-83.52881152420044
 10
-7.616662188720699
 20
-83.51156289672852
 10
-7.503003636932377
 20
-83.48961447372436
 10
-7.388894384765626
 20
-83.46272661132813
 10
-7.274453730010986
 20
-83.43065966567994
 10
-7.159800970458991
 20
-83.39317399291994
 10
-7.045055403900151
 20
-83.35002994918822
 10
-6.930336328125002
 20
-83.300987890625
 10
-6.815763040924074
 20
-83.24580817337036
 10
-6.701454840087891
 20
-83.18425115356445
 10
-6.587531023406982
 20
-83.11607718734739
 10
-6.474110888671872
 20
-83.04104663085936
 10
-6.361313733673092
 20
-82.95891984024049
 10
-6.249258856201167
 20
-82.86945717163085
 10
-6.138065554046633
 20
-82.77241898117067
 10
-6.027853124999999
 20
-82.66756562499999
 10
-5.918740866851804
 20
-82.55465745925903
 10
-5.810848077392582
 20
-82.4334548400879
 10
-5.704294054412843
 20
-82.30371812362669
 10
-5.599198095703127
 20
-82.16520766601561
 10
-5.495679499053955
 20
-82.01768382339478
 10
-5.393857562255858
 20
-81.86090695190429
 10
-5.293851583099363
 20
-81.69463740768431
 10
-5.195780859374996
 20
-81.51863554687498
 10
-5.099764688873285
 20
-81.33266172561645
 10
-5.00592236938476
 20
-81.13647630004882
 10
-4.91437319869995
 20
-80.92983962631226
 10
-4.825236474609373
 20
-80.71251206054688
 10
-4.738631494903561
 20
-80.4842539588928
 10
-4.654677557373048
 20
-80.24482567749023
 10
-4.573493959808349
 20
-79.99398757247924
 10
-4.495199999999999
 20
-79.7315
 10
-4.387341870172548
 20
-79.85498963311744
 10
-4.273868554803662
 20
-79.97655378405912
 10
-4.155128540220945
 20
-80.09608220502249
 10
-4.031470312752001
 20
-80.21346464820496
 10
-3.90324235872443
 20
-80.32859086580396
 10
-3.770793164465831
 20
-80.44135061001695
 10
-3.634471216303809
 20
-80.55163363304131
 10
-3.494625000565968
 20
-80.65932968707453
 10
-3.351603003579906
 20
-80.764328524314
 10
-3.205753711673232
 20
-80.86651989695718
 10
-3.057425611173546
 20
-80.96579355720148
 10
-2.906967188408445
 20
-81.06203925724431
 10
-2.754726929705535
 20
-81.15514674928318
 10
-2.601053321392417
 20
-81.24500578551545
 10
-2.446294849796695
 20
-81.33150611813853
 10
-2.290800001245975
 20
-81.41453749934992
 10
-2.134917262067854
 20
-81.49398968134702
 10
-1.978995118589931
 20
-81.56975241632727
 10
-1.823382057139814
 20
-81.64171545648807
 10
-1.668426564045105
 20
-81.70976855402686
 10
-1.514477125633403
 20
-81.77380146114114
 10
-1.361882228232315
 20
-81.83370393002826
 10
-1.210990358169442
 20
-81.88936571288566
 10
-1.062150001772383
 20
-81.9406765619108
 10
-0.9157096453687405
 20
-81.98752622930113
 10
-0.7720177752861189
 20
-82.02980446725403
 10
-0.6314228778521198
 20
-82.06740102796691
 10
-0.4942734393943484
 20
-82.10020566363729
 10
-0.360917946240404
 20
-82.12810812646255
 10
-0.2317048847178868
 20
-82.15099816864009
 10
-0.1069827411544014
 20
-82.16876554236741
  0
LWPOLYLINE
  5
58
330
262D
100
AcDbEntity
  8
LAYER_1
100
AcDbPolyline
 90
       81
 70
     1
 43
0.0
 10
-22.40560000071377
 20
-85.88369999992915
 10
-35.0846
 20
-85.889
 10
-35.02037577209473
 20
-85.80007738342287
 10
-34.9457862548828
 20
-85.70274445800782
 10
-34.86057182312013
 20
-85.59816923522948
 10
-34.7644728515625
 20
-85.48751972656253
 10
-34.65722971496582
 20
-85.37196394348143
 10
-34.53858278808594
 20
-85.25266989746096
 10
-34.40827244567871
 20
-85.13080559997559
 10
-34.2660390625
 20
-85.0075390625
 10
-34.11162301330568
 20
-84.88403829650881
 10
-34.02976535606386
 20
-84.82256508140563
 10
-33.94476467285155
 20
-84.76147131347657
 10
-33.8565885105133
 20
-84.70090299415586
 10
-33.76520441589355
 20
-84.64100612487793
 10
-33.67057993583678
 20
-84.58192670707703
 10
-33.57268261718751
 20
-84.52381074218749
 10
-33.47148000679016
 20
-84.46680423164366
 10
-33.36693965148926
 20
-84.41105317687988
 10
-33.25902909812927
 20
-84.35670357933043
 10
-33.14771589355469
 20
-84.30390144042968
 10
-33.03296758460998
 20
-84.25279276161194
 10
-32.91475171813965
 20
-84.2035235443115
 10
-32.79303584098816
 20
-84.15623978996277
 10
-32.6677875
 20
-84.1110875
 10
-32.53897424201965
 20
-84.06821267585753
 10
-32.4065636138916
 20
-84.02776131896974
 10
-32.27052316246033
 20
-83.98987943077086
 10
-32.13082043457031
 20
-83.9547130126953
 10
-31.98742297706604
 20
-83.92240806617738
 10
-31.84029833679199
 20
-83.89311059265137
 10
-31.68941406059265
 20
-83.86696659355164
 10
-31.5347376953125
 20
-83.84412207031251
 10
-31.37623678779602
 20
-83.82472302436829
 10
-31.2138788848877
 20
-83.8089154571533
 10
-31.04763153343201
 20
-83.79684537010193
 10
-30.87746228027344
 20
-83.78865876464846
 10
-30.70333867225647
 20
-83.78450164222718
 10
-30.52522825622558
 20
-83.78452000427246
 10
-30.34309857902527
 20
-83.78885985221861
 10
-30.1569171875
 20
-83.7976671875
 10
-29.96665162849426
 20
-83.81108801155091
 10
-29.77226944885254
 20
-83.82926832580565
 10
-29.57373819541931
 20
-83.85235413169858
 10
-29.37102541503906
 20
-83.88049143066403
 10
-29.16409865455628
 20
-83.91382622413635
 10
-28.95292546081543
 20
-83.9525045135498
 10
-28.73747338066101
 20
-83.99667230033873
 10
-28.5177099609375
 20
-84.04647558593749
 10
-28.29360274848938
 20
-84.1020603717804
 10
-28.06511929016114
 20
-84.16357265930177
 10
-27.83222713279724
 20
-84.23115844993592
 10
-27.59489382324219
 20
-84.30496374511719
 10
-27.35308690834045
 20
-84.3851345462799
 10
-27.10677393493652
 20
-84.47181685485841
 10
-26.85592244987488
 20
-84.56515667228698
 10
-26.6005
 20
-84.6653
 10
-26.60823134460416
 20
-84.6545755432143
 10
-26.60755453071724
 20
-84.65192290268051
 10
-26.60390114746504
 20
-84.65100981445319
 10
-26.5878199371469
 20
-84.65420177611918
 10
-26.56029824221401
 20
-84.66375039061492
 10
-26.47217551276104
 20
-84.70031342770594
 10
-26.34201718762029
 20
-84.75749062494687
 10
-25.96553066433188
 20
-84.92085429676121
 10
-25.72417092321252
 20
-85.02062416977599
 10
-25.45071250046189
 20
-85.12817499982341
 10
-25.14763962459413
 20
-85.24029848612409
 10
-24.985774088152
 20
-85.29707238137589
 10
-24.81743652412338
 20
-85.3537863278988
 10
-24.64293746107255
 20
-85.41003928809534
 10
-24.46258742756377
 20
-85.46543022436814
 10
-24.27669695216131
 20
-85.51955809911977
 10
-24.08557656342943
 20
-85.57202187475279
 10
-23.88953678993241
 20
-85.62242051366984
 10
-23.68888816023451
 20
-85.67035297827349
 10
-23.48394120289999
 20
-85.71541823096628
 10
-23.27500644649312
 20
-85.75721523415085
 10
-23.06239441957818
 20
-85.79534295022972
 10
-22.84641565071941
 20
-85.82940034160555
 10
-22.62738066848111
 20
-85.85898637068089
  0
LWPOLYLINE
  5
59
330
262D
100
AcDbEntity
  8
LAYER_1
100
AcDbPolyline
 90
      139
 70
     1
 43
0.0
 10
-45.32280000020122
 20
-85.89339999997081
 10
-53.2926
 20
-85.8962
 10
-53.09175262145996
 20
-85.59204067382813
 10
-52.88440417480469
 20
-85.28548164062499
 10
-52.67179206848145
 20
-84.97679506835938
 10
-52.4551537109375
 20
-84.66625312499999
 10
-51.57308593749999
 20
-83.410975
 10
-51.35487745056153
 20
-83.09523872070313
 10
-51.14006716308594
 20
-82.779280078125
 10
-50.92989248352051
 20
-82.46337124023439
 10
-50.7255908203125
 20
-82.14778437499999
 10
-50.52839958190918
 20
-81.83279165039062
 10
-50.33955617675783
 20
-81.51866523437497
 10
-50.24865160179139
 20
-81.36201194458008
 10
-50.16029801330565
 20
-81.20567729492186
 10
-50.07465008735657
 20
-81.04969530639648
 10
-49.99186250000001
 20
-80.89409999999999
 10
-49.91208992729188
 20
-80.73892539672852
 10
-49.8354870452881
 20
-80.58420551757812
 10
-49.76220853004455
 20
-80.42997438354491
 10
-49.69240905761719
 20
-80.276266015625
 10
-49.62624330406189
 20
-80.12311443481445
 10
-49.56386594543457
 20
-79.97055366210938
 10
-49.50543165779113
 20
-79.81861771850583
 10
-49.4510951171875
 20
-79.66734062499999
 10
-49.40101099967956
 20
-79.51675640258788
 10
-49.35533398132324
 20
-79.36689907226561
 10
-49.31421873817444
 20
-79.2178026550293
 10
-49.27781994628906
 20
-79.069501171875
 10
-49.24629228172302
 20
-78.92202864379881
 10
-49.21979042053223
 20
-78.77541909179687
 10
-49.19846903877259
 20
-78.62970653686523
 10
-49.18248281250001
 20
-78.48492499999998
 10
-49.1719864177704
 20
-78.34110850219727
 10
-49.16713453063965
 20
-78.19829106445313
 10
-49.1680818271637
 20
-78.05650670776367
 10
-49.17498298339843
 20
-77.915789453125
 10
-49.18799267539978
 20
-77.77617332153321
 10
-49.20726557922363
 20
-77.63769233398438
 10
-49.23295637092589
 20
-77.50038051147459
 10
-49.26521972656249
 20
-77.364271875
 10
-49.30421032218934
 20
-77.22940044555663
 10
-49.35008283386229
 20
-77.09580024414062
 10
-49.40299193763733
 20
-76.96350529174805
 10
-49.46309230957031
 20
-76.83254960937502
 10
-49.53053862571715
 20
-76.70296721801759
 10
-49.60548556213378
 20
-76.57479213867188
 10
-49.68808779487609
 20
-76.44805839233399
 10
-49.7785
 20
-76.3228
 10
-49.73699306564331
 20
-76.38680636711119
 10
-49.68790702514649
 20
-76.45427544860841
 10
-49.63161277236939
 20
-76.52514627723694
 10
-49.56848120117186
 20
-76.5993578857422
 10
-49.49888320541381
 20
-76.6768493068695
 10
-49.42318967895507
 20
-76.75755957336426
 10
-49.254999609375
 20
-76.92839277343749
 10
-49.06687814331054
 20
-77.1113697479248
 10
-48.86179243164064
 20
-77.30600275878906
 10
-48.41259687500001
 20
-77.7282859375
 10
-48.17442133178711
 20
-77.95496062927245
 10
-47.93115014648438
 20
-78.19134040527344
 10
-47.68575046997071
 20
-78.43693752746583
 10
-47.44118945312499
 20
-78.69126425781248
 10
-47.32015067672729
 20
-78.82154880790709
 10
-47.20043424682618
 20
-78.95383285827637
 10
-47.0824110572815
 20
-79.08805544166566
 10
-46.96645200195313
 20
-79.22415559082032
 10
-46.85292797470093
 20
-79.36207233848572
 10
-46.74220986938477
 20
-79.50174471740722
 10
-46.6346685798645
 20
-79.6431117603302
 10
-46.530675
 20
-79.7861125
 10
-46.43060002365111
 20
-79.93068596916199
 10
-46.33481454467774
 20
-80.0767712005615
 10
-46.2436894569397
 20
-80.22430722694394
 10
-46.15759565429688
 20
-80.37323308105468
 10
-46.07690403060914
 20
-80.52348779563905
 10
-46.00198547973632
 20
-80.67501040344238
 10
-45.93321089553833
 20
-80.82773993721007
 10
-45.870951171875
 20
-80.9816154296875
 10
-45.8155772026062
 20
-81.13657591361999
 10
-45.7674598815918
 20
-81.29256042175294
 10
-45.72697010269165
 20
-81.44950798683167
 10
-45.70970144586563
 20
-81.52832386345863
 10
-45.69447875976561
 20
-81.60735764160154
 10
-45.68134840612411
 20
-81.68660170035362
 10
-45.67035674667358
 20
-81.76604841880799
 10
-45.6615501431465
 20
-81.84569017605781
 10
-45.65497495727539
 20
-81.92551935119629
 10
-45.65067755079268
 20
-82.00552832331657
 10
-45.6487042854309
 20
-82.08570947151185
 10
-45.64910152292251
 20
-82.16605517487526
 10
-45.65191562499999
 20
-82.2465578125
 10
-45.65719295339585
 20
-82.32720976347923
 10
-45.66497986984252
 20
-82.40800340690613
 10
-45.67532273607254
 20
-82.48893112187387
 10
-45.68826791381836
 20
-82.56998528747558
 10
-45.70386176481247
 20
-82.6511582828045
 10
-45.72215065078736
 20
-82.73244248695373
 10
-45.74318093347549
 20
-82.81383027901648
 10
-45.76699897460938
 20
-82.89531403808593
 10
-45.79365113592148
 20
-82.97688614325522
 10
-45.82318377914428
 20
-83.05853897361755
 10
-45.85564326601028
 20
-83.14026490826607
 10
-45.89107595825195
 20
-83.22205632629394
 10
-45.92952821760178
 20
-83.30390560679436
 10
-45.97104640579224
 20
-83.38580512886048
 10
-46.01567688455581
 20
-83.46774727158546
 10
-46.063466015625
 20
-83.5497244140625
 10
-46.11446016073227
 20
-83.63172893538477
 10
-46.16870568161011
 20
-83.71375321464538
 10
-46.22624893999098
 20
-83.79578963093758
 10
-46.28713629760742
 20
-83.8778305633545
 10
-46.35141411619186
 20
-83.95986839098929
 10
-46.41912875747681
 20
-84.04189549293517
 10
-46.49032658319472
 20
-84.12390424828529
 10
-46.5650539550781
 20
-84.20588703613281
 10
-46.64335723485947
 20
-84.28783623557091
 10
-46.72528278427124
 20
-84.36974422569273
 10
-46.81087696504593
 20
-84.45160338559151
 10
-46.900186138916
 20
-84.53340609436034
 10
-46.99325666761398
 20
-84.61514473109245
 10
-47.09013491287232
 20
-84.69681167488097
 10
-47.19086723642349
 20
-84.77839930481911
 10
-47.29549999999999
 20
-84.85989999999999
 10
-47.14979450687195
 20
-84.97645029294055
 10
-47.007220117258
 20
-85.08544140619736
 10
-46.86774621592377
 20
-85.18700869133281
 10
-46.73134218763488
 20
-85.28128749990932
 10
-46.597977417157
 20
-85.36841318348926
 10
-46.46762128925579
 20
-85.44852109363503
 10
-46.34024318869689
 20
-85.52174658190907
 10
-46.21581250024592
 20
-85.58822499987369
 10
-46.0942986086686
 20
-85.64809169909137
 10
-45.97567089873048
 20
-85.7014820311245
 10
-45.85989875519728
 20
-85.74853134753546
 10
-45.74695156283463
 20
-85.78937499988667
 10
-45.63679870640817
 20
-85.82414833974047
 10
-45.52940957068357
 20
-85.85298671865931
 10
-45.42475354042643
 20
-85.87602548820557
  0
LWPOLYLINE
  5
5A
330
262D
100
AcDbEntity
  8
LAYER_1
100
AcDbPolyline
 90
      144
 70
     1
 43
0.0
 10
-10.743200000093
 20
-73.14860000003145
 10
-10.59317682800293
 20
-73.31371430969237
 10
-10.44102595214844
 20
-73.48541604003905
 10
-10.2874784576416
 20
-73.66351214294432
 10
-10.1332654296875
 20
-73.8478095703125
 10
-9.979117953491213
 20
-74.03811527404783
 10
-9.825767114257812
 20
-74.23423620605468
 10
-9.673943997192383
 20
-74.4359793182373
 10
-9.524379687499999
 20
-74.64315156249999
 10
-9.377805270385744
 20
-74.85555989074706
 10
-9.234951831054686
 20
-75.07301125488281
 10
-9.096550454711916
 20
-75.2953126068115
 10
-8.963332226562499
 20
-75.52227089843753
 10
-8.836028231811523
 20
-75.75369308166504
 10
-8.774822536087036
 20
-75.87101780509948
 10
-8.715369555664063
 20
-75.98938610839844
 10
-8.657760676193237
 20
-76.10877386054991
 10
-8.602087283325195
 20
-76.22915693054197
 10
-8.548440762710571
 20
-76.35051118736265
 10
-8.4969125
 20
-76.4728125
 10
-8.447593880844115
 20
-76.59603673744202
 10
-8.400576290893557
 20
-76.72015976867676
 10
-8.35595111579895
 20
-76.84515746269227
 10
-8.313809741210937
 20
-76.97100568847656
 10
-8.27424355278015
 20
-77.0976803150177
 10
-8.237343936157227
 20
-77.2251572113037
 10
-8.203202276992797
 20
-77.35341224632262
 10
-8.171909960937499
 20
-77.4824212890625
 10
-8.143558373641967
 20
-77.61216020851136
 10
-8.118238900756836
 20
-77.74260487365724
 10
-8.096042927932741
 20
-77.87373115348817
 10
-8.077061840820311
 20
-78.00551491699218
 10
-8.061387025070191
 20
-78.13793203315736
 10
-8.049109866333008
 20
-78.27095837097167
 10
-8.040321750259396
 20
-78.40456979942324
 10
-8.035114062499999
 20
-78.53874218749997
 10
-8.033578188705442
 20
-78.67345140419006
 10
-8.035805514526366
 20
-78.80867331848143
 10
-8.041887425613401
 20
-78.94438379936218
 10
-8.051915307617187
 20
-79.08055871582028
 10
-8.065980546188356
 20
-79.21717393684388
 10
-8.084174526977536
 20
-79.35420533142091
 10
-8.106588635635375
 20
-79.49162876853944
 10
-8.1333142578125
 20
-79.62942011718749
 10
-8.164442779159545
 20
-79.76755524635314
 10
-8.200065585327147
 20
-79.9060100250244
 10
-8.240274061965941
 20
-80.04476032218933
 10
-8.285159594726563
 20
-80.18378200683594
 10
-8.334813569259644
 20
-80.32305094795226
 10
-8.389327371215818
 20
-80.46254301452638
 10
-8.448792386245726
 20
-80.60223407554627
 10
-8.513299999999999
 20
-80.74209999999998
 10
-8.714470572280882
 20
-80.77617171020508
 10
-8.911794265747071
 20
-80.80504692382813
 10
-9.105331232833863
 20
-80.82881107788086
 10
-9.29514162597656
 20
-80.847549609375
 10
-9.481285597610472
 20
-80.86134795532226
 10
-9.663823300170896
 20
-80.87029155273437
 10
-9.84281488609314
 20
-80.87446583862305
 10
-10.0183205078125
 20
-80.87395625
 10
-10.19040031776428
 20
-80.86884822387695
 10
-10.35911446838379
 20
-80.85922719726562
 10
-10.52452311210632
 20
-80.84517860717772
 10
-10.68668640136719
 20
-80.826787890625
 10
-10.84566448860168
 20
-80.80414048461914
 10
-11.00151752624512
 20
-80.77732182617188
 10
-11.15430566673279
 20
-80.74641735229494
 10
-11.3040890625
 20
-80.71151249999999
 10
-11.45092786598206
 20
-80.6726927062988
 10
-11.59488222961426
 20
-80.63004340820311
 10
-11.73601230583191
 20
-80.58365004272458
 10
-11.87437824707031
 20
-80.53359804687501
 10
-12.01004020576477
 20
-80.47997285766602
 10
-12.14305833435059
 20
-80.42285991210937
 10
-12.27349278526306
 20
-80.3623446472168
 10
-12.4014037109375
 20
-80.2985125
 10
-12.5268512638092
 20
-80.23144890747071
 10
-12.64989559631348
 20
-80.16123930664063
 10
-12.77059686088562
 20
-80.08796913452149
 10
-12.88901520996094
 20
-80.011723828125
 10
-13.00521079597473
 20
-79.93258882446287
 10
-13.1192437713623
 20
-79.85064956054687
 10
-13.23117428855896
 20
-79.76599147338866
 10
-13.3410625
 20
-79.67869999999997
 10
-13.44896855812073
 20
-79.58886057739258
 10
-13.55495261535645
 20
-79.49655864257812
 10
-13.65907482414246
 20
-79.40187963256838
 10
-13.76139533691406
 20
-79.30490898437501
 10
-13.86197430610657
 20
-79.20573213500976
 10
-13.96087188415527
 20
-79.10443452148438
 10
-14.05814822349548
 20
-79.00110158081057
 10
-14.1538634765625
 20
-78.89581875000001
 10
-14.24807779579163
 20
-78.78867146606445
 10
-14.34085133361816
 20
-78.67974516601562
 10
-14.43224424247742
 20
-78.56912528686523
 10
-14.52231667480469
 20
-78.456897265625
 10
-14.69874071960449
 20
-78.22795854492188
 10
-14.8706046875
 20
-77.9936125
 10
-15.03838979797363
 20
-77.75454262695312
 10
-15.20257727050781
 20
-77.51143242187501
 10
-15.36364832458496
 20
-77.26496538085938
 10
-15.5220841796875
 20
-77.01582499999997
 10
-15.67836605529785
 20
-76.76469477539062
 10
-15.83297517089844
 20
-76.512258203125
 10
-16.1391
 20
-76.00620000000001
 10
-15.9386689335265
 20
-75.97222311478359
 10
-15.74340605781634
 20
-75.93635200807135
 10
-15.5532396710568
 20
-75.89866194078853
 10
-15.36809807143518
 20
-75.85922817386036
 10
-15.18790955713878
 20
-75.81812596821208
 10
-15.01260242635493
 20
-75.77543058476895
 10
-14.84210497727089
 20
-75.73121728445624
 10
-14.67634550807396
 20
-75.68556132819916
 10
-14.51525231695146
 20
-75.63853797692299
 10
-14.35875370209068
 20
-75.59022249155295
 10
-14.20677796167891
 20
-75.54069013301432
 10
-14.05925339390346
 20
-75.49001616223229
 10
-13.91610829695163
 20
-75.43827584013219
 10
-13.77727096901071
 20
-75.38554442763919
 10
-13.64266970826801
 20
-75.3318971856786
 10
-13.51223281291081
 20
-75.27740937517563
 10
-13.38588858112643
 20
-75.22215625705553
 10
-13.26356531110216
 20
-75.16621309224357
 10
-13.1451913010253
 20
-75.10965514166497
 10
-13.03069484908314
 20
-75.052557666245
 10
-12.92000425346299
 20
-74.9949959269089
 10
-12.81304781235215
 20
-74.93704518458191
 10
-12.61005058640757
 20
-74.82027773465627
 10
-12.42112955674781
 20
-74.70285740387005
 10
-12.24571110887124
 20
-74.58538627962529
 10
-12.08322162827627
 20
-74.46846644932394
 10
-11.93308750046127
 20
-74.35270000036796
 10
-11.79473511092465
 20
-74.23868902015936
 10
-11.6675908451648
 20
-74.12703559610008
 10
-11.55108108868009
 20
-74.01834181559221
 10
-11.44463222696894
 20
-73.91320976603761
 10
-11.34767064552972
 20
-73.81224153483831
 10
-11.25962272986083
 20
-73.7160392093963
 10
-11.1079734378276
 20
-73.54034062539206
 10
-10.88639980493427
 20
-73.27262617215819
 10
-10.84468634361263
 20
-73.22664363427269
 10
-10.80729763204844
 20
-73.19024370136033
 10
-10.7736600557401
 20
-73.1640284608231
 10
-10.75806868877512
 20
-73.15492825250823
  0
LWPOLYLINE
  5
5B
330
262D
100
AcDbEntity
  8
LAYER_1
100
AcDbPolyline
 90
      475
 70
     1
 43
0.0
 10
-17.74850000046671
 20
-76.18930000003185
 10
-17.648088671875
 20
-76.36191381835937
 10
-17.5533375
 20
-76.538918359375
 10
-17.464426953125
 20
-76.72037075195311
 10
-17.3815375
 20
-76.906328125
 10
-17.304849609375
 20
-77.09684760742188
 10
-17.23454375
 20
-77.29198632812501
 10
-17.170800390625
 20
-77.49180141601562
 10
-17.1138
 20
-77.69635
 10
-17.063723046875
 20
-77.90568920898436
 10
-17.04133725585937
 20
-78.01217315063476
 10
-17.02075
 20
-78.11987617187501
 10
-17.00198383789062
 20
-78.22880541381834
 10
-16.985061328125
 20
-78.33896801757814
 10
-16.97000502929687
 20
-78.45037112426758
 10
-16.9568375
 20
-78.56302187500002
 10
-16.94558129882812
 20
-78.67692741088866
 10
-16.936258984375
 20
-78.79209487304688
 10
-16.92889311523437
 20
-78.90853140258787
 10
-16.92350625
 20
-79.026244140625
 10
-16.92012094726563
 20
-79.14524022827149
 10
-16.918759765625
 20
-79.26552680664062
 10
-16.91944526367188
 20
-79.38711101684572
 10
-16.9222
 20
-79.51
 10
-16.92731402702331
 20
-79.62803842964172
 10
-16.93557139587402
 20
-79.7454297027588
 10
-16.94692003822326
 20
-79.86213779563904
 10
-16.96130788574219
 20
-79.97812668457031
 10
-16.97868287010193
 20
-80.09336034584045
 10
-16.99899292297363
 20
-80.20780275573732
 10
-17.02218597602844
 20
-80.32141789054872
 10
-17.0482099609375
 20
-80.43416972656251
 10
-17.07701280937194
 20
-80.54602224006654
 10
-17.10854245300293
 20
-80.65693940734862
 10
-17.14274682350159
 20
-80.76688520469664
 10
-17.17957385253906
 20
-80.87582360839846
 10
-17.2189714717865
 20
-80.98371859474182
 10
-17.26088761291504
 20
-81.09053414001465
 10
-17.30527020759583
 20
-81.19623422050477
 10
-17.3520671875
 20
-81.3007828125
 10
-17.40122648429871
 20
-81.40414389228821
 10
-17.45269602966308
 20
-81.50628143615723
 10
-17.50642375526428
 20
-81.60715942039491
 10
-17.56235759277344
 20
-81.70674182128905
 10
-17.62044547386169
 20
-81.80499261512755
 10
-17.68063533020019
 20
-81.90187577819825
 10
-17.74287509346008
 20
-81.99735528678894
 10
-17.8071126953125
 20
-82.09139511718751
 10
-17.87329606742859
 20
-82.18395924568175
 10
-17.94137314147949
 20
-82.27501164855956
 10
-18.01129184913635
 20
-82.36451630210877
 10
-18.0830001220703
 20
-82.45243718261718
 10
-18.15644589195252
 20
-82.53873826637269
 10
-18.2315770904541
 20
-82.6233835296631
 10
-18.30834164924622
 20
-82.70633694877624
 10
-18.3866875
 20
-82.7875625
 10
-18.4665625743866
 20
-82.86702415962219
 10
-18.54791480407715
 20
-82.94468590393064
 10
-18.6306921207428
 20
-83.02051170921325
 10
-18.71484245605469
 20
-83.0944655517578
 10
-18.80031374168396
 20
-83.16651140785216
 10
-18.88705390930176
 20
-83.23661325378417
 10
-18.97501089057923
 20
-83.30473506584167
 10
-19.0641326171875
 20
-83.3708408203125
 10
-19.15436702079773
 20
-83.43489449348449
 10
-19.24566203308105
 20
-83.49686006164549
 10
-19.33796558570862
 20
-83.55670150108336
 10
-19.43122561035156
 20
-83.61438278808593
 10
-19.52539003868103
 20
-83.66986789894104
 10
-19.62040680236817
 20
-83.72312080993653
 10
-19.7162238330841
 20
-83.77410549736024
 10
-19.8127890625
 20
-83.82278593749999
 10
-19.91005042228698
 20
-83.86912610664369
 10
-20.00795584411621
 20
-83.91308998107909
 10
-20.10645325965881
 20
-83.95464153709411
 10
-20.20549060058594
 20
-83.99374475097655
 10
-20.30501579856872
 20
-84.03036359901427
 10
-20.40497678527832
 20
-84.06446205749512
 10
-20.50532149238586
 20
-84.09600410270691
 10
-20.6059978515625
 20
-84.12495371093751
 10
-20.70695379447937
 20
-84.15127485847474
 10
-20.80813725280762
 20
-84.17493152160643
 10
-20.90949615821838
 20
-84.19588767662046
 10
-21.01097844238281
 20
-84.21410729980468
 10
-21.11253203697204
 20
-84.22955436744691
 10
-21.21410487365723
 20
-84.24219285583495
 10
-21.3156448841095
 20
-84.25198674125672
 10
-21.4171
 20
-84.2589
 10
-21.5471377166748
 20
-84.2631238155365
 10
-21.67774948730469
 20
-84.26186728210449
 10
-21.80873636779785
 20
-84.25521967964172
 10
-21.9398994140625
 20
-84.24327028808594
 10
-22.07103968200684
 20
-84.22610838737488
 10
-22.20195822753908
 20
-84.20382325744631
 10
-22.33245610656739
 20
-84.17650417823791
 10
-22.462334375
 20
-84.1442404296875
 10
-22.59139408874512
 20
-84.1071212917328
 10
-22.71943630371094
 20
-84.06523604431152
 10
-22.84626207580567
 20
-84.01867396736145
 10
-22.9716724609375
 20
-83.9675243408203
 10
-23.09546851501465
 20
-83.91187644462585
 10
-23.21745129394532
 20
-83.85181955871582
 10
-23.3374218536377
 20
-83.78744296302796
 10
-23.45518125
 20
-83.71883593749997
 10
-23.57053053894043
 20
-83.64608776206969
 10
-23.68327077636719
 20
-83.56928771667481
 10
-23.79320301818848
 20
-83.48852508125304
 10
-23.9001283203125
 20
-83.40388913574219
 10
-24.00384773864746
 20
-83.31546916007996
 10
-24.10416232910157
 20
-83.2233544342041
 10
-24.20087314758302
 20
-83.12763423805238
 10
-24.29378125
 20
-83.02839785156249
 10
-24.38268769226074
 20
-82.92573455467225
 10
-24.46739353027344
 20
-82.81973362731935
 10
-24.54769981994629
 20
-82.71048434944153
 10
-24.6234076171875
 20
-82.59807600097657
 10
-24.69431797790527
 20
-82.48259786186217
 10
-24.76023195800781
 20
-82.36413921203613
 10
-24.82095061340332
 20
-82.24278933143615
 10
-24.876275
 20
-82.11863750000002
 10
-24.92600617370606
 20
-81.99177299766541
 10
-24.96994519042969
 20
-81.86228510437013
 10
-25.0078931060791
 20
-81.73026310005189
 10
-25.0396509765625
 20
-81.59579626464845
 10
-25.06501985778809
 20
-81.45897387809753
 10
-25.08380080566406
 20
-81.3198852203369
 10
-25.09579487609863
 20
-81.17861957130431
 10
-25.100803125
 20
-81.03526621093752
 10
-25.09862660827637
 20
-80.8899144191742
 10
-25.08906638183594
 20
-80.74265347595215
 10
-25.07192350158693
 20
-80.5935726612091
 10
-25.0469990234375
 20
-80.44276125488282
 10
-25.0140940032959
 20
-80.29030853691102
 10
-24.97300949707031
 20
-80.13630378723144
 10
-24.92354656066895
 20
-79.98083628578186
 10
-24.86550625
 20
-79.8239953125
 10
-24.79868962097168
 20
-79.66587014732358
 10
-24.72289772949219
 20
-79.50655007019041
 10
-24.63793163146973
 20
-79.34612436103819
 10
-24.5435923828125
 20
-79.18468229980469
 10
-24.43968103942871
 20
-79.02231316642761
 10
-24.32599865722656
 20
-78.85910624084471
 10
-24.20234629211427
 20
-78.69515080299376
 10
-24.068525
 20
-78.53053613281248
 10
-23.92433583679199
 20
-78.36535151023864
 10
-23.76957985839844
 20
-78.19968621520995
 10
-23.60405812072754
 20
-78.03362952766419
 10
-23.4275716796875
 20
-77.86727072753904
 10
-23.23992159118653
 20
-77.70069909477233
 10
-23.04090891113281
 20
-77.53400390930178
 10
-22.83033469543457
 20
-77.36727445106506
 10
-22.608
 20
-77.2006
 10
-22.74768724975586
 20
-77.15057588806151
 10
-22.89371635742187
 20
-77.10310827636718
 10
-23.0456446105957
 20
-77.05873862609862
 10
-23.203029296875
 20
-77.01800839843748
 10
-23.36542770385742
 20
-76.98145905456543
 10
-23.53239711914062
 20
-76.94963205566404
 10
-23.70349483032227
 20
-76.92306886291503
 10
-23.878278125
 20
-76.9023109375
 10
-24.05630429077148
 20
-76.8878997406006
 10
-24.23713061523437
 20
-76.88037673339843
 10
-24.42031438598633
 20
-76.88028337707518
 10
-24.51265196609497
 20
-76.88319202461244
 10
-24.605412890625
 20
-76.8881611328125
 10
-24.69854182052613
 20
-76.89525838432313
 10
-24.79198341674806
 20
-76.904551461792
 10
-24.88568234024048
 20
-76.91610804786683
 10
-24.97958325195312
 20
-76.9299958251953
 10
-25.07363081283569
 20
-76.94628247642516
 10
-25.16776968383789
 20
-76.96503568420411
 10
-25.26194452590943
 20
-76.98632313117982
 10
-25.3561
 20
-77.0102125
 10
-25.45018076705932
 20
-77.03677147331238
 10
-25.54413148803711
 20
-77.06606773376465
 10
-25.63789682388306
 20
-77.09816896400451
 10
-25.73142143554687
 20
-77.13314284667969
 10
-25.82464998397827
 20
-77.17105706443788
 10
-25.91752713012695
 20
-77.21197929992675
 10
-26.00999753494262
 20
-77.25597723579408
 10
-26.102005859375
 20
-77.3031185546875
 10
-26.19349676437378
 20
-77.35347093925478
 10
-26.28441491088867
 20
-77.40710207214355
 10
-26.37470495986938
 20
-77.4640796360016
 10
-26.46431157226563
 20
-77.52447131347657
 10
-26.5531794090271
 20
-77.58834478721619
 10
-26.64125313110351
 20
-77.65576773986817
 10
-26.72847739944458
 20
-77.72680785408019
 10
-26.814796875
 20
-77.80153281249998
 10
-26.90015621871948
 20
-77.88001029777527
 10
-26.98450009155273
 20
-77.9623079925537
 10
-27.06777315444946
 20
-78.04849357948305
 10
-27.14992006835937
 20
-78.13863474121093
 10
-27.23088549423218
 20
-78.23279916038514
 10
-27.31061409301758
 20
-78.3310545196533
 10
-27.38905052566528
 20
-78.43346850166319
 10
-27.466139453125
 20
-78.5401087890625
 10
-27.54182553634644
 20
-78.6510430644989
 10
-27.61605343627929
 20
-78.7663390106201
 10
-27.68876781387329
 20
-78.88606431007385
 10
-27.75991333007812
 20
-79.01028664550779
 10
-27.82943464584351
 20
-79.1390736995697
 10
-27.89727642211914
 20
-79.27249315490723
 10
-27.96338331985474
 20
-79.4106126941681
 10
-28.0277
 20
-79.5535
 10
-28.06446303901672
 20
-79.41024009246826
 10
-28.10423898010254
 20
-79.27073109130859
 10
-28.14693774681091
 20
-79.13493376617431
 10
-28.19246926269531
 20
-79.00280888671872
 10
-28.2407434513092
 20
-78.8743172225952
 10
-28.29167023620606
 20
-78.74941954345705
 10
-28.34515954093933
 20
-78.62807661895752
 10
-28.4011212890625
 20
-78.51024921874998
 10
-28.45946540412903
 20
-78.3958981124878
 10
-28.52010180969238
 20
-78.2849840698242
 10
-28.58294042930603
 20
-78.17746786041259
 10
-28.64789118652344
 20
-78.07331025390623
 10
-28.71486400489807
 20
-77.97247201995848
 10
-28.7837688079834
 20
-77.87491392822264
 10
-28.85451551933289
 20
-77.78059674835205
 10
-28.9270140625
 20
-77.68948125
 10
-29.00117436103821
 20
-77.60152820281982
 10
-29.07690633850098
 20
-77.51669837646485
 10
-29.15411991844178
 20
-77.43495254058839
 10
-29.23272502441407
 20
-77.35625146484375
 10
-29.31263157997131
 20
-77.28055591888427
 10
-29.393749508667
 20
-77.20782667236327
 10
-29.47598873405457
 20
-77.13802449493408
 10
-29.5592591796875
 20
-77.07111015625
 10
-29.64347076911926
 20
-77.00704442596435
 10
-29.72853342590332
 20
-76.94578807373047
 10
-29.81435707359314
 20
-76.88730186920166
 10
-29.90085163574219
 20
-76.83154658203125
 10
-29.98792703590393
 20
-76.77848298187256
 10
-30.07549319763184
 20
-76.72807183837891
 10
-30.16346004447937
 20
-76.68027392120361
 10
-30.2517375
 20
-76.63504999999998
 10
-30.34023548774719
 20
-76.59236084442139
 10
-30.42886393127441
 20
-76.55216722412109
 10
-30.51753275413514
 20
-76.51442990875245
 10
-30.60615187988283
 20
-76.47910966796877
 10
-30.69463123207092
 20
-76.44616727142333
 10
-30.78288073425293
 20
-76.41556348876955
 10
-30.8708103099823
 20
-76.38725908966065
 10
-30.9583298828125
 20
-76.36121484375
 10
-31.13177871398927
 20
-76.31574989013675
 10
-31.30250661621094
 20
-76.27885478515627
 10
-31.46979297790528
 20
-76.25021568603516
 10
-31.6329171875
 20
-76.22951875
 10
-31.79115863342286
 20
-76.21645013427734
 10
-31.94379670410157
 20
-76.21069599609374
 10
-32.09011078796387
 20
-76.2119424926758
 10
-32.22938027343751
 20
-76.21987578125002
 10
-32.3608845489502
 20
-76.23418201904295
 10
-32.4839030029297
 20
-76.25454736328127
 10
-32.59771502380373
 20
-76.28065797119143
 10
-32.65094343070984
 20
-76.29576967315674
 10
-32.7016
 20
-76.3122
 10
-32.43622924804687
 20
-76.15692912597656
 10
-32.170344921875
 20
-76.0049408203125
 10
-31.90402641601563
 20
-75.85644030761719
 10
-31.637353125
 20
-75.7116328125
 10
-31.37040444335938
 20
-75.57072355957031
 10
-31.103259765625
 20
-75.43391777343749
 10
-30.83599848632813
 20
-75.30142067871094
 10
-30.5687
 20
-75.17343749999998
 10
-30.30144370117188
 20
-75.05017346191405
 10
-30.034308984375
 20
-74.93183378906249
 10
-29.76737524414062
 20
-74.81862370605471
 10
-29.500721875
 20
-74.71074843749999
 10
-29.23442827148438
 20
-74.60841320800779
 10
-28.968573828125
 20
-74.51182324218748
 10
-28.70323793945312
 20
-74.42118376464843
 10
-28.4385
 20
-74.33669999999999
 10
-28.31251630740165
 20
-74.2992192729473
 10
-28.18697301292419
 20
-74.26453748435974
 10
-28.06189116654395
 20
-74.23262569184302
 10
-27.93729181823731
 20
-74.20345495300293
 10
-27.8131960179806
 20
-74.17699632544516
 10
-27.68962481575014
 20
-74.15322086677551
 10
-27.56659926152231
 20
-74.13209963459968
 10
-27.44414040527345
 20
-74.11360368652343
 10
-27.32226929697991
 20
-74.09770408015251
 10
-27.20100698661805
 20
-74.08437187309266
 10
-27.0803745241642
 20
-74.07357812294958
 10
-26.96039295959472
 20
-74.06529388732909
 10
-26.84108334288597
 20
-74.05949022383689
 10
-26.72246672401428
 20
-74.05613819007874
 10
-26.604564152956
 20
-74.05520884366033
 10
-26.4873966796875
 20
-74.0566732421875
 10
-26.37098535418513
 20
-74.06050244326592
 10
-26.25535122642518
 20
-74.06666750450134
 10
-26.14051534638406
 20
-74.07513948349951
 10
-26.0264987640381
 20
-74.0858894378662
 10
-25.91332252936363
 20
-74.09888842520714
 10
-25.80100769233704
 20
-74.11410750312803
 10
-25.68957530293464
 20
-74.1315177292347
 10
-25.57904641113281
 20
-74.15109016113283
 10
-25.46944206690788
 20
-74.17279585642813
 10
-25.3607833202362
 20
-74.19660587272644
 10
-25.25309122109412
 20
-74.22249126763344
 10
-25.14638681945801
 20
-74.25042309875488
 10
-25.0406911653042
 20
-74.28037242369651
 10
-24.93602530860902
 20
-74.31231030006408
 10
-24.83241029934884
 20
-74.34620778546332
 10
-24.7298671875
 20
-74.3820359375
 10
-24.62841702303886
 20
-74.41976581377983
 10
-24.52808085594177
 20
-74.45936847190857
 10
-24.42887973618507
 20
-74.50081496949197
 10
-24.33083471374513
 20
-74.54407636413574
 10
-24.23396683859827
 20
-74.58912371344564
 10
-24.13829716072085
 20
-74.63592807502745
 10
-24.0438467300892
 20
-74.68446050648688
 10
-23.9506365966797
 20
-74.73469206542969
 10
-23.85868781046868
 20
-74.78659380946159
 10
-23.7680214214325
 20
-74.84013679618835
 10
-23.6786584795475
 20
-74.8952920832157
 10
-23.59062003479004
 20
-74.95203072814942
 10
-23.50392713713646
 20
-75.0103237885952
 10
-23.41860083656311
 20
-75.07014232215881
 10
-23.33466218304633
 20
-75.131457386446
 10
-23.25213222656251
 20
-75.19424003906248
 10
-23.17103201708795
 20
-75.25846133761405
 10
-23.09138260459901
 20
-75.32409233970639
 10
-23.01320503907204
 20
-75.3911041029453
 10
-22.9365203704834
 20
-75.45946768493651
 10
-22.78771392402649
 20
-75.60013453559877
 10
-22.64513166503906
 20
-75.74586135253906
 10
-22.5089419933319
 20
-75.8964165966034
 10
-22.37931330871582
 20
-76.0515687286377
 10
-22.2564140110016
 20
-76.2110862094879
 10
-22.19754050717354
 20
-76.29240959973334
 10
-22.1404125
 20
-76.37473749999999
 10
-22.08505103945732
 20
-76.45804096789359
 10
-22.03147717552185
 20
-76.54229106101991
 10
-21.97971195816994
 20
-76.62745883698464
 10
-21.92977643737794
 20
-76.71351535339354
 10
-21.88169166312219
 20
-76.80043166785238
 10
-21.83547868537904
 20
-76.88817883796691
 10
-21.79115855412484
 20
-76.97672792134283
 10
-21.74875231933594
 20
-77.06604997558594
 10
-21.7082810309887
 20
-77.15611605830192
 10
-21.66976573905945
 20
-77.24689722709655
 10
-21.63322749352455
 20
-77.33836453957557
 10
-21.59868734436035
 20
-77.43048905334473
 10
-21.5661663415432
 20
-77.52324182600975
 10
-21.53568553504944
 20
-77.61659391517636
 10
-21.50726597485542
 20
-77.7105163784504
 10
-21.4809287109375
 20
-77.8049802734375
 10
-21.45669479327202
 20
-77.89995665774343
 10
-21.43458527183533
 20
-77.99541658897398
 10
-21.41462119660378
 20
-78.09133112473486
 10
-21.39682361755371
 20
-78.18767132263181
 10
-21.38121358466148
 20
-78.28440824027059
 10
-21.36781214790344
 20
-78.38151293525694
 10
-21.35664035725594
 20
-78.47895646519659
 10
-21.34771926269531
 20
-78.57670988769531
 10
-21.34106991419792
 20
-78.6747442603588
 10
-21.33671336174011
 20
-78.77303064079285
 10
-21.33467065529823
 20
-78.87154008660319
 10
-21.33496284484863
 20
-78.97024365539549
 10
-21.33761098036766
 20
-79.06911240477559
 10
-21.34263611183166
 20
-79.16811739234922
 10
-21.35005928921699
 20
-79.26722967572209
 10
-21.3599015625
 20
-79.36642031249999
 10
-21.37218398165703
 20
-79.46566036028861
 10
-21.38692759666442
 20
-79.56492087669371
 10
-21.40415345749855
 20
-79.66417291932105
 10
-21.42388261413574
 20
-79.76338754577638
 10
-21.44613611655236
 20
-79.86253581366539
 10
-21.47093501472473
 20
-79.96158878059389
 10
-21.49830035862923
 20
-80.06051750416755
 10
-21.52825319824219
 20
-80.15929304199218
 10
-21.56081458353996
 20
-80.25788645167351
 10
-21.59600556449889
 20
-80.35626879081723
 10
-21.63384719109535
 20
-80.45441111702919
 10
-21.67436051330566
 20
-80.55228448791501
 10
-21.71756658110618
 20
-80.64985996108054
 10
-21.76348644447327
 20
-80.74710859413144
 10
-21.81214115338325
 20
-80.84400144467355
 10
-21.8635517578125
 20
-80.94050957031249
 10
-21.91773930773735
 20
-81.0366040286541
 10
-21.97472485313416
 20
-81.1322558773041
 10
-22.03452944397927
 20
-81.2274361738682
 10
-22.09717413024902
 20
-81.32211597595214
 10
-22.16267996191977
 20
-81.41626634116169
 10
-22.23106798896789
 20
-81.50985832710265
 10
-22.3023592613697
 20
-81.6028629913807
 10
-22.37657482910156
 20
-81.69525139160155
 10
-22.45373574213981
 20
-81.78699458537101
 10
-22.53386305046082
 20
-81.8780636302948
 10
-22.61697780404091
 20
-81.96842958397864
 10
-22.70310105285645
 20
-82.05806350402831
 10
-22.79225384688379
 20
-82.14693644804954
 10
-22.88445723609925
 20
-82.23501947364807
 10
-22.97973227047921
 20
-82.32228363842967
 10
-23.0781
 20
-82.40869999999999
 10
-22.9025359375
 20
-82.41658125000002
 10
-22.6996939453125
 20
-82.418571875
 10
-22.57435344238281
 20
-82.41678691406249
 10
-22.4349125
 20
-82.41227499999999
 10
-22.28275554199219
 20
-82.40438105468747
 10
-22.1192669921875
 20
-82.39245
 10
-21.94583127441406
 20
-82.37582675781251
 10
-21.7638328125
 20
-82.35385624999997
 10
-21.57465603027344
 20
-82.32588339843749
 10
-21.3796853515625
 20
-82.29125312499999
 10
-21.18030520019531
 20
-82.24931035156251
 10
-20.9779
 20
-82.19939999999999
 10
-20.79610400390625
 20
-82.14825746765136
 10
-20.61378359375
 20
-82.09104724121095
 10
-20.43188388671875
 20
-82.02750475158691
 10
-20.25135
 20
-81.9573654296875
 10
-20.07312705078125
 20
-81.8803647064209
 10
-19.98517752685547
 20
-81.8392086414337
 10
-19.89816015625
 20
-81.7962380126953
 10
-19.81219307861328
 20
-81.75141974906919
 10
-19.72739443359375
 20
-81.70472077941894
 10
-19.64388236083985
 20
-81.65610803260802
 10
-19.561775
 20
-81.6055484375
 10
-19.48119049072266
 20
-81.55300892295837
 10
-19.40224697265625
 20
-81.49845641784668
 10
-19.32506258544923
 20
-81.44185785102843
 10
-19.24975546875
 20
-81.38318015136718
 10
-19.17644376220703
 20
-81.32239024772644
 10
-19.10524560546875
 20
-81.25945506896972
 10
-19.03627913818359
 20
-81.19434154396056
 10
-18.9696625
 20
-81.1270166015625
 10
-18.90551383056641
 20
-81.05744717063904
 10
-18.84395126953125
 20
-80.9856001800537
 10
-18.78509295654296
 20
-80.91144255867005
 10
-18.72905703125
 20
-80.83494123535155
 10
-18.67596163330078
 20
-80.75606313896178
 10
-18.62592490234375
 20
-80.67477519836428
 10
-18.57906497802735
 20
-80.59104434242248
 10
-18.5355
 20
-80.50483750000003
 10
-18.49534810791016
 20
-80.41612159996033
 10
-18.45872744140625
 20
-80.32486357116701
 10
-18.42575614013672
 20
-80.23103034248356
 10
-18.39655234375
 20
-80.13458884277346
 10
-18.37123419189453
 20
-80.03550600090028
 10
-18.34991982421875
 20
-79.93374874572754
 10
-18.3327273803711
 20
-79.82928400611879
 10
-18.319775
 20
-79.72207871093752
 10
-18.31118082275391
 20
-79.61209978904726
 10
-18.30706298828125
 20
-79.49931416931153
 10
-18.30753963623047
 20
-79.38368878059389
 10
-18.31272890625
 20
-79.26519055175782
 10
-18.32274893798828
 20
-79.14378641166688
 10
-18.33771787109375
 20
-79.01944328918458
 10
-18.35775384521484
 20
-78.89212811317445
 10
-18.382975
 20
-78.76180781250003
 10
-18.41349947509766
 20
-78.62844931602478
 10
-18.44944541015625
 20
-78.49201955261229
 10
-18.49093094482421
 20
-78.35248545112609
 10
-18.53807421875
 20
-78.20981394042971
 10
-18.59099337158203
 20
-78.06397194938661
 10
-18.64980654296875
 20
-77.91492640686036
 10
-18.71463187255859
 20
-77.76264424171448
 10
-18.7855875
 20
-77.6070923828125
 10
-18.86279156494141
 20
-77.44823775901792
 10
-18.94636220703125
 20
-77.28604729919435
 10
-19.03641756591796
 20
-77.12048793220522
 10
-19.13307578125
 20
-76.95152658691405
 10
-19.23645499267578
 20
-76.77913019218445
 10
-19.34667333984375
 20
-76.60326567687988
 10
-19.46384896240235
 20
-76.42389996986387
 10
-19.5881
 20
-76.241
 10
-19.34204726575902
 20
-76.24217050781251
 10
-19.10072187526288
 20
-76.24100781250253
 10
-18.86406054726168
 20
-76.23758808594496
 10
-18.63200000050552
 20
-76.23198750001465
 10
-18.40447695374451
 20
-76.22428222658651
 10
-18.18142812572875
 20
-76.21454843753537
 10
-17.96279023520835
 20
-76.20286230473616
  0
LWPOLYLINE
  5
5C
330
262D
100
AcDbEntity
  8
LAYER_1
100
AcDbPolyline
 90
      252
 70
     1
 43
0.0
 10
0.0128999990612249
 20
-60.99030000007883
 10
-0.0368191028594969
 20
-60.88600113220214
 10
-0.0884223541259765
 20
-60.78368249511719
 10
-0.141884917831421
 20
-60.68332510070799
 10
-0.1971819580078127
 20
-60.5849099609375
 10
-0.2542886386871337
 20
-60.48841808776856
 10
-0.313180123901367
 20
-60.39383049316406
 10
-0.3738315776824952
 20
-60.3011281890869
 10
-0.4362181640625002
 20
-60.2102921875
 10
-0.5003150470733644
 20
-60.1213035003662
 10
-0.5660973907470704
 20
-60.03414313964843
 10
-0.6335403591156002
 20
-59.94879211730957
 10
-0.7026191162109374
 20
-59.86523144531251
 10
-0.7733088260650641
 20
-59.7834421356201
 10
-0.8455846527099609
 20
-59.70340520019531
 10
-0.9194217601776122
 20
-59.62510165100097
 10
-0.9947953124999996
 20
-59.5485125
 10
-1.071680473709107
 20
-59.47361875915527
 10
-1.150052407836914
 20
-59.40040144042967
 10
-1.229886278915405
 20
-59.32884155578613
 10
-1.311157250976562
 20
-59.2589201171875
 10
-1.393840488052367
 20
-59.19061813659668
 10
-1.477911154174804
 20
-59.12391662597656
 10
-1.563344413375855
 20
-59.05879659729004
 10
-1.6501154296875
 20
-58.99523906249999
 10
-1.827571389770508
 20
-58.87273552246093
 10
-2.010080346679687
 20
-58.75625410156249
 10
-2.197443612670898
 20
-58.64564289550781
 10
-2.3894625
 20
-58.54075
 10
-2.585938320922852
 20
-58.44142351074219
 10
-2.786672387695313
 20
-58.34751152343749
 10
-2.991466012573241
 20
-58.25886213378907
 10
-3.2001205078125
 20
-58.17532343749999
 10
-3.412437185668946
 20
-58.09674353027343
 10
-3.628217358398438
 20
-58.0229705078125
 10
-3.847262338256836
 20
-57.95385246582031
 10
-4.0693734375
 20
-57.88923749999999
 10
-4.294351968383789
 20
-57.82897370605468
 10
-4.521999243164064
 20
-57.7729091796875
 10
-4.752116574096679
 20
-57.72089201660158
 10
-4.984505273437501
 20
-57.67277031249999
 10
-5.218966653442382
 20
-57.62839216308592
 10
-5.455302026367186
 20
-57.58760566406249
 10
-5.693312704467773
 20
-57.55025891113281
 10
-5.9328
 20
-57.51619999999999
 10
-6.262239526367187
 20
-57.47467409667968
 10
-6.5935568359375
 20
-57.43863652343748
 10
-6.926243774414062
 20
-57.40769748535157
 10
-7.259792187499998
 20
-57.3814671875
 10
-7.593693920898437
 20
-57.35955583496093
 10
-7.9274408203125
 20
-57.3415736328125
 10
-8.260524731445311
 20
-57.32713078613281
 10
-8.5924375
 20
-57.31583749999999
 10
-8.922670971679689
 20
-57.30730397949219
 10
-9.2507169921875
 20
-57.3011404296875
 10
-9.898214062499999
 20
-57.29436406249998
 10
-11.1446
 20
-57.2921
 10
-17.0091
 20
-57.28979999999999
 10
-20.77
 20
-57.2884
 10
-20.57928638305664
 20
-57.31220579833985
 10
-20.38859770507813
 20
-57.34171474609375
 10
-20.19810597534179
 20
-57.37714854736328
 10
-20.007983203125
 20
-57.41872890625
 10
-19.81840139770508
 20
-57.46667752685547
 10
-19.62953256835937
 20
-57.52121611328126
 10
-19.44154872436523
 20
-57.5825663696289
 10
-19.254621875
 20
-57.65095000000001
 10
-19.06892402954101
 20
-57.7265887084961
 10
-18.88462719726562
 20
-57.80970419921874
 10
-18.70190338745117
 20
-57.90051817626952
 10
-18.520924609375
 20
-57.99925234375
 10
-18.43114336013794
 20
-58.0516587814331
 10
-18.34186287231444
 20
-58.10612840576172
 10
-18.25310464706421
 20
-58.16268892974854
 10
-18.16489018554688
 20
-58.22136806640624
 10
-18.07724098892212
 20
-58.28219352874755
 10
-17.99017855834961
 20
-58.34519302978516
 10
-17.90372439498901
 20
-58.41039428253174
 10
-17.8179
 20
-58.477825
 10
-17.73272687454223
 20
-58.54751289520264
 10
-17.64822651977539
 20
-58.61948568115235
 10
-17.56442043685913
 20
-58.69377107086181
 10
-17.48133012695313
 20
-58.77039677734375
 10
-17.39897709121704
 20
-58.84939051361084
 10
-17.31738283081055
 20
-58.93077999267578
 10
-17.23656884689331
 20
-59.01459292755127
 10
-17.156556640625
 20
-59.10085703125
 10
-17.07736771316527
 20
-59.18960001678467
 10
-16.99902356567383
 20
-59.28084959716797
 10
-16.9215456993103
 20
-59.3746334854126
 10
-16.84495561523438
 20
-59.47097939453126
 10
-16.76927481460571
 20
-59.56991503753663
 10
-16.69452479858398
 20
-59.6714681274414
 10
-16.62072706832886
 20
-59.7756663772583
 10
-16.547903125
 20
-59.8825375
 10
-16.47607446975708
 20
-59.9921092086792
 10
-16.40526260375977
 20
-60.10440921630859
 10
-16.33548902816773
 20
-60.21946523590088
 10
-16.26677524414063
 20
-60.33730498046874
 10
-16.19914275283814
 20
-60.4579561630249
 10
-16.13261305541992
 20
-60.58144649658203
 10
-16.06720765304565
 20
-60.70780369415285
 10
-16.002948046875
 20
-60.83705546874998
 10
-15.93985573806763
 20
-60.96922953338622
 10
-15.8779522277832
 20
-61.10435360107421
 10
-15.8172590171814
 20
-61.24245538482666
 10
-15.75779760742187
 20
-61.38356259765625
 10
-15.69958949966431
 20
-61.52770295257568
 10
-15.64265619506836
 20
-61.67490416259766
 10
-15.5870191947937
 20
-61.82519394073486
 10
-15.5327
 20
-61.9786
 10
-15.54918696060181
 20
-61.97029073867798
 10
-15.56091111450195
 20
-61.95735090942383
 10
-15.56795330734253
 20
-61.93997338180542
 10
-15.57039438476562
 20
-61.91835102539063
 10
-15.56831519241333
 20
-61.89267670974731
 10
-15.56179657592774
 20
-61.86314330444336
 10
-15.55091938095093
 20
-61.82994367904663
 10
-15.535764453125
 20
-61.793270703125
 10
-15.51641263809204
 20
-61.75331724624634
 10
-15.49294478149414
 20
-61.71027617797853
 10
-15.43398432617187
 20
-61.61570268554687
 10
-15.35952985229492
 20
-61.51109318237304
 10
-15.270228125
 20
-61.39799062499999
 10
-15.16672590942383
 20
-61.2779379699707
 10
-15.04966997070312
 20
-61.15247817382812
 10
-14.91970707397461
 20
-61.02315419311523
 10
-14.77748398437499
 20
-60.89150898437499
 10
-14.62364746704101
 20
-60.75908550415038
 10
-14.45884428710937
 20
-60.62742670898437
 10
-14.37253231277465
 20
-60.56236624221803
 10
-14.2837212097168
 20
-60.49807555541992
 10
-14.19249182357788
 20
-60.43474751815796
 10
-14.098925
 20
-60.37257499999999
 10
-14.00310158462524
 20
-60.31175087051391
 10
-13.9051024230957
 20
-60.25246799926756
 10
-13.80500836105347
 20
-60.19491925582886
 10
-13.70290024414062
 20
-60.13929750976563
 10
-13.59885891799926
 20
-60.08579563064575
 10
-13.49296522827149
 20
-60.0346064880371
 10
-13.38530002059937
 20
-59.98592295150757
 10
-13.275944140625
 20
-59.939937890625
 10
-13.16497843399048
 20
-59.89684417495727
 10
-13.05248374633789
 20
-59.85683467407227
 10
-12.93854092330933
 20
-59.82010225753784
 10
-12.82323081054687
 20
-59.78683979492187
 10
-12.70663425369263
 20
-59.75724015579224
 10
-12.58883209838868
 20
-59.73149620971679
 10
-12.4699051902771
 20
-59.70980082626343
 10
-12.349934375
 20
-59.692346875
 10
-12.22900049819946
 20
-59.67932722549438
 10
-12.10718440551758
 20
-59.67093474731445
 10
-11.98456694259644
 20
-59.66736231002808
 10
-11.86122895507813
 20
-59.66880278320314
 10
-11.73725128860474
 20
-59.67544903640747
 10
-11.61271478881837
 20
-59.68749393920898
 10
-11.48770030136109
 20
-59.70513036117552
 10
-11.362288671875
 20
-59.72855117187499
 10
-11.2365607460022
 20
-59.75794924087526
 10
-11.11059736938477
 20
-59.79351743774414
 10
-10.98447938766479
 20
-59.83544863204956
 10
-10.85828764648437
 20
-59.88393569335938
 10
-10.73210299148559
 20
-59.93917149124145
 10
-10.60600626831054
 20
-60.00134889526368
 10
-10.48007832260132
 20
-60.0706607749939
 10
-10.3544
 20
-60.1473
 10
-10.3611
 20
-60.1413
 10
-10.33374744644165
 20
-60.13791410942078
 10
-10.30188806762695
 20
-60.13131932067871
 10
-10.22512602539063
 20
-60.10946159667969
 10
-10.13176825561524
 20
-60.07764392395021
 10
-10.022769140625
 20
-60.0377833984375
 10
-9.761664404296872
 20
-59.94160217285156
 10
-9.611467547607418
 20
-59.88911566467285
 10
-9.449446874999999
 20
-59.83625468749998
 10
-9.276556768798831
 20
-59.78493633728027
 10
-9.093751611328126
 20
-59.73707770996093
 10
-8.998929132843016
 20
-59.71504488487243
 10
-8.901985784912106
 20
-59.69459590148925
 10
-8.803040865325925
 20
-59.6759703968048
 10
-8.702213671874996
 20
-59.65940800781249
 10
-8.599623502349849
 20
-59.64514837150574
 10
-8.495389654541009
 20
-59.63343112487793
 10
-8.389631426239011
 20
-59.62449590492248
 10
-8.282468115234372
 20
-59.61858234863282
 10
-8.174019019317622
 20
-59.61593009300232
 10
-8.064403436279299
 20
-59.61677877502441
 10
-7.953740663909914
 20
-59.6213680316925
 10
-7.84215
 20
-59.62993749999999
 10
-7.729750742340085
 20
-59.6427268169403
 10
-7.616662188720699
 20
-59.65997561950684
 10
-7.503003636932377
 20
-59.68192354469299
 10
-7.388894384765626
 20
-59.70881022949217
 10
-7.274453730010986
 20
-59.74087531089782
 10
-7.159800970458991
 20
-59.77835842590332
 10
-7.045055403900151
 20
-59.82149921150206
 10
-6.930336328125002
 20
-59.8705373046875
 10
-6.815763040924074
 20
-59.925712342453
 10
-6.701454840087891
 20
-59.98726396179201
 10
-6.587531023406982
 20
-60.05543179969788
 10
-6.474110888671872
 20
-60.13045549316406
 10
-6.361313733673092
 20
-60.21257467918395
 10
-6.249258856201167
 20
-60.30202899475098
 10
-6.138065554046633
 20
-60.39905807685852
 10
-6.027853124999999
 20
-60.50390156249999
 10
-5.918740866851804
 20
-60.61679908866883
 10
-5.810848077392582
 20
-60.73799029235839
 10
-5.704294054412843
 20
-60.86771481056214
 10
-5.599198095703127
 20
-61.00621228027343
 10
-5.495679499053955
 20
-61.15372233848571
 10
-5.393857562255858
 20
-61.31048462219239
 10
-5.293851583099363
 20
-61.47673876838684
 10
-5.195780859374996
 20
-61.6527244140625
 10
-5.099764688873285
 20
-61.83868119621277
 10
-5.00592236938476
 20
-62.03484875183107
 10
-4.91437319869995
 20
-62.24146671791078
 10
-4.825236474609373
 20
-62.45877473144532
 10
-4.738631494903561
 20
-62.6870124294281
 10
-4.654677557373048
 20
-62.92641944885253
 10
-4.573493959808349
 20
-63.17723542671203
 10
-4.495199999999999
 20
-63.4397
 10
-4.387341870172548
 20
-63.31624585577414
 10
-4.273868554803662
 20
-63.19471333019865
 10
-4.155128540220945
 20
-63.07521290911322
 10
-4.031470312752001
 20
-62.95785507835749
 10
-3.90324235872443
 20
-62.84275032377118
 10
-3.770793164465831
 20
-62.73000913119395
 10
-3.634471216303809
 20
-62.61974198646546
 10
-3.494625000565968
 20
-62.51205937542542
 10
-3.351603003579906
 20
-62.40707178391348
 10
-3.205753711673232
 20
-62.30488969776935
 10
-3.057425611173546
 20
-62.20562360283267
 10
-2.906967188408445
 20
-62.10938398494314
 10
-2.754726929705535
 20
-62.01628132994043
 10
-2.601053321392417
 20
-61.92642612366424
 10
-2.446294849796695
 20
-61.83992885195422
 10
-2.290800001245975
 20
-61.75690000065007
 10
-2.134917262067854
 20
-61.67745005559144
 10
-1.978995118589931
 20
-61.60168950261803
 10
-1.823382057139814
 20
-61.52972882756952
 10
-1.668426564045105
 20
-61.46167851628558
 10
-1.514477125633403
 20
-61.39764905460589
 10
-1.361882228232315
 20
-61.33775092837013
 10
-1.210990358169442
 20
-61.28209462341796
 10
-1.062150001772383
 20
-61.23079062558909
 10
-0.9157096453687405
 20
-61.18394942072317
 10
-0.7720177752861189
 20
-61.1416814946599
 10
-0.6314228778521198
 20
-61.10409733323893
 10
-0.4942734393943484
 20
-61.07130742229998
 10
-0.360917946240404
 20
-61.04342224768268
 10
-0.2317048847178868
 20
-61.02055229522676
 10
-0.1069827411544014
 20
-61.00280805077185
  0
LWPOLYLINE
  5
5D
330
262D
100
AcDbEntity
  8
LAYER_1
100
AcDbPolyline
 90
       81
 70
     1
 43
0.0
 10
-22.40560000071377
 20
-57.28800000007092
 10
-35.0846
 20
-57.2824
 10
-35.02037577209473
 20
-57.37132147827147
 10
-34.9457862548828
 20
-57.46865112304688
 10
-34.86057182312013
 20
-57.57322112426757
 10
-34.7644728515625
 20
-57.683863671875
 10
-34.65722971496582
 20
-57.79941095581055
 10
-34.53858278808594
 20
-57.91869516601561
 10
-34.40827244567871
 20
-58.04054849243164
 10
-34.2660390625
 20
-58.163803125
 10
-34.11162301330568
 20
-58.28729125366211
 10
-34.02976535606386
 20
-58.34875793838501
 10
-33.94476467285155
 20
-58.40984506835937
 10
-33.8565885105133
 20
-58.47040666732787
 10
-33.76520441589355
 20
-58.53029675903321
 10
-33.67057993583678
 20
-58.58936936721803
 10
-33.57268261718751
 20
-58.647478515625
 10
-33.47148000679016
 20
-58.70447822799682
 10
-33.36693965148926
 20
-58.76022252807617
 10
-33.25902909812927
 20
-58.81456543960571
 10
-33.14771589355469
 20
-58.86736098632812
 10
-33.03296758460998
 20
-58.91846319198608
 10
-32.91475171813965
 20
-58.96772608032227
 10
-32.79303584098816
 20
-59.01500367507935
 10
-32.6677875
 20
-59.06015
 10
-32.53897424201965
 20
-59.1030190788269
 10
-32.4065636138916
 20
-59.14346493530272
 10
-32.27052316246033
 20
-59.18134159317017
 10
-32.13082043457031
 20
-59.21650307617188
 10
-31.98742297706604
 20
-59.24880340805053
 10
-31.84029833679199
 20
-59.27809661254883
 10
-31.68941406059265
 20
-59.30423671340943
 10
-31.5347376953125
 20
-59.327077734375
 10
-31.37623678779602
 20
-59.34647369918822
 10
-31.2138788848877
 20
-59.3622786315918
 10
-31.04763153343201
 20
-59.37434655532837
 10
-30.87746228027344
 20
-59.38253149414062
 10
-30.70333867225647
 20
-59.38668747177124
 10
-30.52522825622558
 20
-59.38666851196289
 10
-30.34309857902527
 20
-59.38232863845826
 10
-30.1569171875
 20
-59.37352187499999
 10
-29.96665162849426
 20
-59.36010224533081
 10
-29.77226944885254
 20
-59.34192377319336
 10
-29.57373819541931
 20
-59.31884048233032
 10
-29.37102541503906
 20
-59.29070639648436
 10
-29.16409865455628
 20
-59.25737553939818
 10
-28.95292546081543
 20
-59.21870193481446
 10
-28.73747338066101
 20
-59.17453960647583
 10
-28.5177099609375
 20
-59.124742578125
 10
-28.29360274848938
 20
-59.06916487350464
 10
-28.06511929016114
 20
-59.00766051635743
 10
-27.83222713279724
 20
-58.94008353042602
 10
-27.59489382324219
 20
-58.86628793945312
 10
-27.35308690834045
 20
-58.78612776718139
 10
-27.10677393493652
 20
-58.6994570373535
 10
-26.85592244987488
 20
-58.60612977371215
 10
-26.6005
 20
-58.506
 10
-26.60823134460416
 20
-58.51673497009136
 10
-26.60755453071724
 20
-58.51939368324172
 10
-26.60390114746504
 20
-58.52031335449213
 10
-26.5878199371469
 20
-58.51713598938374
 10
-26.56029824221401
 20
-58.50760371094756
 10
-26.47217551276104
 20
-58.47107775881747
 10
-26.34201718762029
 20
-58.4139421875531
 10
-25.96553066433188
 20
-58.25066894542621
 10
-25.72417092321252
 20
-58.15094465346612
 10
-25.45071250046189
 20
-58.04343750017652
 10
-25.14763962459413
 20
-57.93135417500864
 10
-24.985774088152
 20
-57.87459853842382
 10
-24.81743652412338
 20
-57.81790136741363
 10
-24.64293746107255
 20
-57.76166349815948
 10
-24.46258742756377
 20
-57.70628576684274
 10
-24.27669695216131
 20
-57.65216900964484
 10
-24.08557656342943
 20
-57.59971406274715
 10
-23.88953678993241
 20
-57.5493217623311
 10
-23.68888816023451
 20
-57.50139294457806
 10
-23.48394120289999
 20
-57.45632844566946
 10
-23.27500644649312
 20
-57.41452910178668
 10
-23.06239441957818
 20
-57.37639574911113
 10
-22.84641565071941
 20
-57.34232922382421
 10
-22.62738066848111
 20
-57.31273036210732
  0
LWPOLYLINE
  5
5E
330
262D
100
AcDbEntity
  8
LAYER_1
100
AcDbPolyline
 90
      139
 70
     1
 43
0.0
 10
-45.32280000020122
 20
-57.27830000002902
 10
-53.2926
 20
-57.2746
 10
-53.09175262145996
 20
-57.57887543945312
 10
-52.88440417480469
 20
-57.885539453125
 10
-52.67179206848145
 20
-58.19432045898438
 10
-52.4551537109375
 20
-58.504946875
 10
-51.57308593749999
 20
-59.76047499999999
 10
-51.35487745056153
 20
-60.07625473632812
 10
-51.14006716308594
 20
-60.392250390625
 10
-50.92989248352051
 20
-60.70819038085939
 10
-50.7255908203125
 20
-61.023803125
 10
-50.52839958190918
 20
-61.33881704101561
 10
-50.33955617675783
 20
-61.65296054687501
 10
-50.24865160179139
 20
-61.80962102661134
 10
-50.16029801330565
 20
-61.96596206054689
 10
-50.07465008735657
 20
-62.12194970092774
 10
-49.99186250000001
 20
-62.27755000000001
 10
-49.91208992729188
 20
-62.43272901000977
 10
-49.8354870452881
 20
-62.58745278320313
 10
-49.76220853004455
 20
-62.74168737182618
 10
-49.69240905761719
 20
-62.89539882812501
 10
-49.62624330406189
 20
-63.04855320434572
 10
-49.56386594543457
 20
-63.20111655273438
 10
-49.50543165779113
 20
-63.35305492553711
 10
-49.4510951171875
 20
-63.50433437500001
 10
-49.40101099967956
 20
-63.65492095336914
 10
-49.35533398132324
 20
-63.80478071289063
 10
-49.31421873817444
 20
-63.95387970581055
 10
-49.27781994628906
 20
-64.102183984375
 10
-49.24629228172302
 20
-64.24965960083007
 10
-49.21979042053223
 20
-64.39627260742188
 10
-49.19846903877259
 20
-64.54198905639649
 10
-49.18248281250001
 20
-64.68677500000001
 10
-49.1719864177704
 20
-64.83059649047851
 10
-49.16713453063965
 20
-64.97341958007813
 10
-49.1680818271637
 20
-65.11521032104493
 10
-49.17498298339843
 20
-65.255934765625
 10
-49.18799267539978
 20
-65.39555896606447
 10
-49.20726557922363
 20
-65.53404897460939
 10
-49.23295637092589
 20
-65.67137084350587
 10
-49.26521972656249
 20
-65.80749062500001
 10
-49.30421032218934
 20
-65.94237437133789
 10
-49.35008283386229
 20
-66.07598813476563
 10
-49.40299193763733
 20
-66.20829796752929
 10
-49.46309230957031
 20
-66.339269921875
 10
-49.53053862571715
 20
-66.46887005004884
 10
-49.60548556213378
 20
-66.59706440429686
 10
-49.68808779487609
 20
-66.72381903686524
 10
-49.7785
 20
-66.84910000000001
 10
-49.73699306564331
 20
-66.78507488632202
 10
-49.68790702514649
 20
-66.71758707885743
 10
-49.63161277236939
 20
-66.64669756546022
 10
-49.56848120117186
 20
-66.57246733398437
 10
-49.49888320541381
 20
-66.49495737228392
 10
-49.42318967895507
 20
-66.41422866821288
 10
-49.254999609375
 20
-66.243358984375
 10
-49.06687814331054
 20
-66.06034618530275
 10
-48.86179243164064
 20
-65.86567817382813
 10
-48.41259687500001
 20
-65.44332812500001
 10
-48.17442133178711
 20
-65.21662189331054
 10
-47.93115014648438
 20
-64.98021206054689
 10
-47.68575046997071
 20
-64.73458652954102
 10
-47.44118945312499
 20
-64.480233203125
 10
-47.32015067672729
 20
-64.34993608627319
 10
-47.20043424682618
 20
-64.21763998413087
 10
-47.0824110572815
 20
-64.083405884552
 10
-46.96645200195313
 20
-63.94729477539062
 10
-46.85292797470093
 20
-63.80936764450074
 10
-46.74220986938477
 20
-63.66968547973633
 10
-46.6346685798645
 20
-63.52830926895142
 10
-46.530675
 20
-63.3853
 10
-46.43060002365111
 20
-63.24071866073609
 10
-46.33481454467774
 20
-63.09462623901367
 10
-46.2436894569397
 20
-62.94708372268678
 10
-46.15759565429688
 20
-62.79815209960938
 10
-46.07690403060914
 20
-62.6478923576355
 10
-46.00198547973632
 20
-62.49636548461914
 10
-45.93321089553833
 20
-62.34363246841431
 10
-45.870951171875
 20
-62.18975429687499
 10
-45.8155772026062
 20
-62.03479195785522
 10
-45.7674598815918
 20
-61.87880643920899
 10
-45.72697010269165
 20
-61.72185872879028
 10
-45.70970144586563
 20
-61.64304311037064
 10
-45.69447875976561
 20
-61.56400981445312
 10
-45.68134840612411
 20
-61.4847664645195
 10
-45.67035674667358
 20
-61.4053206840515
 10
-45.6615501431465
 20
-61.3256800965309
 10
-45.65497495727539
 20
-61.24585232543945
 10
-45.65067755079268
 20
-61.16584499425888
 10
-45.6487042854309
 20
-61.08566572647095
 10
-45.64910152292251
 20
-61.00532214555739
 10
-45.65191562499999
 20
-60.92482187499999
 10
-45.65719295339585
 20
-60.84417253828047
 10
-45.66497986984252
 20
-60.76338175888061
 10
-45.67532273607254
 20
-60.68245716028215
 10
-45.68826791381836
 20
-60.60140636596679
 10
-45.70386176481247
 20
-60.52023699941635
 10
-45.72215065078736
 20
-60.43895668411255
 10
-45.74318093347549
 20
-60.35757304353715
 10
-45.76699897460938
 20
-60.27609370117186
 10
-45.79365113592148
 20
-60.19452628049851
 10
-45.82318377914428
 20
-60.11287840499878
 10
-45.85564326601028
 20
-60.03115769815444
 10
-45.89107595825195
 20
-59.94937178344725
 10
-45.92952821760178
 20
-59.86752828435897
 10
-45.97104640579224
 20
-59.78563482437134
 10
-46.01567688455581
 20
-59.7036990269661
 10
-46.063466015625
 20
-59.621728515625
 10
-46.11446016073227
 20
-59.53973091382981
 10
-46.16870568161011
 20
-59.45771384506226
 10
-46.22624893999098
 20
-59.3756849328041
 10
-46.28713629760742
 20
-59.29365180053711
 10
-46.35141411619186
 20
-59.21162207174302
 10
-46.41912875747681
 20
-59.12960336990358
 10
-46.49032658319472
 20
-59.04760331850052
 10
-46.5650539550781
 20
-58.96562954101564
 10
-46.64335723485947
 20
-58.88368966093064
 10
-46.72528278427124
 20
-58.80179130172729
 10
-46.81087696504593
 20
-58.71994208688736
 10
-46.900186138916
 20
-58.63814963989256
 10
-46.99325666761398
 20
-58.55642158422469
 10
-47.09013491287232
 20
-58.47476554336548
 10
-47.19086723642349
 20
-58.39318914079665
 10
-47.29549999999999
 20
-58.3117
 10
-47.14979450687195
 20
-58.1951958740516
 10
-47.007220117258
 20
-58.08623261724011
 10
-46.86774621592377
 20
-57.98467766120623
 10
-46.73134218763488
 20
-57.89039843759068
 10
-46.597977417157
 20
-57.8032623780342
 10
-46.46762128925579
 20
-57.7231369141775
 10
-46.34024318869689
 20
-57.6498894776613
 10
-46.21581250024592
 20
-57.58338750012635
 10
-46.0942986086686
 20
-57.52349841321334
 10
-45.97567089873048
 20
-57.47008964856303
 10
-45.85989875519728
 20
-57.42302863781613
 10
-45.74695156283463
 20
-57.38218281261335
 10
-45.63679870640817
 20
-57.34741960459543
 10
-45.52940957068357
 20
-57.31860644540309
 10
-45.42475354042643
 20
-57.29561076667707
  0
LWPOLYLINE
  5
5F
330
262D
100
AcDbEntity
  8
LAYER_1
100
AcDbPolyline
 90
      144
 70
     1
 43
0.0
 10
-10.743200000093
 20
-70.02309999996839
 10
-10.59317682800293
 20
-69.85797604064939
 10
-10.44102595214844
 20
-69.68626418457032
 10
-10.2874784576416
 20
-69.50815758972168
 10
-10.1332654296875
 20
-69.32384941406249
 10
-9.979117953491213
 20
-69.13353281555176
 10
-9.825767114257812
 20
-68.93740095214844
 10
-9.673943997192383
 20
-68.73564698181152
 10
-9.524379687499999
 20
-68.52846406250001
 10
-9.377805270385744
 20
-68.31604535217285
 10
-9.234951831054686
 20
-68.09858400878906
 10
-9.096550454711916
 20
-67.87627319030761
 10
-8.963332226562499
 20
-67.6493060546875
 10
-8.836028231811523
 20
-67.41787575988769
 10
-8.774822536087036
 20
-67.30054728965758
 10
-8.715369555664063
 20
-67.18217546386718
 10
-8.657760676193237
 20
-67.06278442726135
 10
-8.602087283325195
 20
-66.94239832458496
 10
-8.548440762710571
 20
-66.82104130058289
 10
-8.4969125
 20
-66.69873749999999
 10
-8.447593880844115
 20
-66.57551106758116
 10
-8.400576290893557
 20
-66.45138614807129
 10
-8.35595111579895
 20
-66.3263868862152
 10
-8.313809741210937
 20
-66.20053742675779
 10
-8.27424355278015
 20
-66.07386191444397
 10
-8.237343936157227
 20
-65.94638449401855
 10
-8.203202276992797
 20
-65.81812931022644
 10
-8.171909960937499
 20
-65.6891205078125
 10
-8.143558373641967
 20
-65.55938223152161
 10
-8.118238900756836
 20
-65.42893862609862
 10
-8.096042927932741
 20
-65.29781383628845
 10
-8.077061840820311
 20
-65.16603200683596
 10
-8.061387025070191
 20
-65.03361728248596
 10
-8.049109866333008
 20
-64.90059380798339
 10
-8.040321750259396
 20
-64.76698572807312
 10
-8.035114062499999
 20
-64.63281718750001
 10
-8.033578188705442
 20
-64.4981123310089
 10
-8.035805514526366
 20
-64.36289530334473
 10
-8.041887425613401
 20
-64.22719024925233
 10
-8.051915307617187
 20
-64.09102131347656
 10
-8.065980546188356
 20
-63.95441264076232
 10
-8.084174526977536
 20
-63.81738837585449
 10
-8.106588635635375
 20
-63.67997266349792
 10
-8.1333142578125
 20
-63.5421896484375
 10
-8.164442779159545
 20
-63.4040634754181
 10
-8.200065585327147
 20
-63.26561828918457
 10
-8.240274061965941
 20
-63.12687823448182
 10
-8.285159594726563
 20
-62.98786745605468
 10
-8.334813569259644
 20
-62.84861009864807
 10
-8.389327371215818
 20
-62.70913030700684
 10
-8.448792386245726
 20
-62.56945222587586
 10
-8.513299999999999
 20
-62.4296
 10
-8.714470572280882
 20
-62.39551869850157
 10
-8.911794265747071
 20
-62.36663347473143
 10
-9.105331232833863
 20
-62.34285891227722
 10
-9.29514162597656
 20
-62.32410959472656
 10
-9.481285597610472
 20
-62.31030010566712
 10
-9.663823300170896
 20
-62.30134502868653
 10
-9.84281488609314
 20
-62.29715894737243
 10
-10.0183205078125
 20
-62.29765644531251
 10
-10.19040031776428
 20
-62.30275210609436
 10
-10.35911446838379
 20
-62.31236051330565
 10
-10.52452311210632
 20
-62.32639625053407
 10
-10.68668640136719
 20
-62.34477390136719
 10
-10.84566448860168
 20
-62.3674080493927
 10
-11.00151752624512
 20
-62.39421327819824
 10
-11.15430566673279
 20
-62.42510417137147
 10
-11.3040890625
 20
-62.45999531250001
 10
-11.45092786598206
 20
-62.49880128517151
 10
-11.59488222961426
 20
-62.54143667297363
 10
-11.73601230583191
 20
-62.58781605949403
 10
-11.87437824707031
 20
-62.63785402832031
 10
-12.01004020576477
 20
-62.69146516304015
 10
-12.14305833435059
 20
-62.74856404724121
 10
-12.27349278526306
 20
-62.8090652645111
 10
-12.4014037109375
 20
-62.8728833984375
 10
-12.5268512638092
 20
-62.93993303260804
 10
-12.64989559631348
 20
-63.01012875061035
 10
-12.77059686088562
 20
-63.08338513603211
 10
-12.88901520996094
 20
-63.15961677246093
 10
-13.00521079597473
 20
-63.2387382434845
 10
-13.1192437713623
 20
-63.32066413269043
 10
-13.23117428855896
 20
-63.40530902366638
 10
-13.3410625
 20
-63.4925875
 10
-13.44896855812073
 20
-63.58241414527893
 10
-13.55495261535645
 20
-63.67470354309082
 10
-13.65907482414246
 20
-63.76937027702332
 10
-13.76139533691406
 20
-63.86632893066408
 10
-13.86197430610657
 20
-63.96549408760071
 10
-13.96087188415527
 20
-64.06678033142092
 10
-14.05814822349548
 20
-64.17010224571228
 10
-14.1538634765625
 20
-64.27537441406251
 10
-14.24807779579163
 20
-64.38251142005921
 10
-14.34085133361816
 20
-64.49142784729004
 10
-14.43224424247742
 20
-64.60203827934265
 10
-14.52231667480469
 20
-64.71425729980468
 10
-14.69874071960449
 20
-64.94317944030761
 10
-14.8706046875
 20
-65.17751093750002
 10
-15.03838979797363
 20
-65.41656846008301
 10
-15.20257727050781
 20
-65.65966867675782
 10
-15.36364832458496
 20
-65.9061282562256
 10
-15.5220841796875
 20
-66.1552638671875
 10
-15.67836605529785
 20
-66.40639217834473
 10
-15.83297517089844
 20
-66.65882985839846
 10
-16.1391
 20
-67.1649
 10
-15.9386689335265
 20
-67.19889058608311
 10
-15.74340605781634
 20
-67.23477468870598
 10
-15.5532396710568
 20
-67.27247707440922
 10
-15.36809807143518
 20
-67.31192250973339
 10
-15.18790955713878
 20
-67.35303576121907
 10
-15.01260242635493
 20
-67.3957415954068
 10
-14.84210497727089
 20
-67.43996477883721
 10
-14.67634550807396
 20
-67.48563007805081
 10
-14.51525231695146
 20
-67.53266225958824
 10
-14.35875370209068
 20
-67.58098608999
 10
-14.20677796167891
 20
-67.63052633579672
 10
-14.05925339390346
 20
-67.68120776354892
 10
-13.91610829695163
 20
-67.73295513978725
 10
-13.77727096901071
 20
-67.78569323105219
 10
-13.64266970826801
 20
-67.83934680388438
 10
-13.51223281291081
 20
-67.89384062482437
 10
-13.38588858112643
 20
-67.94909946041271
 10
-13.26356531110216
 20
-68.00504807719001
 10
-13.1451913010253
 20
-68.06161124169682
 10
-13.03069484908314
 20
-68.11871372047374
 10
-12.92000425346299
 20
-68.17628028006129
 10
-12.81304781235215
 20
-68.23423568700011
 10
-12.61005058640757
 20
-68.35101210909373
 10
-12.42112955674781
 20
-68.46844111907912
 10
-12.24571110887124
 20
-68.58592084928092
 10
-12.08322162827627
 20
-68.70284943202368
 10
-11.93308750046127
 20
-68.81862499963199
 10
-11.79473511092465
 20
-68.93264568443044
 10
-11.6675908451648
 20
-69.0443096187436
 10
-11.55108108868009
 20
-69.15301493489604
 10
-11.44463222696894
 20
-69.25815976521234
 10
-11.34767064552972
 20
-69.35914224201709
 10
-11.25962272986083
 20
-69.45536049763487
 10
-11.1079734378276
 20
-69.63109687460783
 10
-10.88639980493427
 20
-69.89891679659161
 10
-10.84468634361263
 20
-69.94493320898881
 10
-10.80729763204844
 20
-69.9813704587957
 10
-10.7736600557401
 20
-70.00762667833682
 10
-10.75806868877512
 20
-70.01674881810915
  0
LWPOLYLINE
  5
60
330
262D
100
AcDbEntity
  8
LAYER_1
100
AcDbPolyline
 90
      475
 70
     1
 43
0.0
 10
-17.74850000046671
 20
-66.98229999996775
 10
-17.648088671875
 20
-66.80960812988281
 10
-17.5533375
 20
-66.6325541015625
 10
-17.464426953125
 20
-66.45107653808594
 10
-17.3815375
 20
-66.2651140625
 10
-17.304849609375
 20
-66.07460529785156
 10
-17.23454375
 20
-65.8794888671875
 10
-17.170800390625
 20
-65.67970339355468
 10
-17.1138
 20
-65.4751875
 10
-17.063723046875
 20
-65.26587980957031
 10
-17.04133725585937
 20
-65.15940986022949
 10
-17.02075
 20
-65.0517189453125
 10
-17.00198383789062
 20
-64.94279939270021
 10
-16.985061328125
 20
-64.83264353027343
 10
-16.97000502929687
 20
-64.72124368591311
 10
-16.9568375
 20
-64.60859218749999
 10
-16.94558129882812
 20
-64.49468136291503
 10
-16.936258984375
 20
-64.37950354003904
 10
-16.92889311523437
 20
-64.26305104675292
 10
-16.92350625
 20
-64.1453162109375
 10
-16.92012094726563
 20
-64.02629136047363
 10
-16.918759765625
 20
-63.90596882324219
 10
-16.91944526367188
 20
-63.78434092712403
 10
-16.9222
 20
-63.6614
 10
-16.92731402702331
 20
-63.54337072792053
 10
-16.93557139587402
 20
-63.4259881866455
 10
-16.94692003822326
 20
-63.30928841361999
 10
-16.96130788574219
 20
-63.19330744628906
 10
-16.97868287010193
 20
-63.07808132209778
 10
-16.99899292297363
 20
-62.9636460784912
 10
-17.02218597602844
 20
-62.85003775291442
 10
-17.0482099609375
 20
-62.7372923828125
 10
-17.07701280937194
 20
-62.6254460056305
 10
-17.10854245300293
 20
-62.51453465881347
 10
-17.14274682350159
 20
-62.40459437980653
 10
-17.17957385253906
 20
-62.29566120605468
 10
-17.2189714717865
 20
-62.18777117500304
 10
-17.26088761291504
 20
-62.08096032409668
 10
-17.30527020759583
 20
-61.97526469078064
 10
-17.3520671875
 20
-61.8707203125
 10
-17.40122648429871
 20
-61.76736322669983
 10
-17.45269602966308
 20
-61.6652294708252
 10
-17.50642375526428
 20
-61.56435508232117
 10
-17.56235759277344
 20
-61.46477609863281
 10
-17.62044547386169
 20
-61.36652855720519
 10
-17.68063533020019
 20
-61.26964849548339
 10
-17.74287509346008
 20
-61.17417195091246
 10
-17.8071126953125
 20
-61.0801349609375
 10
-17.87329606742859
 20
-60.98757356300353
 10
-17.94137314147949
 20
-60.89652379455565
 10
-18.01129184913635
 20
-60.80702169303894
 10
-18.0830001220703
 20
-60.71910329589844
 10
-18.15644589195252
 20
-60.63280464057921
 10
-18.2315770904541
 20
-60.54816176452636
 10
-18.30834164924622
 20
-60.46521070518493
 10
-18.3866875
 20
-60.38398749999998
 10
-18.4665625743866
 20
-60.30452818641663
 10
-18.54791480407715
 20
-60.22686880187988
 10
-18.6306921207428
 20
-60.15104538383482
 10
-18.71484245605469
 20
-60.07709396972656
 10
-18.80031374168396
 20
-60.00505059700011
 10
-18.88705390930176
 20
-59.93495130310058
 10
-18.97501089057923
 20
-59.86683212547302
 10
-19.0641326171875
 20
-59.8007291015625
 10
-19.15436702079773
 20
-59.7366782688141
 10
-19.24566203308105
 20
-59.67471566467285
 10
-19.33796558570862
 20
-59.61487732658387
 10
-19.43122561035156
 20
-59.55719929199218
 10
-19.52539003868103
 20
-59.50171759834288
 10
-19.62040680236817
 20
-59.44846828308106
 10
-19.7162238330841
 20
-59.39748738365172
 10
-19.8127890625
 20
-59.3488109375
 10
-19.91005042228698
 20
-59.30247498207092
 10
-20.00795584411621
 20
-59.25851555480956
 10
-20.10645325965881
 20
-59.216968693161
 10
-20.20549060058594
 20
-59.17787043457031
 10
-20.30501579856872
 20
-59.14125681648254
 10
-20.40497678527832
 20
-59.10716387634277
 10
-20.50532149238586
 20
-59.07562765159606
 10
-20.6059978515625
 20
-59.0466841796875
 10
-20.70695379447937
 20
-59.02036949806214
 10
-20.80813725280762
 20
-58.99671964416504
 10
-20.90949615821838
 20
-58.97577065544129
 10
-21.01097844238281
 20
-58.95755856933593
 10
-21.11253203697204
 20
-58.94211942329405
 10
-21.21410487365723
 20
-58.92948925476074
 10
-21.3156448841095
 20
-58.91970410118103
 10
-21.4171
 20
-58.9128
 10
-21.5471377166748
 20
-58.90857603988647
 10
-21.67774948730469
 20
-58.90983214721679
 10
-21.80873636779785
 20
-58.91647905349731
 10
-21.9398994140625
 20
-58.92842749023438
 10
-22.07103968200684
 20
-58.94558818893432
 10
-22.20195822753908
 20
-58.96787188110351
 10
-22.33245610656739
 20
-58.99518929824829
 10
-22.462334375
 20
-59.027451171875
 10
-22.59139408874512
 20
-59.06456823349
 10
-22.71943630371094
 20
-59.1064512145996
 10
-22.84626207580567
 20
-59.1530108467102
 10
-22.9716724609375
 20
-59.20415786132811
 10
-23.09546851501465
 20
-59.25980298995971
 10
-23.21745129394532
 20
-59.31985696411133
 10
-23.3374218536377
 20
-59.38423051528929
 10
-23.45518125
 20
-59.45283437499998
 10
-23.57053053894043
 20
-59.52557927474974
 10
-23.68327077636719
 20
-59.60237594604492
 10
-23.79320301818848
 20
-59.68313512039185
 10
-23.9001283203125
 20
-59.76776752929688
 10
-24.00384773864746
 20
-59.85618390426636
 10
-24.10416232910157
 20
-59.94829497680664
 10
-24.20087314758302
 20
-60.04401147842408
 10
-24.29378125
 20
-60.143244140625
 10
-24.38268769226074
 20
-60.24590369491577
 10
-24.46739353027344
 20
-60.35190087280272
 10
-24.54769981994629
 20
-60.46114640579222
 10
-24.6234076171875
 20
-60.57355102539063
 10
-24.69431797790527
 20
-60.68902546310424
 10
-24.76023195800781
 20
-60.80748045043947
 10
-24.82095061340332
 20
-60.92882671890258
 10
-24.876275
 20
-61.052975
 10
-24.92600617370606
 20
-61.17983602523803
 10
-24.96994519042969
 20
-61.30932052612305
 10
-25.0078931060791
 20
-61.44133923416139
 10
-25.0396509765625
 20
-61.57580288085938
 10
-25.06501985778809
 20
-61.71262219772337
 10
-25.08380080566406
 20
-61.85170791625975
 10
-25.09579487609863
 20
-61.99297076797485
 10
-25.100803125
 20
-62.13632148437501
 10
-25.09862660827637
 20
-62.28167079696654
 10
-25.08906638183594
 20
-62.42892943725586
 10
-25.07192350158693
 20
-62.57800813674927
 10
-25.0469990234375
 20
-62.72881762695313
 10
-25.0140940032959
 20
-62.88126863937378
 10
-24.97300949707031
 20
-63.03527190551758
 10
-24.92354656066895
 20
-63.19073815689087
 10
-24.86550625
 20
-63.347578125
 10
-24.79868962097168
 20
-63.50570254135131
 10
-24.72289772949219
 20
-63.66502213745118
 10
-24.63793163146973
 20
-63.82544764480591
 10
-24.5435923828125
 20
-63.98688979492188
 10
-24.43968103942871
 20
-64.14925931930543
 10
-24.32599865722656
 20
-64.3124669494629
 10
-24.20234629211427
 20
-64.47642341690064
 10
-24.068525
 20
-64.641039453125
 10
-23.92433583679199
 20
-64.80622578964233
 10
-23.76957985839844
 20
-64.97189315795899
 10
-23.60405812072754
 20
-65.13795228958129
 10
-23.4275716796875
 20
-65.30431391601563
 10
-23.23992159118653
 20
-65.47088876876831
 10
-23.04090891113281
 20
-65.63758757934571
 10
-22.83033469543457
 20
-65.80432107925415
 10
-22.608
 20
-65.97100000000001
 10
-22.74768724975586
 20
-66.02105020751953
 10
-22.89371635742187
 20
-66.06853994140625
 10
-23.0456446105957
 20
-66.11292786865234
 10
-23.203029296875
 20
-66.15367265625001
 10
-23.36542770385742
 20
-66.19023297119139
 10
-23.53239711914062
 20
-66.22206748046875
 10
-23.70349483032227
 20
-66.24863485107422
 10
-23.878278125
 20
-66.26939374999999
 10
-24.05630429077148
 20
-66.28380284423828
 10
-24.23713061523437
 20
-66.29132080078125
 10
-24.42031438598633
 20
-66.29140628662111
 10
-24.51265196609497
 20
-66.28849268646241
 10
-24.605412890625
 20
-66.28351796875
 10
-24.69854182052613
 20
-66.27641446685792
 10
-24.79198341674806
 20
-66.26711451416015
 10
-24.88568234024048
 20
-66.25555044403076
 10
-24.97958325195312
 20
-66.24165458984375
 10
-25.07363081283569
 20
-66.22535928497313
 10
-25.16776968383789
 20
-66.20659686279298
 10
-25.26194452590943
 20
-66.18529965667725
 10
-25.3561
 20
-66.1614
 10
-25.45018076705932
 20
-66.13483022613525
 10
-25.54413148803711
 20
-66.10552266845703
 10
-25.63789682388306
 20
-66.07340966033935
 10
-25.73142143554687
 20
-66.03842353515625
 10
-25.82464998397827
 20
-66.00049662628174
 10
-25.91752713012695
 20
-65.95956126708983
 10
-26.00999753494262
 20
-65.9155497909546
 10
-26.102005859375
 20
-65.86839453125
 10
-26.19349676437378
 20
-65.8180278213501
 10
-26.28441491088867
 20
-65.76438199462889
 10
-26.37470495986938
 20
-65.70738938446044
 10
-26.46431157226563
 20
-65.64698232421875
 10
-26.5531794090271
 20
-65.58309314727783
 10
-26.64125313110351
 20
-65.51565418701172
 10
-26.72847739944458
 20
-65.44459777679444
 10
-26.814796875
 20
-65.36985624999999
 10
-26.90015621871948
 20
-65.29136194000246
 10
-26.98450009155273
 20
-65.20904718017579
 10
-27.06777315444946
 20
-65.12284430389404
 10
-27.14992006835937
 20
-65.03268564453126
 10
-27.23088549423218
 20
-64.93850353546142
 10
-27.31061409301758
 20
-64.84023031005861
 10
-27.38905052566528
 20
-64.73779830169677
 10
-27.466139453125
 20
-64.63113984374999
 10
-27.54182553634644
 20
-64.52018726959228
 10
-27.61605343627929
 20
-64.40487291259768
 10
-27.68876781387329
 20
-64.28512910614014
 10
-27.75991333007812
 20
-64.16088818359376
 10
-27.82943464584351
 20
-64.03208247833252
 10
-27.89727642211914
 20
-63.89864432373046
 10
-27.96338331985474
 20
-63.76050605316162
 10
-28.0277
 20
-63.6176
 10
-28.06446303901672
 20
-63.76086884994506
 10
-28.10423898010254
 20
-63.90038595581055
 10
-28.14693774681091
 20
-64.03619058914185
 10
-28.19246926269531
 20
-64.16832202148437
 10
-28.2407434513092
 20
-64.29681952438355
 10
-28.29167023620606
 20
-64.42172236938478
 10
-28.34515954093933
 20
-64.54306982803345
 10
-28.4011212890625
 20
-64.660901171875
 10
-28.45946540412903
 20
-64.77525567245482
 10
-28.52010180969238
 20
-64.88617260131836
 10
-28.58294042930603
 20
-64.99369123001099
 10
-28.64789118652344
 20
-65.09785083007813
 10
-28.71486400489807
 20
-65.1986906730652
 10
-28.7837688079834
 20
-65.29625003051759
 10
-28.85451551933289
 20
-65.39056817398073
 10
-28.9270140625
 20
-65.481684375
 10
-29.00117436103821
 20
-65.56963790512084
 10
-29.07690633850098
 20
-65.65446803588867
 10
-29.15411991844178
 20
-65.73621403884887
 10
-29.23272502441407
 20
-65.81491518554686
 10
-29.31263157997131
 20
-65.89061074752807
 10
-29.393749508667
 20
-65.96333999633789
 10
-29.47598873405457
 20
-66.03314220352173
 10
-29.5592591796875
 20
-66.100056640625
 10
-29.64347076911926
 20
-66.16412257919312
 10
-29.72853342590332
 20
-66.2253792907715
 10
-29.81435707359314
 20
-66.28386604690553
 10
-29.90085163574219
 20
-66.33962211914059
 10
-29.98792703590393
 20
-66.39268677902221
 10
-30.07549319763184
 20
-66.4430992980957
 10
-30.16346004447937
 20
-66.49089894790648
 10
-30.2517375
 20
-66.536125
 10
-30.34023548774719
 20
-66.57881672592163
 10
-30.42886393127441
 20
-66.61901339721679
 10
-30.51753275413514
 20
-66.65675428543089
 10
-30.60615187988283
 20
-66.69207866210936
 10
-30.69463123207092
 20
-66.72502579879761
 10
-30.78288073425293
 20
-66.75563496704099
 10
-30.8708103099823
 20
-66.78394543838502
 10
-30.9583298828125
 20
-66.809996484375
 10
-31.13177871398927
 20
-66.85547738647461
 10
-31.30250661621094
 20
-66.89239184570311
 10
-31.46979297790528
 20
-66.92105403442382
 10
-31.6329171875
 20
-66.941778125
 10
-31.79115863342286
 20
-66.95487828979492
 10
-31.94379670410157
 20
-66.96066870117187
 10
-32.09011078796387
 20
-66.95946353149413
 10
-32.22938027343751
 20
-66.951576953125
 10
-32.3608845489502
 20
-66.93732313842772
 10
-32.4839030029297
 20
-66.91701625976562
 10
-32.59771502380373
 20
-66.89097048950195
 10
-32.65094343070984
 20
-66.87589369888306
 10
-32.7016
 20
-66.8595
 10
-32.43622924804687
 20
-67.01467194824218
 10
-32.170344921875
 20
-67.1665865234375
 10
-31.90402641601563
 20
-67.31503557128907
 10
-31.637353125
 20
-67.4598109375
 10
-31.37040444335938
 20
-67.60070446777344
 10
-31.103259765625
 20
-67.73750800781249
 10
-30.83599848632813
 20
-67.87001340332031
 10
-30.5687
 20
-67.99801250000001
 10
-30.30144370117188
 20
-68.12129714355471
 10
-30.034308984375
 20
-68.23965917968751
 10
-29.76737524414062
 20
-68.35289045410156
 10
-29.500721875
 20
-68.4607828125
 10
-29.23442827148438
 20
-68.56312810058593
 10
-28.968573828125
 20
-68.65971816406251
 10
-28.70323793945312
 20
-68.75034484863279
 10
-28.4385
 20
-68.8348
 10
-28.31251630740165
 20
-68.87227841978074
 10
-28.18697301292419
 20
-68.90695797348022
 10
-28.06189116654395
 20
-68.93886760263443
 10
-27.93729181823731
 20
-68.9680362487793
 10
-27.8131960179806
 20
-68.99449285345077
 10
-27.68962481575014
 20
-69.01826635818482
 10
-27.56659926152231
 20
-69.03938570451735
 10
-27.44414040527345
 20
-69.05787983398439
 10
-27.32226929697991
 20
-69.07377768812179
 10
-27.20100698661805
 20
-69.08710820846557
 10
-27.0803745241642
 20
-69.09790033655167
 10
-26.96039295959472
 20
-69.10618301391602
 10
-26.84108334288597
 20
-69.11198518209459
 10
-26.72246672401428
 20
-69.11533578262329
 10
-26.604564152956
 20
-69.11626375703814
 10
-26.4873966796875
 20
-69.11479804687499
 10
-26.37098535418513
 20
-69.1109675936699
 10
-26.25535122642518
 20
-69.10480133895873
 10
-26.14051534638406
 20
-69.0963282242775
 10
-26.0264987640381
 20
-69.0855771911621
 10
-25.91332252936363
 20
-69.07257718114853
 10
-25.80100769233704
 20
-69.05735713577271
 10
-25.68957530293464
 20
-69.0399459965706
 10
-25.57904641113281
 20
-69.02037270507813
 10
-25.46944206690788
 20
-68.99866620283126
 10
-25.3607833202362
 20
-68.97485543136595
 10
-25.25309122109412
 20
-68.94896933221817
 10
-25.14638681945801
 20
-68.92103684692383
 10
-25.0406911653042
 20
-68.89108691701889
 10
-24.93602530860902
 20
-68.85914848403931
 10
-24.83241029934884
 20
-68.82525048952103
 10
-24.7298671875
 20
-68.789421875
 10
-24.62841702303886
 20
-68.75169158201218
 10
-24.52808085594177
 20
-68.71208855209349
 10
-24.42887973618507
 20
-68.67064172677993
 10
-24.33083471374513
 20
-68.62738004760742
 10
-24.23396683859827
 20
-68.58233245611192
 10
-24.13829716072085
 20
-68.53552789382935
 10
-24.0438467300892
 20
-68.48699530229568
 10
-23.9506365966797
 20
-68.4367636230469
 10
-23.85868781046868
 20
-68.38486179761886
 10
-23.7680214214325
 20
-68.33131876754761
 10
-23.6786584795475
 20
-68.27616347436905
 10
-23.59062003479004
 20
-68.21942485961914
 10
-23.50392713713646
 20
-68.16113186483382
 10
-23.41860083656311
 20
-68.10131343154907
 10
-23.33466218304633
 20
-68.03999850130082
 10
-23.25213222656251
 20
-67.97721601562499
 10
-23.17103201708795
 20
-67.9129949160576
 10
-23.09138260459901
 20
-67.84736414413453
 10
-23.01320503907204
 20
-67.78035264139176
 10
-22.9365203704834
 20
-67.71198934936524
 10
-22.78771392402649
 20
-67.57132316360473
 10
-22.64513166503906
 20
-67.42559711914061
 10
-22.5089419933319
 20
-67.27504274826049
 10
-22.37931330871582
 20
-67.11989158325195
 10
-22.2564140110016
 20
-66.96037515640259
 10
-22.19754050717354
 20
-66.87905232362748
 10
-22.1404125
 20
-66.79672500000001
 10
-22.08505103945732
 20
-66.71342212705612
 10
-22.03147717552185
 20
-66.62917264633179
 10
-21.97971195816994
 20
-66.54400549936294
 10
-21.92977643737794
 20
-66.45794962768555
 10
-21.88169166312219
 20
-66.37103397283556
 10
-21.83547868537904
 20
-66.28328747634888
 10
-21.79115855412484
 20
-66.19473907976152
 10
-21.74875231933594
 20
-66.10541772460938
 10
-21.7082810309887
 20
-66.01535235242845
 10
-21.66976573905945
 20
-65.92457190475464
 10
-21.63322749352455
 20
-65.83310532312395
 10
-21.59868734436035
 20
-65.74098154907225
 10
-21.5661663415432
 20
-65.6482295241356
 10
-21.53568553504944
 20
-65.55487818984985
 10
-21.50726597485542
 20
-65.46095648775099
 10
-21.4809287109375
 20
-65.36649335937501
 10
-21.45669479327202
 20
-65.2715177462578
 10
-21.43458527183533
 20
-65.17605858993532
 10
-21.41462119660378
 20
-65.08014483194353
 10
-21.39682361755371
 20
-64.98380541381838
 10
-21.38121358466148
 20
-64.88706927709579
 10
-21.36781214790344
 20
-64.78996536331178
 10
-21.35664035725594
 20
-64.69252261400223
 10
-21.34771926269531
 20
-64.59476997070314
 10
-21.34106991419792
 20
-64.4967363749504
 10
-21.33671336174011
 20
-64.39845076828003
 10
-21.33467065529823
 20
-64.29994209222792
 10
-21.33496284484863
 20
-64.2012392883301
 10
-21.33761098036766
 20
-64.10237129812242
 10
-21.34263611183166
 20
-64.00336706314089
 10
-21.35005928921699
 20
-63.90425552492143
 10
-21.3599015625
 20
-63.80506562500001
 10
-21.37218398165703
 20
-63.70582630491257
 10
-21.38692759666442
 20
-63.60656650619507
 10
-21.40415345749855
 20
-63.50731517038346
 10
-21.42388261413574
 20
-63.40810123901367
 10
-21.44613611655236
 20
-63.30895365362166
 10
-21.47093501472473
 20
-63.2099013557434
 10
-21.49830035862923
 20
-63.11097328691481
 10
-21.52825319824219
 20
-63.01219838867188
 10
-21.56081458353996
 20
-62.91360560255053
 10
-21.59600556449889
 20
-62.81522387008667
 10
-21.63384719109535
 20
-62.71708213281632
 10
-21.67436051330566
 20
-62.6192093322754
 10
-21.71756658110618
 20
-62.52163440999986
 10
-21.76348644447327
 20
-62.42438630752564
 10
-21.81214115338325
 20
-62.3274939663887
 10
-21.8635517578125
 20
-62.23098632812499
 10
-21.91773930773735
 20
-62.13489233427047
 10
-21.97472485313416
 20
-62.03924092636107
 10
-22.03452944397927
 20
-61.94406104593277
 10
-22.09717413024902
 20
-61.84938163452148
 10
-22.16267996191977
 20
-61.75523163366318
 10
-22.23106798896789
 20
-61.66163998489381
 10
-22.3023592613697
 20
-61.56863562974931
 10
-22.37657482910156
 20
-61.47624750976564
 10
-22.45373574213981
 20
-61.38450456647873
 10
-22.53386305046082
 20
-61.29343574142456
 10
-22.61697780404091
 20
-61.20306997613906
 10
-22.70310105285645
 20
-61.1134362121582
 10
-22.79225384688379
 20
-61.02456339101791
 10
-22.88445723609925
 20
-60.93648045425414
 10
-22.97973227047921
 20
-60.84921634340286
 10
-23.0781
 20
-60.7628
 10
-22.9025359375
 20
-60.7548703125
 10
-22.6996939453125
 20
-60.75282792968749
 10
-22.57435344238281
 20
-60.75458269042968
 10
-22.4349125
 20
-60.7590625
 10
-22.28275554199219
 20
-60.76692316894531
 10
-22.1192669921875
 20
-60.7788205078125
 10
-21.94583127441406
 20
-60.79541032714844
 10
-21.7638328125
 20
-60.8173484375
 10
-21.57465603027344
 20
-60.84529064941406
 10
-21.3796853515625
 20
-60.8798927734375
 10
-21.18030520019531
 20
-60.92181062011718
 10
-20.9779
 20
-60.9717
 10
-20.79610400390625
 20
-61.02284254455567
 10
-20.61378359375
 20
-61.08005285644531
 10
-20.43188388671875
 20
-61.14359557800293
 10
-20.25135
 20
-61.2137353515625
 10
-20.07312705078125
 20
-61.290736819458
 10
-19.98517752685547
 20
-61.33189338951111
 10
-19.89816015625
 20
-61.37486462402343
 10
-19.81219307861328
 20
-61.41968360328674
 10
-19.72739443359375
 20
-61.46638340759277
 10
-19.64388236083985
 20
-61.51499711723328
 10
-19.561775
 20
-61.5655578125
 10
-19.48119049072266
 20
-61.61809857368468
 10
-19.40224697265625
 20
-61.6726524810791
 10
-19.32506258544923
 20
-61.72925261497496
 10
-19.24975546875
 20
-61.78793205566407
 10
-19.17644376220703
 20
-61.84872388343809
 10
-19.10524560546875
 20
-61.91166117858887
 10
-19.03627913818359
 20
-61.97677702140808
 10
-18.9696625
 20
-62.0441044921875
 10
-18.90551383056641
 20
-62.11367667121886
 10
-18.84395126953125
 20
-62.18552663879393
 10
-18.78509295654296
 20
-62.25968747520447
 10
-18.72905703125
 20
-62.33619226074218
 10
-18.67596163330078
 20
-62.41507407569885
 10
-18.62592490234375
 20
-62.4963660003662
 10
-18.57906497802735
 20
-62.580101115036
 10
-18.5355
 20
-62.66631249999999
 10
-18.49534810791016
 20
-62.75503323554992
 10
-18.45872744140625
 20
-62.84629640197753
 10
-18.42575614013672
 20
-62.94013507957457
 10
-18.39655234375
 20
-63.03658234863279
 10
-18.37123419189453
 20
-63.13567128944396
 10
-18.34991982421875
 20
-63.2374349822998
 10
-18.3327273803711
 20
-63.34190650749206
 10
-18.319775
 20
-63.44911894531249
 10
-18.31118082275391
 20
-63.55910537605285
 10
-18.30706298828125
 20
-63.67189888000486
 10
-18.30753963623047
 20
-63.78753253746031
 10
-18.31272890625
 20
-63.90603942871092
 10
-18.32274893798828
 20
-64.02745263404845
 10
-18.33771787109375
 20
-64.15180523376463
 10
-18.35775384521484
 20
-64.27913030815121
 10
-18.382975
 20
-64.40946093749999
 10
-18.41349947509766
 20
-64.54283020210265
 10
-18.44944541015625
 20
-64.67927118225097
 10
-18.49093094482421
 20
-64.81881695823668
 10
-18.53807421875
 20
-64.96150061035156
 10
-18.59099337158203
 20
-65.10735521888732
 10
-18.64980654296875
 20
-65.25641386413574
 10
-18.71463187255859
 20
-65.40870962638854
 10
-18.7855875
 20
-65.5642755859375
 10
-18.86279156494141
 20
-65.72314482307433
 10
-18.94636220703125
 20
-65.8853504180908
 10
-19.03641756591796
 20
-66.05092545127867
 10
-19.13307578125
 20
-66.21990300292967
 10
-19.23645499267578
 20
-66.39231615333556
 10
-19.34667333984375
 20
-66.56819798278807
 10
-19.46384896240235
 20
-66.74758157157899
 10
-19.5881
 20
-66.93049999999999
 10
-19.34204726575902
 20
-66.92931328125002
 10
-19.10072187526288
 20
-66.93043749999751
 10
-18.86406054726168
 20
-66.93381171874261
 10
-18.63200000050552
 20
-66.93937499998539
 10
-18.40447695374451
 20
-66.94706640622597
 10
-18.18142812572875
 20
-66.95682499996445
 10
-17.96279023520835
 20
-66.96858984370094
  0
LWPOLYLINE
  5
61
330
262D
100
AcDbEntity
  8
LAYER_1
100
AcDbPolyline
 90
        4
 70
     1
 43
0.0
 10
63.0438
 20
-88.71259999999999
 10
52.00739999999999
 20
-88.71259999999999
 10
52.0072
 20
-87.6421
 10
63.0438
 20
-87.6421
  0
LWPOLYLINE
  5
62
330
262D
100
AcDbEntity
  8
LAYER_1
100
AcDbPolyline
 90
        4
 70
     1
 43
0.0
 10
63.0438
 20
-55.52929999999999
 10
52.00739999999999
 20
-55.52929999999999
 10
52.00739999999999
 20
-54.537
 10
63.0438
 20
-54.537
  0
LWPOLYLINE
  5
63
330
262D
100
AcDbEntity
  8
LAYER_1
100
AcDbPolyline
 90
       55
 70
     1
 43
0.0
 10
14.9681000004223
 20
-88.71259999968174
 10
23.5813
 20
-88.71259999999999
 10
23.37735025714096
 20
-88.51649440348628
 10
23.17633672491338
 20
-88.33070200505906
 10
22.97822388543396
 20
-88.15502501648001
 10
22.78297622081942
 20
-87.98926564951059
 10
22.59055821318648
 20
-87.83322611591238
 10
22.40093434465183
 20
-87.68670862744697
 10
22.21406909733222
 20
-87.54951539587592
 10
22.02992695334435
 20
-87.42144863296077
 10
21.84847239480493
 20
-87.30231055046312
 10
21.66966990383068
 20
-87.19190336014449
 10
21.49348396253832
 20
-87.0900292737665
 10
21.31987905304456
 20
-86.99649050309067
 10
21.14881965746611
 20
-86.91108925987856
 10
20.9802702579197
 20
-86.83362775589177
 10
20.81419533652203
 20
-86.76390820289183
 10
20.65055937538983
 20
-86.7017328126403
 10
20.4893268566398
 20
-86.64690379689879
 10
20.33046226238866
 20
-86.59922336742882
 10
20.17393007475313
 20
-86.55849373599197
 10
20.01969477584992
 20
-86.52451711434981
 10
19.86772084779573
 20
-86.49709571426388
 10
19.71797277270733
 20
-86.47603174749576
 10
19.57041503270137
 20
-86.46112742580699
 10
19.42501210989461
 20
-86.45218496095919
 10
19.28172848640375
 20
-86.44900656471389
 10
19.14052864434548
 20
-86.45139444883263
 10
19.00137706583656
 20
-86.459150825077
 10
18.86423823299368
 20
-86.47207790520855
 10
18.72907662793355
 20
-86.48997790098889
 10
18.5958567327729
 20
-86.5126530241795
 10
18.46454302962845
 20
-86.53990548654205
 10
18.33510000061689
 20
-86.57153749983796
 10
18.20749212785496
 20
-86.60735127582894
 10
18.08168389345936
 20
-86.64714902627649
 10
17.95763977954681
 20
-86.69073296294213
 10
17.83532426823403
 20
-86.7379052975875
 10
17.71470184163772
 20
-86.78846824197412
 10
17.59573698187461
 20
-86.84222400786358
 10
17.47839417106142
 20
-86.89897480701739
 10
17.36263789131485
 20
-86.95852285119723
 10
17.24843262475162
 20
-87.02067035216451
 10
17.13574285348845
 20
-87.08521952168094
 10
17.02453305964205
 20
-87.15197257150796
 10
16.91476772532914
 20
-87.22073171340719
 10
16.80641133266643
 20
-87.2912991591402
 10
16.69942836377064
 20
-87.36347712046855
 10
16.48944062574666
 20
-87.51187343695749
 10
16.28452036819094
 20
-87.66433835696656
 10
16.0843834480372
 20
-87.8192895745882
 10
15.88874572221915
 20
-87.97514478391498
 10
15.69732304767052
 20
-88.13032167903939
 10
15.3259862801164
 20
-88.43231130305111
 10
15.14550390097835
 20
-88.57595942012347
  0
LWPOLYLINE
  5
64
330
262D
100
AcDbEntity
  8
LAYER_1
100
AcDbPolyline
 90
       55
 70
     1
 43
0.0
 10
23.5013
 20
-54.537
 10
23.303357056427
 20
-54.72452257232666
 10
23.10819688110352
 20
-54.90229405517577
 10
22.9157865196228
 20
-55.07049822235107
 10
22.72609301757813
 20
-55.22931884765625
 10
22.53908342056274
 20
-55.37893970489502
 10
22.35472477416992
 20
-55.51954456787109
 10
22.17298412399292
 20
-55.65131721038818
 10
21.993828515625
 20
-55.77444140625
 10
21.81722499465942
 20
-55.88910092926025
 10
21.64314060668945
 20
-55.99547955322266
 10
21.47154239730835
 20
-56.09376105194091
 10
21.30239741210937
 20
-56.18412919921875
 10
21.13567269668579
 20
-56.26676776885986
 10
20.97133529663086
 20
-56.34186053466796
 10
20.80935225753784
 20
-56.40959127044677
 10
20.649690625
 20
-56.47014375
 10
20.4923174446106
 20
-56.52370174713134
 10
20.33719976196289
 20
-56.57044903564453
 10
20.18430462265015
 20
-56.61056938934326
 10
20.03359907226562
 20
-56.64424658203125
 10
19.88505015640259
 20
-56.67166438751221
 10
19.7386249206543
 20
-56.69300657958984
 10
19.59429041061401
 20
-56.70845693206786
 10
19.452013671875
 20
-56.71819921875
 10
19.31176175003052
 20
-56.72241721343993
 10
19.17350169067383
 20
-56.72129468994139
 10
19.03720053939819
 20
-56.71501542205811
 10
18.90282534179687
 20
-56.70376318359375
 10
18.77034314346314
 20
-56.68772174835205
 10
18.63972098999023
 20
-56.66707489013671
 10
18.51092592697144
 20
-56.64200638275147
 10
18.383925
 20
-56.6127
 10
18.25868525466919
 20
-56.57933951568604
 10
18.13517373657226
 20
-56.54210870361328
 10
18.01335749130249
 20
-56.50119133758544
 10
17.89320356445312
 20
-56.45677119140625
 10
17.77467900161743
 20
-56.4090320388794
 10
17.65775084838867
 20
-56.3581576538086
 10
17.54238615036011
 20
-56.30433180999755
 10
17.428551953125
 20
-56.24773828125
 10
17.31621530227661
 20
-56.18856084136964
 10
17.20534324340819
 20
-56.12698326416015
 10
17.09590282211304
 20
-56.06318932342529
 10
16.98786108398437
 20
-55.99736279296875
 10
16.88118507461548
 20
-55.92968744659423
 10
16.77584183959961
 20
-55.86034705810547
 10
16.569021875
 20
-55.71740625
 10
16.36713755493164
 20
-55.57001055908203
 10
16.16992524414063
 20
-55.41963017578125
 10
15.97712130737305
 20
-55.26773529052734
 10
15.788462109375
 20
-55.11579609375
 10
15.42252338867188
 20
-54.81766552734374
 10
15.24471659545899
 20
-54.67441453857421
 10
15.07
 20
-54.537
  0
LWPOLYLINE
  5
65
330
262D
100
AcDbEntity
  8
LAYER_1
100
AcDbPolyline
 90
       88
 70
     1
 43
0.0
 10
63.0438
 20
-83.7687
 10
62.98294370727539
 20
-83.59401623840332
 10
62.91542387695313
 20
-83.42094748535156
 10
62.84140783081054
 20
-83.24986128845214
 10
62.761062890625
 20
-83.08112519531249
 10
62.67455637817382
 20
-82.91510675354004
 10
62.58205561523436
 20
-82.75217351074218
 10
62.48372792358398
 20
-82.59269301452636
 10
62.379740625
 20
-82.43703281250002
 10
62.27026104125977
 20
-82.28556045227051
 10
62.15545649414064
 20
-82.13864348144531
 10
62.03549430541992
 20
-81.99664944763183
 10
61.91054179687498
 20
-81.85994589843749
 10
61.7807662902832
 20
-81.72890038146974
 10
61.64633510742188
 20
-81.60388044433593
 10
61.50741557006836
 20
-81.48525363464356
 10
61.43632495651245
 20
-81.42845251121519
 10
61.364175
 20
-81.37338749999997
 10
61.29098661575318
 20
-81.32010454444884
 10
61.21678071899413
 20
-81.26864958801268
 10
61.14157822494505
 20
-81.21906857414243
 10
61.06540004882812
 20
-81.17140744628903
 10
60.98826710586547
 20
-81.12571214790342
 10
60.91020031127929
 20
-81.08202862243651
 10
60.83122058029175
 20
-81.04040281333922
 10
60.751348828125
 20
-81.0008806640625
 10
60.67060597000123
 20
-80.96350811805724
 10
60.58901292114257
 20
-80.92833111877441
 10
60.50659059677124
 20
-80.89539560966493
 10
60.42335991210938
 20
-80.86474753417968
 10
60.33934178237915
 20
-80.83643283576964
 10
60.25455712280272
 20
-80.81049745788574
 10
60.16902684860228
 20
-80.78698734397887
 10
60.082771875
 20
-80.76594843749999
 10
59.99581311721801
 20
-80.74742668190001
 10
59.90817149047853
 20
-80.73146802062987
 10
59.81986791000367
 20
-80.71811839714049
 10
59.73092329101564
 20
-80.70742375488281
 10
59.64135854873658
 20
-80.69943003730774
 10
59.55119459838867
 20
-80.69418318786622
 10
59.46045235519409
 20
-80.69172915000915
 10
59.369152734375
 20
-80.69211386718748
 10
59.27731665115357
 20
-80.69538328285219
 10
59.18496502075195
 20
-80.70158334045409
 10
59.09211875839234
 20
-80.7107599834442
 10
58.99879877929688
 20
-80.72295915527345
 10
58.90502599868774
 20
-80.73822679939269
 10
58.81082133178711
 20
-80.75660885925293
 10
58.71620569381714
 20
-80.77815127830504
 10
58.6212
 20
-80.80289999999999
 10
58.85604990844727
 20
-80.59882744140622
 10
59.07489965820314
 20
-80.40138593749999
 10
59.27828366088868
 20
-80.21036162109375
 10
59.466736328125
 20
-80.02554062499998
 10
59.64079207153321
 20
-79.84670908203125
 10
59.80098530273438
 20
-79.673653125
 10
59.9478504333496
 20
-79.50615888671875
 10
60.081921875
 20
-79.3440125
 10
60.20373403930666
 20
-79.18700009765622
 10
60.31382133789062
 20
-79.03490781249999
 10
60.41271818237305
 20
-78.88752177734374
 10
60.50095898437501
 20
-78.744628125
 10
60.57907815551757
 20
-78.60601298828125
 10
60.64761010742188
 20
-78.4714625
 10
60.70708925170899
 20
-78.34076279296875
 10
60.75804999999999
 20
-78.21369999999998
 10
60.80102676391603
 20
-78.09006025390623
 10
60.83655395507811
 20
-77.9696296875
 10
60.86516598510742
 20
-77.85219443359375
 10
60.887397265625
 20
-77.737540625
 10
60.90378220825195
 20
-77.62545439453124
 10
60.91485522460938
 20
-77.51572187499999
 10
60.92115072631836
 20
-77.40812919921876
 10
60.923203125
 20
-77.30246249999997
 10
60.92154683227539
 20
-77.19850791015623
 10
60.91671625976561
 20
-77.09605156249999
 10
60.90924581909178
 20
-76.99487958984374
 10
60.899669921875
 20
-76.894778125
 10
60.87633940429686
 20
-76.69693125000001
 10
60.851
 20
-76.50079999999999
 10
61.1288283203125
 20
-76.67122714843749
 10
61.40581406249999
 20
-76.84447968749999
 10
61.6818458984375
 20
-77.0203267578125
 10
61.95681249999999
 20
-77.1985375
 10
62.2306025390625
 20
-77.3788810546875
 10
62.5031046875
 20
-77.56112656250002
 10
62.77420761718749
 20
-77.74504316406252
 10
63.0438
 20
-77.93040000000001
  0
LWPOLYLINE
  5
66
330
262D
100
AcDbEntity
  8
LAYER_1
100
AcDbPolyline
 90
       88
 70
     1
 43
0.0
 10
63.0438
 20
-65.241
 10
62.7742076171875
 20
-65.42648847656249
 10
62.5031046875
 20
-65.61044531249999
 10
62.2306025390625
 20
-65.7926701171875
 10
61.95681249999999
 20
-65.97296249999999
 10
61.6818458984375
 20
-66.15112207031249
 10
61.40581406249999
 20
-66.32694843750001
 10
61.1288283203125
 20
-66.5002412109375
 10
60.851
 20
-66.6708
 10
60.87633940429686
 20
-66.47465004882811
 10
60.899669921875
 20
-66.276784765625
 10
60.90924581909178
 20
-66.17667429809571
 10
60.91671625976561
 20
-66.07549350585937
 10
60.92154683227539
 20
-65.97302855834961
 10
60.923203125
 20
-65.86906562500001
 10
60.92115072631836
 20
-65.76339087524414
 10
60.91485522460938
 20
-65.65579047851564
 10
60.90378220825195
 20
-65.54605060424804
 10
60.887397265625
 20
-65.43395742187499
 10
60.86516598510742
 20
-65.31929710083009
 10
60.83655395507811
 20
-65.20185581054686
 10
60.80102676391603
 20
-65.08141972045898
 10
60.75804999999999
 20
-64.95777499999999
 10
60.70708925170899
 20
-64.8307078186035
 10
60.64761010742188
 20
-64.70000434570312
 10
60.57907815551757
 20
-64.56545075073242
 10
60.50095898437501
 20
-64.426833203125
 10
60.41271818237305
 20
-64.28393787231446
 10
60.31382133789062
 20
-64.13655092773439
 10
60.20373403930664
 20
-63.98445853881836
 10
60.081921875
 20
-63.827446875
 10
59.9478504333496
 20
-63.66530210571289
 10
59.80098530273438
 20
-63.49781040039063
 10
59.64079207153321
 20
-63.32475792846679
 10
59.466736328125
 20
-63.145930859375
 10
59.27828366088868
 20
-62.96111536254883
 10
59.07489965820314
 20
-62.77009760742188
 10
58.85604990844727
 20
-62.57266376342774
 10
58.6212
 20
-62.3686
 10
58.71620569381714
 20
-62.39333963813781
 10
58.81082133178711
 20
-62.41487355041504
 10
58.90502599868774
 20
-62.43324767112731
 10
58.99879877929688
 20
-62.44850793457032
 10
59.09211875839234
 20
-62.46070027503967
 10
59.18496502075196
 20
-62.46987062683104
 10
59.27731665115357
 20
-62.47606492424012
 10
59.369152734375
 20
-62.4793291015625
 10
59.46045235519409
 20
-62.47970909309386
 10
59.55119459838867
 20
-62.47725083312989
 10
59.64135854873658
 20
-62.47200025596619
 10
59.73092329101564
 20
-62.46400329589843
 10
59.81986791000367
 20
-62.45330588722229
 10
59.90817149047853
 20
-62.4399539642334
 10
59.99581311721801
 20
-62.42399346122742
 10
60.08277187500001
 20
-62.4054703125
 10
60.16902684860228
 20
-62.38443045234681
 10
60.25455712280274
 20
-62.36091981506348
 10
60.33934178237915
 20
-62.33498433494568
 10
60.42335991210938
 20
-62.30666994628906
 10
60.50659059677125
 20
-62.27602258338928
 10
60.58901292114257
 20
-62.243088180542
 10
60.67060597000121
 20
-62.20791267204284
 10
60.751348828125
 20
-62.1705419921875
 10
60.83122058029175
 20
-62.1310220752716
 10
60.91020031127929
 20
-62.08939885559082
 10
60.98826710586547
 20
-62.04571826744079
 10
61.06540004882812
 20
-62.00002624511719
 10
61.14157822494505
 20
-61.95236872291565
 10
61.21678071899413
 20
-61.90279163513185
 10
61.29098661575318
 20
-61.85134091606141
 10
61.364175
 20
-61.7980625
 10
61.43632495651245
 20
-61.74300232124329
 10
61.50741557006836
 20
-61.6862063140869
 10
61.64633510742188
 20
-61.56759055175781
 10
61.7807662902832
 20
-61.44258268737793
 10
61.910541796875
 20
-61.3115501953125
 10
62.03549430541992
 20
-61.17486054992675
 10
62.15545649414064
 20
-61.03288122558592
 10
62.27026104125977
 20
-60.88597969665528
 10
62.379740625
 20
-60.73452343749998
 10
62.48372792358398
 20
-60.57887992248534
 10
62.58205561523436
 20
-60.41941662597658
 10
62.67455637817382
 20
-60.25650102233886
 10
62.76106289062499
 20
-60.09050058593751
 10
62.84140783081054
 20
-59.92178279113769
 10
62.91542387695312
 20
-59.75071511230469
 10
62.98294370727539
 20
-59.57766502380371
 10
63.0438
 20
-59.403
  0
LWPOLYLINE
  5
67
330
262D
100
AcDbEntity
  8
LAYER_1
100
AcDbPolyline
 90
      128
 70
     1
 43
0.0
 10
48.17329999955802
 20
-71.58599999976988
 10
48.06209660949707
 20
-71.64544882507323
 10
47.94957209472656
 20
-71.70878122558594
 10
47.83587369079589
 20
-71.77588233947753
 10
47.7211486328125
 20
-71.84663730468748
 10
47.60554415588377
 20
-71.92093125915526
 10
47.48920749511717
 20
-71.99864934082031
 10
47.37228588562011
 20
-72.07967668762205
 10
47.2549265625
 20
-72.1638984375
 10
47.13727676086426
 20
-72.25119972839356
 10
47.01948371582031
 20
-72.34146569824218
 10
46.90169466247557
 20
-72.43458148498536
 10
46.7840568359375
 20
-72.53043222656252
 10
46.66671747131347
 20
-72.62890306091309
 10
46.54982380371094
 20
-72.72987912597656
 10
46.43352306823731
 20
-72.83324555969239
 10
46.3179625
 20
-72.93888749999998
 10
46.20328933410643
 20
-73.04669008483886
 10
46.08965080566406
 20
-73.15653845214844
 10
45.97719414978027
 20
-73.26831773986815
 10
45.8660666015625
 20
-73.38191308593748
 10
45.75641539611815
 20
-73.49720962829589
 10
45.64838776855467
 20
-73.61409250488279
 10
45.54213095397949
 20
-73.73244685363771
 10
45.43779218749999
 20
-73.8521578125
 10
45.33551870422363
 20
-73.97311051940919
 10
45.23545773925782
 20
-74.09519011230469
 10
45.13775652770996
 20
-74.21828172912599
 10
45.04256230468749
 20
-74.3422705078125
 10
44.95002230529784
 20
-74.46704158630371
 10
44.86028376464843
 20
-74.59248010253905
 10
44.77349391784668
 20
-74.71847119445801
 10
44.6898
 20
-74.8449
 10
44.53545410461424
 20
-74.82000603332519
 10
44.38081643066406
 20
-74.79038342285156
 10
44.22594324645996
 20
-74.75600860290526
 10
44.0708908203125
 20
-74.71685800781248
 10
43.91571542053223
 20
-74.67290807189939
 10
43.76047331542968
 20
-74.62413522949221
 10
43.60522077331543
 20
-74.57051591491699
 10
43.4500140625
 20
-74.51202656250003
 10
43.29490945129393
 20
-74.44864360656739
 10
43.13996320800781
 20
-74.38034348144531
 10
42.98523160095214
 20
-74.30710262145995
 10
42.83077089843749
 20
-74.22889746093748
 10
42.6766373687744
 20
-74.14570443420409
 10
42.52288728027344
 20
-74.05749997558594
 10
42.36957690124511
 20
-73.96426051940917
 10
42.21676249999998
 20
-73.86596249999998
 10
42.06450034484863
 20
-73.76258235168456
 10
41.91284670410158
 20
-73.65409650878904
 10
41.76185784606935
 20
-73.54048140563964
 10
41.6115900390625
 20
-73.4217134765625
 10
41.4620995513916
 20
-73.29776915588379
 10
41.31344265136717
 20
-73.16862487792969
 10
41.16567560729979
 20
-73.03425707702638
 10
41.0188546875
 20
-72.8946421875
 10
40.87303616027831
 20
-72.74975664367676
 10
40.72827629394531
 20
-72.59957687988279
 10
40.58463135681152
 20
-72.44407933044434
 10
40.44215761718749
 20
-72.2832404296875
 10
40.3009113433838
 20
-72.11703661193848
 10
40.16094880371094
 20
-71.94544431152346
 10
40.0223262664795
 20
-71.76843996276854
 10
39.8851
 20
-71.58599999999999
 10
40.0223262664795
 20
-71.40352396850584
 10
40.16094880371094
 20
-71.22648627929685
 10
40.3009113433838
 20
-71.0548631652832
 10
40.44215761718749
 20
-70.888630859375
 10
40.58463135681152
 20
-70.72776559448242
 10
40.72827629394531
 20
-70.57224360351563
 10
40.87303616027831
 20
-70.42204111938477
 10
41.0188546875
 20
-70.277134375
 10
41.16567560729979
 20
-70.13749960327148
 10
41.31344265136717
 20
-70.00311303710937
 10
41.4620995513916
 20
-69.87395090942382
 10
41.6115900390625
 20
-69.74998945312499
 10
41.76185784606935
 20
-69.63120490112304
 10
41.91284670410158
 20
-69.51757348632812
 10
42.06450034484863
 20
-69.40907144165038
 10
42.2167625
 20
-69.30567500000001
 10
42.36957690124511
 20
-69.20736039428712
 10
42.52288728027344
 20
-69.11410385742188
 10
42.6766373687744
 20
-69.02588162231443
 10
42.83077089843749
 20
-68.94266992187501
 10
42.98523160095214
 20
-68.86444498901365
 10
43.13996320800781
 20
-68.79118305664062
 10
43.29490945129393
 20
-68.72286035766602
 10
43.4500140625
 20
-68.659453125
 10
43.60522077331543
 20
-68.60093759155275
 10
43.76047331542968
 20
-68.54728999023439
 10
43.91571542053223
 20
-68.4984865539551
 10
44.0708908203125
 20
-68.45450351562501
 10
44.22594324645996
 20
-68.4153171081543
 10
44.38081643066406
 20
-68.38090356445313
 10
44.53545410461424
 20
-68.35123911743163
 10
44.6898
 20
-68.3263
 10
44.77349391782535
 20
-68.45274699398699
 10
44.8602837646043
 20
-68.57875524896058
 10
44.95002230522947
 20
-68.70421004934461
 10
45.0425623045936
 20
-68.82899667956308
 10
45.13775652758936
 20
-68.95300042403988
 10
45.23545773910945
 20
-69.07610656719889
 10
45.33551870404654
 20
-69.19820039346404
 10
45.43779218729333
 20
-69.31916718725926
 10
45.5421309537425
 20
-69.43889223300847
 10
45.64838776828677
 20
-69.55726081513555
 10
45.75641539581877
 20
-69.67415821806445
 10
45.86606660123125
 20
-69.78946972621907
 10
45.97719414941686
 20
-69.90308062402329
 10
46.08965080526831
 20
-70.01487619590109
 10
46.20328933367825
 20
-70.12474172627634
 10
46.31796249953943
 20
-70.23256249957296
 10
46.4335230677445
 20
-70.33822380021487
 10
46.54982380318614
 20
-70.44161091262598
 10
46.66671747075706
 20
-70.54260912123019
 10
46.78405683534992
 20
-70.64110371045149
 10
46.90169466185746
 20
-70.73697996471368
 10
47.01948371517232
 20
-70.83012316844075
 10
47.13727676018721
 20
-70.9204186060566
 10
47.25492656179482
 20
-71.00775156198512
 10
47.37228588488784
 20
-71.09200732065024
 10
47.48920749435894
 20
-71.17307116647589
 10
47.60554415510082
 20
-71.25082838388596
 10
47.72114863200617
 20
-71.32516425730438
 10
47.83587368996768
 20
-71.39596407115506
 10
47.94957209387804
 20
-71.46311310986192
 10
48.06209660862993
 20
-71.52649665784884
  0
LWPOLYLINE
  5
68
330
262D
100
AcDbEntity
  8
LAYER_1
100
AcDbPolyline
 90
      130
 70
     1
 43
0.0
 10
37.02539999963786
 20
-71.58599999983128
 10
36.86608018188476
 20
-71.66452778320312
 10
36.69030083007811
 20
-71.75828320312501
 10
36.49866022338867
 20
-71.86523686523438
 10
36.29175664062501
 20
-71.98335937499997
 10
35.83455366210939
 20
-72.244993359375
 10
35.5854508239746
 20
-72.38444604492187
 10
35.323478125
 20
-72.52695
 10
35.04923384399414
 20
-72.67047583007812
 10
34.76331625976563
 20
-72.81299414062499
 10
34.61616694107056
 20
-72.88324129028321
 10
34.46632365112306
 20
-72.95247553710935
 10
34.31386117477417
 20
-73.02044320678709
 10
34.158854296875
 20
-73.08689062500002
 10
34.00137780227661
 20
-73.15156411743162
 10
33.84150647583008
 20
-73.21421000976562
 10
33.67931510238648
 20
-73.27457462768555
 10
33.51487846679687
 20
-73.33240429687499
 10
33.34827135391235
 20
-73.38744534301756
 10
33.17956854858398
 20
-73.43944409179687
 10
33.00884483566284
 20
-73.48814686889648
 10
32.836175
 20
-73.53329999999999
 10
32.66163382644653
 20
-73.57464981079101
 10
32.48529609985352
 20
-73.61194262695312
 10
32.30723660507202
 20
-73.64492477416992
 10
32.12753012695313
 20
-73.673342578125
 10
31.9462514503479
 20
-73.69694236450195
 10
31.76347536010742
 20
-73.71547045898437
 10
31.57927664108277
 20
-73.72867318725586
 10
31.393730078125
 20
-73.73629687499999
 10
31.2069104560852
 20
-73.73808784790039
 10
31.01889255981445
 20
-73.73379243164063
 10
30.82975117416382
 20
-73.7231569519043
 10
30.63956108398438
 20
-73.705927734375
 10
30.4483970741272
 20
-73.68185110473631
 10
30.25633392944336
 20
-73.65067338867188
 10
30.06344643478393
 20
-73.61214091186524
 10
29.869809375
 20
-73.566
 10
29.67549753494262
 20
-73.51199697875976
 10
29.48058569946289
 20
-73.44987817382812
 10
29.28514865341186
 20
-73.37938991088869
 10
29.08926118164062
 20
-73.30027851562499
 10
28.99117190637588
 20
-73.25740987014771
 10
28.89299806900025
 20
-73.2122903137207
 10
28.79474901762008
 20
-73.16488813705444
 10
28.69643410034179
 20
-73.11517163085935
 10
28.59806266527177
 20
-73.06310908584595
 10
28.49964406051636
 20
-73.00866879272459
 10
28.40118763418198
 20
-72.95181904220581
 10
28.302702734375
 20
-72.892528125
 10
28.20419870920181
 20
-72.83076433181763
 10
28.1056849067688
 20
-72.76649595336914
 10
28.00717067518234
 20
-72.69969128036499
 10
27.90866536254883
 20
-72.63031860351562
 10
27.81017831697464
 20
-72.55834621353151
 10
27.71171888656616
 20
-72.48374240112305
 10
27.61329641942978
 20
-72.40647545700072
 10
27.51492026367187
 20
-72.32651367187497
 10
27.41659976739883
 20
-72.2438253364563
 10
27.31834427871704
 20
-72.15837874145508
 10
27.22016314573288
 20
-72.0701421775818
 10
27.12206571655273
 20
-71.97908393554688
 10
27.02406133928299
 20
-71.8851723060608
 10
26.92615936203003
 20
-71.78837557983398
 10
26.82836913290024
 20
-71.6886620475769
 10
26.7307
 20
-71.58599999999999
 10
26.82836913288558
 20
-71.48332628890601
 10
26.92615936200067
 20
-71.3836012047109
 10
27.02406133923891
 20
-71.28679303984164
 10
27.12206571649391
 20
-71.1928700867254
 10
27.22016314565927
 20
-71.10180063778925
 10
27.31834427862864
 20
-71.01355298546025
 10
27.41659976729563
 20
-70.92809542216547
 10
27.51492026355386
 20
-70.84539624033197
 10
27.61329641929694
 20
-70.76542373238685
 10
27.7117188864185
 20
-70.68814619075721
 10
27.81017831681217
 20
-70.61353190787011
 10
27.90866536237153
 20
-70.54154917615261
 10
28.00717067499025
 20
-70.47216628803181
 10
28.10568490656192
 20
-70.40535153593473
 10
28.20419870898016
 20
-70.34107321228855
 10
28.30270273413861
 20
-70.27929960952028
 10
28.40118763393087
 20
-70.219999020057
 10
28.49964406025057
 20
-70.16313973632579
 10
28.59806266499133
 20
-70.10869005075375
 10
28.69643410004677
 20
-70.05661825576791
 10
28.79474901731049
 20
-70.00689264379539
 10
28.89299806867614
 20
-69.95948150726327
 10
28.99117190603733
 20
-69.91435313859859
 10
29.08926118128767
 20
-69.87147583022847
 10
29.2851486530303
 20
-69.79234756408015
 10
29.480585699053
 20
-69.72184304823489
 10
29.67549753450472
 20
-69.65970862210932
 10
29.86980937453443
 20
-69.60569062512011
 10
30.06344643429109
 20
-69.55953539668382
 10
30.25633392892364
 20
-69.52098927621708
 10
30.44839707358106
 20
-69.48979860313652
 10
30.63956108341231
 20
-69.46570971685876
 10
30.82975117356633
 20
-69.44846895680038
 10
31.0188925591921
 20
-69.43782266237803
 10
31.20691045543857
 20
-69.43351717300837
 10
31.39373007745469
 20
-69.43529882810793
 10
31.57927664038944
 20
-69.4429139670934
 10
31.76347535939177
 20
-69.45610892938136
 10
31.94625144961064
 20
-69.47463005438843
 10
32.12753012619501
 20
-69.49822368153125
 10
32.30723660429383
 20
-69.52663615022641
 10
32.48529609905606
 20
-69.55961379989054
 10
32.66163382563068
 20
-69.59690296994025
 10
32.83617499916664
 20
-69.6382499997922
 10
33.00884483481288
 20
-69.68340122886296
 10
33.17956854771838
 20
-69.73210299656918
 10
33.34827135303211
 20
-69.78410164232744
 10
33.51487846590299
 20
-69.83914350555439
 10
33.67931510148002
 20
-69.89697492566664
 10
33.84150647491212
 20
-69.95734224208081
 10
34.00137780134829
 20
-70.01999179421351
 10
34.15885429593747
 20
-70.08466992148136
 10
34.31386117382863
 20
-70.15112296330098
 10
34.4663236501707
 20
-70.219097259089
 10
34.61616694011267
 20
-70.288339148262
 10
34.76331625880348
 20
-70.35859497023664
 10
35.04923384302752
 20
-70.50113377025728
 10
35.32347812403445
 20
-70.64468437448383
 10
35.58545082301597
 20
-70.78721749824923
 10
35.83455366116375
 20
-70.92670385688645
 10
36.29175663972479
 20
-71.18841914010808
 10
36.4986602225214
 20
-71.30658949535837
 10
36.69030082925097
 20
-71.41359594681225
 10
36.86608018110521
 20
-71.50740920980266
  0
LWPOLYLINE
  5
69
330
262D
100
AcDbEntity
  8
LAYER_1
100
AcDbPolyline
 90
      304
 70
     1
 43
0.0
 10
25.2282000000542
 20
-71.58599999957806
 10
25.23377030639648
 20
-71.65464455261229
 10
25.23626088867188
 20
-71.74252673339843
 10
25.237018359375
 20
-71.9710451171875
 10
25.24050336914063
 20
-72.26163742675781
 10
25.24640337524414
 20
-72.42711201477051
 10
25.256746875
 20
-72.6043859375
 10
25.27278773803711
 20
-72.79221947937013
 10
25.29577983398438
 20
-72.98937292480468
 10
25.3269770324707
 20
-73.19460655822753
 10
25.34604437942505
 20
-73.29986603431699
 10
25.367633203125
 20
-73.40668066406251
 10
25.39190023727417
 20
-73.51489548301697
 10
25.41900221557617
 20
-73.62435552673341
 10
25.44909587173462
 20
-73.73490583076476
 10
25.48233793945312
 20
-73.84639143066405
 10
25.5188851524353
 20
-73.95865736198425
 10
25.55889424438476
 20
-74.07154866027831
 10
25.60252194900513
 20
-74.18491036109923
 10
25.649925
 20
-74.2985875
 10
25.701260131073
 20
-74.41242511253356
 10
25.75668407592773
 20
-74.52626823425294
 10
25.81635356826782
 20
-74.63996190071106
 10
25.88042534179688
 20
-74.75335114746093
 10
25.9490561302185
 20
-74.86628101005554
 10
26.02240266723632
 20
-74.97859652404784
 10
26.10062168655395
 20
-75.09014272499084
 10
26.183869921875
 20
-75.2007646484375
 10
26.27230410690307
 20
-75.31030732994079
 10
26.36608097534181
 20
-75.41861580505372
 10
26.46535726089478
 20
-75.52553510932923
 10
26.57028969726563
 20
-75.63091027832031
 10
26.68103501815796
 20
-75.73458634757995
 10
26.79774995727539
 20
-75.83640835266113
 10
26.92059124832153
 20
-75.9362213291168
 10
27.049715625
 20
-76.0338703125
 10
27.1852798210144
 20
-76.12920033836366
 10
27.32744057006836
 20
-76.22205644226074
 10
27.47635460586548
 20
-76.31228365974426
 10
27.63217866210937
 20
-76.39972702636718
 10
27.79506947250367
 20
-76.48423157768251
 10
27.96518377075195
 20
-76.56564234924315
 10
28.14267829055786
 20
-76.64380437660215
 10
28.327709765625
 20
-76.7185626953125
 10
28.52043492965698
 20
-76.78976234092712
 10
28.72101051635742
 20
-76.857248348999
 10
28.92959325942993
 20
-76.92086575508118
 10
29.14633989257813
 20
-76.98045959472654
 10
29.37140714950561
 20
-77.03587490348816
 10
29.60495176391601
 20
-77.08695671691893
 10
29.84713046951294
 20
-77.13355007057192
 10
30.0981
 20
-77.1755
 10
29.94130158691406
 20
-77.31546357421875
 10
29.7683173828125
 20
-77.47369140625
 10
29.58268894042968
 20
-77.65037041015623
 10
29.4862398651123
 20
-77.74568751220702
 10
29.3879578125
 20
-77.8456875
 10
29.28828547668457
 20
-77.95039373779295
 10
29.18766555175781
 20
-78.05982958984372
 10
29.08654073181152
 20
-78.17401842041014
 10
28.9853537109375
 20
-78.29298359375002
 10
28.88454718322754
 20
-78.41674847412109
 10
28.78456384277344
 20
-78.54533642578123
 10
28.68584638366699
 20
-78.6787708129883
 10
28.5888375
 20
-78.817075
 10
28.49397988586427
 20
-78.96027235107419
 10
28.40171623535156
 20
-79.10838623046875
 10
28.31248924255371
 20
-79.2614400024414
 10
28.2267416015625
 20
-79.41945703124997
 10
28.14491600646972
 20
-79.58246068115234
 10
28.06745515136719
 20
-79.75047431640625
 10
27.99480173034668
 20
-79.92352130126953
 10
27.9273984375
 20
-80.10162499999999
 10
27.86568796691895
 20
-80.28480877685545
 10
27.81011301269531
 20
-80.47309599609375
 10
27.7611162689209
 20
-80.66651002197266
 10
27.73922306785584
 20
-80.76514688873292
 10
27.7191404296875
 20
-80.86507421874999
 10
27.70092369117737
 20
-80.96629493255615
 10
27.68462818908691
 20
-81.06881195068359
 10
27.67030926017761
 20
-81.17262819366455
 10
27.65802224121094
 20
-81.27774658203122
 10
27.64782246894836
 20
-81.38417003631591
 10
27.63976528015137
 20
-81.49190147705075
 10
27.63390601158142
 20
-81.60094382476806
 10
27.6303
 20
-81.71129999999999
 10
27.58193679199218
 20
-81.5698106689453
 10
27.5366677734375
 20
-81.42517910156248
 10
27.49454260253906
 20
-81.27736618652344
 10
27.4556109375
 20
-81.12633281249998
 10
27.41992243652344
 20
-80.97203986816406
 10
27.3875267578125
 20
-80.81444824218749
 10
27.35847355957031
 20
-80.6535188232422
 10
27.3328125
 20
-80.48921249999999
 10
27.3105932373047
 20
-80.32149016113281
 10
27.2918654296875
 20
-80.15031269531249
 10
27.27667873535156
 20
-79.97564099121094
 10
27.2650828125
 20
-79.7974359375
 10
27.25712731933594
 20
-79.61565842285157
 10
27.2528619140625
 20
-79.43026933593749
 10
27.25233625488281
 20
-79.24122956542969
 10
27.2556
 20
-79.0485
 10
26.97169035949707
 20
-78.8890611328125
 10
26.69514084472656
 20
-78.73653515625
 10
26.1638111328125
 20
-78.447553125
 10
25.66098874511719
 20
-78.17221640625
 10
25.42007338562012
 20
-78.0367470703125
 10
25.1860515625
 20
-77.90118750000001
 10
24.95884551086426
 20
-77.7643705078125
 10
24.73837746582031
 20
-77.62512890625001
 10
24.52456966247559
 20
-77.48229550781252
 10
24.4201390499115
 20
-77.40916713867187
 10
24.3173443359375
 20
-77.334703125
 10
24.21617579994202
 20
-77.25875756835937
 10
24.11662372131348
 20
-77.18118457031249
 10
24.01867837944031
 20
-77.10183823242187
 10
23.92233005371094
 20
-77.02057265625
 10
23.82756902351379
 20
-76.93724194335938
 10
23.73438556823731
 20
-76.8517001953125
 10
23.6427699672699
 20
-76.76380151367185
 10
23.5527125
 20
-76.6734
 10
23.46420344581604
 20
-76.58034975585938
 10
23.37723308410645
 20
-76.4845048828125
 10
23.29179169425965
 20
-76.38571948242187
 10
23.20786955566407
 20
-76.28384765625002
 10
23.12545694770813
 20
-76.17874350585937
 10
23.04454414978028
 20
-76.0702611328125
 10
22.96512144126892
 20
-75.95825463867189
 10
22.8871791015625
 20
-75.842578125
 10
22.81070741004944
 20
-75.72308569335937
 10
22.73569664611816
 20
-75.59963144531249
 10
22.6621370891571
 20
-75.47206948242187
 10
22.59001901855469
 20
-75.34025390625
 10
22.51933271369934
 20
-75.20403881835938
 10
22.45006845397949
 20
-75.0632783203125
 10
22.38221651878357
 20
-74.91782651367187
 10
22.3157671875
 20
-74.76753750000002
 10
22.25071073951721
 20
-74.61226538085937
 10
22.18703745422363
 20
-74.4518642578125
 10
22.12473761100769
 20
-74.28618823242188
 10
22.06380148925781
 20
-74.11509140625
 10
22.00421936836243
 20
-73.93842788085938
 10
21.94598152770996
 20
-73.75605175781251
 10
21.88907824668884
 20
-73.56781713867187
 10
21.8334998046875
 20
-73.37357812500002
 10
21.77923648109436
 20
-73.17318881835937
 10
21.72627855529785
 20
-72.96650332031248
 10
21.6746163066864
 20
-72.75337573242187
 10
21.62424001464844
 20
-72.53366015624999
 10
21.5751399585724
 20
-72.30721069335938
 10
21.52730641784668
 20
-72.07388144531249
 10
21.48072967185974
 20
-71.83352651367187
 10
21.4354
 20
-71.58599999999999
 10
21.48072967185974
 20
-71.33846843605041
 10
21.52730641784668
 20
-71.09810774230957
 10
21.5751399585724
 20
-70.86477204093933
 10
21.62424001464844
 20
-70.63831545410156
 10
21.6746163066864
 20
-70.41859210395812
 10
21.72627855529785
 20
-70.2054561126709
 10
21.77923648109436
 20
-69.99876160240173
 10
21.8334998046875
 20
-69.79836269531251
 10
21.88907824668884
 20
-69.60411351356507
 10
21.94598152770996
 20
-69.4158681793213
 10
22.00421936836243
 20
-69.23348081474305
 10
22.06380148925781
 20
-69.05680554199219
 10
22.12473761100769
 20
-68.88569648323059
 10
22.18703745422363
 20
-68.72000776062012
 10
22.25071073951721
 20
-68.55959349632263
 10
22.3157671875
 20
-68.40430781250001
 10
22.38221651878357
 20
-68.25400483131409
 10
22.45006845397949
 20
-68.10853867492676
 10
22.51933271369934
 20
-67.96776346549989
 10
22.59001901855468
 20
-67.83153332519532
 10
22.6621370891571
 20
-67.69970237617494
 10
22.73569664611816
 20
-67.5721247406006
 10
22.81070741004944
 20
-67.44865454063418
 10
22.8871791015625
 20
-67.3291458984375
 10
22.96512144126892
 20
-67.2134529361725
 10
23.04454414978027
 20
-67.10142977600097
 10
23.12545694770813
 20
-66.99293054008484
 10
23.20786955566406
 20
-66.88780935058595
 10
23.29179169425965
 20
-66.78592032966614
 10
23.37723308410645
 20
-66.68711759948731
 10
23.46420344581604
 20
-66.59125528221129
 10
23.5527125
 20
-66.4981875
 10
23.6427699672699
 20
-66.40776837501525
 10
23.73438556823731
 20
-66.31985202941894
 10
23.82756902351379
 20
-66.23429258537294
 10
23.92233005371094
 20
-66.15094416503905
 10
24.01867837944031
 20
-66.06966089057923
 10
24.11662372131347
 20
-65.99029688415527
 10
24.21617579994201
 20
-65.91270626792908
 10
24.3173443359375
 20
-65.83674316406249
 10
24.4201390499115
 20
-65.76226169471741
 10
24.52456966247558
 20
-65.68911598205566
 10
24.73837746582031
 20
-65.5462483154297
 10
24.95884551086426
 20
-65.4069731414795
 10
25.1860515625
 20
-65.2701234375
 10
25.42007338562011
 20
-65.13453218078613
 10
25.66098874511719
 20
-64.99903234863281
 10
26.1638111328125
 20
-64.7236388671875
 10
26.69514084472656
 20
-64.43460681152344
 10
26.97169035949707
 20
-64.28205876159669
 10
27.2556
 20
-64.1226
 10
27.25233625488281
 20
-63.92995732421876
 10
27.2528619140625
 20
-63.74099140624999
 10
27.25712731933594
 20
-63.55566416015625
 10
27.2650828125
 20
-63.3739375
 10
27.27667873535156
 20
-63.19577333984375
 10
27.2918654296875
 20
-63.02113359375
 10
27.3105932373047
 20
-62.84998017578125
 10
27.3328125
 20
-62.682275
 10
27.35847355957031
 20
-62.51797998046875
 10
27.3875267578125
 20
-62.35705703124999
 10
27.41992243652344
 20
-62.19946806640624
 10
27.4556109375
 20
-62.045175
 10
27.49454260253906
 20
-61.89413974609375
 10
27.5366677734375
 20
-61.74632421874999
 10
27.58193679199218
 20
-61.60169033203125
 10
27.6303
 20
-61.4602
 10
27.63390601158142
 20
-61.57055610275268
 10
27.63976528015137
 20
-61.67959823608398
 10
27.64782246894836
 20
-61.78732932510376
 10
27.65802224121094
 20
-61.89375229492187
 10
27.67030926017761
 20
-61.9988700706482
 10
27.68462818908692
 20
-62.10268557739258
 10
27.70092369117737
 20
-62.2052017402649
 10
27.7191404296875
 20
-62.306421484375
 10
27.73922306785584
 20
-62.40634773483275
 10
27.7611162689209
 20
-62.50498341674805
 10
27.81011301269531
 20
-62.69839477539061
 10
27.86568796691895
 20
-62.88667896118163
 10
27.9273984375
 20
-63.069859375
 10
27.99480173034668
 20
-63.2479594177246
 10
28.06745515136719
 20
-63.42100249023436
 10
28.14491600646972
 20
-63.5890119934082
 10
28.2267416015625
 20
-63.752011328125
 10
28.31248924255371
 20
-63.91002389526367
 10
28.40171623535156
 20
-64.06307309570312
 10
28.49397988586427
 20
-64.21118233032228
 10
28.5888375
 20
-64.35437499999999
 10
28.68584638366699
 20
-64.49267450561523
 10
28.78456384277344
 20
-64.62610424804687
 10
28.88454718322754
 20
-64.75468762817382
 10
28.9853537109375
 20
-64.87844804687501
 10
29.08654073181152
 20
-64.99740890502929
 10
29.18766555175781
 20
-65.11159360351562
 10
29.28828547668457
 20
-65.22102554321289
 10
29.3879578125
 20
-65.32572812500001
 10
29.4862398651123
 20
-65.42572474975585
 10
29.58268894042968
 20
-65.5210388183594
 10
29.7683173828125
 20
-65.697712890625
 10
29.94130158691406
 20
-65.85593754882811
 10
30.0981
 20
-65.9959
 10
29.84713046962389
 20
-66.03785043638146
 10
29.60495176413006
 20
-66.08444528804196
 10
29.37140714981514
 20
-66.13552955620249
 10
29.14633989297571
 20
-66.19094824208395
 10
28.92959325990837
 20
-66.25054634690723
 10
28.72101051690971
 20
-66.31416887189324
 10
28.52043493027635
 20
-66.38166081826293
 10
28.32770976630486
 20
-66.45286718723716
 10
28.14267829129187
 20
-66.52763298003688
 10
27.96518377153395
 20
-66.60580319788299
 10
27.79506947332772
 20
-66.68722284199642
 10
27.63217866296976
 20
-66.77173691359804
 10
27.47635460675669
 20
-66.85919041390882
 10
27.32744057098508
 20
-66.94942834414963
 10
27.18527982195155
 20
-67.04229570554137
 10
27.04971562595269
 20
-67.137637499305
 10
26.92059124928511
 20
-67.23529872666141
 10
26.79774995824538
 20
-67.33512438883149
 10
26.68103501913013
 20
-67.43695948703621
 10
26.57028969823594
 20
-67.54064902249641
 10
26.46535726185942
 20
-67.64603799643305
 10
26.36608097629715
 20
-67.75297141006703
 10
26.27230410784575
 20
-67.86129426461927
 10
26.1838699228018
 20
-67.97085156131067
 10
26.10062168746192
 20
-68.08148830136214
 10
26.02240266812268
 20
-68.19304948599462
 10
25.94905613108072
 20
-68.30538011642897
 10
25.88042534263257
 20
-68.41832519388616
 10
25.8163535690749
 20
-68.53172971958708
 10
25.75668407670427
 20
-68.64543869475264
 10
25.70126013181728
 20
-68.75929712060372
 10
25.64992500071054
 20
-68.8731499983613
 10
25.60252194968064
 20
-68.98684232924624
 10
25.55889424502419
 20
-69.10021911447947
 10
25.51888515303777
 20
-69.21312535528191
 10
25.482337940018
 20
-69.32540605287446
 10
25.44909587226145
 20
-69.43690620847803
 10
25.41900221606475
 20
-69.54747082331353
 10
25.39190023772447
 20
-69.65694489860189
 10
25.36763320353723
 20
-69.76517343556402
 10
25.34604437979962
 20
-69.87200143542081
 10
25.32697703280823
 20
-69.97727389939321
 10
25.29577983425054
 20
-70.18253222456839
 10
25.27278773823694
 20
-70.37970842085688
 10
25.25674687514022
 20
-70.56756249802598
 10
25.24640337533317
 20
-70.74485446584295
 10
25.24050336918855
 20
-70.91034433407514
 10
25.23701835937783
 20
-71.20095781085431
 10
25.23626088869035
 20
-71.42948300650181
 10
25.2337703064498
 20
-71.51736252331947
  0
LWPOLYLINE
  5
6A
330
262D
100
AcDbEntity
  8
LAYER_1
100
AcDbPolyline
 90
      120
 70
     1
 43
0.0
 10
19.08780000005873
 20
-71.58599999987969
 10
19.09775273399353
 20
-71.61225375709533
 10
19.10321337585449
 20
-71.64082283020021
 10
19.10428871040344
 20
-71.67155485954285
 10
19.10108552246094
 20
-71.70429748535156
 10
19.09371059684754
 20
-71.73889834785462
 10
19.08227071838379
 20
-71.77520508728027
 10
19.06687267189026
 20
-71.81306534385679
 10
19.0476232421875
 20
-71.8523267578125
 10
19.02462921409607
 20
-71.89283696937561
 10
18.99799737243652
 20
-71.93444361877441
 10
18.96783450202942
 20
-71.97699434623719
 10
18.93424738769532
 20
-72.02033679199221
 10
18.89734281425476
 20
-72.0643185962677
 10
18.85722756652832
 20
-72.10878739929199
 10
18.7677921875
 20
-72.19857656249999
 10
18.66679552917481
 20
-72.28848540344241
 10
18.55509187011719
 20
-72.37729504394531
 10
18.4335354888916
 20
-72.46378660583497
 10
18.36932948951721
 20
-72.50578220787048
 10
18.3029806640625
 20
-72.54674121093749
 10
18.23459579734802
 20
-72.58651125526428
 10
18.16428167419433
 20
-72.62493998107911
 10
18.092145079422
 20
-72.66187502861024
 10
18.01829279785157
 20
-72.69716403808594
 10
17.94283161430359
 20
-72.7306546497345
 10
17.86586831359864
 20
-72.76219450378417
 10
17.78750968055725
 20
-72.79163124046326
 10
17.7078625
 20
-72.81881250000001
 10
17.62703355674744
 20
-72.84358592262269
 10
17.54512963562012
 20
-72.86579914855956
 10
17.4622575214386
 20
-72.88529981803894
 10
17.37852399902344
 20
-72.90193557128906
 10
17.29403585319519
 20
-72.9155540485382
 10
17.20889986877442
 20
-72.92600289001464
 10
17.12322283058166
 20
-72.93312973594665
 10
17.0371115234375
 20
-72.9367822265625
 10
16.95067273216248
 20
-72.93680800209045
 10
16.86401324157715
 20
-72.93305470275879
 10
16.77723983650208
 20
-72.92536996879579
 10
16.69045930175781
 20
-72.91360144042968
 10
16.60377842216492
 20
-72.89759675788879
 10
16.51730398254395
 20
-72.87720356140138
 10
16.43114276771546
 20
-72.85226949119568
 10
16.3454015625
 20
-72.82264218749999
 10
16.26018715171814
 20
-72.7881692905426
 10
16.17560632019043
 20
-72.74869844055174
 10
16.09176585273743
 20
-72.70407727775574
 10
16.00877253417969
 20
-72.65415344238281
 10
15.92673314933777
 20
-72.59877457466126
 10
15.84575448303223
 20
-72.53778831481935
 10
15.76594332008362
 20
-72.47104230308533
 10
15.6874064453125
 20
-72.3983841796875
 10
15.61025064353943
 20
-72.31966158485413
 10
15.53458269958496
 20
-72.23472215881347
 10
15.46050939826965
 20
-72.14341354179381
 10
15.38813752441406
 20
-72.04558337402343
 10
15.31757386283875
 20
-71.94107929573059
 10
15.24892519836426
 20
-71.82974894714357
 10
15.18229831581116
 20
-71.7114399684906
 10
15.1178
 20
-71.58599999999999
 10
15.18229831580132
 20
-71.46053696023861
 10
15.24892519834396
 20
-71.34220564273464
 10
15.31757386280742
 20
-71.2308536877164
 10
15.38813752437117
 20
-71.12632873541226
 10
15.46050939821472
 20
-71.02847842605055
 10
15.53458269951756
 20
-70.93715039985958
 10
15.61025064345918
 20
-70.85219229706772
 10
15.68740644521906
 20
-70.7734517579033
 10
15.76594331997671
 20
-70.70077642259469
 10
15.84575448291161
 20
-70.6340139313702
 10
15.92673314920325
 20
-70.57301192445817
 10
16.00877253403113
 20
-70.51761804208695
 10
16.09176585257473
 20
-70.46767992448486
 10
16.17560632001355
 20
-70.42304521188026
 10
16.26018715152708
 20
-70.38356154450148
 10
16.34540156229481
 20
-70.34907656257688
 10
16.43114276749623
 20
-70.31943790633478
 10
16.51730398231084
 20
-70.29449321600354
 10
16.60377842191812
 20
-70.27409013181146
 10
16.69045930149757
 20
-70.25807629398693
 10
16.77723983622867
 20
-70.24629934275825
 10
16.86401324129093
 20
-70.23860691835378
 10
16.95067273186382
 20
-70.23484666100185
 10
17.03711152312685
 20
-70.23486621093079
 10
17.1232228302595
 20
-70.238513208369
 10
17.20889986844126
 20
-70.24563529354473
 10
17.29403585285163
 20
-70.2560801066864
 10
17.3785239986701
 20
-70.2696952880223
 10
17.46225752107615
 20
-70.2863284777808
 10
17.54512963524929
 20
-70.30582731619022
 10
17.627033556369
 20
-70.3280394434789
 10
17.70786249961477
 20
-70.35281249987519
 10
17.7875096801661
 20
-70.37999412560743
 10
17.86586831320247
 20
-70.40943196090394
 10
17.94283161390338
 20
-70.44097364599308
 10
18.01829279744832
 20
-70.4744668211032
 10
18.09214507901678
 20
-70.50975912646262
 10
18.16428167378825
 20
-70.54669820229969
 10
18.23459579694223
 20
-70.58513168884274
 10
18.30298066365819
 20
-70.62490722632012
 10
18.36932948911565
 20
-70.66587245496018
 10
18.43353548849408
 20
-70.70787501499122
 10
18.55509186973184
 20
-70.79438269013969
 10
18.66679552880741
 20
-70.8832113735923
 10
18.76779218715671
 20
-70.97314218717572
 10
18.85722756621568
 20
-71.06295625271669
 10
18.89734281396002
 20
-71.1074386055421
 10
18.93424738742026
 20
-71.15143469204195
 10
18.96783450177587
 20
-71.19479215244449
 10
18.99799737220636
 20
-71.23735862697817
 10
19.02462921389122
 20
-71.27898175587124
 10
19.04762324200993
 20
-71.3195091793521
 10
19.06687267174199
 20
-71.35878853764904
 10
19.08227071826689
 20
-71.39666747099046
 10
19.09371059676412
 20
-71.43299361960465
 10
19.10108552241318
 20
-71.46761462371997
 10
19.10428871039355
 20
-71.50037812356477
 10
19.10321337588472
 20
-71.53113175936735
 10
19.09775273406619
 20
-71.55972317135611
  0
LWPOLYLINE
  5
6B
330
262D
100
AcDbEntity
  8
LAYER_1
100
AcDbPolyline
 90
      213
 70
     1
 43
0.0
 10
63.0438
 20
-76.2904
 10
62.68455390892029
 20
-75.97918486480714
 10
62.33296545104979
 20
-75.68424444580076
 10
61.98882341194152
 20
-75.40523466033936
 10
61.65191657714844
 20
-75.14181142578127
 10
61.3220337322235
 20
-74.89363065948487
 10
61.1596603014469
 20
-74.77514867610931
 10
60.99896366271972
 20
-74.6603482788086
 10
60.83991741423607
 20
-74.5491864572525
 10
60.68249515419006
 20
-74.44162020111083
 10
60.52667048077582
 20
-74.33760650005341
 10
60.3724169921875
 20
-74.23710234375
 10
60.21970828661917
 20
-74.14006472187044
 10
60.068517962265
 20
-74.04645062408447
 10
59.91881961731911
 20
-73.95621704006194
 10
59.77058684997559
 20
-73.86932095947265
 10
59.62379325842857
 20
-73.78571937198639
 10
59.47841244087218
 20
-73.70536926727294
 10
59.33441799550057
 20
-73.62822763500216
 10
59.19178352050779
 20
-73.55425146484377
 10
59.05048261408806
 20
-73.48339774646759
 10
58.91048887443544
 20
-73.41562346954346
 10
58.77177589974404
 20
-73.35088562374116
 10
58.63431728820799
 20
-73.28914119873044
 10
58.49808663802146
 20
-73.2303471841812
 10
58.36305754737855
 20
-73.17446056976319
 10
58.22920361447334
 20
-73.12143834514618
 10
58.0964984375
 20
-73.07123750000002
 10
57.96491561465263
 20
-73.02381502399446
 10
57.83442874412537
 20
-72.97912790679932
 10
57.70501142411232
 20
-72.93713313808442
 10
57.5766372528076
 20
-72.89778770751953
 10
57.44927982840538
 20
-72.86104860477447
 10
57.32291274909972
 20
-72.82687281951904
 10
57.19750961308479
 20
-72.79521734142304
 10
57.07304401855467
 20
-72.76603916015625
 10
56.94948956370353
 20
-72.73929526538849
 10
56.82681984672546
 20
-72.71494264678955
 10
56.70500846581459
 20
-72.69293829402925
 10
56.58402901916503
 20
-72.67323919677735
 10
56.46385510497093
 20
-72.65580234470367
 10
56.34446032142639
 20
-72.64058472747803
 10
56.22581826672554
 20
-72.62754333477021
 10
56.1079025390625
 20
-72.61663515625
 10
55.87414445762634
 20
-72.60104640045167
 10
55.6429748626709
 20
-72.59347437744141
 10
55.41418253974915
 20
-72.59357500457763
 10
55.18755627441406
 20
-72.60100419921875
 10
54.96288485221864
 20
-72.61541787872315
 10
54.73995705871582
 20
-72.6364719604492
 10
54.51856167945861
 20
-72.66382236175537
 10
54.29848749999999
 20
-72.697125
 10
54.07952330589293
 20
-72.7360357925415
 10
53.86145788269043
 20
-72.7802106567383
 10
53.64408001594543
 20
-72.82930550994873
 10
53.42717849121093
 20
-72.88297626953127
 10
53.21054209403992
 20
-72.94087885284423
 10
52.99395960998535
 20
-73.00266917724609
 10
52.77721982460022
 20
-73.06800316009523
 10
52.5601115234375
 20
-73.13653671874999
 10
52.34242349205017
 20
-73.20792577056884
 10
52.12394451599121
 20
-73.28182623291016
 10
51.68376887207031
 20
-73.43578505859375
 10
50.78463281250001
 20
-73.75869999999998
 10
50.32229296569823
 20
-73.922150793457
 10
49.84918562011719
 20
-74.08326025390625
 10
49.60806609916687
 20
-74.16207677764892
 10
49.36362106018066
 20
-74.23927572021485
 10
49.11563928871155
 20
-74.3145129989624
 10
48.8639095703125
 20
-74.38744453125
 10
48.60822069053649
 20
-74.45772623443604
 10
48.34836143493652
 20
-74.5250140258789
 10
48.08412058906554
 20
-74.58896382293701
 10
47.81528693847656
 20
-74.64923154296875
 10
47.54164926872254
 20
-74.70547310333252
 10
47.26299636535645
 20
-74.75734442138672
 10
46.97911701393127
 20
-74.80450141448973
 10
46.6898
 20
-74.84659999999999
 10
47.02493715820311
 20
-74.5391063232422
 10
47.353716015625
 20
-74.24349121093747
 10
47.67768139648437
 20
-73.96017229003907
 10
47.83834179077147
 20
-73.82325440979002
 10
47.998378125
 20
-73.6895671875
 10
48.15798350219726
 20
-73.5591628265381
 10
48.31735102539061
 20
-73.43209353027344
 10
48.47667379760743
 20
-73.30841150207518
 10
48.63614492187499
 20
-73.18816894531249
 10
48.79595750122071
 20
-73.07141806335448
 10
48.95630463867187
 20
-72.95821105957031
 10
49.11737943725586
 20
-72.84860013732909
 10
49.27937499999998
 20
-72.7426375
 10
49.44248442993163
 20
-72.64037535095214
 10
49.60690083007811
 20
-72.54186589355469
 10
49.77281730346678
 20
-72.44716133117677
 10
49.940426953125
 20
-72.3563138671875
 10
50.10992288208008
 20
-72.26937570495604
 10
50.28149819335936
 20
-72.18639904785156
 10
50.45534598999024
 20
-72.10743609924316
 10
50.63165937499999
 20
-72.03253906250001
 10
50.81063145141601
 20
-71.96176014099122
 10
50.99245532226563
 20
-71.89515153808594
 10
51.17732409057617
 20
-71.83276545715331
 10
51.365430859375
 20
-71.77465410156248
 10
51.55696873168946
 20
-71.7208696746826
 10
51.75213081054686
 20
-71.6714643798828
 10
51.9511101989746
 20
-71.62649042053222
 10
52.1541
 20
-71.58599999999999
 10
51.9511101989746
 20
-71.54549056091309
 10
51.75213081054686
 20
-71.50049714355468
 10
51.55696873168946
 20
-71.4510720977783
 10
51.365430859375
 20
-71.3972677734375
 10
51.17732409057617
 20
-71.33913652038575
 10
50.99245532226563
 20
-71.27673068847656
 10
50.81063145141601
 20
-71.21010262756347
 10
50.63165937499999
 20
-71.13930468749998
 10
50.45534598999024
 20
-71.06438921813964
 10
50.28149819335936
 20
-70.98540856933595
 10
50.10992288208008
 20
-70.90241509094237
 10
49.94042695312501
 20
-70.8154611328125
 10
49.77281730346678
 20
-70.72459904479981
 10
49.60690083007811
 20
-70.62988117675779
 10
49.44248442993163
 20
-70.53135987854004
 10
49.27937500000001
 20
-70.42908750000002
 10
49.11737943725586
 20
-70.3231163909912
 10
48.95630463867187
 20
-70.21349890136718
 10
48.79595750122071
 20
-70.10028738098144
 10
48.63614492187499
 20
-69.9835341796875
 10
48.47667379760743
 20
-69.86329164733887
 10
48.31735102539061
 20
-69.73961213378906
 10
48.15798350219726
 20
-69.61254798889161
 10
47.998378125
 20
-69.4821515625
 10
47.83834179077147
 20
-69.34847520446777
 10
47.67768139648437
 20
-69.21157126464844
 10
47.353716015625
 20
-68.9282900390625
 10
47.02493715820311
 20
-68.63272668457032
 10
46.6898
 20
-68.3253
 10
46.97911701393127
 20
-68.36738495826722
 10
47.26299636535642
 20
-68.41452917785644
 10
47.54164926872253
 20
-68.46638855094909
 10
47.81528693847654
 20
-68.52261896972656
 10
48.08412058906554
 20
-68.58287632637024
 10
48.34836143493652
 20
-68.64681651306153
 10
48.60822069053649
 20
-68.71409542198181
 10
48.86390957031249
 20
-68.78436894531249
 10
49.11563928871155
 20
-68.85729297523496
 10
49.36362106018066
 20
-68.93252340393066
 10
49.60806609916686
 20
-69.00971612358093
 10
49.84918562011717
 20
-69.08852702636719
 10
50.32229296569822
 20
-69.24962695007323
 10
50.78463281249999
 20
-69.4130703125
 10
51.68376887207029
 20
-69.73597590332032
 10
52.12394451599121
 20
-69.88993240661621
 10
52.34242349205017
 20
-69.96383220787047
 10
52.5601115234375
 20
-70.0352208984375
 10
52.77721982460022
 20
-70.10375437049865
 10
52.99395960998535
 20
-70.16908851623535
 10
53.21054209403992
 20
-70.23087922782898
 10
53.42717849121093
 20
-70.28878239746093
 10
53.64408001594543
 20
-70.34245391731261
 10
53.86145788269043
 20
-70.39154967956545
 10
54.07952330589293
 20
-70.43572557640077
 10
54.29848749999999
 20
-70.47463749999998
 10
54.51856167945862
 20
-70.50794134254457
 10
54.73995705871582
 20
-70.53529299621583
 10
54.96288485221862
 20
-70.5563483531952
 10
55.18755627441406
 20
-70.57076330566406
 10
55.41418253974915
 20
-70.57819374580382
 10
55.64297486267089
 20
-70.57829556579591
 10
55.87414445762634
 20
-70.57072465782166
 10
56.1079025390625
 20
-70.5551369140625
 10
56.22581826672554
 20
-70.54422919507027
 10
56.34446032142638
 20
-70.53118822669985
 10
56.46385510497093
 20
-70.51597099547386
 10
56.58402901916503
 20
-70.49853448791505
 10
56.70500846581459
 20
-70.47883569054604
 10
56.82681984672546
 20
-70.45683158988952
 10
56.94948956370353
 20
-70.43247917246819
 10
57.07304401855467
 20
-70.40573542480469
 10
57.19750961308479
 20
-70.3765573334217
 10
57.32291274909972
 20
-70.34490188484191
 10
57.44927982840537
 20
-70.310726065588
 10
57.5766372528076
 20
-70.27398686218261
 10
57.70501142411233
 20
-70.23464126114845
 10
57.83442874412536
 20
-70.19264624900817
 10
57.96491561465263
 20
-70.14795881228447
 10
58.0964984375
 20
-70.1005359375
 10
58.22920361447334
 20
-70.05033461117744
 10
58.36305754737855
 20
-69.99731181983946
 10
58.49808663802146
 20
-69.94142455000876
 10
58.63431728820799
 20
-69.88262978820799
 10
58.77177589974404
 20
-69.82088452095985
 10
58.91048887443544
 20
-69.75614573478698
 10
59.05048261408804
 20
-69.68837041621208
 10
59.19178352050779
 20
-69.61751555175779
 10
59.33441799550057
 20
-69.54353812794686
 10
59.47841244087218
 20
-69.46639513130188
 10
59.62379325842857
 20
-69.38604354834557
 10
59.77058684997559
 20
-69.30244036560056
 10
59.91881961731909
 20
-69.21554256958962
 10
60.068517962265
 20
-69.12530714683533
 10
60.21970828661919
 20
-69.03169108386039
 10
60.3724169921875
 20
-68.9346513671875
 10
60.52667048077582
 20
-68.8341449833393
 10
60.68249515419006
 20
-68.7301289188385
 10
60.83991741423606
 20
-68.62256016020776
 10
60.99896366271972
 20
-68.51139569396972
 10
61.1596603014469
 20
-68.39659250664709
 10
61.3220337322235
 20
-68.27810758476258
 10
61.65191657714844
 20
-68.02992048339842
 10
61.98882341194152
 20
-67.76649028205871
 10
62.33296545104979
 20
-67.48747287292481
 10
62.68455390892029
 20
-67.19252414817808
 10
63.0438
 20
-66.8813
  0
LWPOLYLINE
  5
6C
330
262D
100
AcDbEntity
  8
LAYER_1
100
AcDbPolyline
 90
      252
 70
     1
 43
0.0
 10
27.82090000093893
 20
-82.18129999992095
 10
27.87062854804994
 20
-82.28559432601928
 10
27.92224137268068
 20
-82.3879087097168
 10
27.97571361961365
 20
-82.48826213455199
 10
28.03102043457032
 20
-82.58667358398435
 10
28.0881369632721
 20
-82.68316204147337
 10
28.14703835144043
 20
-82.77774649047849
 10
28.20769974479676
 20
-82.87044591445919
 10
28.2700962890625
 20
-82.96127929687498
 10
28.33420312995911
 20
-83.05026562118529
 10
28.39999541320802
 20
-83.13742387084962
 10
28.46744828453064
 20
-83.22277302932739
 10
28.53653688964844
 20
-83.30633208007808
 10
28.60723637428284
 20
-83.38812000656128
 10
28.67952188415527
 20
-83.4681557922363
 10
28.75336856498718
 20
-83.54645842056273
 10
28.8287515625
 20
-83.62304687499998
 10
28.90564602241516
 20
-83.69794013900756
 10
28.9840270904541
 20
-83.77115719604493
 10
29.06386991233826
 20
-83.84271702957153
 10
29.14514963378906
 20
-83.91263862304688
 10
29.22784140052795
 20
-83.98094095993043
 10
29.31192035827637
 20
-84.04764302368162
 10
29.39736165275574
 20
-84.11276379775999
 10
29.4841404296875
 20
-84.17632226562501
 10
29.66161101379395
 20
-84.29882821655274
 10
29.84413327636719
 20
-84.41531274414062
 10
30.03150838317871
 20
-84.52592771606443
 10
30.2235375
 20
-84.630825
 10
30.42002179260254
 20
-84.73015646362304
 10
30.62076242675781
 20
-84.82407397460937
 10
30.82556056823731
 20
-84.91272940063476
 10
31.0342173828125
 20
-84.99627460937498
 10
31.24653403625489
 20
-85.07486146850586
 10
31.46231169433594
 20
-85.14864184570312
 10
31.68135152282715
 20
-85.21776760864256
 10
31.90345468750001
 20
-85.282390625
 10
32.12842235412597
 20
-85.34266276245118
 10
32.35605568847656
 20
-85.39873588867187
 10
32.58615585632324
 20
-85.45076187133789
 10
32.8185240234375
 20
-85.498892578125
 10
33.05296135559082
 20
-85.54327987670898
 10
33.28926901855469
 20
-85.58407563476562
 10
33.52724817810059
 20
-85.62143171997071
 10
33.7667
 20
-85.65549999999999
 10
34.09614296874999
 20
-85.69699062499999
 10
34.42747031250001
 20
-85.732996875
 10
34.7601734375
 20
-85.76390781250003
 10
35.09374375
 20
-85.7901125
 10
35.42767265625001
 20
-85.81200000000002
 10
35.7614515625
 20
-85.82995937499999
 10
36.094571875
 20
-85.8443796875
 10
36.42652500000001
 20
-85.85565000000002
 10
36.75680234375001
 20
-85.86415937499999
 10
37.08489531250001
 20
-85.87029687500002
 10
37.73249375000001
 20
-85.8770125
 10
38.9791
 20
-85.87909999999999
 10
44.84329999999999
 20
-85.88089999999999
 10
48.6041
 20
-85.88309999999999
 10
48.41339461364746
 20
-85.85931234741211
 10
48.22271198730469
 20
-85.82982026367188
 10
48.03222429504394
 20
-85.79440193481445
 10
47.8421037109375
 20
-85.75283554687498
 10
47.65252240905762
 20
-85.70489928588868
 10
47.46365256347656
 20
-85.65037133789061
 10
47.2756663482666
 20
-85.58902988891601
 10
47.08873593749999
 20
-85.52065312499999
 10
46.90303350524903
 20
-85.44501923217772
 10
46.71873122558594
 20
-85.3619063964844
 10
46.536001272583
 20
-85.2710928039551
 10
46.3550158203125
 20
-85.172356640625
 10
46.26523108634949
 20
-85.11994827804565
 10
46.17594704284668
 20
-85.0654760925293
 10
46.08718521156311
 20
-85.00891235733034
 10
45.99896711425782
 20
-84.95022934570313
 10
45.91131427268982
 20
-84.88939933090211
 10
45.82424820861817
 20
-84.82639458618166
 10
45.73779044380187
 20
-84.76118738479616
 10
45.6519625
 20
-84.69375000000002
 10
45.56678589897156
 20
-84.6240547050476
 10
45.4822821624756
 20
-84.55207377319336
 10
45.39847281227111
 20
-84.47777947769166
 10
45.31537937011718
 20
-84.40114409179688
 10
45.23302335777281
 20
-84.32213988876343
 10
45.15142629699707
 20
-84.24073914184571
 10
45.07060970954895
 20
-84.1569141242981
 10
44.9905951171875
 20
-84.07063710937499
 10
44.91140404167174
 20
-83.98188037033081
 10
44.83305800476074
 20
-83.89061618041994
 10
44.75557852821349
 20
-83.79681681289673
 10
44.67898713378906
 20
-83.70045454101562
 10
44.60330534324646
 20
-83.60150163803101
 10
44.52855467834472
 20
-83.49993037719725
 10
44.4547566608429
 20
-83.3957130317688
 10
44.3819328125
 20
-83.28882187500003
 10
44.31010465507507
 20
-83.17922918014527
 10
44.23929371032714
 20
-83.06690722045898
 10
44.16952150001526
 20
-82.95182826919555
 10
44.10080954589843
 20
-82.83396459960938
 10
44.03317936973571
 20
-82.71328848495484
 10
43.96665249328613
 20
-82.58977219848635
 10
43.9012504383087
 20
-82.46338801345826
 10
43.8369947265625
 20
-82.33410820312501
 10
43.77390687980653
 20
-82.20190504074096
 10
43.71200841979979
 20
-82.06675079956054
 10
43.6513208683014
 20
-81.92861775283814
 10
43.59186574707032
 20
-81.78747817382811
 10
43.5336645778656
 20
-81.64330433578491
 10
43.47673888244627
 20
-81.49606851196288
 10
43.4211101825714
 20
-81.34574297561647
 10
43.3668
 20
-81.19229999999999
 10
43.38330967178346
 20
-81.20064113082886
 10
43.39505510864258
 20
-81.21361098022463
 10
43.40211719284056
 20
-81.23101673355103
 10
43.40457680664061
 20
-81.25266557617187
 10
43.4025148323059
 20
-81.27836469345094
 10
43.39601215209961
 20
-81.30792127075194
 10
43.38514964828492
 20
-81.34114249343872
 10
43.370008203125
 20
-81.37783554687498
 10
43.35066869888307
 20
-81.41780761642456
 10
43.32721201782225
 20
-81.46086588745118
 10
43.26827065429688
 20
-81.55546977539062
 10
43.1938311706543
 20
-81.66010469360353
 10
43.10454062499999
 20
-81.77322812500001
 10
43.00104607543945
 20
-81.89329755249024
 10
42.88399458007812
 20
-82.01877045898438
 10
42.75403319702149
 20
-82.14810432739255
 10
42.611808984375
 20
-82.27975664062503
 10
42.45796900024413
 20
-82.41218488159182
 10
42.29316030273436
 20
-82.54384653320313
 10
42.20684489212035
 20
-82.60890785140992
 10
42.11802994995116
 20
-82.67319907836913
 10
42.02679635848999
 20
-82.73652739944457
 10
41.93322499999999
 20
-82.79870000000002
 10
41.83739675674438
 20
-82.85952406539918
 10
41.73939251098632
 20
-82.91880678100588
 10
41.63929314498901
 20
-82.97635533218384
 10
41.53717954101563
 20
-83.03197690429687
 10
41.43313258132935
 20
-83.08547868270872
 10
41.32723314819336
 20
-83.1366678527832
 10
41.21956212387084
 20
-83.18535159988403
 10
41.110200390625
 20
-83.23133710937501
 10
40.99922883071899
 20
-83.27443156661987
 10
40.886728326416
 20
-83.31444215698242
 10
40.77277975997925
 20
-83.35117606582642
 10
40.65746401367188
 20
-83.38444047851563
 10
40.54086196975706
 20
-83.4140425804138
 10
40.42305451049805
 20
-83.43978955688475
 10
40.30412251815796
 20
-83.46148859329224
 10
40.184146875
 20
-83.478946875
 10
40.06320846328735
 20
-83.49197158737181
 10
39.9413881652832
 20
-83.50036991577148
 10
39.81876686325075
 20
-83.50394904556274
 10
39.69542543945313
 20
-83.50251616210938
 10
39.57144477615357
 20
-83.49587845077515
 10
39.44690575561525
 20
-83.48384309692383
 10
39.32188926010133
 20
-83.46621728591919
 10
39.19647617187501
 20
-83.44280820312503
 10
39.07074737319946
 20
-83.41342303390502
 10
38.94478374633789
 20
-83.37786896362304
 10
38.81866617355347
 20
-83.33595317764281
 10
38.69247553710937
 20
-83.28748286132812
 10
38.56629271926879
 20
-83.23226520004272
 10
38.4401986022949
 20
-83.17010737915037
 10
38.31427406845093
 20
-83.10081658401488
 10
38.1886
 20
-83.02419999999999
 10
38.1956
 20
-83.02989999999999
 10
38.16822444458008
 20
-83.03330441970823
 10
38.13634291992187
 20
-83.03991729125977
 10
38.0595390625
 20
-83.0618098144531
 10
37.96614262695314
 20
-83.09366041870115
 10
37.8571078125
 20
-83.133551953125
 10
37.59593984375
 20
-83.22978920898441
 10
37.44571508789061
 20
-83.28230062866209
 10
37.28366875
 20
-83.335184375
 10
37.11075502929688
 20
-83.38652329711914
 10
36.92792812500001
 20
-83.43440024414062
 10
36.83309541625977
 20
-83.45644136734009
 10
36.73614223632811
 20
-83.47689806518555
 10
36.63718786010742
 20
-83.49553069381714
 10
36.53635156249999
 20
-83.51209960937501
 10
36.43375261840821
 20
-83.52636516799927
 10
36.32951030273436
 20
-83.53808772583008
 10
36.22374389038085
 20
-83.54702763900755
 10
36.11657265625
 20
-83.55294526367186
 10
36.00811587524415
 20
-83.55560095596313
 10
35.89849282226564
 20
-83.55475507202148
 10
35.7878227722168
 20
-83.55016796798706
 10
35.67622500000001
 20
-83.54159999999998
 10
35.56381878051758
 20
-83.52881152420044
 10
35.45072338867187
 20
-83.51156289672852
 10
35.33705809936524
 20
-83.48961447372436
 10
35.2229421875
 20
-83.46272661132813
 10
35.10849492797852
 20
-83.43065966567994
 10
34.99383559570313
 20
-83.39317399291994
 10
34.87908346557618
 20
-83.35002994918822
 10
34.76435781250001
 20
-83.300987890625
 10
34.64977791137695
 20
-83.24580817337036
 10
34.53546303710938
 20
-83.18425115356445
 10
34.42153246459961
 20
-83.11607718734739
 10
34.30810546875
 20
-83.04104663085936
 10
34.19530132446289
 20
-82.95891984024049
 10
34.08323930664062
 20
-82.86945717163085
 10
33.97203869018554
 20
-82.77241898117067
 10
33.86181875
 20
-82.66756562499999
 10
33.75269876098633
 20
-82.55465745925903
 10
33.64479799804688
 20
-82.4334548400879
 10
33.53823573608399
 20
-82.30371812362669
 10
33.43313125
 20
-82.16520766601561
 10
33.32960381469726
 20
-82.01768382339478
 10
33.22777270507812
 20
-81.86090695190429
 10
33.12775719604493
 20
-81.69463740768431
 10
33.02967656249999
 20
-81.51863554687498
 10
32.9336500793457
 20
-81.33266172561645
 10
32.83979702148438
 20
-81.13647630004882
 10
32.74823666381836
 20
-80.92983962631226
 10
32.65908828125
 20
-80.71251206054688
 10
32.57247114868164
 20
-80.4842539588928
 10
32.48850454101563
 20
-80.24482567749023
 10
32.4073077331543
 20
-79.99398757247924
 10
32.329
 20
-79.7315
 10
32.22118642888834
 20
-79.85498963311744
 10
32.10775314953019
 20
-79.97655378405912
 10
31.98904881304804
 20
-80.09608220502249
 10
31.86542207056444
 20
-80.21346464820496
 10
31.73722157320191
 20
-80.32859086580396
 10
31.60479597208295
 20
-80.44135061001695
 10
31.46849391833011
 20
-80.55163363304131
 10
31.32866406306591
 20
-80.65932968707453
 10
31.18565505741287
 20
-80.764328524314
 10
31.0398155524935
 20
-80.86651989695718
 10
30.89149419943035
 20
-80.96579355720148
 10
30.74103964934594
 20
-81.06203925724431
 10
30.58880055336276
 20
-81.15514674928318
 10
30.43512556260337
 20
-81.24500578551545
 10
30.28036332819029
 20
-81.33150611813853
 10
30.12486250124603
 20
-81.41453749934992
 10
29.96897173289313
 20
-81.49398968134702
 10
29.81303967425409
 20
-81.56975241632727
 10
29.65741497645146
 20
-81.64171545648807
 10
29.50244629060775
 20
-81.70976855402686
 10
29.34848226784549
 20
-81.77380146114114
 10
29.19587155928718
 20
-81.83370393002826
 10
29.04496281605539
 20
-81.88936571288566
 10
28.8961046892726
 20
-81.9406765619108
 10
28.74964583006136
 20
-81.98752622930113
 10
28.60593488954418
 20
-82.02980446725403
 10
28.46532051884361
 20
-82.06740102796691
 10
28.32815136908212
 20
-82.10020566363729
 10
28.19477609138229
 20
-82.12810812646255
 10
28.06554333686662
 20
-82.15099816864009
 10
27.94080175665763
 20
-82.16876554236741
  0
LWPOLYLINE
  5
6D
330
262D
100
AcDbEntity
  8
LAYER_1
100
AcDbPolyline
 90
       81
 70
     1
 43
0.0
 10
50.23960000071386
 20
-85.88369999992915
 10
62.9187
 20
-85.889
 10
62.85450188903808
 20
-85.80007738342287
 10
62.77993464355469
 20
-85.70274445800782
 10
62.69473889465332
 20
-85.59816923522948
 10
62.5986552734375
 20
-85.48751972656253
 10
62.49142441101074
 20
-85.37196394348143
 10
62.37278693847657
 20
-85.25266989746096
 10
62.24248348693848
 20
-85.13080559997559
 10
62.1002546875
 20
-85.0075390625
 10
61.94584117126464
 20
-84.88403829650881
 10
61.86398409156799
 20
-84.82256508140563
 10
61.77898356933593
 20
-84.76147131347657
 10
61.69080718345639
 20
-84.70090299415586
 10
61.59942251281738
 20
-84.64100612487793
 10
61.50479713630676
 20
-84.58192670707703
 10
61.4068986328125
 20
-84.52381074218749
 10
61.30569458122253
 20
-84.46680423164366
 10
61.20115256042479
 20
-84.41105317687988
 10
61.09324014930725
 20
-84.35670357933043
 10
60.98192492675782
 20
-84.30390144042968
 10
60.86717447166442
 20
-84.25279276161194
 10
60.74895636291504
 20
-84.2035235443115
 10
60.62723817939757
 20
-84.15623978996277
 10
60.50198749999999
 20
-84.1110875
 10
60.37317190361022
 20
-84.06821267585753
 10
60.24075896911622
 20
-84.02776131896974
 10
60.10471627540589
 20
-83.98987943077086
 10
59.96501140136718
 20
-83.9547130126953
 10
59.82161192588806
 20
-83.92240806617738
 10
59.67448542785645
 20
-83.89311059265137
 10
59.52359948616027
 20
-83.86696659355164
 10
59.3689216796875
 20
-83.84412207031251
 10
59.21041958732605
 20
-83.82472302436829
 10
59.04806078796386
 20
-83.8089154571533
 10
58.88181286048889
 20
-83.79684537010193
 10
58.71164338378906
 20
-83.78865876464846
 10
58.53751993675231
 20
-83.78450164222718
 10
58.3594100982666
 20
-83.78452000427246
 10
58.17728144721985
 20
-83.78885985221861
 10
57.9911015625
 20
-83.7976671875
 10
57.800838022995
 20
-83.81108801155091
 10
57.60645840759278
 20
-83.82926832580565
 10
57.40793029518127
 20
-83.85235413169858
 10
57.20522126464843
 20
-83.88049143066403
 10
56.99829889488221
 20
-83.91382622413635
 10
56.78713076477049
 20
-83.9525045135498
 10
56.57168445320128
 20
-83.99667230033873
 10
56.3519275390625
 20
-84.04647558593749
 10
56.12782760124208
 20
-84.1020603717804
 10
55.89935221862793
 20
-84.16357265930177
 10
55.66646897010803
 20
-84.23115844993592
 10
55.42914543457032
 20
-84.30496374511719
 10
55.18734919090272
 20
-84.3851345462799
 10
54.94104781799317
 20
-84.47181685485841
 10
54.69020889472961
 20
-84.56515667228698
 10
54.4348
 20
-84.6653
 10
54.44252253723112
 20
-84.6545755432143
 10
54.44184172477853
 20
-84.65192290268051
 10
54.43818459473067
 20
-84.65100981445319
 10
54.42209659119964
 20
-84.65420177611918
 10
54.39456894533902
 20
-84.66375039061492
 10
54.30643640143293
 20
-84.70031342770594
 10
54.17627031262028
 20
-84.75749062494687
 10
53.79977089870689
 20
-84.92085429676121
 10
53.55840427282189
 20
-85.02062416977599
 10
53.2849375004619
 20
-85.12817499982341
 10
52.98185393123478
 20
-85.24029848612409
 10
52.81998189454851
 20
-85.29707238137589
 10
52.65163691474842
 20
-85.3537863278988
 10
52.47712941053547
 20
-85.41003928809534
 10
52.29676980061068
 20
-85.46543022436814
 10
52.11086850367504
 20
-85.51955809911977
 10
51.91973593842949
 20
-85.57202187475279
 10
51.72368252357506
 20
-85.62242051366984
 10
51.52301867781271
 20
-85.67035297827349
 10
51.31805481984345
 20
-85.71541823096628
 10
51.10910136836825
 20
-85.75721523415085
 10
50.89646874208806
 20
-85.79534295022972
 10
50.68046735970393
 20
-85.82940034160555
 10
50.46140763991682
 20
-85.85898637068089
  0
LWPOLYLINE
  5
6E
330
262D
100
AcDbEntity
  8
LAYER_1
100
AcDbPolyline
 90
      144
 70
     1
 43
0.0
 10
38.57700000009304
 20
-73.14860000003145
 10
38.42701231689453
 20
-73.31371430969237
 10
38.27489306640625
 20
-73.48541604003905
 10
38.12137357177736
 20
-73.66351214294432
 10
37.96718515625
 20
-73.8478095703125
 10
37.8130591430664
 20
-74.03811527404783
 10
37.65972685546875
 20
-74.23423620605468
 10
37.50791961669922
 20
-74.4359793182373
 10
37.35836875
 20
-74.64315156249999
 10
37.21180557861329
 20
-74.85555989074706
 10
37.06896142578125
 20
-75.07301125488281
 10
36.9305676147461
 20
-75.2953126068115
 10
36.79735546875
 20
-75.52227089843753
 10
36.67005631103516
 20
-75.75369308166504
 10
36.60885264129639
 20
-75.87101780509948
 10
36.54940146484375
 20
-75.98938610839844
 10
36.49179419708253
 20
-76.10877386054991
 10
36.43612225341797
 20
-76.22915693054197
 10
36.38247704925538
 20
-76.35051118736265
 10
36.33095
 20
-76.4728125
 10
36.28163252105713
 20
-76.59603673744202
 10
36.23461602783204
 20
-76.72015976867676
 10
36.18999193572998
 20
-76.84515746269227
 10
36.14785166015625
 20
-76.97100568847656
 10
36.10828661651612
 20
-77.0976803150177
 10
36.07138822021485
 20
-77.2251572113037
 10
36.03724788665772
 20
-77.35341224632262
 10
36.00595703125
 20
-77.4824212890625
 10
35.97760706939697
 20
-77.61216020851136
 10
35.95228941650391
 20
-77.74260487365724
 10
35.93009548797609
 20
-77.87373115348817
 10
35.91111669921875
 20
-78.00551491699218
 10
35.89544446563721
 20
-78.13793203315736
 10
35.88317020263672
 20
-78.27095837097167
 10
35.87438532562255
 20
-78.40456979942324
 10
35.86918125
 20
-78.53874218749997
 10
35.86764939117432
 20
-78.67345140419006
 10
35.86988116455078
 20
-78.80867331848143
 10
35.87596798553467
 20
-78.94438379936218
 10
35.88600126953125
 20
-79.08055871582028
 10
35.90007243194579
 20
-79.21717393684388
 10
35.9182728881836
 20
-79.35420533142091
 10
35.9406940536499
 20
-79.49162876853944
 10
35.96742734375001
 20
-79.62942011718749
 10
35.99856417388916
 20
-79.76755524635314
 10
36.03419595947265
 20
-79.9060100250244
 10
36.07441411590575
 20
-80.04476032218933
 10
36.11931005859375
 20
-80.18378200683594
 10
36.16897520294189
 20
-80.32305094795226
 10
36.22350096435547
 20
-80.46254301452638
 10
36.28297875823975
 20
-80.60223407554627
 10
36.3475
 20
-80.74209999999998
 10
36.54866134414672
 20
-80.77617171020508
 10
36.74597610473632
 20
-80.80504692382813
 10
36.93950443649292
 20
-80.82881107788086
 10
37.12930649414062
 20
-80.847549609375
 10
37.31544243240357
 20
-80.86134795532226
 10
37.49797240600586
 20
-80.87029155273437
 10
37.67695656967163
 20
-80.87446583862305
 10
37.852455078125
 20
-80.87395625
 10
38.0245280860901
 20
-80.86884822387695
 10
38.19323574829102
 20
-80.85922719726562
 10
38.3586382194519
 20
-80.84517860717772
 10
38.52079565429689
 20
-80.826787890625
 10
38.67976820755004
 20
-80.80414048461914
 10
38.83561603393554
 20
-80.77732182617188
 10
38.98839928817749
 20
-80.74641735229494
 10
39.13817812500001
 20
-80.71151249999999
 10
39.28501269912718
 20
-80.6726927062988
 10
39.4289631652832
 20
-80.63004340820311
 10
39.57008967819213
 20
-80.58365004272458
 10
39.70845239257812
 20
-80.53359804687501
 10
39.84411146316528
 20
-80.47997285766602
 10
39.97712704467772
 20
-80.42285991210937
 10
40.1075592918396
 20
-80.3623446472168
 10
40.235468359375
 20
-80.2985125
 10
40.36091440200806
 20
-80.23144890747071
 10
40.48395757446288
 20
-80.16123930664063
 10
40.60465803146362
 20
-80.08796913452149
 10
40.72307592773436
 20
-80.011723828125
 10
40.83927141799925
 20
-79.93258882446287
 10
40.95330465698242
 20
-79.85064956054687
 10
41.06523579940795
 20
-79.76599147338866
 10
41.175125
 20
-79.67869999999997
 10
41.28303241348267
 20
-79.58886057739258
 10
41.38901819458006
 20
-79.49655864257812
 10
41.49314249801635
 20
-79.40187963256838
 10
41.59546547851563
 20
-79.30490898437501
 10
41.696047290802
 20
-79.20573213500976
 10
41.79494808959961
 20
-79.10443452148438
 10
41.89222802963256
 20
-79.00110158081057
 10
41.987947265625
 20
-78.89581875000001
 10
42.08216595230103
 20
-78.78867146606445
 10
42.17494424438477
 20
-78.67974516601562
 10
42.26634229660034
 20
-78.56912528686523
 10
42.35642026367187
 20
-78.456897265625
 10
42.53285656127929
 20
-78.22795854492188
 10
42.704734375
 20
-77.9936125
 10
42.87253494262696
 20
-77.75454262695312
 10
43.03673950195311
 20
-77.51143242187501
 10
43.19782929077147
 20
-77.26496538085938
 10
43.356285546875
 20
-77.01582499999997
 10
43.51258950805664
 20
-76.76469477539062
 10
43.66722241210936
 20
-76.512258203125
 10
43.97339999999999
 20
-76.00620000000001
 10
43.77295501674794
 20
-75.97222311478359
 10
43.57767851265033
 20
-75.93635200807135
 10
43.38749878131682
 20
-75.89866194078853
 10
43.20234411635706
 20
-75.85922817386036
 10
43.02214281138074
 20
-75.81812596821208
 10
42.84682315999752
 20
-75.77543058476895
 10
42.67631345581704
 20
-75.73121728445624
 10
42.51054199244899
 20
-75.68556132819916
 10
42.34943706350299
 20
-75.63853797692299
 10
42.19292696258874
 20
-75.59022249155295
 10
42.04093998331589
 20
-75.54069013301432
 10
41.8934044192941
 20
-75.49001616223229
 10
41.75024856413304
 20
-75.43827584013219
 10
41.61140071144238
 20
-75.38554442763919
 10
41.47678915483175
 20
-75.3318971856786
 10
41.34634218791084
 20
-75.27740937517563
 10
41.21998810428929
 20
-75.22215625705553
 10
41.09765519757679
 20
-75.16621309224357
 10
40.97927176138298
 20
-75.10965514166497
 10
40.86476608931755
 20
-75.052557666245
 10
40.75406647499013
 20
-74.9949959269089
 10
40.64710121201038
 20
-74.93704518458191
 10
40.44408691453259
 20
-74.82027773465627
 10
40.25514954576152
 20
-74.70285740387005
 10
40.07971545457439
 20
-74.58538627962529
 10
39.91721098984857
 20
-74.46846644932394
 10
39.76706250046131
 20
-74.35270000036796
 10
39.62869633528993
 20
-74.23868902015936
 10
39.50153884321172
 20
-74.12703559610008
 10
39.38501637310397
 20
-74.01834181559221
 10
39.27855527384398
 20
-73.91320976603761
 10
39.18158189430906
 20
-73.81224153483831
 10
39.0935225833765
 20
-73.7160392093963
 10
38.94185156282764
 20
-73.54034062539206
 10
38.72023769555933
 20
-73.27262617215819
 10
38.6785146334076
 20
-73.22664363427269
 10
38.64111643087662
 20
-73.19024370136033
 10
38.60746943684367
 20
-73.1640284608231
 10
38.59187337703812
 20
-73.15492825250823
  0
LWPOLYLINE
  5
6F
330
262D
100
AcDbEntity
  8
LAYER_1
100
AcDbPolyline
 90
      475
 70
     1
 43
0.0
 10
45.58280000046629
 20
-76.18930000003185
 10
45.48236889648436
 20
-76.36191381835937
 10
45.387596484375
 20
-76.538918359375
 10
45.29866411132811
 20
-76.72037075195311
 10
45.215753125
 20
-76.906328125
 10
45.13904487304688
 20
-77.09684760742188
 10
45.068720703125
 20
-77.29198632812501
 10
45.00496196289063
 20
-77.49180141601562
 10
44.94794999999999
 20
-77.69635
 10
44.89786616210936
 20
-77.90568920898436
 10
44.87547896118164
 20
-78.01217315063476
 10
44.854891796875
 20
-78.11987617187501
 10
44.83612733764649
 20
-78.22880541381834
 10
44.81920825195313
 20
-78.33896801757814
 10
44.80415720825194
 20
-78.45037112426758
 10
44.79099687499999
 20
-78.56302187500002
 10
44.77974992065429
 20
-78.67692741088866
 10
44.77043901367188
 20
-78.79209487304688
 10
44.76308682250977
 20
-78.90853140258787
 10
44.75771601562501
 20
-79.026244140625
 10
44.75434926147461
 20
-79.14524022827149
 10
44.75300922851563
 20
-79.26552680664062
 10
44.75371858520508
 20
-79.38711101684572
 10
44.7565
 20
-79.51
 10
44.76161864051818
 20
-79.62803842964172
 10
44.76988047180175
 20
-79.7454297027588
 10
44.78123342094421
 20
-79.86213779563904
 10
44.79562541503906
 20
-79.97812668457031
 10
44.81300438117981
 20
-80.09336034584045
 10
44.83331824645996
 20
-80.20780275573732
 10
44.85651493797302
 20
-80.32141789054872
 10
44.8825423828125
 20
-80.43416972656251
 10
44.91134850807189
 20
-80.54602224006654
 10
44.94288124084472
 20
-80.65693940734862
 10
44.9770885082245
 20
-80.76688520469664
 10
45.01391823730468
 20
-80.87582360839846
 10
45.05331835517885
 20
-80.98371859474182
 10
45.09523678894043
 20
-81.09053414001465
 10
45.13962146568299
 20
-81.19623422050477
 10
45.18642031249999
 20
-81.3007828125
 10
45.23558125648498
 20
-81.40414389228821
 10
45.28705222473145
 20
-81.50628143615723
 10
45.34078114433289
 20
-81.60715942039491
 10
45.39671594238281
 20
-81.70674182128905
 10
45.45480454597472
 20
-81.80499261512755
 10
45.51499488220215
 20
-81.90187577819825
 10
45.57723487815857
 20
-81.99735528678894
 10
45.64147246093749
 20
-82.09139511718751
 10
45.70765555763245
 20
-82.18395924568175
 10
45.77573209533691
 20
-82.27501164855956
 10
45.8456500011444
 20
-82.36451630210877
 10
45.91735720214844
 20
-82.45243718261718
 10
45.9908016254425
 20
-82.53873826637269
 10
46.06593119812012
 20
-82.6233835296631
 10
46.14269384727477
 20
-82.70633694877624
 10
46.2210375
 20
-82.7875625
 10
46.30091008338928
 20
-82.86702415962219
 10
46.38225952453613
 20
-82.94468590393064
 10
46.46503375053405
 20
-83.02051170921325
 10
46.54918068847655
 20
-83.0944655517578
 10
46.63464826545714
 20
-83.16651140785216
 10
46.72138440856934
 20
-83.23661325378417
 10
46.80933704490661
 20
-83.30473506584167
 10
46.8984541015625
 20
-83.3708408203125
 10
46.98868350563048
 20
-83.43489449348449
 10
47.07997318420409
 20
-83.49686006164549
 10
47.17227106437682
 20
-83.55670150108336
 10
47.26552507324218
 20
-83.61438278808593
 10
47.35968313789367
 20
-83.66986789894104
 10
47.45469318542479
 20
-83.72312080993653
 10
47.55050314292907
 20
-83.77410549736024
 10
47.64706093749999
 20
-83.82278593749999
 10
47.74431449623107
 20
-83.86912610664369
 10
47.84221174621581
 20
-83.91308998107909
 10
47.94070061454773
 20
-83.95464153709411
 10
48.03972902832031
 20
-83.99374475097655
 10
48.13924491462707
 20
-84.03036359901427
 10
48.23919620056152
 20
-84.06446205749512
 10
48.33953081321715
 20
-84.09600410270691
 10
48.4401966796875
 20
-84.12495371093751
 10
48.54114172706603
 20
-84.15127485847474
 10
48.64231388244629
 20
-84.17493152160643
 10
48.74366107292175
 20
-84.19588767662046
 10
48.84513122558593
 20
-84.21410729980468
 10
48.94667226753234
 20
-84.22955436744691
 10
49.04823212585449
 20
-84.24219285583495
 10
49.14975872764586
 20
-84.25198674125672
 10
49.25119999999999
 20
-84.2589
 10
49.3812285610199
 20
-84.2631238155365
 10
49.51183161315917
 20
-84.26186728210449
 10
49.64281021003722
 20
-84.25521967964172
 10
49.77396540527344
 20
-84.24327028808594
 10
49.90509825248718
 20
-84.22610838737488
 10
50.03600980529784
 20
-84.20382325744631
 10
50.16650111732483
 20
-84.17650417823791
 10
50.2963732421875
 20
-84.1442404296875
 10
50.42542723350525
 20
-84.1071212917328
 10
50.55346414489746
 20
-84.06523604431152
 10
50.68028502998352
 20
-84.01867396736145
 10
50.80569094238282
 20
-83.9675243408203
 10
50.92948293571472
 20
-83.91187644462585
 10
51.05146206359863
 20
-83.85181955871582
 10
51.17142937965393
 20
-83.78744296302796
 10
51.2891859375
 20
-83.71883593749997
 10
51.40453279075622
 20
-83.64608776206969
 10
51.51727099304199
 20
-83.56928771667481
 10
51.62720159797668
 20
-83.48852508125304
 10
51.73412565917969
 20
-83.40388913574219
 10
51.83784423027038
 20
-83.31546916007996
 10
51.93815836486817
 20
-83.2233544342041
 10
52.0348691165924
 20
-83.12763423805238
 10
52.1277775390625
 20
-83.02839785156249
 10
52.21668468589782
 20
-82.92573455467225
 10
52.30139161071777
 20
-82.81973362731935
 10
52.38169936714172
 20
-82.71048434944153
 10
52.45740900878907
 20
-82.59807600097657
 10
52.52832158927917
 20
-82.48259786186217
 10
52.59423816223144
 20
-82.36413921203613
 10
52.65495978126526
 20
-82.24278933143615
 10
52.7102875
 20
-82.11863750000002
 10
52.76002237205505
 20
-81.99177299766541
 10
52.80396545104981
 20
-81.86228510437013
 10
52.84191779060364
 20
-81.73026310005189
 10
52.87368044433594
 20
-81.59579626464845
 10
52.8990544658661
 20
-81.45897387809753
 10
52.91784090881346
 20
-81.3198852203369
 10
52.92984082679748
 20
-81.17861957130431
 10
52.9348552734375
 20
-81.03526621093752
 10
52.93268530235289
 20
-80.8899144191742
 10
52.92313196716309
 20
-80.74265347595215
 10
52.90599632148743
 20
-80.5935726612091
 10
52.88107941894531
 20
-80.44276125488282
 10
52.84818231315611
 20
-80.29030853691102
 10
52.80710605773925
 20
-80.13630378723144
 10
52.7576517063141
 20
-79.98083628578186
 10
52.6996203125
 20
-79.8239953125
 10
52.63281292991639
 20
-79.66587014732358
 10
52.55703061218261
 20
-79.50655007019041
 10
52.47207441291809
 20
-79.34612436103819
 10
52.37774538574218
 20
-79.18468229980469
 10
52.2738445842743
 20
-79.02231316642761
 10
52.16017306213379
 20
-78.85910624084471
 10
52.03653187294007
 20
-78.69515080299376
 10
51.90272207031249
 20
-78.53053613281248
 10
51.75854470787047
 20
-78.36535151023864
 10
51.60380083923341
 20
-78.19968621520995
 10
51.43829151802062
 20
-78.03362952766419
 10
51.26181779785156
 20
-77.86727072753904
 10
51.07418073234558
 20
-77.70069909477233
 10
50.87518137512207
 20
-77.53400390930178
 10
50.66462077980041
 20
-77.36727445106506
 10
50.4423
 20
-77.2006
 10
50.58197844238282
 20
-77.15057588806151
 10
50.72799980468751
 20
-77.10310827636718
 10
50.87992126464843
 20
-77.05873862609862
 10
51.0373
 20
-77.01800839843748
 10
51.19969318847657
 20
-76.98145905456543
 10
51.3666580078125
 20
-76.94963205566404
 10
51.53775163574219
 20
-76.92306886291503
 10
51.71253124999999
 20
-76.9023109375
 10
51.89055402832031
 20
-76.8878997406006
 10
52.07137714843749
 20
-76.88037673339843
 10
52.25455778808592
 20
-76.88028337707518
 10
52.34689379577637
 20
-76.88319202461244
 10
52.439653125
 20
-76.8881611328125
 10
52.53278042297363
 20
-76.89525838432313
 10
52.62622033691406
 20
-76.904551461792
 10
52.71991751403807
 20
-76.91610804786683
 10
52.8138166015625
 20
-76.9299958251953
 10
52.90786224670409
 20
-76.94628247642516
 10
53.00199909667967
 20
-76.96503568420411
 10
53.09617179870604
 20
-76.98632313117982
 10
53.19032499999998
 20
-77.0102125
 10
53.28440334777832
 20
-77.03677147331238
 10
53.37835148925781
 20
-77.06606773376465
 10
53.47211407165527
 20
-77.09816896400451
 10
53.5656357421875
 20
-77.13314284667969
 10
53.65886114807128
 20
-77.17105706443788
 10
53.75173493652343
 20
-77.21197929992675
 10
53.84420175476074
 20
-77.25597723579408
 10
53.93620625
 20
-77.3031185546875
 10
54.02769306945799
 20
-77.35347093925478
 10
54.11860686035156
 20
-77.40710207214355
 10
54.20889226989746
 20
-77.4640796360016
 10
54.2984939453125
 20
-77.52447131347657
 10
54.38735653381346
 20
-77.58834478721619
 10
54.47542468261719
 20
-77.65576773986817
 10
54.56264303894042
 20
-77.72680785408019
 10
54.64895625
 20
-77.80153281249998
 10
54.73430896301269
 20
-77.88001029777527
 10
54.81864582519529
 20
-77.9623079925537
 10
54.90191148376464
 20
-78.04849357948305
 10
54.9840505859375
 20
-78.13863474121093
 10
55.06500777893066
 20
-78.23279916038514
 10
55.14472770996093
 20
-78.3310545196533
 10
55.22315502624511
 20
-78.43346850166319
 10
55.300234375
 20
-78.5401087890625
 10
55.37591040344238
 20
-78.6510430644989
 10
55.45012775878906
 20
-78.7663390106201
 10
55.52283108825683
 20
-78.88606431007385
 10
55.5939650390625
 20
-79.01028664550779
 10
55.66347425842284
 20
-79.1390736995697
 10
55.73130339355468
 20
-79.27249315490723
 10
55.7973970916748
 20
-79.4106126941681
 10
55.8617
 20
-79.5535
 10
55.89845864181518
 20
-79.41024009246826
 10
55.93823075561524
 20
-79.27073109130859
 10
55.98092624893189
 20
-79.13493376617431
 10
56.02645502929688
 20
-79.00280888671872
 10
56.07472700424193
 20
-78.8743172225952
 10
56.12565208129883
 20
-78.74941954345705
 10
56.17914016799925
 20
-78.62807661895752
 10
56.23510117187499
 20
-78.51024921874998
 10
56.29344500045777
 20
-78.3958981124878
 10
56.3540815612793
 20
-78.2849840698242
 10
56.41692076187134
 20
-78.17746786041259
 10
56.48187250976562
 20
-78.07331025390623
 10
56.5488467124939
 20
-77.97247201995848
 10
56.61775327758789
 20
-77.87491392822264
 10
56.68850211257936
 20
-77.78059674835205
 10
56.761003125
 20
-77.68948125
 10
56.83516622238159
 20
-77.60152820281982
 10
56.91090131225585
 20
-77.51669837646485
 10
56.98811830215454
 20
-77.43495254058839
 10
57.06672709960939
 20
-77.35625146484375
 10
57.14663761215211
 20
-77.28055591888427
 10
57.22775974731445
 20
-77.20782667236327
 10
57.31000341262818
 20
-77.13802449493408
 10
57.393278515625
 20
-77.07111015625
 10
57.47749496383668
 20
-77.00704442596435
 10
57.56256266479493
 20
-76.94578807373047
 10
57.6483915260315
 20
-76.88730186920166
 10
57.73489145507813
 20
-76.83154658203125
 10
57.82197235946656
 20
-76.77848298187256
 10
57.90954414672853
 20
-76.72807183837891
 10
57.99751672439576
 20
-76.68027392120361
 10
58.0858
 20
-76.63504999999998
 10
58.174303881073
 20
-76.59236084442139
 10
58.2629382751465
 20
-76.55216722412109
 10
58.3516130897522
 20
-76.51442990875245
 10
58.44023823242189
 20
-76.47910966796877
 10
58.52872361068726
 20
-76.44616727142333
 10
58.61697913208008
 20
-76.41556348876955
 10
58.70491470413208
 20
-76.38725908966065
 10
58.792440234375
 20
-76.36121484375
 10
58.96590079956054
 20
-76.31574989013675
 10
59.13664008789063
 20
-76.27885478515627
 10
59.30393735961914
 20
-76.25021568603516
 10
59.467071875
 20
-76.22951875
 10
59.62532289428711
 20
-76.21645013427734
 10
59.77796967773438
 20
-76.21069599609374
 10
59.92429148559571
 20
-76.2119424926758
 10
60.06356757812501
 20
-76.21987578125002
 10
60.19507721557617
 20
-76.23418201904295
 10
60.31809965820311
 20
-76.25454736328127
 10
60.43191416625977
 20
-76.28065797119143
 10
60.48514321365356
 20
-76.29576967315674
 10
60.5358
 20
-76.3122
 10
60.27042922363281
 20
-76.15692912597656
 10
60.0045447265625
 20
-76.0049408203125
 10
59.73822575683594
 20
-75.85644030761719
 10
59.4715515625
 20
-75.7116328125
 10
59.20460139160156
 20
-75.57072355957031
 10
58.93745449218751
 20
-75.43391777343749
 10
58.67019011230468
 20
-75.30142067871094
 10
58.40288750000001
 20
-75.17343749999998
 10
58.13562590332031
 20
-75.05017346191405
 10
57.86848457031251
 20
-74.93183378906249
 10
57.60154274902343
 20
-74.81862370605471
 10
57.33487968749999
 20
-74.71074843749999
 10
57.06857463378906
 20
-74.60841320800779
 10
56.8027068359375
 20
-74.51182324218748
 10
56.53735554199218
 20
-74.42118376464843
 10
56.27259999999999
 20
-74.33669999999999
 10
56.14661632552145
 20
-74.2992192729473
 10
56.02107308464049
 20
-74.26453748435974
 10
55.89599132618904
 20
-74.23262569184302
 10
55.77139209899903
 20
-74.20345495300293
 10
55.6472964519024
 20
-74.17699632544516
 10
55.5237254337311
 20
-74.15322086677551
 10
55.40070009331704
 20
-74.13209963459968
 10
55.27824147949218
 20
-74.11360368652343
 10
55.15637064108849
 20
-74.09770408015251
 10
55.03510862693786
 20
-74.08437187309266
 10
54.91447648587227
 20
-74.07357812294958
 10
54.79449526672363
 20
-74.06529388732909
 10
54.6751860183239
 20
-74.05949022383689
 10
54.556569789505
 20
-74.05613819007874
 10
54.43866762909887
 20
-74.05520884366033
 10
54.32150058593751
 20
-74.0566732421875
 10
54.20508970885277
 20
-74.06050244326592
 10
54.08945604667664
 20
-74.06666750450134
 10
53.97462064824104
 20
-74.07513948349951
 10
53.86060456237792
 20
-74.0858894378662
 10
53.74742883791924
 20
-74.09888842520714
 10
53.6351145236969
 20
-74.11410750312803
 10
53.52368266854286
 20
-74.1315177292347
 10
53.41315432128906
 20
-74.15109016113283
 10
53.30355053076743
 20
-74.17279585642813
 10
53.19489234580992
 20
-74.19660587272644
 10
53.08720081524848
 20
-74.22249126763344
 10
52.98049698791503
 20
-74.25042309875488
 10
52.87480191264154
 20
-74.28037242369651
 10
52.77013663825989
 20
-74.31231030006408
 10
52.66652221360207
 20
-74.34620778546332
 10
52.5639796875
 20
-74.3820359375
 10
52.46253010878563
 20
-74.41976581377983
 10
52.36219452629089
 20
-74.45936847190857
 10
52.26299398884773
 20
-74.50081496949197
 10
52.16494954528809
 20
-74.54407636413574
 10
52.0680822444439
 20
-74.58912371344564
 10
51.97241313514711
 20
-74.63592807502745
 10
51.87796326622964
 20
-74.68446050648688
 10
51.78475368652343
 20
-74.73469206542969
 10
51.69280544486047
 20
-74.78659380946159
 10
51.60213959007264
 20
-74.84013679618835
 10
51.5127771709919
 20
-74.8952920832157
 10
51.42473923645018
 20
-74.95203072814942
 10
51.33804683527946
 20
-75.0103237885952
 10
51.25272101631164
 20
-75.07014232215881
 10
51.16878282837866
 20
-75.131457386446
 10
51.0862533203125
 20
-75.19424003906248
 10
51.00515354094508
 20
-75.25846133761405
 10
50.92550453910829
 20
-75.32409233970639
 10
50.84732736363412
 20
-75.3911041029453
 10
50.7706430633545
 20
-75.45946768493651
 10
50.62183728370667
 20
-75.60013453559877
 10
50.47925559082031
 20
-75.74586135253906
 10
50.34306637535095
 20
-75.8964165966034
 10
50.2134380279541
 20
-76.0515687286377
 10
50.09053893928529
 20
-76.2110862094879
 10
50.03166548905374
 20
-76.29240959973334
 10
49.9745375
 20
-76.37473749999999
 10
49.91917602095604
 20
-76.45804096789359
 10
49.86560210075378
 20
-76.54229106101991
 10
49.81383678822517
 20
-76.62745883698464
 10
49.76390113220215
 20
-76.71351535339354
 10
49.71581618151666
 20
-76.80043166785238
 10
49.66960298500062
 20
-76.88817883796691
 10
49.62528259148598
 20
-76.97672792134283
 10
49.5828760498047
 20
-77.06604997558594
 10
49.54240440878869
 20
-77.15611605830192
 10
49.50388871726989
 20
-77.24689722709655
 10
49.46735002408027
 20
-77.33836453957557
 10
49.43280937805176
 20
-77.43048905334473
 10
49.40028782801628
 20
-77.52324182600975
 10
49.36980642280579
 20
-77.61659391517636
 10
49.34138621125221
 20
-77.7105163784504
 10
49.3150482421875
 20
-77.8049802734375
 10
49.2908135644436
 20
-77.89995665774343
 10
49.26870322685243
 20
-77.99541658897398
 10
49.24873827824592
 20
-78.09133112473486
 10
49.23093976745606
 20
-78.18767132263181
 10
49.21532874331474
 20
-78.28440824027059
 10
49.20192625465393
 20
-78.38151293525694
 10
49.19075335030557
 20
-78.47895646519659
 10
49.18183107910156
 20
-78.57670988769531
 10
49.17518048987389
 20
-78.6747442603588
 10
49.17082263145447
 20
-78.77303064079285
 10
49.16877855267525
 20
-78.87154008660319
 10
49.16906930236816
 20
-78.97024365539549
 10
49.17171592936515
 20
-79.06911240477559
 10
49.17673948249817
 20
-79.16811739234922
 10
49.18416101059913
 20
-79.26722967572209
 10
49.1940015625
 20
-79.36642031249999
 10
49.20628218703271
 20
-79.46566036028861
 10
49.22102393302917
 20
-79.56492087669371
 10
49.23824784932136
 20
-79.66417291932105
 10
49.25797498474121
 20
-79.76338754577638
 10
49.28022638812065
 20
-79.86253581366539
 10
49.30502310829163
 20
-79.96158878059389
 10
49.33238619408608
 20
-80.06051750416755
 10
49.36233669433594
 20
-80.15929304199218
 10
49.39489565787314
 20
-80.25788645167351
 10
49.43008413352965
 20
-80.35626879081723
 10
49.4679231701374
 20
-80.45441111702919
 10
49.50843381652831
 20
-80.55228448791501
 10
49.55163712153435
 20
-80.64985996108054
 10
49.59755413398742
 20
-80.74710859413144
 10
49.6462059027195
 20
-80.84400144467355
 10
49.6976134765625
 20
-80.94050957031249
 10
49.75179790434836
 20
-81.0366040286541
 10
49.80878023490906
 20
-81.1322558773041
 10
49.8685815170765
 20
-81.2274361738682
 10
49.93122279968261
 20
-81.32211597595214
 10
49.99672513155937
 20
-81.41626634116169
 10
50.06510956153868
 20
-81.50985832710265
 10
50.13639713845252
 20
-81.6028629913807
 10
50.21060891113283
 20
-81.69525139160155
 10
50.28776592841147
 20
-81.78699458537101
 10
50.36788923912049
 20
-81.8780636302948
 10
50.45099989209176
 20
-81.96842958397864
 10
50.53711893615723
 20
-82.05806350402831
 10
50.62626742014885
 20
-82.14693644804954
 10
50.71846639289858
 20
-82.23501947364807
 10
50.81373690323832
 20
-82.32228363842967
 10
50.9121
 20
-82.40869999999999
 10
50.73650624999999
 20
-82.41658125000002
 10
50.53363593749999
 20
-82.418571875
 10
50.40828046875
 20
-82.41678691406249
 10
50.26882499999999
 20
-82.41227499999999
 10
50.1166546875
 20
-82.40438105468747
 10
49.9531546875
 20
-82.39245
 10
49.77971015625
 20
-82.37582675781251
 10
49.59770625
 20
-82.35385624999997
 10
49.408528125
 20
-82.32588339843749
 10
49.21356093749999
 20
-82.29125312499999
 10
49.01418984375
 20
-82.24931035156251
 10
48.8118
 20
-82.19939999999999
 10
48.63000486450196
 20
-82.14825746765136
 10
48.44768696289063
 20
-82.09104724121095
 10
48.26579130249022
 20
-82.02750475158691
 10
48.085262890625
 20
-81.9573654296875
 10
47.90704673461914
 20
-81.8803647064209
 10
47.81910106735229
 20
-81.8392086414337
 10
47.73208784179688
 20
-81.7962380126953
 10
47.64612518386839
 20
-81.75141974906919
 10
47.56133121948243
 20
-81.70472077941894
 10
47.47782407455445
 20
-81.65610803260802
 10
47.39572187500001
 20
-81.6055484375
 10
47.31514274673462
 20
-81.55300892295837
 10
47.23620481567382
 20
-81.49845641784668
 10
47.15902620773316
 20
-81.44185785102843
 10
47.08372504882814
 20
-81.38318015136718
 10
47.01041946487428
 20
-81.32239024772644
 10
46.9392275817871
 20
-81.25945506896972
 10
46.87026752548217
 20
-81.19434154396056
 10
46.803657421875
 20
-81.1270166015625
 10
46.7395153968811
 20
-81.05744717063904
 10
46.677959576416
 20
-80.9856001800537
 10
46.61910808639524
 20
-80.91144255867005
 10
46.56307905273436
 20
-80.83494123535155
 10
46.50999060134886
 20
-80.75606313896178
 10
46.45996085815429
 20
-80.67477519836428
 10
46.41310794906617
 20
-80.59104434242248
 10
46.36954999999999
 20
-80.50483750000003
 10
46.32940513687134
 20
-80.41612159996033
 10
46.29279148559571
 20
-80.32486357116701
 10
46.25982717208863
 20
-80.23103034248356
 10
46.23063032226563
 20
-80.13458884277346
 10
46.20531906204224
 20
-80.03550600090028
 10
46.18401151733399
 20
-79.93374874572754
 10
46.16682581405639
 20
-79.82928400611879
 10
46.15388007812501
 20
-79.72207871093752
 10
46.14529243545532
 20
-79.61209978904726
 10
46.14118101196289
 20
-79.49931416931153
 10
46.14166393356324
 20
-79.38368878059389
 10
46.14685932617188
 20
-79.26519055175782
 10
46.15688531570436
 20
-79.14378641166688
 10
46.17186002807617
 20
-79.01944328918458
 10
46.19190158920289
 20
-78.89212811317445
 10
46.217128125
 20
-78.76180781250003
 10
46.24765776138304
 20
-78.62844931602478
 10
46.28360862426758
 20
-78.49201955261229
 10
46.32509883956909
 20
-78.35248545112609
 10
46.37224653320312
 20
-78.20981394042971
 10
46.4251698310852
 20
-78.06397194938661
 10
46.48398685913085
 20
-77.91492640686036
 10
46.5488157432556
 20
-77.76264424171448
 10
46.619774609375
 20
-77.6070923828125
 10
46.69698158340454
 20
-77.44823775901792
 10
46.78055479125977
 20
-77.28604729919435
 10
46.8706123588562
 20
-77.12048793220522
 10
46.96727241210936
 20
-76.95152658691405
 10
47.07065307693482
 20
-76.77913019218445
 10
47.18087247924804
 20
-76.60326567687988
 10
47.29804874496459
 20
-76.42389996986387
 10
47.4223
 20
-76.241
 10
47.17623105482154
 20
-76.24217050781251
 10
46.93486718776292
 20
-76.24100781250253
 10
46.69816035194926
 20
-76.23758808594496
 10
46.46606250050559
 20
-76.23198750001465
 10
46.23852558655699
 20
-76.22428222658651
 10
46.0155015632286
 20
-76.21454843753537
 10
45.79694238364542
 20
-76.20286230473616
  0
LWPOLYLINE
  5
70
330
262D
100
AcDbEntity
  8
LAYER_1
100
AcDbPolyline
 90
      252
 70
     1
 43
0.0
 10
27.82090000093893
 20
-60.99030000007883
 10
27.87062854804994
 20
-60.88600113220214
 10
27.92224137268068
 20
-60.78368249511719
 10
27.97571361961365
 20
-60.68332510070799
 10
28.03102043457032
 20
-60.5849099609375
 10
28.0881369632721
 20
-60.48841808776856
 10
28.14703835144043
 20
-60.39383049316406
 10
28.20769974479676
 20
-60.3011281890869
 10
28.2700962890625
 20
-60.2102921875
 10
28.33420312995911
 20
-60.1213035003662
 10
28.39999541320802
 20
-60.03414313964843
 10
28.46744828453064
 20
-59.94879211730957
 10
28.53653688964844
 20
-59.86523144531251
 10
28.60723637428284
 20
-59.7834421356201
 10
28.67952188415527
 20
-59.70340520019531
 10
28.75336856498718
 20
-59.62510165100097
 10
28.8287515625
 20
-59.5485125
 10
28.90564602241516
 20
-59.47361875915527
 10
28.9840270904541
 20
-59.40040144042967
 10
29.06386991233826
 20
-59.32884155578613
 10
29.14514963378906
 20
-59.2589201171875
 10
29.22784140052795
 20
-59.19061813659668
 10
29.31192035827637
 20
-59.12391662597656
 10
29.39736165275574
 20
-59.05879659729004
 10
29.4841404296875
 20
-58.99523906249999
 10
29.66161101379395
 20
-58.87273552246093
 10
29.84413327636719
 20
-58.75625410156249
 10
30.03150838317871
 20
-58.64564289550781
 10
30.2235375
 20
-58.54075
 10
30.42002179260254
 20
-58.44142351074219
 10
30.62076242675781
 20
-58.34751152343749
 10
30.82556056823731
 20
-58.25886213378907
 10
31.0342173828125
 20
-58.17532343749999
 10
31.24653403625489
 20
-58.09674353027343
 10
31.46231169433594
 20
-58.0229705078125
 10
31.68135152282715
 20
-57.95385246582031
 10
31.90345468750001
 20
-57.88923749999999
 10
32.12842235412597
 20
-57.82897370605468
 10
32.35605568847656
 20
-57.7729091796875
 10
32.58615585632324
 20
-57.72089201660158
 10
32.8185240234375
 20
-57.67277031249999
 10
33.05296135559082
 20
-57.62839216308592
 10
33.28926901855469
 20
-57.58760566406249
 10
33.52724817810059
 20
-57.55025891113281
 10
33.7667
 20
-57.51619999999999
 10
34.09614296874999
 20
-57.47467409667968
 10
34.42747031250001
 20
-57.43863652343748
 10
34.7601734375
 20
-57.40769748535157
 10
35.09374375
 20
-57.3814671875
 10
35.42767265625001
 20
-57.35955583496093
 10
35.7614515625
 20
-57.3415736328125
 10
36.094571875
 20
-57.32713078613281
 10
36.42652500000001
 20
-57.31583749999999
 10
36.75680234375001
 20
-57.30730397949219
 10
37.08489531250001
 20
-57.3011404296875
 10
37.73249375000001
 20
-57.29436406249998
 10
38.9791
 20
-57.2921
 10
44.84329999999999
 20
-57.28979999999999
 10
48.6041
 20
-57.2884
 10
48.41339461364746
 20
-57.31220579833985
 10
48.22271198730469
 20
-57.34171474609375
 10
48.03222429504394
 20
-57.37714854736328
 10
47.8421037109375
 20
-57.41872890625
 10
47.65252240905762
 20
-57.46667752685547
 10
47.46365256347656
 20
-57.52121611328126
 10
47.2756663482666
 20
-57.5825663696289
 10
47.08873593749999
 20
-57.65095000000001
 10
46.90303350524903
 20
-57.7265887084961
 10
46.71873122558594
 20
-57.80970419921874
 10
46.536001272583
 20
-57.90051817626952
 10
46.3550158203125
 20
-57.99925234375
 10
46.26523108634949
 20
-58.0516587814331
 10
46.17594704284668
 20
-58.10612840576172
 10
46.08718521156311
 20
-58.16268892974854
 10
45.99896711425782
 20
-58.22136806640624
 10
45.91131427268982
 20
-58.28219352874755
 10
45.82424820861817
 20
-58.34519302978516
 10
45.73779044380187
 20
-58.41039428253174
 10
45.6519625
 20
-58.477825
 10
45.56678589897156
 20
-58.54751289520264
 10
45.4822821624756
 20
-58.61948568115235
 10
45.39847281227111
 20
-58.69377107086181
 10
45.31537937011718
 20
-58.77039677734375
 10
45.23302335777281
 20
-58.84939051361084
 10
45.15142629699707
 20
-58.93077999267578
 10
45.07060970954895
 20
-59.01459292755127
 10
44.9905951171875
 20
-59.10085703125
 10
44.91140404167174
 20
-59.18960001678467
 10
44.83305800476074
 20
-59.28084959716797
 10
44.75557852821349
 20
-59.3746334854126
 10
44.67898713378906
 20
-59.47097939453126
 10
44.60330534324646
 20
-59.56991503753663
 10
44.52855467834472
 20
-59.6714681274414
 10
44.4547566608429
 20
-59.7756663772583
 10
44.3819328125
 20
-59.8825375
 10
44.31010465507507
 20
-59.9921092086792
 10
44.23929371032714
 20
-60.10440921630859
 10
44.16952150001526
 20
-60.21946523590088
 10
44.10080954589843
 20
-60.33730498046874
 10
44.03317936973571
 20
-60.4579561630249
 10
43.96665249328613
 20
-60.58144649658203
 10
43.9012504383087
 20
-60.70780369415285
 10
43.8369947265625
 20
-60.83705546874998
 10
43.77390687980653
 20
-60.96922953338622
 10
43.71200841979979
 20
-61.10435360107421
 10
43.6513208683014
 20
-61.24245538482666
 10
43.59186574707032
 20
-61.38356259765625
 10
43.5336645778656
 20
-61.52770295257568
 10
43.47673888244627
 20
-61.67490416259766
 10
43.4211101825714
 20
-61.82519394073486
 10
43.3668
 20
-61.9786
 10
43.38330967178346
 20
-61.97029073867798
 10
43.39505510864258
 20
-61.95735090942383
 10
43.40211719284056
 20
-61.93997338180542
 10
43.40457680664061
 20
-61.91835102539063
 10
43.4025148323059
 20
-61.89267670974731
 10
43.39601215209961
 20
-61.86314330444336
 10
43.38514964828492
 20
-61.82994367904663
 10
43.370008203125
 20
-61.793270703125
 10
43.35066869888307
 20
-61.75331724624634
 10
43.32721201782225
 20
-61.71027617797853
 10
43.26827065429688
 20
-61.61570268554687
 10
43.1938311706543
 20
-61.51109318237304
 10
43.10454062499999
 20
-61.39799062499999
 10
43.00104607543945
 20
-61.2779379699707
 10
42.88399458007812
 20
-61.15247817382812
 10
42.75403319702149
 20
-61.02315419311523
 10
42.611808984375
 20
-60.89150898437499
 10
42.45796900024413
 20
-60.75908550415038
 10
42.29316030273436
 20
-60.62742670898437
 10
42.20684489212035
 20
-60.56236624221803
 10
42.11802994995116
 20
-60.49807555541992
 10
42.02679635848999
 20
-60.43474751815796
 10
41.93322499999999
 20
-60.37257499999999
 10
41.83739675674438
 20
-60.31175087051391
 10
41.73939251098632
 20
-60.25246799926756
 10
41.63929314498901
 20
-60.19491925582886
 10
41.53717954101563
 20
-60.13929750976563
 10
41.43313258132935
 20
-60.08579563064575
 10
41.32723314819336
 20
-60.0346064880371
 10
41.21956212387084
 20
-59.98592295150757
 10
41.110200390625
 20
-59.939937890625
 10
40.99922883071899
 20
-59.89684417495727
 10
40.886728326416
 20
-59.85683467407227
 10
40.77277975997925
 20
-59.82010225753784
 10
40.65746401367188
 20
-59.78683979492187
 10
40.54086196975706
 20
-59.75724015579224
 10
40.42305451049805
 20
-59.73149620971679
 10
40.30412251815796
 20
-59.70980082626343
 10
40.184146875
 20
-59.692346875
 10
40.06320846328735
 20
-59.67932722549438
 10
39.9413881652832
 20
-59.67093474731445
 10
39.81876686325075
 20
-59.66736231002808
 10
39.69542543945313
 20
-59.66880278320314
 10
39.57144477615357
 20
-59.67544903640747
 10
39.44690575561525
 20
-59.68749393920898
 10
39.32188926010133
 20
-59.70513036117552
 10
39.19647617187501
 20
-59.72855117187499
 10
39.07074737319946
 20
-59.75794924087526
 10
38.94478374633789
 20
-59.79351743774414
 10
38.81866617355347
 20
-59.83544863204956
 10
38.69247553710937
 20
-59.88393569335938
 10
38.56629271926879
 20
-59.93917149124145
 10
38.4401986022949
 20
-60.00134889526368
 10
38.31427406845093
 20
-60.0706607749939
 10
38.1886
 20
-60.1473
 10
38.1956
 20
-60.1413
 10
38.16822444458008
 20
-60.13791410942078
 10
38.13634291992187
 20
-60.13131932067871
 10
38.0595390625
 20
-60.10946159667969
 10
37.96614262695314
 20
-60.07764392395021
 10
37.8571078125
 20
-60.0377833984375
 10
37.59593984375
 20
-59.94160217285156
 10
37.44571508789061
 20
-59.88911566467285
 10
37.28366875
 20
-59.83625468749998
 10
37.11075502929688
 20
-59.78493633728027
 10
36.92792812500001
 20
-59.73707770996093
 10
36.83309541625977
 20
-59.71504488487243
 10
36.73614223632811
 20
-59.69459590148925
 10
36.63718786010742
 20
-59.6759703968048
 10
36.53635156249999
 20
-59.65940800781249
 10
36.43375261840821
 20
-59.64514837150574
 10
36.32951030273436
 20
-59.63343112487793
 10
36.22374389038085
 20
-59.62449590492248
 10
36.11657265625
 20
-59.61858234863282
 10
36.00811587524415
 20
-59.61593009300232
 10
35.89849282226564
 20
-59.61677877502441
 10
35.7878227722168
 20
-59.6213680316925
 10
35.67622500000001
 20
-59.62993749999999
 10
35.56381878051758
 20
-59.6427268169403
 10
35.45072338867187
 20
-59.65997561950684
 10
35.33705809936524
 20
-59.68192354469299
 10
35.2229421875
 20
-59.70881022949217
 10
35.10849492797852
 20
-59.74087531089782
 10
34.99383559570313
 20
-59.77835842590332
 10
34.87908346557618
 20
-59.82149921150206
 10
34.76435781250001
 20
-59.8705373046875
 10
34.64977791137695
 20
-59.925712342453
 10
34.53546303710938
 20
-59.98726396179201
 10
34.42153246459961
 20
-60.05543179969788
 10
34.30810546875
 20
-60.13045549316406
 10
34.19530132446289
 20
-60.21257467918395
 10
34.08323930664062
 20
-60.30202899475098
 10
33.97203869018554
 20
-60.39905807685852
 10
33.86181875
 20
-60.50390156249999
 10
33.75269876098633
 20
-60.61679908866883
 10
33.64479799804688
 20
-60.73799029235839
 10
33.53823573608399
 20
-60.86771481056214
 10
33.43313125
 20
-61.00621228027343
 10
33.32960381469726
 20
-61.15372233848571
 10
33.22777270507812
 20
-61.31048462219239
 10
33.12775719604493
 20
-61.47673876838684
 10
33.02967656249999
 20
-61.6527244140625
 10
32.9336500793457
 20
-61.83868119621277
 10
32.83979702148438
 20
-62.03484875183107
 10
32.74823666381836
 20
-62.24146671791078
 10
32.65908828125
 20
-62.45877473144532
 10
32.57247114868164
 20
-62.6870124294281
 10
32.48850454101563
 20
-62.92641944885253
 10
32.4073077331543
 20
-63.17723542671203
 10
32.329
 20
-63.4397
 10
32.22118642888834
 20
-63.31624585577414
 10
32.10775314953019
 20
-63.19471333019865
 10
31.98904881304804
 20
-63.07521290911322
 10
31.86542207056444
 20
-62.95785507835749
 10
31.73722157320191
 20
-62.84275032377118
 10
31.60479597208295
 20
-62.73000913119395
 10
31.46849391833011
 20
-62.61974198646546
 10
31.32866406306591
 20
-62.51205937542542
 10
31.18565505741287
 20
-62.40707178391348
 10
31.0398155524935
 20
-62.30488969776935
 10
30.89149419943035
 20
-62.20562360283267
 10
30.74103964934594
 20
-62.10938398494314
 10
30.58880055336276
 20
-62.01628132994043
 10
30.43512556260337
 20
-61.92642612366424
 10
30.28036332819029
 20
-61.83992885195422
 10
30.12486250124603
 20
-61.75690000065007
 10
29.96897173289313
 20
-61.67745005559144
 10
29.81303967425409
 20
-61.60168950261803
 10
29.65741497645146
 20
-61.52972882756952
 10
29.50244629060775
 20
-61.46167851628558
 10
29.34848226784549
 20
-61.39764905460589
 10
29.19587155928718
 20
-61.33775092837013
 10
29.04496281605539
 20
-61.28209462341796
 10
28.8961046892726
 20
-61.23079062558909
 10
28.74964583006136
 20
-61.18394942072317
 10
28.60593488954418
 20
-61.1416814946599
 10
28.46532051884361
 20
-61.10409733323893
 10
28.32815136908212
 20
-61.07130742229998
 10
28.19477609138229
 20
-61.04342224768268
 10
28.06554333686662
 20
-61.02055229522676
 10
27.94080175665763
 20
-61.00280805077185
  0
LWPOLYLINE
  5
71
330
262D
100
AcDbEntity
  8
LAYER_1
100
AcDbPolyline
 90
       81
 70
     1
 43
0.0
 10
50.23960000071386
 20
-57.28800000007092
 10
62.9187
 20
-57.2824
 10
62.85450188903808
 20
-57.37132147827147
 10
62.77993464355469
 20
-57.46865112304688
 10
62.69473889465332
 20
-57.57322112426757
 10
62.5986552734375
 20
-57.683863671875
 10
62.49142441101074
 20
-57.79941095581055
 10
62.37278693847657
 20
-57.91869516601561
 10
62.24248348693848
 20
-58.04054849243164
 10
62.1002546875
 20
-58.163803125
 10
61.94584117126464
 20
-58.28729125366211
 10
61.86398409156799
 20
-58.34875793838501
 10
61.77898356933593
 20
-58.40984506835937
 10
61.69080718345639
 20
-58.47040666732787
 10
61.59942251281738
 20
-58.53029675903321
 10
61.50479713630676
 20
-58.58936936721803
 10
61.4068986328125
 20
-58.647478515625
 10
61.30569458122253
 20
-58.70447822799682
 10
61.20115256042479
 20
-58.76022252807617
 10
61.09324014930725
 20
-58.81456543960571
 10
60.98192492675782
 20
-58.86736098632812
 10
60.86717447166442
 20
-58.91846319198608
 10
60.74895636291504
 20
-58.96772608032227
 10
60.62723817939757
 20
-59.01500367507935
 10
60.50198749999999
 20
-59.06015
 10
60.37317190361022
 20
-59.1030190788269
 10
60.24075896911622
 20
-59.14346493530272
 10
60.10471627540589
 20
-59.18134159317017
 10
59.96501140136718
 20
-59.21650307617188
 10
59.82161192588806
 20
-59.24880340805053
 10
59.67448542785645
 20
-59.27809661254883
 10
59.52359948616027
 20
-59.30423671340943
 10
59.3689216796875
 20
-59.327077734375
 10
59.21041958732605
 20
-59.34647369918822
 10
59.04806078796386
 20
-59.3622786315918
 10
58.88181286048889
 20
-59.37434655532837
 10
58.71164338378906
 20
-59.38253149414062
 10
58.53751993675231
 20
-59.38668747177124
 10
58.3594100982666
 20
-59.38666851196289
 10
58.17728144721985
 20
-59.38232863845826
 10
57.9911015625
 20
-59.37352187499999
 10
57.800838022995
 20
-59.36010224533081
 10
57.60645840759278
 20
-59.34192377319336
 10
57.40793029518127
 20
-59.31884048233032
 10
57.20522126464843
 20
-59.29070639648436
 10
56.99829889488221
 20
-59.25737553939818
 10
56.78713076477049
 20
-59.21870193481446
 10
56.57168445320128
 20
-59.17453960647583
 10
56.3519275390625
 20
-59.124742578125
 10
56.12782760124208
 20
-59.06916487350464
 10
55.89935221862793
 20
-59.00766051635743
 10
55.66646897010803
 20
-58.94008353042602
 10
55.42914543457032
 20
-58.86628793945312
 10
55.18734919090272
 20
-58.78612776718139
 10
54.94104781799317
 20
-58.6994570373535
 10
54.69020889472961
 20
-58.60612977371215
 10
54.4348
 20
-58.506
 10
54.44252253723112
 20
-58.51673497009136
 10
54.44184172477853
 20
-58.51939368324172
 10
54.43818459473067
 20
-58.52031335449213
 10
54.42209659119964
 20
-58.51713598938374
 10
54.39456894533902
 20
-58.50760371094756
 10
54.30643640143293
 20
-58.47107775881747
 10
54.17627031262028
 20
-58.4139421875531
 10
53.79977089870689
 20
-58.25066894542621
 10
53.55840427282189
 20
-58.15094465346612
 10
53.2849375004619
 20
-58.04343750017652
 10
52.98185393123478
 20
-57.93135417500864
 10
52.81998189454851
 20
-57.87459853842382
 10
52.65163691474842
 20
-57.81790136741363
 10
52.47712941053547
 20
-57.76166349815948
 10
52.29676980061068
 20
-57.70628576684274
 10
52.11086850367504
 20
-57.65216900964484
 10
51.91973593842949
 20
-57.59971406274715
 10
51.72368252357506
 20
-57.5493217623311
 10
51.52301867781271
 20
-57.50139294457806
 10
51.31805481984345
 20
-57.45632844566946
 10
51.10910136836825
 20
-57.41452910178668
 10
50.89646874208806
 20
-57.37639574911113
 10
50.68046735970393
 20
-57.34232922382421
 10
50.46140763991682
 20
-57.31273036210732
  0
LWPOLYLINE
  5
72
330
262D
100
AcDbEntity
  8
LAYER_1
100
AcDbPolyline
 90
      144
 70
     1
 43
0.0
 10
38.57700000009304
 20
-70.02309999996839
 10
38.42701231689453
 20
-69.85797604064939
 10
38.27489306640625
 20
-69.68626418457032
 10
38.12137357177736
 20
-69.50815758972168
 10
37.96718515625
 20
-69.32384941406249
 10
37.8130591430664
 20
-69.13353281555176
 10
37.65972685546875
 20
-68.93740095214844
 10
37.50791961669922
 20
-68.73564698181152
 10
37.35836875
 20
-68.52846406250001
 10
37.21180557861329
 20
-68.31604535217285
 10
37.06896142578125
 20
-68.09858400878906
 10
36.9305676147461
 20
-67.87627319030761
 10
36.79735546875
 20
-67.6493060546875
 10
36.67005631103516
 20
-67.41787575988769
 10
36.60885264129639
 20
-67.30054728965758
 10
36.54940146484375
 20
-67.18217546386718
 10
36.49179419708253
 20
-67.06278442726135
 10
36.43612225341797
 20
-66.94239832458496
 10
36.38247704925538
 20
-66.82104130058289
 10
36.33095
 20
-66.69873749999999
 10
36.28163252105713
 20
-66.57551106758116
 10
36.23461602783204
 20
-66.45138614807129
 10
36.18999193572998
 20
-66.3263868862152
 10
36.14785166015625
 20
-66.20053742675779
 10
36.10828661651612
 20
-66.07386191444397
 10
36.07138822021485
 20
-65.94638449401855
 10
36.03724788665772
 20
-65.81812931022644
 10
36.00595703125
 20
-65.6891205078125
 10
35.97760706939697
 20
-65.55938223152161
 10
35.95228941650391
 20
-65.42893862609862
 10
35.93009548797609
 20
-65.29781383628845
 10
35.91111669921875
 20
-65.16603200683596
 10
35.89544446563721
 20
-65.03361728248596
 10
35.88317020263672
 20
-64.90059380798339
 10
35.87438532562255
 20
-64.76698572807312
 10
35.86918125
 20
-64.63281718750001
 10
35.86764939117432
 20
-64.4981123310089
 10
35.86988116455078
 20
-64.36289530334473
 10
35.87596798553467
 20
-64.22719024925233
 10
35.88600126953125
 20
-64.09102131347656
 10
35.90007243194579
 20
-63.95441264076232
 10
35.9182728881836
 20
-63.81738837585449
 10
35.9406940536499
 20
-63.67997266349792
 10
35.96742734375001
 20
-63.5421896484375
 10
35.99856417388916
 20
-63.4040634754181
 10
36.03419595947265
 20
-63.26561828918457
 10
36.07441411590575
 20
-63.12687823448182
 10
36.11931005859375
 20
-62.98786745605468
 10
36.16897520294189
 20
-62.84861009864807
 10
36.22350096435547
 20
-62.70913030700684
 10
36.28297875823975
 20
-62.56945222587586
 10
36.3475
 20
-62.4296
 10
36.54866134414672
 20
-62.39551869850157
 10
36.74597610473632
 20
-62.36663347473143
 10
36.93950443649292
 20
-62.34285891227722
 10
37.12930649414062
 20
-62.32410959472656
 10
37.31544243240357
 20
-62.31030010566712
 10
37.49797240600586
 20
-62.30134502868653
 10
37.67695656967163
 20
-62.29715894737243
 10
37.852455078125
 20
-62.29765644531251
 10
38.0245280860901
 20
-62.30275210609436
 10
38.19323574829102
 20
-62.31236051330565
 10
38.3586382194519
 20
-62.32639625053407
 10
38.52079565429689
 20
-62.34477390136719
 10
38.67976820755004
 20
-62.3674080493927
 10
38.83561603393554
 20
-62.39421327819824
 10
38.98839928817749
 20
-62.42510417137147
 10
39.13817812500001
 20
-62.45999531250001
 10
39.28501269912718
 20
-62.49880128517151
 10
39.4289631652832
 20
-62.54143667297363
 10
39.57008967819213
 20
-62.58781605949403
 10
39.70845239257812
 20
-62.63785402832031
 10
39.84411146316528
 20
-62.69146516304015
 10
39.97712704467772
 20
-62.74856404724121
 10
40.1075592918396
 20
-62.8090652645111
 10
40.235468359375
 20
-62.8728833984375
 10
40.36091440200806
 20
-62.93993303260804
 10
40.48395757446288
 20
-63.01012875061035
 10
40.60465803146362
 20
-63.08338513603211
 10
40.72307592773436
 20
-63.15961677246093
 10
40.83927141799925
 20
-63.2387382434845
 10
40.95330465698242
 20
-63.32066413269043
 10
41.06523579940795
 20
-63.40530902366638
 10
41.175125
 20
-63.4925875
 10
41.28303241348267
 20
-63.58241414527893
 10
41.38901819458006
 20
-63.67470354309082
 10
41.49314249801635
 20
-63.76937027702332
 10
41.59546547851563
 20
-63.86632893066408
 10
41.696047290802
 20
-63.96549408760071
 10
41.79494808959961
 20
-64.06678033142092
 10
41.89222802963256
 20
-64.17010224571228
 10
41.987947265625
 20
-64.27537441406251
 10
42.08216595230103
 20
-64.38251142005921
 10
42.17494424438477
 20
-64.49142784729004
 10
42.26634229660034
 20
-64.60203827934265
 10
42.35642026367187
 20
-64.71425729980468
 10
42.53285656127929
 20
-64.94317944030761
 10
42.704734375
 20
-65.17751093750002
 10
42.87253494262696
 20
-65.41656846008301
 10
43.03673950195311
 20
-65.65966867675782
 10
43.19782929077147
 20
-65.9061282562256
 10
43.356285546875
 20
-66.1552638671875
 10
43.51258950805664
 20
-66.40639217834473
 10
43.66722241210936
 20
-66.65882985839846
 10
43.97339999999999
 20
-67.1649
 10
43.77295501674794
 20
-67.19889058608311
 10
43.57767851265033
 20
-67.23477468870598
 10
43.38749878131682
 20
-67.27247707440922
 10
43.20234411635706
 20
-67.31192250973339
 10
43.02214281138074
 20
-67.35303576121907
 10
42.84682315999752
 20
-67.3957415954068
 10
42.67631345581704
 20
-67.43996477883721
 10
42.51054199244899
 20
-67.48563007805081
 10
42.34943706350299
 20
-67.53266225958824
 10
42.19292696258874
 20
-67.58098608999
 10
42.04093998331589
 20
-67.63052633579672
 10
41.8934044192941
 20
-67.68120776354892
 10
41.75024856413304
 20
-67.73295513978725
 10
41.61140071144238
 20
-67.78569323105219
 10
41.47678915483175
 20
-67.83934680388438
 10
41.34634218791084
 20
-67.89384062482437
 10
41.21998810428929
 20
-67.94909946041271
 10
41.09765519757679
 20
-68.00504807719001
 10
40.97927176138298
 20
-68.06161124169682
 10
40.86476608931755
 20
-68.11871372047374
 10
40.75406647499013
 20
-68.17628028006129
 10
40.64710121201038
 20
-68.23423568700011
 10
40.44408691453259
 20
-68.35101210909373
 10
40.25514954576152
 20
-68.46844111907912
 10
40.07971545457439
 20
-68.58592084928092
 10
39.91721098984857
 20
-68.70284943202368
 10
39.76706250046131
 20
-68.81862499963199
 10
39.62869633528993
 20
-68.93264568443044
 10
39.50153884321172
 20
-69.0443096187436
 10
39.38501637310397
 20
-69.15301493489604
 10
39.27855527384398
 20
-69.25815976521234
 10
39.18158189430906
 20
-69.35914224201709
 10
39.0935225833765
 20
-69.45536049763487
 10
38.94185156282764
 20
-69.63109687460783
 10
38.72023769555933
 20
-69.89891679659161
 10
38.6785146334076
 20
-69.94493320898881
 10
38.64111643087662
 20
-69.9813704587957
 10
38.60746943684367
 20
-70.00762667833682
 10
38.59187337703812
 20
-70.01674881810915
  0
LWPOLYLINE
  5
73
330
262D
100
AcDbEntity
  8
LAYER_1
100
AcDbPolyline
 90
      475
 70
     1
 43
0.0
 10
45.58280000046629
 20
-66.98229999996775
 10
45.48236889648436
 20
-66.80960812988281
 10
45.387596484375
 20
-66.6325541015625
 10
45.29866411132811
 20
-66.45107653808594
 10
45.215753125
 20
-66.2651140625
 10
45.13904487304688
 20
-66.07460529785156
 10
45.068720703125
 20
-65.8794888671875
 10
45.00496196289063
 20
-65.67970339355468
 10
44.94794999999999
 20
-65.4751875
 10
44.89786616210936
 20
-65.26587980957031
 10
44.87547896118164
 20
-65.15940986022949
 10
44.854891796875
 20
-65.0517189453125
 10
44.83612733764649
 20
-64.94279939270021
 10
44.81920825195313
 20
-64.83264353027343
 10
44.80415720825194
 20
-64.72124368591311
 10
44.79099687499999
 20
-64.60859218749999
 10
44.77974992065429
 20
-64.49468136291503
 10
44.77043901367188
 20
-64.37950354003904
 10
44.76308682250977
 20
-64.26305104675292
 10
44.75771601562501
 20
-64.1453162109375
 10
44.75434926147461
 20
-64.02629136047363
 10
44.75300922851563
 20
-63.90596882324219
 10
44.75371858520508
 20
-63.78434092712403
 10
44.7565
 20
-63.6614
 10
44.76161864051818
 20
-63.54337072792053
 10
44.76988047180175
 20
-63.4259881866455
 10
44.78123342094421
 20
-63.30928841361999
 10
44.79562541503906
 20
-63.19330744628906
 10
44.81300438117981
 20
-63.07808132209778
 10
44.83331824645996
 20
-62.9636460784912
 10
44.85651493797302
 20
-62.85003775291442
 10
44.8825423828125
 20
-62.7372923828125
 10
44.91134850807189
 20
-62.6254460056305
 10
44.94288124084472
 20
-62.51453465881347
 10
44.9770885082245
 20
-62.40459437980653
 10
45.01391823730468
 20
-62.29566120605468
 10
45.05331835517885
 20
-62.18777117500304
 10
45.09523678894043
 20
-62.08096032409668
 10
45.13962146568299
 20
-61.97526469078064
 10
45.18642031249999
 20
-61.8707203125
 10
45.23558125648498
 20
-61.76736322669983
 10
45.28705222473145
 20
-61.6652294708252
 10
45.34078114433289
 20
-61.56435508232117
 10
45.39671594238281
 20
-61.46477609863281
 10
45.45480454597472
 20
-61.36652855720519
 10
45.51499488220215
 20
-61.26964849548339
 10
45.57723487815857
 20
-61.17417195091246
 10
45.64147246093749
 20
-61.0801349609375
 10
45.70765555763245
 20
-60.98757356300353
 10
45.77573209533691
 20
-60.89652379455565
 10
45.8456500011444
 20
-60.80702169303894
 10
45.91735720214844
 20
-60.71910329589844
 10
45.9908016254425
 20
-60.63280464057921
 10
46.06593119812012
 20
-60.54816176452636
 10
46.14269384727477
 20
-60.46521070518493
 10
46.2210375
 20
-60.38398749999998
 10
46.30091008338928
 20
-60.30452818641663
 10
46.38225952453613
 20
-60.22686880187988
 10
46.46503375053405
 20
-60.15104538383482
 10
46.54918068847655
 20
-60.07709396972656
 10
46.63464826545714
 20
-60.00505059700011
 10
46.72138440856934
 20
-59.93495130310058
 10
46.80933704490661
 20
-59.86683212547302
 10
46.8984541015625
 20
-59.8007291015625
 10
46.98868350563048
 20
-59.7366782688141
 10
47.07997318420409
 20
-59.67471566467285
 10
47.17227106437682
 20
-59.61487732658387
 10
47.26552507324218
 20
-59.55719929199218
 10
47.35968313789367
 20
-59.50171759834288
 10
47.45469318542479
 20
-59.44846828308106
 10
47.55050314292907
 20
-59.39748738365172
 10
47.64706093749999
 20
-59.3488109375
 10
47.74431449623107
 20
-59.30247498207092
 10
47.84221174621581
 20
-59.25851555480956
 10
47.94070061454773
 20
-59.216968693161
 10
48.03972902832031
 20
-59.17787043457031
 10
48.13924491462707
 20
-59.14125681648254
 10
48.23919620056152
 20
-59.10716387634277
 10
48.33953081321715
 20
-59.07562765159606
 10
48.4401966796875
 20
-59.0466841796875
 10
48.54114172706603
 20
-59.02036949806214
 10
48.64231388244629
 20
-58.99671964416504
 10
48.74366107292175
 20
-58.97577065544129
 10
48.84513122558593
 20
-58.95755856933593
 10
48.94667226753234
 20
-58.94211942329405
 10
49.04823212585449
 20
-58.92948925476074
 10
49.14975872764586
 20
-58.91970410118103
 10
49.25119999999999
 20
-58.9128
 10
49.3812285610199
 20
-58.90857603988647
 10
49.51183161315917
 20
-58.90983214721679
 10
49.64281021003722
 20
-58.91647905349731
 10
49.77396540527344
 20
-58.92842749023438
 10
49.90509825248718
 20
-58.94558818893432
 10
50.03600980529784
 20
-58.96787188110351
 10
50.16650111732483
 20
-58.99518929824829
 10
50.2963732421875
 20
-59.027451171875
 10
50.42542723350525
 20
-59.06456823349
 10
50.55346414489746
 20
-59.1064512145996
 10
50.68028502998352
 20
-59.1530108467102
 10
50.80569094238282
 20
-59.20415786132811
 10
50.92948293571472
 20
-59.25980298995971
 10
51.05146206359863
 20
-59.31985696411133
 10
51.17142937965393
 20
-59.38423051528929
 10
51.2891859375
 20
-59.45283437499998
 10
51.40453279075622
 20
-59.52557927474974
 10
51.51727099304199
 20
-59.60237594604492
 10
51.62720159797668
 20
-59.68313512039185
 10
51.73412565917969
 20
-59.76776752929688
 10
51.83784423027038
 20
-59.85618390426636
 10
51.93815836486817
 20
-59.94829497680664
 10
52.0348691165924
 20
-60.04401147842408
 10
52.1277775390625
 20
-60.143244140625
 10
52.21668468589782
 20
-60.24590369491577
 10
52.30139161071777
 20
-60.35190087280272
 10
52.38169936714172
 20
-60.46114640579222
 10
52.45740900878907
 20
-60.57355102539063
 10
52.52832158927917
 20
-60.68902546310424
 10
52.59423816223144
 20
-60.80748045043947
 10
52.65495978126526
 20
-60.92882671890258
 10
52.7102875
 20
-61.052975
 10
52.76002237205505
 20
-61.17983602523803
 10
52.80396545104981
 20
-61.30932052612305
 10
52.84191779060364
 20
-61.44133923416139
 10
52.87368044433594
 20
-61.57580288085938
 10
52.8990544658661
 20
-61.71262219772337
 10
52.91784090881346
 20
-61.85170791625975
 10
52.92984082679748
 20
-61.99297076797485
 10
52.9348552734375
 20
-62.13632148437501
 10
52.93268530235289
 20
-62.28167079696654
 10
52.92313196716309
 20
-62.42892943725586
 10
52.90599632148743
 20
-62.57800813674927
 10
52.88107941894531
 20
-62.72881762695313
 10
52.84818231315611
 20
-62.88126863937378
 10
52.80710605773925
 20
-63.03527190551758
 10
52.7576517063141
 20
-63.19073815689087
 10
52.6996203125
 20
-63.347578125
 10
52.63281292991639
 20
-63.50570254135131
 10
52.55703061218261
 20
-63.66502213745118
 10
52.47207441291809
 20
-63.82544764480591
 10
52.37774538574218
 20
-63.98688979492188
 10
52.2738445842743
 20
-64.14925931930543
 10
52.16017306213379
 20
-64.3124669494629
 10
52.03653187294007
 20
-64.47642341690064
 10
51.90272207031249
 20
-64.641039453125
 10
51.75854470787047
 20
-64.80622578964233
 10
51.60380083923341
 20
-64.97189315795899
 10
51.43829151802062
 20
-65.13795228958129
 10
51.26181779785156
 20
-65.30431391601563
 10
51.07418073234558
 20
-65.47088876876831
 10
50.87518137512207
 20
-65.63758757934571
 10
50.66462077980041
 20
-65.80432107925415
 10
50.4423
 20
-65.97100000000001
 10
50.58197844238282
 20
-66.02105020751953
 10
50.72799980468751
 20
-66.06853994140625
 10
50.87992126464843
 20
-66.11292786865234
 10
51.0373
 20
-66.15367265625001
 10
51.19969318847657
 20
-66.19023297119139
 10
51.3666580078125
 20
-66.22206748046875
 10
51.53775163574219
 20
-66.24863485107422
 10
51.71253124999999
 20
-66.26939374999999
 10
51.89055402832031
 20
-66.28380284423828
 10
52.07137714843749
 20
-66.29132080078125
 10
52.25455778808592
 20
-66.29140628662111
 10
52.34689379577637
 20
-66.28849268646241
 10
52.439653125
 20
-66.28351796875
 10
52.53278042297363
 20
-66.27641446685792
 10
52.62622033691406
 20
-66.26711451416015
 10
52.71991751403807
 20
-66.25555044403076
 10
52.8138166015625
 20
-66.24165458984375
 10
52.90786224670409
 20
-66.22535928497313
 10
53.00199909667967
 20
-66.20659686279298
 10
53.09617179870604
 20
-66.18529965667725
 10
53.19032499999998
 20
-66.1614
 10
53.28440334777832
 20
-66.13483022613525
 10
53.37835148925781
 20
-66.10552266845703
 10
53.47211407165527
 20
-66.07340966033935
 10
53.5656357421875
 20
-66.03842353515625
 10
53.65886114807128
 20
-66.00049662628174
 10
53.75173493652343
 20
-65.95956126708983
 10
53.84420175476074
 20
-65.9155497909546
 10
53.93620625
 20
-65.86839453125
 10
54.02769306945799
 20
-65.8180278213501
 10
54.11860686035156
 20
-65.76438199462889
 10
54.20889226989746
 20
-65.70738938446044
 10
54.2984939453125
 20
-65.64698232421875
 10
54.38735653381346
 20
-65.58309314727783
 10
54.47542468261719
 20
-65.51565418701172
 10
54.56264303894042
 20
-65.44459777679444
 10
54.64895625
 20
-65.36985624999999
 10
54.73430896301269
 20
-65.29136194000246
 10
54.81864582519529
 20
-65.20904718017579
 10
54.90191148376464
 20
-65.12284430389404
 10
54.9840505859375
 20
-65.03268564453126
 10
55.06500777893066
 20
-64.93850353546142
 10
55.14472770996093
 20
-64.84023031005861
 10
55.22315502624511
 20
-64.73779830169677
 10
55.300234375
 20
-64.63113984374999
 10
55.37591040344238
 20
-64.52018726959228
 10
55.45012775878906
 20
-64.40487291259768
 10
55.52283108825683
 20
-64.28512910614014
 10
55.5939650390625
 20
-64.16088818359376
 10
55.66347425842284
 20
-64.03208247833252
 10
55.73130339355468
 20
-63.89864432373046
 10
55.7973970916748
 20
-63.76050605316162
 10
55.8617
 20
-63.6176
 10
55.89845864181518
 20
-63.76086884994506
 10
55.93823075561524
 20
-63.90038595581055
 10
55.98092624893189
 20
-64.03619058914185
 10
56.02645502929688
 20
-64.16832202148437
 10
56.07472700424193
 20
-64.29681952438355
 10
56.12565208129883
 20
-64.42172236938478
 10
56.17914016799925
 20
-64.54306982803345
 10
56.23510117187499
 20
-64.660901171875
 10
56.29344500045777
 20
-64.77525567245482
 10
56.3540815612793
 20
-64.88617260131836
 10
56.41692076187134
 20
-64.99369123001099
 10
56.48187250976562
 20
-65.09785083007813
 10
56.5488467124939
 20
-65.1986906730652
 10
56.61775327758789
 20
-65.29625003051759
 10
56.68850211257936
 20
-65.39056817398073
 10
56.761003125
 20
-65.481684375
 10
56.83516622238159
 20
-65.56963790512084
 10
56.91090131225585
 20
-65.65446803588867
 10
56.98811830215454
 20
-65.73621403884887
 10
57.06672709960939
 20
-65.81491518554686
 10
57.14663761215211
 20
-65.89061074752807
 10
57.22775974731445
 20
-65.96333999633789
 10
57.31000341262818
 20
-66.03314220352173
 10
57.393278515625
 20
-66.100056640625
 10
57.47749496383668
 20
-66.16412257919312
 10
57.56256266479493
 20
-66.2253792907715
 10
57.6483915260315
 20
-66.28386604690553
 10
57.73489145507813
 20
-66.33962211914059
 10
57.82197235946656
 20
-66.39268677902221
 10
57.90954414672853
 20
-66.4430992980957
 10
57.99751672439576
 20
-66.49089894790648
 10
58.0858
 20
-66.536125
 10
58.174303881073
 20
-66.57881672592163
 10
58.2629382751465
 20
-66.61901339721679
 10
58.3516130897522
 20
-66.65675428543089
 10
58.44023823242189
 20
-66.69207866210936
 10
58.52872361068726
 20
-66.72502579879761
 10
58.61697913208008
 20
-66.75563496704099
 10
58.70491470413208
 20
-66.78394543838502
 10
58.792440234375
 20
-66.809996484375
 10
58.96590079956054
 20
-66.85547738647461
 10
59.13664008789063
 20
-66.89239184570311
 10
59.30393735961914
 20
-66.92105403442382
 10
59.467071875
 20
-66.941778125
 10
59.62532289428711
 20
-66.95487828979492
 10
59.77796967773438
 20
-66.96066870117187
 10
59.92429148559571
 20
-66.95946353149413
 10
60.06356757812501
 20
-66.951576953125
 10
60.19507721557617
 20
-66.93732313842772
 10
60.31809965820311
 20
-66.91701625976562
 10
60.43191416625977
 20
-66.89097048950195
 10
60.48514321365356
 20
-66.87589369888306
 10
60.5358
 20
-66.8595
 10
60.27042922363281
 20
-67.01467194824218
 10
60.0045447265625
 20
-67.1665865234375
 10
59.73822575683594
 20
-67.31503557128907
 10
59.4715515625
 20
-67.4598109375
 10
59.20460139160156
 20
-67.60070446777344
 10
58.93745449218751
 20
-67.73750800781249
 10
58.67019011230468
 20
-67.87001340332031
 10
58.40288750000001
 20
-67.99801250000001
 10
58.13562590332031
 20
-68.12129714355471
 10
57.86848457031251
 20
-68.23965917968751
 10
57.60154274902343
 20
-68.35289045410156
 10
57.33487968749999
 20
-68.4607828125
 10
57.06857463378906
 20
-68.56312810058593
 10
56.8027068359375
 20
-68.65971816406251
 10
56.53735554199218
 20
-68.75034484863279
 10
56.27259999999999
 20
-68.8348
 10
56.14661632552145
 20
-68.87227841978074
 10
56.02107308464049
 20
-68.90695797348022
 10
55.89599132618904
 20
-68.93886760263443
 10
55.77139209899903
 20
-68.9680362487793
 10
55.6472964519024
 20
-68.99449285345077
 10
55.5237254337311
 20
-69.01826635818482
 10
55.40070009331704
 20
-69.03938570451735
 10
55.27824147949218
 20
-69.05787983398439
 10
55.15637064108849
 20
-69.07377768812179
 10
55.03510862693786
 20
-69.08710820846557
 10
54.91447648587227
 20
-69.09790033655167
 10
54.79449526672363
 20
-69.10618301391602
 10
54.6751860183239
 20
-69.11198518209459
 10
54.556569789505
 20
-69.11533578262329
 10
54.43866762909887
 20
-69.11626375703814
 10
54.32150058593751
 20
-69.11479804687499
 10
54.20508970885277
 20
-69.1109675936699
 10
54.08945604667664
 20
-69.10480133895873
 10
53.97462064824104
 20
-69.0963282242775
 10
53.86060456237792
 20
-69.0855771911621
 10
53.74742883791924
 20
-69.07257718114853
 10
53.6351145236969
 20
-69.05735713577271
 10
53.52368266854286
 20
-69.0399459965706
 10
53.41315432128906
 20
-69.02037270507813
 10
53.30355053076743
 20
-68.99866620283126
 10
53.19489234580992
 20
-68.97485543136595
 10
53.08720081524848
 20
-68.94896933221817
 10
52.98049698791503
 20
-68.92103684692383
 10
52.87480191264154
 20
-68.89108691701889
 10
52.77013663825989
 20
-68.85914848403931
 10
52.66652221360207
 20
-68.82525048952103
 10
52.5639796875
 20
-68.789421875
 10
52.46253010878563
 20
-68.75169158201218
 10
52.36219452629089
 20
-68.71208855209349
 10
52.26299398884773
 20
-68.67064172677993
 10
52.16494954528809
 20
-68.62738004760742
 10
52.0680822444439
 20
-68.58233245611192
 10
51.97241313514711
 20
-68.53552789382935
 10
51.87796326622964
 20
-68.48699530229568
 10
51.78475368652343
 20
-68.4367636230469
 10
51.69280544486047
 20
-68.38486179761886
 10
51.60213959007264
 20
-68.33131876754761
 10
51.5127771709919
 20
-68.27616347436905
 10
51.42473923645018
 20
-68.21942485961914
 10
51.33804683527946
 20
-68.16113186483382
 10
51.25272101631164
 20
-68.10131343154907
 10
51.16878282837866
 20
-68.03999850130082
 10
51.0862533203125
 20
-67.97721601562499
 10
51.00515354094508
 20
-67.9129949160576
 10
50.92550453910829
 20
-67.84736414413453
 10
50.84732736363412
 20
-67.78035264139176
 10
50.7706430633545
 20
-67.71198934936524
 10
50.62183728370667
 20
-67.57132316360473
 10
50.47925559082031
 20
-67.42559711914061
 10
50.34306637535095
 20
-67.27504274826049
 10
50.2134380279541
 20
-67.11989158325195
 10
50.09053893928529
 20
-66.96037515640259
 10
50.03166548905374
 20
-66.87905232362748
 10
49.9745375
 20
-66.79672500000001
 10
49.91917602095604
 20
-66.71342212705612
 10
49.86560210075378
 20
-66.62917264633179
 10
49.81383678822517
 20
-66.54400549936294
 10
49.76390113220215
 20
-66.45794962768555
 10
49.71581618151666
 20
-66.37103397283556
 10
49.66960298500062
 20
-66.28328747634888
 10
49.62528259148598
 20
-66.19473907976152
 10
49.5828760498047
 20
-66.10541772460938
 10
49.54240440878869
 20
-66.01535235242845
 10
49.50388871726989
 20
-65.92457190475464
 10
49.46735002408027
 20
-65.83310532312395
 10
49.43280937805176
 20
-65.74098154907225
 10
49.40028782801628
 20
-65.6482295241356
 10
49.36980642280579
 20
-65.55487818984985
 10
49.34138621125221
 20
-65.46095648775099
 10
49.3150482421875
 20
-65.36649335937501
 10
49.2908135644436
 20
-65.2715177462578
 10
49.26870322685243
 20
-65.17605858993532
 10
49.24873827824592
 20
-65.08014483194353
 10
49.23093976745606
 20
-64.98380541381838
 10
49.21532874331474
 20
-64.88706927709579
 10
49.20192625465393
 20
-64.78996536331178
 10
49.19075335030557
 20
-64.69252261400223
 10
49.18183107910156
 20
-64.59476997070314
 10
49.17518048987389
 20
-64.4967363749504
 10
49.17082263145447
 20
-64.39845076828003
 10
49.16877855267525
 20
-64.29994209222792
 10
49.16906930236816
 20
-64.2012392883301
 10
49.17171592936515
 20
-64.10237129812242
 10
49.17673948249817
 20
-64.00336706314089
 10
49.18416101059913
 20
-63.90425552492143
 10
49.1940015625
 20
-63.80506562500001
 10
49.20628218703271
 20
-63.70582630491257
 10
49.22102393302917
 20
-63.60656650619507
 10
49.23824784932136
 20
-63.50731517038346
 10
49.25797498474121
 20
-63.40810123901367
 10
49.28022638812065
 20
-63.30895365362166
 10
49.30502310829163
 20
-63.2099013557434
 10
49.33238619408608
 20
-63.11097328691481
 10
49.36233669433594
 20
-63.01219838867188
 10
49.39489565787314
 20
-62.91360560255053
 10
49.43008413352965
 20
-62.81522387008667
 10
49.4679231701374
 20
-62.71708213281632
 10
49.50843381652831
 20
-62.6192093322754
 10
49.55163712153435
 20
-62.52163440999986
 10
49.59755413398742
 20
-62.42438630752564
 10
49.6462059027195
 20
-62.3274939663887
 10
49.6976134765625
 20
-62.23098632812499
 10
49.75179790434836
 20
-62.13489233427047
 10
49.80878023490906
 20
-62.03924092636107
 10
49.8685815170765
 20
-61.94406104593277
 10
49.93122279968261
 20
-61.84938163452148
 10
49.99672513155937
 20
-61.75523163366318
 10
50.06510956153868
 20
-61.66163998489381
 10
50.13639713845252
 20
-61.56863562974931
 10
50.21060891113283
 20
-61.47624750976564
 10
50.28776592841147
 20
-61.38450456647873
 10
50.36788923912049
 20
-61.29343574142456
 10
50.45099989209176
 20
-61.20306997613906
 10
50.53711893615723
 20
-61.1134362121582
 10
50.62626742014885
 20
-61.02456339101791
 10
50.71846639289858
 20
-60.93648045425414
 10
50.81373690323832
 20
-60.84921634340286
 10
50.9121
 20
-60.7628
 10
50.73650624999999
 20
-60.7548703125
 10
50.53363593749999
 20
-60.75282792968749
 10
50.40828046875
 20
-60.75458269042968
 10
50.26882499999999
 20
-60.7590625
 10
50.1166546875
 20
-60.76692316894531
 10
49.9531546875
 20
-60.7788205078125
 10
49.77971015625
 20
-60.79541032714844
 10
49.59770625
 20
-60.8173484375
 10
49.408528125
 20
-60.84529064941406
 10
49.21356093749999
 20
-60.8798927734375
 10
49.01418984375
 20
-60.92181062011718
 10
48.8118
 20
-60.9717
 10
48.63000486450196
 20
-61.02284254455567
 10
48.44768696289063
 20
-61.08005285644531
 10
48.26579130249022
 20
-61.14359557800293
 10
48.085262890625
 20
-61.2137353515625
 10
47.90704673461914
 20
-61.290736819458
 10
47.81910106735229
 20
-61.33189338951111
 10
47.73208784179688
 20
-61.37486462402343
 10
47.64612518386839
 20
-61.41968360328674
 10
47.56133121948243
 20
-61.46638340759277
 10
47.47782407455445
 20
-61.51499711723328
 10
47.39572187500001
 20
-61.5655578125
 10
47.31514274673462
 20
-61.61809857368468
 10
47.23620481567382
 20
-61.6726524810791
 10
47.15902620773316
 20
-61.72925261497496
 10
47.08372504882814
 20
-61.78793205566407
 10
47.01041946487428
 20
-61.84872388343809
 10
46.9392275817871
 20
-61.91166117858887
 10
46.87026752548217
 20
-61.97677702140808
 10
46.803657421875
 20
-62.0441044921875
 10
46.7395153968811
 20
-62.11367667121886
 10
46.677959576416
 20
-62.18552663879393
 10
46.61910808639524
 20
-62.25968747520447
 10
46.56307905273436
 20
-62.33619226074218
 10
46.50999060134886
 20
-62.41507407569885
 10
46.45996085815429
 20
-62.4963660003662
 10
46.41310794906617
 20
-62.580101115036
 10
46.36954999999999
 20
-62.66631249999999
 10
46.32940513687134
 20
-62.75503323554992
 10
46.29279148559571
 20
-62.84629640197753
 10
46.25982717208863
 20
-62.94013507957457
 10
46.23063032226563
 20
-63.03658234863279
 10
46.20531906204224
 20
-63.13567128944396
 10
46.18401151733399
 20
-63.2374349822998
 10
46.16682581405639
 20
-63.34190650749206
 10
46.15388007812501
 20
-63.44911894531249
 10
46.14529243545532
 20
-63.55910537605285
 10
46.14118101196289
 20
-63.67189888000486
 10
46.14166393356324
 20
-63.78753253746031
 10
46.14685932617188
 20
-63.90603942871092
 10
46.15688531570436
 20
-64.02745263404845
 10
46.17186002807617
 20
-64.15180523376463
 10
46.19190158920289
 20
-64.27913030815121
 10
46.217128125
 20
-64.40946093749999
 10
46.24765776138304
 20
-64.54283020210265
 10
46.28360862426758
 20
-64.67927118225097
 10
46.32509883956909
 20
-64.81881695823668
 10
46.37224653320312
 20
-64.96150061035156
 10
46.4251698310852
 20
-65.10735521888732
 10
46.48398685913085
 20
-65.25641386413574
 10
46.5488157432556
 20
-65.40870962638854
 10
46.619774609375
 20
-65.5642755859375
 10
46.69698158340454
 20
-65.72314482307433
 10
46.78055479125977
 20
-65.8853504180908
 10
46.8706123588562
 20
-66.05092545127867
 10
46.96727241210936
 20
-66.21990300292967
 10
47.07065307693482
 20
-66.39231615333556
 10
47.18087247924804
 20
-66.56819798278807
 10
47.29804874496459
 20
-66.74758157157899
 10
47.4223
 20
-66.93049999999999
 10
47.17623105482154
 20
-66.92931328125002
 10
46.93486718776292
 20
-66.93043749999751
 10
46.69816035194926
 20
-66.93381171874261
 10
46.46606250050559
 20
-66.93937499998539
 10
46.23852558655699
 20
-66.94706640622597
 10
46.0155015632286
 20
-66.95682499996445
 10
45.79694238364542
 20
-66.96858984370094
  0
LWPOLYLINE
  5
74
330
262D
100
AcDbEntity
  8
LAYER_1
100
AcDbPolyline
 90
      122
 70
     1
 43
0.0
 10
13.9172
 20
-79.3787
 10
13.8746
 20
-79.31499999999999
 10
13.69439291687012
 20
-79.58685541992186
 10
13.52345388183594
 20
-79.855035546875
 10
13.36201871643066
 20
-80.12004868164062
 10
13.2103232421875
 20
-80.38240312499999
 10
13.06860328063965
 20
-80.64260717773436
 10
13.00155781135559
 20
-80.77206165161131
 10
12.93709465332031
 20
-80.901169140625
 10
12.87524328422546
 20
-81.02999318237305
 10
12.8160331817627
 20
-81.15859731445311
 10
12.75949382362366
 20
-81.28704507446286
 10
12.7056546875
 20
-81.4154
 10
12.65454525108337
 20
-81.54372562866209
 10
12.60619499206543
 20
-81.67208549804687
 10
12.56063338813782
 20
-81.80054314575196
 10
12.51788991699219
 20
-81.929162109375
 10
12.47799405632019
 20
-82.05800592651367
 10
12.44097528381348
 20
-82.18713813476561
 10
12.4068630771637
 20
-82.31662227172853
 10
12.3756869140625
 20
-82.44652187499999
 10
12.34747627220154
 20
-82.57690048217773
 10
12.32226062927246
 20
-82.70782163085938
 10
12.30006946296692
 20
-82.83934885864258
 10
12.28093225097656
 20
-82.97154570312498
 10
12.26487847099304
 20
-83.10447570190429
 10
12.25193760070801
 20
-83.23820239257813
 10
12.24213911781311
 20
-83.37278931274411
 10
12.2355125
 20
-83.50829999999998
 10
12.23208722496033
 20
-83.64479799194336
 10
12.23189277038574
 20
-83.78234682617186
 10
12.2349586139679
 20
-83.92101004028321
 10
12.24131423339844
 20
-84.06085117187499
 10
12.25098910636902
 20
-84.2019337585449
 10
12.26401271057129
 20
-84.34432133789062
 10
12.2804145236969
 20
-84.48807744750977
 10
12.3002240234375
 20
-84.63326562499998
 10
12.32347068748474
 20
-84.77994940795898
 10
12.35018399353027
 20
-84.92819233398437
 10
12.38039341926575
 20
-85.07805794067383
 10
12.41412844238281
 20
-85.22960976562499
 10
12.45141854057312
 20
-85.38291134643555
 10
12.49229319152832
 20
-85.53802622070312
 10
12.53678187294006
 20
-85.69501792602538
 10
12.5849140625
 20
-85.85395
 10
12.63671923789978
 20
-86.01488598022459
 10
12.69222687683105
 20
-86.17788940429688
 10
12.75146645698547
 20
-86.34302380981445
 10
12.81446745605469
 20
-86.51035273437498
 10
12.88125935173034
 20
-86.67993971557617
 10
12.9518716217041
 20
-86.8518482910156
 10
13.0263337436676
 20
-87.02614199829101
 10
13.1046751953125
 20
-87.20288437500002
 10
13.18692545433044
 20
-87.38213895874023
 10
13.27311399841309
 20
-87.56396928710937
 10
13.36327030525208
 20
-87.7484388977051
 10
13.45742385253906
 20
-87.93561132812497
 10
13.5556041179657
 20
-88.1255501159668
 10
13.65784057922363
 20
-88.31831879882813
 10
13.76416271400452
 20
-88.51398091430665
 10
13.8746
 20
-88.71259999999999
 10
13.9172
 20
-88.63559999999999
 10
13.9595
 20
-88.71259999999999
 10
14.06994175605774
 20
-88.51398091430665
 10
14.17626793518066
 20
-88.31831879882813
 10
14.27850802879334
 20
-88.1255501159668
 10
14.37669152832031
 20
-87.93561132812497
 10
14.47084792518615
 20
-87.7484388977051
 10
14.56100671081543
 20
-87.56396928710937
 10
14.64719737663269
 20
-87.38213895874023
 10
14.7294494140625
 20
-87.20288437500002
 10
14.80779231452942
 20
-87.02614199829101
 10
14.882255569458
 20
-86.85184829101563
 10
14.95286867027283
 20
-86.67993971557617
 10
15.01966110839844
 20
-86.510352734375
 10
15.0826623752594
 20
-86.34302380981445
 10
15.14190196228027
 20
-86.17788940429688
 10
15.19740936088562
 20
-86.01488598022459
 10
15.2492140625
 20
-85.85395
 10
15.29734555854797
 20
-85.69501792602538
 10
15.3418333404541
 20
-85.53802622070312
 10
15.38270689964294
 20
-85.38291134643555
 10
15.41999572753906
 20
-85.22960976562499
 10
15.45372931556702
 20
-85.07805794067383
 10
15.48393715515137
 20
-84.92819233398437
 10
15.51064873771668
 20
-84.77994940795898
 10
15.5338935546875
 20
-84.63326562499998
 10
15.5537010974884
 20
-84.48807744750977
 10
15.57010085754395
 20
-84.34432133789062
 10
15.58312232627869
 20
-84.2019337585449
 10
15.59279499511719
 20
-84.06085117187499
 10
15.59914835548401
 20
-83.92101004028321
 10
15.60221189880371
 20
-83.78234682617186
 10
15.60201511650085
 20
-83.64479799194336
 10
15.5985875
 20
-83.5083
 10
15.59195854072571
 20
-83.37278931274417
 10
15.58215773010254
 20
-83.23820239257813
 10
15.56921455955505
 20
-83.10447570190429
 10
15.55315852050781
 20
-82.97154570312498
 10
15.53401910438538
 20
-82.83934885864258
 10
15.5118258026123
 20
-82.70782163085938
 10
15.48660810661316
 20
-82.57690048217773
 10
15.4583955078125
 20
-82.44652187499999
 10
15.42721749763489
 20
-82.31662227172853
 10
15.39310356750488
 20
-82.18713813476561
 10
15.35608320884705
 20
-82.05800592651367
 10
15.31618591308593
 20
-81.929162109375
 10
15.27344117164612
 20
-81.80054314575196
 10
15.22787847595215
 20
-81.67208549804687
 10
15.17952731742859
 20
-81.54372562866209
 10
15.1284171875
 20
-81.41539999999997
 10
15.07457757759094
 20
-81.28704507446292
 10
15.01803797912598
 20
-81.15859731445311
 10
14.95882788352966
 20
-81.02999318237305
 10
14.89697678222656
 20
-80.901169140625
 10
14.83251416664124
 20
-80.77206165161131
 10
14.76546952819824
 20
-80.64260717773438
 10
14.6237521484375
 20
-80.38240312499999
 10
14.47206057434082
 20
-80.12004868164062
 10
14.31063073730469
 20
-79.855035546875
 10
14.13969856872558
 20
-79.58685541992186
 10
13.9595
 20
-79.31499999999999
  0
LWPOLYLINE
  5
75
330
262D
100
AcDbEntity
  8
LAYER_1
100
AcDbPolyline
 90
      640
 70
     1
 43
0.0
 10
13.9172
 20
-73.8657
 10
13.8746
 20
-73.82340000000001
 10
13.82104146118164
 20
-73.87624338684083
 10
13.75640083007812
 20
-73.93578186035156
 10
13.6808993347168
 20
-74.00109976501465
 10
13.594758203125
 20
-74.07128144531249
 10
13.49819866333008
 20
-74.14541124572754
 10
13.39144194335937
 20
-74.22257351074221
 10
13.27470927124024
 20
-74.30185258483888
 10
13.148221875
 20
-74.38233281249999
 10
13.01220098266602
 20
-74.46309853820801
 10
12.86686782226563
 20
-74.54323410644531
 10
12.71244362182617
 20
-74.62182386169435
 10
12.549149609375
 20
-74.69795214843749
 10
12.37720701293945
 20
-74.77070331115722
 10
12.19683706054688
 20
-74.83916169433594
 10
12.00826098022461
 20
-74.90241164245606
 10
11.91096477584839
 20
-74.9317973110199
 10
11.8117
 20
-74.95953749999999
 10
11.71049430618286
 20
-74.98551775245665
 10
11.60737534790039
 20
-75.0096236114502
 10
11.50237077865601
 20
-75.03174062004089
 10
11.39550825195313
 20
-75.05175432128907
 10
11.28681542129517
 20
-75.06955025825499
 10
11.17631994018555
 20
-75.08501397399903
 10
11.06404946212768
 20
-75.0980310115814
 10
10.950031640625
 20
-75.10848691406252
 10
10.83429412918091
 20
-75.11626722450256
 10
10.71686458129883
 20
-75.12125748596192
 10
10.59777065048218
 20
-75.12334324150085
 10
10.47703999023438
 20
-75.12241003417971
 10
10.35470025405884
 20
-75.11834340705871
 10
10.23077909545899
 20
-75.11102890319825
 10
10.10530416793824
 20
-75.10035206565856
 10
9.978303125
 20
-75.0861984375
 10
9.849803620147703
 20
-75.06845356178283
 10
9.719833306884765
 20
-75.04700298156739
 10
9.5884198387146
 20
-75.02173223991395
 10
9.455590869140623
 20
-74.99252687988281
 10
9.321374051666259
 20
-74.95927244453429
 10
9.185797039794922
 20
-74.9218544769287
 10
9.048887487030032
 20
-74.88015852012634
 10
8.910673046875002
 20
-74.8340701171875
 10
8.771181372833254
 20
-74.78347481117248
 10
8.630440118408206
 20
-74.72825814514159
 10
8.488476937103273
 20
-74.66830566215512
 10
8.345319482421876
 20
-74.60350290527344
 10
8.200995407867431
 20
-74.53373541755677
 10
8.055532366943358
 20
-74.45888874206544
 10
7.908958013153077
 20
-74.37884842185972
 10
7.7613
 20
-74.29349999999999
 10
7.734124801635742
 20
-74.4405186401367
 10
7.701255444335937
 20
-74.59541044921874
 10
7.662438784790039
 20
-74.75766676025391
 10
7.6174216796875
 20
-74.92677890625
 10
7.565950985717773
 20
-75.10223822021484
 10
7.507773559570312
 20
-75.28353603515625
 10
7.442636257934569
 20
-75.47016368408201
 10
7.3702859375
 20
-75.66161249999997
 10
7.290469454956054
 20
-75.85737381591797
 10
7.202933666992187
 20
-76.05693896484374
 10
7.107425430297851
 20
-76.25979927978516
 10
7.003691601562498
 20
-76.46544609375
 10
6.891479037475585
 20
-76.67337073974609
 10
6.770534594726562
 20
-76.88306455078127
 10
6.640605130004884
 20
-77.09401885986327
 10
6.501437499999999
 20
-77.305725
 10
6.352778561401365
 20
-77.51767430419922
 10
6.274810744094847
 20
-77.6235811843872
 10
6.194375170898437
 20
-77.72935810546875
 10
6.111440198898315
 20
-77.83494148406983
 10
6.025974185180661
 20
-77.94026773681641
 10
5.937945486831664
 20
-78.04527328033447
 10
5.847322460937499
 20
-78.14989453125
 10
5.754073464584351
 20
-78.25406790618895
 10
5.658166854858398
 20
-78.35772982177734
 10
5.559570988845826
 20
-78.46081669464111
 10
5.458254223632813
 20
-78.56326494140624
 10
5.354184916305543
 20
-78.66501097869871
 10
5.247331423950198
 20
-78.76599122314451
 10
5.137662103652957
 20
-78.86614209136962
 10
5.025145312499998
 20
-78.9654
 10
4.909749407577508
 20
-79.06370136566161
 10
4.791442745971673
 20
-79.16098260498049
 10
4.67019368476867
 20
-79.25718013458252
 10
4.545970581054683
 20
-79.35223037109375
 10
4.418741791915889
 20
-79.44606973114014
 10
4.288475674438473
 20
-79.53863463134766
 10
4.155140585708614
 20
-79.6298614883423
 10
4.018704882812495
 20
-79.71968671875003
 10
3.879136922836301
 20
-79.80804673919678
 10
3.736405062866207
 20
-79.89487796630857
 10
3.590477659988401
 20
-79.98011681671143
 10
3.441323071289061
 20
-80.06369970703124
 10
3.288909653854368
 20
-80.14556305389403
 10
3.133205764770506
 20
-80.22564327392577
 10
2.974179761123656
 20
-80.30387678375245
 10
2.811799999999999
 20
-80.38020000000001
 10
2.730054273986815
 20
-80.62590525016785
 10
2.647055969238282
 20
-80.86617549743651
 10
2.562769645690918
 20
-81.10106904945373
 10
2.477159863281252
 20
-81.33064421386718
 10
2.390191181945803
 20
-81.5549592983246
 10
2.301828161621096
 20
-81.77407261047362
 10
2.212035362243654
 20
-81.98804245796205
 10
2.120777343749999
 20
-82.19692714843752
 10
2.028018666076656
 20
-82.40078498954774
 10
1.933723889160154
 20
-82.59967428894043
 10
1.837857572937009
 20
-82.7936533542633
 10
1.740384277343747
 20
-82.98278049316406
 10
1.641268562316893
 20
-83.16711401329042
 10
1.540474987792969
 20
-83.34671222229005
 10
1.437968113708496
 20
-83.52163342781066
 10
1.3337125
 20
-83.69193593749997
 10
1.227672706604004
 20
-83.85767805900574
 10
1.119813293457034
 20
-84.01891809997557
 10
1.010098820495608
 20
-84.17571436805722
 10
0.8984938476562533
 20
-84.32812517089843
 10
0.7849629348754926
 20
-84.47620881614684
 10
0.6694706420898489
 20
-84.62002361145017
 10
0.5519815292358448
 20
-84.75962786445618
 10
0.432460156250002
 20
-84.8950798828125
 10
0.310871083068845
 20
-85.02643797416688
 10
0.1871788696289047
 20
-85.15376044616699
 10
0.0613480758666982
 20
-85.27710560646058
 10
-0.06665673828125
 20
-85.3965317626953
 10
-0.1968710128784177
 20
-85.51209722251892
 10
-0.3293301879882802
 20
-85.62386029357908
 10
-0.4640697036743148
 20
-85.73187928352355
 10
-0.6011249999999972
 20
-85.83621249999998
 10
-0.7405315170288052
 20
-85.93691825065613
 10
-0.8823246948242145
 20
-86.03405484313965
 10
-1.026539973449702
 20
-86.12768058509827
 10
-1.173212792968744
 20
-86.21785378417968
 10
-1.322378593444817
 20
-86.30463274803162
 10
-1.474072814941399
 20
-86.38807578430176
 10
-1.628330897521963
 20
-86.46824120063779
 10
-1.785188281249995
 20
-86.54518730468749
 10
-1.944680406188965
 20
-86.61897240409851
 10
-2.106842712402344
 20
-86.68965480651856
 10
-2.271710639953613
 20
-86.75729281959533
 10
-2.439319628906249
 20
-86.82194475097656
 10
-2.609705119323729
 20
-86.88366890830995
 10
-2.782902551269528
 20
-86.94252359924316
 10
-2.958947364807124
 20
-86.99856713142393
 10
-3.137874999999995
 20
-87.05185781249998
 10
-3.319720896911614
 20
-87.102453950119
 10
-3.504520495605461
 20
-87.1504138519287
 10
-3.692309236145011
 20
-87.19579582557678
 10
-3.883122558593747
 20
-87.23865817871093
 10
-4.07699590301514
 20
-87.27905921897889
 10
-4.27396470947266
 20
-87.31705725402832
 10
-4.474064418029787
 20
-87.35271059150695
 10
-4.677330468750001
 20
-87.38607753906249
 10
-4.883798301696778
 20
-87.41721640434263
 10
-5.093503356933592
 20
-87.44618549499509
 10
-5.306481074523923
 20
-87.47304311866761
 10
-5.522766894531248
 20
-87.49784758300782
 10
-5.742396257019039
 20
-87.52065719566344
 10
-5.965404602050776
 20
-87.54153026428223
 10
-6.191827369689934
 20
-87.56052509651183
 10
-6.4217
 20
-87.57769999999998
 10
-6.823996319580084
 20
-87.60443727111816
 10
-7.227061572265629
 20
-87.6283149658203
 10
-7.630850823974612
 20
-87.64946003112793
 10
-8.035319140625
 20
-87.66799941406251
 10
-8.440421588134766
 20
-87.68406006164552
 10
-8.846113232421874
 20
-87.69776892089844
 10
-9.252349139404296
 20
-87.70925293884276
 10
-9.659084374999997
 20
-87.71863906250001
 10
-10.47387309570312
 20
-87.73162541503905
 10
-11.290119921875
 20
-87.7377435546875
 10
-12.10746538085938
 20
-87.73800905761719
 10
-12.92555
 20
-87.73343750000002
 10
-13.74401430664062
 20
-87.72504445800782
 10
-14.562498828125
 20
-87.71384550781249
 10
-16.19809062500001
 20
-87.68709218749998
 10
-17.829449609375
 20
-87.6613021484375
 10
-18.64264311523437
 20
-87.65130729980468
 10
-19.4537
 20
-87.64459999999999
 10
-19.4537
 20
-88.71259999999999
 10
4.169299999999999
 20
-88.71259999999999
 10
4.146060260772705
 20
-88.64633207626345
 10
4.124172906494139
 20
-88.57391032104491
 10
4.103737294769286
 20
-88.49562650833126
 10
4.084852783203123
 20
-88.41177241210937
 10
4.067618729400633
 20
-88.32263980636595
 10
4.052134490966796
 20
-88.22852046508787
 10
4.038499425506591
 20
-88.12970616226193
 10
4.026812890625
 20
-88.02648867187498
 10
4.017174243927001
 20
-87.91915976791381
 10
4.009682843017577
 20
-87.80801122436521
 10
4.004438045501708
 20
-87.69333481521606
 10
4.001539208984374
 20
-87.57542231445311
 10
4.001085691070557
 20
-87.45456549606323
 10
4.003176849365233
 20
-87.33105613403319
 10
4.007912041473388
 20
-87.20518600234983
 10
4.015390625
 20
-87.07724687499998
 10
4.025711957550048
 20
-86.94753052597047
 10
4.038975396728516
 20
-86.81632872924804
 10
4.055280300140381
 20
-86.68393325881957
 10
4.074726025390626
 20
-86.55063588867188
 10
4.097411930084228
 20
-86.41672839279175
 10
4.123437371826173
 20
-86.28250254516601
 10
4.152901708221436
 20
-86.14825011978147
 10
4.185904296875
 20
-86.014262890625
 10
4.222544495391846
 20
-85.88083263168334
 10
4.262921661376953
 20
-85.74825111694336
 10
4.307135152435304
 20
-85.61681012039185
 10
4.355284326171875
 20
-85.48680141601563
 10
4.407468540191652
 20
-85.35851677780151
 10
4.46378715209961
 20
-85.23224797973632
 10
4.524339519500733
 20
-85.10828679580688
 10
4.589224999999999
 20
-84.98692500000002
 10
4.658542951202391
 20
-84.86845436630249
 10
4.732392730712889
 20
-84.75316666870117
 10
4.810873696136473
 20
-84.64135368118286
 10
4.894085205078123
 20
-84.5333071777344
 10
4.982126615142821
 20
-84.42931893234256
 10
5.075097283935545
 20
-84.32968071899415
 10
5.173096569061277
 20
-84.23468431167604
 10
5.276223828124997
 20
-84.14462148437502
 10
5.384578418731686
 20
-84.05978401107791
 10
5.498259698486325
 20
-83.98046366577151
 10
5.617367024993893
 20
-83.90695222244264
 10
5.678986505031577
 20
-83.87246601839066
 10
5.741999755859371
 20
-83.83954145507813
 10
5.806419197177888
 20
-83.80821500425341
 10
5.87225724868774
 20
-83.7785231376648
 10
5.939526330089559
 20
-83.75050232706071
 10
6.00823886108398
 20
-83.72418904418942
 10
6.078407261371613
 20
-83.6996197607994
 10
6.150043950653071
 20
-83.67683094863892
 10
6.223161348628986
 20
-83.65585907945634
 10
6.297771874999994
 20
-83.63674062500001
 10
6.373887949466705
 20
-83.61951205701828
 10
6.451521991729729
 20
-83.60420984725953
 10
6.530686421489702
 20
-83.59087046747207
 10
6.611393658447258
 20
-83.57953038940431
 10
6.693656122303007
 20
-83.57022608480454
 10
6.777486232757561
 20
-83.56299402542115
 10
6.86289640951155
 20
-83.55787068300248
 10
6.949899072265616
 20
-83.55489252929688
 10
7.038506640720364
 20
-83.5540960360527
 10
7.128731534576406
 20
-83.55551767501831
 10
7.220586173534377
 20
-83.55919391794206
 10
7.314082977294912
 20
-83.56516123657227
 10
7.409234365558622
 20
-83.57345610265729
 10
7.506052758026112
 20
-83.58411498794554
 10
7.604550574398023
 20
-83.59717436418534
 10
7.704740234374987
 20
-83.612670703125
 10
7.80663415765762
 20
-83.6306404765129
 10
7.910244763946519
 20
-83.6511201560974
 10
8.015584472942331
 20
-83.67414621362687
 10
8.12266570434569
 20
-83.69975512084963
 10
8.231500877857202
 20
-83.72798334951399
 10
8.342102413177476
 20
-83.75886737136841
 10
8.454482730007148
 20
-83.79244365816115
 10
8.568654248046859
 20
-83.82874868164062
 10
8.684629386997215
 20
-83.86781891355514
 10
8.802420566558822
 20
-83.90969082565307
 10
8.922040206432319
 20
-83.95440088968276
 10
9.043500726318344
 20
-84.00198557739257
 10
9.291994084930424
 20
-84.10592471084596
 10
9.548
 20
-84.2218
 10
9.491838997268676
 20
-83.96597819480895
 10
9.44283922424316
 20
-83.71822399597167
 10
9.400844283676144
 20
-83.47840891609191
 10
9.36569777832031
 20
-83.24640446777342
 10
9.337243310928343
 20
-83.02208216361998
 10
9.315324484252927
 20
-82.80531351623533
 10
9.299784901046752
 20
-82.59597003822326
 10
9.290468164062499
 20
-82.39392324218748
 10
9.287217876052855
 20
-82.19904464073179
 10
9.289877639770507
 20
-82.01120574645996
 10
9.298291057968141
 20
-81.8302780719757
 10
9.312301733398435
 20
-81.65613312988279
 10
9.331753268814088
 20
-81.48864243278502
 10
9.356489266967773
 20
-81.32767749328612
 10
9.386353330612184
 20
-81.17310982398986
 10
9.421189062499999
 20
-81.02481093749998
 10
9.460840065383912
 20
-80.8826523464203
 10
9.505149942016604
 20
-80.74650556335448
 10
9.553962295150755
 20
-80.61624210090636
 10
9.607120727539061
 20
-80.4917334716797
 10
9.664468841934203
 20
-80.37285118827819
 10
9.725850241088867
 20
-80.25946676330567
 10
9.791108527755735
 20
-80.15145170936584
 10
9.860087304687498
 20
-80.04867753906252
 10
9.932630174636837
 20
-79.95101576499937
 10
10.00858074035644
 20
-79.85833789978027
 10
10.087782604599
 20
-79.77051545600891
 10
10.17007937011719
 20
-79.68741994628906
 10
10.25531463966369
 20
-79.60892288322449
 10
10.34333201599121
 20
-79.53489577941896
 10
10.43397510185241
 20
-79.4652101474762
 10
10.5270875
 20
-79.3997375
 10
10.62251281318664
 20
-79.33834934959411
 10
10.72009464416503
 20
-79.28091720886229
 10
10.81967659568786
 20
-79.22731259040832
 10
10.92110227050781
 20
-79.17740700683594
 10
11.02421527137756
 20
-79.1310719707489
 10
11.1288592010498
 20
-79.08817899475099
 10
11.23487766227721
 20
-79.04859959144592
 10
11.34211425781249
 20
-79.0122052734375
 10
11.45041259040832
 20
-78.97886755332947
 10
11.55961626281738
 20
-78.9484579437256
 10
11.66956887779235
 20
-78.92084795722961
 10
11.78011403808593
 20
-78.89590910644532
 10
11.8910953464508
 20
-78.87351290397645
 10
12.00235640563964
 20
-78.85353086242675
 10
12.11374081840515
 20
-78.83583449440002
 10
12.2250921875
 20
-78.82029531249999
 10
12.44707020568848
 20
-78.79517455749513
 10
12.66703928222657
 20
-78.77714069824219
 10
12.88374823913574
 20
-78.76516583557128
 10
13.0959458984375
 20
-78.7582220703125
 10
13.30238108215332
 20
-78.7552815032959
 10
13.50180261230469
 20
-78.75531623535156
 10
13.8746
 20
-78.7602
 10
13.9172
 20
-78.7599
 10
13.9595
 20
-78.7602
 10
14.33227763671876
 20
-78.75531623535156
 10
14.53168873291017
 20
-78.7552815032959
 10
14.73811328125001
 20
-78.7582220703125
 10
14.95030023193361
 20
-78.7651658355713
 10
15.16699853515626
 20
-78.77714069824219
 10
15.38695714111329
 20
-78.79517455749513
 10
15.60892500000001
 20
-78.82029531249999
 10
15.72027144622805
 20
-78.83583449440002
 10
15.83165106201173
 20
-78.85353086242675
 10
15.94290746612549
 20
-78.87351290397645
 10
16.05388427734376
 20
-78.89590910644532
 10
16.16442511444094
 20
-78.92084795722962
 10
16.27437359619142
 20
-78.9484579437256
 10
16.38357334136963
 20
-78.97886755332947
 10
16.49186796875001
 20
-79.0122052734375
 10
16.59910109710695
 20
-79.04859959144592
 10
16.70511634521484
 20
-79.08817899475099
 10
16.80975733184815
 20
-79.13107197074889
 10
16.91286767578126
 20
-79.17740700683594
 10
17.01429099578859
 20
-79.22731259040833
 10
17.11387091064454
 20
-79.28091720886229
 10
17.21145103912353
 20
-79.33834934959411
 10
17.30687500000001
 20
-79.3997375
 10
17.39998641204835
 20
-79.4652101474762
 10
17.49062889404297
 20
-79.53489577941896
 10
17.5786460647583
 20
-79.60892288322449
 10
17.66388154296876
 20
-79.68741994628906
 10
17.74617894744874
 20
-79.77051545600892
 10
17.82538189697266
 20
-79.85833789978028
 10
17.90133401031494
 20
-79.95101576499937
 10
17.97387890625
 20
-80.04867753906252
 10
18.04286020355226
 20
-80.15145170936586
 10
18.1081215209961
 20
-80.25946676330567
 10
18.16950647735596
 20
-80.37285118827819
 10
18.22685869140625
 20
-80.4917334716797
 10
18.28002178192139
 20
-80.6162421009064
 10
18.32883936767578
 20
-80.7465055633545
 10
18.37315506744385
 20
-80.8826523464203
 10
18.4128125
 20
-81.0248109375
 10
18.44765528411866
 20
-81.17310982398988
 10
18.47752703857422
 20
-81.32767749328614
 10
18.50227138214111
 20
-81.48864243278502
 10
18.52173193359375
 20
-81.65613312988282
 10
18.53575231170654
 20
-81.83027807197573
 10
18.54417613525391
 20
-82.01120574645996
 10
18.54684702301025
 20
-82.19904464073179
 10
18.54360859375
 20
-82.39392324218753
 10
18.53430446624756
 20
-82.5959700382233
 10
18.51877825927735
 20
-82.80531351623535
 10
18.49687359161377
 20
-83.02208216361997
 10
18.46843408203125
 20
-83.24640446777342
 10
18.4333033493042
 20
-83.47840891609193
 10
18.39132501220703
 20
-83.71822399597169
 10
18.34234268951417
 20
-83.96597819480895
 10
18.2862
 20
-84.2218
 10
18.54219200134279
 20
-84.10592471084594
 10
18.79067175292968
 20
-84.0019855773926
 10
18.91212558860779
 20
-83.95440088968276
 10
19.03173862609862
 20
-83.90969082565311
 10
19.14952328681944
 20
-83.86781891355516
 10
19.2654919921875
 20
-83.82874868164062
 10
19.37965716362
 20
-83.79244365816115
 10
19.49203122253419
 20
-83.75886737136841
 10
19.60262659034728
 20
-83.72798334951403
 10
19.71145568847656
 20
-83.69975512084963
 10
19.81853093833924
 20
-83.67414621362687
 10
19.92386476135252
 20
-83.65112015609742
 10
20.0274695789337
 20
-83.63064047651292
 10
20.12935781249999
 20
-83.612670703125
 10
20.22954188346863
 20
-83.59717436418534
 10
20.32803421325684
 20
-83.58411498794557
 10
20.42484722328184
 20
-83.57345610265733
 10
20.51999333496093
 20
-83.56516123657227
 10
20.6134849697113
 20
-83.55919391794206
 10
20.70533454895017
 20
-83.55551767501831
 10
20.79555449409483
 20
-83.5540960360527
 10
20.88415722656249
 20
-83.55489252929688
 10
20.97115516777038
 20
-83.55787068300248
 10
21.05656073913574
 20
-83.56299402542115
 10
21.14038636207579
 20
-83.57022608480454
 10
21.2226444580078
 20
-83.57953038940427
 10
21.30334744834899
 20
-83.59087046747207
 10
21.38250775451658
 20
-83.60420984725951
 10
21.46013779792784
 20
-83.61951205701826
 10
21.53624999999999
 20
-83.63674062500001
 10
21.61085678215027
 20
-83.6558590794563
 10
21.6839705657959
 20
-83.67683094863892
 10
21.75560377235411
 20
-83.6996197607994
 10
21.82576882324218
 20
-83.72418904418946
 10
21.89447813987731
 20
-83.75050232706071
 10
21.96174414367674
 20
-83.7785231376648
 10
22.02757925605772
 20
-83.80821500425339
 10
22.09199589843749
 20
-83.83954145507813
 10
22.15500649223328
 20
-83.87246601839065
 10
22.2166234588623
 20
-83.90695222244263
 10
22.33572619628905
 20
-83.98046366577148
 10
22.44940348205564
 20
-84.05978401107786
 10
22.55775468749999
 20
-84.14462148437499
 10
22.66087918395996
 20
-84.23468431167602
 10
22.75887634277343
 20
-84.32968071899413
 10
22.8518455352783
 20
-84.42931893234252
 10
22.93988613281249
 20
-84.53330717773438
 10
23.02309750671386
 20
-84.64135368118284
 10
23.10157902832031
 20
-84.75316666870117
 10
23.17543006896973
 20
-84.8684543663025
 10
23.24475
 20
-84.98692500000002
 10
23.30963819274902
 20
-85.10828679580688
 10
23.37019401855468
 20
-85.23224797973632
 10
23.42651684875489
 20
-85.35851677780152
 10
23.47870605468751
 20
-85.48680141601563
 10
23.52686100769044
 20
-85.61681012039187
 10
23.57108107910157
 20
-85.74825111694337
 10
23.61146564025879
 20
-85.88083263168336
 10
23.6481140625
 20
-86.01426289062501
 10
23.68112571716309
 20
-86.14825011978151
 10
23.71059997558594
 20
-86.28250254516604
 10
23.73663620910645
 20
-86.41672839279175
 10
23.7593337890625
 20
-86.55063588867189
 10
23.77879208679199
 20
-86.68393325881963
 10
23.79511047363281
 20
-86.81632872924806
 10
23.80838832092285
 20
-86.94753052597047
 10
23.818725
 20
-87.07724687500002
 10
23.82621988220215
 20
-87.20518600234987
 10
23.83097233886719
 20
-87.33105613403321
 10
23.833081741333
 20
-87.45456549606323
 10
23.8326474609375
 20
-87.57542231445315
 10
23.82976886901855
 20
-87.69333481521609
 10
23.82454533691406
 20
-87.80801122436526
 10
23.81707623596191
 20
-87.91915976791381
 10
23.8074609375
 20
-88.026488671875
 10
23.79579881286621
 20
-88.12970616226197
 10
23.78218923339843
 20
-88.22852046508787
 10
23.76673157043457
 20
-88.32263980636595
 10
23.7495251953125
 20
-88.41177241210937
 10
23.73066947937011
 20
-88.49562650833131
 10
23.71026379394531
 20
-88.57391032104493
 10
23.68840751037598
 20
-88.64633207626344
 10
23.6652
 20
-88.71259999999999
 10
47.2873
 20
-88.71259999999999
 10
47.2873
 20
-87.64459999999999
 10
46.47636513671872
 20
-87.65130729980468
 10
45.66327578124997
 20
-87.6613021484375
 10
44.03207499999997
 20
-87.6870921875
 10
42.39658046874997
 20
-87.71384550781249
 10
41.57812392578122
 20
-87.72504445800782
 10
40.75967499999997
 20
-87.73343750000002
 10
39.94159404296873
 20
-87.73800905761719
 10
39.12424140624999
 20
-87.7377435546875
 10
38.30797744140624
 20
-87.73162541503905
 10
37.49316249999999
 20
-87.71863906250001
 10
37.08641102294921
 20
-87.70925293884276
 10
36.68015693359375
 20
-87.69776892089844
 10
36.2744452758789
 20
-87.68406006164552
 10
35.86932109375001
 20
-87.66799941406247
 10
35.46482943115235
 20
-87.64946003112793
 10
35.06101533203125
 20
-87.6283149658203
 10
34.65792384033203
 20
-87.60443727111816
 10
34.2556
 20
-87.57769999999998
 10
34.02572275581358
 20
-87.56052509651183
 10
33.79929552307129
 20
-87.54153026428223
 10
33.57628286399843
 20
-87.52065719566344
 10
33.35664934082031
 20
-87.49784758300782
 10
33.14035951576232
 20
-87.47304311866761
 10
32.92737795104981
 20
-87.44618549499509
 10
32.7176692089081
 20
-87.41721640434263
 10
32.51119785156251
 20
-87.38607753906249
 10
32.3079284412384
 20
-87.35271059150695
 10
32.10782554016115
 20
-87.31705725402832
 10
31.91085371055605
 20
-87.27905921897889
 10
31.71697751464845
 20
-87.23865817871097
 10
31.52616151466369
 20
-87.19579582557678
 10
31.33837027282716
 20
-87.1504138519287
 10
31.15356835136416
 20
-87.102453950119
 10
30.97172031250001
 20
-87.05185781249998
 10
30.79279071846008
 20
-86.99856713142393
 10
30.61674413146974
 20
-86.94252359924316
 10
30.4435451137543
 20
-86.88366890830995
 10
30.27315822753908
 20
-86.82194475097656
 10
30.10554803504945
 20
-86.75729281959533
 10
29.94067909851076
 20
-86.68965480651856
 10
29.77851598014835
 20
-86.61897240409853
 10
29.61902324218752
 20
-86.54518730468749
 10
29.46216544685365
 20
-86.46824120063781
 10
29.30790715637209
 20
-86.38807578430176
 10
29.15621293296818
 20
-86.30463274803163
 10
29.00704733886721
 20
-86.21785378417971
 10
28.86037493629457
 20
-86.12768058509828
 10
28.71616028747559
 20
-86.03405484313965
 10
28.57436795463561
 20
-85.93691825065613
 10
28.4349625
 20
-85.83621249999998
 10
28.29790848579408
 20
-85.73187928352355
 10
28.16317047424318
 20
-85.62386029357908
 10
28.03071302757262
 20
-85.51209722251892
 10
27.90050070800781
 20
-85.3965317626953
 10
27.77249807777402
 20
-85.27710560646054
 10
27.64666969909667
 20
-85.15376044616699
 10
27.52298013420105
 20
-85.02643797416688
 10
27.40139394531248
 20
-84.89507988281248
 10
27.28187569465636
 20
-84.75962786445617
 10
27.164389944458
 20
-84.62002361145017
 10
27.04890125694275
 20
-84.47620881614684
 10
26.93537419433593
 20
-84.32812517089843
 10
26.8237733188629
 20
-84.17571436805722
 10
26.71406319274901
 20
-84.01891809997556
 10
26.60620837821961
 20
-83.85767805900574
 10
26.5001734375
 20
-83.69193593749997
 10
26.39592293281554
 20
-83.52163342781064
 10
26.2934214263916
 20
-83.34671222229005
 10
26.19263348045349
 20
-83.16711401329042
 10
26.09352365722656
 20
-82.98278049316406
 10
25.99605651893615
 20
-82.7936533542633
 10
25.90019662780761
 20
-82.59967428894043
 10
25.80590854606629
 20
-82.40078498954774
 10
25.7131568359375
 20
-82.1969271484375
 10
25.6219060596466
 20
-81.98804245796202
 10
25.53212077941894
 20
-81.77407261047362
 10
25.44376555747986
 20
-81.5549592983246
 10
25.35680495605469
 20
-81.33064421386718
 10
25.27120353736877
 20
-81.10106904945372
 10
25.18692586364746
 20
-80.86617549743651
 10
25.10393649711609
 20
-80.62590525016785
 10
25.0222
 20
-80.38020000000001
 10
24.85982470817565
 20
-80.30387678375245
 10
24.70080274353029
 20
-80.22564327392577
 10
24.54510247230531
 20
-80.14556305389406
 10
24.39269226074219
 20
-80.06369970703124
 10
24.2435404750824
 20
-79.98011681671143
 10
24.09761548156739
 20
-79.89487796630857
 10
23.95488564643861
 20
-79.80804673919678
 10
23.8153193359375
 20
-79.71968671875003
 10
23.67888491630553
 20
-79.6298614883423
 10
23.54555075378418
 20
-79.53863463134766
 10
23.41528521461488
 20
-79.44606973114014
 10
23.28805666503907
 20
-79.35223037109375
 10
23.16383347129821
 20
-79.25718013458252
 10
23.04258399963379
 20
-79.16098260498049
 10
22.92427661628724
 20
-79.06370136566161
 10
22.80887968750001
 20
-78.9654
 10
22.69636157951355
 20
-78.86614209136962
 10
22.58669065856934
 20
-78.76599122314456
 10
22.47983529090883
 20
-78.66501097869875
 10
22.37576384277344
 20
-78.56326494140628
 10
22.27444468040466
 20
-78.46081669464111
 10
22.17584617004395
 20
-78.35772982177734
 10
22.07993667793275
 20
-78.25406790618898
 10
21.98668457031251
 20
-78.14989453125001
 10
21.89605821342468
 20
-78.04527328033445
 10
21.80802597351075
 20
-77.94026773681641
 10
21.72255621681215
 20
-77.83494148406983
 10
21.63961730957032
 20
-77.72935810546875
 10
21.55917761802673
 20
-77.6235811843872
 10
21.48120550842286
 20
-77.51767430419923
 10
21.33253750000001
 20
-77.30572500000002
 10
21.1933602142334
 20
-77.09401885986328
 10
21.06342058105469
 20
-76.88306455078127
 10
20.94246553039551
 20
-76.67337073974609
 10
20.8302419921875
 20
-76.46544609375
 10
20.72649689636231
 20
-76.25979927978516
 10
20.63097717285157
 20
-76.05693896484376
 10
20.54342975158692
 20
-75.85737381591797
 10
20.4636015625
 20
-75.6616125
 10
20.39123953552246
 20
-75.47016368408201
 10
20.32609060058594
 20
-75.28353603515627
 10
20.26790168762208
 20
-75.10223822021486
 10
20.2164197265625
 20
-74.92677890625002
 10
20.17139164733887
 20
-74.75766676025391
 10
20.13256437988282
 20
-74.59541044921877
 10
20.09968485412598
 20
-74.4405186401367
 10
20.0725
 20
-74.29349999999999
 10
19.9248421321869
 20
-74.37884842185972
 10
19.77826820983887
 20
-74.45888874206544
 10
19.63280587959289
 20
-74.53373541755677
 10
19.48848278808592
 20
-74.60350290527344
 10
19.34532658195493
 20
-74.66830566215516
 10
19.20336490783689
 20
-74.72825814514161
 10
19.06262541236877
 20
-74.78347481117248
 10
18.92313574218748
 20
-74.8340701171875
 10
18.78492354393003
 20
-74.88015852012634
 10
18.64801646423339
 20
-74.9218544769287
 10
18.5124421497345
 20
-74.95927244453429
 10
18.3782282470703
 20
-74.99252687988281
 10
18.24540240287779
 20
-75.02173223991395
 10
18.11399226379394
 20
-75.04700298156738
 10
17.98402547645569
 20
-75.06845356178283
 10
17.8555296875
 20
-75.0861984375
 10
17.72853254356383
 20
-75.10035206565856
 10
17.60306169128418
 20
-75.11102890319825
 10
17.47914477729798
 20
-75.11834340705871
 10
17.35680944824218
 20
-75.12241003417971
 10
17.23608335075377
 20
-75.12334324150085
 10
17.11699413146972
 20
-75.12125748596192
 10
16.99956943702698
 20
-75.11626722450256
 10
16.8838369140625
 20
-75.10848691406249
 10
16.76982420921325
 20
-75.0980310115814
 10
16.65755896911621
 20
-75.08501397399903
 10
16.54706884040833
 20
-75.06955025825502
 10
16.43838146972656
 20
-75.05175432128907
 10
16.33152450370788
 20
-75.03174062004089
 10
16.22652558898926
 20
-75.0096236114502
 10
16.12341237220765
 20
-74.98551775245665
 10
16.0222125
 20
-74.95953750000002
 10
15.92295361900329
 20
-74.9317973110199
 10
15.82566337585449
 20
-74.90241164245606
 10
15.63709938964844
 20
-74.83916169433594
 10
15.45674171447754
 20
-74.77070331115722
 10
15.2848115234375
 20
-74.69795214843752
 10
15.12152998962403
 20
-74.62182386169435
 10
14.96711828613282
 20
-74.54323410644531
 10
14.82179758605957
 20
-74.46309853820801
 10
14.6857890625
 20
-74.38233281250003
 10
14.55931388854981
 20
-74.30185258483888
 10
14.44259323730469
 20
-74.22257351074221
 10
14.33584828186036
 20
-74.14541124572754
 10
14.23930019531251
 20
-74.07128144531252
 10
14.15317015075684
 20
-74.00109976501465
 10
14.07767932128907
 20
-73.93578186035156
 10
14.01304888000488
 20
-73.87624338684083
 10
13.9595
 20
-73.82340000000001
  0
LWPOLYLINE
  5
76
330
262D
100
AcDbEntity
  8
LAYER_1
100
AcDbPolyline
 90
      634
 70
     1
 43
0.0
 10
13.9172
 20
-64.4114
 10
13.8746
 20
-64.411
 10
13.50180261230469
 20
-64.41592004394532
 10
13.30238108215332
 20
-64.41597194519044
 10
13.0959458984375
 20
-64.41304785156249
 10
12.88374823913574
 20
-64.4061198272705
 10
12.66703928222656
 20
-64.39415993652343
 10
12.44707020568848
 20
-64.37614024353027
 10
12.2250921875
 20
-64.35103281249999
 10
12.11374081840515
 20
-64.33549996528626
 10
12.00235640563965
 20
-64.3178097076416
 10
11.89109534645081
 20
-64.29783354759218
 10
11.78011403808594
 20
-64.27544299316406
 10
11.66956887779236
 20
-64.25050955238342
 10
11.55961626281738
 20
-64.22290473327638
 10
11.45041259040833
 20
-64.19250004386903
 10
11.3421142578125
 20
-64.15916699218751
 10
11.23487766227722
 20
-64.12277708625794
 10
11.1288592010498
 20
-64.08320183410646
 10
11.02421527137756
 20
-64.04031274375916
 10
10.92110227050781
 20
-63.99398132324218
 10
10.81967659568787
 20
-63.94407908058166
 10
10.72009464416504
 20
-63.89047752380371
 10
10.62251281318665
 20
-63.83304816093446
 10
10.5270875
 20
-63.7716625
 10
10.43397510185242
 20
-63.70619204902649
 10
10.34333201599121
 20
-63.63650831604004
 10
10.2553146396637
 20
-63.56248280906678
 10
10.17007937011719
 20
-63.4839870361328
 10
10.087782604599
 20
-63.40089250526429
 10
10.00858074035644
 20
-63.31307072448731
 10
9.932630174636841
 20
-63.22039320182801
 10
9.860087304687498
 20
-63.1227314453125
 10
9.791108527755735
 20
-63.01995696296692
 10
9.725850241088867
 20
-62.91194126281738
 10
9.664468841934203
 20
-62.79855585289
 10
9.607120727539061
 20
-62.67967224121093
 10
9.553962295150755
 20
-62.55516193580628
 10
9.505149942016604
 20
-62.42489644470214
 10
9.460840065383912
 20
-62.28874727592469
 10
9.421189062499999
 20
-62.1465859375
 10
9.386353330612184
 20
-61.99828393745423
 10
9.356489266967773
 20
-61.84371278381348
 10
9.331753268814088
 20
-61.68274398460388
 10
9.31230173339844
 20
-61.51524904785157
 10
9.298291057968141
 20
-61.34109948158265
 10
9.289877639770507
 20
-61.16016679382325
 10
9.287217876052855
 20
-60.97232249259949
 10
9.290468164062499
 20
-60.7774380859375
 10
9.299784901046752
 20
-60.5753850818634
 10
9.315324484252929
 20
-60.36603498840332
 10
9.337243310928343
 20
-60.14925931358338
 10
9.365697778320312
 20
-59.92492956542968
 10
9.400844283676148
 20
-59.69291725196838
 10
9.442839224243163
 20
-59.45309388122558
 10
9.491838997268677
 20
-59.20533096122742
 10
9.548
 20
-58.9495
 10
9.296565340042116
 20
-59.06335843620301
 10
9.052376724243165
 20
-59.16570840759277
 10
8.815340011215212
 20
-59.25682597084045
 10
8.585361059570315
 20
-59.33698718261719
 10
8.472988825082783
 20
-59.37304542441368
 10
8.362345727920533
 20
-59.40646809959411
 10
8.253420000410081
 20
-59.43728971524238
 10
8.146199874877932
 20
-59.46554477844239
 10
8.040673583650592
 20
-59.491267796278
 10
7.93682935905457
 20
-59.51449327583313
 10
7.83465543341637
 20
-59.53525572419166
 10
7.7341400390625
 20
-59.5535896484375
 10
7.635271408319471
 20
-59.56952955565453
 10
7.538037773513792
 20
-59.58310995292663
 10
7.442427366971968
 20
-59.59436534733772
 10
7.348428421020507
 20
-59.60333024597168
 10
7.256029167985913
 20
-59.61003915591239
 10
7.165217840194702
 20
-59.61452658424378
 10
7.075982669973372
 20
-59.61682703804971
 10
6.988311889648436
 20
-59.61697502441406
 10
6.902193731546401
 20
-59.61500505042076
 10
6.817616427993772
 20
-59.61095162315369
 10
6.734568211317061
 20
-59.60484924969672
 10
6.653037313842772
 20
-59.59673243713378
 10
6.573011967897416
 20
-59.58663569254875
 10
6.494480405807497
 20
-59.5745935230255
 10
6.417430859899521
 20
-59.56064043564796
 10
6.341851562500001
 20
-59.54481093750001
 10
6.267730745935442
 20
-59.52713953566551
 10
6.19505664253235
 20
-59.5076607372284
 10
6.123817484617236
 20
-59.48640904927254
 10
6.054001504516604
 20
-59.46341897888185
 10
5.985596934556963
 20
-59.43872503314019
 10
5.918592007064821
 20
-59.41236171913148
 10
5.852974954366687
 20
-59.38436354393959
 10
5.788734008789062
 20
-59.35476501464844
 10
5.664333368301389
 20
-59.29090492210388
 10
5.545295944213867
 20
-59.22105749816895
 10
5.431527595138548
 20
-59.14549879951477
 10
5.322934179687499
 20
-59.0645048828125
 10
5.219421556472778
 20
-58.97835180473329
 10
5.120895584106444
 20
-58.88731562194825
 10
5.027262121200561
 20
-58.79167239112854
 10
4.938427026367188
 20
-58.69169816894532
 10
4.854296158218383
 20
-58.5876690120697
 10
4.774775375366211
 20
-58.47986097717286
 10
4.699770536422731
 20
-58.36855012092589
 10
4.629187499999999
 20
-58.2540125
 10
4.562932124710082
 20
-58.13652417106628
 10
4.500910269165038
 20
-58.01636119079589
 10
4.443027791976926
 20
-57.89379961585997
 10
4.389190551757812
 20
-57.76911550292968
 10
4.339304407119751
 20
-57.64258490867613
 10
4.293275216674805
 20
-57.51448388977051
 10
4.251008839035034
 20
-57.3850885028839
 10
4.2124111328125
 20
-57.2546748046875
 10
4.177387956619261
 20
-57.12351885185242
 10
4.145845169067383
 20
-56.9918967010498
 10
4.117688628768922
 20
-56.86008440895079
 10
4.092824194335937
 20
-56.72835803222657
 10
4.071157724380493
 20
-56.59699362754821
 10
4.052595077514649
 20
-56.46626725158692
 10
4.037042112350463
 20
-56.33645496101379
 10
4.024404687499999
 20
-56.20783281249998
 10
4.014588661575317
 20
-56.08067686271667
 10
4.007499893188476
 20
-55.95526316833495
 10
4.003044240951537
 20
-55.831867786026
 10
4.001127563476563
 20
-55.71076677246093
 10
4.00165571937561
 20
-55.5922361843109
 10
4.004534567260741
 20
-55.47655207824707
 10
4.009669965744018
 20
-55.36399051094054
 10
4.0169677734375
 20
-55.25482753906249
 10
4.026333848953247
 20
-55.14933921928404
 10
4.037674050903319
 20
-55.04780160827635
 10
4.050894237899779
 20
-54.95049076271057
 10
4.065900268554687
 20
-54.85768273925781
 10
4.082598001480103
 20
-54.76965359458924
 10
4.100893295288086
 20
-54.68667938537596
 10
4.120692008590697
 20
-54.60903616828918
 10
4.141899999999999
 20
-54.537
 10
-19.4537
 20
-54.537
 10
-19.4537
 20
-55.5264
 10
-18.64264311523437
 20
-55.51971481933596
 10
-17.829449609375
 20
-55.5097482421875
 10
-16.198090625
 20
-55.4840296875
 10
-14.56249882812501
 20
-55.4573619140625
 10
-13.74401430664063
 20
-55.44620881347658
 10
-12.92555
 20
-55.4378625
 10
-12.10746538085936
 20
-55.43333767089844
 10
-11.29011992187499
 20
-55.4336490234375
 10
-10.47387309570311
 20
-55.43981125488281
 10
-9.659084374999991
 20
-55.45283906249999
 10
-9.252349139404287
 20
-55.46224465026854
 10
-8.846113232421867
 20
-55.47374714355467
 10
-8.440421588134759
 20
-55.4874733795166
 10
-8.035319140624997
 20
-55.5035501953125
 10
-7.630850823974607
 20
-55.52210442810057
 10
-7.227061572265622
 20
-55.54326291503906
 10
-6.823996319580077
 20
-55.56715249328613
 10
-6.421700000000001
 20
-55.5939
 10
-6.191827369689942
 20
-55.61107028694152
 10
-5.965404602050783
 20
-55.63006063537597
 10
-5.742396257019044
 20
-55.65092933921814
 10
-5.522766894531252
 20
-55.67373469238281
 10
-5.306481074523927
 20
-55.6985349887848
 10
-5.093503356933596
 20
-55.72538852233886
 10
-4.883798301696781
 20
-55.75435358695985
 10
-4.677330468750006
 20
-55.7854884765625
 10
-4.474064418029791
 20
-55.81885148506163
 10
-4.273964709472663
 20
-55.85450090637206
 10
-4.076995903015145
 20
-55.89249503440857
 10
-3.883122558593758
 20
-55.93289216308594
 10
-3.692309236145028
 20
-55.97575058631896
 10
-3.504520495605478
 20
-56.02112859802247
 10
-3.319720896911616
 20
-56.06908449211122
 10
-3.137874999999997
 20
-56.1196765625
 10
-2.958947364807126
 20
-56.17296310310364
 10
-2.782902551269516
 20
-56.22900240783692
 10
-2.609705119323715
 20
-56.28785277061464
 10
-2.439319628906237
 20
-56.34957248535157
 10
-2.2717106399536
 20
-56.41421984596253
 10
-2.106842712402333
 20
-56.48185314636229
 10
-1.944680406188954
 20
-56.55253068046571
 10
-1.78518828124999
 20
-56.62631074218751
 10
-1.628330897521963
 20
-56.7032516254425
 10
-1.474072814941398
 20
-56.7834116241455
 10
-1.322378593444815
 20
-56.86684903221131
 10
-1.173212792968742
 20
-56.95362214355469
 10
-1.026539973449699
 20
-57.04378925209046
 10
-0.8823246948242127
 20
-57.13740865173341
 10
-0.7405315170288029
 20
-57.23453863639832
 10
-0.6011249999999946
 20
-57.33523750000001
 10
-0.4640697036743119
 20
-57.43956353645325
 10
-0.3293301879882773
 20
-57.54757503967285
 10
-0.1968710128784144
 20
-57.65933030357361
 10
-0.0666567382812469
 20
-57.77488762207031
 10
0.0613480758667018
 20
-57.89430528907775
 10
0.1871788696289083
 20
-58.01764159851074
 10
0.3108710830688493
 20
-58.14495484428406
 10
0.4324601562500012
 20
-58.2763033203125
 10
0.5519815292358407
 20
-58.41174532051085
 10
0.6694706420898441
 20
-58.55133913879395
 10
0.7849629348754882
 20
-58.69514306907653
 10
0.8984938476562495
 20
-58.84321540527342
 10
1.010098820495604
 20
-58.99561444129943
 10
1.119813293457029
 20
-59.15239847106932
 10
1.227672706604002
 20
-59.31362578849793
 10
1.333712499999998
 20
-59.47935468749999
 10
1.437968113708494
 20
-59.64964346199034
 10
1.540474987792965
 20
-59.82455040588377
 10
1.64126856231689
 20
-60.0041338130951
 10
1.740384277343746
 20
-60.18845197753904
 10
1.837857572937008
 20
-60.37756319313047
 10
1.933723889160151
 20
-60.57152575378417
 10
2.028018666076655
 20
-60.77039795341491
 10
2.120777343749995
 20
-60.97423808593749
 10
2.212035362243647
 20
-61.18310444526671
 10
2.301828161621087
 20
-61.39705532531736
 10
2.390191181945794
 20
-61.61614902000425
 10
2.477159863281245
 20
-61.84044382324216
 10
2.562769645690913
 20
-62.06999802894589
 10
2.647055969238274
 20
-62.30486993103025
 10
2.730054273986815
 20
-62.54511782341003
 10
2.811799999999999
 20
-62.7908
 10
2.974179761123656
 20
-62.86711860313414
 10
3.133205764770518
 20
-62.94534765319825
 10
3.288909653854381
 20
-63.02542357368468
 10
3.441323071289072
 20
-63.10728278808594
 10
3.590477659988412
 20
-63.1908617198944
 10
3.73640506286622
 20
-63.27609679260254
 10
3.879136922836312
 20
-63.36292442970275
 10
4.018704882812506
 20
-63.45128105468751
 10
4.155140585708626
 20
-63.5411030910492
 10
4.288475674438482
 20
-63.63232696228028
 10
4.418741791915899
 20
-63.72488909187317
 10
4.545970581054693
 20
-63.81872590332031
 10
4.670193684768681
 20
-63.91377382011414
 10
4.791442745971683
 20
-64.00996926574707
 10
4.909749407577518
 20
-64.10724866371158
 10
5.025145312500003
 20
-64.2055484375
 10
5.137662103652957
 20
-64.30480501060486
 10
5.247331423950198
 20
-64.40495480651854
 10
5.354184916305543
 20
-64.50593424873352
 10
5.458254223632816
 20
-64.60767976074219
 10
5.559570988845827
 20
-64.71012776603699
 10
5.6581668548584
 20
-64.81321468811035
 10
5.754073464584353
 20
-64.9168769504547
 10
5.847322460937502
 20
-65.02105097656251
 10
5.937945486831666
 20
-65.12567318992615
 10
6.025974185180665
 20
-65.2306800140381
 10
6.111440198898316
 20
-65.33600787239075
 10
6.194375170898437
 20
-65.44159318847656
 10
6.274810744094848
 20
-65.54737238578798
 10
6.352778561401366
 20
-65.65328188781736
 10
6.501437499999999
 20
-65.86523750000001
 10
6.640605130004883
 20
-66.07695141296386
 10
6.770534594726562
 20
-66.28791501464843
 10
6.891479037475584
 20
-66.49761969299314
 10
7.003691601562497
 20
-66.7055568359375
 10
7.107425430297849
 20
-66.91121783142088
 10
7.202933666992187
 20
-67.11409406738281
 10
7.290469454956052
 20
-67.31367693176268
 10
7.370285937499997
 20
-67.50945781249999
 10
7.442636257934568
 20
-67.70092809753418
 10
7.507773559570312
 20
-67.88757917480467
 10
7.565950985717771
 20
-68.06890243225097
 10
7.617421679687498
 20
-68.24438925781248
 10
7.662438784790036
 20
-68.41353103942869
 10
7.701255444335937
 20
-68.57581916503907
 10
7.734124801635741
 20
-68.73074502258299
 10
7.7613
 20
-68.87779999999999
 10
7.908958013153077
 20
-68.79246563568114
 10
8.055532366943371
 20
-68.71243934326169
 10
8.200995407867441
 20
-68.63760663604735
 10
8.345319482421883
 20
-68.56785302734374
 10
8.488476937103278
 20
-68.50306403045653
 10
8.630440118408211
 20
-68.4431251586914
 10
8.771181372833257
 20
-68.387921925354
 10
8.910673046875007
 20
-68.33733984375
 10
9.048887487030038
 20
-68.29126442718505
 10
9.185797039794927
 20
-68.24958118896484
 10
9.321374051666262
 20
-68.21217564239501
 10
9.455590869140626
 20
-68.17893330078124
 10
9.588419838714603
 20
-68.14973967742919
 10
9.719833306884769
 20
-68.12448028564452
 10
9.849803620147707
 20
-68.10304063873291
 10
9.978303125000003
 20
-68.08530624999999
 10
10.10530416793824
 20
-68.07116263275147
 10
10.23077909545898
 20
-68.06049530029297
 10
10.35470025405884
 20
-68.05318976593017
 10
10.47703999023438
 20
-68.04913154296875
 10
10.59777065048218
 20
-68.04820614471435
 10
10.71686458129883
 20
-68.05029908447266
 10
10.83429412918091
 20
-68.05529587554929
 10
10.950031640625
 20
-68.06308203125
 10
11.06404946212768
 20
-68.07354306488035
 10
11.17631994018554
 20
-68.08656448974611
 10
11.28681542129516
 20
-68.10203181915283
 10
11.39550825195312
 20
-68.11983056640625
 10
11.502370778656
 20
-68.139846244812
 10
11.60737534790039
 20
-68.16196436767578
 10
11.71049430618286
 20
-68.18607044830321
 10
11.8117
 20
-68.21205
 10
11.91096477584839
 20
-68.23978853607179
 10
12.00826098022461
 20
-68.26917156982421
 10
12.19683706054687
 20
-68.33241318359374
 10
12.37720701293945
 20
-68.4008589477539
 10
12.54914960937499
 20
-68.47359296875
 10
12.71244362182617
 20
-68.54969935302735
 10
12.86686782226562
 20
-68.62826220703126
 10
13.01220098266601
 20
-68.70836563720704
 10
13.148221875
 20
-68.78909374999999
 10
13.27470927124024
 20
-68.86953065185547
 10
13.39144194335938
 20
-68.94876044921876
 10
13.49819866333008
 20
-69.02586724853515
 10
13.594758203125
 20
-69.09993515625
 10
13.6808993347168
 20
-69.17004827880861
 10
13.75640083007812
 20
-69.23529072265624
 10
13.82104146118164
 20
-69.29474659423826
 10
13.8746
 20
-69.3475
 10
13.9172
 20
-69.3058
 10
13.9595
 20
-69.3475
 10
14.01304888000488
 20
-69.29474659423826
 10
14.07767932128907
 20
-69.23529072265624
 10
14.15317015075684
 20
-69.17004827880861
 10
14.23930019531251
 20
-69.09993515625
 10
14.33584828186036
 20
-69.02586724853515
 10
14.4425932373047
 20
-68.94876044921876
 10
14.55931388854981
 20
-68.86953065185547
 10
14.68578906250001
 20
-68.78909374999999
 10
14.82179758605958
 20
-68.70836563720704
 10
14.96711828613282
 20
-68.62826220703126
 10
15.12152998962403
 20
-68.54969935302735
 10
15.28481152343751
 20
-68.47359296875
 10
15.45674171447755
 20
-68.4008589477539
 10
15.63709938964844
 20
-68.33241318359374
 10
15.8256633758545
 20
-68.26917156982422
 10
15.9229536190033
 20
-68.23978853607179
 10
16.02221250000001
 20
-68.21205
 10
16.12341237220766
 20
-68.18607044830321
 10
16.22652558898927
 20
-68.16196436767578
 10
16.33152450370789
 20
-68.139846244812
 10
16.43838146972657
 20
-68.11983056640625
 10
16.54706884040834
 20
-68.10203181915283
 10
16.65755896911622
 20
-68.08656448974611
 10
16.76982420921325
 20
-68.07354306488035
 10
16.88383691406251
 20
-68.06308203125
 10
16.99956943702699
 20
-68.05529587554932
 10
17.11699413146973
 20
-68.05029908447264
 10
17.23608335075378
 20
-68.04820614471435
 10
17.3568094482422
 20
-68.04913154296875
 10
17.47914477729799
 20
-68.05318976593017
 10
17.60306169128419
 20
-68.06049530029297
 10
17.72853254356384
 20
-68.07116263275147
 10
17.85552968750001
 20
-68.08530624999999
 10
17.98402547645571
 20
-68.10304063873291
 10
18.11399226379395
 20
-68.12448028564452
 10
18.2454024028778
 20
-68.14973967742919
 10
18.37822824707032
 20
-68.17893330078124
 10
18.51244214973451
 20
-68.21217564239501
 10
18.64801646423339
 20
-68.24958118896486
 10
18.78492354393005
 20
-68.29126442718505
 10
18.9231357421875
 20
-68.33733984375
 10
19.06262541236879
 20
-68.387921925354
 10
19.20336490783692
 20
-68.44312515869143
 10
19.34532658195495
 20
-68.50306403045653
 10
19.48848278808594
 20
-68.56785302734374
 10
19.63280587959291
 20
-68.63760663604736
 10
19.77826820983887
 20
-68.71243934326169
 10
19.92484213218688
 20
-68.79246563568114
 10
20.0725
 20
-68.87779999999999
 10
20.09968485412598
 20
-68.73074502258299
 10
20.13256437988281
 20
-68.57581916503907
 10
20.17139164733887
 20
-68.4135310394287
 10
20.2164197265625
 20
-68.2443892578125
 10
20.26790168762207
 20
-68.06890243225097
 10
20.32609060058594
 20
-67.88757917480471
 10
20.39123953552246
 20
-67.70092809753418
 10
20.4636015625
 20
-67.5094578125
 10
20.54342975158691
 20
-67.3136769317627
 10
20.63097717285156
 20
-67.11409406738281
 10
20.7264968963623
 20
-66.91121783142091
 10
20.8302419921875
 20
-66.70555683593751
 10
20.9424655303955
 20
-66.49761969299318
 10
21.06342058105468
 20
-66.28791501464846
 10
21.1933602142334
 20
-66.07695141296386
 10
21.3325375
 20
-65.86523750000001
 10
21.48120550842286
 20
-65.65328188781736
 10
21.55917761802674
 20
-65.54737238578795
 10
21.63961730957033
 20
-65.44159318847654
 10
21.72255621681215
 20
-65.33600787239072
 10
21.80802597351075
 20
-65.23068001403807
 10
21.89605821342469
 20
-65.12567318992613
 10
21.98668457031251
 20
-65.02105097656249
 10
22.07993667793276
 20
-64.9168769504547
 10
22.17584617004396
 20
-64.81321468811035
 10
22.27444468040467
 20
-64.71012776603697
 10
22.37576384277344
 20
-64.60767976074217
 10
22.47983529090883
 20
-64.5059342487335
 10
22.58669065856935
 20
-64.40495480651854
 10
22.69636157951355
 20
-64.30480501060485
 10
22.80887968750001
 20
-64.20554843749998
 10
22.92427661628725
 20
-64.10724866371153
 10
23.0425839996338
 20
-64.00996926574705
 10
23.16383347129822
 20
-63.91377382011414
 10
23.28805666503907
 20
-63.81872590332031
 10
23.41528521461489
 20
-63.72488909187316
 10
23.54555075378419
 20
-63.63232696228028
 10
23.67888491630554
 20
-63.5411030910492
 10
23.81531933593751
 20
-63.45128105468749
 10
23.95488564643862
 20
-63.36292442970275
 10
24.09761548156739
 20
-63.27609679260253
 10
24.2435404750824
 20
-63.1908617198944
 10
24.39269226074219
 20
-63.10728278808593
 10
24.54510247230531
 20
-63.02542357368468
 10
24.70080274353029
 20
-62.94534765319823
 10
24.85982470817565
 20
-62.86711860313415
 10
25.0222
 20
-62.7908
 10
25.10393649711609
 20
-62.54511782341002
 10
25.18692586364746
 20
-62.30486993103028
 10
25.27120353736877
 20
-62.06999802894595
 10
25.35680495605469
 20
-61.84044382324219
 10
25.44376555747986
 20
-61.61614902000425
 10
25.53212077941895
 20
-61.39705532531738
 10
25.6219060596466
 20
-61.18310444526674
 10
25.7131568359375
 20
-60.9742380859375
 10
25.80590854606629
 20
-60.7703979534149
 10
25.90019662780762
 20
-60.57152575378419
 10
25.99605651893615
 20
-60.37756319313051
 10
26.09352365722656
 20
-60.18845197753908
 10
26.1926334804535
 20
-60.0041338130951
 10
26.2934214263916
 20
-59.82455040588379
 10
26.39592293281554
 20
-59.64964346199036
 10
26.5001734375
 20
-59.4793546875
 10
26.60620837821961
 20
-59.31362578849793
 10
26.71406319274902
 20
-59.15239847106935
 10
26.8237733188629
 20
-58.99561444129946
 10
26.93537419433593
 20
-58.84321540527345
 10
27.04890125694275
 20
-58.69514306907653
 10
27.16438994445801
 20
-58.55133913879395
 10
27.28187569465636
 20
-58.41174532051089
 10
27.40139394531249
 20
-58.27630332031251
 10
27.52298013420105
 20
-58.14495484428406
 10
27.64666969909667
 20
-58.01764159851074
 10
27.77249807777403
 20
-57.89430528907778
 10
27.90050070800781
 20
-57.77488762207032
 10
28.03071302757263
 20
-57.65933030357359
 10
28.16317047424316
 20
-57.54757503967287
 10
28.29790848579405
 20
-57.43956353645326
 10
28.43496249999999
 20
-57.33523750000001
 10
28.57436795463562
 20
-57.23453863639831
 10
28.71616028747557
 20
-57.13740865173341
 10
28.86037493629453
 20
-57.04378925209047
 10
29.00704733886718
 20
-56.9536221435547
 10
29.15621293296814
 20
-56.86684903221131
 10
29.30790715637206
 20
-56.78341162414553
 10
29.46216544685361
 20
-56.70325162544252
 10
29.61902324218748
 20
-56.62631074218751
 10
29.77851598014831
 20
-56.55253068046571
 10
29.94067909851072
 20
-56.48185314636231
 10
30.10554803504941
 20
-56.41421984596253
 10
30.27315822753906
 20
-56.34957248535157
 10
30.44354511375427
 20
-56.28785277061461
 10
30.61674413146971
 20
-56.22900240783692
 10
30.79279071846005
 20
-56.17296310310365
 10
30.97172031249999
 20
-56.1196765625
 10
31.15356835136414
 20
-56.06908449211122
 10
31.33837027282713
 20
-56.02112859802247
 10
31.52616151466366
 20
-55.97575058631898
 10
31.71697751464842
 20
-55.93289216308596
 10
31.91085371055603
 20
-55.89249503440857
 10
32.10782554016111
 20
-55.85450090637206
 10
32.30792844123837
 20
-55.81885148506164
 10
32.51119785156247
 20
-55.7854884765625
 10
32.71766920890807
 20
-55.75435358695985
 10
32.92737795104978
 20
-55.72538852233886
 10
33.14035951576228
 20
-55.6985349887848
 10
33.35664934082029
 20
-55.67373469238282
 10
33.5762828639984
 20
-55.65092933921814
 10
33.79929552307129
 20
-55.63006063537597
 10
34.02572275581363
 20
-55.61107028694152
 10
34.2556
 20
-55.5939
 10
34.65792384033202
 20
-55.56715249328613
 10
35.06101533203127
 20
-55.54326291503906
 10
35.46482943115237
 20
-55.52210442810057
 10
35.86932109375002
 20
-55.5035501953125
 10
36.27444527587893
 20
-55.4874733795166
 10
36.68015693359377
 20
-55.47374714355467
 10
37.08641102294925
 20
-55.46224465026854
 10
37.49316250000001
 20
-55.45283906249999
 10
38.30797744140626
 20
-55.43981125488281
 10
39.12424140625001
 20
-55.4336490234375
 10
39.94159404296875
 20
-55.43333767089844
 10
40.75967499999999
 20
-55.4378625
 10
41.57812392578125
 20
-55.44620881347658
 10
42.39658046875
 20
-55.4573619140625
 10
44.03207499999997
 20
-55.4840296875
 10
45.66327578124997
 20
-55.5097482421875
 10
46.47636513671872
 20
-55.51971481933596
 10
47.2873
 20
-55.5264
 10
47.2873
 20
-54.537
 10
23.6923
 20
-54.537
 10
23.71350323295593
 20
-54.60903616828918
 10
23.73329705505371
 20
-54.68667938537596
 10
23.75158733863831
 20
-54.76965359458922
 10
23.76827995605469
 20
-54.85768273925781
 10
23.78328077964783
 20
-54.95049076271057
 10
23.79649568176269
 20
-55.04780160827635
 10
23.80783053474426
 20
-55.14933921928404
 10
23.8171912109375
 20
-55.25482753906249
 10
23.82448358268738
 20
-55.36399051094056
 10
23.82961352233887
 20
-55.47655207824707
 10
23.83248690223695
 20
-55.59223618431089
 10
23.83300959472656
 20
-55.71076677246093
 10
23.83108747215271
 20
-55.83186778602601
 10
23.82662640686035
 20
-55.95526316833495
 10
23.81953227119446
 20
-56.08067686271666
 10
23.8097109375
 20
-56.20783281249998
 10
23.79706827812194
 20
-56.33645496101379
 10
23.78151016540527
 20
-56.4662672515869
 10
23.76294247169495
 20
-56.5969936275482
 10
23.74127106933594
 20
-56.72835803222654
 10
23.71640183067322
 20
-56.86008440895079
 10
23.68824062805176
 20
-56.9918967010498
 10
23.65669333381653
 20
-57.12351885185239
 10
23.6216658203125
 20
-57.2546748046875
 10
23.58306395988464
 20
-57.3850885028839
 10
23.54079362487793
 20
-57.51448388977049
 10
23.49476068763733
 20
-57.64258490867613
 10
23.44487102050781
 20
-57.76911550292966
 10
23.39103049583435
 20
-57.89379961585997
 10
23.33314498596192
 20
-58.01636119079589
 10
23.27112036323548
 20
-58.13652417106627
 10
23.2048625
 20
-58.25401249999998
 10
23.13427726860046
 20
-58.36855012092589
 10
23.05927054138184
 20
-58.47986097717284
 10
22.9797481906891
 20
-58.58766901206968
 10
22.89561608886719
 20
-58.6916981689453
 10
22.80678010826111
 20
-58.79167239112854
 10
22.71314612121583
 20
-58.88731562194823
 10
22.61462000007631
 20
-58.97835180473325
 10
22.51110761718751
 20
-59.06450488281249
 10
22.40251484489441
 20
-59.14549879951476
 10
22.288747555542
 20
-59.22105749816894
 10
22.16971162147524
 20
-59.29090492210386
 10
22.04531291503908
 20
-59.35476501464843
 10
21.98107310729027
 20
-59.38436354393959
 10
21.9154573085785
 20
-59.41236171913146
 10
21.84845375294687
 20
-59.43872503314017
 10
21.78005067443848
 20
-59.46341897888182
 10
21.71023630709649
 20
-59.48640904927253
 10
21.63899888496402
 20
-59.50766073722839
 10
21.56632664208415
 20
-59.52713953566551
 10
21.49220781250002
 20
-59.54481093750001
 10
21.41663063025475
 20
-59.56064043564796
 10
21.33958332939148
 20
-59.5745935230255
 10
21.26105414395335
 20
-59.58663569254875
 10
21.18103130798342
 20
-59.59673243713378
 10
21.09950305552484
 20
-59.60484924969672
 10
21.01645762062076
 20
-59.61095162315367
 10
20.93188323731425
 20
-59.61500505042076
 10
20.84576813964846
 20
-59.61697502441406
 10
20.7581005616665
 20
-59.61682703804971
 10
20.66886873741151
 20
-59.61452658424378
 10
20.57806090092662
 20
-59.61003915591239
 10
20.48566528625491
 20
-59.60333024597168
 10
20.39167012743952
 20
-59.59436534733772
 10
20.29606365852361
 20
-59.58310995292665
 10
20.19883411355022
 20
-59.56952955565453
 10
20.09996972656252
 20
-59.55358964843751
 10
19.99945873160365
 20
-59.53525572419168
 10
19.89728936271669
 20
-59.51449327583313
 10
19.79344985394481
 20
-59.491267796278
 10
19.68792843933108
 20
-59.46554477844239
 10
19.58071335291865
 20
-59.43728971524238
 10
19.47179282875066
 20
-59.40646809959414
 10
19.36115510087017
 20
-59.37304542441369
 10
19.24878840332034
 20
-59.3369871826172
 10
19.01882103538515
 20
-59.25682597084047
 10
18.78179659729004
 20
-59.16570840759277
 10
18.53762096137999
 20
-59.06335843620301
 10
18.2862
 20
-58.9495
 10
18.34234268951415
 20
-59.20533096122739
 10
18.39132501220703
 20
-59.45309388122558
 10
18.4333033493042
 20
-59.6929172519684
 10
18.46843408203125
 20
-59.92492956542971
 10
18.49687359161377
 20
-60.1492593135834
 10
18.51877825927735
 20
-60.36603498840335
 10
18.53430446624756
 20
-60.57538508186342
 10
18.54360859375
 20
-60.77743808593752
 10
18.54684702301025
 20
-60.97232249259953
 10
18.54417613525391
 20
-61.16016679382326
 10
18.53575231170655
 20
-61.34109948158265
 10
18.52173193359375
 20
-61.51524904785159
 10
18.50227138214111
 20
-61.68274398460391
 10
18.47752703857422
 20
-61.84371278381349
 10
18.44765528411864
 20
-61.99828393745423
 10
18.41281249999999
 20
-62.14658593750001
 10
18.37315506744384
 20
-62.2887472759247
 10
18.32883936767578
 20
-62.42489644470215
 10
18.28002178192138
 20
-62.55516193580628
 10
18.22685869140625
 20
-62.67967224121093
 10
18.16950647735595
 20
-62.79855585289003
 10
18.10812152099609
 20
-62.91194126281739
 10
18.04286020355225
 20
-63.01995696296692
 10
17.97387890625
 20
-63.1227314453125
 10
17.90133401031493
 20
-63.22039320182803
 10
17.82538189697264
 20
-63.31307072448731
 10
17.74617894744873
 20
-63.40089250526428
 10
17.66388154296875
 20
-63.48398703613282
 10
17.5786460647583
 20
-63.56248280906678
 10
17.49062889404297
 20
-63.63650831604004
 10
17.39998641204835
 20
-63.70619204902648
 10
17.306875
 20
-63.77166250000001
 10
17.21145103912353
 20
-63.83304816093446
 10
17.11387091064453
 20
-63.89047752380371
 10
17.01429099578858
 20
-63.94407908058166
 10
16.91286767578125
 20
-63.99398132324218
 10
16.80975733184814
 20
-64.04031274375916
 10
16.70511634521484
 20
-64.08320183410646
 10
16.59910109710695
 20
-64.12277708625793
 10
16.49186796875
 20
-64.15916699218751
 10
16.38357334136963
 20
-64.19250004386903
 10
16.27437359619141
 20
-64.22290473327638
 10
16.16442511444093
 20
-64.25050955238342
 10
16.05388427734376
 20
-64.27544299316406
 10
15.94290746612549
 20
-64.29783354759218
 10
15.83165106201173
 20
-64.3178097076416
 10
15.72027144622804
 20
-64.33549996528626
 10
15.60892500000001
 20
-64.3510328125
 10
15.38695714111329
 20
-64.37614024353027
 10
15.16699853515626
 20
-64.39415993652343
 10
14.95030023193361
 20
-64.4061198272705
 10
14.73811328125001
 20
-64.41304785156251
 10
14.53168873291017
 20
-64.41597194519044
 10
14.33227763671876
 20
-64.41592004394532
 10
13.9595
 20
-64.411
  0
LWPOLYLINE
  5
77
330
262D
100
AcDbEntity
  8
LAYER_1
100
AcDbPolyline
 90
      122
 70
     1
 43
0.0
 10
13.9172
 20
-54.537
 10
13.8304
 20
-54.537
 10
13.7222519870758
 20
-54.73324496765137
 10
13.6181574005127
 20
-54.92659333496092
 10
13.51808729362488
 20
-55.1171074859619
 10
13.42201271972656
 20
-55.30484980468749
 10
13.32990473213196
 20
-55.48988267517089
 10
13.24173438415527
 20
-55.67226848144532
 10
13.15747272911072
 20
-55.85206960754394
 10
13.0770908203125
 20
-56.02934843749999
 10
13.00055971107483
 20
-56.20416735534668
 10
12.92785045471191
 20
-56.37658874511719
 10
12.85893410453796
 20
-56.54667499084473
 10
12.79378171386719
 20
-56.7144884765625
 10
12.73236433601379
 20
-56.88009158630372
 10
12.67465302429199
 20
-57.04354670410157
 10
12.62061883201599
 20
-57.20491621398926
 10
12.5702328125
 20
-57.3642625
 10
12.52346601905823
 20
-57.521647946167
 10
12.48028950500488
 20
-57.67713493652344
 10
12.44067432365418
 20
-57.83078585510254
 10
12.40459152832031
 20
-57.9826630859375
 10
12.3720121723175
 20
-58.13282901306152
 10
12.34290730895996
 20
-58.28134602050781
 10
12.31724799156189
 20
-58.42827649230957
 10
12.2950052734375
 20
-58.5736828125
 10
12.276150207901
 20
-58.71762736511231
 10
12.2606538482666
 20
-58.86017253417968
 10
12.24848724784851
 20
-59.00138070373535
 10
12.23962145996094
 20
-59.1413142578125
 10
12.23402753791809
 20
-59.28003558044435
 10
12.23167653503418
 20
-59.41760705566406
 10
12.23253950462341
 20
-59.55409106750488
 10
12.2365875
 20
-59.68955
 10
12.24379157447815
 20
-59.82404623718261
 10
12.25412278137207
 20
-59.95764216308593
 10
12.26755217399597
 20
-60.09040016174317
 10
12.28405080566406
 20
-60.2223826171875
 10
12.30358972969055
 20
-60.35365191345214
 10
12.32613999938965
 20
-60.48427043457031
 10
12.35167266807556
 20
-60.61430056457519
 10
12.3801587890625
 20
-60.7438046875
 10
12.41156941566467
 20
-60.87284518737792
 10
12.44587560119629
 20
-61.00148444824219
 10
12.48304839897156
 20
-61.12978485412598
 10
12.52305886230469
 20
-61.2578087890625
 10
12.56587804450989
 20
-61.38561863708495
 10
12.61147699890137
 20
-61.51327678222656
 10
12.65982677879333
 20
-61.6408456085205
 10
12.7108984375
 20
-61.7683875
 10
12.76466302833557
 20
-61.89596484069824
 10
12.82109160461426
 20
-62.02364001464843
 10
12.88015521965027
 20
-62.15147540588379
 10
12.94182492675781
 20
-62.2795333984375
 10
13.0060717792511
 20
-62.40787637634277
 10
13.07286683044433
 20
-62.53656672363282
 10
13.2139857421875
 20
-62.7952390625
 10
13.36495008850098
 20
-63.05604948730469
 10
13.52552829589844
 20
-63.3194970703125
 10
13.69548879089355
 20
-63.58608088378907
 10
13.8746
 20
-63.85629999999999
 10
13.9172
 20
-63.7927
 10
13.9595
 20
-63.85629999999999
 10
14.13863788757324
 20
-63.58608088378907
 10
14.30862224121094
 20
-63.3194970703125
 10
14.46922159729004
 20
-63.05604948730469
 10
14.6202044921875
 20
-62.7952390625
 10
14.76133946228027
 20
-62.53656672363282
 10
14.8281416431427
 20
-62.40787637634278
 10
14.89239504394531
 20
-62.2795333984375
 10
14.95407073173523
 20
-62.15147540588379
 10
15.01313977355957
 20
-62.02364001464843
 10
15.06957323646545
 20
-61.89596484069824
 10
15.1233421875
 20
-61.7683875
 10
15.17441769371033
 20
-61.6408456085205
 10
15.22277082214355
 20
-61.51327678222656
 10
15.2683726398468
 20
-61.38561863708495
 10
15.31119421386719
 20
-61.25780878906248
 10
15.35120661125183
 20
-61.12978485412598
 10
15.38838089904785
 20
-61.00148444824218
 10
15.42268814430237
 20
-60.87284518737792
 10
15.4540994140625
 20
-60.7438046875
 10
15.48258577537537
 20
-60.6143005645752
 10
15.50811829528809
 20
-60.48427043457031
 10
15.53066804084778
 20
-60.35365191345214
 10
15.55020607910156
 20
-60.2223826171875
 10
15.56670347709656
 20
-60.09040016174317
 10
15.58013130187988
 20
-59.95764216308593
 10
15.59046062049866
 20
-59.82404623718261
 10
15.5976625
 20
-59.68955
 10
15.60170800743103
 20
-59.55409106750489
 10
15.60256820983887
 20
-59.41760705566407
 10
15.60021417427063
 20
-59.28003558044435
 10
15.59461696777344
 20
-59.1413142578125
 10
15.58574765739441
 20
-59.00138070373535
 10
15.57357731018066
 20
-58.86017253417968
 10
15.55807699317932
 20
-58.71762736511231
 10
15.5392177734375
 20
-58.5736828125
 10
15.51697071800232
 20
-58.42827649230956
 10
15.4913068939209
 20
-58.28134602050781
 10
15.46219736824036
 20
-58.13282901306152
 10
15.42961320800781
 20
-57.9826630859375
 10
15.39352548027039
 20
-57.83078585510254
 10
15.35390525207519
 20
-57.67713493652343
 10
15.31072359046936
 20
-57.521647946167
 10
15.2639515625
 20
-57.3642625
 10
15.21356023521423
 20
-57.20491621398926
 10
15.15952067565918
 20
-57.04354670410157
 10
15.10180395088196
 20
-56.88009158630372
 10
15.04038112792969
 20
-56.7144884765625
 10
14.97522327384949
 20
-56.54667499084473
 10
14.90630145568848
 20
-56.37658874511719
 10
14.83358674049377
 20
-56.20416735534668
 10
14.7570501953125
 20
-56.02934843749999
 10
14.67666288719177
 20
-55.85206960754395
 10
14.59239588317871
 20
-55.67226848144532
 10
14.50422025032044
 20
-55.48988267517089
 10
14.41210705566407
 20
-55.30484980468751
 10
14.31602736625671
 20
-55.1171074859619
 10
14.21595224914551
 20
-54.92659333496092
 10
14.11185277137757
 20
-54.73324496765137
 10
14.0037
 20
-54.537
  0
LINE
  5
263A
330
262D
100
AcDbEntity
  8
0
100
AcDbLine
 10
-53.4084
 20
-51.45859999999999
 30
0.0
 11
-53.4084
 21
-91.4583
 31
0.0
  0
LINE
  5
263B
330
262D
100
AcDbEntity
  8
0
100
AcDbLine
 10
63.0438
 20
-51.45859999999999
 30
0.0
 11
63.0438
 21
-91.4583
 31
0.0
  0
LWPOLYLINE
  5
263C
330
262D
100
AcDbEntity
  8
LAYER_1
100
AcDbPolyline
 90
        3
 70
     0
 43
0.0
 10
63.0438
 20
-51.45859999999999
 10
-31.6242
 20
-51.45859999999999
 10
-53.4084
 20
-51.45859999999999
  0
ENDSEC
  0
SECTION
  2
OBJECTS
  0
DICTIONARY
  5
25C5
330
0
100
AcDbDictionary
281
     1
  3
ACAD_COLOR
350
2623
  3
ACAD_GROUP
350
25C6
  3
ACAD_LAYOUT
350
2622
  3
ACAD_MATERIAL
350
25C9
  3
ACAD_MLEADERSTYLE
350
2626
  3
ACAD_MLINESTYLE
350
261F
  3
ACAD_PLOTSETTINGS
350
2621
  3
ACAD_PLOTSTYLENAME
350
25C7
  3
ACAD_SCALELIST
350
25F3
  3
ACAD_TABLESTYLE
350
2624
  3
ACAD_VISUALSTYLE
350
25E2
  3
ACDB_RECOMPOSE_DATA
350
264C
  3
AcDbVariableDictionary
350
2643
  3
DWGPROPS
350
264D
  0
DICTIONARY
  5
263F
330
2615
100
AcDbDictionary
280
     1
281
     1
  3
ADSK_XREC_LAYER_RECONCILED
360
2640
  0
DICTIONARY
  5
2641
330
2633
100
AcDbDictionary
280
     1
281
     1
  3
ADSK_XREC_LAYER_RECONCILED
360
2642
  0
DICTIONARY
  5
263D
330
262D
100
AcDbDictionary
280
     1
281
     1
  3
ACAD_SORTENTS
360
263E
  0
DICTIONARY
  5
2623
102
{ACAD_REACTORS
330
25C5
102
}
330
25C5
100
AcDbDictionary
281
     1
  0
DICTIONARY
  5
25C6
102
{ACAD_REACTORS
330
25C5
102
}
330
25C5
100
AcDbDictionary
281
     1
  0
DICTIONARY
  5
2622
102
{ACAD_REACTORS
330
25C5
102
}
330
25C5
100
AcDbDictionary
281
     1
  3
Model
350
2630
  3
Présentation1
350
262C
  0
DICTIONARY
  5
25C9
102
{ACAD_REACTORS
330
25C5
102
}
330
25C5
100
AcDbDictionary
281
     1
  3
ByBlock
350
25D2
  3
ByLayer
350
25CA
  3
Global
350
25DA
  0
DICTIONARY
  5
2626
102
{ACAD_REACTORS
330
25C5
102
}
330
25C5
100
AcDbDictionary
281
     1
  3
Standard
350
2627
  0
DICTIONARY
  5
261F
102
{ACAD_REACTORS
330
25C5
102
}
330
25C5
100
AcDbDictionary
281
     1
  3
Standard
350
2620
  0
DICTIONARY
  5
2621
102
{ACAD_REACTORS
330
25C5
102
}
330
25C5
100
AcDbDictionary
281
     1
  0
ACDBDICTIONARYWDFLT
  5
25C7
102
{ACAD_REACTORS
330
25C5
102
}
330
25C5
100
AcDbDictionary
281
     1
  3
Normal
350
25C8
100
AcDbDictionaryWithDefault
340
25C8
  0
DICTIONARY
  5
25F3
102
{ACAD_REACTORS
330
25C5
102
}
330
25C5
100
AcDbDictionary
281
     1
  3
A0
350
25F4
  3
A1
350
25F5
  3
A2
350
25F6
  3
A3
350
25F7
  3
A4
350
25F8
  3
A5
350
25F9
  3
A6
350
25FA
  3
A7
350
25FB
  3
A8
350
25FC
  3
A9
350
25FD
  3
B0
350
25FE
  3
B1
350
25FF
  3
B2
350
2600
  3
B3
350
2601
  3
B4
350
2602
  3
B5
350
2603
  3
B6
350
2604
  3
B7
350
2605
  3
B8
350
2606
  3
B9
350
2607
  3
C0
350
2608
  3
C1
350
2609
  3
C2
350
260A
  3
C3
350
260B
  3
C4
350
260C
  3
C5
350
260D
  3
C6
350
260E
  3
C7
350
260F
  3
C8
350
2610
  3
C9
350
2611
  3
D0
350
2612
  3
D1
350
2613
  3
D2
350
2614
  0
DICTIONARY
  5
2624
102
{ACAD_REACTORS
330
25C5
102
}
330
25C5
100
AcDbDictionary
281
     1
  3
Standard
350
2625
  0
DICTIONARY
  5
25E2
102
{ACAD_REACTORS
330
25C5
102
}
330
25C5
100
AcDbDictionary
281
     1
  3
2dWireframe
350
25E8
  3
3D Hidden
350
25EA
  3
3dWireframe
350
25E9
  3
Basic
350
25E7
  3
Brighten
350
25EE
  3
ColorChange
350
25F2
  3
Conceptual
350
25EB
  3
Dim
350
25ED
  3
Facepattern
350
25F1
  3
Flat
350
25E3
  3
FlatWithEdges
350
25E4
  3
Gouraud
350
25E5
  3
GouraudWithEdges
350
25E6
  3
Linepattern
350
25F0
  3
Realistic
350
25EC
  3
Thicken
350
25EF
  0
XRECORD
  5
264C
102
{ACAD_REACTORS
330
25C5
102
}
330
25C5
100
AcDbXrecord
280
     1
 90
        1
330
2625
  0
DICTIONARY
  5
2643
102
{ACAD_REACTORS
330
25C5
102
}
330
25C5
100
AcDbDictionary
281
     1
  3
CANNOSCALE
350
2646
  3
CMLEADERSTYLE
350
2645
  3
CTABLESTYLE
350
2644
  3
DIMASSOC
350
2649
  3
INDEXCTL
350
2648
  3
SORTENTS
350
2647
  0
XRECORD
  5
264D
102
{ACAD_REACTORS
330
25C5
102
}
330
25C5
100
AcDbXrecord
280
     1
  1
DWGPROPS COOKIE
  2

  3

  4

  6

  7

  8
user
  9

300
=
301
=
302
=
303
=
304
=
305
=
306
=
307
=
308
=
309
=
 40
0.0014214351851852
 41
2454910.5
 42
2457348.96230669
  1

 90
        0
  0
XRECORD
  5
2640
102
{ACAD_REACTORS
330
263F
102
}
330
263F
100
AcDbXrecord
280
     1
290
     1
  0
XRECORD
  5
2642
102
{ACAD_REACTORS
330
2641
102
}
330
2641
100
AcDbXrecord
280
     1
290
     1
  0
SORTENTSTABLE
  5
263E
102
{ACAD_REACTORS
330
263D
102
}
330
263D
100
AcDbSortentsTable
330
262D
331
6D
  5
6E
331
51
  5
52
331
67
  5
68
331
4F
  5
50
331
6E
  5
6F
331
52
  5
53
331
6F
  5
70
331
53
  5
54
331
54
  5
55
331
55
  5
56
331
70
  5
71
331
58
  5
59
331
56
  5
57
331
71
  5
72
331
59
  5
5A
331
57
  5
58
331
263A
  5
263B
331
72
  5
73
331
5A
  5
5B
331
263B
  5
263C
331
73
  5
74
331
5B
  5
5C
331
74
  5
75
331
5C
  5
5D
331
263C
  5
42
331
60
  5
61
331
75
  5
76
331
5D
  5
5E
331
61
  5
62
331
49
  5
4A
331
76
  5
77
331
5E
  5
5F
331
68
  5
69
331
62
  5
63
331
4A
  5
4B
331
77
  5
263A
331
5F
  5
60
331
69
  5
6A
331
63
  5
64
331
4B
  5
4C
331
6A
  5
6B
331
64
  5
65
331
4C
  5
4D
331
6B
  5
6C
331
65
  5
66
331
4D
  5
4E
331
6C
  5
6D
331
50
  5
51
331
66
  5
67
331
4E
  5
4F
331
41
  5
41
  0
LAYOUT
  5
2630
102
{ACAD_XDICTIONARY
360
2654
102
}
102
{ACAD_REACTORS
330
2622
102
}
330
2622
100
AcDbPlotSettings
  1

  2
CutePDF Writer
  4

  6

 40
0.0
 41
0.0
 42
0.0
 43
0.0
 44
0.0
 45
0.0
 46
0.0
 47
0.0
 48
0.0
 49
0.0
140
0.0
141
0.0
142
1.0
143
1.0
 70
  1712
 72
     0
 73
     0
 74
     0
  7

 75
     0
147
1.0
148
0.0
149
0.0
100
AcDbLayout
  1
Model
 70
     1
 71
     0
 10
0.0
 20
0.0
 11
12.0
 21
9.0
 12
0.0
 22
0.0
 32
0.0
 14
0.0
 24
0.0
 34
0.0
 15
0.0
 25
0.0
 35
0.0
146
0.0
 13
0.0
 23
0.0
 33
0.0
 16
1.0
 26
0.0
 36
0.0
 17
0.0
 27
1.0
 37
0.0
 76
     0
330
262D
331
2631
  0
LAYOUT
  5
262C
102
{ACAD_XDICTIONARY
360
2652
102
}
102
{ACAD_REACTORS
330
2622
102
}
330
2622
100
AcDbPlotSettings
  1

  2
CutePDF Writer
  4

  6

 40
0.0
 41
0.0
 42
0.0
 43
0.0
 44
0.0
 45
0.0
 46
0.0
 47
0.0
 48
0.0
 49
0.0
140
0.0
141
0.0
142
1.0
143
1.0
 70
   688
 72
     0
 73
     0
 74
     5
  7

 75
    16
147
1.0
148
0.0
149
0.0
100
AcDbLayout
  1
Présentation1
 70
     1
 71
     1
 10
0.0
 20
0.0
 11
12.0
 21
9.0
 12
0.0
 22
0.0
 32
0.0
 14
1.000000000000000E+20
 24
1.000000000000000E+20
 34
1.000000000000000E+20
 15
-1.000000000000000E+20
 25
-1.000000000000000E+20
 35
-1.000000000000000E+20
146
0.0
 13
0.0
 23
0.0
 33
0.0
 16
1.0
 26
0.0
 36
0.0
 17
0.0
 27
1.0
 37
0.0
 76
     0
330
2629
  0
MATERIAL
  5
25D2
102
{ACAD_XDICTIONARY
360
25D3
102
}
102
{ACAD_REACTORS
330
25C9
102
}
330
25C9
100
AcDbMaterial
  1
ByBlock
 72
     0
 43
0.0208333333333333
 43
0.0
 43
0.0
 43
0.0
 43
0.0
 43
0.0208333333333333
 43
0.0
 43
0.0
 43
0.0
 43
0.0
 43
1.0
 43
0.0
 43
0.0
 43
0.0
 43
0.0
 43
1.0
 77
     0
 47
0.0208333333333333
 47
0.0
 47
0.0
 47
0.0
 47
0.0
 47
0.0208333333333333
 47
0.0
 47
0.0
 47
0.0
 47
0.0
 47
1.0
 47
0.0
 47
0.0
 47
0.0
 47
0.0
 47
1.0
171
     0
 49
0.0208333333333333
 49
0.0
 49
0.0
 49
0.0
 49
0.0
 49
0.0208333333333333
 49
0.0
 49
0.0
 49
0.0
 49
0.0
 49
1.0
 49
0.0
 49
0.0
 49
0.0
 49
0.0
 49
1.0
175
     0
142
0.0208333333333333
142
0.0
142
0.0
142
0.0
142
0.0
142
0.0208333333333333
142
0.0
142
0.0
142
0.0
142
0.0
142
1.0
142
0.0
142
0.0
142
0.0
142
0.0
142
1.0
179
     0
144
0.0208333333333333
144
0.0
144
0.0
144
0.0
144
0.0
144
0.0208333333333333
144
0.0
144
0.0
144
0.0
144
0.0
144
1.0
144
0.0
144
0.0
144
0.0
144
0.0
144
1.0
147
0.0208333333333333
147
0.0
147
0.0
147
0.0
147
0.0
147
0.0208333333333333
147
0.0
147
0.0
147
0.0
147
0.0
147
1.0
147
0.0
147
0.0
147
0.0
147
0.0
147
1.0
  0
MATERIAL
  5
25CA
102
{ACAD_XDICTIONARY
360
25CB
102
}
102
{ACAD_REACTORS
330
25C9
102
}
330
25C9
100
AcDbMaterial
  1
ByLayer
 72
     0
 43
0.0208333333333333
 43
0.0
 43
0.0
 43
0.0
 43
0.0
 43
0.0208333333333333
 43
0.0
 43
0.0
 43
0.0
 43
0.0
 43
1.0
 43
0.0
 43
0.0
 43
0.0
 43
0.0
 43
1.0
 77
     0
 47
0.0208333333333333
 47
0.0
 47
0.0
 47
0.0
 47
0.0
 47
0.0208333333333333
 47
0.0
 47
0.0
 47
0.0
 47
0.0
 47
1.0
 47
0.0
 47
0.0
 47
0.0
 47
0.0
 47
1.0
171
     0
 49
0.0208333333333333
 49
0.0
 49
0.0
 49
0.0
 49
0.0
 49
0.0208333333333333
 49
0.0
 49
0.0
 49
0.0
 49
0.0
 49
1.0
 49
0.0
 49
0.0
 49
0.0
 49
0.0
 49
1.0
175
     0
142
0.0208333333333333
142
0.0
142
0.0
142
0.0
142
0.0
142
0.0208333333333333
142
0.0
142
0.0
142
0.0
142
0.0
142
1.0
142
0.0
142
0.0
142
0.0
142
0.0
142
1.0
179
     0
144
0.0208333333333333
144
0.0
144
0.0
144
0.0
144
0.0
144
0.0208333333333333
144
0.0
144
0.0
144
0.0
144
0.0
144
1.0
144
0.0
144
0.0
144
0.0
144
0.0
144
1.0
147
0.0208333333333333
147
0.0
147
0.0
147
0.0
147
0.0
147
0.0208333333333333
147
0.0
147
0.0
147
0.0
147
0.0
147
1.0
147
0.0
147
0.0
147
0.0
147
0.0
147
1.0
  0
MATERIAL
  5
25DA
102
{ACAD_XDICTIONARY
360
25DB
102
}
102
{ACAD_REACTORS
330
25C9
102
}
330
25C9
100
AcDbMaterial
  1
Global
 72
     0
 43
0.0208333333333333
 43
0.0
 43
0.0
 43
0.0
 43
0.0
 43
0.0208333333333333
 43
0.0
 43
0.0
 43
0.0
 43
0.0
 43
1.0
 43
0.0
 43
0.0
 43
0.0
 43
0.0
 43
1.0
 77
     0
 47
0.0208333333333333
 47
0.0
 47
0.0
 47
0.0
 47
0.0
 47
0.0208333333333333
 47
0.0
 47
0.0
 47
0.0
 47
0.0
 47
1.0
 47
0.0
 47
0.0
 47
0.0
 47
0.0
 47
1.0
171
     0
 49
0.0208333333333333
 49
0.0
 49
0.0
 49
0.0
 49
0.0
 49
0.0208333333333333
 49
0.0
 49
0.0
 49
0.0
 49
0.0
 49
1.0
 49
0.0
 49
0.0
 49
0.0
 49
0.0
 49
1.0
175
     0
142
0.0208333333333333
142
0.0
142
0.0
142
0.0
142
0.0
142
0.0208333333333333
142
0.0
142
0.0
142
0.0
142
0.0
142
1.0
142
0.0
142
0.0
142
0.0
142
0.0
142
1.0
179
     0
144
0.0208333333333333
144
0.0
144
0.0
144
0.0
144
0.0
144
0.0208333333333333
144
0.0
144
0.0
144
0.0
144
0.0
144
1.0
144
0.0
144
0.0
144
0.0
144
0.0
144
1.0
147
0.0208333333333333
147
0.0
147
0.0
147
0.0
147
0.0
147
0.0208333333333333
147
0.0
147
0.0
147
0.0
147
0.0
147
1.0
147
0.0
147
0.0
147
0.0
147
0.0
147
1.0
  0
MLEADERSTYLE
  5
2627
102
{ACAD_REACTORS
330
2626
102
}
330
2626
100
AcDbMLeaderStyle
170
     2
171
     1
172
     0
 90
        2
 40
0.0
 41
0.0
173
     1
 91
-1056964608
340
261B
 92
       -2
290
     1
 42
0.09
291
     1
 43
0.36
  3
Standard
 44
0.18
300

342
2616
174
     1
178
     6
175
     1
176
     0
 93
-1056964608
 45
0.18
292
     0
297
     0
 46
0.18
 94
-1056964608
 47
1.0
 49
1.0
140
1.0
293
     1
141
0.0
294
     1
177
     0
142
1.0
295
     0
296
     0
143
0.125
1001
ACAD_MLEADERVER
1070
     2
  0
MLINESTYLE
  5
2620
102
{ACAD_REACTORS
330
261F
102
}
330
261F
100
AcDbMlineStyle
  2
STANDARD
 70
     0
  3

 62
   256
 51
90.0
 52
90.0
 71
     2
 49
0.5
 62
   256
  6
BYLAYER
 49
-0.5
 62
   256
  6
BYLAYER
  0
ACDBPLACEHOLDER
  5
25C8
102
{ACAD_REACTORS
330
25C7
102
}
330
25C7
  0
SCALE
  5
25F4
102
{ACAD_REACTORS
330
25F3
102
}
330
25F3
100
AcDbScale
 70
     0
300
1:1
140
1.0
141
1.0
290
     1
  0
SCALE
  5
25F5
102
{ACAD_REACTORS
330
25F3
102
}
330
25F3
100
AcDbScale
 70
     0
300
1:2
140
1.0
141
2.0
290
     0
  0
SCALE
  5
25F6
102
{ACAD_REACTORS
330
25F3
102
}
330
25F3
100
AcDbScale
 70
     0
300
1:4
140
1.0
141
4.0
290
     0
  0
SCALE
  5
25F7
102
{ACAD_REACTORS
330
25F3
102
}
330
25F3
100
AcDbScale
 70
     0
300
1:5
140
1.0
141
5.0
290
     0
  0
SCALE
  5
25F8
102
{ACAD_REACTORS
330
25F3
102
}
330
25F3
100
AcDbScale
 70
     0
300
1:8
140
1.0
141
8.0
290
     0
  0
SCALE
  5
25F9
102
{ACAD_REACTORS
330
25F3
102
}
330
25F3
100
AcDbScale
 70
     0
300
1:10
140
1.0
141
10.0
290
     0
  0
SCALE
  5
25FA
102
{ACAD_REACTORS
330
25F3
102
}
330
25F3
100
AcDbScale
 70
     0
300
1:16
140
1.0
141
16.0
290
     0
  0
SCALE
  5
25FB
102
{ACAD_REACTORS
330
25F3
102
}
330
25F3
100
AcDbScale
 70
     0
300
1:20
140
1.0
141
20.0
290
     0
  0
SCALE
  5
25FC
102
{ACAD_REACTORS
330
25F3
102
}
330
25F3
100
AcDbScale
 70
     0
300
1:30
140
1.0
141
30.0
290
     0
  0
SCALE
  5
25FD
102
{ACAD_REACTORS
330
25F3
102
}
330
25F3
100
AcDbScale
 70
     0
300
1:40
140
1.0
141
40.0
290
     0
  0
SCALE
  5
25FE
102
{ACAD_REACTORS
330
25F3
102
}
330
25F3
100
AcDbScale
 70
     0
300
1:50
140
1.0
141
50.0
290
     0
  0
SCALE
  5
25FF
102
{ACAD_REACTORS
330
25F3
102
}
330
25F3
100
AcDbScale
 70
     0
300
1:100
140
1.0
141
100.0
290
     0
  0
SCALE
  5
2600
102
{ACAD_REACTORS
330
25F3
102
}
330
25F3
100
AcDbScale
 70
     0
300
2:1
140
2.0
141
1.0
290
     0
  0
SCALE
  5
2601
102
{ACAD_REACTORS
330
25F3
102
}
330
25F3
100
AcDbScale
 70
     0
300
4:1
140
4.0
141
1.0
290
     0
  0
SCALE
  5
2602
102
{ACAD_REACTORS
330
25F3
102
}
330
25F3
100
AcDbScale
 70
     0
300
8:1
140
8.0
141
1.0
290
     0
  0
SCALE
  5
2603
102
{ACAD_REACTORS
330
25F3
102
}
330
25F3
100
AcDbScale
 70
     0
300
10:1
140
10.0
141
1.0
290
     0
  0
SCALE
  5
2604
102
{ACAD_REACTORS
330
25F3
102
}
330
25F3
100
AcDbScale
 70
     0
300
100:1
140
100.0
141
1.0
290
     0
  0
SCALE
  5
2605
102
{ACAD_REACTORS
330
25F3
102
}
330
25F3
100
AcDbScale
 70
     0
300
1/128" = 1'-0"
140
0.0078125
141
12.0
290
     0
  0
SCALE
  5
2606
102
{ACAD_REACTORS
330
25F3
102
}
330
25F3
100
AcDbScale
 70
     0
300
1/64" = 1'-0"
140
0.015625
141
12.0
290
     0
  0
SCALE
  5
2607
102
{ACAD_REACTORS
330
25F3
102
}
330
25F3
100
AcDbScale
 70
     0
300
1/32" = 1'-0"
140
0.03125
141
12.0
290
     0
  0
SCALE
  5
2608
102
{ACAD_REACTORS
330
25F3
102
}
330
25F3
100
AcDbScale
 70
     0
300
1/16" = 1'-0"
140
0.0625
141
12.0
290
     0
  0
SCALE
  5
2609
102
{ACAD_REACTORS
330
25F3
102
}
330
25F3
100
AcDbScale
 70
     0
300
3/32" = 1'-0"
140
0.09375
141
12.0
290
     0
  0
SCALE
  5
260A
102
{ACAD_REACTORS
330
25F3
102
}
330
25F3
100
AcDbScale
 70
     0
300
1/8" = 1'-0"
140
0.125
141
12.0
290
     0
  0
SCALE
  5
260B
102
{ACAD_REACTORS
330
25F3
102
}
330
25F3
100
AcDbScale
 70
     0
300
3/16" = 1'-0"
140
0.1875
141
12.0
290
     0
  0
SCALE
  5
260C
102
{ACAD_REACTORS
330
25F3
102
}
330
25F3
100
AcDbScale
 70
     0
300
1/4" = 1'-0"
140
0.25
141
12.0
290
     0
  0
SCALE
  5
260D
102
{ACAD_REACTORS
330
25F3
102
}
330
25F3
100
AcDbScale
 70
     0
300
3/8" = 1'-0"
140
0.375
141
12.0
290
     0
  0
SCALE
  5
260E
102
{ACAD_REACTORS
330
25F3
102
}
330
25F3
100
AcDbScale
 70
     0
300
1/2" = 1'-0"
140
0.5
141
12.0
290
     0
  0
SCALE
  5
260F
102
{ACAD_REACTORS
330
25F3
102
}
330
25F3
100
AcDbScale
 70
     0
300
3/4" = 1'-0"
140
0.75
141
12.0
290
     0
  0
SCALE
  5
2610
102
{ACAD_REACTORS
330
25F3
102
}
330
25F3
100
AcDbScale
 70
     0
300
1" = 1'-0"
140
1.0
141
12.0
290
     0
  0
SCALE
  5
2611
102
{ACAD_REACTORS
330
25F3
102
}
330
25F3
100
AcDbScale
 70
     0
300
1-1/2" = 1'-0"
140
1.5
141
12.0
290
     0
  0
SCALE
  5
2612
102
{ACAD_REACTORS
330
25F3
102
}
330
25F3
100
AcDbScale
 70
     0
300
3" = 1'-0"
140
3.0
141
12.0
290
     0
  0
SCALE
  5
2613
102
{ACAD_REACTORS
330
25F3
102
}
330
25F3
100
AcDbScale
 70
     0
300
6" = 1'-0"
140
6.0
141
12.0
290
     0
  0
SCALE
  5
2614
102
{ACAD_REACTORS
330
25F3
102
}
330
25F3
100
AcDbScale
 70
     0
300
1'-0" = 1'-0"
140
12.0
141
12.0
290
     0
  0
TABLESTYLE
  5
2625
102
{ACAD_XDICTIONARY
360
264A
102
}
102
{ACAD_REACTORS
330
2624
102
}
330
2624
100
AcDbTableStyle
  3
Standard
 70
     0
 71
     0
 40
0.06
 41
0.06
280
     0
281
     0
  7
STANDARD
140
0.18
170
     2
 62
     0
 63
     7
283
     0
274
    -2
284
     1
 64
     0
275
    -2
285
     1
 65
     0
276
    -2
286
     1
 66
     0
277
    -2
287
     1
 67
     0
278
    -2
288
     1
 68
     0
279
    -2
289
     1
 69
     0
  7
STANDARD
140
0.25
170
     5
 62
     0
 63
     7
283
     0
274
    -2
284
     1
 64
     0
275
    -2
285
     1
 65
     0
276
    -2
286
     1
 66
     0
277
    -2
287
     1
 67
     0
278
    -2
288
     1
 68
     0
279
    -2
289
     1
 69
     0
  7
STANDARD
140
0.18
170
     5
 62
     0
 63
     7
283
     0
274
    -2
284
     1
 64
     0
275
    -2
285
     1
 65
     0
276
    -2
286
     1
 66
     0
277
    -2
287
     1
 67
     0
278
    -2
288
     1
 68
     0
279
    -2
289
     1
 69
     0
  0
VISUALSTYLE
  5
25E8
102
{ACAD_REACTORS
330
25E2
102
}
330
25E2
100
AcDbVisualStyle
  2
2dWireframe
 70
     4
 71
     0
 72
     2
 73
     0
 90
        0
 40
-0.6
 41
-30.0
 62
     5
 63
     7
 74
     1
 91
        4
 64
     7
 65
   257
 75
     1
175
     1
 42
1.0
 92
        0
 66
   257
 43
1.0
 76
     1
 77
     6
 78
     2
 67
     7
 79
     5
170
     0
171
     0
290
     0
174
     0
 93
        1
 44
0.0
173
     0
291
     0
 45
0.0
1001
ACAD
1000
AcDbSavedByObjectVersion
1070
     0
  0
VISUALSTYLE
  5
25EA
102
{ACAD_REACTORS
330
25E2
102
}
330
25E2
100
AcDbVisualStyle
  2
3D Hidden
 70
     6
 71
     1
 72
     2
 73
     2
 90
        0
 40
-0.6
 41
-30.0
 62
     5
 63
     7
 74
     2
 91
        2
 64
     7
 65
   257
 75
     2
175
     1
 42
40.0
 92
        0
 66
   257
 43
1.0
 76
     1
 77
     6
 78
     2
 67
     7
 79
     3
170
     0
171
     0
290
     0
174
     0
 93
        1
 44
0.0
173
     0
291
     0
 45
0.0
1001
ACAD
1000
AcDbSavedByObjectVersion
1070
     0
  0
VISUALSTYLE
  5
25E9
102
{ACAD_REACTORS
330
25E2
102
}
330
25E2
100
AcDbVisualStyle
  2
3dWireframe
 70
     5
 71
     0
 72
     2
 73
     0
 90
        0
 40
-0.6
 41
-30.0
 62
     5
 63
     7
 74
     1
 91
        4
 64
     7
 65
   257
 75
     1
175
     1
 42
1.0
 92
        0
 66
   257
 43
1.0
 76
     1
 77
     6
 78
     2
 67
     7
 79
     5
170
     0
171
     0
290
     0
174
     0
 93
        1
 44
0.0
173
     0
291
     0
 45
0.0
1001
ACAD
1000
AcDbSavedByObjectVersion
1070
     0
  0
VISUALSTYLE
  5
25E7
102
{ACAD_REACTORS
330
25E2
102
}
330
25E2
100
AcDbVisualStyle
  2
Basic
 70
     7
 71
     1
 72
     0
 73
     1
 90
        0
 40
-0.6
 41
-30.0
 62
     5
 63
     7
 74
     0
 91
        4
 64
     7
 65
   257
 75
     1
175
     1
 42
1.0
 92
        8
 66
     7
 43
1.0
 76
     1
 77
     6
 78
     2
 67
     7
 79
     5
170
     0
171
     0
290
     0
174
     0
 93
        1
 44
0.0
173
     0
291
     1
 45
0.0
1001
ACAD
1000
AcDbSavedByObjectVersion
1070
     0
  0
VISUALSTYLE
  5
25EE
102
{ACAD_REACTORS
330
25E2
102
}
330
25E2
100
AcDbVisualStyle
  2
Brighten
 70
    12
 71
     2
 72
     2
 73
     0
 90
        0
 40
-0.6
 41
-30.0
 62
     5
 63
     7
 74
     1
 91
        4
 64
     7
 65
   257
 75
     1
175
     1
 42
1.0
 92
        8
 66
     7
 43
1.0
 76
     1
 77
     6
 78
     2
 67
     7
 79
     5
170
     0
171
     0
290
     0
174
     0
 93
        1
 44
50.0
173
     0
291
     1
 45
0.0
1001
ACAD
1000
AcDbSavedByObjectVersion
1070
     0
  0
VISUALSTYLE
  5
25F2
102
{ACAD_REACTORS
330
25E2
102
}
330
25E2
100
AcDbVisualStyle
  2
ColorChange
 70
    16
 71
     2
 72
     2
 73
     3
 90
        0
 40
-0.6
 41
-30.0
 62
     5
 63
     8
 74
     1
 91
        4
 64
     7
 65
   257
 75
     1
175
     1
 42
1.0
 92
        8
 66
     8
 43
1.0
 76
     1
 77
     6
 78
     2
 67
     7
 79
     5
170
     0
171
     0
290
     0
174
     0
 93
        1
 44
0.0
173
     0
291
     1
 45
0.0
1001
ACAD
1000
AcDbSavedByObjectVersion
1070
     0
  0
VISUALSTYLE
  5
25EB
102
{ACAD_REACTORS
330
25E2
102
}
330
25E2
100
AcDbVisualStyle
  2
Conceptual
 70
     9
 71
     3
 72
     2
 73
     0
 90
        0
 40
-0.6
 41
-30.0
 62
     5
 63
     7
 74
     2
 91
        2
 64
     7
 65
   257
 75
     1
175
     1
 42
40.0
 92
        8
 66
     7
 43
1.0
 76
     1
 77
     6
 78
     2
 67
     7
 79
     3
170
     0
171
     0
290
     0
174
     0
 93
        1
 44
0.0
173
     0
291
     0
 45
0.0
1001
ACAD
1000
AcDbSavedByObjectVersion
1070
     0
  0
VISUALSTYLE
  5
25ED
102
{ACAD_REACTORS
330
25E2
102
}
330
25E2
100
AcDbVisualStyle
  2
Dim
 70
    11
 71
     2
 72
     2
 73
     0
 90
        0
 40
-0.6
 41
-30.0
 62
     5
 63
     7
 74
     1
 91
        4
 64
     7
 65
   257
 75
     1
175
     1
 42
1.0
 92
        8
 66
     7
 43
1.0
 76
     1
 77
     6
 78
     2
 67
     7
 79
     5
170
     0
171
     0
290
     0
174
     0
 93
        1
 44
-50.0
173
     0
291
     1
 45
0.0
1001
ACAD
1000
AcDbSavedByObjectVersion
1070
     0
  0
VISUALSTYLE
  5
25F1
102
{ACAD_REACTORS
330
25E2
102
}
330
25E2
100
AcDbVisualStyle
  2
Facepattern
 70
    15
 71
     2
 72
     2
 73
     0
 90
        0
 40
-0.6
 41
-30.0
 62
     5
 63
     7
 74
     1
 91
        4
 64
     7
 65
   257
 75
     1
175
     1
 42
1.0
 92
        8
 66
     7
 43
1.0
 76
     1
 77
     6
 78
     2
 67
     7
 79
     5
170
     0
171
     0
290
     0
174
     0
 93
        1
 44
0.0
173
     0
291
     1
 45
0.0
1001
ACAD
1000
AcDbSavedByObjectVersion
1070
     0
  0
VISUALSTYLE
  5
25E3
102
{ACAD_REACTORS
330
25E2
102
}
330
25E2
100
AcDbVisualStyle
  2
Flat
 70
     0
 71
     2
 72
     1
 73
     1
 90
        2
 40
-0.6
 41
30.0
 62
     5
 63
     7
 74
     0
 91
        4
 64
     7
 65
   257
 75
     1
175
     1
 42
1.0
 92
        8
 66
     7
 43
1.0
 76
     1
 77
     6
 78
     2
 67
     7
 79
     5
170
     0
171
     0
290
     0
174
     0
 93
       13
 44
0.0
173
     0
291
     1
 45
0.0
1001
ACAD
1000
AcDbSavedByObjectVersion
1070
     0
  0
VISUALSTYLE
  5
25E4
102
{ACAD_REACTORS
330
25E2
102
}
330
25E2
100
AcDbVisualStyle
  2
FlatWithEdges
 70
     1
 71
     2
 72
     1
 73
     1
 90
        2
 40
-0.6
 41
30.0
 62
     5
 63
     7
 74
     1
 91
        4
 64
     7
 65
   257
 75
     1
175
     1
 42
1.0
 92
        0
 66
   257
 43
1.0
 76
     1
 77
     6
 78
     2
 67
     7
 79
     5
170
     0
171
     0
290
     0
174
     0
 93
       13
 44
0.0
173
     0
291
     1
 45
0.0
1001
ACAD
1000
AcDbSavedByObjectVersion
1070
     0
  0
VISUALSTYLE
  5
25E5
102
{ACAD_REACTORS
330
25E2
102
}
330
25E2
100
AcDbVisualStyle
  2
Gouraud
 70
     2
 71
     2
 72
     2
 73
     1
 90
        2
 40
-0.6
 41
30.0
 62
     5
 63
     7
 74
     0
 91
        4
 64
     7
 65
   257
 75
     1
175
     1
 42
1.0
 92
        0
 66
     7
 43
1.0
 76
     1
 77
     6
 78
     2
 67
     7
 79
     5
170
     0
171
     0
290
     0
174
     0
 93
       13
 44
0.0
173
     0
291
     1
 45
0.0
1001
ACAD
1000
AcDbSavedByObjectVersion
1070
     0
  0
VISUALSTYLE
  5
25E6
102
{ACAD_REACTORS
330
25E2
102
}
330
25E2
100
AcDbVisualStyle
  2
GouraudWithEdges
 70
     3
 71
     2
 72
     2
 73
     1
 90
        2
 40
-0.6
 41
30.0
 62
     5
 63
     7
 74
     1
 91
        4
 64
     7
 65
   257
 75
     1
175
     1
 42
1.0
 92
        0
 66
   257
 43
1.0
 76
     1
 77
     6
 78
     2
 67
     7
 79
     5
170
     0
171
     0
290
     0
174
     0
 93
       13
 44
0.0
173
     0
291
     1
 45
0.0
1001
ACAD
1000
AcDbSavedByObjectVersion
1070
     0
  0
VISUALSTYLE
  5
25F0
102
{ACAD_REACTORS
330
25E2
102
}
330
25E2
100
AcDbVisualStyle
  2
Linepattern
 70
    14
 71
     2
 72
     2
 73
     0
 90
        0
 40
-0.6
 41
-30.0
 62
     5
 63
     7
 74
     1
 91
        4
 64
     7
 65
   257
 75
     7
175
     7
 42
1.0
 92
        8
 66
     7
 43
1.0
 76
     1
 77
     6
 78
     2
 67
     7
 79
     5
170
     0
171
     0
290
     0
174
     0
 93
        1
 44
0.0
173
     0
291
     1
 45
0.0
1001
ACAD
1000
AcDbSavedByObjectVersion
1070
     0
  0
VISUALSTYLE
  5
25EC
102
{ACAD_REACTORS
330
25E2
102
}
330
25E2
100
AcDbVisualStyle
  2
Realistic
 70
     8
 71
     2
 72
     2
 73
     0
 90
        0
 40
-0.6
 41
-30.0
 62
     5
 63
     7
 74
     1
 91
        0
 64
     7
 65
   257
 75
     1
175
     1
 42
1.0
 92
        8
 66
     8
 43
1.0
 76
     1
 77
     6
 78
     2
 67
     7
 79
     5
170
     0
171
     0
290
     0
174
     0
 93
       13
 44
0.0
173
     0
291
     0
 45
0.0
1001
ACAD
1000
AcDbSavedByObjectVersion
1070
     0
  0
VISUALSTYLE
  5
25EF
102
{ACAD_REACTORS
330
25E2
102
}
330
25E2
100
AcDbVisualStyle
  2
Thicken
 70
    13
 71
     2
 72
     2
 73
     0
 90
        0
 40
-0.6
 41
-30.0
 62
     5
 63
     7
 74
     1
 91
        4
 64
     7
 65
   257
 75
     1
175
     1
 42
1.0
 92
       12
 66
     7
 43
1.0
 76
     1
 77
     6
 78
     2
 67
     7
 79
     5
170
     0
171
     0
290
     0
174
     0
 93
        1
 44
0.0
173
     0
291
     1
 45
0.0
1001
ACAD
1000
AcDbSavedByObjectVersion
1070
     0
  0
DICTIONARYVAR
  5
2646
102
{ACAD_REACTORS
330
2643
102
}
330
2643
100
DictionaryVariables
280
     0
  1
1:1
  0
DICTIONARYVAR
  5
2645
102
{ACAD_REACTORS
330
2643
102
}
330
2643
100
DictionaryVariables
280
     0
  1
STANDARD
  0
DICTIONARYVAR
  5
2644
102
{ACAD_REACTORS
330
2643
102
}
330
2643
100
DictionaryVariables
280
     0
  1
STANDARD
  0
DICTIONARYVAR
  5
2649
102
{ACAD_REACTORS
330
2643
102
}
330
2643
100
DictionaryVariables
280
     0
  1
1
  0
DICTIONARYVAR
  5
2648
102
{ACAD_REACTORS
330
2643
102
}
330
2643
100
DictionaryVariables
280
     0
  1
0
  0
DICTIONARYVAR
  5
2647
102
{ACAD_REACTORS
330
2643
102
}
330
2643
100
DictionaryVariables
280
     0
  1
127
  0
DICTIONARY
  5
2654
330
2630
100
AcDbDictionary
280
     1
281
     1
  3
ACAD_XREC_ROUNDTRIP
360
2655
  0
DICTIONARY
  5
2652
330
262C
100
AcDbDictionary
280
     1
281
     1
  3
ACAD_XREC_ROUNDTRIP
360
2653
  0
DICTIONARY
  5
25D3
330
25D2
100
AcDbDictionary
280
     1
281
     1
  3
ACAD_XREC_ROUNDTRIP
360
264F
  3
BUMPTILE
360
25D5
  3
DIFFUSETILE
360
25D4
  3
OPACITYTILE
360
25D8
  3
REFLECTIONTILE
360
25D7
  3
REFRACTIONTILE
360
25D9
  3
SPECULARTILE
360
25D6
  0
DICTIONARY
  5
25CB
330
25CA
100
AcDbDictionary
280
     1
281
     1
  3
ACAD_XREC_ROUNDTRIP
360
264E
  3
BUMPTILE
360
25CD
  3
DIFFUSETILE
360
25CC
  3
OPACITYTILE
360
25D0
  3
REFLECTIONTILE
360
25CF
  3
REFRACTIONTILE
360
25D1
  3
SPECULARTILE
360
25CE
  0
DICTIONARY
  5
25DB
330
25DA
100
AcDbDictionary
280
     1
281
     1
  3
ACAD_XREC_ROUNDTRIP
360
2650
  3
BUMPTILE
360
25DD
  3
DIFFUSETILE
360
25DC
  3
OPACITYTILE
360
25E0
  3
REFLECTIONTILE
360
25DF
  3
REFRACTIONTILE
360
25E1
  3
SPECULARTILE
360
25DE
  0
DICTIONARY
  5
264A
330
2625
100
AcDbDictionary
280
     1
281
     1
  3
ACAD_ROUNDTRIP_2008_TABLESTYLE_CELLSTYLEMAP
360
264B
  3
ACAD_XREC_ROUNDTRIP
360
2651
  0
XRECORD
  5
2655
102
{ACAD_REACTORS
330
2654
102
}
330
2654
100
AcDbXrecord
280
     1
102
SHADEPLOT
 70
     0
102
SHADEPLOTRESLEVEL
 70
     2
102
SHADEPLOTCUSTOMDPI
 70
   300
  0
XRECORD
  5
2653
102
{ACAD_REACTORS
330
2652
102
}
330
2652
100
AcDbXrecord
280
     1
102
SHADEPLOT
 70
     0
102
SHADEPLOTRESLEVEL
 70
     2
102
SHADEPLOTCUSTOMDPI
 70
   300
  0
XRECORD
  5
264F
102
{ACAD_REACTORS
330
25D3
102
}
330
25D3
100
AcDbXrecord
280
     1
102
MATERIAL
148
0.0
149
0.0
149
0.0
 93
        0
 94
      127
282
     0
 72
     0
 77
     0
171
     0
175
     0
179
     0
273
     0
  0
XRECORD
  5
25D5
102
{ACAD_REACTORS
330
25D3
102
}
330
25D3
100
AcDbXrecord
280
     1
270
     1
271
     1
  0
XRECORD
  5
25D4
102
{ACAD_REACTORS
330
25D3
102
}
330
25D3
100
AcDbXrecord
280
     1
270
     1
271
     1
  0
XRECORD
  5
25D8
102
{ACAD_REACTORS
330
25D3
102
}
330
25D3
100
AcDbXrecord
280
     1
270
     1
271
     1
  0
XRECORD
  5
25D7
102
{ACAD_REACTORS
330
25D3
102
}
330
25D3
100
AcDbXrecord
280
     1
270
     1
271
     1
  0
XRECORD
  5
25D9
102
{ACAD_REACTORS
330
25D3
102
}
330
25D3
100
AcDbXrecord
280
     1
270
     1
271
     1
  0
XRECORD
  5
25D6
102
{ACAD_REACTORS
330
25D3
102
}
330
25D3
100
AcDbXrecord
280
     1
270
     1
271
     1
  0
XRECORD
  5
264E
102
{ACAD_REACTORS
330
25CB
102
}
330
25CB
100
AcDbXrecord
280
     1
102
MATERIAL
148
0.0
149
0.0
149
0.0
 93
        0
 94
      127
282
     0
 72
     0
 77
     0
171
     0
175
     0
179
     0
273
     0
  0
XRECORD
  5
25CD
102
{ACAD_REACTORS
330
25CB
102
}
330
25CB
100
AcDbXrecord
280
     1
270
     1
271
     1
  0
XRECORD
  5
25CC
102
{ACAD_REACTORS
330
25CB
102
}
330
25CB
100
AcDbXrecord
280
     1
270
     1
271
     1
  0
XRECORD
  5
25D0
102
{ACAD_REACTORS
330
25CB
102
}
330
25CB
100
AcDbXrecord
280
     1
270
     1
271
     1
  0
XRECORD
  5
25CF
102
{ACAD_REACTORS
330
25CB
102
}
330
25CB
100
AcDbXrecord
280
     1
270
     1
271
     1
  0
XRECORD
  5
25D1
102
{ACAD_REACTORS
330
25CB
102
}
330
25CB
100
AcDbXrecord
280
     1
270
     1
271
     1
  0
XRECORD
  5
25CE
102
{ACAD_REACTORS
330
25CB
102
}
330
25CB
100
AcDbXrecord
280
     1
270
     1
271
     1
  0
XRECORD
  5
2650
102
{ACAD_REACTORS
330
25DB
102
}
330
25DB
100
AcDbXrecord
280
     1
102
MATERIAL
148
0.0
149
0.0
149
0.0
 93
        0
 94
      127
282
     0
 72
     0
 77
     0
171
     0
175
     0
179
     0
273
     0
  0
XRECORD
  5
25DD
102
{ACAD_REACTORS
330
25DB
102
}
330
25DB
100
AcDbXrecord
280
     1
270
     1
271
     1
  0
XRECORD
  5
25DC
102
{ACAD_REACTORS
330
25DB
102
}
330
25DB
100
AcDbXrecord
280
     1
270
     1
271
     1
  0
XRECORD
  5
25E0
102
{ACAD_REACTORS
330
25DB
102
}
330
25DB
100
AcDbXrecord
280
     1
270
     1
271
     1
  0
XRECORD
  5
25DF
102
{ACAD_REACTORS
330
25DB
102
}
330
25DB
100
AcDbXrecord
280
     1
270
     1
271
     1
  0
XRECORD
  5
25E1
102
{ACAD_REACTORS
330
25DB
102
}
330
25DB
100
AcDbXrecord
280
     1
270
     1
271
     1
  0
XRECORD
  5
25DE
102
{ACAD_REACTORS
330
25DB
102
}
330
25DB
100
AcDbXrecord
280
     1
270
     1
271
     1
  0
CELLSTYLEMAP
  5
264B
102
{ACAD_REACTORS
330
264A
102
}
330
264A
100
AcDbCellStyleMap
 90
        3
300
CELLSTYLE
  1
TABLEFORMAT_BEGIN
 90
        5
170
     1
 91
        0
 92
    32768
 62
   257
 93
        1
300
CONTENTFORMAT
  1
CONTENTFORMAT_BEGIN
 90
        0
 91
        0
 92
      512
 93
        0
300

 40
0.0
140
1.0
 94
        5
 62
     0
340
2616
144
0.25
309
CONTENTFORMAT_END
171
     0
 94
        0
309
TABLEFORMAT_END
  1
CELLSTYLE_BEGIN
 90
        1
 91
        1
300
_TITLE
309
CELLSTYLE_END
300
CELLSTYLE
  1
TABLEFORMAT_BEGIN
 90
        5
170
     1
 91
        0
 92
        0
 62
   257
 93
        1
300
CONTENTFORMAT
  1
CONTENTFORMAT_BEGIN
 90
        0
 91
        0
 92
      512
 93
        0
300

 40
0.0
140
1.0
 94
        5
 62
     0
340
2616
144
0.18
309
CONTENTFORMAT_END
171
     0
 94
        0
309
TABLEFORMAT_END
  1
CELLSTYLE_BEGIN
 90
        2
 91
        1
300
_HEADER
309
CELLSTYLE_END
300
CELLSTYLE
  1
TABLEFORMAT_BEGIN
 90
        5
170
     1
 91
        0
 92
        0
 62
   257
 93
        1
300
CONTENTFORMAT
  1
CONTENTFORMAT_BEGIN
 90
        0
 91
        0
 92
      512
 93
        0
300

 40
0.0
140
1.0
 94
        2
 62
     0
340
2616
144
0.18
309
CONTENTFORMAT_END
171
     0
 94
        0
309
TABLEFORMAT_END
  1
CELLSTYLE_BEGIN
 90
        3
 91
        2
300
_DATA
309
CELLSTYLE_END
  0
XRECORD
  5
2651
102
{ACAD_REACTORS
330
264A
102
}
330
264A
100
AcDbXrecord
280
     1
102
ACAD_ROUNDTRIP_PRE2007_TABLESTYLE
 90
      512
 91
        0
  1

 92
      512
 93
        0
  2

 94
      512
 95
        0
  3

  0
ENDSEC
  0
EOF
