  0
SECTION
  2
HEADER
  9
$ACADVER
  1
AC1015
  9
$ACADMAINTVER
 70
    20
  9
$DWGCODEPAGE
  3
ANSI_1252
  9
$INSBASE
 10
0.0
 20
0.0
 30
0.0
  9
$EXTMIN
 10
-470.841579285885
 20
-470.0061004657388
 30
0.0
  9
$EXTMAX
 10
529.1584207141149
 20
529.9938995342609
 30
0.0
  9
$LIMMIN
 10
0.0
 20
0.0
  9
$LIMMAX
 10
420.0
 20
297.0
  9
$ORTHOMODE
 70
     0
  9
$REGENMODE
 70
     1
  9
$FILLMODE
 70
     1
  9
$QTEXTMODE
 70
     0
  9
$MIRRTEXT
 70
     0
  9
$LTSCALE
 40
1.0
  9
$ATTMODE
 70
     1
  9
$TEXTSIZE
 40
2.5
  9
$TRACEWID
 40
1.0
  9
$TEXTSTYLE
  7
Standard
  9
$CLAYER
  8
0
  9
$CELTYPE
  6
ByLayer
  9
$CECOLOR
 62
   256
  9
$CELTSCALE
 40
1.0
  9
$DISPSILH
 70
     0
  9
$DIMSCALE
 40
1.0
  9
$DIMASZ
 40
2.5
  9
$DIMEXO
 40
0.625
  9
$DIMDLI
 40
3.75
  9
$DIMRND
 40
0.0
  9
$DIMDLE
 40
0.0
  9
$DIMEXE
 40
1.25
  9
$DIMTP
 40
0.0
  9
$DIMTM
 40
0.0
  9
$DIMTXT
 40
2.5
  9
$DIMCEN
 40
2.5
  9
$DIMTSZ
 40
0.0
  9
$DIMTOL
 70
     0
  9
$DIMLIM
 70
     0
  9
$DIMTIH
 70
     0
  9
$DIMTOH
 70
     0
  9
$DIMSE1
 70
     0
  9
$DIMSE2
 70
     0
  9
$DIMTAD
 70
     1
  9
$DIMZIN
 70
     8
  9
$DIMBLK
  1

  9
$DIMASO
 70
     1
  9
$DIMSHO
 70
     1
  9
$DIMPOST
  1

  9
$DIMAPOST
  1

  9
$DIMALT
 70
     0
  9
$DIMALTD
 70
     3
  9
$DIMALTF
 40
0.03937007874016
  9
$DIMLFAC
 40
1.0
  9
$DIMTOFL
 70
     1
  9
$DIMTVP
 40
0.0
  9
$DIMTIX
 70
     0
  9
$DIMSOXD
 70
     0
  9
$DIMSAH
 70
     0
  9
$DIMBLK1
  1

  9
$DIMBLK2
  1

  9
$DIMSTYLE
  2
ISO-25
  9
$DIMCLRD
 70
     0
  9
$DIMCLRE
 70
     0
  9
$DIMCLRT
 70
     0
  9
$DIMTFAC
 40
1.0
  9
$DIMGAP
 40
0.625
  9
$DIMJUST
 70
     0
  9
$DIMSD1
 70
     0
  9
$DIMSD2
 70
     0
  9
$DIMTOLJ
 70
     0
  9
$DIMTZIN
 70
     8
  9
$DIMALTZ
 70
     0
  9
$DIMALTTZ
 70
     0
  9
$DIMUPT
 70
     0
  9
$DIMDEC
 70
     2
  9
$DIMTDEC
 70
     2
  9
$DIMALTU
 70
     2
  9
$DIMALTTD
 70
     3
  9
$DIMTXSTY
  7
Standard
  9
$DIMAUNIT
 70
     0
  9
$DIMADEC
 70
     0
  9
$DIMALTRND
 40
0.0
  9
$DIMAZIN
 70
     0
  9
$DIMDSEP
 70
    44
  9
$DIMATFIT
 70
     3
  9
$DIMFRAC
 70
     0
  9
$DIMLDRBLK
  1

  9
$DIMLUNIT
 70
     2
  9
$DIMLWD
 70
    -2
  9
$DIMLWE
 70
    -2
  9
$DIMTMOVE
 70
     0
  9
$LUNITS
 70
     2
  9
$LUPREC
 70
     4
  9
$SKETCHINC
 40
1.0
  9
$FILLETRAD
 40
0.0
  9
$AUNITS
 70
     0
  9
$AUPREC
 70
     0
  9
$MENU
  1
.
  9
$ELEVATION
 40
0.0
  9
$PELEVATION
 40
0.0
  9
$THICKNESS
 40
0.0
  9
$LIMCHECK
 70
     0
  9
$CHAMFERA
 40
0.0
  9
$CHAMFERB
 40
0.0
  9
$CHAMFERC
 40
0.0
  9
$CHAMFERD
 40
0.0
  9
$SKPOLY
 70
     0
  9
$TDCREATE
 40
2457351.540119306
  9
$TDUCREATE
 40
2457351.498452639
  9
$TDUPDATE
 40
2457351.540424444
  9
$TDUUPDATE
 40
2457351.498757778
  9
$TDINDWG
 40
0.0003060880
  9
$TDUSRTIMER
 40
0.0003060648
  9
$USRTIMER
 70
     1
  9
$ANGBASE
 50
0.0
  9
$ANGDIR
 70
     0
  9
$PDMODE
 70
     0
  9
$PDSIZE
 40
0.0
  9
$PLINEWID
 40
0.0
  9
$SPLFRAME
 70
     0
  9
$SPLINETYPE
 70
     6
  9
$SPLINESEGS
 70
     8
  9
$HANDSEED
  5
37E
  9
$SURFTAB1
 70
     6
  9
$SURFTAB2
 70
     6
  9
$SURFTYPE
 70
     6
  9
$SURFU
 70
     6
  9
$SURFV
 70
     6
  9
$UCSBASE
  2

  9
$UCSNAME
  2

  9
$UCSORG
 10
0.0
 20
0.0
 30
0.0
  9
$UCSXDIR
 10
1.0
 20
0.0
 30
0.0
  9
$UCSYDIR
 10
0.0
 20
1.0
 30
0.0
  9
$UCSORTHOREF
  2

  9
$UCSORTHOVIEW
 70
     0
  9
$UCSORGTOP
 10
0.0
 20
0.0
 30
0.0
  9
$UCSORGBOTTOM
 10
0.0
 20
0.0
 30
0.0
  9
$UCSORGLEFT
 10
0.0
 20
0.0
 30
0.0
  9
$UCSORGRIGHT
 10
0.0
 20
0.0
 30
0.0
  9
$UCSORGFRONT
 10
0.0
 20
0.0
 30
0.0
  9
$UCSORGBACK
 10
0.0
 20
0.0
 30
0.0
  9
$PUCSBASE
  2

  9
$PUCSNAME
  2

  9
$PUCSORG
 10
0.0
 20
0.0
 30
0.0
  9
$PUCSXDIR
 10
1.0
 20
0.0
 30
0.0
  9
$PUCSYDIR
 10
0.0
 20
1.0
 30
0.0
  9
$PUCSORTHOREF
  2

  9
$PUCSORTHOVIEW
 70
     0
  9
$PUCSORGTOP
 10
0.0
 20
0.0
 30
0.0
  9
$PUCSORGBOTTOM
 10
0.0
 20
0.0
 30
0.0
  9
$PUCSORGLEFT
 10
0.0
 20
0.0
 30
0.0
  9
$PUCSORGRIGHT
 10
0.0
 20
0.0
 30
0.0
  9
$PUCSORGFRONT
 10
0.0
 20
0.0
 30
0.0
  9
$PUCSORGBACK
 10
0.0
 20
0.0
 30
0.0
  9
$USERI1
 70
     0
  9
$USERI2
 70
     0
  9
$USERI3
 70
     0
  9
$USERI4
 70
     0
  9
$USERI5
 70
     0
  9
$USERR1
 40
0.0
  9
$USERR2
 40
0.0
  9
$USERR3
 40
0.0
  9
$USERR4
 40
0.0
  9
$USERR5
 40
0.0
  9
$WORLDVIEW
 70
     1
  9
$SHADEDGE
 70
     3
  9
$SHADEDIF
 70
    70
  9
$TILEMODE
 70
     1
  9
$MAXACTVP
 70
    64
  9
$PINSBASE
 10
0.0
 20
0.0
 30
0.0
  9
$PLIMCHECK
 70
     0
  9
$PEXTMIN
 10
0.0
 20
0.0
 30
0.0
  9
$PEXTMAX
 10
0.0
 20
0.0
 30
0.0
  9
$PLIMMIN
 10
0.0
 20
0.0
  9
$PLIMMAX
 10
12.0
 20
9.0
  9
$UNITMODE
 70
     0
  9
$VISRETAIN
 70
     1
  9
$PLINEGEN
 70
     0
  9
$PSLTSCALE
 70
     1
  9
$TREEDEPTH
 70
  3020
  9
$CMLSTYLE
  2
Standard
  9
$CMLJUST
 70
     0
  9
$CMLSCALE
 40
20.0
  9
$PROXYGRAPHICS
 70
     1
  9
$MEASUREMENT
 70
     1
  9
$CELWEIGHT
370
    -1
  9
$ENDCAPS
280
     0
  9
$JOINSTYLE
280
     0
  9
$LWDISPLAY
290
     0
  9
$INSUNITS
 70
     4
  9
$HYPERLINKBASE
  1

  9
$STYLESHEET
  1

  9
$XEDIT
290
     1
  9
$CEPSNTYPE
380
     0
  9
$PSTYLEMODE
290
     1
  9
$FINGERPRINTGUID
  2
{EA426DBA-FAD9-401F-A497-E29234D25B00}
  9
$VERSIONGUID
  2
{E9BD9182-1894-439A-8B97-4A0067B16433}
  9
$EXTNAMES
290
     1
  9
$PSVPSCALE
 40
0.0
  9
$OLESTARTUP
290
     0
  0
ENDSEC
  0
SECTION
  2
CLASSES
  0
CLASS
  1
ACDBDICTIONARYWDFLT
  2
AcDbDictionaryWithDefault
  3
ObjectDBX Classes
 90
        0
280
     0
281
     0
  0
CLASS
  1
ACDBPLACEHOLDER
  2
AcDbPlaceHolder
  3
ObjectDBX Classes
 90
        0
280
     0
281
     0
  0
CLASS
  1
LAYOUT
  2
AcDbLayout
  3
ObjectDBX Classes
 90
        0
280
     0
281
     0
  0
CLASS
  1
DICTIONARYVAR
  2
AcDbDictionaryVar
  3
ObjectDBX Classes
 90
        0
280
     0
281
     0
  0
CLASS
  1
TABLESTYLE
  2
AcDbTableStyle
  3
ObjectDBX Classes
 90
     4095
280
     0
281
     0
  0
CLASS
  1
MATERIAL
  2
AcDbMaterial
  3
ObjectDBX Classes
 90
     1153
280
     0
281
     0
  0
CLASS
  1
VISUALSTYLE
  2
AcDbVisualStyle
  3
ObjectDBX Classes
 90
     4095
280
     0
281
     0
  0
CLASS
  1
SCALE
  2
AcDbScale
  3
ObjectDBX Classes
 90
     1153
280
     0
281
     0
  0
CLASS
  1
MLEADERSTYLE
  2
AcDbMLeaderStyle
  3
ACDB_MLEADERSTYLE_CLASS
 90
     4095
280
     0
281
     0
  0
CLASS
  1
CELLSTYLEMAP
  2
AcDbCellStyleMap
  3
ObjectDBX Classes
 90
     1152
280
     0
281
     0
  0
CLASS
  1
EXACXREFPANELOBJECT
  2
ExAcXREFPanelObject
  3
EXAC_ESW
 90
    33793
280
     0
281
     0
  0
CLASS
  1
NPOCOLLECTION
  2
AcDbImpNonPersistentObjectsCollection
  3
ObjectDBX Classes
 90
    33921
280
     0
281
     0
  0
CLASS
  1
LAYER_INDEX
  2
AcDbLayerIndex
  3
ObjectDBX Classes
 90
    32768
280
     0
281
     0
  0
CLASS
  1
SPATIAL_INDEX
  2
AcDbSpatialIndex
  3
ObjectDBX Classes
 90
    32768
280
     0
281
     0
  0
CLASS
  1
IDBUFFER
  2
AcDbIdBuffer
  3
ObjectDBX Classes
 90
    32768
280
     0
281
     0
  0
ENDSEC
  0
SECTION
  2
TABLES
  0
TABLE
  2
VPORT
  5
8
330
0
100
AcDbSymbolTable
 70
     1
  0
VPORT
  5
EA
330
8
100
AcDbSymbolTableRecord
100
AcDbViewportTableRecord
  2
*Active
 70
     0
 10
0.0
 20
0.0
 11
1.0
 21
1.0
 12
-63.47794309462734
 22
-71.75314277888782
 13
0.0
 23
0.0
 14
10.0
 24
10.0
 15
10.0
 25
10.0
 16
0.0
 26
0.0
 36
1.0
 17
0.0
 27
0.0
 37
0.0
 40
962.9154100588072
 41
2.520958083832335
 42
50.0
 43
0.0
 44
0.0
 50
0.0
 51
0.0
 71
     0
 72
  1000
 73
     1
 74
     3
 75
     0
 76
     0
 77
     0
 78
     0
281
     0
 65
     1
110
0.0
120
0.0
130
0.0
111
1.0
121
0.0
131
0.0
112
0.0
122
1.0
132
0.0
 79
     0
146
0.0
  0
ENDTAB
  0
TABLE
  2
LTYPE
  5
5
330
0
100
AcDbSymbolTable
 70
     1
  0
LTYPE
  5
14
330
5
100
AcDbSymbolTableRecord
100
AcDbLinetypeTableRecord
  2
ByBlock
 70
     0
  3

 72
    65
 73
     0
 40
0.0
  0
LTYPE
  5
15
330
5
100
AcDbSymbolTableRecord
100
AcDbLinetypeTableRecord
  2
ByLayer
 70
     0
  3

 72
    65
 73
     0
 40
0.0
  0
LTYPE
  5
16
330
5
100
AcDbSymbolTableRecord
100
AcDbLinetypeTableRecord
  2
Continuous
 70
     0
  3
Solid line
 72
    65
 73
     0
 40
0.0
  0
ENDTAB
  0
TABLE
  2
LAYER
  5
2
330
0
100
AcDbSymbolTable
 70
     2
  0
LAYER
  5
10
102
{ACAD_XDICTIONARY
360
13C
102
}
330
2
100
AcDbSymbolTableRecord
100
AcDbLayerTableRecord
  2
0
 70
     0
 62
     7
  6
Continuous
370
    -3
390
F
  0
LAYER
  5
1E5
330
2
100
AcDbSymbolTableRecord
100
AcDbLayerTableRecord
  2
Plan 1
 70
     0
 62
     7
  6
Continuous
370
    -3
390
F
  0
ENDTAB
  0
TABLE
  2
STYLE
  5
3
330
0
100
AcDbSymbolTable
 70
     2
  0
STYLE
  5
11
330
3
100
AcDbSymbolTableRecord
100
AcDbTextStyleTableRecord
  2
Standard
 70
     0
 40
0.0
 41
1.0
 50
0.0
 71
     0
 42
2.5
  3
ARIAL.TTF
  4

1001
ACAD
1000
Arial
1071
       34
  0
STYLE
  5
132
330
3
100
AcDbSymbolTableRecord
100
AcDbTextStyleTableRecord
  2
Annotatif
 70
     0
 40
0.0
 41
1.0
 50
0.0
 71
     0
 42
2.5
  3
ARIAL.TTF
  4

1001
AcadAnnotative
1000
AnnotativeData
1002
{
1070
     1
1070
     1
1002
}
1001
ACAD
1000
Arial
1071
       34
  0
ENDTAB
  0
TABLE
  2
VIEW
  5
6
330
0
100
AcDbSymbolTable
 70
     0
  0
ENDTAB
  0
TABLE
  2
UCS
  5
7
330
0
100
AcDbSymbolTable
 70
     0
  0
ENDTAB
  0
TABLE
  2
APPID
  5
9
330
0
100
AcDbSymbolTable
 70
     7
  0
APPID
  5
12
330
9
100
AcDbSymbolTableRecord
100
AcDbRegAppTableRecord
  2
ACAD
 70
     0
  0
APPID
  5
9E
330
9
100
AcDbSymbolTableRecord
100
AcDbRegAppTableRecord
  2
ACAD_PSEXT
 70
     0
  0
APPID
  5
133
330
9
100
AcDbSymbolTableRecord
100
AcDbRegAppTableRecord
  2
AcadAnnoPO
 70
     0
  0
APPID
  5
134
330
9
100
AcDbSymbolTableRecord
100
AcDbRegAppTableRecord
  2
AcadAnnotative
 70
     0
  0
APPID
  5
135
330
9
100
AcDbSymbolTableRecord
100
AcDbRegAppTableRecord
  2
ACAD_DSTYLE_DIMJAG
 70
     0
  0
APPID
  5
136
330
9
100
AcDbSymbolTableRecord
100
AcDbRegAppTableRecord
  2
ACAD_DSTYLE_DIMTALN
 70
     0
  0
APPID
  5
165
330
9
100
AcDbSymbolTableRecord
100
AcDbRegAppTableRecord
  2
ACAD_MLEADERVER
 70
     0
  0
ENDTAB
  0
TABLE
  2
DIMSTYLE
  5
A
330
0
100
AcDbSymbolTable
 70
     3
100
AcDbDimStyleTable
 71
     2
340
27
340
137
  0
DIMSTYLE
105
1B0
330
A
100
AcDbSymbolTableRecord
100
AcDbDimStyleTableRecord
  2
Standard
 70
     0
340
11
  0
DIMSTYLE
105
137
330
A
100
AcDbSymbolTableRecord
100
AcDbDimStyleTableRecord
  2
Annotatif
 70
     0
 40
0.0
 41
2.5
 42
0.625
 43
3.75
 44
1.25
 73
     0
 74
     0
 77
     1
 78
     8
140
2.5
141
2.5
143
0.03937007874016
147
0.625
171
     3
172
     1
271
     2
272
     2
274
     3
278
    44
283
     0
284
     8
340
11
1001
AcadAnnotative
1000
AnnotativeData
1002
{
1070
     1
1070
     1
1002
}
1001
ACAD_DSTYLE_DIMJAG
1070
   388
1040
1.5
1001
ACAD_DSTYLE_DIMTALN
1070
   392
1070
     0
  0
DIMSTYLE
105
27
330
A
100
AcDbSymbolTableRecord
100
AcDbDimStyleTableRecord
  2
ISO-25
 70
     0
 41
2.5
 42
0.625
 43
3.75
 44
1.25
 73
     0
 74
     0
 77
     1
 78
     8
140
2.5
141
2.5
143
0.03937007874016
147
0.625
171
     3
172
     1
271
     2
272
     2
274
     3
278
    44
283
     0
284
     8
340
11
  0
ENDTAB
  0
TABLE
  2
BLOCK_RECORD
  5
1
330
0
100
AcDbSymbolTable
 70
     2
  0
BLOCK_RECORD
  5
1F
102
{ACAD_XDICTIONARY
360
1CE
102
}
330
1
100
AcDbSymbolTableRecord
100
AcDbBlockTableRecord
  2
*Model_Space
340
22
  0
BLOCK_RECORD
  5
D2
330
1
100
AcDbSymbolTableRecord
100
AcDbBlockTableRecord
  2
*Paper_Space
340
D3
  0
BLOCK_RECORD
  5
D6
330
1
100
AcDbSymbolTableRecord
100
AcDbBlockTableRecord
  2
*Paper_Space0
340
D7
  0
ENDTAB
  0
ENDSEC
  0
SECTION
  2
BLOCKS
  0
BLOCK
  5
20
330
1F
100
AcDbEntity
  8
0
100
AcDbBlockBegin
  2
*Model_Space
 70
     0
 10
0.0
 20
0.0
 30
0.0
  3
*Model_Space
  1

  0
ENDBLK
  5
21
330
1F
100
AcDbEntity
  8
0
100
AcDbBlockEnd
  0
BLOCK
  5
D4
330
D2
100
AcDbEntity
 67
     1
  8
0
100
AcDbBlockBegin
  2
*Paper_Space
 70
     0
 10
0.0
 20
0.0
 30
0.0
  3
*Paper_Space
  1

  0
ENDBLK
  5
D5
330
D2
100
AcDbEntity
 67
     1
  8
0
100
AcDbBlockEnd
  0
BLOCK
  5
D8
330
D6
100
AcDbEntity
 67
     1
  8
0
100
AcDbBlockBegin
  2
*Paper_Space0
 70
     0
 10
0.0
 20
0.0
 30
0.0
  3
*Paper_Space0
  1

  0
ENDBLK
  5
D9
330
D6
100
AcDbEntity
 67
     1
  8
0
100
AcDbBlockEnd
  0
ENDSEC
  0
SECTION
  2
ENTITIES
  0
SPLINE
  5
2AA
330
1F
100
AcDbEntity
  8
Plan 1
 62
    17
100
AcDbSpline
210
0.0
220
0.0
230
1.0
 70
    11
 71
     3
 72
    20
 73
    16
 74
     0
 42
0.0000000001
 43
0.0000000001
 40
0.0
 40
0.0
 40
0.0
 40
0.0
 40
0.2
 40
0.2
 40
0.2
 40
0.2
 40
0.4
 40
0.4
 40
0.4
 40
0.4
 40
0.6
 40
0.6
 40
0.6
 40
0.6
 40
1.0
 40
1.0
 40
1.0
 40
1.0
 10
-470.841579285885
 20
529.9938995342609
 30
0.0
 10
-470.841579285885
 20
529.9938995342609
 30
0.0
 10
529.1584207141149
 20
529.9938995342609
 30
0.0
 10
529.1584207141149
 20
529.9938995342609
 30
0.0
 10
529.1584207141149
 20
529.9938995342609
 30
0.0
 10
529.1584207141149
 20
529.9938995342609
 30
0.0
 10
529.1584207141149
 20
-470.0061004657388
 30
0.0
 10
529.1584207141149
 20
-470.0061004657388
 30
0.0
 10
529.1584207141149
 20
-470.0061004657388
 30
0.0
 10
529.1584207141149
 20
-470.0061004657388
 30
0.0
 10
-470.841579285885
 20
-470.0061004657388
 30
0.0
 10
-470.841579285885
 20
-470.0061004657388
 30
0.0
 10
-470.841579285885
 20
-470.0061004657388
 30
0.0
 10
-470.841579285885
 20
-470.0061004657388
 30
0.0
 10
-470.841579285885
 20
529.9938995342609
 30
0.0
 10
-470.841579285885
 20
529.9938995342609
 30
0.0
  0
SPLINE
  5
2AB
330
1F
100
AcDbEntity
  8
Plan 1
 62
    17
100
AcDbSpline
210
0.0
220
0.0
230
1.0
 70
    11
 71
     3
 72
    16
 73
    12
 74
     0
 42
0.0000000001
 43
0.0000000001
 40
0.0
 40
0.0
 40
0.0
 40
0.0
 40
0.25
 40
0.25
 40
0.25
 40
0.25
 40
0.5
 40
0.5
 40
0.5
 40
0.5
 40
1.0
 40
1.0
 40
1.0
 40
1.0
 10
-408.6009792858849
 20
464.0399995342609
 30
0.0
 10
-408.6009792858849
 20
464.0399995342609
 30
0.0
 10
-408.1007792858854
 20
464.0399995342609
 30
0.0
 10
-408.1007792858854
 20
464.0399995342609
 30
0.0
 10
-408.1007792858854
 20
464.0399995342609
 30
0.0
 10
-408.2774792858854
 20
463.8558995342609
 30
0.0
 10
-408.4461792858847
 20
463.668199534261
 30
0.0
 10
-408.6009792858849
 20
463.4742995342612
 30
0.0
 10
-408.6009792858849
 20
463.4742995342612
 30
0.0
 10
-408.6009792858849
 20
463.4742995342612
 30
0.0
 10
-408.6009792858849
 20
464.0399995342609
 30
0.0
 10
-408.6009792858849
 20
464.0399995342609
 30
0.0
  0
SPLINE
  5
2AC
330
1F
100
AcDbEntity
  8
Plan 1
 62
    17
100
AcDbSpline
210
0.0
220
0.0
230
1.0
 70
    11
 71
     3
 72
    24
 73
    20
 74
     0
 42
0.0000000001
 43
0.0000000001
 40
0.0
 40
0.0
 40
0.0
 40
0.0
 40
0.1666666666666667
 40
0.1666666666666667
 40
0.1666666666666667
 40
0.1666666666666667
 40
0.3333333333333333
 40
0.3333333333333333
 40
0.3333333333333333
 40
0.3333333333333333
 40
0.5
 40
0.5
 40
0.5
 40
0.5
 40
0.6666666666666666
 40
0.6666666666666666
 40
0.6666666666666666
 40
0.6666666666666666
 40
1.0
 40
1.0
 40
1.0
 40
1.0
 10
-389.4312792858855
 20
464.0399995342609
 30
0.0
 10
-389.4312792858855
 20
464.0399995342609
 30
0.0
 10
-292.8708792858852
 20
464.0399995342609
 30
0.0
 10
-292.8708792858852
 20
464.0399995342609
 30
0.0
 10
-292.8708792858852
 20
464.0399995342609
 30
0.0
 10
-295.405879285885
 20
461.1543995342612
 30
0.0
 10
-297.1398792858854
 20
457.2604995342612
 30
0.0
 10
-297.5157792858854
 20
452.4427995342612
 30
0.0
 10
-297.5157792858854
 20
452.4427995342612
 30
0.0
 10
-323.320879285885
 20
464.2981995342611
 30
0.0
 10
-347.9186792858854
 20
468.891899534261
 30
0.0
 10
-371.9781792858849
 20
455.3980995342612
 30
0.0
 10
-371.9781792858849
 20
455.3980995342612
 30
0.0
 10
-379.270079285885
 20
452.4358995342608
 30
0.0
 10
-389.1793792858853
 20
453.8683995342612
 30
0.0
 10
-395.4927792858853
 20
457.3600995342612
 30
0.0
 10
-395.4927792858853
 20
457.3600995342612
 30
0.0
 10
-391.5256792858854
 20
459.2278995342613
 30
0.0
 10
-389.6838792858853
 20
461.7487995342612
 30
0.0
 10
-389.4312792858855
 20
464.0399995342609
 30
0.0
  0
SPLINE
  5
2AD
330
1F
100
AcDbEntity
  8
Plan 1
 62
    17
100
AcDbSpline
210
0.0
220
0.0
230
1.0
 70
    11
 71
     3
 72
   228
 73
   224
 74
     0
 42
0.0000000001
 43
0.0000000001
 40
0.0
 40
0.0
 40
0.0
 40
0.0
 40
0.0175438596491228
 40
0.0175438596491228
 40
0.0175438596491228
 40
0.0175438596491228
 40
0.0350877192982456
 40
0.0350877192982456
 40
0.0350877192982456
 40
0.0350877192982456
 40
0.0526315789473684
 40
0.0526315789473684
 40
0.0526315789473684
 40
0.0526315789473684
 40
0.0701754385964912
 40
0.0701754385964912
 40
0.0701754385964912
 40
0.0701754385964912
 40
0.087719298245614
 40
0.087719298245614
 40
0.087719298245614
 40
0.087719298245614
 40
0.1052631578947368
 40
0.1052631578947368
 40
0.1052631578947368
 40
0.1052631578947368
 40
0.1228070175438596
 40
0.1228070175438596
 40
0.1228070175438596
 40
0.1228070175438596
 40
0.1403508771929824
 40
0.1403508771929824
 40
0.1403508771929824
 40
0.1403508771929824
 40
0.1578947368421053
 40
0.1578947368421053
 40
0.1578947368421053
 40
0.1578947368421053
 40
0.1754385964912281
 40
0.1754385964912281
 40
0.1754385964912281
 40
0.1754385964912281
 40
0.1929824561403509
 40
0.1929824561403509
 40
0.1929824561403509
 40
0.1929824561403509
 40
0.2105263157894737
 40
0.2105263157894737
 40
0.2105263157894737
 40
0.2105263157894737
 40
0.2280701754385965
 40
0.2280701754385965
 40
0.2280701754385965
 40
0.2280701754385965
 40
0.2456140350877193
 40
0.2456140350877193
 40
0.2456140350877193
 40
0.2456140350877193
 40
0.2631578947368421
 40
0.2631578947368421
 40
0.2631578947368421
 40
0.2631578947368421
 40
0.2807017543859649
 40
0.2807017543859649
 40
0.2807017543859649
 40
0.2807017543859649
 40
0.2982456140350877
 40
0.2982456140350877
 40
0.2982456140350877
 40
0.2982456140350877
 40
0.3157894736842105
 40
0.3157894736842105
 40
0.3157894736842105
 40
0.3157894736842105
 40
0.3333333333333333
 40
0.3333333333333333
 40
0.3333333333333333
 40
0.3333333333333333
 40
0.3508771929824561
 40
0.3508771929824561
 40
0.3508771929824561
 40
0.3508771929824561
 40
0.3684210526315789
 40
0.3684210526315789
 40
0.3684210526315789
 40
0.3684210526315789
 40
0.3859649122807017
 40
0.3859649122807017
 40
0.3859649122807017
 40
0.3859649122807017
 40
0.4035087719298245
 40
0.4035087719298245
 40
0.4035087719298245
 40
0.4035087719298245
 40
0.4210526315789473
 40
0.4210526315789473
 40
0.4210526315789473
 40
0.4210526315789473
 40
0.4385964912280702
 40
0.4385964912280702
 40
0.4385964912280702
 40
0.4385964912280702
 40
0.456140350877193
 40
0.456140350877193
 40
0.456140350877193
 40
0.456140350877193
 40
0.4736842105263159
 40
0.4736842105263159
 40
0.4736842105263159
 40
0.4736842105263159
 40
0.4912280701754387
 40
0.4912280701754387
 40
0.4912280701754387
 40
0.4912280701754387
 40
0.5087719298245615
 40
0.5087719298245615
 40
0.5087719298245615
 40
0.5087719298245615
 40
0.5263157894736842
 40
0.5263157894736842
 40
0.5263157894736842
 40
0.5263157894736842
 40
0.5438596491228071
 40
0.5438596491228071
 40
0.5438596491228071
 40
0.5438596491228071
 40
0.5614035087719298
 40
0.5614035087719298
 40
0.5614035087719298
 40
0.5614035087719298
 40
0.5789473684210527
 40
0.5789473684210527
 40
0.5789473684210527
 40
0.5789473684210527
 40
0.5964912280701755
 40
0.5964912280701755
 40
0.5964912280701755
 40
0.5964912280701755
 40
0.6140350877192983
 40
0.6140350877192983
 40
0.6140350877192983
 40
0.6140350877192983
 40
0.6315789473684211
 40
0.6315789473684211
 40
0.6315789473684211
 40
0.6315789473684211
 40
0.6491228070175439
 40
0.6491228070175439
 40
0.6491228070175439
 40
0.6491228070175439
 40
0.6666666666666666
 40
0.6666666666666666
 40
0.6666666666666666
 40
0.6666666666666666
 40
0.6842105263157895
 40
0.6842105263157895
 40
0.6842105263157895
 40
0.6842105263157895
 40
0.7017543859649123
 40
0.7017543859649123
 40
0.7017543859649123
 40
0.7017543859649123
 40
0.7192982456140351
 40
0.7192982456140351
 40
0.7192982456140351
 40
0.7192982456140351
 40
0.7368421052631579
 40
0.7368421052631579
 40
0.7368421052631579
 40
0.7368421052631579
 40
0.7543859649122808
 40
0.7543859649122808
 40
0.7543859649122808
 40
0.7543859649122808
 40
0.7719298245614035
 40
0.7719298245614035
 40
0.7719298245614035
 40
0.7719298245614035
 40
0.7894736842105264
 40
0.7894736842105264
 40
0.7894736842105264
 40
0.7894736842105264
 40
0.8070175438596491
 40
0.8070175438596491
 40
0.8070175438596491
 40
0.8070175438596491
 40
0.8245614035087719
 40
0.8245614035087719
 40
0.8245614035087719
 40
0.8245614035087719
 40
0.8421052631578946
 40
0.8421052631578946
 40
0.8421052631578946
 40
0.8421052631578946
 40
0.8596491228070174
 40
0.8596491228070174
 40
0.8596491228070174
 40
0.8596491228070174
 40
0.8771929824561402
 40
0.8771929824561402
 40
0.8771929824561402
 40
0.8771929824561402
 40
0.8947368421052631
 40
0.8947368421052631
 40
0.8947368421052631
 40
0.8947368421052631
 40
0.9122807017543859
 40
0.9122807017543859
 40
0.9122807017543859
 40
0.9122807017543859
 40
0.9298245614035087
 40
0.9298245614035087
 40
0.9298245614035087
 40
0.9298245614035087
 40
0.9473684210526316
 40
0.9473684210526316
 40
0.9473684210526316
 40
0.9473684210526316
 40
0.9649122807017544
 40
0.9649122807017544
 40
0.9649122807017544
 40
0.9649122807017544
 40
1.0
 40
1.0
 40
1.0
 40
1.0
 10
-267.4018792858851
 20
464.0399995342609
 30
0.0
 10
-267.4018792858851
 20
464.0399995342609
 30
0.0
 10
-259.180579285885
 20
464.0399995342609
 30
0.0
 10
-259.180579285885
 20
464.0399995342609
 30
0.0
 10
-259.180579285885
 20
464.0399995342609
 30
0.0
 10
-267.810979285885
 20
451.892799534261
 30
0.0
 10
-242.9208792858854
 20
439.1665995342609
 30
0.0
 10
-247.6774792858851
 20
458.0162995342611
 30
0.0
 10
-247.6774792858851
 20
458.0162995342611
 30
0.0
 10
-242.0178792858851
 20
457.4686995342613
 30
0.0
 10
-239.4069792858854
 20
452.9902995342609
 30
0.0
 10
-239.840679285885
 20
444.5857995342612
 30
0.0
 10
-239.840679285885
 20
444.5857995342612
 30
0.0
 10
-265.6653792858851
 20
416.5365995342608
 30
0.0
 10
-271.5538792858851
 20
382.2507995342612
 30
0.0
 10
-230.1841792858859
 20
340.7370995342613
 30
0.0
 10
-230.1841792858859
 20
340.7370995342613
 30
0.0
 10
-250.3121792858856
 20
353.671999534261
 30
0.0
 10
-260.7422792858852
 20
325.8107995342612
 30
0.0
 10
-274.628879285885
 20
319.6147995342613
 30
0.0
 10
-274.628879285885
 20
319.6147995342613
 30
0.0
 10
-257.9200792858856
 20
314.3193995342613
 30
0.0
 10
-255.4618792858855
 20
321.017799534261
 30
0.0
 10
-232.5901792858849
 20
324.6520995342612
 30
0.0
 10
-232.5901792858849
 20
324.6520995342612
 30
0.0
 10
-263.7497792858858
 20
295.3989995342613
 30
0.0
 10
-274.7617792858855
 20
248.510799534261
 30
0.0
 10
-232.3285792858851
 20
210.6426995342613
 30
0.0
 10
-232.3285792858851
 20
210.6426995342613
 30
0.0
 10
-257.277279285885
 20
210.3960995342609
 30
0.0
 10
-269.3941792858859
 20
194.3291995342611
 30
0.0
 10
-254.2197792858851
 20
176.7167995342611
 30
0.0
 10
-254.2197792858851
 20
176.7167995342611
 30
0.0
 10
-254.2197792858851
 20
176.7167995342611
 30
0.0
 10
-254.2109792858855
 20
176.7167995342611
 30
0.0
 10
-254.2109792858855
 20
176.7167995342611
 30
0.0
 10
-254.2109792858855
 20
176.7167995342611
 30
0.0
 10
-254.2109792858855
 20
176.6799995342612
 30
0.0
 10
-254.206679285885
 20
176.6433995342609
 30
0.0
 10
-254.2044792858851
 20
176.6069995342609
 30
0.0
 10
-254.2044792858851
 20
176.6069995342609
 30
0.0
 10
-254.2044792858851
 20
176.6069995342609
 30
0.0
 10
-254.2197792858851
 20
176.6069995342609
 30
0.0
 10
-254.2197792858851
 20
176.6069995342609
 30
0.0
 10
-254.2197792858851
 20
176.6069995342609
 30
0.0
 10
-269.3941792858859
 20
159.002299534261
 30
0.0
 10
-257.277279285885
 20
142.9355995342612
 30
0.0
 10
-232.3285792858851
 20
142.6848995342611
 30
0.0
 10
-232.3285792858851
 20
142.6848995342611
 30
0.0
 10
-274.7617792858855
 20
104.8227995342611
 30
0.0
 10
-263.7497792858858
 20
57.93659953426118
 30
0.0
 10
-232.5901792858849
 20
28.67579953426116
 30
0.0
 10
-232.5901792858849
 20
28.67579953426116
 30
0.0
 10
-255.4618792858855
 20
32.31259953426115
 30
0.0
 10
-257.9200792858856
 20
39.01279953426115
 30
0.0
 10
-274.628879285885
 20
33.71249953426104
 30
0.0
 10
-274.628879285885
 20
33.71249953426104
 30
0.0
 10
-260.7422792858852
 20
27.51799953426098
 30
0.0
 10
-250.3121792858856
 20
-0.3366004657389112
 30
0.0
 10
-230.1841792858859
 20
12.59019953426104
 30
0.0
 10
-230.1841792858859
 20
12.59019953426104
 30
0.0
 10
-271.5538792858851
 20
-28.91520046573896
 30
0.0
 10
-265.6653792858851
 20
-63.21430046573891
 30
0.0
 10
-239.840679285885
 20
-91.25500046573893
 30
0.0
 10
-239.840679285885
 20
-91.25500046573893
 30
0.0
 10
-239.4069792858854
 20
-99.66510046573899
 30
0.0
 10
-242.0178792858851
 20
-104.1429004657389
 30
0.0
 10
-247.6774792858851
 20
-104.688500465739
 30
0.0
 10
-247.6774792858851
 20
-104.688500465739
 30
0.0
 10
-242.3359792858855
 20
-83.52380046573898
 30
0.0
 10
-274.3803792858853
 20
-102.167600465739
 30
0.0
 10
-254.3591792858852
 20
-115.107100465739
 30
0.0
 10
-254.3591792858852
 20
-115.107100465739
 30
0.0
 10
-252.7812792858849
 20
-115.809900465739
 30
0.0
 10
-251.1381792858856
 20
-116.270000465739
 30
0.0
 10
-249.4774792858852
 20
-116.4981004657388
 30
0.0
 10
-249.4774792858852
 20
-116.4981004657388
 30
0.0
 10
-249.4796792858851
 20
-116.5578004657388
 30
0.0
 10
-249.4839792858857
 20
-116.6181004657389
 30
0.0
 10
-249.4839792858857
 20
-116.678600465739
 30
0.0
 10
-249.4839792858857
 20
-116.678600465739
 30
0.0
 10
-249.4839792858857
 20
-116.7327004657388
 30
0.0
 10
-249.481879285885
 20
-116.786400465739
 30
0.0
 10
-249.4796792858851
 20
-116.839800465739
 30
0.0
 10
-249.4796792858851
 20
-116.839800465739
 30
0.0
 10
-251.1381792858856
 20
-117.068200465739
 30
0.0
 10
-252.7812792858849
 20
-117.5286004657391
 30
0.0
 10
-254.3591792858852
 20
-118.231200465739
 30
0.0
 10
-254.3591792858852
 20
-118.231200465739
 30
0.0
 10
-274.3803792858853
 20
-131.170600465739
 30
0.0
 10
-242.3359792858855
 20
-149.814400465739
 30
0.0
 10
-247.6774792858851
 20
-128.649700465739
 30
0.0
 10
-247.6774792858851
 20
-128.649700465739
 30
0.0
 10
-242.0178792858851
 20
-129.1954004657389
 30
0.0
 10
-239.4069792858854
 20
-133.6730004657388
 30
0.0
 10
-239.840679285885
 20
-142.0832004657388
 30
0.0
 10
-239.840679285885
 20
-142.0832004657388
 30
0.0
 10
-265.6653792858851
 20
-170.1240004657388
 30
0.0
 10
-271.5538792858851
 20
-204.4230004657388
 30
0.0
 10
-230.1841792858859
 20
-245.9284004657388
 30
0.0
 10
-230.1841792858859
 20
-245.9284004657388
 30
0.0
 10
-250.3121792858856
 20
-233.0016004657389
 30
0.0
 10
-260.7422792858852
 20
-260.856300465739
 30
0.0
 10
-274.628879285885
 20
-267.0507004657388
 30
0.0
 10
-274.628879285885
 20
-267.0507004657388
 30
0.0
 10
-257.9200792858856
 20
-272.3511004657389
 30
0.0
 10
-255.4618792858855
 20
-265.6508004657389
 30
0.0
 10
-232.5901792858849
 20
-262.014000465739
 30
0.0
 10
-232.5901792858849
 20
-262.014000465739
 30
0.0
 10
-263.7497792858858
 20
-291.274700465739
 30
0.0
 10
-274.7617792858855
 20
-338.1611004657389
 30
0.0
 10
-232.3285792858851
 20
-376.0232004657389
 30
0.0
 10
-232.3285792858851
 20
-376.0232004657389
 30
0.0
 10
-254.4556792858857
 20
-376.2455004657388
 30
0.0
 10
-266.4860792858854
 20
-388.908900465739
 30
0.0
 10
-258.3385792858853
 20
-404.0521004657389
 30
0.0
 10
-258.3385792858853
 20
-404.0521004657389
 30
0.0
 10
-258.3385792858853
 20
-404.0521004657389
 30
0.0
 10
-268.2437792858855
 20
-404.0521004657389
 30
0.0
 10
-268.2437792858855
 20
-404.0521004657389
 30
0.0
 10
-268.2437792858855
 20
-404.0521004657389
 30
0.0
 10
-260.0962792858855
 20
-388.908900465739
 30
0.0
 10
-272.1262792858852
 20
-376.2455004657388
 30
0.0
 10
-294.2533792858858
 20
-376.0232004657389
 30
0.0
 10
-294.2533792858858
 20
-376.0232004657389
 30
0.0
 10
-251.8202792858856
 20
-338.1611004657389
 30
0.0
 10
-262.8322792858853
 20
-291.274700465739
 30
0.0
 10
-293.9918792858853
 20
-262.014000465739
 30
0.0
 10
-293.9918792858853
 20
-262.014000465739
 30
0.0
 10
-271.1201792858856
 20
-265.6508004657389
 30
0.0
 10
-268.6619792858855
 20
-241.0124004657389
 30
0.0
 10
-251.9531792858852
 20
-235.712100465739
 30
0.0
 10
-251.9531792858852
 20
-235.712100465739
 30
0.0
 10
-265.839779285885
 20
-229.517600465739
 30
0.0
 10
-276.2698792858855
 20
-233.0016004657389
 30
0.0
 10
-296.3978792858852
 20
-245.9284004657388
 30
0.0
 10
-296.3978792858852
 20
-245.9284004657388
 30
0.0
 10
-255.028179285885
 20
-204.4230004657388
 30
0.0
 10
-260.9188792858849
 20
-170.1240004657388
 30
0.0
 10
-286.7413792858851
 20
-142.0832004657388
 30
0.0
 10
-286.7413792858851
 20
-142.0832004657388
 30
0.0
 10
-287.1750792858857
 20
-133.6730004657388
 30
0.0
 10
-284.564179285886
 20
-129.1954004657389
 30
0.0
 10
-278.9045792858851
 20
-128.649700465739
 30
0.0
 10
-278.9045792858851
 20
-128.649700465739
 30
0.0
 10
-284.2460792858856
 20
-149.814400465739
 30
0.0
 10
-252.2015792858856
 20
-131.170600465739
 30
0.0
 10
-272.222879285885
 20
-118.231200465739
 30
0.0
 10
-272.222879285885
 20
-118.231200465739
 30
0.0
 10
-273.7831792858851
 20
-117.5361004657388
 30
0.0
 10
-275.4090792858851
 20
-117.0785004657389
 30
0.0
 10
-277.0500792858856
 20
-116.8472004657389
 30
0.0
 10
-277.0500792858856
 20
-116.8472004657389
 30
0.0
 10
-277.0456792858849
 20
-116.788300465739
 30
0.0
 10
-277.043479285885
 20
-116.7291004657388
 30
0.0
 10
-277.043479285885
 20
-116.6692004657388
 30
0.0
 10
-277.043479285885
 20
-116.6692004657388
 30
0.0
 10
-277.043479285885
 20
-116.6093004657389
 30
0.0
 10
-277.0456792858849
 20
-116.5496004657389
 30
0.0
 10
-277.0500792858856
 20
-116.4906004657389
 30
0.0
 10
-277.0500792858856
 20
-116.4906004657389
 30
0.0
 10
-275.4090792858851
 20
-116.259300465739
 30
0.0
 10
-273.7831792858851
 20
-115.8022004657389
 30
0.0
 10
-272.222879285885
 20
-115.107100465739
 30
0.0
 10
-272.222879285885
 20
-115.107100465739
 30
0.0
 10
-252.2015792858856
 20
-102.167600465739
 30
0.0
 10
-284.2460792858856
 20
-83.52380046573898
 30
0.0
 10
-278.9045792858851
 20
-104.688500465739
 30
0.0
 10
-278.9045792858851
 20
-104.688500465739
 30
0.0
 10
-284.564179285886
 20
-104.1429004657389
 30
0.0
 10
-287.1750792858857
 20
-99.66510046573899
 30
0.0
 10
-286.7413792858851
 20
-91.25500046573893
 30
0.0
 10
-286.7413792858851
 20
-91.25500046573893
 30
0.0
 10
-260.9188792858849
 20
-63.21430046573891
 30
0.0
 10
-255.028179285885
 20
-28.91520046573896
 30
0.0
 10
-296.3978792858852
 20
12.59019953426104
 30
0.0
 10
-296.3978792858852
 20
12.59019953426104
 30
0.0
 10
-276.2698792858855
 20
-0.3366004657389112
 30
0.0
 10
-265.839779285885
 20
-3.820600465738834
 30
0.0
 10
-251.9531792858852
 20
2.373799534261024
 30
0.0
 10
-251.9531792858852
 20
2.373799534261024
 30
0.0
 10
-268.6619792858855
 20
7.674299534261081
 30
0.0
 10
-271.1201792858856
 20
32.31259953426115
 30
0.0
 10
-293.9918792858853
 20
28.67579953426116
 30
0.0
 10
-293.9918792858853
 20
28.67579953426116
 30
0.0
 10
-262.8322792858853
 20
57.93659953426118
 30
0.0
 10
-251.8202792858856
 20
104.8227995342611
 30
0.0
 10
-294.2533792858858
 20
142.6848995342611
 30
0.0
 10
-294.2533792858858
 20
142.6848995342611
 30
0.0
 10
-269.3984792858855
 20
142.9346995342612
 30
0.0
 10
-257.2837792858854
 20
158.881799534261
 30
0.0
 10
-272.196779285885
 20
176.4085995342611
 30
0.0
 10
-272.196779285885
 20
176.4085995342611
 30
0.0
 10
-272.2010792858855
 20
176.561199534261
 30
0.0
 10
-272.2185792858854
 20
176.7104995342611
 30
0.0
 10
-272.2468792858854
 20
176.8558995342609
 30
0.0
 10
-272.2468792858854
 20
176.8558995342609
 30
0.0
 10
-257.2554792858855
 20
194.4135995342612
 30
0.0
 10
-269.3701792858856
 20
210.396799534261
 30
0.0
 10
-294.2533792858858
 20
210.6426995342613
 30
0.0
 10
-294.2533792858858
 20
210.6426995342613
 30
0.0
 10
-251.8202792858856
 20
248.510799534261
 30
0.0
 10
-262.8322792858853
 20
295.3989995342613
 30
0.0
 10
-293.9918792858853
 20
324.6520995342612
 30
0.0
 10
-293.9918792858853
 20
324.6520995342612
 30
0.0
 10
-271.1201792858856
 20
321.017799534261
 30
0.0
 10
-268.6619792858855
 20
345.649999534261
 30
0.0
 10
-251.9531792858852
 20
350.961099534261
 30
0.0
 10
-251.9531792858852
 20
350.961099534261
 30
0.0
 10
-265.839779285885
 20
357.1569995342611
 30
0.0
 10
-276.2698792858855
 20
353.671999534261
 30
0.0
 10
-296.3978792858852
 20
340.7370995342613
 30
0.0
 10
-296.3978792858852
 20
340.7370995342613
 30
0.0
 10
-255.028179285885
 20
382.2507995342612
 30
0.0
 10
-260.9188792858849
 20
416.5365995342608
 30
0.0
 10
-286.7413792858851
 20
444.5857995342612
 30
0.0
 10
-286.7413792858851
 20
444.5857995342612
 30
0.0
 10
-287.1750792858857
 20
452.9902995342609
 30
0.0
 10
-284.564179285886
 20
457.4686995342613
 30
0.0
 10
-278.9045792858851
 20
458.0162995342611
 30
0.0
 10
-278.9045792858851
 20
458.0162995342611
 30
0.0
 10
-283.6611792858848
 20
439.1665995342609
 30
0.0
 10
-258.7713792858849
 20
451.892799534261
 30
0.0
 10
-267.4018792858851
 20
464.0399995342609
 30
0.0
  0
SPLINE
  5
2AE
330
1F
100
AcDbEntity
  8
Plan 1
 62
    17
100
AcDbSpline
210
0.0
220
0.0
230
1.0
 70
    11
 71
     3
 72
    24
 73
    20
 74
     0
 42
0.0000000001
 43
0.0000000001
 40
0.0
 40
0.0
 40
0.0
 40
0.0
 40
0.1666666666666667
 40
0.1666666666666667
 40
0.1666666666666667
 40
0.1666666666666667
 40
0.3333333333333333
 40
0.3333333333333333
 40
0.3333333333333333
 40
0.3333333333333333
 40
0.5
 40
0.5
 40
0.5
 40
0.5
 40
0.6666666666666666
 40
0.6666666666666666
 40
0.6666666666666666
 40
0.6666666666666666
 40
1.0
 40
1.0
 40
1.0
 40
1.0
 10
-233.7118792858855
 20
464.0399995342609
 30
0.0
 10
-233.7118792858855
 20
464.0399995342609
 30
0.0
 10
-137.151379285885
 20
464.0399995342609
 30
0.0
 10
-137.151379285885
 20
464.0399995342609
 30
0.0
 10
-137.151379285885
 20
464.0399995342609
 30
0.0
 10
-136.8987792858852
 20
461.7487995342612
 30
0.0
 10
-135.0563792858856
 20
459.2278995342613
 30
0.0
 10
-131.0892792858849
 20
457.3600995342612
 30
0.0
 10
-131.0892792858849
 20
457.3600995342612
 30
0.0
 10
-137.4026792858849
 20
453.8683995342612
 30
0.0
 10
-147.3119792858851
 20
452.4358995342608
 30
0.0
 10
-154.6038792858853
 20
455.3980995342612
 30
0.0
 10
-154.6038792858853
 20
455.3980995342612
 30
0.0
 10
-178.6633792858856
 20
468.891899534261
 30
0.0
 10
-203.261079285885
 20
464.2981995342611
 30
0.0
 10
-229.0662792858857
 20
452.4427995342612
 30
0.0
 10
-229.0662792858857
 20
452.4427995342612
 30
0.0
 10
-229.4421792858857
 20
457.2604995342612
 30
0.0
 10
-231.1768792858857
 20
461.1543995342612
 30
0.0
 10
-233.7118792858855
 20
464.0399995342609
 30
0.0
  0
SPLINE
  5
2AF
330
1F
100
AcDbEntity
  8
Plan 1
 62
    17
100
AcDbSpline
210
0.0
220
0.0
230
1.0
 70
    11
 71
     3
 72
    16
 73
    12
 74
     0
 42
0.0000000001
 43
0.0000000001
 40
0.0
 40
0.0
 40
0.0
 40
0.0
 40
0.25
 40
0.25
 40
0.25
 40
0.25
 40
0.5
 40
0.5
 40
0.5
 40
0.5
 40
1.0
 40
1.0
 40
1.0
 40
1.0
 10
-118.4761792858853
 20
464.0399995342609
 30
0.0
 10
-118.4761792858853
 20
464.0399995342609
 30
0.0
 10
-115.1271792858852
 20
464.0399995342609
 30
0.0
 10
-115.1271792858852
 20
464.0399995342609
 30
0.0
 10
-115.1271792858852
 20
464.0399995342609
 30
0.0
 10
-115.880679285885
 20
463.2541995342612
 30
0.0
 10
-116.4320792858852
 20
462.3737995342612
 30
0.0
 10
-116.801579285885
 20
461.432399534261
 30
0.0
 10
-116.801579285885
 20
461.432399534261
 30
0.0
 10
-117.171179285885
 20
462.3737995342612
 30
0.0
 10
-117.7226792858855
 20
463.2541995342612
 30
0.0
 10
-118.4761792858853
 20
464.0399995342609
 30
0.0
  0
SPLINE
  5
2B0
330
1F
100
AcDbEntity
  8
Plan 1
 62
    17
100
AcDbSpline
210
0.0
220
0.0
230
1.0
 70
    11
 71
     3
 72
    24
 73
    20
 74
     0
 42
0.0000000001
 43
0.0000000001
 40
0.0
 40
0.0
 40
0.0
 40
0.0
 40
0.1666666666666667
 40
0.1666666666666667
 40
0.1666666666666667
 40
0.1666666666666667
 40
0.3333333333333333
 40
0.3333333333333333
 40
0.3333333333333333
 40
0.3333333333333333
 40
0.5
 40
0.5
 40
0.5
 40
0.5
 40
0.6666666666666666
 40
0.6666666666666666
 40
0.6666666666666666
 40
0.6666666666666666
 40
1.0
 40
1.0
 40
1.0
 40
1.0
 10
-96.44577928588569
 20
464.0399995342609
 30
0.0
 10
-96.44577928588569
 20
464.0399995342609
 30
0.0
 10
0.1136207141144041
 20
464.0399995342609
 30
0.0
 10
0.1136207141144041
 20
464.0399995342609
 30
0.0
 10
0.1136207141144041
 20
464.0399995342609
 30
0.0
 10
-2.419779285884942
 20
461.1543995342612
 30
0.0
 10
-4.152379285885217
 20
457.2604995342612
 30
0.0
 10
-4.528479285885623
 20
452.4427995342612
 30
0.0
 10
-4.528479285885623
 20
452.4427995342612
 30
0.0
 10
-30.33877928588572
 20
464.2981995342611
 30
0.0
 10
-54.93297928588527
 20
468.891899534261
 30
0.0
 10
-78.99417928588537
 20
455.3980995342612
 30
0.0
 10
-78.99417928588537
 20
455.3980995342612
 30
0.0
 10
-86.27777928588512
 20
452.4358995342608
 30
0.0
 10
-96.19697928588539
 20
453.8683995342612
 30
0.0
 10
-102.5042792858858
 20
457.3600995342612
 30
0.0
 10
-102.5042792858858
 20
457.3600995342612
 30
0.0
 10
-98.53887928588575
 20
459.2278995342613
 30
0.0
 10
-96.6978792858854
 20
461.7487995342612
 30
0.0
 10
-96.44577928588569
 20
464.0399995342609
 30
0.0
  0
SPLINE
  5
2B1
330
1F
100
AcDbEntity
  8
Plan 1
 62
    17
100
AcDbSpline
210
0.0
220
0.0
230
1.0
 70
    11
 71
     3
 72
   228
 73
   224
 74
     0
 42
0.0000000001
 43
0.0000000001
 40
0.0
 40
0.0
 40
0.0
 40
0.0
 40
0.0175438596491228
 40
0.0175438596491228
 40
0.0175438596491228
 40
0.0175438596491228
 40
0.0350877192982456
 40
0.0350877192982456
 40
0.0350877192982456
 40
0.0350877192982456
 40
0.0526315789473684
 40
0.0526315789473684
 40
0.0526315789473684
 40
0.0526315789473684
 40
0.0701754385964912
 40
0.0701754385964912
 40
0.0701754385964912
 40
0.0701754385964912
 40
0.087719298245614
 40
0.087719298245614
 40
0.087719298245614
 40
0.087719298245614
 40
0.1052631578947368
 40
0.1052631578947368
 40
0.1052631578947368
 40
0.1052631578947368
 40
0.1228070175438596
 40
0.1228070175438596
 40
0.1228070175438596
 40
0.1228070175438596
 40
0.1403508771929824
 40
0.1403508771929824
 40
0.1403508771929824
 40
0.1403508771929824
 40
0.1578947368421053
 40
0.1578947368421053
 40
0.1578947368421053
 40
0.1578947368421053
 40
0.1754385964912281
 40
0.1754385964912281
 40
0.1754385964912281
 40
0.1754385964912281
 40
0.1929824561403509
 40
0.1929824561403509
 40
0.1929824561403509
 40
0.1929824561403509
 40
0.2105263157894737
 40
0.2105263157894737
 40
0.2105263157894737
 40
0.2105263157894737
 40
0.2280701754385965
 40
0.2280701754385965
 40
0.2280701754385965
 40
0.2280701754385965
 40
0.2456140350877193
 40
0.2456140350877193
 40
0.2456140350877193
 40
0.2456140350877193
 40
0.2631578947368421
 40
0.2631578947368421
 40
0.2631578947368421
 40
0.2631578947368421
 40
0.2807017543859649
 40
0.2807017543859649
 40
0.2807017543859649
 40
0.2807017543859649
 40
0.2982456140350877
 40
0.2982456140350877
 40
0.2982456140350877
 40
0.2982456140350877
 40
0.3157894736842105
 40
0.3157894736842105
 40
0.3157894736842105
 40
0.3157894736842105
 40
0.3333333333333333
 40
0.3333333333333333
 40
0.3333333333333333
 40
0.3333333333333333
 40
0.3508771929824561
 40
0.3508771929824561
 40
0.3508771929824561
 40
0.3508771929824561
 40
0.3684210526315789
 40
0.3684210526315789
 40
0.3684210526315789
 40
0.3684210526315789
 40
0.3859649122807017
 40
0.3859649122807017
 40
0.3859649122807017
 40
0.3859649122807017
 40
0.4035087719298245
 40
0.4035087719298245
 40
0.4035087719298245
 40
0.4035087719298245
 40
0.4210526315789473
 40
0.4210526315789473
 40
0.4210526315789473
 40
0.4210526315789473
 40
0.4385964912280702
 40
0.4385964912280702
 40
0.4385964912280702
 40
0.4385964912280702
 40
0.456140350877193
 40
0.456140350877193
 40
0.456140350877193
 40
0.456140350877193
 40
0.4736842105263159
 40
0.4736842105263159
 40
0.4736842105263159
 40
0.4736842105263159
 40
0.4912280701754387
 40
0.4912280701754387
 40
0.4912280701754387
 40
0.4912280701754387
 40
0.5087719298245615
 40
0.5087719298245615
 40
0.5087719298245615
 40
0.5087719298245615
 40
0.5263157894736842
 40
0.5263157894736842
 40
0.5263157894736842
 40
0.5263157894736842
 40
0.5438596491228071
 40
0.5438596491228071
 40
0.5438596491228071
 40
0.5438596491228071
 40
0.5614035087719298
 40
0.5614035087719298
 40
0.5614035087719298
 40
0.5614035087719298
 40
0.5789473684210527
 40
0.5789473684210527
 40
0.5789473684210527
 40
0.5789473684210527
 40
0.5964912280701755
 40
0.5964912280701755
 40
0.5964912280701755
 40
0.5964912280701755
 40
0.6140350877192983
 40
0.6140350877192983
 40
0.6140350877192983
 40
0.6140350877192983
 40
0.6315789473684211
 40
0.6315789473684211
 40
0.6315789473684211
 40
0.6315789473684211
 40
0.6491228070175439
 40
0.6491228070175439
 40
0.6491228070175439
 40
0.6491228070175439
 40
0.6666666666666666
 40
0.6666666666666666
 40
0.6666666666666666
 40
0.6666666666666666
 40
0.6842105263157895
 40
0.6842105263157895
 40
0.6842105263157895
 40
0.6842105263157895
 40
0.7017543859649123
 40
0.7017543859649123
 40
0.7017543859649123
 40
0.7017543859649123
 40
0.7192982456140351
 40
0.7192982456140351
 40
0.7192982456140351
 40
0.7192982456140351
 40
0.7368421052631579
 40
0.7368421052631579
 40
0.7368421052631579
 40
0.7368421052631579
 40
0.7543859649122808
 40
0.7543859649122808
 40
0.7543859649122808
 40
0.7543859649122808
 40
0.7719298245614035
 40
0.7719298245614035
 40
0.7719298245614035
 40
0.7719298245614035
 40
0.7894736842105264
 40
0.7894736842105264
 40
0.7894736842105264
 40
0.7894736842105264
 40
0.8070175438596491
 40
0.8070175438596491
 40
0.8070175438596491
 40
0.8070175438596491
 40
0.8245614035087719
 40
0.8245614035087719
 40
0.8245614035087719
 40
0.8245614035087719
 40
0.8421052631578946
 40
0.8421052631578946
 40
0.8421052631578946
 40
0.8421052631578946
 40
0.8596491228070174
 40
0.8596491228070174
 40
0.8596491228070174
 40
0.8596491228070174
 40
0.8771929824561402
 40
0.8771929824561402
 40
0.8771929824561402
 40
0.8771929824561402
 40
0.8947368421052631
 40
0.8947368421052631
 40
0.8947368421052631
 40
0.8947368421052631
 40
0.9122807017543859
 40
0.9122807017543859
 40
0.9122807017543859
 40
0.9122807017543859
 40
0.9298245614035087
 40
0.9298245614035087
 40
0.9298245614035087
 40
0.9298245614035087
 40
0.9473684210526316
 40
0.9473684210526316
 40
0.9473684210526316
 40
0.9473684210526316
 40
0.9649122807017544
 40
0.9649122807017544
 40
0.9649122807017544
 40
0.9649122807017544
 40
1.0
 40
1.0
 40
1.0
 40
1.0
 10
25.58232071411476
 20
464.0399995342609
 30
0.0
 10
25.58232071411476
 20
464.0399995342609
 30
0.0
 10
33.80032071411461
 20
464.0399995342609
 30
0.0
 10
33.80032071411461
 20
464.0399995342609
 30
0.0
 10
33.80032071411461
 20
464.0399995342609
 30
0.0
 10
25.170120714115
 20
451.892799534261
 30
0.0
 10
50.06952071411433
 20
439.1665995342609
 30
0.0
 10
45.3009207141149
 20
458.0162995342611
 30
0.0
 10
45.3009207141149
 20
458.0162995342611
 30
0.0
 10
50.96722071411477
 20
457.4686995342613
 30
0.0
 10
53.57282071411464
 20
452.9902995342609
 30
0.0
 10
53.14752071411476
 20
444.5857995342612
 30
0.0
 10
53.14752071411476
 20
444.5857995342612
 30
0.0
 10
27.32542071411444
 20
416.5365995342608
 30
0.0
 10
21.43142071411421
 20
382.2507995342612
 30
0.0
 10
62.80322071411501
 20
340.7370995342613
 30
0.0
 10
62.80322071411501
 20
340.7370995342613
 30
0.0
 10
42.67732071411501
 20
353.671999534261
 30
0.0
 10
32.24902071411452
 20
357.1569995342611
 30
0.0
 10
18.35262071411489
 20
350.961099534261
 30
0.0
 10
18.35262071411489
 20
350.961099534261
 30
0.0
 10
35.06432071411473
 20
345.649999534261
 30
0.0
 10
37.52612071411477
 20
321.017799534261
 30
0.0
 10
60.38932071411455
 20
324.6520995342612
 30
0.0
 10
60.38932071411455
 20
324.6520995342612
 30
0.0
 10
29.23012071411449
 20
295.3989995342613
 30
0.0
 10
18.22682071411509
 20
248.510799534261
 30
0.0
 10
60.65282071411457
 20
210.6426995342613
 30
0.0
 10
60.65282071411457
 20
210.6426995342613
 30
0.0
 10
35.76512071411435
 20
210.396799534261
 30
0.0
 10
23.65362071411437
 20
194.4135995342612
 30
0.0
 10
38.64612071411466
 20
176.8558995342609
 30
0.0
 10
38.64612071411466
 20
176.8558995342609
 30
0.0
 10
38.62222071411452
 20
176.7104995342611
 30
0.0
 10
38.61612071411491
 20
176.561199534261
 30
0.0
 10
38.59222071411478
 20
176.4085995342611
 30
0.0
 10
38.59222071411478
 20
176.4085995342611
 30
0.0
 10
23.68362071411502
 20
158.881799534261
 30
0.0
 10
35.80702071411451
 20
142.9346995342612
 30
0.0
 10
60.65282071411457
 20
142.6848995342611
 30
0.0
 10
60.65282071411457
 20
142.6848995342611
 30
0.0
 10
18.22682071411509
 20
104.8227995342611
 30
0.0
 10
29.23012071411449
 20
57.93659953426118
 30
0.0
 10
60.38932071411455
 20
28.67579953426116
 30
0.0
 10
60.38932071411455
 20
28.67579953426116
 30
0.0
 10
37.52612071411477
 20
32.31259953426115
 30
0.0
 10
35.06432071411473
 20
7.674299534261081
 30
0.0
 10
18.35262071411489
 20
2.373799534261024
 30
0.0
 10
18.35262071411489
 20
2.373799534261024
 30
0.0
 10
32.24902071411452
 20
-3.820600465738834
 30
0.0
 10
42.67732071411501
 20
-0.3366004657389112
 30
0.0
 10
62.80322071411501
 20
12.59019953426104
 30
0.0
 10
62.80322071411501
 20
12.59019953426104
 30
0.0
 10
21.43142071411421
 20
-28.91520046573896
 30
0.0
 10
27.32542071411444
 20
-63.21430046573891
 30
0.0
 10
53.14752071411476
 20
-91.25500046573893
 30
0.0
 10
53.14752071411476
 20
-91.25500046573893
 30
0.0
 10
53.57282071411464
 20
-99.66510046573899
 30
0.0
 10
50.96722071411477
 20
-104.1429004657389
 30
0.0
 10
45.3009207141149
 20
-104.688500465739
 30
0.0
 10
45.3009207141149
 20
-104.688500465739
 30
0.0
 10
50.65582071411427
 20
-83.52380046573898
 30
0.0
 10
18.59822071411509
 20
-102.167600465739
 30
0.0
 10
38.62222071411452
 20
-115.107100465739
 30
0.0
 10
38.62222071411452
 20
-115.107100465739
 30
0.0
 10
40.18552071411432
 20
-115.8022004657389
 30
0.0
 10
41.81482071411482
 20
-116.259300465739
 30
0.0
 10
43.45002071411454
 20
-116.4906004657389
 30
0.0
 10
43.45002071411454
 20
-116.4906004657389
 30
0.0
 10
43.45002071411454
 20
-116.5496004657389
 30
0.0
 10
43.45002071411454
 20
-116.6093004657389
 30
0.0
 10
43.45002071411454
 20
-116.6692004657388
 30
0.0
 10
43.45002071411454
 20
-116.6692004657388
 30
0.0
 10
43.45002071411454
 20
-116.7291004657388
 30
0.0
 10
43.45002071411454
 20
-116.788300465739
 30
0.0
 10
43.45002071411454
 20
-116.8472004657389
 30
0.0
 10
43.45002071411454
 20
-116.8472004657389
 30
0.0
 10
41.81482071411482
 20
-117.0785004657389
 30
0.0
 10
40.18552071411432
 20
-117.5361004657388
 30
0.0
 10
38.62222071411452
 20
-118.231200465739
 30
0.0
 10
38.62222071411452
 20
-118.231200465739
 30
0.0
 10
18.59822071411509
 20
-131.170600465739
 30
0.0
 10
50.65582071411427
 20
-149.814400465739
 30
0.0
 10
45.3009207141149
 20
-128.649700465739
 30
0.0
 10
45.3009207141149
 20
-128.649700465739
 30
0.0
 10
50.96722071411477
 20
-129.1954004657389
 30
0.0
 10
53.57282071411464
 20
-133.6730004657388
 30
0.0
 10
53.14752071411476
 20
-142.0832004657388
 30
0.0
 10
53.14752071411476
 20
-142.0832004657388
 30
0.0
 10
27.32542071411444
 20
-170.1240004657388
 30
0.0
 10
21.43142071411421
 20
-204.4230004657388
 30
0.0
 10
62.80322071411501
 20
-245.9284004657388
 30
0.0
 10
62.80322071411501
 20
-245.9284004657388
 30
0.0
 10
42.67732071411501
 20
-233.0016004657389
 30
0.0
 10
32.24902071411452
 20
-229.517600465739
 30
0.0
 10
18.35262071411489
 20
-235.712100465739
 30
0.0
 10
18.35262071411489
 20
-235.712100465739
 30
0.0
 10
35.06432071411473
 20
-241.0124004657389
 30
0.0
 10
37.52612071411477
 20
-265.6508004657389
 30
0.0
 10
60.38932071411455
 20
-262.014000465739
 30
0.0
 10
60.38932071411455
 20
-262.014000465739
 30
0.0
 10
29.23012071411449
 20
-291.274700465739
 30
0.0
 10
18.22682071411509
 20
-338.1611004657389
 30
0.0
 10
60.65282071411457
 20
-376.0232004657389
 30
0.0
 10
60.65282071411457
 20
-376.0232004657389
 30
0.0
 10
38.52652071411467
 20
-376.2455004657388
 30
0.0
 10
26.49582071411442
 20
-388.908900465739
 30
0.0
 10
34.64582071411405
 20
-404.0521004657389
 30
0.0
 10
34.64582071411405
 20
-404.0521004657389
 30
0.0
 10
34.64582071411405
 20
-404.0521004657389
 30
0.0
 10
24.7365207141147
 20
-404.0521004657389
 30
0.0
 10
24.7365207141147
 20
-404.0521004657389
 30
0.0
 10
24.7365207141147
 20
-404.0521004657389
 30
0.0
 10
32.88752071411455
 20
-388.908900465739
 30
0.0
 10
20.8615207141147
 20
-376.2455004657388
 30
0.0
 10
-1.270079285885003
 20
-376.0232004657389
 30
0.0
 10
-1.270079285885003
 20
-376.0232004657389
 30
0.0
 10
41.16792071411509
 20
-338.1611004657389
 30
0.0
 10
30.15252071411487
 20
-291.274700465739
 30
0.0
 10
-1.006479285885689
 20
-262.014000465739
 30
0.0
 10
-1.006479285885689
 20
-262.014000465739
 30
0.0
 10
21.8626207141142
 20
-265.6508004657389
 30
0.0
 10
24.31852071411504
 20
-272.3511004657389
 30
0.0
 10
41.03612071411498
 20
-267.0507004657388
 30
0.0
 10
41.03612071411498
 20
-267.0507004657388
 30
0.0
 10
27.14562071411456
 20
-260.856300465739
 30
0.0
 10
16.71742071411427
 20
-233.0016004657389
 30
0.0
 10
-3.414479285885136
 20
-245.9284004657388
 30
0.0
 10
-3.414479285885136
 20
-245.9284004657388
 30
0.0
 10
37.95732071411476
 20
-204.4230004657388
 30
0.0
 10
32.06332071411452
 20
-170.1240004657388
 30
0.0
 10
6.247120714114316
 20
-142.0832004657388
 30
0.0
 10
6.247120714114316
 20
-142.0832004657388
 30
0.0
 10
5.809920714114923
 20
-133.6730004657388
 30
0.0
 10
8.427420714114305
 20
-129.1954004657389
 30
0.0
 10
14.08192071411486
 20
-128.649700465739
 30
0.0
 10
14.08192071411486
 20
-128.649700465739
 30
0.0
 10
8.73892071411501
 20
-149.814400465739
 30
0.0
 10
40.78452071411447
 20
-131.170600465739
 30
0.0
 10
20.76052071411504
 20
-118.231200465739
 30
0.0
 10
20.76052071411504
 20
-118.231200465739
 30
0.0
 10
19.19122071411493
 20
-117.5286004657391
 30
0.0
 10
17.53802071411428
 20
-117.068200465739
 30
0.0
 10
15.87882071411513
 20
-116.839800465739
 30
0.0
 10
15.87882071411513
 20
-116.839800465739
 30
0.0
 10
15.87882071411513
 20
-116.786400465739
 30
0.0
 10
15.89082071411485
 20
-116.7327004657388
 30
0.0
 10
15.89082071411485
 20
-116.678600465739
 30
0.0
 10
15.89082071411485
 20
-116.678600465739
 30
0.0
 10
15.89082071411485
 20
-116.6181004657389
 30
0.0
 10
15.87882071411513
 20
-116.5578004657388
 30
0.0
 10
15.87882071411513
 20
-116.4981004657388
 30
0.0
 10
15.87882071411513
 20
-116.4981004657388
 30
0.0
 10
17.53802071411428
 20
-116.270000465739
 30
0.0
 10
19.19122071411493
 20
-115.809900465739
 30
0.0
 10
20.76052071411504
 20
-115.107100465739
 30
0.0
 10
20.76052071411504
 20
-115.107100465739
 30
0.0
 10
40.78452071411447
 20
-102.167600465739
 30
0.0
 10
8.73892071411501
 20
-83.52380046573898
 30
0.0
 10
14.08192071411486
 20
-104.688500465739
 30
0.0
 10
14.08192071411486
 20
-104.688500465739
 30
0.0
 10
8.427420714114305
 20
-104.1429004657389
 30
0.0
 10
5.809920714114923
 20
-99.66510046573899
 30
0.0
 10
6.247120714114316
 20
-91.25500046573893
 30
0.0
 10
6.247120714114316
 20
-91.25500046573893
 30
0.0
 10
32.06332071411452
 20
-63.21430046573891
 30
0.0
 10
37.95732071411476
 20
-28.91520046573896
 30
0.0
 10
-3.414479285885136
 20
12.59019953426104
 30
0.0
 10
-3.414479285885136
 20
12.59019953426104
 30
0.0
 10
16.71742071411427
 20
-0.3366004657389112
 30
0.0
 10
27.14562071411456
 20
27.51799953426098
 30
0.0
 10
41.03612071411498
 20
33.71249953426104
 30
0.0
 10
41.03612071411498
 20
33.71249953426104
 30
0.0
 10
24.31852071411504
 20
39.01279953426115
 30
0.0
 10
21.8626207141142
 20
32.31259953426115
 30
0.0
 10
-1.006479285885689
 20
28.67579953426116
 30
0.0
 10
-1.006479285885689
 20
28.67579953426116
 30
0.0
 10
30.15252071411487
 20
57.93659953426118
 30
0.0
 10
41.16792071411509
 20
104.8227995342611
 30
0.0
 10
-1.270079285885003
 20
142.6848995342611
 30
0.0
 10
-1.270079285885003
 20
142.6848995342611
 30
0.0
 10
23.68362071411502
 20
142.9355995342612
 30
0.0
 10
35.7949207141146
 20
159.002299534261
 30
0.0
 10
20.61672071411431
 20
176.6069995342609
 30
0.0
 10
20.61672071411431
 20
176.6069995342609
 30
0.0
 10
20.61672071411431
 20
176.6069995342609
 30
0.0
 10
20.6108207141142
 20
176.6069995342609
 30
0.0
 10
20.6108207141142
 20
176.6069995342609
 30
0.0
 10
20.6108207141142
 20
176.6069995342609
 30
0.0
 10
20.61672071411431
 20
176.6433995342609
 30
0.0
 10
20.61672071411431
 20
176.6799995342612
 30
0.0
 10
20.61672071411431
 20
176.7167995342611
 30
0.0
 10
20.61672071411431
 20
176.7167995342611
 30
0.0
 10
20.61672071411431
 20
176.7167995342611
 30
0.0
 10
20.61672071411431
 20
176.7167995342611
 30
0.0
 10
20.61672071411431
 20
176.7167995342611
 30
0.0
 10
20.61672071411431
 20
176.7167995342611
 30
0.0
 10
35.7949207141146
 20
194.3291995342611
 30
0.0
 10
23.68362071411502
 20
210.3960995342609
 30
0.0
 10
-1.270079285885003
 20
210.6426995342613
 30
0.0
 10
-1.270079285885003
 20
210.6426995342613
 30
0.0
 10
41.16792071411509
 20
248.510799534261
 30
0.0
 10
30.15252071411487
 20
295.3989995342613
 30
0.0
 10
-1.006479285885689
 20
324.6520995342612
 30
0.0
 10
-1.006479285885689
 20
324.6520995342612
 30
0.0
 10
21.8626207141142
 20
321.017799534261
 30
0.0
 10
24.31852071411504
 20
314.3193995342613
 30
0.0
 10
41.03612071411498
 20
319.6147995342613
 30
0.0
 10
41.03612071411498
 20
319.6147995342613
 30
0.0
 10
27.14562071411456
 20
325.8107995342612
 30
0.0
 10
16.71742071411427
 20
353.671999534261
 30
0.0
 10
-3.414479285885136
 20
340.7370995342613
 30
0.0
 10
-3.414479285885136
 20
340.7370995342613
 30
0.0
 10
37.95732071411476
 20
382.2507995342612
 30
0.0
 10
32.06332071411452
 20
416.5365995342608
 30
0.0
 10
6.247120714114316
 20
444.5857995342612
 30
0.0
 10
6.247120714114316
 20
444.5857995342612
 30
0.0
 10
5.809920714114923
 20
452.9902995342609
 30
0.0
 10
8.427420714114305
 20
457.4686995342613
 30
0.0
 10
14.08192071411486
 20
458.0162995342611
 30
0.0
 10
14.08192071411486
 20
458.0162995342611
 30
0.0
 10
9.323920714115047
 20
439.1665995342609
 30
0.0
 10
34.21452071411477
 20
451.892799534261
 30
0.0
 10
25.58232071411476
 20
464.0399995342609
 30
0.0
  0
SPLINE
  5
2B2
330
1F
100
AcDbEntity
  8
Plan 1
 62
    17
100
AcDbSpline
210
0.0
220
0.0
230
1.0
 70
    11
 71
     3
 72
    24
 73
    20
 74
     0
 42
0.0000000001
 43
0.0000000001
 40
0.0
 40
0.0
 40
0.0
 40
0.0
 40
0.1666666666666667
 40
0.1666666666666667
 40
0.1666666666666667
 40
0.1666666666666667
 40
0.3333333333333333
 40
0.3333333333333333
 40
0.3333333333333333
 40
0.3333333333333333
 40
0.5
 40
0.5
 40
0.5
 40
0.5
 40
0.6666666666666666
 40
0.6666666666666666
 40
0.6666666666666666
 40
0.6666666666666666
 40
1.0
 40
1.0
 40
1.0
 40
1.0
 10
59.27202071411466
 20
464.0399995342609
 30
0.0
 10
59.27202071411466
 20
464.0399995342609
 30
0.0
 10
155.8349207141145
 20
464.0399995342609
 30
0.0
 10
155.8349207141145
 20
464.0399995342609
 30
0.0
 10
155.8349207141145
 20
464.0399995342609
 30
0.0
 10
156.086520714115
 20
461.7487995342612
 30
0.0
 10
157.9276207141147
 20
459.2278995342613
 30
0.0
 10
161.8930207141147
 20
457.3600995342612
 30
0.0
 10
161.8930207141147
 20
457.3600995342612
 30
0.0
 10
155.5797207141149
 20
453.8683995342612
 30
0.0
 10
145.6725207141144
 20
452.4358995342608
 30
0.0
 10
138.3888207141144
 20
455.3980995342612
 30
0.0
 10
138.3888207141144
 20
455.3980995342612
 30
0.0
 10
114.3157207141148
 20
468.891899534261
 30
0.0
 10
89.72142071411509
 20
464.2981995342611
 30
0.0
 10
63.92322071411491
 20
452.4427995342612
 30
0.0
 10
63.92322071411491
 20
452.4427995342612
 30
0.0
 10
63.5431207141146
 20
457.2604995342612
 30
0.0
 10
61.80722071411492
 20
461.1543995342612
 30
0.0
 10
59.27202071411466
 20
464.0399995342609
 30
0.0
  0
SPLINE
  5
2B3
330
1F
100
AcDbEntity
  8
Plan 1
 62
    17
100
AcDbSpline
210
0.0
220
0.0
230
1.0
 70
    11
 71
     3
 72
    16
 73
    12
 74
     0
 42
0.0000000001
 43
0.0000000001
 40
0.0
 40
0.0
 40
0.0
 40
0.0
 40
0.25
 40
0.25
 40
0.25
 40
0.25
 40
0.5
 40
0.5
 40
0.5
 40
0.5
 40
1.0
 40
1.0
 40
1.0
 40
1.0
 10
174.5094207141146
 20
464.0399995342609
 30
0.0
 10
174.5094207141146
 20
464.0399995342609
 30
0.0
 10
176.792420714115
 20
464.0399995342609
 30
0.0
 10
176.792420714115
 20
464.0399995342609
 30
0.0
 10
176.792420714115
 20
464.0399995342609
 30
0.0
 10
176.3402207141143
 20
463.5675995342612
 30
0.0
 10
175.9623207141148
 20
463.0603995342612
 30
0.0
 10
175.6508207141141
 20
462.5274995342611
 30
0.0
 10
175.6508207141141
 20
462.5274995342611
 30
0.0
 10
175.3394207141145
 20
463.0603995342612
 30
0.0
 10
174.9616207141143
 20
463.5675995342612
 30
0.0
 10
174.5094207141146
 20
464.0399995342609
 30
0.0
  0
SPLINE
  5
2B4
330
1F
100
AcDbEntity
  8
Plan 1
 62
    17
100
AcDbSpline
210
0.0
220
0.0
230
1.0
 70
    11
 71
     3
 72
    24
 73
    20
 74
     0
 42
0.0000000001
 43
0.0000000001
 40
0.0
 40
0.0
 40
0.0
 40
0.0
 40
0.1666666666666667
 40
0.1666666666666667
 40
0.1666666666666667
 40
0.1666666666666667
 40
0.3333333333333333
 40
0.3333333333333333
 40
0.3333333333333333
 40
0.3333333333333333
 40
0.5
 40
0.5
 40
0.5
 40
0.5
 40
0.6666666666666666
 40
0.6666666666666666
 40
0.6666666666666666
 40
0.6666666666666666
 40
1.0
 40
1.0
 40
1.0
 40
1.0
 10
195.4671207141146
 20
464.0399995342609
 30
0.0
 10
195.4671207141146
 20
464.0399995342609
 30
0.0
 10
292.0273207141145
 20
464.0399995342609
 30
0.0
 10
292.0273207141145
 20
464.0399995342609
 30
0.0
 10
292.0273207141145
 20
464.0399995342609
 30
0.0
 10
289.4923207141146
 20
461.1543995342612
 30
0.0
 10
287.7584207141144
 20
457.2604995342612
 30
0.0
 10
287.3828207141141
 20
452.4427995342612
 30
0.0
 10
287.3828207141141
 20
452.4427995342612
 30
0.0
 10
261.5779207141149
 20
464.2981995342611
 30
0.0
 10
236.9795207141151
 20
468.891899534261
 30
0.0
 10
212.9207207141144
 20
455.3980995342612
 30
0.0
 10
212.9207207141144
 20
455.3980995342612
 30
0.0
 10
205.6293207141143
 20
452.4358995342608
 30
0.0
 10
195.7199207141148
 20
453.8683995342612
 30
0.0
 10
189.4059207141145
 20
457.3600995342612
 30
0.0
 10
189.4059207141145
 20
457.3600995342612
 30
0.0
 10
193.3727207141146
 20
459.2278995342613
 30
0.0
 10
195.2145207141148
 20
461.7487995342612
 30
0.0
 10
195.4671207141146
 20
464.0399995342609
 30
0.0
  0
SPLINE
  5
2B5
330
1F
100
AcDbEntity
  8
Plan 1
 62
    17
100
AcDbSpline
210
0.0
220
0.0
230
1.0
 70
    11
 71
     3
 72
   228
 73
   224
 74
     0
 42
0.0000000001
 43
0.0000000001
 40
0.0
 40
0.0
 40
0.0
 40
0.0
 40
0.0175438596491228
 40
0.0175438596491228
 40
0.0175438596491228
 40
0.0175438596491228
 40
0.0350877192982456
 40
0.0350877192982456
 40
0.0350877192982456
 40
0.0350877192982456
 40
0.0526315789473684
 40
0.0526315789473684
 40
0.0526315789473684
 40
0.0526315789473684
 40
0.0701754385964912
 40
0.0701754385964912
 40
0.0701754385964912
 40
0.0701754385964912
 40
0.087719298245614
 40
0.087719298245614
 40
0.087719298245614
 40
0.087719298245614
 40
0.1052631578947368
 40
0.1052631578947368
 40
0.1052631578947368
 40
0.1052631578947368
 40
0.1228070175438596
 40
0.1228070175438596
 40
0.1228070175438596
 40
0.1228070175438596
 40
0.1403508771929824
 40
0.1403508771929824
 40
0.1403508771929824
 40
0.1403508771929824
 40
0.1578947368421053
 40
0.1578947368421053
 40
0.1578947368421053
 40
0.1578947368421053
 40
0.1754385964912281
 40
0.1754385964912281
 40
0.1754385964912281
 40
0.1754385964912281
 40
0.1929824561403509
 40
0.1929824561403509
 40
0.1929824561403509
 40
0.1929824561403509
 40
0.2105263157894737
 40
0.2105263157894737
 40
0.2105263157894737
 40
0.2105263157894737
 40
0.2280701754385965
 40
0.2280701754385965
 40
0.2280701754385965
 40
0.2280701754385965
 40
0.2456140350877193
 40
0.2456140350877193
 40
0.2456140350877193
 40
0.2456140350877193
 40
0.2631578947368421
 40
0.2631578947368421
 40
0.2631578947368421
 40
0.2631578947368421
 40
0.2807017543859649
 40
0.2807017543859649
 40
0.2807017543859649
 40
0.2807017543859649
 40
0.2982456140350877
 40
0.2982456140350877
 40
0.2982456140350877
 40
0.2982456140350877
 40
0.3157894736842105
 40
0.3157894736842105
 40
0.3157894736842105
 40
0.3157894736842105
 40
0.3333333333333333
 40
0.3333333333333333
 40
0.3333333333333333
 40
0.3333333333333333
 40
0.3508771929824561
 40
0.3508771929824561
 40
0.3508771929824561
 40
0.3508771929824561
 40
0.3684210526315789
 40
0.3684210526315789
 40
0.3684210526315789
 40
0.3684210526315789
 40
0.3859649122807017
 40
0.3859649122807017
 40
0.3859649122807017
 40
0.3859649122807017
 40
0.4035087719298245
 40
0.4035087719298245
 40
0.4035087719298245
 40
0.4035087719298245
 40
0.4210526315789473
 40
0.4210526315789473
 40
0.4210526315789473
 40
0.4210526315789473
 40
0.4385964912280702
 40
0.4385964912280702
 40
0.4385964912280702
 40
0.4385964912280702
 40
0.456140350877193
 40
0.456140350877193
 40
0.456140350877193
 40
0.456140350877193
 40
0.4736842105263159
 40
0.4736842105263159
 40
0.4736842105263159
 40
0.4736842105263159
 40
0.4912280701754387
 40
0.4912280701754387
 40
0.4912280701754387
 40
0.4912280701754387
 40
0.5087719298245615
 40
0.5087719298245615
 40
0.5087719298245615
 40
0.5087719298245615
 40
0.5263157894736842
 40
0.5263157894736842
 40
0.5263157894736842
 40
0.5263157894736842
 40
0.5438596491228071
 40
0.5438596491228071
 40
0.5438596491228071
 40
0.5438596491228071
 40
0.5614035087719298
 40
0.5614035087719298
 40
0.5614035087719298
 40
0.5614035087719298
 40
0.5789473684210527
 40
0.5789473684210527
 40
0.5789473684210527
 40
0.5789473684210527
 40
0.5964912280701755
 40
0.5964912280701755
 40
0.5964912280701755
 40
0.5964912280701755
 40
0.6140350877192983
 40
0.6140350877192983
 40
0.6140350877192983
 40
0.6140350877192983
 40
0.6315789473684211
 40
0.6315789473684211
 40
0.6315789473684211
 40
0.6315789473684211
 40
0.6491228070175439
 40
0.6491228070175439
 40
0.6491228070175439
 40
0.6491228070175439
 40
0.6666666666666666
 40
0.6666666666666666
 40
0.6666666666666666
 40
0.6666666666666666
 40
0.6842105263157895
 40
0.6842105263157895
 40
0.6842105263157895
 40
0.6842105263157895
 40
0.7017543859649123
 40
0.7017543859649123
 40
0.7017543859649123
 40
0.7017543859649123
 40
0.7192982456140351
 40
0.7192982456140351
 40
0.7192982456140351
 40
0.7192982456140351
 40
0.7368421052631579
 40
0.7368421052631579
 40
0.7368421052631579
 40
0.7368421052631579
 40
0.7543859649122808
 40
0.7543859649122808
 40
0.7543859649122808
 40
0.7543859649122808
 40
0.7719298245614035
 40
0.7719298245614035
 40
0.7719298245614035
 40
0.7719298245614035
 40
0.7894736842105264
 40
0.7894736842105264
 40
0.7894736842105264
 40
0.7894736842105264
 40
0.8070175438596491
 40
0.8070175438596491
 40
0.8070175438596491
 40
0.8070175438596491
 40
0.8245614035087719
 40
0.8245614035087719
 40
0.8245614035087719
 40
0.8245614035087719
 40
0.8421052631578946
 40
0.8421052631578946
 40
0.8421052631578946
 40
0.8421052631578946
 40
0.8596491228070174
 40
0.8596491228070174
 40
0.8596491228070174
 40
0.8596491228070174
 40
0.8771929824561402
 40
0.8771929824561402
 40
0.8771929824561402
 40
0.8771929824561402
 40
0.8947368421052631
 40
0.8947368421052631
 40
0.8947368421052631
 40
0.8947368421052631
 40
0.9122807017543859
 40
0.9122807017543859
 40
0.9122807017543859
 40
0.9122807017543859
 40
0.9298245614035087
 40
0.9298245614035087
 40
0.9298245614035087
 40
0.9298245614035087
 40
0.9473684210526316
 40
0.9473684210526316
 40
0.9473684210526316
 40
0.9473684210526316
 40
0.9649122807017544
 40
0.9649122807017544
 40
0.9649122807017544
 40
0.9649122807017544
 40
1.0
 40
1.0
 40
1.0
 40
1.0
 10
317.4978207141148
 20
464.0399995342609
 30
0.0
 10
317.4978207141148
 20
464.0399995342609
 30
0.0
 10
325.7172207141148
 20
464.0399995342609
 30
0.0
 10
325.7172207141148
 20
464.0399995342609
 30
0.0
 10
325.7172207141148
 20
464.0399995342609
 30
0.0
 10
317.0871207141145
 20
451.892799534261
 30
0.0
 10
341.9789207141148
 20
439.1665995342609
 30
0.0
 10
337.2225207141146
 20
458.0162995342611
 30
0.0
 10
337.2225207141146
 20
458.0162995342611
 30
0.0
 10
342.8815207141142
 20
457.4686995342613
 30
0.0
 10
345.4912207141142
 20
452.9902995342609
 30
0.0
 10
345.0602207141146
 20
444.5857995342612
 30
0.0
 10
345.0602207141146
 20
444.5857995342612
 30
0.0
 10
319.2349207141142
 20
416.5365995342608
 30
0.0
 10
313.3456207141144
 20
382.2507995342612
 30
0.0
 10
354.7134207141144
 20
340.7370995342613
 30
0.0
 10
354.7134207141144
 20
340.7370995342613
 30
0.0
 10
334.5853207141145
 20
353.671999534261
 30
0.0
 10
324.1559207141145
 20
325.8107995342612
 30
0.0
 10
310.2704207141151
 20
319.6147995342613
 30
0.0
 10
310.2704207141151
 20
319.6147995342613
 30
0.0
 10
326.9775207141147
 20
314.3193995342613
 30
0.0
 10
329.4361207141146
 20
321.017799534261
 30
0.0
 10
352.3073207141142
 20
324.6520995342612
 30
0.0
 10
352.3073207141142
 20
324.6520995342612
 30
0.0
 10
321.1492207141146
 20
295.3989995342613
 30
0.0
 10
310.138220714115
 20
248.510799534261
 30
0.0
 10
352.5699207141142
 20
210.6426995342613
 30
0.0
 10
352.5699207141142
 20
210.6426995342613
 30
0.0
 10
327.6206207141149
 20
210.3960995342609
 30
0.0
 10
315.5054207141148
 20
194.3291995342611
 30
0.0
 10
330.6797207141144
 20
176.7167995342611
 30
0.0
 10
330.6797207141144
 20
176.7167995342611
 30
0.0
 10
330.6797207141144
 20
176.7167995342611
 30
0.0
 10
330.6868207141151
 20
176.7167995342611
 30
0.0
 10
330.6868207141151
 20
176.7167995342611
 30
0.0
 10
330.6868207141151
 20
176.7167995342611
 30
0.0
 10
330.6890207141151
 20
176.6799995342612
 30
0.0
 10
330.6918207141143
 20
176.6433995342609
 30
0.0
 10
330.6951207141147
 20
176.6069995342609
 30
0.0
 10
330.6951207141147
 20
176.6069995342609
 30
0.0
 10
330.6951207141147
 20
176.6069995342609
 30
0.0
 10
330.6797207141144
 20
176.6069995342609
 30
0.0
 10
330.6797207141144
 20
176.6069995342609
 30
0.0
 10
330.6797207141144
 20
176.6069995342609
 30
0.0
 10
315.5054207141148
 20
159.002299534261
 30
0.0
 10
327.6206207141149
 20
142.9355995342612
 30
0.0
 10
352.5699207141142
 20
142.6848995342611
 30
0.0
 10
352.5699207141142
 20
142.6848995342611
 30
0.0
 10
310.138220714115
 20
104.8227995342611
 30
0.0
 10
321.1492207141146
 20
57.93659953426118
 30
0.0
 10
352.3073207141142
 20
28.67579953426116
 30
0.0
 10
352.3073207141142
 20
28.67579953426116
 30
0.0
 10
329.4361207141146
 20
32.31259953426115
 30
0.0
 10
326.9775207141147
 20
39.01279953426115
 30
0.0
 10
310.2704207141151
 20
33.71249953426104
 30
0.0
 10
310.2704207141151
 20
33.71249953426104
 30
0.0
 10
324.1559207141145
 20
27.51799953426098
 30
0.0
 10
334.5853207141145
 20
-0.3366004657389112
 30
0.0
 10
354.7134207141144
 20
12.59019953426104
 30
0.0
 10
354.7134207141144
 20
12.59019953426104
 30
0.0
 10
313.3456207141144
 20
-28.91520046573896
 30
0.0
 10
319.2349207141142
 20
-63.21430046573891
 30
0.0
 10
345.0602207141146
 20
-91.25500046573893
 30
0.0
 10
345.0602207141146
 20
-91.25500046573893
 30
0.0
 10
345.4912207141142
 20
-99.66510046573899
 30
0.0
 10
342.8815207141142
 20
-104.1429004657389
 30
0.0
 10
337.2225207141146
 20
-104.688500465739
 30
0.0
 10
337.2225207141146
 20
-104.688500465739
 30
0.0
 10
342.5638207141146
 20
-83.52380046573898
 30
0.0
 10
310.5174207141145
 20
-102.167600465739
 30
0.0
 10
330.5386207141146
 20
-115.107100465739
 30
0.0
 10
330.5386207141146
 20
-115.107100465739
 30
0.0
 10
332.116620714115
 20
-115.809900465739
 30
0.0
 10
333.7610207141143
 20
-116.270000465739
 30
0.0
 10
335.4203207141145
 20
-116.4981004657388
 30
0.0
 10
335.4203207141145
 20
-116.4981004657388
 30
0.0
 10
335.4176207141145
 20
-116.5578004657388
 30
0.0
 10
335.4161207141151
 20
-116.6181004657389
 30
0.0
 10
335.4161207141151
 20
-116.678600465739
 30
0.0
 10
335.4161207141151
 20
-116.678600465739
 30
0.0
 10
335.4161207141151
 20
-116.7327004657388
 30
0.0
 10
335.4172207141146
 20
-116.786400465739
 30
0.0
 10
335.4194207141145
 20
-116.839800465739
 30
0.0
 10
335.4194207141145
 20
-116.839800465739
 30
0.0
 10
333.7604207141148
 20
-117.068200465739
 30
0.0
 10
332.1163207141144
 20
-117.5286004657391
 30
0.0
 10
330.5386207141146
 20
-118.231200465739
 30
0.0
 10
330.5386207141146
 20
-118.231200465739
 30
0.0
 10
310.5174207141145
 20
-131.170600465739
 30
0.0
 10
342.5638207141146
 20
-149.814400465739
 30
0.0
 10
337.2225207141146
 20
-128.649700465739
 30
0.0
 10
337.2225207141146
 20
-128.649700465739
 30
0.0
 10
342.8815207141142
 20
-129.1954004657389
 30
0.0
 10
345.4912207141142
 20
-133.6730004657388
 30
0.0
 10
345.0602207141146
 20
-142.0832004657388
 30
0.0
 10
345.0602207141146
 20
-142.0832004657388
 30
0.0
 10
319.2349207141142
 20
-170.1240004657388
 30
0.0
 10
313.3456207141144
 20
-204.4230004657388
 30
0.0
 10
354.7134207141144
 20
-245.9284004657388
 30
0.0
 10
354.7134207141144
 20
-245.9284004657388
 30
0.0
 10
334.5853207141145
 20
-233.0016004657389
 30
0.0
 10
324.1559207141145
 20
-260.856300465739
 30
0.0
 10
310.2704207141151
 20
-267.0507004657388
 30
0.0
 10
310.2704207141151
 20
-267.0507004657388
 30
0.0
 10
326.9775207141147
 20
-272.3511004657389
 30
0.0
 10
329.4361207141146
 20
-265.6508004657389
 30
0.0
 10
352.3073207141142
 20
-262.014000465739
 30
0.0
 10
352.3073207141142
 20
-262.014000465739
 30
0.0
 10
321.1492207141146
 20
-291.274700465739
 30
0.0
 10
310.138220714115
 20
-338.1611004657389
 30
0.0
 10
352.5699207141142
 20
-376.0232004657389
 30
0.0
 10
352.5699207141142
 20
-376.0232004657389
 30
0.0
 10
330.4422207141142
 20
-376.2455004657388
 30
0.0
 10
318.4132207141147
 20
-388.908900465739
 30
0.0
 10
326.560820714114
 20
-404.0521004657389
 30
0.0
 10
326.560820714114
 20
-404.0521004657389
 30
0.0
 10
326.560820714114
 20
-404.0521004657389
 30
0.0
 10
316.6543207141149
 20
-404.0521004657389
 30
0.0
 10
316.6543207141149
 20
-404.0521004657389
 30
0.0
 10
316.6543207141149
 20
-404.0521004657389
 30
0.0
 10
324.8019207141142
 20
-388.908900465739
 30
0.0
 10
312.7733207141146
 20
-376.2455004657388
 30
0.0
 10
290.6456207141145
 20
-376.0232004657389
 30
0.0
 10
290.6456207141145
 20
-376.0232004657389
 30
0.0
 10
333.0773207141147
 20
-338.1611004657389
 30
0.0
 10
322.0662207141149
 20
-291.274700465739
 30
0.0
 10
290.9082207141146
 20
-262.014000465739
 30
0.0
 10
290.9082207141146
 20
-262.014000465739
 30
0.0
 10
313.7794207141151
 20
-265.6508004657389
 30
0.0
 10
316.238020714115
 20
-241.0124004657389
 30
0.0
 10
332.9451207141147
 20
-235.712100465739
 30
0.0
 10
332.9451207141147
 20
-235.712100465739
 30
0.0
 10
319.059520714115
 20
-229.517600465739
 30
0.0
 10
308.6302207141143
 20
-233.0016004657389
 30
0.0
 10
288.5021207141144
 20
-245.9284004657388
 30
0.0
 10
288.5021207141144
 20
-245.9284004657388
 30
0.0
 10
329.8699207141144
 20
-204.4230004657388
 30
0.0
 10
323.9805207141144
 20
-170.1240004657388
 30
0.0
 10
298.1553207141151
 20
-142.0832004657388
 30
0.0
 10
298.1553207141151
 20
-142.0832004657388
 30
0.0
 10
297.7243207141146
 20
-133.6730004657388
 30
0.0
 10
300.3339207141144
 20
-129.1954004657389
 30
0.0
 10
305.9930207141142
 20
-128.649700465739
 30
0.0
 10
305.9930207141142
 20
-128.649700465739
 30
0.0
 10
300.6517207141151
 20
-149.814400465739
 30
0.0
 10
332.6980207141151
 20
-131.170600465739
 30
0.0
 10
312.6769207141142
 20
-118.231200465739
 30
0.0
 10
312.6769207141142
 20
-118.231200465739
 30
0.0
 10
311.1159207141145
 20
-117.5361004657388
 30
0.0
 10
309.4899207141143
 20
-117.0785004657389
 30
0.0
 10
307.8488207141145
 20
-116.8472004657389
 30
0.0
 10
307.8488207141145
 20
-116.8472004657389
 30
0.0
 10
307.8523207141143
 20
-116.788300465739
 30
0.0
 10
307.8546207141144
 20
-116.7291004657388
 30
0.0
 10
307.8546207141144
 20
-116.6692004657388
 30
0.0
 10
307.8546207141144
 20
-116.6692004657388
 30
0.0
 10
307.8546207141144
 20
-116.6093004657389
 30
0.0
 10
307.8523207141143
 20
-116.5496004657389
 30
0.0
 10
307.8488207141145
 20
-116.4906004657389
 30
0.0
 10
307.8488207141145
 20
-116.4906004657389
 30
0.0
 10
309.4899207141143
 20
-116.259300465739
 30
0.0
 10
311.1159207141145
 20
-115.8022004657389
 30
0.0
 10
312.6769207141142
 20
-115.107100465739
 30
0.0
 10
312.6769207141142
 20
-115.107100465739
 30
0.0
 10
332.6980207141151
 20
-102.167600465739
 30
0.0
 10
300.6517207141151
 20
-83.52380046573898
 30
0.0
 10
305.9930207141142
 20
-104.688500465739
 30
0.0
 10
305.9930207141142
 20
-104.688500465739
 30
0.0
 10
300.3339207141144
 20
-104.1429004657389
 30
0.0
 10
297.7243207141146
 20
-99.66510046573899
 30
0.0
 10
298.1553207141151
 20
-91.25500046573893
 30
0.0
 10
298.1553207141151
 20
-91.25500046573893
 30
0.0
 10
323.9805207141144
 20
-63.21430046573891
 30
0.0
 10
329.8699207141144
 20
-28.91520046573896
 30
0.0
 10
288.5021207141144
 20
12.59019953426104
 30
0.0
 10
288.5021207141144
 20
12.59019953426104
 30
0.0
 10
308.6302207141143
 20
-0.3366004657389112
 30
0.0
 10
319.059520714115
 20
-3.820600465738834
 30
0.0
 10
332.9451207141147
 20
2.373799534261024
 30
0.0
 10
332.9451207141147
 20
2.373799534261024
 30
0.0
 10
316.238020714115
 20
7.674299534261081
 30
0.0
 10
313.7794207141151
 20
32.31259953426115
 30
0.0
 10
290.9082207141146
 20
28.67579953426116
 30
0.0
 10
290.9082207141146
 20
28.67579953426116
 30
0.0
 10
322.0662207141149
 20
57.93659953426118
 30
0.0
 10
333.0773207141147
 20
104.8227995342611
 30
0.0
 10
290.6456207141145
 20
142.6848995342611
 30
0.0
 10
290.6456207141145
 20
142.6848995342611
 30
0.0
 10
315.5010207141149
 20
142.9346995342612
 30
0.0
 10
327.6151207141147
 20
158.881799534261
 30
0.0
 10
312.7022207141144
 20
176.4085995342611
 30
0.0
 10
312.7022207141144
 20
176.4085995342611
 30
0.0
 10
312.6970207141149
 20
176.561199534261
 30
0.0
 10
312.6801207141143
 20
176.7104995342611
 30
0.0
 10
312.6524207141147
 20
176.8558995342609
 30
0.0
 10
312.6524207141147
 20
176.8558995342609
 30
0.0
 10
327.6433207141145
 20
194.4135995342612
 30
0.0
 10
315.5291207141145
 20
210.396799534261
 30
0.0
 10
290.6456207141145
 20
210.6426995342613
 30
0.0
 10
290.6456207141145
 20
210.6426995342613
 30
0.0
 10
333.0773207141147
 20
248.510799534261
 30
0.0
 10
322.0662207141149
 20
295.3989995342613
 30
0.0
 10
290.9082207141146
 20
324.6520995342612
 30
0.0
 10
290.9082207141146
 20
324.6520995342612
 30
0.0
 10
313.7794207141151
 20
321.017799534261
 30
0.0
 10
316.238020714115
 20
345.649999534261
 30
0.0
 10
332.9451207141147
 20
350.961099534261
 30
0.0
 10
332.9451207141147
 20
350.961099534261
 30
0.0
 10
319.059520714115
 20
357.1569995342611
 30
0.0
 10
308.6302207141143
 20
353.671999534261
 30
0.0
 10
288.5021207141144
 20
340.7370995342613
 30
0.0
 10
288.5021207141144
 20
340.7370995342613
 30
0.0
 10
329.8699207141144
 20
382.2507995342612
 30
0.0
 10
323.9805207141144
 20
416.5365995342608
 30
0.0
 10
298.1553207141151
 20
444.5857995342612
 30
0.0
 10
298.1553207141151
 20
444.5857995342612
 30
0.0
 10
297.7243207141146
 20
452.9902995342609
 30
0.0
 10
300.3339207141144
 20
457.4686995342613
 30
0.0
 10
305.9930207141142
 20
458.0162995342611
 30
0.0
 10
305.9930207141142
 20
458.0162995342611
 30
0.0
 10
301.2366207141149
 20
439.1665995342609
 30
0.0
 10
326.1278207141149
 20
451.892799534261
 30
0.0
 10
317.4978207141148
 20
464.0399995342609
 30
0.0
  0
SPLINE
  5
2B6
330
1F
100
AcDbEntity
  8
Plan 1
 62
    17
100
AcDbSpline
210
0.0
220
0.0
230
1.0
 70
    11
 71
     3
 72
    24
 73
    20
 74
     0
 42
0.0000000001
 43
0.0000000001
 40
0.0
 40
0.0
 40
0.0
 40
0.0
 40
0.1666666666666667
 40
0.1666666666666667
 40
0.1666666666666667
 40
0.1666666666666667
 40
0.3333333333333333
 40
0.3333333333333333
 40
0.3333333333333333
 40
0.3333333333333333
 40
0.5
 40
0.5
 40
0.5
 40
0.5
 40
0.6666666666666666
 40
0.6666666666666666
 40
0.6666666666666666
 40
0.6666666666666666
 40
1.0
 40
1.0
 40
1.0
 40
1.0
 10
351.187620714115
 20
464.0399995342609
 30
0.0
 10
351.187620714115
 20
464.0399995342609
 30
0.0
 10
447.747920714115
 20
464.0399995342609
 30
0.0
 10
447.747920714115
 20
464.0399995342609
 30
0.0
 10
447.747920714115
 20
464.0399995342609
 30
0.0
 10
448.0005207141148
 20
461.7487995342612
 30
0.0
 10
449.8428207141142
 20
459.2278995342613
 30
0.0
 10
453.8096207141143
 20
457.3600995342612
 30
0.0
 10
453.8096207141143
 20
457.3600995342612
 30
0.0
 10
447.4956207141149
 20
453.8683995342612
 30
0.0
 10
437.5862207141144
 20
452.4358995342608
 30
0.0
 10
430.294720714115
 20
455.3980995342612
 30
0.0
 10
430.294720714115
 20
455.3980995342612
 30
0.0
 10
406.2360207141145
 20
468.891899534261
 30
0.0
 10
381.6375207141145
 20
464.2981995342611
 30
0.0
 10
355.8327207141147
 20
452.4427995342612
 30
0.0
 10
355.8327207141147
 20
452.4427995342612
 30
0.0
 10
355.4571207141143
 20
457.2604995342612
 30
0.0
 10
353.7226207141148
 20
461.1543995342612
 30
0.0
 10
351.187620714115
 20
464.0399995342609
 30
0.0
  0
SPLINE
  5
2B7
330
1F
100
AcDbEntity
  8
Plan 1
 62
    17
100
AcDbSpline
210
0.0
220
0.0
230
1.0
 70
    11
 71
     3
 72
    16
 73
    12
 74
     0
 42
0.0000000001
 43
0.0000000001
 40
0.0
 40
0.0
 40
0.0
 40
0.0
 40
0.25
 40
0.25
 40
0.25
 40
0.25
 40
0.5
 40
0.5
 40
0.5
 40
0.5
 40
1.0
 40
1.0
 40
1.0
 40
1.0
 10
466.4176207141145
 20
464.0399995342609
 30
0.0
 10
466.4176207141145
 20
464.0399995342609
 30
0.0
 10
466.9177207141147
 20
464.0399995342609
 30
0.0
 10
466.9177207141147
 20
464.0399995342609
 30
0.0
 10
466.9177207141147
 20
464.0399995342609
 30
0.0
 10
466.9177207141147
 20
464.0399995342609
 30
0.0
 10
466.9177207141147
 20
463.4745995342609
 30
0.0
 10
466.9177207141147
 20
463.4745995342609
 30
0.0
 10
466.9177207141147
 20
463.4745995342609
 30
0.0
 10
466.7629207141144
 20
463.6684995342611
 30
0.0
 10
466.5942207141142
 20
463.8559995342611
 30
0.0
 10
466.4176207141145
 20
464.0399995342609
 30
0.0
  0
SPLINE
  5
2B8
330
1F
100
AcDbEntity
  8
Plan 1
 62
    17
100
AcDbSpline
210
0.0
220
0.0
230
1.0
 70
    11
 71
     3
 72
    16
 73
    12
 74
     0
 42
0.0000000001
 43
0.0000000001
 40
0.0
 40
0.0
 40
0.0
 40
0.0
 40
0.25
 40
0.25
 40
0.25
 40
0.25
 40
0.5
 40
0.5
 40
0.5
 40
0.5
 40
1.0
 40
1.0
 40
1.0
 40
1.0
 10
466.9177207141147
 20
452.0836995342611
 30
0.0
 10
466.9177207141147
 20
452.0836995342611
 30
0.0
 10
466.9177207141147
 20
413.265999534261
 30
0.0
 10
466.9177207141147
 20
413.265999534261
 30
0.0
 10
466.9177207141147
 20
413.265999534261
 30
0.0
 10
463.7200207141149
 20
424.7737995342609
 30
0.0
 10
456.8252207141149
 20
435.5977995342609
 30
0.0
 10
446.9500207141145
 20
444.9161995342611
 30
0.0
 10
446.9500207141145
 20
444.9161995342611
 30
0.0
 10
455.5726207141142
 20
441.3657995342609
 30
0.0
 10
463.5072207141147
 20
446.054899534261
 30
0.0
 10
466.9177207141147
 20
452.0836995342611
 30
0.0
  0
SPLINE
  5
2B9
330
1F
100
AcDbEntity
  8
Plan 1
 62
    17
100
AcDbSpline
210
0.0
220
0.0
230
1.0
 70
    11
 71
     3
 72
    16
 73
    12
 74
     0
 42
0.0000000001
 43
0.0000000001
 40
0.0
 40
0.0
 40
0.0
 40
0.0
 40
0.25
 40
0.25
 40
0.25
 40
0.25
 40
0.5
 40
0.5
 40
0.5
 40
0.5
 40
1.0
 40
1.0
 40
1.0
 40
1.0
 10
466.9177207141147
 20
383.9993995342611
 30
0.0
 10
466.9177207141147
 20
383.9993995342611
 30
0.0
 10
466.9177207141147
 20
343.7729995342611
 30
0.0
 10
466.9177207141147
 20
343.7729995342611
 30
0.0
 10
466.9177207141147
 20
343.7729995342611
 30
0.0
 10
457.253320714115
 20
342.5645995342611
 30
0.0
 10
447.4261207141144
 20
342.523199534261
 30
0.0
 10
439.4386207141142
 20
345.3127995342611
 30
0.0
 10
439.4386207141142
 20
345.3127995342611
 30
0.0
 10
454.3913207141149
 20
357.4973995342611
 30
0.0
 10
463.2338207141146
 20
370.754299534261
 30
0.0
 10
466.9177207141147
 20
383.9993995342611
 30
0.0
  0
SPLINE
  5
2BA
330
1F
100
AcDbEntity
  8
Plan 1
 62
    17
100
AcDbSpline
210
0.0
220
0.0
230
1.0
 70
    11
 71
     3
 72
    24
 73
    20
 74
     0
 42
0.0000000001
 43
0.0000000001
 40
0.0
 40
0.0
 40
0.0
 40
0.0
 40
0.1666666666666667
 40
0.1666666666666667
 40
0.1666666666666667
 40
0.1666666666666667
 40
0.3333333333333333
 40
0.3333333333333333
 40
0.3333333333333333
 40
0.3333333333333333
 40
0.5
 40
0.5
 40
0.5
 40
0.5
 40
0.6666666666666666
 40
0.6666666666666666
 40
0.6666666666666666
 40
0.6666666666666666
 40
1.0
 40
1.0
 40
1.0
 40
1.0
 10
466.9177207141147
 20
341.4393995342611
 30
0.0
 10
466.9177207141147
 20
341.4393995342611
 30
0.0
 10
466.9177207141147
 20
301.572199534261
 30
0.0
 10
466.9177207141147
 20
301.572199534261
 30
0.0
 10
466.9177207141147
 20
301.572199534261
 30
0.0
 10
453.4822207141151
 20
310.1195995342609
 30
0.0
 10
441.763220714115
 20
306.8863995342608
 30
0.0
 10
434.8710207141148
 20
295.5075995342609
 30
0.0
 10
434.8710207141148
 20
295.5075995342609
 30
0.0
 10
414.5133207141143
 20
295.0686995342612
 30
0.0
 10
409.3929207141145
 20
308.619199534261
 30
0.0
 10
417.5578207141143
 20
322.3755995342612
 30
0.0
 10
417.5578207141143
 20
322.3755995342612
 30
0.0
 10
419.847720714115
 20
305.5958995342612
 30
0.0
 10
439.1115207141147
 20
317.8631995342612
 30
0.0
 10
425.3942207141144
 20
330.8887995342611
 30
0.0
 10
425.3942207141144
 20
330.8887995342611
 30
0.0
 10
444.3070207141145
 20
324.5345995342609
 30
0.0
 10
457.9866207141149
 20
329.1325995342609
 30
0.0
 10
466.9177207141147
 20
341.4393995342611
 30
0.0
  0
SPLINE
  5
2BB
330
1F
100
AcDbEntity
  8
Plan 1
 62
    17
100
AcDbSpline
210
0.0
220
0.0
230
1.0
 70
    11
 71
     3
 72
    16
 73
    12
 74
     0
 42
0.0000000001
 43
0.0000000001
 40
0.0
 40
0.0
 40
0.0
 40
0.0
 40
0.25
 40
0.25
 40
0.25
 40
0.25
 40
0.5
 40
0.5
 40
0.5
 40
0.5
 40
1.0
 40
1.0
 40
1.0
 40
1.0
 10
466.9177207141147
 20
300.2597995342612
 30
0.0
 10
466.9177207141147
 20
300.2597995342612
 30
0.0
 10
466.9177207141147
 20
263.6939995342609
 30
0.0
 10
466.9177207141147
 20
263.6939995342609
 30
0.0
 10
466.9177207141147
 20
263.6939995342609
 30
0.0
 10
463.9985207141144
 20
273.150899534261
 30
0.0
 10
457.9968207141146
 20
281.4614995342613
 30
0.0
 10
448.907520714115
 20
288.6215995342609
 30
0.0
 10
448.907520714115
 20
288.6215995342609
 30
0.0
 10
452.6309207141148
 20
295.4760995342613
 30
0.0
 10
459.9058207141142
 20
299.3624995342612
 30
0.0
 10
466.9177207141147
 20
300.2597995342612
 30
0.0
  0
SPLINE
  5
2BC
330
1F
100
AcDbEntity
  8
Plan 1
 62
    17
100
AcDbSpline
210
0.0
220
0.0
230
1.0
 70
    11
 71
     3
 72
    20
 73
    16
 74
     0
 42
0.0000000001
 43
0.0000000001
 40
0.0
 40
0.0
 40
0.0
 40
0.0
 40
0.2
 40
0.2
 40
0.2
 40
0.2
 40
0.4
 40
0.4
 40
0.4
 40
0.4
 40
0.6
 40
0.6
 40
0.6
 40
0.6
 40
1.0
 40
1.0
 40
1.0
 40
1.0
 10
466.9177207141147
 20
233.7547995342611
 30
0.0
 10
466.9177207141147
 20
233.7547995342611
 30
0.0
 10
466.9177207141147
 20
195.7006995342613
 30
0.0
 10
466.9177207141147
 20
195.7006995342613
 30
0.0
 10
466.9177207141147
 20
195.7006995342613
 30
0.0
 10
463.7891207141146
 20
200.3488995342609
 30
0.0
 10
458.560420714115
 20
199.2921995342612
 30
0.0
 10
455.4395207141141
 20
192.9488995342613
 30
0.0
 10
455.4395207141141
 20
192.9488995342613
 30
0.0
 10
447.532120714115
 20
208.2462995342612
 30
0.0
 10
463.1911207141147
 20
219.7986995342612
 30
0.0
 10
466.8758207141145
 20
233.5844995342609
 30
0.0
 10
466.8758207141145
 20
233.5844995342609
 30
0.0
 10
466.8902207141145
 20
233.6413995342609
 30
0.0
 10
466.9034207141148
 20
233.6979995342613
 30
0.0
 10
466.9177207141147
 20
233.7547995342611
 30
0.0
  0
SPLINE
  5
2BD
330
1F
100
AcDbEntity
  8
Plan 1
 62
    17
100
AcDbSpline
210
0.0
220
0.0
230
1.0
 70
    11
 71
     3
 72
    24
 73
    20
 74
     0
 42
0.0000000001
 43
0.0000000001
 40
0.0
 40
0.0
 40
0.0
 40
0.0
 40
0.1666666666666667
 40
0.1666666666666667
 40
0.1666666666666667
 40
0.1666666666666667
 40
0.3333333333333333
 40
0.3333333333333333
 40
0.3333333333333333
 40
0.3333333333333333
 40
0.5
 40
0.5
 40
0.5
 40
0.5
 40
0.6666666666666666
 40
0.6666666666666666
 40
0.6666666666666666
 40
0.6666666666666666
 40
1.0
 40
1.0
 40
1.0
 40
1.0
 10
466.9177207141147
 20
182.4440995342611
 30
0.0
 10
466.9177207141147
 20
182.4440995342611
 30
0.0
 10
466.9177207141147
 20
170.8877995342609
 30
0.0
 10
466.9177207141147
 20
170.8877995342609
 30
0.0
 10
466.9177207141147
 20
170.8877995342609
 30
0.0
 10
465.002420714115
 20
173.674699534261
 30
0.0
 10
462.0592207141144
 20
175.4902995342609
 30
0.0
 10
458.8382207141148
 20
176.2553995342614
 30
0.0
 10
458.8382207141148
 20
176.2553995342614
 30
0.0
 10
458.8389207141144
 20
176.2984995342613
 30
0.0
 10
458.8395207141148
 20
176.3415995342611
 30
0.0
 10
458.8395207141148
 20
176.3848995342609
 30
0.0
 10
458.8395207141148
 20
176.3848995342609
 30
0.0
 10
458.8395207141148
 20
176.6160995342611
 30
0.0
 10
458.8285207141143
 20
176.8441995342609
 30
0.0
 10
458.8078207141143
 20
177.0677995342612
 30
0.0
 10
458.8078207141143
 20
177.0677995342612
 30
0.0
 10
462.0407207141142
 20
177.829399534261
 30
0.0
 10
464.9963207141145
 20
179.6484995342612
 30
0.0
 10
466.9177207141147
 20
182.4440995342611
 30
0.0
  0
SPLINE
  5
2BE
330
1F
100
AcDbEntity
  8
Plan 1
 62
    17
100
AcDbSpline
210
0.0
220
0.0
230
1.0
 70
    11
 71
     3
 72
    20
 73
    16
 74
     0
 42
0.0000000001
 43
0.0000000001
 40
0.0
 40
0.0
 40
0.0
 40
0.0
 40
0.2
 40
0.2
 40
0.2
 40
0.2
 40
0.4
 40
0.4
 40
0.4
 40
0.4
 40
0.6
 40
0.6
 40
0.6
 40
0.6
 40
1.0
 40
1.0
 40
1.0
 40
1.0
 10
466.9177207141147
 20
157.6302995342612
 30
0.0
 10
466.9177207141147
 20
157.6302995342612
 30
0.0
 10
466.9177207141147
 20
119.5792995342612
 30
0.0
 10
466.9177207141147
 20
119.5792995342612
 30
0.0
 10
466.9177207141147
 20
119.5792995342612
 30
0.0
 10
466.9034207141148
 20
119.6361995342608
 30
0.0
 10
466.8902207141145
 20
119.692699534261
 30
0.0
 10
466.8758207141145
 20
119.749599534261
 30
0.0
 10
466.8758207141145
 20
119.749599534261
 30
0.0
 10
463.1911207141147
 20
133.5369995342612
 30
0.0
 10
447.532120714115
 20
145.083199534261
 30
0.0
 10
455.4395207141141
 20
160.3776995342609
 30
0.0
 10
455.4395207141141
 20
160.3776995342609
 30
0.0
 10
458.560420714115
 20
154.0373995342611
 30
0.0
 10
463.7891207141146
 20
152.9820995342611
 30
0.0
 10
466.9177207141147
 20
157.6302995342612
 30
0.0
  0
SPLINE
  5
2BF
330
1F
100
AcDbEntity
  8
Plan 1
 62
    17
100
AcDbSpline
210
0.0
220
0.0
230
1.0
 70
    11
 71
     3
 72
    16
 73
    12
 74
     0
 42
0.0000000001
 43
0.0000000001
 40
0.0
 40
0.0
 40
0.0
 40
0.0
 40
0.25
 40
0.25
 40
0.25
 40
0.25
 40
0.5
 40
0.5
 40
0.5
 40
0.5
 40
1.0
 40
1.0
 40
1.0
 40
1.0
 10
466.9177207141147
 20
89.63909953426105
 30
0.0
 10
466.9177207141147
 20
89.63909953426105
 30
0.0
 10
466.9177207141147
 20
53.07079953426114
 30
0.0
 10
466.9177207141147
 20
53.07079953426114
 30
0.0
 10
466.9177207141147
 20
53.07079953426114
 30
0.0
 10
459.9058207141142
 20
53.9676995342611
 30
0.0
 10
452.6309207141148
 20
57.84549953426108
 30
0.0
 10
448.907520714115
 20
64.70489953426113
 30
0.0
 10
448.907520714115
 20
64.70489953426113
 30
0.0
 10
457.9968207141146
 20
71.87009953426104
 30
0.0
 10
463.998820714115
 20
80.181899534261
 30
0.0
 10
466.9177207141147
 20
89.63909953426105
 30
0.0
  0
SPLINE
  5
2C0
330
1F
100
AcDbEntity
  8
Plan 1
 62
    17
100
AcDbSpline
210
0.0
220
0.0
230
1.0
 70
    11
 71
     3
 72
    24
 73
    20
 74
     0
 42
0.0000000001
 43
0.0000000001
 40
0.0
 40
0.0
 40
0.0
 40
0.0
 40
0.1666666666666667
 40
0.1666666666666667
 40
0.1666666666666667
 40
0.1666666666666667
 40
0.3333333333333333
 40
0.3333333333333333
 40
0.3333333333333333
 40
0.3333333333333333
 40
0.5
 40
0.5
 40
0.5
 40
0.5
 40
0.6666666666666666
 40
0.6666666666666666
 40
0.6666666666666666
 40
0.6666666666666666
 40
1.0
 40
1.0
 40
1.0
 40
1.0
 10
466.9177207141147
 20
51.75899953426119
 30
0.0
 10
466.9177207141147
 20
51.75899953426119
 30
0.0
 10
466.9177207141147
 20
11.89209953426098
 30
0.0
 10
466.9177207141147
 20
11.89209953426098
 30
0.0
 10
466.9177207141147
 20
11.89209953426098
 30
0.0
 10
457.9866207141149
 20
24.19129953426113
 30
0.0
 10
444.3070207141145
 20
28.78679953426104
 30
0.0
 10
425.3942207141144
 20
22.43839953426118
 30
0.0
 10
425.3942207141144
 20
22.43839953426118
 30
0.0
 10
439.1115207141147
 20
35.47459953426119
 30
0.0
 10
419.847720714115
 20
47.73339953426102
 30
0.0
 10
417.5578207141143
 20
30.95729953426098
 30
0.0
 10
417.5578207141143
 20
30.95729953426098
 30
0.0
 10
409.3929207141145
 20
44.71779953426107
 30
0.0
 10
414.5133207141143
 20
58.26099953426115
 30
0.0
 10
434.8710207141148
 20
57.82429953426117
 30
0.0
 10
434.8710207141148
 20
57.82429953426117
 30
0.0
 10
441.763220714115
 20
46.44049953426111
 30
0.0
 10
453.4822207141151
 20
43.21669953426112
 30
0.0
 10
466.9177207141147
 20
51.75899953426119
 30
0.0
  0
SPLINE
  5
2C1
330
1F
100
AcDbEntity
  8
Plan 1
 62
    17
100
AcDbSpline
210
0.0
220
0.0
230
1.0
 70
    11
 71
     3
 72
    16
 73
    12
 74
     0
 42
0.0000000001
 43
0.0000000001
 40
0.0
 40
0.0
 40
0.0
 40
0.0
 40
0.25
 40
0.25
 40
0.25
 40
0.25
 40
0.5
 40
0.5
 40
0.5
 40
0.5
 40
1.0
 40
1.0
 40
1.0
 40
1.0
 10
466.9177207141147
 20
9.559899534261148
 30
0.0
 10
466.9177207141147
 20
9.559899534261148
 30
0.0
 10
466.9177207141147
 20
-30.670500465739
 30
0.0
 10
466.9177207141147
 20
-30.670500465739
 30
0.0
 10
466.9177207141147
 20
-30.670500465739
 30
0.0
 10
463.2334207141147
 20
-17.42460046573888
 30
0.0
 10
454.3913207141149
 20
-4.166100465738963
 30
0.0
 10
439.4386207141142
 20
8.021999534261112
 30
0.0
 10
439.4386207141142
 20
8.021999534261112
 30
0.0
 10
447.4261207141144
 20
10.80569953426106
 30
0.0
 10
457.253320714115
 20
10.76709953426098
 30
0.0
 10
466.9177207141147
 20
9.559899534261148
 30
0.0
  0
SPLINE
  5
2C2
330
1F
100
AcDbEntity
  8
Plan 1
 62
    17
100
AcDbSpline
210
0.0
220
0.0
230
1.0
 70
    11
 71
     3
 72
    16
 73
    12
 74
     0
 42
0.0000000001
 43
0.0000000001
 40
0.0
 40
0.0
 40
0.0
 40
0.0
 40
0.25
 40
0.25
 40
0.25
 40
0.25
 40
0.5
 40
0.5
 40
0.5
 40
0.5
 40
1.0
 40
1.0
 40
1.0
 40
1.0
 10
466.9177207141147
 20
-59.93670046573902
 30
0.0
 10
466.9177207141147
 20
-59.93670046573902
 30
0.0
 10
466.9177207141147
 20
-98.75120046573897
 30
0.0
 10
466.9177207141147
 20
-98.75120046573897
 30
0.0
 10
466.9177207141147
 20
-98.75120046573897
 30
0.0
 10
463.5071207141145
 20
-92.72150046573893
 30
0.0
 10
455.5726207141142
 20
-88.03310046573892
 30
0.0
 10
446.9500207141145
 20
-91.582600465739
 30
0.0
 10
446.9500207141145
 20
-91.582600465739
 30
0.0
 10
456.8252207141149
 20
-82.26640046573903
 30
0.0
 10
463.7204207141149
 20
-71.44370046573886
 30
0.0
 10
466.9177207141147
 20
-59.93670046573902
 30
0.0
  0
SPLINE
  5
2C3
330
1F
100
AcDbEntity
  8
Plan 1
 62
    17
100
AcDbSpline
210
0.0
220
0.0
230
1.0
 70
    11
 71
     3
 72
    32
 73
    28
 74
     0
 42
0.0000000001
 43
0.0000000001
 40
0.0
 40
0.0
 40
0.0
 40
0.0
 40
0.125
 40
0.125
 40
0.125
 40
0.125
 40
0.25
 40
0.25
 40
0.25
 40
0.25
 40
0.375
 40
0.375
 40
0.375
 40
0.375
 40
0.5
 40
0.5
 40
0.5
 40
0.5
 40
0.625
 40
0.625
 40
0.625
 40
0.625
 40
0.75
 40
0.75
 40
0.75
 40
0.75
 40
1.0
 40
1.0
 40
1.0
 40
1.0
 10
466.9177207141147
 20
-110.146100465739
 30
0.0
 10
466.9177207141147
 20
-110.146100465739
 30
0.0
 10
466.9177207141147
 20
-123.1919004657388
 30
0.0
 10
466.9177207141147
 20
-123.1919004657388
 30
0.0
 10
466.9177207141147
 20
-123.1919004657388
 30
0.0
 10
466.7063207141145
 20
-122.926800465739
 30
0.0
 10
466.4754207141149
 20
-122.6707004657389
 30
0.0
 10
466.2231207141148
 20
-122.4244004657389
 30
0.0
 10
466.2231207141148
 20
-122.4244004657389
 30
0.0
 10
463.6043207141146
 20
-120.0434004657388
 30
0.0
 10
461.1008207141139
 20
-118.5244004657388
 30
0.0
 10
458.8274207141148
 20
-117.6672004657389
 30
0.0
 10
458.8274207141148
 20
-117.6672004657389
 30
0.0
 10
458.8353207141144
 20
-117.5279004657388
 30
0.0
 10
458.8395207141148
 20
-117.3874004657389
 30
0.0
 10
458.8395207141148
 20
-117.2454004657388
 30
0.0
 10
458.8395207141148
 20
-117.2454004657388
 30
0.0
 10
458.8395207141148
 20
-116.7178004657389
 30
0.0
 10
458.7834207141149
 20
-116.207600465739
 30
0.0
 10
458.6798207141145
 20
-115.7250004657389
 30
0.0
 10
458.6798207141145
 20
-115.7250004657389
 30
0.0
 10
460.9923207141146
 20
-114.878600465739
 30
0.0
 10
463.5475207141143
 20
-113.3466004657389
 30
0.0
 10
466.2231207141148
 20
-110.9139004657388
 30
0.0
 10
466.2231207141148
 20
-110.9139004657388
 30
0.0
 10
466.4754207141149
 20
-110.667600465739
 30
0.0
 10
466.7063207141145
 20
-110.4111004657388
 30
0.0
 10
466.9177207141147
 20
-110.146100465739
 30
0.0
  0
SPLINE
  5
2C4
330
1F
100
AcDbEntity
  8
Plan 1
 62
    17
100
AcDbSpline
210
0.0
220
0.0
230
1.0
 70
    11
 71
     3
 72
    16
 73
    12
 74
     0
 42
0.0000000001
 43
0.0000000001
 40
0.0
 40
0.0
 40
0.0
 40
0.0
 40
0.25
 40
0.25
 40
0.25
 40
0.25
 40
0.5
 40
0.5
 40
0.5
 40
0.5
 40
1.0
 40
1.0
 40
1.0
 40
1.0
 10
466.9177207141147
 20
-134.5865004657389
 30
0.0
 10
466.9177207141147
 20
-134.5865004657389
 30
0.0
 10
466.9177207141147
 20
-173.4010004657389
 30
0.0
 10
466.9177207141147
 20
-173.4010004657389
 30
0.0
 10
466.9177207141147
 20
-173.4010004657389
 30
0.0
 10
463.7200207141149
 20
-161.8940004657388
 30
0.0
 10
456.8252207141149
 20
-151.0718004657389
 30
0.0
 10
446.9500207141145
 20
-141.7556004657388
 30
0.0
 10
446.9500207141145
 20
-141.7556004657388
 30
0.0
 10
455.5726207141142
 20
-145.3051004657388
 30
0.0
 10
463.5072207141147
 20
-140.616200465739
 30
0.0
 10
466.9177207141147
 20
-134.5865004657389
 30
0.0
  0
SPLINE
  5
2C5
330
1F
100
AcDbEntity
  8
Plan 1
 62
    17
100
AcDbSpline
210
0.0
220
0.0
230
1.0
 70
    11
 71
     3
 72
    16
 73
    12
 74
     0
 42
0.0000000001
 43
0.0000000001
 40
0.0
 40
0.0
 40
0.0
 40
0.0
 40
0.25
 40
0.25
 40
0.25
 40
0.25
 40
0.5
 40
0.5
 40
0.5
 40
0.5
 40
1.0
 40
1.0
 40
1.0
 40
1.0
 10
466.9177207141147
 20
-202.6673004657389
 30
0.0
 10
466.9177207141147
 20
-202.6673004657389
 30
0.0
 10
466.9177207141147
 20
-242.8977004657388
 30
0.0
 10
466.9177207141147
 20
-242.8977004657388
 30
0.0
 10
466.9177207141147
 20
-242.8977004657388
 30
0.0
 10
457.253320714115
 20
-244.1049004657389
 30
0.0
 10
447.4261207141144
 20
-244.1439004657389
 30
0.0
 10
439.4386207141142
 20
-241.3601004657389
 30
0.0
 10
439.4386207141142
 20
-241.3601004657389
 30
0.0
 10
454.3913207141149
 20
-229.1721004657388
 30
0.0
 10
463.2338207141146
 20
-215.913200465739
 30
0.0
 10
466.9177207141147
 20
-202.6673004657389
 30
0.0
  0
SPLINE
  5
2C6
330
1F
100
AcDbEntity
  8
Plan 1
 62
    17
100
AcDbSpline
210
0.0
220
0.0
230
1.0
 70
    11
 71
     3
 72
    24
 73
    20
 74
     0
 42
0.0000000001
 43
0.0000000001
 40
0.0
 40
0.0
 40
0.0
 40
0.0
 40
0.1666666666666667
 40
0.1666666666666667
 40
0.1666666666666667
 40
0.1666666666666667
 40
0.3333333333333333
 40
0.3333333333333333
 40
0.3333333333333333
 40
0.3333333333333333
 40
0.5
 40
0.5
 40
0.5
 40
0.5
 40
0.6666666666666666
 40
0.6666666666666666
 40
0.6666666666666666
 40
0.6666666666666666
 40
1.0
 40
1.0
 40
1.0
 40
1.0
 10
466.9177207141147
 20
-245.2299004657389
 30
0.0
 10
466.9177207141147
 20
-245.2299004657389
 30
0.0
 10
466.9177207141147
 20
-285.0969004657388
 30
0.0
 10
466.9177207141147
 20
-285.0969004657388
 30
0.0
 10
466.9177207141147
 20
-285.0969004657388
 30
0.0
 10
453.4822207141151
 20
-276.554700465739
 30
0.0
 10
441.763220714115
 20
-279.7788004657389
 30
0.0
 10
434.8710207141148
 20
-291.1625004657389
 30
0.0
 10
434.8710207141148
 20
-291.1625004657389
 30
0.0
 10
414.5133207141143
 20
-291.599100465739
 30
0.0
 10
409.3929207141145
 20
-278.0560004657389
 30
0.0
 10
417.5578207141143
 20
-264.295600465739
 30
0.0
 10
417.5578207141143
 20
-264.295600465739
 30
0.0
 10
419.847720714115
 20
-281.071700465739
 30
0.0
 10
439.1115207141147
 20
-268.812800465739
 30
0.0
 10
425.3942207141144
 20
-255.776600465739
 30
0.0
 10
425.3942207141144
 20
-255.776600465739
 30
0.0
 10
444.3070207141145
 20
-262.1250004657388
 30
0.0
 10
457.9866207141149
 20
-257.529200465739
 30
0.0
 10
466.9177207141147
 20
-245.2299004657389
 30
0.0
  0
SPLINE
  5
2C7
330
1F
100
AcDbEntity
  8
Plan 1
 62
    17
100
AcDbSpline
210
0.0
220
0.0
230
1.0
 70
    11
 71
     3
 72
    16
 73
    12
 74
     0
 42
0.0000000001
 43
0.0000000001
 40
0.0
 40
0.0
 40
0.0
 40
0.0
 40
0.25
 40
0.25
 40
0.25
 40
0.25
 40
0.5
 40
0.5
 40
0.5
 40
0.5
 40
1.0
 40
1.0
 40
1.0
 40
1.0
 10
466.9177207141147
 20
-286.408600465739
 30
0.0
 10
466.9177207141147
 20
-286.408600465739
 30
0.0
 10
466.9177207141147
 20
-322.9769004657389
 30
0.0
 10
466.9177207141147
 20
-322.9769004657389
 30
0.0
 10
466.9177207141147
 20
-322.9769004657389
 30
0.0
 10
463.9985207141144
 20
-313.5198004657389
 30
0.0
 10
457.9968207141146
 20
-305.2083004657388
 30
0.0
 10
448.907520714115
 20
-298.0431004657389
 30
0.0
 10
448.907520714115
 20
-298.0431004657389
 30
0.0
 10
452.6309207141148
 20
-291.1837004657389
 30
0.0
 10
459.9058207141142
 20
-287.305500465739
 30
0.0
 10
466.9177207141147
 20
-286.408600465739
 30
0.0
  0
SPLINE
  5
2C8
330
1F
100
AcDbEntity
  8
Plan 1
 62
    17
100
AcDbSpline
210
0.0
220
0.0
230
1.0
 70
    11
 71
     3
 72
    20
 73
    16
 74
     0
 42
0.0000000001
 43
0.0000000001
 40
0.0
 40
0.0
 40
0.0
 40
0.0
 40
0.2
 40
0.2
 40
0.2
 40
0.2
 40
0.4
 40
0.4
 40
0.4
 40
0.4
 40
0.6
 40
0.6
 40
0.6
 40
0.6
 40
1.0
 40
1.0
 40
1.0
 40
1.0
 10
466.9177207141147
 20
-352.9174004657388
 30
0.0
 10
466.9177207141147
 20
-352.9174004657388
 30
0.0
 10
466.9177207141147
 20
-390.9683004657388
 30
0.0
 10
466.9177207141147
 20
-390.9683004657388
 30
0.0
 10
466.9177207141147
 20
-390.9683004657388
 30
0.0
 10
463.7891207141146
 20
-386.320000465739
 30
0.0
 10
458.560420714115
 20
-387.3756004657389
 30
0.0
 10
455.4395207141141
 20
-393.7160004657389
 30
0.0
 10
455.4395207141141
 20
-393.7160004657389
 30
0.0
 10
447.532120714115
 20
-378.421400465739
 30
0.0
 10
463.1911207141147
 20
-366.875300465739
 30
0.0
 10
466.8758207141145
 20
-353.0878004657389
 30
0.0
 10
466.8758207141145
 20
-353.0878004657389
 30
0.0
 10
466.8902207141145
 20
-353.030900465739
 30
0.0
 10
466.9034207141148
 20
-352.9743004657389
 30
0.0
 10
466.9177207141147
 20
-352.9174004657388
 30
0.0
  0
SPLINE
  5
2C9
330
1F
100
AcDbEntity
  8
Plan 1
 62
    17
100
AcDbSpline
210
0.0
220
0.0
230
1.0
 70
    11
 71
     3
 72
    20
 73
    16
 74
     0
 42
0.0000000001
 43
0.0000000001
 40
0.0
 40
0.0
 40
0.0
 40
0.0
 40
0.2
 40
0.2
 40
0.2
 40
0.2
 40
0.4
 40
0.4
 40
0.4
 40
0.4
 40
0.6
 40
0.6
 40
0.6
 40
0.6
 40
1.0
 40
1.0
 40
1.0
 40
1.0
 10
443.7768207141143
 20
-404.0521004657389
 30
0.0
 10
443.7768207141143
 20
-404.0521004657389
 30
0.0
 10
336.4552207141151
 20
-404.0521004657389
 30
0.0
 10
336.4552207141151
 20
-404.0521004657389
 30
0.0
 10
336.4552207141151
 20
-404.0521004657389
 30
0.0
 10
340.3106207141145
 20
-387.3765004657389
 30
0.0
 10
355.0077207141149
 20
-384.425900465739
 30
0.0
 10
368.2467207141144
 20
-389.7843004657389
 30
0.0
 10
368.2467207141144
 20
-389.7843004657389
 30
0.0
 10
389.4236207141148
 20
-400.2614004657389
 30
0.0
 10
412.1770207141143
 20
-409.6454004657389
 30
0.0
 10
441.7314207141144
 20
-390.1119004657389
 30
0.0
 10
441.7314207141144
 20
-390.1119004657389
 30
0.0
 10
440.6392207141143
 20
-396.1945004657389
 30
0.0
 10
441.6340207141147
 20
-400.805400465739
 30
0.0
 10
443.7768207141143
 20
-404.0521004657389
 30
0.0
  0
SPLINE
  5
2CA
330
1F
100
AcDbEntity
  8
Plan 1
 62
    17
100
AcDbSpline
210
0.0
220
0.0
230
1.0
 70
    11
 71
     3
 72
    20
 73
    16
 74
     0
 42
0.0000000001
 43
0.0000000001
 40
0.0
 40
0.0
 40
0.0
 40
0.0
 40
0.2
 40
0.2
 40
0.2
 40
0.2
 40
0.4
 40
0.4
 40
0.4
 40
0.4
 40
0.6
 40
0.6
 40
0.6
 40
0.6
 40
1.0
 40
1.0
 40
1.0
 40
1.0
 10
306.7598207141145
 20
-404.0521004657389
 30
0.0
 10
306.7598207141145
 20
-404.0521004657389
 30
0.0
 10
199.4403207141149
 20
-404.0521004657389
 30
0.0
 10
199.4403207141149
 20
-404.0521004657389
 30
0.0
 10
199.4403207141149
 20
-404.0521004657389
 30
0.0
 10
201.5825207141142
 20
-400.8055004657389
 30
0.0
 10
202.5762207141142
 20
-396.1938004657388
 30
0.0
 10
201.4841207141144
 20
-390.1119004657389
 30
0.0
 10
201.4841207141144
 20
-390.1119004657389
 30
0.0
 10
231.0385207141144
 20
-409.6454004657389
 30
0.0
 10
253.7919207141149
 20
-400.2614004657389
 30
0.0
 10
274.9688207141153
 20
-389.7843004657389
 30
0.0
 10
274.9688207141153
 20
-389.7843004657389
 30
0.0
 10
288.2078207141148
 20
-384.425900465739
 30
0.0
 10
302.9044207141151
 20
-387.3765004657389
 30
0.0
 10
306.7598207141145
 20
-404.0521004657389
 30
0.0
  0
SPLINE
  5
2CB
330
1F
100
AcDbEntity
  8
Plan 1
 62
    17
100
AcDbSpline
210
0.0
220
0.0
230
1.0
 70
    11
 71
     3
 72
    16
 73
    12
 74
     0
 42
0.0000000001
 43
0.0000000001
 40
0.0
 40
0.0
 40
0.0
 40
0.0
 40
0.25
 40
0.25
 40
0.25
 40
0.25
 40
0.5
 40
0.5
 40
0.5
 40
0.5
 40
1.0
 40
1.0
 40
1.0
 40
1.0
 10
176.183620714115
 20
-404.0521004657389
 30
0.0
 10
176.183620714115
 20
-404.0521004657389
 30
0.0
 10
175.1181207141144
 20
-404.0521004657389
 30
0.0
 10
175.1181207141144
 20
-404.0521004657389
 30
0.0
 10
175.1181207141144
 20
-404.0521004657389
 30
0.0
 10
175.3054207141149
 20
-403.7692004657389
 30
0.0
 10
175.485320714115
 20
-403.4792004657388
 30
0.0
 10
175.6510207141145
 20
-403.1769004657389
 30
0.0
 10
175.6510207141145
 20
-403.1769004657389
 30
0.0
 10
175.816720714115
 20
-403.4792004657388
 30
0.0
 10
175.9962207141143
 20
-403.7692004657389
 30
0.0
 10
176.183620714115
 20
-404.0521004657389
 30
0.0
  0
SPLINE
  5
2CC
330
1F
100
AcDbEntity
  8
Plan 1
 62
    17
100
AcDbSpline
210
0.0
220
0.0
230
1.0
 70
    11
 71
     3
 72
    20
 73
    16
 74
     0
 42
0.0000000001
 43
0.0000000001
 40
0.0
 40
0.0
 40
0.0
 40
0.0
 40
0.2
 40
0.2
 40
0.2
 40
0.2
 40
0.4
 40
0.4
 40
0.4
 40
0.4
 40
0.6
 40
0.6
 40
0.6
 40
0.6
 40
1.0
 40
1.0
 40
1.0
 40
1.0
 10
151.8598207141149
 20
-404.0521004657389
 30
0.0
 10
151.8598207141149
 20
-404.0521004657389
 30
0.0
 10
44.54112071411509
 20
-404.0521004657389
 30
0.0
 10
44.54112071411509
 20
-404.0521004657389
 30
0.0
 10
44.54112071411509
 20
-404.0521004657389
 30
0.0
 10
48.39962071411446
 20
-387.3765004657389
 30
0.0
 10
63.09052071411497
 20
-384.425900465739
 30
0.0
 10
76.33422071411496
 20
-389.7843004657389
 30
0.0
 10
76.33422071411496
 20
-389.7843004657389
 30
0.0
 10
97.50832071411423
 20
-400.2614004657389
 30
0.0
 10
120.2637207141142
 20
-409.6454004657389
 30
0.0
 10
149.8115207141145
 20
-390.1119004657389
 30
0.0
 10
149.8115207141145
 20
-390.1119004657389
 30
0.0
 10
148.721820714115
 20
-396.1938004657388
 30
0.0
 10
149.7168207141148
 20
-400.8058004657389
 30
0.0
 10
151.8598207141149
 20
-404.0521004657389
 30
0.0
  0
SPLINE
  5
2CD
330
1F
100
AcDbEntity
  8
Plan 1
 62
    17
100
AcDbSpline
210
0.0
220
0.0
230
1.0
 70
    11
 71
     3
 72
    20
 73
    16
 74
     0
 42
0.0000000001
 43
0.0000000001
 40
0.0
 40
0.0
 40
0.0
 40
0.0
 40
0.2
 40
0.2
 40
0.2
 40
0.2
 40
0.4
 40
0.4
 40
0.4
 40
0.4
 40
0.6
 40
0.6
 40
0.6
 40
0.6
 40
1.0
 40
1.0
 40
1.0
 40
1.0
 10
14.84992071411489
 20
-404.0521004657389
 30
0.0
 10
14.84992071411489
 20
-404.0521004657389
 30
0.0
 10
-92.46927928588503
 20
-404.0521004657389
 30
0.0
 10
-92.46927928588503
 20
-404.0521004657389
 30
0.0
 10
-92.46927928588503
 20
-404.0521004657389
 30
0.0
 10
-90.3284792858858
 20
-400.8060004657388
 30
0.0
 10
-89.33627928588521
 20
-396.193300465739
 30
0.0
 10
-90.42877928588495
 20
-390.1119004657389
 30
0.0
 10
-90.42877928588495
 20
-390.1119004657389
 30
0.0
 10
-60.86887928588566
 20
-409.6454004657389
 30
0.0
 10
-38.11357928588495
 20
-400.2614004657389
 30
0.0
 10
-16.95147928588539
 20
-389.7843004657389
 30
0.0
 10
-16.95147928588539
 20
-389.7843004657389
 30
0.0
 10
-3.707779285885408
 20
-384.425900465739
 30
0.0
 10
10.9825207141148
 20
-387.3765004657389
 30
0.0
 10
14.84992071411489
 20
-404.0521004657389
 30
0.0
  0
SPLINE
  5
2CE
330
1F
100
AcDbEntity
  8
Plan 1
 62
    17
100
AcDbSpline
210
0.0
220
0.0
230
1.0
 70
    11
 71
     3
 72
    16
 73
    12
 74
     0
 42
0.0000000001
 43
0.0000000001
 40
0.0
 40
0.0
 40
0.0
 40
0.0
 40
0.25
 40
0.25
 40
0.25
 40
0.25
 40
0.5
 40
0.5
 40
0.5
 40
0.5
 40
1.0
 40
1.0
 40
1.0
 40
1.0
 10
-115.7200792858857
 20
-404.0521004657389
 30
0.0
 10
-115.7200792858857
 20
-404.0521004657389
 30
0.0
 10
-117.871679285885
 20
-404.0521004657389
 30
0.0
 10
-117.871679285885
 20
-404.0521004657389
 30
0.0
 10
-117.871679285885
 20
-404.0521004657389
 30
0.0
 10
-117.4614792858856
 20
-403.4329004657388
 30
0.0
 10
-117.097879285885
 20
-402.7702004657389
 30
0.0
 10
-116.7955792858856
 20
-402.0589004657388
 30
0.0
 10
-116.7955792858856
 20
-402.0589004657388
 30
0.0
 10
-116.4933792858855
 20
-402.7702004657389
 30
0.0
 10
-116.1302792858851
 20
-403.4329004657388
 30
0.0
 10
-115.7200792858857
 20
-404.0521004657389
 30
0.0
  0
SPLINE
  5
2CF
330
1F
100
AcDbEntity
  8
Plan 1
 62
    17
100
AcDbSpline
210
0.0
220
0.0
230
1.0
 70
    11
 71
     3
 72
    20
 73
    16
 74
     0
 42
0.0000000001
 43
0.0000000001
 40
0.0
 40
0.0
 40
0.0
 40
0.0
 40
0.2
 40
0.2
 40
0.2
 40
0.2
 40
0.4
 40
0.4
 40
0.4
 40
0.4
 40
0.6
 40
0.6
 40
0.6
 40
0.6
 40
1.0
 40
1.0
 40
1.0
 40
1.0
 10
-141.126179285885
 20
-404.0521004657389
 30
0.0
 10
-141.126179285885
 20
-404.0521004657389
 30
0.0
 10
-248.4445792858851
 20
-404.0521004657389
 30
0.0
 10
-248.4445792858851
 20
-404.0521004657389
 30
0.0
 10
-248.4445792858851
 20
-404.0521004657389
 30
0.0
 10
-244.5881792858854
 20
-387.3765004657389
 30
0.0
 10
-229.8909792858858
 20
-384.425900465739
 30
0.0
 10
-216.6528792858853
 20
-389.7843004657389
 30
0.0
 10
-216.6528792858853
 20
-389.7843004657389
 30
0.0
 10
-195.4766792858854
 20
-400.2614004657389
 30
0.0
 10
-172.7225792858853
 20
-409.6454004657389
 30
0.0
 10
-143.1669792858856
 20
-390.1119004657389
 30
0.0
 10
-143.1669792858856
 20
-390.1119004657389
 30
0.0
 10
-144.259279285885
 20
-396.193300465739
 30
0.0
 10
-143.2677792858849
 20
-400.8057004657389
 30
0.0
 10
-141.126179285885
 20
-404.0521004657389
 30
0.0
  0
SPLINE
  5
2D0
330
1F
100
AcDbEntity
  8
Plan 1
 62
    17
100
AcDbSpline
210
0.0
220
0.0
230
1.0
 70
    11
 71
     3
 72
    20
 73
    16
 74
     0
 42
0.0000000001
 43
0.0000000001
 40
0.0
 40
0.0
 40
0.0
 40
0.0
 40
0.2
 40
0.2
 40
0.2
 40
0.2
 40
0.4
 40
0.4
 40
0.4
 40
0.4
 40
0.6
 40
0.6
 40
0.6
 40
0.6
 40
1.0
 40
1.0
 40
1.0
 40
1.0
 10
-278.1379792858852
 20
-404.0521004657389
 30
0.0
 10
-278.1379792858852
 20
-404.0521004657389
 30
0.0
 10
-385.460279285885
 20
-404.0521004657389
 30
0.0
 10
-385.460279285885
 20
-404.0521004657389
 30
0.0
 10
-385.460279285885
 20
-404.0521004657389
 30
0.0
 10
-383.3175792858856
 20
-400.805400465739
 30
0.0
 10
-382.3225792858857
 20
-396.1945004657389
 30
0.0
 10
-383.4150792858854
 20
-390.1119004657389
 30
0.0
 10
-383.4150792858854
 20
-390.1119004657389
 30
0.0
 10
-353.8594792858857
 20
-409.6454004657389
 30
0.0
 10
-331.1053792858857
 20
-400.2614004657389
 30
0.0
 10
-309.9291792858858
 20
-389.7843004657389
 30
0.0
 10
-309.9291792858858
 20
-389.7843004657389
 30
0.0
 10
-296.6910792858853
 20
-384.425900465739
 30
0.0
 10
-281.9943792858857
 20
-387.3765004657389
 30
0.0
 10
-278.1379792858852
 20
-404.0521004657389
 30
0.0
  0
SPLINE
  5
2D1
330
1F
100
AcDbEntity
  8
Plan 1
 62
    17
100
AcDbSpline
210
0.0
220
0.0
230
1.0
 70
    11
 71
     3
 72
    20
 73
    16
 74
     0
 42
0.0000000001
 43
0.0000000001
 40
0.0
 40
0.0
 40
0.0
 40
0.0
 40
0.2
 40
0.2
 40
0.2
 40
0.2
 40
0.4
 40
0.4
 40
0.4
 40
0.4
 40
0.6
 40
0.6
 40
0.6
 40
0.6
 40
1.0
 40
1.0
 40
1.0
 40
1.0
 10
-408.6009792858849
 20
-390.9687004657389
 30
0.0
 10
-408.6009792858849
 20
-390.9687004657389
 30
0.0
 10
-408.6009792858849
 20
-352.9122004657391
 30
0.0
 10
-408.6009792858849
 20
-352.9122004657391
 30
0.0
 10
-408.6009792858849
 20
-352.9122004657391
 30
0.0
 10
-408.5862792858852
 20
-352.9708004657389
 30
0.0
 10
-408.5726792858849
 20
-353.029100465739
 30
0.0
 10
-408.5577792858857
 20
-353.0878004657389
 30
0.0
 10
-408.5577792858857
 20
-353.0878004657389
 30
0.0
 10
-404.8746792858855
 20
-366.875300465739
 30
0.0
 10
-389.2164792858857
 20
-378.421400465739
 30
0.0
 10
-397.1206792858857
 20
-393.7160004657389
 30
0.0
 10
-397.1206792858857
 20
-393.7160004657389
 30
0.0
 10
-400.2425792858857
 20
-387.3754004657389
 30
0.0
 10
-405.4720792858852
 20
-386.320000465739
 30
0.0
 10
-408.6009792858849
 20
-390.9687004657389
 30
0.0
  0
SPLINE
  5
2D2
330
1F
100
AcDbEntity
  8
Plan 1
 62
    17
100
AcDbSpline
210
0.0
220
0.0
230
1.0
 70
    11
 71
     3
 72
    16
 73
    12
 74
     0
 42
0.0000000001
 43
0.0000000001
 40
0.0
 40
0.0
 40
0.0
 40
0.0
 40
0.25
 40
0.25
 40
0.25
 40
0.25
 40
0.5
 40
0.5
 40
0.5
 40
0.5
 40
1.0
 40
1.0
 40
1.0
 40
1.0
 10
-408.6009792858849
 20
-322.9772004657389
 30
0.0
 10
-408.6009792858849
 20
-322.9772004657389
 30
0.0
 10
-408.6009792858849
 20
-286.408700465739
 30
0.0
 10
-408.6009792858849
 20
-286.408700465739
 30
0.0
 10
-408.6009792858849
 20
-286.408700465739
 30
0.0
 10
-401.5886792858855
 20
-287.3057004657389
 30
0.0
 10
-394.3147792858854
 20
-291.1838004657388
 30
0.0
 10
-390.5893792858851
 20
-298.0431004657389
 30
0.0
 10
-390.5893792858851
 20
-298.0431004657389
 30
0.0
 10
-399.6791792858858
 20
-305.208400465739
 30
0.0
 10
-405.6818792858857
 20
-313.5199004657388
 30
0.0
 10
-408.6009792858849
 20
-322.9772004657389
 30
0.0
  0
SPLINE
  5
2D3
330
1F
100
AcDbEntity
  8
Plan 1
 62
    17
100
AcDbSpline
210
0.0
220
0.0
230
1.0
 70
    11
 71
     3
 72
    24
 73
    20
 74
     0
 42
0.0000000001
 43
0.0000000001
 40
0.0
 40
0.0
 40
0.0
 40
0.0
 40
0.1666666666666667
 40
0.1666666666666667
 40
0.1666666666666667
 40
0.1666666666666667
 40
0.3333333333333333
 40
0.3333333333333333
 40
0.3333333333333333
 40
0.3333333333333333
 40
0.5
 40
0.5
 40
0.5
 40
0.5
 40
0.6666666666666666
 40
0.6666666666666666
 40
0.6666666666666666
 40
0.6666666666666666
 40
1.0
 40
1.0
 40
1.0
 40
1.0
 10
-408.6009792858849
 20
-285.0966004657389
 30
0.0
 10
-408.6009792858849
 20
-285.0966004657389
 30
0.0
 10
-408.6009792858849
 20
-245.230200465739
 30
0.0
 10
-408.6009792858849
 20
-245.230200465739
 30
0.0
 10
-408.6009792858849
 20
-245.230200465739
 30
0.0
 10
-399.6691792858856
 20
-257.529300465739
 30
0.0
 10
-385.9906792858856
 20
-262.1250004657388
 30
0.0
 10
-367.0768792858853
 20
-255.776600465739
 30
0.0
 10
-367.0768792858853
 20
-255.776600465739
 30
0.0
 10
-380.7955792858857
 20
-268.812800465739
 30
0.0
 10
-361.5306792858855
 20
-281.071700465739
 30
0.0
 10
-359.2400792858853
 20
-264.295600465739
 30
0.0
 10
-359.2400792858853
 20
-264.295600465739
 30
0.0
 10
-351.0764792858854
 20
-278.0560004657389
 30
0.0
 10
-356.1956792858855
 20
-291.599100465739
 30
0.0
 10
-376.554679285885
 20
-291.1625004657389
 30
0.0
 10
-376.554679285885
 20
-291.1625004657389
 30
0.0
 10
-383.4447792858855
 20
-279.7789004657389
 30
0.0
 10
-395.1657792858851
 20
-276.554700465739
 30
0.0
 10
-408.6009792858849
 20
-285.0966004657389
 30
0.0
  0
SPLINE
  5
2D4
330
1F
100
AcDbEntity
  8
Plan 1
 62
    17
100
AcDbSpline
210
0.0
220
0.0
230
1.0
 70
    11
 71
     3
 72
    16
 73
    12
 74
     0
 42
0.0000000001
 43
0.0000000001
 40
0.0
 40
0.0
 40
0.0
 40
0.0
 40
0.25
 40
0.25
 40
0.25
 40
0.25
 40
0.5
 40
0.5
 40
0.5
 40
0.5
 40
1.0
 40
1.0
 40
1.0
 40
1.0
 10
-408.6009792858849
 20
-242.8977004657388
 30
0.0
 10
-408.6009792858849
 20
-242.8977004657388
 30
0.0
 10
-408.6009792858849
 20
-202.670400465739
 30
0.0
 10
-408.6009792858849
 20
-202.670400465739
 30
0.0
 10
-408.6009792858849
 20
-202.670400465739
 30
0.0
 10
-404.9161792858849
 20
-215.9153004657389
 30
0.0
 10
-396.0741792858853
 20
-229.1730004657388
 30
0.0
 10
-381.1224792858857
 20
-241.3601004657389
 30
0.0
 10
-381.1224792858857
 20
-241.3601004657389
 30
0.0
 10
-389.1096792858852
 20
-244.1438004657389
 30
0.0
 10
-398.9373792858851
 20
-244.1049004657389
 30
0.0
 10
-408.6009792858849
 20
-242.8977004657388
 30
0.0
  0
SPLINE
  5
2D5
330
1F
100
AcDbEntity
  8
Plan 1
 62
    17
100
AcDbSpline
210
0.0
220
0.0
230
1.0
 70
    11
 71
     3
 72
    16
 73
    12
 74
     0
 42
0.0000000001
 43
0.0000000001
 40
0.0
 40
0.0
 40
0.0
 40
0.0
 40
0.25
 40
0.25
 40
0.25
 40
0.25
 40
0.5
 40
0.5
 40
0.5
 40
0.5
 40
1.0
 40
1.0
 40
1.0
 40
1.0
 10
-408.6009792858849
 20
-173.397800465739
 30
0.0
 10
-408.6009792858849
 20
-173.397800465739
 30
0.0
 10
-408.6009792858849
 20
-134.5864004657389
 30
0.0
 10
-408.6009792858849
 20
-134.5864004657389
 30
0.0
 10
-408.6009792858849
 20
-134.5864004657389
 30
0.0
 10
-405.1906792858853
 20
-140.616100465739
 30
0.0
 10
-397.256579285885
 20
-145.3051004657388
 30
0.0
 10
-388.6345792858856
 20
-141.7556004657388
 30
0.0
 10
-388.6345792858856
 20
-141.7556004657388
 30
0.0
 10
-398.5084792858852
 20
-151.070900465739
 30
0.0
 10
-405.4032792858852
 20
-161.8920004657389
 30
0.0
 10
-408.6009792858849
 20
-173.397800465739
 30
0.0
  0
SPLINE
  5
2D6
330
1F
100
AcDbEntity
  8
Plan 1
 62
    17
100
AcDbSpline
210
0.0
220
0.0
230
1.0
 70
    11
 71
     3
 72
    32
 73
    28
 74
     0
 42
0.0000000001
 43
0.0000000001
 40
0.0
 40
0.0
 40
0.0
 40
0.0
 40
0.125
 40
0.125
 40
0.125
 40
0.125
 40
0.25
 40
0.25
 40
0.25
 40
0.25
 40
0.375
 40
0.375
 40
0.375
 40
0.375
 40
0.5
 40
0.5
 40
0.5
 40
0.5
 40
0.625
 40
0.625
 40
0.625
 40
0.625
 40
0.75
 40
0.75
 40
0.75
 40
0.75
 40
1.0
 40
1.0
 40
1.0
 40
1.0
 10
-408.6009792858849
 20
-123.192200465739
 30
0.0
 10
-408.6009792858849
 20
-123.192200465739
 30
0.0
 10
-408.6009792858849
 20
-110.1458004657388
 30
0.0
 10
-408.6009792858849
 20
-110.1458004657388
 30
0.0
 10
-408.6009792858849
 20
-110.1458004657388
 30
0.0
 10
-408.3895792858856
 20
-110.4109004657389
 30
0.0
 10
-408.1584792858857
 20
-110.667600465739
 30
0.0
 10
-407.9060792858854
 20
-110.9139004657388
 30
0.0
 10
-407.9060792858854
 20
-110.9139004657388
 30
0.0
 10
-405.3671792858859
 20
-113.223000465739
 30
0.0
 10
-402.9328792858851
 20
-114.7243004657389
 30
0.0
 10
-400.7144792858853
 20
-115.5942004657388
 30
0.0
 10
-400.7144792858853
 20
-115.5942004657388
 30
0.0
 10
-400.8386792858855
 20
-116.1150004657388
 30
0.0
 10
-400.9039792858857
 20
-116.6699004657389
 30
0.0
 10
-400.9039792858857
 20
-117.2454004657388
 30
0.0
 10
-400.9039792858857
 20
-117.2454004657388
 30
0.0
 10
-400.9039792858857
 20
-117.4370004657389
 30
0.0
 10
-400.8973792858851
 20
-117.6262004657389
 30
0.0
 10
-400.8843792858852
 20
-117.812700465739
 30
0.0
 10
-400.8843792858852
 20
-117.812700465739
 30
0.0
 10
-403.0571792858855
 20
-118.6919004657388
 30
0.0
 10
-405.4304792858856
 20
-120.1728004657389
 30
0.0
 10
-407.9060792858854
 20
-122.4244004657389
 30
0.0
 10
-407.9060792858854
 20
-122.4244004657389
 30
0.0
 10
-408.1584792858857
 20
-122.6707004657389
 30
0.0
 10
-408.3894792858854
 20
-122.9271004657389
 30
0.0
 10
-408.6009792858849
 20
-123.192200465739
 30
0.0
  0
SPLINE
  5
2D7
330
1F
100
AcDbEntity
  8
Plan 1
 62
    17
100
AcDbSpline
210
0.0
220
0.0
230
1.0
 70
    11
 71
     3
 72
    16
 73
    12
 74
     0
 42
0.0000000001
 43
0.0000000001
 40
0.0
 40
0.0
 40
0.0
 40
0.0
 40
0.25
 40
0.25
 40
0.25
 40
0.25
 40
0.5
 40
0.5
 40
0.5
 40
0.5
 40
1.0
 40
1.0
 40
1.0
 40
1.0
 10
-408.6009792858849
 20
-98.75130046573895
 30
0.0
 10
-408.6009792858849
 20
-98.75130046573895
 30
0.0
 10
-408.6009792858849
 20
-59.93980046573892
 30
0.0
 10
-408.6009792858849
 20
-59.93980046573892
 30
0.0
 10
-408.6009792858849
 20
-59.93980046573892
 30
0.0
 10
-405.4029792858854
 20
-71.44570046573881
 30
0.0
 10
-398.5084792858852
 20
-82.26730046573903
 30
0.0
 10
-388.6345792858856
 20
-91.582600465739
 30
0.0
 10
-388.6345792858856
 20
-91.582600465739
 30
0.0
 10
-397.256579285885
 20
-88.03310046573892
 30
0.0
 10
-405.1907792858855
 20
-92.72170046573888
 30
0.0
 10
-408.6009792858849
 20
-98.75130046573895
 30
0.0
  0
SPLINE
  5
2D8
330
1F
100
AcDbEntity
  8
Plan 1
 62
    17
100
AcDbSpline
210
0.0
220
0.0
230
1.0
 70
    11
 71
     3
 72
    16
 73
    12
 74
     0
 42
0.0000000001
 43
0.0000000001
 40
0.0
 40
0.0
 40
0.0
 40
0.0
 40
0.25
 40
0.25
 40
0.25
 40
0.25
 40
0.5
 40
0.5
 40
0.5
 40
0.5
 40
1.0
 40
1.0
 40
1.0
 40
1.0
 10
-408.6009792858849
 20
-30.66750046573884
 30
0.0
 10
-408.6009792858849
 20
-30.66750046573884
 30
0.0
 10
-408.6009792858849
 20
9.559899534261148
 30
0.0
 10
-408.6009792858849
 20
9.559899534261148
 30
0.0
 10
-408.6009792858849
 20
9.559899534261148
 30
0.0
 10
-398.9373792858851
 20
10.766999534261
 30
0.0
 10
-389.1096792858852
 20
10.80569953426106
 30
0.0
 10
-381.1224792858857
 20
8.021999534261112
 30
0.0
 10
-381.1224792858857
 20
8.021999534261112
 30
0.0
 10
-396.0741792858853
 20
-4.165200465738962
 30
0.0
 10
-404.9165792858857
 20
-17.4227004657389
 30
0.0
 10
-408.6009792858849
 20
-30.66750046573884
 30
0.0
  0
SPLINE
  5
2D9
330
1F
100
AcDbEntity
  8
Plan 1
 62
    17
100
AcDbSpline
210
0.0
220
0.0
230
1.0
 70
    11
 71
     3
 72
    24
 73
    20
 74
     0
 42
0.0000000001
 43
0.0000000001
 40
0.0
 40
0.0
 40
0.0
 40
0.0
 40
0.1666666666666667
 40
0.1666666666666667
 40
0.1666666666666667
 40
0.1666666666666667
 40
0.3333333333333333
 40
0.3333333333333333
 40
0.3333333333333333
 40
0.3333333333333333
 40
0.5
 40
0.5
 40
0.5
 40
0.5
 40
0.6666666666666666
 40
0.6666666666666666
 40
0.6666666666666666
 40
0.6666666666666666
 40
1.0
 40
1.0
 40
1.0
 40
1.0
 10
-408.6009792858849
 20
11.89239953426113
 30
0.0
 10
-408.6009792858849
 20
11.89239953426113
 30
0.0
 10
-408.6009792858849
 20
51.75869953426104
 30
0.0
 10
-408.6009792858849
 20
51.75869953426104
 30
0.0
 10
-408.6009792858849
 20
51.75869953426104
 30
0.0
 10
-395.1657792858851
 20
43.21669953426112
 30
0.0
 10
-383.4447792858855
 20
46.44059953426108
 30
0.0
 10
-376.554679285885
 20
57.82429953426117
 30
0.0
 10
-376.554679285885
 20
57.82429953426117
 30
0.0
 10
-356.1956792858855
 20
58.26099953426115
 30
0.0
 10
-351.0764792858854
 20
44.71779953426107
 30
0.0
 10
-359.2400792858853
 20
30.95729953426098
 30
0.0
 10
-359.2400792858853
 20
30.95729953426098
 30
0.0
 10
-361.5306792858855
 20
47.73339953426102
 30
0.0
 10
-380.7955792858857
 20
35.47459953426119
 30
0.0
 10
-367.0768792858853
 20
22.43839953426118
 30
0.0
 10
-367.0768792858853
 20
22.43839953426118
 30
0.0
 10
-385.9906792858856
 20
28.78679953426104
 30
0.0
 10
-399.6691792858856
 20
24.19149953426109
 30
0.0
 10
-408.6009792858849
 20
11.89239953426113
 30
0.0
  0
SPLINE
  5
2DA
330
1F
100
AcDbEntity
  8
Plan 1
 62
    17
100
AcDbSpline
210
0.0
220
0.0
230
1.0
 70
    11
 71
     3
 72
    16
 73
    12
 74
     0
 42
0.0000000001
 43
0.0000000001
 40
0.0
 40
0.0
 40
0.0
 40
0.0
 40
0.25
 40
0.25
 40
0.25
 40
0.25
 40
0.5
 40
0.5
 40
0.5
 40
0.5
 40
1.0
 40
1.0
 40
1.0
 40
1.0
 10
-408.6009792858849
 20
53.07089953426111
 30
0.0
 10
-408.6009792858849
 20
53.07089953426111
 30
0.0
 10
-408.6009792858849
 20
89.6393995342612
 30
0.0
 10
-408.6009792858849
 20
89.6393995342612
 30
0.0
 10
-408.6009792858849
 20
89.6393995342612
 30
0.0
 10
-405.6815792858851
 20
80.18229953426112
 30
0.0
 10
-399.6791792858858
 20
71.87019953426101
 30
0.0
 10
-390.5893792858851
 20
64.70489953426113
 30
0.0
 10
-390.5893792858851
 20
64.70489953426113
 30
0.0
 10
-394.3147792858854
 20
57.84559953426105
 30
0.0
 10
-401.5886792858855
 20
53.96779953426108
 30
0.0
 10
-408.6009792858849
 20
53.07089953426111
 30
0.0
  0
SPLINE
  5
2DB
330
1F
100
AcDbEntity
  8
Plan 1
 62
    17
100
AcDbSpline
210
0.0
220
0.0
230
1.0
 70
    11
 71
     3
 72
    20
 73
    16
 74
     0
 42
0.0000000001
 43
0.0000000001
 40
0.0
 40
0.0
 40
0.0
 40
0.0
 40
0.2
 40
0.2
 40
0.2
 40
0.2
 40
0.4
 40
0.4
 40
0.4
 40
0.4
 40
0.6
 40
0.6
 40
0.6
 40
0.6
 40
1.0
 40
1.0
 40
1.0
 40
1.0
 10
-408.6009792858849
 20
119.5740995342612
 30
0.0
 10
-408.6009792858849
 20
119.5740995342612
 30
0.0
 10
-408.6009792858849
 20
157.6307995342608
 30
0.0
 10
-408.6009792858849
 20
157.6307995342608
 30
0.0
 10
-408.6009792858849
 20
157.6307995342608
 30
0.0
 10
-405.4720792858852
 20
152.9819995342609
 30
0.0
 10
-400.2425792858857
 20
154.0371995342611
 30
0.0
 10
-397.1206792858857
 20
160.3776995342609
 30
0.0
 10
-397.1206792858857
 20
160.3776995342609
 30
0.0
 10
-389.2164792858857
 20
145.083199534261
 30
0.0
 10
-404.8746792858855
 20
133.5369995342612
 30
0.0
 10
-408.5577792858857
 20
119.749599534261
 30
0.0
 10
-408.5577792858857
 20
119.749599534261
 30
0.0
 10
-408.5726792858849
 20
119.690899534261
 30
0.0
 10
-408.5862792858852
 20
119.632699534261
 30
0.0
 10
-408.6009792858849
 20
119.5740995342612
 30
0.0
  0
SPLINE
  5
2DC
330
1F
100
AcDbEntity
  8
Plan 1
 62
    17
100
AcDbSpline
210
0.0
220
0.0
230
1.0
 70
    11
 71
     3
 72
    24
 73
    20
 74
     0
 42
0.0000000001
 43
0.0000000001
 40
0.0
 40
0.0
 40
0.0
 40
0.0
 40
0.1666666666666667
 40
0.1666666666666667
 40
0.1666666666666667
 40
0.1666666666666667
 40
0.3333333333333333
 40
0.3333333333333333
 40
0.3333333333333333
 40
0.3333333333333333
 40
0.5
 40
0.5
 40
0.5
 40
0.5
 40
0.6666666666666666
 40
0.6666666666666666
 40
0.6666666666666666
 40
0.6666666666666666
 40
1.0
 40
1.0
 40
1.0
 40
1.0
 10
-408.6009792858849
 20
170.888099534261
 30
0.0
 10
-408.6009792858849
 20
170.888099534261
 30
0.0
 10
-408.6009792858849
 20
182.4425995342613
 30
0.0
 10
-408.6009792858849
 20
182.4425995342613
 30
0.0
 10
-408.6009792858849
 20
182.4425995342613
 30
0.0
 10
-406.7537792858856
 20
179.755899534261
 30
0.0
 10
-403.950379285885
 20
177.9713995342608
 30
0.0
 10
-400.8625792858856
 20
177.160999534261
 30
0.0
 10
-400.8625792858856
 20
177.160999534261
 30
0.0
 10
-400.8908792858855
 20
176.9075995342609
 30
0.0
 10
-400.9039792858857
 20
176.648399534261
 30
0.0
 10
-400.9039792858857
 20
176.3848995342609
 30
0.0
 10
-400.9039792858857
 20
176.3848995342609
 30
0.0
 10
-400.9039792858857
 20
176.309399534261
 30
0.0
 10
-400.9039792858857
 20
176.2344995342609
 30
0.0
 10
-400.9018792858851
 20
176.1597995342608
 30
0.0
 10
-400.9018792858851
 20
176.1597995342608
 30
0.0
 10
-403.9732792858849
 20
175.3453995342611
 30
0.0
 10
-406.7612792858853
 20
173.5646995342608
 30
0.0
 10
-408.6009792858849
 20
170.888099534261
 30
0.0
  0
SPLINE
  5
2DD
330
1F
100
AcDbEntity
  8
Plan 1
 62
    17
100
AcDbSpline
210
0.0
220
0.0
230
1.0
 70
    11
 71
     3
 72
    20
 73
    16
 74
     0
 42
0.0000000001
 43
0.0000000001
 40
0.0
 40
0.0
 40
0.0
 40
0.0
 40
0.2
 40
0.2
 40
0.2
 40
0.2
 40
0.4
 40
0.4
 40
0.4
 40
0.4
 40
0.6
 40
0.6
 40
0.6
 40
0.6
 40
1.0
 40
1.0
 40
1.0
 40
1.0
 10
-408.6009792858849
 20
195.7002995342609
 30
0.0
 10
-408.6009792858849
 20
195.7002995342609
 30
0.0
 10
-408.6009792858849
 20
233.7599995342612
 30
0.0
 10
-408.6009792858849
 20
233.7599995342612
 30
0.0
 10
-408.6009792858849
 20
233.7599995342612
 30
0.0
 10
-408.5862792858852
 20
233.7012995342611
 30
0.0
 10
-408.5726792858849
 20
233.6431995342609
 30
0.0
 10
-408.5577792858857
 20
233.5844995342609
 30
0.0
 10
-408.5577792858857
 20
233.5844995342609
 30
0.0
 10
-404.8746792858855
 20
219.7986995342612
 30
0.0
 10
-389.2164792858857
 20
208.2462995342612
 30
0.0
 10
-397.1206792858857
 20
192.9488995342613
 30
0.0
 10
-397.1206792858857
 20
192.9488995342613
 30
0.0
 10
-400.2425792858857
 20
199.2923995342612
 30
0.0
 10
-405.4720792858852
 20
200.3489995342611
 30
0.0
 10
-408.6009792858849
 20
195.7002995342609
 30
0.0
  0
SPLINE
  5
2DE
330
1F
100
AcDbEntity
  8
Plan 1
 62
    17
100
AcDbSpline
210
0.0
220
0.0
230
1.0
 70
    11
 71
     3
 72
    16
 73
    12
 74
     0
 42
0.0000000001
 43
0.0000000001
 40
0.0
 40
0.0
 40
0.0
 40
0.0
 40
0.25
 40
0.25
 40
0.25
 40
0.25
 40
0.5
 40
0.5
 40
0.5
 40
0.5
 40
1.0
 40
1.0
 40
1.0
 40
1.0
 10
-408.6009792858849
 20
263.6936995342612
 30
0.0
 10
-408.6009792858849
 20
263.6936995342612
 30
0.0
 10
-408.6009792858849
 20
300.259699534261
 30
0.0
 10
-408.6009792858849
 20
300.259699534261
 30
0.0
 10
-408.6009792858849
 20
300.259699534261
 30
0.0
 10
-401.5886792858855
 20
299.3623995342609
 30
0.0
 10
-394.3147792858854
 20
295.4759995342611
 30
0.0
 10
-390.5893792858851
 20
288.6215995342609
 30
0.0
 10
-390.5893792858851
 20
288.6215995342609
 30
0.0
 10
-399.6791792858858
 20
281.4613995342611
 30
0.0
 10
-405.6818792858857
 20
273.150899534261
 30
0.0
 10
-408.6009792858849
 20
263.6936995342612
 30
0.0
  0
SPLINE
  5
2DF
330
1F
100
AcDbEntity
  8
Plan 1
 62
    17
100
AcDbSpline
210
0.0
220
0.0
230
1.0
 70
    11
 71
     3
 72
    24
 73
    20
 74
     0
 42
0.0000000001
 43
0.0000000001
 40
0.0
 40
0.0
 40
0.0
 40
0.0
 40
0.1666666666666667
 40
0.1666666666666667
 40
0.1666666666666667
 40
0.1666666666666667
 40
0.3333333333333333
 40
0.3333333333333333
 40
0.3333333333333333
 40
0.3333333333333333
 40
0.5
 40
0.5
 40
0.5
 40
0.5
 40
0.6666666666666666
 40
0.6666666666666666
 40
0.6666666666666666
 40
0.6666666666666666
 40
1.0
 40
1.0
 40
1.0
 40
1.0
 10
-408.6009792858849
 20
301.5724995342612
 30
0.0
 10
-408.6009792858849
 20
301.5724995342612
 30
0.0
 10
-408.6009792858849
 20
341.439099534261
 30
0.0
 10
-408.6009792858849
 20
341.439099534261
 30
0.0
 10
-408.6009792858849
 20
341.439099534261
 30
0.0
 10
-399.6691792858856
 20
329.1323995342609
 30
0.0
 10
-385.9906792858856
 20
324.5345995342609
 30
0.0
 10
-367.0768792858853
 20
330.8887995342611
 30
0.0
 10
-367.0768792858853
 20
330.8887995342611
 30
0.0
 10
-380.7955792858857
 20
317.8631995342612
 30
0.0
 10
-361.5306792858855
 20
305.5958995342612
 30
0.0
 10
-359.2400792858853
 20
322.3755995342612
 30
0.0
 10
-359.2400792858853
 20
322.3755995342612
 30
0.0
 10
-351.0764792858854
 20
308.619199534261
 30
0.0
 10
-356.1956792858855
 20
295.0686995342612
 30
0.0
 10
-376.554679285885
 20
295.5075995342609
 30
0.0
 10
-376.554679285885
 20
295.5075995342609
 30
0.0
 10
-383.4447792858855
 20
306.8862995342611
 30
0.0
 10
-395.1657792858851
 20
310.1195995342609
 30
0.0
 10
-408.6009792858849
 20
301.5724995342612
 30
0.0
  0
SPLINE
  5
2E0
330
1F
100
AcDbEntity
  8
Plan 1
 62
    17
100
AcDbSpline
210
0.0
220
0.0
230
1.0
 70
    11
 71
     3
 72
    16
 73
    12
 74
     0
 42
0.0000000001
 43
0.0000000001
 40
0.0
 40
0.0
 40
0.0
 40
0.0
 40
0.25
 40
0.25
 40
0.25
 40
0.25
 40
0.5
 40
0.5
 40
0.5
 40
0.5
 40
1.0
 40
1.0
 40
1.0
 40
1.0
 10
-408.6009792858849
 20
343.7729995342611
 30
0.0
 10
-408.6009792858849
 20
343.7729995342611
 30
0.0
 10
-408.6009792858849
 20
383.9962995342612
 30
0.0
 10
-408.6009792858849
 20
383.9962995342612
 30
0.0
 10
-408.6009792858849
 20
383.9962995342612
 30
0.0
 10
-404.9161792858849
 20
370.7521995342609
 30
0.0
 10
-396.0741792858853
 20
357.496399534261
 30
0.0
 10
-381.1224792858857
 20
345.3127995342611
 30
0.0
 10
-381.1224792858857
 20
345.3127995342611
 30
0.0
 10
-389.1096792858852
 20
342.5232995342613
 30
0.0
 10
-398.9373792858851
 20
342.5645995342611
 30
0.0
 10
-408.6009792858849
 20
343.7729995342611
 30
0.0
  0
SPLINE
  5
2E1
330
1F
100
AcDbEntity
  8
Plan 1
 62
    17
100
AcDbSpline
210
0.0
220
0.0
230
1.0
 70
    11
 71
     3
 72
    16
 73
    12
 74
     0
 42
0.0000000001
 43
0.0000000001
 40
0.0
 40
0.0
 40
0.0
 40
0.0
 40
0.25
 40
0.25
 40
0.25
 40
0.25
 40
0.5
 40
0.5
 40
0.5
 40
0.5
 40
1.0
 40
1.0
 40
1.0
 40
1.0
 10
-408.6009792858849
 20
413.2691995342611
 30
0.0
 10
-408.6009792858849
 20
413.2691995342611
 30
0.0
 10
-408.6009792858849
 20
452.0837995342612
 30
0.0
 10
-408.6009792858849
 20
452.0837995342612
 30
0.0
 10
-408.6009792858849
 20
452.0837995342612
 30
0.0
 10
-405.1916792858856
 20
446.0554995342609
 30
0.0
 10
-397.256579285885
 20
441.3657995342609
 30
0.0
 10
-388.6345792858856
 20
444.9161995342611
 30
0.0
 10
-388.6345792858856
 20
444.9161995342611
 30
0.0
 10
-398.5084792858852
 20
435.5985995342612
 30
0.0
 10
-405.4032792858852
 20
424.775899534261
 30
0.0
 10
-408.6009792858849
 20
413.2691995342611
 30
0.0
  0
SPLINE
  5
2E2
330
1F
100
AcDbEntity
  8
Plan 1
 62
    17
100
AcDbSpline
210
0.0
220
0.0
230
1.0
 70
    11
 71
     3
 72
    28
 73
    24
 74
     0
 42
0.0000000001
 43
0.0000000001
 40
0.0
 40
0.0
 40
0.0
 40
0.0
 40
0.1428571428571428
 40
0.1428571428571428
 40
0.1428571428571428
 40
0.1428571428571428
 40
0.2857142857142857
 40
0.2857142857142857
 40
0.2857142857142857
 40
0.2857142857142857
 40
0.4285714285714285
 40
0.4285714285714285
 40
0.4285714285714285
 40
0.4285714285714285
 40
0.5714285714285714
 40
0.5714285714285714
 40
0.5714285714285714
 40
0.5714285714285714
 40
0.7142857142857144
 40
0.7142857142857144
 40
0.7142857142857144
 40
0.7142857142857144
 40
1.0
 40
1.0
 40
1.0
 40
1.0
 10
175.6504207141142
 20
-392.071000465739
 30
0.0
 10
178.6550207141145
 20
-386.1939004657388
 30
0.0
 10
184.4285207141147
 20
-386.915200465739
 30
0.0
 10
187.7759207141144
 20
-393.7160004657389
 30
0.0
 10
187.7759207141144
 20
-393.7160004657389
 30
0.0
 10
195.6834207141146
 20
-378.421400465739
 30
0.0
 10
180.0244207141149
 20
-366.875300465739
 30
0.0
 10
176.3397207141142
 20
-353.0878004657389
 30
0.0
 10
176.3397207141142
 20
-353.0878004657389
 30
0.0
 10
176.0870207141142
 20
-352.090700465739
 30
0.0
 10
175.8580207141149
 20
-351.1024004657388
 30
0.0
 10
175.6506207141146
 20
-350.1221004657389
 30
0.0
 10
175.6506207141146
 20
-350.1221004657389
 30
0.0
 10
175.4434207141148
 20
-351.1024004657388
 30
0.0
 10
175.2152207141143
 20
-352.090700465739
 30
0.0
 10
174.9628207141149
 20
-353.0878004657389
 30
0.0
 10
174.9628207141149
 20
-353.0878004657389
 30
0.0
 10
171.2790207141142
 20
-366.875300465739
 30
0.0
 10
155.6156207141148
 20
-378.421400465739
 30
0.0
 10
163.522220714115
 20
-393.7160004657389
 30
0.0
 10
163.522220714115
 20
-393.7160004657389
 30
0.0
 10
166.8730207141143
 20
-386.915200465739
 30
0.0
 10
172.6451207141144
 20
-386.1939004657388
 30
0.0
 10
175.6504207141142
 20
-392.071000465739
 30
0.0
  0
SPLINE
  5
2E3
330
1F
100
AcDbEntity
  8
Plan 1
 62
    17
100
AcDbSpline
210
0.0
220
0.0
230
1.0
 70
    11
 71
     3
 72
    20
 73
    16
 74
     0
 42
0.0000000001
 43
0.0000000001
 40
0.0
 40
0.0
 40
0.0
 40
0.0
 40
0.2
 40
0.2
 40
0.2
 40
0.2
 40
0.4
 40
0.4
 40
0.4
 40
0.4
 40
0.6
 40
0.6
 40
0.6
 40
0.6
 40
1.0
 40
1.0
 40
1.0
 40
1.0
 10
175.6489207141148
 20
-325.300000465739
 30
0.0
 10
178.2638207141144
 20
-314.875200465739
 30
0.0
 10
184.4818207141152
 20
-305.789200465739
 30
0.0
 10
194.3080207141147
 20
-298.0431004657389
 30
0.0
 10
194.3080207141147
 20
-298.0431004657389
 30
0.0
 10
190.4701207141142
 20
-290.973000465739
 30
0.0
 10
182.8589207141149
 20
-287.069900465739
 30
0.0
 10
175.6520207141147
 20
-286.3342004657388
 30
0.0
 10
175.6520207141147
 20
-286.3342004657388
 30
0.0
 10
168.4368207141151
 20
-287.069900465739
 30
0.0
 10
160.8267207141143
 20
-290.973000465739
 30
0.0
 10
156.9873207141145
 20
-298.0431004657389
 30
0.0
 10
156.9873207141145
 20
-298.0431004657389
 30
0.0
 10
166.8153207141149
 20
-305.789200465739
 30
0.0
 10
173.0332207141145
 20
-314.875200465739
 30
0.0
 10
175.6489207141148
 20
-325.300000465739
 30
0.0
  0
SPLINE
  5
2E4
330
1F
100
AcDbEntity
  8
Plan 1
 62
    17
100
AcDbSpline
210
0.0
220
0.0
230
1.0
 70
    11
 71
     3
 72
    36
 73
    32
 74
     0
 42
0.0000000001
 43
0.0000000001
 40
0.0
 40
0.0
 40
0.0
 40
0.0
 40
0.1111111111111111
 40
0.1111111111111111
 40
0.1111111111111111
 40
0.1111111111111111
 40
0.2222222222222222
 40
0.2222222222222222
 40
0.2222222222222222
 40
0.2222222222222222
 40
0.3333333333333333
 40
0.3333333333333333
 40
0.3333333333333333
 40
0.3333333333333333
 40
0.4444444444444445
 40
0.4444444444444445
 40
0.4444444444444445
 40
0.4444444444444445
 40
0.5555555555555556
 40
0.5555555555555556
 40
0.5555555555555556
 40
0.5555555555555556
 40
0.6666666666666666
 40
0.6666666666666666
 40
0.6666666666666666
 40
0.6666666666666666
 40
0.7777777777777778
 40
0.7777777777777778
 40
0.7777777777777778
 40
0.7777777777777778
 40
1.0
 40
1.0
 40
1.0
 40
1.0
 10
175.6529207141148
 20
-285.514800465739
 30
0.0
 10
189.357620714115
 20
-276.4537004657388
 30
0.0
 10
201.3422207141148
 20
-279.597100465739
 30
0.0
 10
208.3445207141149
 20
-291.1625004657389
 30
0.0
 10
208.3445207141149
 20
-291.1625004657389
 30
0.0
 10
228.7022207141145
 20
-291.599100465739
 30
0.0
 10
233.8226207141143
 20
-278.0560004657389
 30
0.0
 10
225.6577207141145
 20
-264.295600465739
 30
0.0
 10
225.6577207141145
 20
-264.295600465739
 30
0.0
 10
223.3678207141147
 20
-281.071700465739
 30
0.0
 10
204.104020714115
 20
-268.812800465739
 30
0.0
 10
217.821220714115
 20
-255.776600465739
 30
0.0
 10
217.821220714115
 20
-255.776600465739
 30
0.0
 10
198.4465207141147
 20
-262.280100465739
 30
0.0
 10
184.5644207141149
 20
-257.296500465739
 30
0.0
 10
175.6524207141146
 20
-244.3131004657389
 30
0.0
 10
175.6524207141146
 20
-244.3131004657389
 30
0.0
 10
166.7361207141148
 20
-257.296500465739
 30
0.0
 10
152.8589207141149
 20
-262.280100465739
 30
0.0
 10
133.477220714115
 20
-255.776600465739
 30
0.0
 10
133.477220714115
 20
-255.776600465739
 30
0.0
 10
147.1999207141143
 20
-268.812800465739
 30
0.0
 10
127.9366207141147
 20
-281.071700465739
 30
0.0
 10
125.6425207141146
 20
-264.295600465739
 30
0.0
 10
125.6425207141146
 20
-264.295600465739
 30
0.0
 10
117.4843207141148
 20
-278.0560004657389
 30
0.0
 10
122.6057207141148
 20
-291.599100465739
 30
0.0
 10
142.9531207141144
 20
-291.1625004657389
 30
0.0
 10
142.9531207141144
 20
-291.1625004657389
 30
0.0
 10
149.9639207141144
 20
-279.597100465739
 30
0.0
 10
161.9522207141144
 20
-276.4537004657388
 30
0.0
 10
175.6529207141148
 20
-285.514800465739
 30
0.0
  0
SPLINE
  5
2E5
330
1F
100
AcDbEntity
  8
Plan 1
 62
    17
100
AcDbSpline
210
0.0
220
0.0
230
1.0
 70
    11
 71
     3
 72
    36
 73
    32
 74
     0
 42
0.0000000001
 43
0.0000000001
 40
0.0
 40
0.0
 40
0.0
 40
0.0
 40
0.1111111111111111
 40
0.1111111111111111
 40
0.1111111111111111
 40
0.1111111111111111
 40
0.2222222222222222
 40
0.2222222222222222
 40
0.2222222222222222
 40
0.2222222222222222
 40
0.3333333333333333
 40
0.3333333333333333
 40
0.3333333333333333
 40
0.3333333333333333
 40
0.4444444444444445
 40
0.4444444444444445
 40
0.4444444444444445
 40
0.4444444444444445
 40
0.5555555555555556
 40
0.5555555555555556
 40
0.5555555555555556
 40
0.5555555555555556
 40
0.6666666666666666
 40
0.6666666666666666
 40
0.6666666666666666
 40
0.6666666666666666
 40
0.7777777777777778
 40
0.7777777777777778
 40
0.7777777777777778
 40
0.7777777777777778
 40
1.0
 40
1.0
 40
1.0
 40
1.0
 10
174.7413207141144
 20
-242.9307004657389
 30
0.0
 10
174.6862207141148
 20
-242.8440004657389
 30
0.0
 10
174.6306207141142
 20
-242.7582004657388
 30
0.0
 10
174.5760207141147
 20
-242.6707004657389
 30
0.0
 10
174.5760207141147
 20
-242.6707004657389
 30
0.0
 10
174.934520714115
 20
-242.7205004657389
 30
0.0
 10
175.293320714115
 20
-242.7686004657389
 30
0.0
 10
175.6524207141146
 20
-242.815400465739
 30
0.0
 10
175.6524207141146
 20
-242.815400465739
 30
0.0
 10
176.0118207141149
 20
-242.7687004657389
 30
0.0
 10
176.371120714115
 20
-242.7206004657389
 30
0.0
 10
176.7298207141148
 20
-242.6707004657389
 30
0.0
 10
176.7298207141148
 20
-242.6707004657389
 30
0.0
 10
176.6752207141144
 20
-242.758300465739
 30
0.0
 10
176.619320714115
 20
-242.8440004657389
 30
0.0
 10
176.5642207141145
 20
-242.9308004657389
 30
0.0
 10
176.5642207141145
 20
-242.9308004657389
 30
0.0
 10
186.1425207141146
 20
-244.105400465739
 30
0.0
 10
195.8628207141146
 20
-244.1183004657389
 30
0.0
 10
203.7769207141145
 20
-241.3601004657389
 30
0.0
 10
203.7769207141145
 20
-241.3601004657389
 30
0.0
 10
187.8563207141151
 20
-228.3832004657388
 30
0.0
 10
178.8672207141144
 20
-214.1924004657389
 30
0.0
 10
175.6513207141142
 20
-200.0958004657389
 30
0.0
 10
175.6513207141142
 20
-200.0958004657389
 30
0.0
 10
172.4355207141143
 20
-214.1924004657389
 30
0.0
 10
163.4475207141149
 20
-228.3832004657388
 30
0.0
 10
147.5293207141149
 20
-241.3601004657389
 30
0.0
 10
147.5293207141149
 20
-241.3601004657389
 30
0.0
 10
155.4448207141149
 20
-244.1184004657389
 30
0.0
 10
165.1573207141145
 20
-244.105500465739
 30
0.0
 10
174.7413207141144
 20
-242.9307004657389
 30
0.0
  0
SPLINE
  5
2E6
330
1F
100
AcDbEntity
  8
Plan 1
 62
    17
100
AcDbSpline
210
0.0
220
0.0
230
1.0
 70
    11
 71
     3
 72
    20
 73
    16
 74
     0
 42
0.0000000001
 43
0.0000000001
 40
0.0
 40
0.0
 40
0.0
 40
0.0
 40
0.2
 40
0.2
 40
0.2
 40
0.2
 40
0.4
 40
0.4
 40
0.4
 40
0.4
 40
0.6
 40
0.6
 40
0.6
 40
0.6
 40
1.0
 40
1.0
 40
1.0
 40
1.0
 10
175.6513207141142
 20
-175.9742004657389
 30
0.0
 10
178.490720714115
 20
-163.5091004657388
 30
0.0
 10
185.657520714115
 20
-151.7630004657389
 30
0.0
 10
196.2655207141142
 20
-141.7556004657388
 30
0.0
 10
196.2655207141142
 20
-141.7556004657388
 30
0.0
 10
187.0387207141147
 20
-145.5538004657389
 30
0.0
 10
178.6002207141146
 20
-139.918600465739
 30
0.0
 10
175.6495207141142
 20
-133.3015004657388
 30
0.0
 10
175.6495207141142
 20
-133.3015004657388
 30
0.0
 10
172.6968207141144
 20
-139.918600465739
 30
0.0
 10
164.2575207141144
 20
-145.5538004657389
 30
0.0
 10
155.0346207141147
 20
-141.7556004657388
 30
0.0
 10
155.0346207141147
 20
-141.7556004657388
 30
0.0
 10
165.6446207141143
 20
-151.7630004657389
 30
0.0
 10
172.8118207141151
 20
-163.5091004657388
 30
0.0
 10
175.6513207141142
 20
-175.9742004657389
 30
0.0
  0
SPLINE
  5
2E7
330
1F
100
AcDbEntity
  8
Plan 1
 62
    17
100
AcDbSpline
210
0.0
220
0.0
230
1.0
 70
    11
 71
     3
 72
    52
 73
    48
 74
     0
 42
0.0000000001
 43
0.0000000001
 40
0.0
 40
0.0
 40
0.0
 40
0.0
 40
0.0769230769230769
 40
0.0769230769230769
 40
0.0769230769230769
 40
0.0769230769230769
 40
0.1538461538461539
 40
0.1538461538461539
 40
0.1538461538461539
 40
0.1538461538461539
 40
0.2307692307692308
 40
0.2307692307692308
 40
0.2307692307692308
 40
0.2307692307692308
 40
0.3076923076923077
 40
0.3076923076923077
 40
0.3076923076923077
 40
0.3076923076923077
 40
0.3846153846153846
 40
0.3846153846153846
 40
0.3846153846153846
 40
0.3846153846153846
 40
0.4615384615384616
 40
0.4615384615384616
 40
0.4615384615384616
 40
0.4615384615384616
 40
0.5384615384615385
 40
0.5384615384615385
 40
0.5384615384615385
 40
0.5384615384615385
 40
0.6153846153846155
 40
0.6153846153846155
 40
0.6153846153846155
 40
0.6153846153846155
 40
0.6923076923076924
 40
0.6923076923076924
 40
0.6923076923076924
 40
0.6923076923076924
 40
0.7692307692307693
 40
0.7692307692307693
 40
0.7692307692307693
 40
0.7692307692307693
 40
0.8461538461538461
 40
0.8461538461538461
 40
0.8461538461538461
 40
0.8461538461538461
 40
1.0
 40
1.0
 40
1.0
 40
1.0
 10
175.6508207141141
 20
-124.1393004657388
 30
0.0
 10
176.0071207141145
 20
-123.5294004657389
 30
0.0
 10
176.4504207141144
 20
-122.9535004657389
 30
0.0
 10
176.9923207141146
 20
-122.4244004657389
 30
0.0
 10
176.9923207141146
 20
-122.4244004657389
 30
0.0
 10
179.4688207141153
 20
-120.1728004657389
 30
0.0
 10
181.8425207141144
 20
-118.6919004657388
 30
0.0
 10
184.0155207141142
 20
-117.812700465739
 30
0.0
 10
184.0155207141142
 20
-117.812700465739
 30
0.0
 10
184.0013207141146
 20
-117.6262004657389
 30
0.0
 10
183.9936207141145
 20
-117.4370004657389
 30
0.0
 10
183.9936207141145
 20
-117.2454004657388
 30
0.0
 10
183.9936207141145
 20
-117.2454004657388
 30
0.0
 10
183.9936207141145
 20
-116.6699004657389
 30
0.0
 10
184.0602207141146
 20
-116.1150004657388
 30
0.0
 10
184.182720714115
 20
-115.5942004657388
 30
0.0
 10
184.182720714115
 20
-115.5942004657388
 30
0.0
 10
181.9648207141144
 20
-114.7243004657389
 30
0.0
 10
179.5321207141151
 20
-113.223000465739
 30
0.0
 10
176.9923207141146
 20
-110.9139004657388
 30
0.0
 10
176.9923207141146
 20
-110.9139004657388
 30
0.0
 10
176.4504207141144
 20
-110.3848004657388
 30
0.0
 10
176.0072207141147
 20
-109.8085004657389
 30
0.0
 10
175.6508207141141
 20
-109.198600465739
 30
0.0
 10
175.6508207141141
 20
-109.198600465739
 30
0.0
 10
175.2945207141147
 20
-109.8085004657389
 30
0.0
 10
174.8518207141151
 20
-110.3848004657388
 30
0.0
 10
174.3099207141149
 20
-110.9139004657388
 30
0.0
 10
174.3099207141149
 20
-110.9139004657388
 30
0.0
 10
171.7702207141146
 20
-113.223000465739
 30
0.0
 10
169.3383207141151
 20
-114.7243004657389
 30
0.0
 10
167.1161207141149
 20
-115.5942004657388
 30
0.0
 10
167.1161207141149
 20
-115.5942004657388
 30
0.0
 10
167.247920714115
 20
-116.1150004657388
 30
0.0
 10
167.3078207141143
 20
-116.6699004657389
 30
0.0
 10
167.3078207141143
 20
-117.2454004657388
 30
0.0
 10
167.3078207141143
 20
-117.2454004657388
 30
0.0
 10
167.3078207141143
 20
-117.4370004657389
 30
0.0
 10
167.2958207141146
 20
-117.6262004657389
 30
0.0
 10
167.2838207141149
 20
-117.812700465739
 30
0.0
 10
167.2838207141149
 20
-117.812700465739
 30
0.0
 10
169.4581207141145
 20
-118.6919004657388
 30
0.0
 10
171.8361207141142
 20
-120.1728004657389
 30
0.0
 10
174.3099207141149
 20
-122.4244004657389
 30
0.0
 10
174.3099207141149
 20
-122.4244004657389
 30
0.0
 10
174.8518207141151
 20
-122.9535004657389
 30
0.0
 10
175.2946207141149
 20
-123.5294004657389
 30
0.0
 10
175.6508207141141
 20
-124.1393004657388
 30
0.0
  0
SPLINE
  5
2E8
330
1F
100
AcDbEntity
  8
Plan 1
 62
    17
100
AcDbSpline
210
0.0
220
0.0
230
1.0
 70
    11
 71
     3
 72
    20
 73
    16
 74
     0
 42
0.0000000001
 43
0.0000000001
 40
0.0
 40
0.0
 40
0.0
 40
0.0
 40
0.2
 40
0.2
 40
0.2
 40
0.2
 40
0.4
 40
0.4
 40
0.4
 40
0.4
 40
0.6
 40
0.6
 40
0.6
 40
0.6
 40
1.0
 40
1.0
 40
1.0
 40
1.0
 10
175.6495207141142
 20
-100.0362004657388
 30
0.0
 10
178.5994207141148
 20
-93.41950046573902
 30
0.0
 10
187.0387207141147
 20
-87.78440046573882
 30
0.0
 10
196.2655207141142
 20
-91.582600465739
 30
0.0
 10
196.2655207141142
 20
-91.582600465739
 30
0.0
 10
185.657520714115
 20
-81.57520046573882
 30
0.0
 10
178.492520714115
 20
-69.82880046573882
 30
0.0
 10
175.6513207141142
 20
-57.36370046573893
 30
0.0
 10
175.6513207141142
 20
-57.36370046573893
 30
0.0
 10
172.8100207141142
 20
-69.82880046573882
 30
0.0
 10
165.6446207141143
 20
-81.57520046573882
 30
0.0
 10
155.0346207141147
 20
-91.582600465739
 30
0.0
 10
155.0346207141147
 20
-91.582600465739
 30
0.0
 10
164.2575207141144
 20
-87.78440046573882
 30
0.0
 10
172.6978207141146
 20
-93.41950046573902
 30
0.0
 10
175.6495207141142
 20
-100.0362004657388
 30
0.0
  0
SPLINE
  5
2E9
330
1F
100
AcDbEntity
  8
Plan 1
 62
    17
100
AcDbSpline
210
0.0
220
0.0
230
1.0
 70
    11
 71
     3
 72
    36
 73
    32
 74
     0
 42
0.0000000001
 43
0.0000000001
 40
0.0
 40
0.0
 40
0.0
 40
0.0
 40
0.1111111111111111
 40
0.1111111111111111
 40
0.1111111111111111
 40
0.1111111111111111
 40
0.2222222222222222
 40
0.2222222222222222
 40
0.2222222222222222
 40
0.2222222222222222
 40
0.3333333333333333
 40
0.3333333333333333
 40
0.3333333333333333
 40
0.3333333333333333
 40
0.4444444444444445
 40
0.4444444444444445
 40
0.4444444444444445
 40
0.4444444444444445
 40
0.5555555555555556
 40
0.5555555555555556
 40
0.5555555555555556
 40
0.5555555555555556
 40
0.6666666666666666
 40
0.6666666666666666
 40
0.6666666666666666
 40
0.6666666666666666
 40
0.7777777777777778
 40
0.7777777777777778
 40
0.7777777777777778
 40
0.7777777777777778
 40
1.0
 40
1.0
 40
1.0
 40
1.0
 10
175.6513207141142
 20
-33.24200046573901
 30
0.0
 10
178.8655207141146
 20
-19.14570046573885
 30
0.0
 10
187.8563207141151
 20
-4.955000465738976
 30
0.0
 10
203.7769207141145
 20
8.021999534261112
 30
0.0
 10
203.7769207141145
 20
8.021999534261112
 30
0.0
 10
195.8629207141148
 20
10.78009953426112
 30
0.0
 10
186.1425207141146
 20
10.76769953426105
 30
0.0
 10
176.5641207141143
 20
9.592999534261025
 30
0.0
 10
176.5641207141143
 20
9.592999534261025
 30
0.0
 10
176.6192207141148
 20
9.506099534261011
 30
0.0
 10
176.6752207141144
 20
9.420199534260973
 30
0.0
 10
176.7298207141148
 20
9.332599534261134
 30
0.0
 10
176.7298207141148
 20
9.332599534261134
 30
0.0
 10
176.371120714115
 20
9.382399534260912
 30
0.0
 10
176.0117207141147
 20
9.430799534261041
 30
0.0
 10
175.6524207141146
 20
9.477599534261116
 30
0.0
 10
175.6524207141146
 20
9.477599534261116
 30
0.0
 10
175.2932207141148
 20
9.430799534261041
 30
0.0
 10
174.934520714115
 20
9.382399534260912
 30
0.0
 10
174.5760207141147
 20
9.332599534261134
 30
0.0
 10
174.5760207141147
 20
9.332599534261134
 30
0.0
 10
174.6306207141142
 20
9.420099534260998
 30
0.0
 10
174.686320714115
 20
9.505899534261061
 30
0.0
 10
174.7413207141144
 20
9.592799534261075
 30
0.0
 10
174.7413207141144
 20
9.592799534261075
 30
0.0
 10
165.1573207141145
 20
10.76759953426108
 30
0.0
 10
155.4448207141149
 20
10.78029953426107
 30
0.0
 10
147.5293207141149
 20
8.021999534261112
 30
0.0
 10
147.5293207141149
 20
8.021999534261112
 30
0.0
 10
163.4475207141149
 20
-4.955000465738976
 30
0.0
 10
172.4373207141143
 20
-19.14570046573885
 30
0.0
 10
175.6513207141142
 20
-33.24200046573901
 30
0.0
  0
SPLINE
  5
2EA
330
1F
100
AcDbEntity
  8
Plan 1
 62
    17
100
AcDbSpline
210
0.0
220
0.0
230
1.0
 70
    11
 71
     3
 72
    36
 73
    32
 74
     0
 42
0.0000000001
 43
0.0000000001
 40
0.0
 40
0.0
 40
0.0
 40
0.0
 40
0.1111111111111111
 40
0.1111111111111111
 40
0.1111111111111111
 40
0.1111111111111111
 40
0.2222222222222222
 40
0.2222222222222222
 40
0.2222222222222222
 40
0.2222222222222222
 40
0.3333333333333333
 40
0.3333333333333333
 40
0.3333333333333333
 40
0.3333333333333333
 40
0.4444444444444445
 40
0.4444444444444445
 40
0.4444444444444445
 40
0.4444444444444445
 40
0.5555555555555556
 40
0.5555555555555556
 40
0.5555555555555556
 40
0.5555555555555556
 40
0.6666666666666666
 40
0.6666666666666666
 40
0.6666666666666666
 40
0.6666666666666666
 40
0.7777777777777778
 40
0.7777777777777778
 40
0.7777777777777778
 40
0.7777777777777778
 40
1.0
 40
1.0
 40
1.0
 40
1.0
 10
175.6524207141146
 20
10.97539953426121
 30
0.0
 10
184.5644207141149
 20
23.95879953426106
 30
0.0
 10
198.4465207141147
 20
28.94189953426098
 30
0.0
 10
217.821220714115
 20
22.43839953426118
 30
0.0
 10
217.821220714115
 20
22.43839953426118
 30
0.0
 10
204.104020714115
 20
35.47459953426119
 30
0.0
 10
223.3678207141147
 20
47.73339953426102
 30
0.0
 10
225.6577207141145
 20
30.95729953426098
 30
0.0
 10
225.6577207141145
 20
30.95729953426098
 30
0.0
 10
233.8226207141143
 20
44.71779953426107
 30
0.0
 10
228.7022207141145
 20
58.26099953426115
 30
0.0
 10
208.3445207141149
 20
57.82429953426117
 30
0.0
 10
208.3445207141149
 20
57.82429953426117
 30
0.0
 10
201.3422207141148
 20
46.25879953426101
 30
0.0
 10
189.357620714115
 20
43.11569953426101
 30
0.0
 10
175.6529207141148
 20
52.17689953426111
 30
0.0
 10
175.6529207141148
 20
52.17689953426111
 30
0.0
 10
161.9522207141144
 20
43.11569953426101
 30
0.0
 10
149.9639207141144
 20
46.25879953426101
 30
0.0
 10
142.9531207141144
 20
57.82429953426117
 30
0.0
 10
142.9531207141144
 20
57.82429953426117
 30
0.0
 10
122.6057207141148
 20
58.26099953426115
 30
0.0
 10
117.4843207141148
 20
44.71779953426107
 30
0.0
 10
125.6425207141146
 20
30.95729953426098
 30
0.0
 10
125.6425207141146
 20
30.95729953426098
 30
0.0
 10
127.9366207141147
 20
47.73339953426102
 30
0.0
 10
147.1999207141143
 20
35.47459953426119
 30
0.0
 10
133.477220714115
 20
22.43839953426118
 30
0.0
 10
133.477220714115
 20
22.43839953426118
 30
0.0
 10
152.8589207141149
 20
28.94189953426098
 30
0.0
 10
166.736220714115
 20
23.95879953426106
 30
0.0
 10
175.6524207141146
 20
10.97539953426121
 30
0.0
  0
SPLINE
  5
2EB
330
1F
100
AcDbEntity
  8
Plan 1
 62
    17
100
AcDbSpline
210
0.0
220
0.0
230
1.0
 70
    11
 71
     3
 72
    20
 73
    16
 74
     0
 42
0.0000000001
 43
0.0000000001
 40
0.0
 40
0.0
 40
0.0
 40
0.0
 40
0.2
 40
0.2
 40
0.2
 40
0.2
 40
0.4
 40
0.4
 40
0.4
 40
0.4
 40
0.6
 40
0.6
 40
0.6
 40
0.6
 40
1.0
 40
1.0
 40
1.0
 40
1.0
 10
175.6520207141147
 20
52.99639953426094
 30
0.0
 10
182.8589207141149
 20
53.73199953426115
 30
0.0
 10
190.4701207141142
 20
57.63479953426099
 30
0.0
 10
194.3080207141147
 20
64.70489953426113
 30
0.0
 10
194.3080207141147
 20
64.70489953426113
 30
0.0
 10
184.4818207141152
 20
72.45099953426097
 30
0.0
 10
178.264120714115
 20
81.53759953426106
 30
0.0
 10
175.6489207141148
 20
91.9622995342611
 30
0.0
 10
175.6489207141148
 20
91.9622995342611
 30
0.0
 10
173.0328207141146
 20
81.53759953426106
 30
0.0
 10
166.8153207141149
 20
72.45099953426097
 30
0.0
 10
156.9873207141145
 20
64.70489953426113
 30
0.0
 10
156.9873207141145
 20
64.70489953426113
 30
0.0
 10
160.8267207141143
 20
57.63479953426099
 30
0.0
 10
168.4368207141151
 20
53.73199953426115
 30
0.0
 10
175.6520207141147
 20
52.99639953426094
 30
0.0
  0
SPLINE
  5
2EC
330
1F
100
AcDbEntity
  8
Plan 1
 62
    17
100
AcDbSpline
210
0.0
220
0.0
230
1.0
 70
    11
 71
     3
 72
    28
 73
    24
 74
     0
 42
0.0000000001
 43
0.0000000001
 40
0.0
 40
0.0
 40
0.0
 40
0.0
 40
0.1428571428571428
 40
0.1428571428571428
 40
0.1428571428571428
 40
0.1428571428571428
 40
0.2857142857142857
 40
0.2857142857142857
 40
0.2857142857142857
 40
0.2857142857142857
 40
0.4285714285714285
 40
0.4285714285714285
 40
0.4285714285714285
 40
0.4285714285714285
 40
0.5714285714285714
 40
0.5714285714285714
 40
0.5714285714285714
 40
0.5714285714285714
 40
0.7142857142857144
 40
0.7142857142857144
 40
0.7142857142857144
 40
0.7142857142857144
 40
1.0
 40
1.0
 40
1.0
 40
1.0
 10
175.6506207141146
 20
116.7842995342612
 30
0.0
 10
175.8579207141147
 20
117.7645995342609
 30
0.0
 10
176.0870207141142
 20
118.752499534261
 30
0.0
 10
176.3397207141142
 20
119.749599534261
 30
0.0
 10
176.3397207141142
 20
119.749599534261
 30
0.0
 10
180.0244207141149
 20
133.5369995342612
 30
0.0
 10
195.6834207141146
 20
145.083199534261
 30
0.0
 10
187.7759207141144
 20
160.3776995342609
 30
0.0
 10
187.7759207141144
 20
160.3776995342609
 30
0.0
 10
184.4285207141147
 20
153.5768995342609
 30
0.0
 10
178.6550207141145
 20
152.8560995342609
 30
0.0
 10
175.6504207141142
 20
158.7331995342611
 30
0.0
 10
175.6504207141142
 20
158.7331995342611
 30
0.0
 10
172.6451207141144
 20
152.8560995342609
 30
0.0
 10
166.8730207141143
 20
153.5768995342609
 30
0.0
 10
163.522220714115
 20
160.3776995342609
 30
0.0
 10
163.522220714115
 20
160.3776995342609
 30
0.0
 10
155.6156207141148
 20
145.083199534261
 30
0.0
 10
171.2790207141142
 20
133.5369995342612
 30
0.0
 10
174.9628207141149
 20
119.749599534261
 30
0.0
 10
174.9628207141149
 20
119.749599534261
 30
0.0
 10
175.2152207141143
 20
118.752499534261
 30
0.0
 10
175.443520714115
 20
117.7645995342609
 30
0.0
 10
175.6506207141146
 20
116.7842995342612
 30
0.0
  0
SPLINE
  5
2ED
330
1F
100
AcDbEntity
  8
Plan 1
 62
    17
100
AcDbSpline
210
0.0
220
0.0
230
1.0
 70
    11
 71
     3
 72
    36
 73
    32
 74
     0
 42
0.0000000001
 43
0.0000000001
 40
0.0
 40
0.0
 40
0.0
 40
0.0
 40
0.1111111111111111
 40
0.1111111111111111
 40
0.1111111111111111
 40
0.1111111111111111
 40
0.2222222222222222
 40
0.2222222222222222
 40
0.2222222222222222
 40
0.2222222222222222
 40
0.3333333333333333
 40
0.3333333333333333
 40
0.3333333333333333
 40
0.3333333333333333
 40
0.4444444444444445
 40
0.4444444444444445
 40
0.4444444444444445
 40
0.4444444444444445
 40
0.5555555555555556
 40
0.5555555555555556
 40
0.5555555555555556
 40
0.5555555555555556
 40
0.6666666666666666
 40
0.6666666666666666
 40
0.6666666666666666
 40
0.6666666666666666
 40
0.7777777777777778
 40
0.7777777777777778
 40
0.7777777777777778
 40
0.7777777777777778
 40
1.0
 40
1.0
 40
1.0
 40
1.0
 10
175.6496207141144
 20
169.8352995342611
 30
0.0
 10
177.4403207141149
 20
173.1013995342609
 30
0.0
 10
180.5394207141144
 20
175.2428995342611
 30
0.0
 10
183.9974207141149
 20
176.1597995342608
 30
0.0
 10
183.9974207141149
 20
176.1597995342608
 30
0.0
 10
183.9951207141148
 20
176.2344995342609
 30
0.0
 10
183.9936207141145
 20
176.309399534261
 30
0.0
 10
183.9936207141145
 20
176.3848995342609
 30
0.0
 10
183.9936207141145
 20
176.3848995342609
 30
0.0
 10
183.9936207141145
 20
176.648399534261
 30
0.0
 10
184.0081207141147
 20
176.9075995342609
 30
0.0
 10
184.0349207141144
 20
177.160999534261
 30
0.0
 10
184.0349207141144
 20
177.160999534261
 30
0.0
 10
180.5621207141148
 20
178.0729995342612
 30
0.0
 10
177.4474207141147
 20
180.2185995342611
 30
0.0
 10
175.6502207141148
 20
183.4955995342611
 30
0.0
 10
175.6502207141148
 20
183.4955995342611
 30
0.0
 10
173.8537207141144
 20
180.2185995342611
 30
0.0
 10
170.7421207141142
 20
178.0729995342612
 30
0.0
 10
167.2658207141148
 20
177.160999534261
 30
0.0
 10
167.2658207141148
 20
177.160999534261
 30
0.0
 10
167.2958207141146
 20
176.9075995342609
 30
0.0
 10
167.3078207141143
 20
176.648399534261
 30
0.0
 10
167.3078207141143
 20
176.3848995342609
 30
0.0
 10
167.3078207141143
 20
176.3848995342609
 30
0.0
 10
167.3078207141143
 20
176.309399534261
 30
0.0
 10
167.3078207141143
 20
176.2344995342609
 30
0.0
 10
167.2958207141146
 20
176.1597995342608
 30
0.0
 10
167.2958207141146
 20
176.1597995342608
 30
0.0
 10
170.7602207141144
 20
175.2428995342611
 30
0.0
 10
173.8584207141148
 20
173.1013995342609
 30
0.0
 10
175.6496207141144
 20
169.8352995342611
 30
0.0
  0
SPLINE
  5
2EE
330
1F
100
AcDbEntity
  8
Plan 1
 62
    17
100
AcDbSpline
210
0.0
220
0.0
230
1.0
 70
    11
 71
     3
 72
    28
 73
    24
 74
     0
 42
0.0000000001
 43
0.0000000001
 40
0.0
 40
0.0
 40
0.0
 40
0.0
 40
0.1428571428571428
 40
0.1428571428571428
 40
0.1428571428571428
 40
0.1428571428571428
 40
0.2857142857142857
 40
0.2857142857142857
 40
0.2857142857142857
 40
0.2857142857142857
 40
0.4285714285714285
 40
0.4285714285714285
 40
0.4285714285714285
 40
0.4285714285714285
 40
0.5714285714285714
 40
0.5714285714285714
 40
0.5714285714285714
 40
0.5714285714285714
 40
0.7142857142857144
 40
0.7142857142857144
 40
0.7142857142857144
 40
0.7142857142857144
 40
1.0
 40
1.0
 40
1.0
 40
1.0
 10
175.6504207141142
 20
194.5979995342609
 30
0.0
 10
178.6550207141145
 20
200.4751995342612
 30
0.0
 10
184.4285207141147
 20
199.7528995342609
 30
0.0
 10
187.7759207141144
 20
192.9488995342613
 30
0.0
 10
187.7759207141144
 20
192.9488995342613
 30
0.0
 10
195.6834207141146
 20
208.2462995342612
 30
0.0
 10
180.0244207141149
 20
219.7986995342612
 30
0.0
 10
176.3397207141142
 20
233.5844995342609
 30
0.0
 10
176.3397207141142
 20
233.5844995342609
 30
0.0
 10
176.0870207141142
 20
234.581399534261
 30
0.0
 10
175.8580207141149
 20
235.5695995342612
 30
0.0
 10
175.6506207141146
 20
236.549699534261
 30
0.0
 10
175.6506207141146
 20
236.549699534261
 30
0.0
 10
175.4434207141148
 20
235.5695995342612
 30
0.0
 10
175.2152207141143
 20
234.581399534261
 30
0.0
 10
174.9628207141149
 20
233.5844995342609
 30
0.0
 10
174.9628207141149
 20
233.5844995342609
 30
0.0
 10
171.2790207141142
 20
219.7986995342612
 30
0.0
 10
155.6156207141148
 20
208.2462995342612
 30
0.0
 10
163.522220714115
 20
192.9488995342613
 30
0.0
 10
163.522220714115
 20
192.9488995342613
 30
0.0
 10
166.8730207141143
 20
199.7528995342609
 30
0.0
 10
172.6451207141144
 20
200.4751995342612
 30
0.0
 10
175.6504207141142
 20
194.5979995342609
 30
0.0
  0
SPLINE
  5
2EF
330
1F
100
AcDbEntity
  8
Plan 1
 62
    17
100
AcDbSpline
210
0.0
220
0.0
230
1.0
 70
    11
 71
     3
 72
    20
 73
    16
 74
     0
 42
0.0000000001
 43
0.0000000001
 40
0.0
 40
0.0
 40
0.0
 40
0.0
 40
0.2
 40
0.2
 40
0.2
 40
0.2
 40
0.4
 40
0.4
 40
0.4
 40
0.4
 40
0.6
 40
0.6
 40
0.6
 40
0.6
 40
1.0
 40
1.0
 40
1.0
 40
1.0
 10
175.6489207141148
 20
261.3708995342613
 30
0.0
 10
178.2638207141144
 20
271.7956995342611
 30
0.0
 10
184.4818207141152
 20
280.8809995342613
 30
0.0
 10
194.3080207141147
 20
288.6215995342609
 30
0.0
 10
194.3080207141147
 20
288.6215995342609
 30
0.0
 10
190.4701207141142
 20
295.6866995342612
 30
0.0
 10
182.8589207141149
 20
299.598699534261
 30
0.0
 10
175.6520207141147
 20
300.3341995342612
 30
0.0
 10
175.6520207141147
 20
300.3341995342612
 30
0.0
 10
168.4368207141151
 20
299.598699534261
 30
0.0
 10
160.8267207141143
 20
295.6866995342612
 30
0.0
 10
156.9873207141145
 20
288.6215995342609
 30
0.0
 10
156.9873207141145
 20
288.6215995342609
 30
0.0
 10
166.8153207141149
 20
280.8809995342613
 30
0.0
 10
173.0332207141145
 20
271.7956995342611
 30
0.0
 10
175.6489207141148
 20
261.3708995342613
 30
0.0
  0
SPLINE
  5
2F0
330
1F
100
AcDbEntity
  8
Plan 1
 62
    17
100
AcDbSpline
210
0.0
220
0.0
230
1.0
 70
    11
 71
     3
 72
    36
 73
    32
 74
     0
 42
0.0000000001
 43
0.0000000001
 40
0.0
 40
0.0
 40
0.0
 40
0.0
 40
0.1111111111111111
 40
0.1111111111111111
 40
0.1111111111111111
 40
0.1111111111111111
 40
0.2222222222222222
 40
0.2222222222222222
 40
0.2222222222222222
 40
0.2222222222222222
 40
0.3333333333333333
 40
0.3333333333333333
 40
0.3333333333333333
 40
0.3333333333333333
 40
0.4444444444444445
 40
0.4444444444444445
 40
0.4444444444444445
 40
0.4444444444444445
 40
0.5555555555555556
 40
0.5555555555555556
 40
0.5555555555555556
 40
0.5555555555555556
 40
0.6666666666666666
 40
0.6666666666666666
 40
0.6666666666666666
 40
0.6666666666666666
 40
0.7777777777777778
 40
0.7777777777777778
 40
0.7777777777777778
 40
0.7777777777777778
 40
1.0
 40
1.0
 40
1.0
 40
1.0
 10
175.6529207141148
 20
301.153999534261
 30
0.0
 10
189.357620714115
 20
310.220799534261
 30
0.0
 10
201.3422207141148
 20
307.0679995342612
 30
0.0
 10
208.3445207141149
 20
295.5075995342609
 30
0.0
 10
208.3445207141149
 20
295.5075995342609
 30
0.0
 10
228.7022207141145
 20
295.0686995342612
 30
0.0
 10
233.8226207141143
 20
308.619199534261
 30
0.0
 10
225.6577207141145
 20
322.3755995342612
 30
0.0
 10
225.6577207141145
 20
322.3755995342612
 30
0.0
 10
223.3678207141147
 20
305.5958995342612
 30
0.0
 10
204.104020714115
 20
317.8631995342612
 30
0.0
 10
217.821220714115
 20
330.8887995342611
 30
0.0
 10
217.821220714115
 20
330.8887995342611
 30
0.0
 10
198.4465207141147
 20
324.379299534261
 30
0.0
 10
184.5644207141149
 20
329.3652995342609
 30
0.0
 10
175.6524207141146
 20
342.3566995342612
 30
0.0
 10
175.6524207141146
 20
342.3566995342612
 30
0.0
 10
166.7361207141148
 20
329.3652995342609
 30
0.0
 10
152.8589207141149
 20
324.379299534261
 30
0.0
 10
133.477220714115
 20
330.8887995342611
 30
0.0
 10
133.477220714115
 20
330.8887995342611
 30
0.0
 10
147.1999207141143
 20
317.8631995342612
 30
0.0
 10
127.9366207141147
 20
305.5958995342612
 30
0.0
 10
125.6425207141146
 20
322.3755995342612
 30
0.0
 10
125.6425207141146
 20
322.3755995342612
 30
0.0
 10
117.4843207141148
 20
308.619199534261
 30
0.0
 10
122.6057207141148
 20
295.0686995342612
 30
0.0
 10
142.9531207141144
 20
295.5075995342609
 30
0.0
 10
142.9531207141144
 20
295.5075995342609
 30
0.0
 10
149.9639207141144
 20
307.0679995342612
 30
0.0
 10
161.9522207141144
 20
310.220799534261
 30
0.0
 10
175.6529207141148
 20
301.153999534261
 30
0.0
  0
SPLINE
  5
2F1
330
1F
100
AcDbEntity
  8
Plan 1
 62
    17
100
AcDbSpline
210
0.0
220
0.0
230
1.0
 70
    11
 71
     3
 72
    36
 73
    32
 74
     0
 42
0.0000000001
 43
0.0000000001
 40
0.0
 40
0.0
 40
0.0
 40
0.0
 40
0.1111111111111111
 40
0.1111111111111111
 40
0.1111111111111111
 40
0.1111111111111111
 40
0.2222222222222222
 40
0.2222222222222222
 40
0.2222222222222222
 40
0.2222222222222222
 40
0.3333333333333333
 40
0.3333333333333333
 40
0.3333333333333333
 40
0.3333333333333333
 40
0.4444444444444445
 40
0.4444444444444445
 40
0.4444444444444445
 40
0.4444444444444445
 40
0.5555555555555556
 40
0.5555555555555556
 40
0.5555555555555556
 40
0.5555555555555556
 40
0.6666666666666666
 40
0.6666666666666666
 40
0.6666666666666666
 40
0.6666666666666666
 40
0.7777777777777778
 40
0.7777777777777778
 40
0.7777777777777778
 40
0.7777777777777778
 40
1.0
 40
1.0
 40
1.0
 40
1.0
 10
174.7413207141144
 20
343.7399995342612
 30
0.0
 10
174.6862207141148
 20
343.8267995342612
 30
0.0
 10
174.6306207141142
 20
343.9125995342611
 30
0.0
 10
174.5760207141147
 20
344.0001995342609
 30
0.0
 10
174.5760207141147
 20
344.0001995342609
 30
0.0
 10
174.934520714115
 20
343.9502995342609
 30
0.0
 10
175.2932207141148
 20
343.9021995342609
 30
0.0
 10
175.6524207141146
 20
343.8553995342613
 30
0.0
 10
175.6524207141146
 20
343.8553995342613
 30
0.0
 10
176.0118207141149
 20
343.9021995342609
 30
0.0
 10
176.3710207141148
 20
343.9502995342609
 30
0.0
 10
176.7298207141148
 20
344.0001995342609
 30
0.0
 10
176.7298207141148
 20
344.0001995342609
 30
0.0
 10
176.6752207141144
 20
343.9125995342611
 30
0.0
 10
176.619320714115
 20
343.8267995342612
 30
0.0
 10
176.5642207141145
 20
343.739899534261
 30
0.0
 10
176.5642207141145
 20
343.739899534261
 30
0.0
 10
186.1425207141146
 20
342.5639995342613
 30
0.0
 10
195.8628207141146
 20
342.5488995342612
 30
0.0
 10
203.7769207141145
 20
345.3127995342611
 30
0.0
 10
203.7769207141145
 20
345.3127995342611
 30
0.0
 10
187.8563207141151
 20
358.285999534261
 30
0.0
 10
178.8672207141144
 20
372.4747995342609
 30
0.0
 10
175.6513207141142
 20
386.5707995342609
 30
0.0
 10
175.6513207141142
 20
386.5707995342609
 30
0.0
 10
172.4355207141143
 20
372.4747995342609
 30
0.0
 10
163.4475207141149
 20
358.285999534261
 30
0.0
 10
147.5293207141149
 20
345.3127995342611
 30
0.0
 10
147.5293207141149
 20
345.3127995342611
 30
0.0
 10
155.4448207141149
 20
342.548799534261
 30
0.0
 10
165.1573207141145
 20
342.5639995342613
 30
0.0
 10
174.7413207141144
 20
343.7399995342612
 30
0.0
  0
SPLINE
  5
2F2
330
1F
100
AcDbEntity
  8
Plan 1
 62
    17
100
AcDbSpline
210
0.0
220
0.0
230
1.0
 70
    11
 71
     3
 72
    20
 73
    16
 74
     0
 42
0.0000000001
 43
0.0000000001
 40
0.0
 40
0.0
 40
0.0
 40
0.0
 40
0.2
 40
0.2
 40
0.2
 40
0.2
 40
0.4
 40
0.4
 40
0.4
 40
0.4
 40
0.6
 40
0.6
 40
0.6
 40
0.6
 40
1.0
 40
1.0
 40
1.0
 40
1.0
 10
175.6513207141142
 20
410.6926995342609
 30
0.0
 10
178.490720714115
 20
423.1585995342611
 30
0.0
 10
185.657520714115
 20
434.906299534261
 30
0.0
 10
196.2655207141142
 20
444.9161995342611
 30
0.0
 10
196.2655207141142
 20
444.9161995342611
 30
0.0
 10
187.0387207141147
 20
441.1169995342611
 30
0.0
 10
178.6002207141146
 20
446.7523995342608
 30
0.0
 10
175.6495207141142
 20
453.3683995342612
 30
0.0
 10
175.6495207141142
 20
453.3683995342612
 30
0.0
 10
172.6968207141144
 20
446.7523995342608
 30
0.0
 10
164.2575207141144
 20
441.1169995342611
 30
0.0
 10
155.0346207141147
 20
444.9161995342611
 30
0.0
 10
155.0346207141147
 20
444.9161995342611
 30
0.0
 10
165.6446207141143
 20
434.906299534261
 30
0.0
 10
172.8118207141151
 20
423.1585995342611
 30
0.0
 10
175.6513207141142
 20
410.6926995342609
 30
0.0
  0
SPLINE
  5
2F3
330
1F
100
AcDbEntity
  8
Plan 1
 62
    17
100
AcDbSpline
210
0.0
220
0.0
230
1.0
 70
    11
 71
     3
 72
    52
 73
    48
 74
     0
 42
0.0000000001
 43
0.0000000001
 40
0.0
 40
0.0
 40
0.0
 40
0.0
 40
0.0769230769230769
 40
0.0769230769230769
 40
0.0769230769230769
 40
0.0769230769230769
 40
0.1538461538461539
 40
0.1538461538461539
 40
0.1538461538461539
 40
0.1538461538461539
 40
0.2307692307692308
 40
0.2307692307692308
 40
0.2307692307692308
 40
0.2307692307692308
 40
0.3076923076923077
 40
0.3076923076923077
 40
0.3076923076923077
 40
0.3076923076923077
 40
0.3846153846153846
 40
0.3846153846153846
 40
0.3846153846153846
 40
0.3846153846153846
 40
0.4615384615384616
 40
0.4615384615384616
 40
0.4615384615384616
 40
0.4615384615384616
 40
0.5384615384615385
 40
0.5384615384615385
 40
0.5384615384615385
 40
0.5384615384615385
 40
0.6153846153846155
 40
0.6153846153846155
 40
0.6153846153846155
 40
0.6153846153846155
 40
0.6923076923076924
 40
0.6923076923076924
 40
0.6923076923076924
 40
0.6923076923076924
 40
0.7692307692307693
 40
0.7692307692307693
 40
0.7692307692307693
 40
0.7692307692307693
 40
0.8461538461538461
 40
0.8461538461538461
 40
0.8461538461538461
 40
0.8461538461538461
 40
1.0
 40
1.0
 40
1.0
 40
1.0
 10
192.0731207141143
 20
-117.362400465739
 30
0.0
 10
196.7891207141147
 20
-119.3020004657389
 30
0.0
 10
197.2883207141149
 20
-125.5920004657389
 30
0.0
 10
189.4059207141145
 20
-129.3050004657389
 30
0.0
 10
189.4059207141145
 20
-129.3050004657389
 30
0.0
 10
195.7199207141148
 20
-132.7995004657389
 30
0.0
 10
205.6293207141143
 20
-134.2381004657388
 30
0.0
 10
212.9207207141144
 20
-131.270900465739
 30
0.0
 10
212.9207207141144
 20
-131.270900465739
 30
0.0
 10
236.9795207141151
 20
-117.7787004657389
 30
0.0
 10
261.5779207141149
 20
-122.367000465739
 30
0.0
 10
287.3828207141141
 20
-134.2196004657387
 30
0.0
 10
287.3828207141141
 20
-134.2196004657387
 30
0.0
 10
288.1709207141148
 20
-124.1175004657389
 30
0.0
 10
294.9377207141142
 20
-118.0716004657388
 30
0.0
 10
302.5425207141143
 20
-116.8858004657388
 30
0.0
 10
302.5425207141143
 20
-116.8858004657388
 30
0.0
 10
302.5372207141145
 20
-116.8142004657388
 30
0.0
 10
302.534320714115
 20
-116.742100465739
 30
0.0
 10
302.534320714115
 20
-116.6692004657388
 30
0.0
 10
302.534320714115
 20
-116.6692004657388
 30
0.0
 10
302.534320714115
 20
-116.596200465739
 30
0.0
 10
302.5372207141145
 20
-116.5234004657388
 30
0.0
 10
302.5425207141143
 20
-116.4519004657388
 30
0.0
 10
302.5425207141143
 20
-116.4519004657388
 30
0.0
 10
294.9377207141142
 20
-115.2662004657388
 30
0.0
 10
288.1709207141148
 20
-109.2206004657389
 30
0.0
 10
287.3828207141141
 20
-99.11850046573887
 30
0.0
 10
287.3828207141141
 20
-99.11850046573887
 30
0.0
 10
261.5779207141149
 20
-110.9713004657389
 30
0.0
 10
236.9795207141151
 20
-115.5596004657388
 30
0.0
 10
212.9207207141144
 20
-102.0673004657389
 30
0.0
 10
212.9207207141144
 20
-102.0673004657389
 30
0.0
 10
205.6293207141143
 20
-99.10000046573896
 30
0.0
 10
195.7199207141148
 20
-100.5387004657389
 30
0.0
 10
189.4059207141145
 20
-104.0333004657389
 30
0.0
 10
189.4059207141145
 20
-104.0333004657389
 30
0.0
 10
197.3446207141151
 20
-107.7727004657388
 30
0.0
 10
196.7811207141149
 20
-114.125100465739
 30
0.0
 10
191.9711207141144
 20
-116.0157004657389
 30
0.0
 10
191.9711207141144
 20
-116.0157004657389
 30
0.0
 10
192.0386207141146
 20
-116.4109004657389
 30
0.0
 10
192.0741207141145
 20
-116.822600465739
 30
0.0
 10
192.0741207141145
 20
-117.2454004657388
 30
0.0
 10
192.0741207141145
 20
-117.2454004657388
 30
0.0
 10
192.0741207141145
 20
-117.2846004657388
 30
0.0
 10
192.0737207141146
 20
-117.323500465739
 30
0.0
 10
192.0731207141143
 20
-117.362400465739
 30
0.0
  0
SPLINE
  5
2F4
330
1F
100
AcDbEntity
  8
Plan 1
 62
    17
100
AcDbSpline
210
0.0
220
0.0
230
1.0
 70
    11
 71
     3
 72
    52
 73
    48
 74
     0
 42
0.0000000001
 43
0.0000000001
 40
0.0
 40
0.0
 40
0.0
 40
0.0
 40
0.0769230769230769
 40
0.0769230769230769
 40
0.0769230769230769
 40
0.0769230769230769
 40
0.1538461538461539
 40
0.1538461538461539
 40
0.1538461538461539
 40
0.1538461538461539
 40
0.2307692307692308
 40
0.2307692307692308
 40
0.2307692307692308
 40
0.2307692307692308
 40
0.3076923076923077
 40
0.3076923076923077
 40
0.3076923076923077
 40
0.3076923076923077
 40
0.3846153846153846
 40
0.3846153846153846
 40
0.3846153846153846
 40
0.3846153846153846
 40
0.4615384615384616
 40
0.4615384615384616
 40
0.4615384615384616
 40
0.4615384615384616
 40
0.5384615384615385
 40
0.5384615384615385
 40
0.5384615384615385
 40
0.5384615384615385
 40
0.6153846153846155
 40
0.6153846153846155
 40
0.6153846153846155
 40
0.6153846153846155
 40
0.6923076923076924
 40
0.6923076923076924
 40
0.6923076923076924
 40
0.6923076923076924
 40
0.7692307692307693
 40
0.7692307692307693
 40
0.7692307692307693
 40
0.7692307692307693
 40
0.8461538461538461
 40
0.8461538461538461
 40
0.8461538461538461
 40
0.8461538461538461
 40
1.0
 40
1.0
 40
1.0
 40
1.0
 10
450.7645207141149
 20
-117.5314004657389
 30
0.0
 10
450.7609207141149
 20
-117.4366004657388
 30
0.0
 10
450.7591207141149
 20
-117.3414004657388
 30
0.0
 10
450.7591207141149
 20
-117.2454004657388
 30
0.0
 10
450.7591207141149
 20
-117.2454004657388
 30
0.0
 10
450.7591207141149
 20
-116.7685004657389
 30
0.0
 10
450.8044207141146
 20
-116.3059004657389
 30
0.0
 10
450.8897207141144
 20
-115.8650004657388
 30
0.0
 10
450.8897207141144
 20
-115.8650004657388
 30
0.0
 10
446.411120714115
 20
-113.8087004657388
 30
0.0
 10
446.0705207141145
 20
-107.678700465739
 30
0.0
 10
453.8096207141143
 20
-104.0333004657389
 30
0.0
 10
453.8096207141143
 20
-104.0333004657389
 30
0.0
 10
447.4956207141149
 20
-100.5387004657389
 30
0.0
 10
437.5862207141144
 20
-99.10000046573896
 30
0.0
 10
430.294720714115
 20
-102.0673004657389
 30
0.0
 10
430.294720714115
 20
-102.0673004657389
 30
0.0
 10
406.2360207141145
 20
-115.5596004657388
 30
0.0
 10
381.6375207141145
 20
-110.9713004657389
 30
0.0
 10
355.8327207141147
 20
-99.11850046573887
 30
0.0
 10
355.8327207141147
 20
-99.11850046573887
 30
0.0
 10
355.0428207141149
 20
-109.2442004657389
 30
0.0
 10
348.2463207141145
 20
-115.293700465739
 30
0.0
 10
340.6197207141149
 20
-116.4600004657388
 30
0.0
 10
340.6197207141149
 20
-116.4600004657388
 30
0.0
 10
340.623820714115
 20
-116.5321004657389
 30
0.0
 10
340.6261207141142
 20
-116.605200465739
 30
0.0
 10
340.6261207141142
 20
-116.678600465739
 30
0.0
 10
340.6261207141142
 20
-116.678600465739
 30
0.0
 10
340.6261207141142
 20
-116.7456004657388
 30
0.0
 10
340.6241207141147
 20
-116.811800465739
 30
0.0
 10
340.6207207141142
 20
-116.877800465739
 30
0.0
 10
340.6207207141142
 20
-116.877800465739
 30
0.0
 10
348.2468207141146
 20
-118.0444004657388
 30
0.0
 10
355.0428207141149
 20
-124.0945004657389
 30
0.0
 10
355.8327207141147
 20
-134.2196004657387
 30
0.0
 10
355.8327207141147
 20
-134.2196004657387
 30
0.0
 10
381.6375207141145
 20
-122.367000465739
 30
0.0
 10
406.2360207141145
 20
-117.7787004657389
 30
0.0
 10
430.294720714115
 20
-131.270900465739
 30
0.0
 10
430.294720714115
 20
-131.270900465739
 30
0.0
 10
437.5862207141144
 20
-134.2381004657388
 30
0.0
 10
447.4956207141149
 20
-132.7995004657389
 30
0.0
 10
453.8096207141143
 20
-129.3050004657389
 30
0.0
 10
453.8096207141143
 20
-129.3050004657389
 30
0.0
 10
446.1430207141147
 20
-125.6938004657388
 30
0.0
 10
446.4052207141149
 20
-119.6438004657389
 30
0.0
 10
450.7645207141149
 20
-117.5314004657389
 30
0.0
  0
SPLINE
  5
2F5
330
1F
100
AcDbEntity
  8
Plan 1
 62
    17
100
AcDbSpline
210
0.0
220
0.0
230
1.0
 70
    11
 71
     3
 72
    44
 73
    40
 74
     0
 42
0.0000000001
 43
0.0000000001
 40
0.0
 40
0.0
 40
0.0
 40
0.0
 40
0.0909090909090909
 40
0.0909090909090909
 40
0.0909090909090909
 40
0.0909090909090909
 40
0.1818181818181818
 40
0.1818181818181818
 40
0.1818181818181818
 40
0.1818181818181818
 40
0.2727272727272727
 40
0.2727272727272727
 40
0.2727272727272727
 40
0.2727272727272727
 40
0.3636363636363636
 40
0.3636363636363636
 40
0.3636363636363636
 40
0.3636363636363636
 40
0.4545454545454545
 40
0.4545454545454545
 40
0.4545454545454545
 40
0.4545454545454545
 40
0.5454545454545455
 40
0.5454545454545455
 40
0.5454545454545455
 40
0.5454545454545455
 40
0.6363636363636364
 40
0.6363636363636364
 40
0.6363636363636364
 40
0.6363636363636364
 40
0.7272727272727274
 40
0.7272727272727274
 40
0.7272727272727274
 40
0.7272727272727274
 40
0.8181818181818181
 40
0.8181818181818181
 40
0.8181818181818181
 40
0.8181818181818181
 40
1.0
 40
1.0
 40
1.0
 40
1.0
 10
307.5669207141145
 20
177.3258995342612
 30
0.0
 10
305.7884207141151
 20
198.628399534261
 30
0.0
 10
289.5005207141148
 20
202.7639995342611
 30
0.0
 10
274.9688207141153
 20
196.8908995342613
 30
0.0
 10
274.9688207141153
 20
196.8908995342613
 30
0.0
 10
253.7919207141149
 20
186.4043995342613
 30
0.0
 10
231.0385207141144
 20
177.0245995342611
 30
0.0
 10
201.4841207141144
 20
196.5492995342611
 30
0.0
 10
201.4841207141144
 20
196.5492995342611
 30
0.0
 10
203.5085207141146
 20
185.280599534261
 30
0.0
 10
198.3779207141142
 20
179.0508995342611
 30
0.0
 10
192.0260207141145
 20
177.2278995342612
 30
0.0
 10
192.0260207141145
 20
177.2278995342612
 30
0.0
 10
192.057720714115
 20
176.9531995342608
 30
0.0
 10
192.0741207141145
 20
176.6715995342611
 30
0.0
 10
192.0741207141145
 20
176.3848995342609
 30
0.0
 10
192.0741207141145
 20
176.3848995342609
 30
0.0
 10
192.0741207141145
 20
176.2851995342612
 30
0.0
 10
192.072120714115
 20
176.186399534261
 30
0.0
 10
192.0682207141144
 20
176.0879995342611
 30
0.0
 10
192.0682207141144
 20
176.0879995342611
 30
0.0
 10
198.4006207141146
 20
174.2473995342611
 30
0.0
 10
203.5040207141146
 20
168.0178995342612
 30
0.0
 10
201.4841207141144
 20
156.7736995342611
 30
0.0
 10
201.4841207141144
 20
156.7736995342611
 30
0.0
 10
231.0385207141144
 20
176.3072995342609
 30
0.0
 10
253.7919207141149
 20
166.9232995342609
 30
0.0
 10
274.9688207141153
 20
156.4459995342608
 30
0.0
 10
274.9688207141153
 20
156.4459995342608
 30
0.0
 10
289.3714207141147
 20
150.6165995342612
 30
0.0
 10
305.5000207141147
 20
154.6204995342609
 30
0.0
 10
307.5171207141147
 20
175.4328995342612
 30
0.0
 10
307.5171207141147
 20
175.4328995342612
 30
0.0
 10
307.4308207141148
 20
175.7078995342613
 30
0.0
 10
307.3840207141147
 20
176.001399534261
 30
0.0
 10
307.3840207141147
 20
176.3065995342613
 30
0.0
 10
307.3840207141147
 20
176.3065995342613
 30
0.0
 10
307.3840207141147
 20
176.6661995342611
 30
0.0
 10
307.4487207141146
 20
177.0101995342611
 30
0.0
 10
307.5669207141145
 20
177.3258995342612
 30
0.0
  0
SPLINE
  5
2F6
330
1F
100
AcDbEntity
  8
Plan 1
 62
    17
100
AcDbSpline
210
0.0
220
0.0
230
1.0
 70
    11
 71
     3
 72
    44
 73
    40
 74
     0
 42
0.0000000001
 43
0.0000000001
 40
0.0
 40
0.0
 40
0.0
 40
0.0
 40
0.0909090909090909
 40
0.0909090909090909
 40
0.0909090909090909
 40
0.0909090909090909
 40
0.1818181818181818
 40
0.1818181818181818
 40
0.1818181818181818
 40
0.1818181818181818
 40
0.2727272727272727
 40
0.2727272727272727
 40
0.2727272727272727
 40
0.2727272727272727
 40
0.3636363636363636
 40
0.3636363636363636
 40
0.3636363636363636
 40
0.3636363636363636
 40
0.4545454545454545
 40
0.4545454545454545
 40
0.4545454545454545
 40
0.4545454545454545
 40
0.5454545454545455
 40
0.5454545454545455
 40
0.5454545454545455
 40
0.5454545454545455
 40
0.6363636363636364
 40
0.6363636363636364
 40
0.6363636363636364
 40
0.6363636363636364
 40
0.7272727272727274
 40
0.7272727272727274
 40
0.7272727272727274
 40
0.7272727272727274
 40
0.8181818181818181
 40
0.8181818181818181
 40
0.8181818181818181
 40
0.8181818181818181
 40
1.0
 40
1.0
 40
1.0
 40
1.0
 10
450.770420714115
 20
175.972399534261
 30
0.0
 10
450.7629207141144
 20
176.1085995342609
 30
0.0
 10
450.7591207141149
 20
176.2460995342612
 30
0.0
 10
450.7591207141149
 20
176.3848995342609
 30
0.0
 10
450.7591207141149
 20
176.3848995342609
 30
0.0
 10
450.7591207141149
 20
176.7103995342613
 30
0.0
 10
450.7802207141148
 20
177.0293995342613
 30
0.0
 10
450.8208207141142
 20
177.339299534261
 30
0.0
 10
450.8208207141142
 20
177.339299534261
 30
0.0
 10
444.640920714115
 20
179.294999534261
 30
0.0
 10
439.7463207141145
 20
185.4993995342611
 30
0.0
 10
441.7314207141144
 20
196.5492995342611
 30
0.0
 10
441.7314207141144
 20
196.5492995342611
 30
0.0
 10
412.1770207141143
 20
177.0245995342611
 30
0.0
 10
389.4236207141148
 20
186.4043995342613
 30
0.0
 10
368.2467207141144
 20
196.8908995342613
 30
0.0
 10
368.2467207141144
 20
196.8908995342613
 30
0.0
 10
353.8885207141147
 20
202.6937995342609
 30
0.0
 10
337.8156207141146
 20
198.7256995342609
 30
0.0
 10
335.7181207141148
 20
178.0818995342611
 30
0.0
 10
335.7181207141148
 20
178.0818995342611
 30
0.0
 10
335.8288207141149
 20
177.7308995342609
 30
0.0
 10
335.8898207141146
 20
177.3498995342611
 30
0.0
 10
335.8898207141146
 20
176.951699534261
 30
0.0
 10
335.8898207141146
 20
176.951699534261
 30
0.0
 10
335.8898207141146
 20
176.5025995342612
 30
0.0
 10
335.8124207141145
 20
176.0756995342612
 30
0.0
 10
335.6735207141146
 20
175.6886995342611
 30
0.0
 10
335.6735207141146
 20
175.6886995342611
 30
0.0
 10
337.582420714115
 20
154.6525995342613
 30
0.0
 10
353.785220714115
 20
150.5926995342611
 30
0.0
 10
368.2467207141144
 20
156.4459995342608
 30
0.0
 10
368.2467207141144
 20
156.4459995342608
 30
0.0
 10
389.4236207141148
 20
166.9232995342609
 30
0.0
 10
412.1770207141143
 20
176.3072995342609
 30
0.0
 10
441.7314207141144
 20
156.7736995342611
 30
0.0
 10
441.7314207141144
 20
156.7736995342611
 30
0.0
 10
439.7517207141145
 20
167.7937995342609
 30
0.0
 10
444.6145207141143
 20
173.996899534261
 30
0.0
 10
450.770420714115
 20
175.972399534261
 30
0.0
  0
SPLINE
  5
2F7
330
1F
100
AcDbEntity
  8
Plan 1
 62
    17
100
AcDbSpline
210
0.0
220
0.0
230
1.0
 70
    11
 71
     3
 72
    32
 73
    28
 74
     0
 42
0.0000000001
 43
0.0000000001
 40
0.0
 40
0.0
 40
0.0
 40
0.0
 40
0.125
 40
0.125
 40
0.125
 40
0.125
 40
0.25
 40
0.25
 40
0.25
 40
0.25
 40
0.375
 40
0.375
 40
0.375
 40
0.375
 40
0.5
 40
0.5
 40
0.5
 40
0.5
 40
0.625
 40
0.625
 40
0.625
 40
0.625
 40
0.75
 40
0.75
 40
0.75
 40
0.75
 40
1.0
 40
1.0
 40
1.0
 40
1.0
 10
214.2338207141147
 20
-160.0331004657389
 30
0.0
 10
204.5539207141146
 20
-150.600700465739
 30
0.0
 10
223.0140207141149
 20
-142.459500465739
 30
0.0
 10
224.0644207141149
 20
-158.849700465739
 30
0.0
 10
224.0644207141149
 20
-158.849700465739
 30
0.0
 10
224.893120714115
 20
-170.682300465739
 30
0.0
 10
196.5832207141147
 20
-177.9914004657389
 30
0.0
 10
198.1080207141149
 20
-155.2994004657389
 30
0.0
 10
198.1080207141149
 20
-155.2994004657389
 30
0.0
 10
176.7802207141149
 20
-177.812700465739
 30
0.0
 10
184.9286207141149
 20
-223.888900465739
 30
0.0
 10
213.8357207141144
 20
-236.1665004657389
 30
0.0
 10
213.8357207141144
 20
-236.1665004657389
 30
0.0
 10
242.2239207141147
 20
-209.480200465739
 30
0.0
 10
222.221820714115
 20
-197.770900465739
 30
0.0
 10
226.4180207141144
 20
-178.5734004657388
 30
0.0
 10
226.4180207141144
 20
-178.5734004657388
 30
0.0
 10
231.2224207141144
 20
-151.508300465739
 30
0.0
 10
250.0990207141149
 20
-139.9375004657388
 30
0.0
 10
283.0356207141149
 20
-143.8596004657388
 30
0.0
 10
283.0356207141149
 20
-143.8596004657388
 30
0.0
 10
266.2309207141143
 20
-131.5080004657388
 30
0.0
 10
245.6562207141151
 20
-129.141500465739
 30
0.0
 10
221.3037207141142
 20
-136.7591004657388
 30
0.0
 10
221.3037207141142
 20
-136.7591004657388
 30
0.0
 10
203.2647207141144
 20
-144.883400465739
 30
0.0
 10
202.7536207141147
 20
-152.5984004657389
 30
0.0
 10
214.2338207141147
 20
-160.0331004657389
 30
0.0
  0
SPLINE
  5
2F8
330
1F
100
AcDbEntity
  8
Plan 1
 62
    17
100
AcDbSpline
210
0.0
220
0.0
230
1.0
 70
    11
 71
     3
 72
    44
 73
    40
 74
     0
 42
0.0000000001
 43
0.0000000001
 40
0.0
 40
0.0
 40
0.0
 40
0.0
 40
0.0909090909090909
 40
0.0909090909090909
 40
0.0909090909090909
 40
0.0909090909090909
 40
0.1818181818181818
 40
0.1818181818181818
 40
0.1818181818181818
 40
0.1818181818181818
 40
0.2727272727272727
 40
0.2727272727272727
 40
0.2727272727272727
 40
0.2727272727272727
 40
0.3636363636363636
 40
0.3636363636363636
 40
0.3636363636363636
 40
0.3636363636363636
 40
0.4545454545454545
 40
0.4545454545454545
 40
0.4545454545454545
 40
0.4545454545454545
 40
0.5454545454545455
 40
0.5454545454545455
 40
0.5454545454545455
 40
0.5454545454545455
 40
0.6363636363636364
 40
0.6363636363636364
 40
0.6363636363636364
 40
0.6363636363636364
 40
0.7272727272727274
 40
0.7272727272727274
 40
0.7272727272727274
 40
0.7272727272727274
 40
0.8181818181818181
 40
0.8181818181818181
 40
0.8181818181818181
 40
0.8181818181818181
 40
1.0
 40
1.0
 40
1.0
 40
1.0
 10
231.5302207141149
 20
-243.661500465739
 30
0.0
 10
233.7615207141143
 20
-239.1910004657388
 30
0.0
 10
244.4281207141148
 20
-224.2859004657389
 30
0.0
 10
240.630120714115
 20
-214.250200465739
 30
0.0
 10
240.630120714115
 20
-214.250200465739
 30
0.0
 10
250.7778207141146
 20
-217.232200465739
 30
0.0
 10
252.726320714115
 20
-236.3829004657389
 30
0.0
 10
259.1706207141151
 20
-236.090000465739
 30
0.0
 10
259.1706207141151
 20
-236.090000465739
 30
0.0
 10
263.0507207141145
 20
-217.5312004657389
 30
0.0
 10
258.2716207141148
 20
-218.0613004657389
 30
0.0
 10
255.2749207141151
 20
-212.2224004657389
 30
0.0
 10
255.2749207141151
 20
-212.2224004657389
 30
0.0
 10
301.0999207141149
 20
-220.0687004657388
 30
0.0
 10
305.6856207141145
 20
-167.7464004657388
 30
0.0
 10
281.8634207141149
 20
-164.7668004657389
 30
0.0
 10
281.8634207141149
 20
-164.7668004657389
 30
0.0
 10
263.0679207141148
 20
-163.0289004657388
 30
0.0
 10
259.4780207141148
 20
-171.4560004657389
 30
0.0
 10
262.9874207141147
 20
-181.3347004657389
 30
0.0
 10
262.9874207141147
 20
-181.3347004657389
 30
0.0
 10
267.2812207141151
 20
-190.885100465739
 30
0.0
 10
285.1174207141148
 20
-181.6374004657389
 30
0.0
 10
269.8031207141148
 20
-173.0507004657388
 30
0.0
 10
269.8031207141148
 20
-173.0507004657388
 30
0.0
 10
281.6257207141143
 20
-167.5978004657388
 30
0.0
 10
290.5396207141148
 20
-178.4248004657388
 30
0.0
 10
285.4007207141149
 20
-189.2241004657389
 30
0.0
 10
285.4007207141149
 20
-189.2241004657389
 30
0.0
 10
267.7056207141149
 20
-217.3749004657389
 30
0.0
 10
233.6823207141142
 20
-185.1214004657388
 30
0.0
 10
252.0909207141149
 20
-162.8352004657388
 30
0.0
 10
252.0909207141149
 20
-162.8352004657388
 30
0.0
 10
272.4990207141145
 20
-145.103400465739
 30
0.0
 10
299.9802207141147
 20
-150.1521004657388
 30
0.0
 10
307.412020714115
 20
-180.9402004657388
 30
0.0
 10
307.412020714115
 20
-180.9402004657388
 30
0.0
 10
313.3115207141145
 20
-219.7304004657389
 30
0.0
 10
274.9155207141148
 20
-251.9457004657388
 30
0.0
 10
231.5302207141149
 20
-243.661500465739
 30
0.0
  0
SPLINE
  5
2F9
330
1F
100
AcDbEntity
  8
Plan 1
 62
    17
100
AcDbSpline
210
0.0
220
0.0
230
1.0
 70
    11
 71
     3
 72
    24
 73
    20
 74
     0
 42
0.0000000001
 43
0.0000000001
 40
0.0
 40
0.0
 40
0.0
 40
0.0
 40
0.1666666666666667
 40
0.1666666666666667
 40
0.1666666666666667
 40
0.1666666666666667
 40
0.3333333333333333
 40
0.3333333333333333
 40
0.3333333333333333
 40
0.3333333333333333
 40
0.5
 40
0.5
 40
0.5
 40
0.5
 40
0.6666666666666666
 40
0.6666666666666666
 40
0.6666666666666666
 40
0.6666666666666666
 40
1.0
 40
1.0
 40
1.0
 40
1.0
 10
202.9031207141143
 20
-320.123300465739
 30
0.0
 10
206.563120714115
 20
-315.874300465739
 30
0.0
 10
209.0751207141147
 20
-310.472900465739
 30
0.0
 10
210.4432207141144
 20
-303.9193004657388
 30
0.0
 10
210.4432207141144
 20
-303.9193004657388
 30
0.0
 10
227.2032207141147
 20
-304.954900465739
 30
0.0
 10
233.734420714115
 20
-313.7589004657389
 30
0.0
 10
231.5470207141143
 20
-329.1975004657388
 30
0.0
 10
231.5470207141143
 20
-329.1975004657388
 30
0.0
 10
229.7931207141146
 20
-336.4891004657388
 30
0.0
 10
212.1601207141148
 20
-349.7490004657389
 30
0.0
 10
206.7215207141144
 20
-334.0181004657388
 30
0.0
 10
206.7215207141144
 20
-334.0181004657388
 30
0.0
 10
204.4214207141149
 20
-322.7581004657388
 30
0.0
 10
221.2692207141145
 20
-319.8129004657389
 30
0.0
 10
226.1630207141143
 20
-328.5494004657389
 30
0.0
 10
226.1630207141143
 20
-328.5494004657389
 30
0.0
 10
228.859420714115
 20
-312.2336004657391
 30
0.0
 10
212.4158207141145
 20
-311.0822004657389
 30
0.0
 10
202.9031207141143
 20
-320.123300465739
 30
0.0
  0
SPLINE
  5
2FA
330
1F
100
AcDbEntity
  8
Plan 1
 62
    17
100
AcDbSpline
210
0.0
220
0.0
230
1.0
 70
    11
 71
     3
 72
    28
 73
    24
 74
     0
 42
0.0000000001
 43
0.0000000001
 40
0.0
 40
0.0
 40
0.0
 40
0.0
 40
0.1428571428571428
 40
0.1428571428571428
 40
0.1428571428571428
 40
0.1428571428571428
 40
0.2857142857142857
 40
0.2857142857142857
 40
0.2857142857142857
 40
0.2857142857142857
 40
0.4285714285714285
 40
0.4285714285714285
 40
0.4285714285714285
 40
0.4285714285714285
 40
0.5714285714285714
 40
0.5714285714285714
 40
0.5714285714285714
 40
0.5714285714285714
 40
0.7142857142857144
 40
0.7142857142857144
 40
0.7142857142857144
 40
0.7142857142857144
 40
1.0
 40
1.0
 40
1.0
 40
1.0
 10
213.6788207141153
 20
-375.0931004657389
 30
0.0
 10
213.2446207141147
 20
-362.7952004657388
 30
0.0
 10
217.1341207141149
 20
-364.2460004657389
 30
0.0
 10
227.8791207141148
 20
-354.562600465739
 30
0.0
 10
227.8791207141148
 20
-354.562600465739
 30
0.0
 10
196.0989207141146
 20
-360.7378004657389
 30
0.0
 10
186.1189207141142
 20
-331.331700465739
 30
0.0
 10
192.1383207141143
 20
-315.154100465739
 30
0.0
 10
192.1383207141143
 20
-315.154100465739
 30
0.0
 10
181.3929207141145
 20
-338.1192004657389
 30
0.0
 10
183.4194207141145
 20
-362.406900465739
 30
0.0
 10
210.6545207141144
 20
-381.6982004657388
 30
0.0
 10
210.6545207141144
 20
-381.6982004657388
 30
0.0
 10
235.3036207141149
 20
-394.6438004657389
 30
0.0
 10
260.9520207141149
 20
-386.845200465739
 30
0.0
 10
280.6475207141147
 20
-371.543700465739
 30
0.0
 10
280.6475207141147
 20
-371.543700465739
 30
0.0
 10
260.0793207141151
 20
-381.0416004657388
 30
0.0
 10
243.1766207141145
 20
-371.475000465739
 30
0.0
 10
236.5029207141142
 20
-354.1463004657389
 30
0.0
 10
236.5029207141142
 20
-354.1463004657389
 30
0.0
 10
235.1369207141142
 20
-370.6919004657389
 30
0.0
 10
221.8241207141145
 20
-369.937000465739
 30
0.0
 10
213.6788207141153
 20
-375.0931004657389
 30
0.0
  0
SPLINE
  5
2FB
330
1F
100
AcDbEntity
  8
Plan 1
 62
    17
100
AcDbSpline
210
0.0
220
0.0
230
1.0
 70
    11
 71
     3
 72
    60
 73
    56
 74
     0
 42
0.0000000001
 43
0.0000000001
 40
0.0
 40
0.0
 40
0.0
 40
0.0
 40
0.0666666666666667
 40
0.0666666666666667
 40
0.0666666666666667
 40
0.0666666666666667
 40
0.1333333333333333
 40
0.1333333333333333
 40
0.1333333333333333
 40
0.1333333333333333
 40
0.2
 40
0.2
 40
0.2
 40
0.2
 40
0.2666666666666667
 40
0.2666666666666667
 40
0.2666666666666667
 40
0.2666666666666667
 40
0.3333333333333333
 40
0.3333333333333333
 40
0.3333333333333333
 40
0.3333333333333333
 40
0.4
 40
0.4
 40
0.4
 40
0.4
 40
0.4666666666666667
 40
0.4666666666666667
 40
0.4666666666666667
 40
0.4666666666666667
 40
0.5333333333333333
 40
0.5333333333333333
 40
0.5333333333333333
 40
0.5333333333333333
 40
0.6
 40
0.6
 40
0.6
 40
0.6
 40
0.6666666666666666
 40
0.6666666666666666
 40
0.6666666666666666
 40
0.6666666666666666
 40
0.7333333333333333
 40
0.7333333333333333
 40
0.7333333333333333
 40
0.7333333333333333
 40
0.8
 40
0.8
 40
0.8
 40
0.8
 40
0.8666666666666667
 40
0.8666666666666667
 40
0.8666666666666667
 40
0.8666666666666667
 40
1.0
 40
1.0
 40
1.0
 40
1.0
 10
220.783420714115
 20
-295.709400465739
 30
0.0
 10
249.6479207141147
 20
-294.6239004657389
 30
0.0
 10
254.6206207141149
 20
-255.735700465739
 30
0.0
 10
219.4892207141147
 20
-255.0915004657388
 30
0.0
 10
219.4892207141147
 20
-255.0915004657388
 30
0.0
 10
221.2769207141146
 20
-253.6512004657388
 30
0.0
 10
223.0747207141149
 20
-252.2108004657389
 30
0.0
 10
224.8737207141148
 20
-250.7705004657389
 30
0.0
 10
224.8737207141148
 20
-250.7705004657389
 30
0.0
 10
238.6554207141144
 20
-255.1635004657389
 30
0.0
 10
257.3908207141148
 20
-253.0751004657389
 30
0.0
 10
267.5107207141145
 20
-261.357100465739
 30
0.0
 10
267.5107207141145
 20
-261.357100465739
 30
0.0
 10
248.5114207141151
 20
-262.0837004657389
 30
0.0
 10
246.4656207141143
 20
-281.4616004657389
 30
0.0
 10
266.2137207141149
 20
-286.203100465739
 30
0.0
 10
266.2137207141149
 20
-286.203100465739
 30
0.0
 10
279.8533207141145
 20
-289.984000465739
 30
0.0
 10
282.5866207141144
 20
-297.185100465739
 30
0.0
 10
277.8428207141142
 20
-306.7280004657389
 30
0.0
 10
277.8428207141142
 20
-306.7280004657389
 30
0.0
 10
277.2691207141142
 20
-291.028300465739
 30
0.0
 10
257.318520714115
 20
-302.7671004657388
 30
0.0
 10
264.4950207141146
 20
-314.722100465739
 30
0.0
 10
264.4950207141146
 20
-314.722100465739
 30
0.0
 10
277.1389207141147
 20
-327.7935004657388
 30
0.0
 10
302.6798207141146
 20
-309.5730004657389
 30
0.0
 10
298.0859207141147
 20
-288.363600465739
 30
0.0
 10
298.0859207141147
 20
-288.363600465739
 30
0.0
 10
313.0907207141145
 20
-313.9837004657388
 30
0.0
 10
311.301420714115
 20
-340.3060004657389
 30
0.0
 10
284.9570207141151
 20
-367.6549004657388
 30
0.0
 10
284.9570207141151
 20
-367.6549004657388
 30
0.0
 10
295.2468207141146
 20
-349.4791004657388
 30
0.0
 10
289.9486207141144
 20
-330.880800465739
 30
0.0
 10
276.9895207141144
 20
-328.3333004657388
 30
0.0
 10
276.9895207141144
 20
-328.3333004657388
 30
0.0
 10
260.3872207141149
 20
-325.866200465739
 30
0.0
 10
254.7528207141149
 20
-347.2913004657389
 30
0.0
 10
266.6475207141147
 20
-349.7224004657389
 30
0.0
 10
266.6475207141147
 20
-349.7224004657389
 30
0.0
 10
271.6280207141144
 20
-349.436000465739
 30
0.0
 10
276.6718207141148
 20
-343.387200465739
 30
0.0
 10
266.0030207141144
 20
-339.1359004657388
 30
0.0
 10
266.0030207141144
 20
-339.1359004657388
 30
0.0
 10
276.5216207141147
 20
-331.1403004657389
 30
0.0
 10
286.863920714115
 20
-342.158000465739
 30
0.0
 10
279.3505207141143
 20
-355.339800465739
 30
0.0
 10
279.3505207141143
 20
-355.339800465739
 30
0.0
 10
265.685420714115
 20
-369.9500004657389
 30
0.0
 10
246.7205207141151
 20
-357.2209004657389
 30
0.0
 10
250.715520714115
 20
-340.2162004657389
 30
0.0
 10
250.715520714115
 20
-340.2162004657389
 30
0.0
 10
253.4397207141146
 20
-318.4665004657388
 30
0.0
 10
240.443020714115
 20
-304.0631004657389
 30
0.0
 10
220.783420714115
 20
-295.709400465739
 30
0.0
  0
SPLINE
  5
2FC
330
1F
100
AcDbEntity
  8
Plan 1
 62
    17
100
AcDbSpline
210
0.0
220
0.0
230
1.0
 70
    11
 71
     3
 72
    32
 73
    28
 74
     0
 42
0.0000000001
 43
0.0000000001
 40
0.0
 40
0.0
 40
0.0
 40
0.0
 40
0.125
 40
0.125
 40
0.125
 40
0.125
 40
0.25
 40
0.25
 40
0.25
 40
0.25
 40
0.375
 40
0.375
 40
0.375
 40
0.375
 40
0.5
 40
0.5
 40
0.5
 40
0.5
 40
0.625
 40
0.625
 40
0.625
 40
0.625
 40
0.75
 40
0.75
 40
0.75
 40
0.75
 40
1.0
 40
1.0
 40
1.0
 40
1.0
 10
428.9816207141147
 20
-160.0331004657389
 30
0.0
 10
438.6616207141151
 20
-150.600700465739
 30
0.0
 10
420.2015207141148
 20
-142.459500465739
 30
0.0
 10
419.1511207141147
 20
-158.849700465739
 30
0.0
 10
419.1511207141147
 20
-158.849700465739
 30
0.0
 10
418.3224207141147
 20
-170.682300465739
 30
0.0
 10
446.6323207141149
 20
-177.9914004657389
 30
0.0
 10
445.1075207141148
 20
-155.2994004657389
 30
0.0
 10
445.1075207141148
 20
-155.2994004657389
 30
0.0
 10
466.4353207141147
 20
-177.812700465739
 30
0.0
 10
458.2869207141148
 20
-223.888900465739
 30
0.0
 10
429.3797207141142
 20
-236.1665004657389
 30
0.0
 10
429.3797207141142
 20
-236.1665004657389
 30
0.0
 10
400.991620714115
 20
-209.480200465739
 30
0.0
 10
420.9937207141146
 20
-197.770900465739
 30
0.0
 10
416.7975207141144
 20
-178.5734004657388
 30
0.0
 10
416.7975207141144
 20
-178.5734004657388
 30
0.0
 10
411.9931207141144
 20
-151.508300465739
 30
0.0
 10
393.1165207141148
 20
-139.9375004657388
 30
0.0
 10
360.1799207141148
 20
-143.8596004657388
 30
0.0
 10
360.1799207141148
 20
-143.8596004657388
 30
0.0
 10
376.9845207141143
 20
-131.5080004657388
 30
0.0
 10
397.5593207141146
 20
-129.141500465739
 30
0.0
 10
421.9118207141145
 20
-136.7591004657388
 30
0.0
 10
421.9118207141145
 20
-136.7591004657388
 30
0.0
 10
439.9508207141143
 20
-144.883400465739
 30
0.0
 10
440.4619207141149
 20
-152.5984004657389
 30
0.0
 10
428.9816207141147
 20
-160.0331004657389
 30
0.0
  0
SPLINE
  5
2FD
330
1F
100
AcDbEntity
  8
Plan 1
 62
    17
100
AcDbSpline
210
0.0
220
0.0
230
1.0
 70
    11
 71
     3
 72
    44
 73
    40
 74
     0
 42
0.0000000001
 43
0.0000000001
 40
0.0
 40
0.0
 40
0.0
 40
0.0
 40
0.0909090909090909
 40
0.0909090909090909
 40
0.0909090909090909
 40
0.0909090909090909
 40
0.1818181818181818
 40
0.1818181818181818
 40
0.1818181818181818
 40
0.1818181818181818
 40
0.2727272727272727
 40
0.2727272727272727
 40
0.2727272727272727
 40
0.2727272727272727
 40
0.3636363636363636
 40
0.3636363636363636
 40
0.3636363636363636
 40
0.3636363636363636
 40
0.4545454545454545
 40
0.4545454545454545
 40
0.4545454545454545
 40
0.4545454545454545
 40
0.5454545454545455
 40
0.5454545454545455
 40
0.5454545454545455
 40
0.5454545454545455
 40
0.6363636363636364
 40
0.6363636363636364
 40
0.6363636363636364
 40
0.6363636363636364
 40
0.7272727272727274
 40
0.7272727272727274
 40
0.7272727272727274
 40
0.7272727272727274
 40
0.8181818181818181
 40
0.8181818181818181
 40
0.8181818181818181
 40
0.8181818181818181
 40
1.0
 40
1.0
 40
1.0
 40
1.0
 10
411.6853207141148
 20
-243.661500465739
 30
0.0
 10
409.4540207141144
 20
-239.1910004657388
 30
0.0
 10
398.7874207141149
 20
-224.2859004657389
 30
0.0
 10
402.5854207141146
 20
-214.250200465739
 30
0.0
 10
402.5854207141146
 20
-214.250200465739
 30
0.0
 10
392.4376207141149
 20
-217.232200465739
 30
0.0
 10
390.4891207141145
 20
-236.3829004657389
 30
0.0
 10
384.0449207141146
 20
-236.090000465739
 30
0.0
 10
384.0449207141146
 20
-236.090000465739
 30
0.0
 10
380.1648207141143
 20
-217.5312004657389
 30
0.0
 10
384.9439207141149
 20
-218.0613004657389
 30
0.0
 10
387.9406207141146
 20
-212.2224004657389
 30
0.0
 10
387.9406207141146
 20
-212.2224004657389
 30
0.0
 10
342.1156207141148
 20
-220.0687004657388
 30
0.0
 10
337.5299207141143
 20
-167.7464004657388
 30
0.0
 10
361.3521207141148
 20
-164.7668004657389
 30
0.0
 10
361.3521207141148
 20
-164.7668004657389
 30
0.0
 10
380.1476207141149
 20
-163.0289004657388
 30
0.0
 10
383.7375207141149
 20
-171.4560004657389
 30
0.0
 10
380.228120714115
 20
-181.3347004657389
 30
0.0
 10
380.228120714115
 20
-181.3347004657389
 30
0.0
 10
375.9342207141144
 20
-190.885100465739
 30
0.0
 10
358.0981207141149
 20
-181.6374004657389
 30
0.0
 10
373.4123207141147
 20
-173.0507004657388
 30
0.0
 10
373.4123207141147
 20
-173.0507004657388
 30
0.0
 10
361.5898207141145
 20
-167.5978004657388
 30
0.0
 10
352.6759207141149
 20
-178.4248004657388
 30
0.0
 10
357.8148207141148
 20
-189.2241004657389
 30
0.0
 10
357.8148207141148
 20
-189.2241004657389
 30
0.0
 10
375.5098207141145
 20
-217.3749004657389
 30
0.0
 10
409.5332207141145
 20
-185.1214004657388
 30
0.0
 10
391.1246207141148
 20
-162.8352004657388
 30
0.0
 10
391.1246207141148
 20
-162.8352004657388
 30
0.0
 10
370.716420714115
 20
-145.103400465739
 30
0.0
 10
343.235320714115
 20
-150.1521004657388
 30
0.0
 10
335.8035207141147
 20
-180.9402004657388
 30
0.0
 10
335.8035207141147
 20
-180.9402004657388
 30
0.0
 10
329.9040207141143
 20
-219.7304004657389
 30
0.0
 10
368.3000207141149
 20
-251.9457004657388
 30
0.0
 10
411.6853207141148
 20
-243.661500465739
 30
0.0
  0
SPLINE
  5
2FE
330
1F
100
AcDbEntity
  8
Plan 1
 62
    17
100
AcDbSpline
210
0.0
220
0.0
230
1.0
 70
    11
 71
     3
 72
    24
 73
    20
 74
     0
 42
0.0000000001
 43
0.0000000001
 40
0.0
 40
0.0
 40
0.0
 40
0.0
 40
0.1666666666666667
 40
0.1666666666666667
 40
0.1666666666666667
 40
0.1666666666666667
 40
0.3333333333333333
 40
0.3333333333333333
 40
0.3333333333333333
 40
0.3333333333333333
 40
0.5
 40
0.5
 40
0.5
 40
0.5
 40
0.6666666666666666
 40
0.6666666666666666
 40
0.6666666666666666
 40
0.6666666666666666
 40
1.0
 40
1.0
 40
1.0
 40
1.0
 10
440.3124207141145
 20
-320.123300465739
 30
0.0
 10
436.6524207141146
 20
-315.874300465739
 30
0.0
 10
434.1404207141149
 20
-310.472900465739
 30
0.0
 10
432.7723207141144
 20
-303.9193004657388
 30
0.0
 10
432.7723207141144
 20
-303.9193004657388
 30
0.0
 10
416.012320714115
 20
-304.954900465739
 30
0.0
 10
409.4811207141146
 20
-313.7589004657389
 30
0.0
 10
411.6685207141144
 20
-329.1975004657388
 30
0.0
 10
411.6685207141144
 20
-329.1975004657388
 30
0.0
 10
413.4224207141142
 20
-336.4891004657388
 30
0.0
 10
431.0552207141145
 20
-349.7490004657389
 30
0.0
 10
436.4940207141144
 20
-334.0181004657388
 30
0.0
 10
436.4940207141144
 20
-334.0181004657388
 30
0.0
 10
438.7941207141148
 20
-322.7581004657388
 30
0.0
 10
421.9463207141143
 20
-319.8129004657389
 30
0.0
 10
417.0525207141144
 20
-328.5494004657389
 30
0.0
 10
417.0525207141144
 20
-328.5494004657389
 30
0.0
 10
414.3561207141146
 20
-312.2336004657391
 30
0.0
 10
430.7995207141147
 20
-311.0822004657389
 30
0.0
 10
440.3124207141145
 20
-320.123300465739
 30
0.0
  0
SPLINE
  5
2FF
330
1F
100
AcDbEntity
  8
Plan 1
 62
    17
100
AcDbSpline
210
0.0
220
0.0
230
1.0
 70
    11
 71
     3
 72
    28
 73
    24
 74
     0
 42
0.0000000001
 43
0.0000000001
 40
0.0
 40
0.0
 40
0.0
 40
0.0
 40
0.1428571428571428
 40
0.1428571428571428
 40
0.1428571428571428
 40
0.1428571428571428
 40
0.2857142857142857
 40
0.2857142857142857
 40
0.2857142857142857
 40
0.2857142857142857
 40
0.4285714285714285
 40
0.4285714285714285
 40
0.4285714285714285
 40
0.4285714285714285
 40
0.5714285714285714
 40
0.5714285714285714
 40
0.5714285714285714
 40
0.5714285714285714
 40
0.7142857142857144
 40
0.7142857142857144
 40
0.7142857142857144
 40
0.7142857142857144
 40
1.0
 40
1.0
 40
1.0
 40
1.0
 10
429.536620714115
 20
-375.0931004657389
 30
0.0
 10
429.9708207141147
 20
-362.7952004657388
 30
0.0
 10
426.0813207141145
 20
-364.2460004657389
 30
0.0
 10
415.3364207141148
 20
-354.562600465739
 30
0.0
 10
415.3364207141148
 20
-354.562600465739
 30
0.0
 10
447.116620714115
 20
-360.7378004657389
 30
0.0
 10
457.0965207141143
 20
-331.331700465739
 30
0.0
 10
451.0772207141144
 20
-315.154100465739
 30
0.0
 10
451.0772207141144
 20
-315.154100465739
 30
0.0
 10
461.8226207141142
 20
-338.1192004657389
 30
0.0
 10
459.7961207141143
 20
-362.406900465739
 30
0.0
 10
432.5610207141144
 20
-381.6982004657388
 30
0.0
 10
432.5610207141144
 20
-381.6982004657388
 30
0.0
 10
407.9119207141148
 20
-394.6438004657389
 30
0.0
 10
382.2635207141147
 20
-386.845200465739
 30
0.0
 10
362.5679207141147
 20
-371.543700465739
 30
0.0
 10
362.5679207141147
 20
-371.543700465739
 30
0.0
 10
383.1362207141146
 20
-381.0416004657388
 30
0.0
 10
400.0389207141142
 20
-371.475000465739
 30
0.0
 10
406.7126207141146
 20
-354.1463004657389
 30
0.0
 10
406.7126207141146
 20
-354.1463004657389
 30
0.0
 10
408.0786207141145
 20
-370.6919004657389
 30
0.0
 10
421.3914207141142
 20
-369.937000465739
 30
0.0
 10
429.536620714115
 20
-375.0931004657389
 30
0.0
  0
SPLINE
  5
300
330
1F
100
AcDbEntity
  8
Plan 1
 62
    17
100
AcDbSpline
210
0.0
220
0.0
230
1.0
 70
    11
 71
     3
 72
    60
 73
    56
 74
     0
 42
0.0000000001
 43
0.0000000001
 40
0.0
 40
0.0
 40
0.0
 40
0.0
 40
0.0666666666666667
 40
0.0666666666666667
 40
0.0666666666666667
 40
0.0666666666666667
 40
0.1333333333333333
 40
0.1333333333333333
 40
0.1333333333333333
 40
0.1333333333333333
 40
0.2
 40
0.2
 40
0.2
 40
0.2
 40
0.2666666666666667
 40
0.2666666666666667
 40
0.2666666666666667
 40
0.2666666666666667
 40
0.3333333333333333
 40
0.3333333333333333
 40
0.3333333333333333
 40
0.3333333333333333
 40
0.4
 40
0.4
 40
0.4
 40
0.4
 40
0.4666666666666667
 40
0.4666666666666667
 40
0.4666666666666667
 40
0.4666666666666667
 40
0.5333333333333333
 40
0.5333333333333333
 40
0.5333333333333333
 40
0.5333333333333333
 40
0.6
 40
0.6
 40
0.6
 40
0.6
 40
0.6666666666666666
 40
0.6666666666666666
 40
0.6666666666666666
 40
0.6666666666666666
 40
0.7333333333333333
 40
0.7333333333333333
 40
0.7333333333333333
 40
0.7333333333333333
 40
0.8
 40
0.8
 40
0.8
 40
0.8
 40
0.8666666666666667
 40
0.8666666666666667
 40
0.8666666666666667
 40
0.8666666666666667
 40
1.0
 40
1.0
 40
1.0
 40
1.0
 10
422.4320207141145
 20
-295.709400465739
 30
0.0
 10
393.567620714115
 20
-294.6239004657389
 30
0.0
 10
388.5949207141148
 20
-255.735700465739
 30
0.0
 10
423.7262207141148
 20
-255.0915004657388
 30
0.0
 10
423.7262207141148
 20
-255.0915004657388
 30
0.0
 10
421.9386207141142
 20
-253.6512004657388
 30
0.0
 10
420.1408207141148
 20
-252.2108004657389
 30
0.0
 10
418.3417207141146
 20
-250.7705004657389
 30
0.0
 10
418.3417207141146
 20
-250.7705004657389
 30
0.0
 10
404.5601207141144
 20
-255.1635004657389
 30
0.0
 10
385.8246207141147
 20
-253.0751004657389
 30
0.0
 10
375.704720714115
 20
-261.357100465739
 30
0.0
 10
375.704720714115
 20
-261.357100465739
 30
0.0
 10
394.7041207141147
 20
-262.0837004657389
 30
0.0
 10
396.7499207141145
 20
-281.4616004657389
 30
0.0
 10
377.0017207141145
 20
-286.203100465739
 30
0.0
 10
377.0017207141145
 20
-286.203100465739
 30
0.0
 10
363.3622207141143
 20
-289.984000465739
 30
0.0
 10
360.6289207141144
 20
-297.185100465739
 30
0.0
 10
365.3727207141146
 20
-306.7280004657389
 30
0.0
 10
365.3727207141146
 20
-306.7280004657389
 30
0.0
 10
365.9464207141145
 20
-291.028300465739
 30
0.0
 10
385.8970207141147
 20
-302.7671004657388
 30
0.0
 10
378.7204207141149
 20
-314.722100465739
 30
0.0
 10
378.7204207141149
 20
-314.722100465739
 30
0.0
 10
366.0766207141151
 20
-327.7935004657388
 30
0.0
 10
340.5357207141151
 20
-309.5730004657389
 30
0.0
 10
345.1296207141149
 20
-288.363600465739
 30
0.0
 10
345.1296207141149
 20
-288.363600465739
 30
0.0
 10
330.1248207141143
 20
-313.9837004657388
 30
0.0
 10
331.9141207141147
 20
-340.3060004657389
 30
0.0
 10
358.2585207141146
 20
-367.6549004657388
 30
0.0
 10
358.2585207141146
 20
-367.6549004657388
 30
0.0
 10
347.9687207141151
 20
-349.4791004657388
 30
0.0
 10
353.2669207141144
 20
-330.880800465739
 30
0.0
 10
366.2260207141144
 20
-328.3333004657388
 30
0.0
 10
366.2260207141144
 20
-328.3333004657388
 30
0.0
 10
382.8283207141149
 20
-325.866200465739
 30
0.0
 10
388.4627207141148
 20
-347.2913004657389
 30
0.0
 10
376.5679207141147
 20
-349.7224004657389
 30
0.0
 10
376.5679207141147
 20
-349.7224004657389
 30
0.0
 10
371.5874207141151
 20
-349.436000465739
 30
0.0
 10
366.5437207141149
 20
-343.387200465739
 30
0.0
 10
377.2123207141149
 20
-339.1359004657388
 30
0.0
 10
377.2123207141149
 20
-339.1359004657388
 30
0.0
 10
366.6939207141149
 20
-331.1403004657389
 30
0.0
 10
356.3516207141147
 20
-342.158000465739
 30
0.0
 10
363.8650207141145
 20
-355.339800465739
 30
0.0
 10
363.8650207141145
 20
-355.339800465739
 30
0.0
 10
377.5300207141145
 20
-369.9500004657389
 30
0.0
 10
396.4950207141146
 20
-357.2209004657389
 30
0.0
 10
392.5000207141147
 20
-340.2162004657389
 30
0.0
 10
392.5000207141147
 20
-340.2162004657389
 30
0.0
 10
389.7758207141142
 20
-318.4665004657388
 30
0.0
 10
402.7725207141148
 20
-304.0631004657389
 30
0.0
 10
422.4320207141145
 20
-295.709400465739
 30
0.0
  0
SPLINE
  5
301
330
1F
100
AcDbEntity
  8
Plan 1
 62
    17
100
AcDbSpline
210
0.0
220
0.0
230
1.0
 70
    11
 71
     3
 72
    32
 73
    28
 74
     0
 42
0.0000000001
 43
0.0000000001
 40
0.0
 40
0.0
 40
0.0
 40
0.0
 40
0.125
 40
0.125
 40
0.125
 40
0.125
 40
0.25
 40
0.25
 40
0.25
 40
0.25
 40
0.375
 40
0.375
 40
0.375
 40
0.375
 40
0.5
 40
0.5
 40
0.5
 40
0.5
 40
0.625
 40
0.625
 40
0.625
 40
0.625
 40
0.75
 40
0.75
 40
0.75
 40
0.75
 40
1.0
 40
1.0
 40
1.0
 40
1.0
 10
214.2338207141147
 20
-73.30520046573884
 30
0.0
 10
204.5539207141146
 20
-82.737500465739
 30
0.0
 10
223.0140207141149
 20
-90.87860046573906
 30
0.0
 10
224.0644207141149
 20
-74.48850046573898
 30
0.0
 10
224.0644207141149
 20
-74.48850046573898
 30
0.0
 10
224.893120714115
 20
-62.65590046573902
 30
0.0
 10
196.5832207141147
 20
-55.34690046573882
 30
0.0
 10
198.1080207141149
 20
-78.03880046573886
 30
0.0
 10
198.1080207141149
 20
-78.03880046573886
 30
0.0
 10
176.7802207141149
 20
-55.52560046573876
 30
0.0
 10
184.9286207141149
 20
-9.449400465739017
 30
0.0
 10
213.8357207141144
 20
2.828199534261102
 30
0.0
 10
213.8357207141144
 20
2.828199534261102
 30
0.0
 10
242.2239207141147
 20
-23.85810046573897
 30
0.0
 10
222.221820714115
 20
-35.56730046573898
 30
0.0
 10
226.4180207141144
 20
-54.76490046573895
 30
0.0
 10
226.4180207141144
 20
-54.76490046573895
 30
0.0
 10
231.2224207141144
 20
-81.82980046573902
 30
0.0
 10
250.0990207141149
 20
-93.40060046573876
 30
0.0
 10
283.0356207141149
 20
-89.47850046573899
 30
0.0
 10
283.0356207141149
 20
-89.47850046573899
 30
0.0
 10
266.2309207141143
 20
-101.8303004657389
 30
0.0
 10
245.6562207141151
 20
-104.196800465739
 30
0.0
 10
221.3037207141142
 20
-96.57900046573899
 30
0.0
 10
221.3037207141142
 20
-96.57900046573899
 30
0.0
 10
203.2647207141144
 20
-88.45480046573902
 30
0.0
 10
202.7536207141147
 20
-80.73980046573888
 30
0.0
 10
214.2338207141147
 20
-73.30520046573884
 30
0.0
  0
SPLINE
  5
302
330
1F
100
AcDbEntity
  8
Plan 1
 62
    17
100
AcDbSpline
210
0.0
220
0.0
230
1.0
 70
    11
 71
     3
 72
    44
 73
    40
 74
     0
 42
0.0000000001
 43
0.0000000001
 40
0.0
 40
0.0
 40
0.0
 40
0.0
 40
0.0909090909090909
 40
0.0909090909090909
 40
0.0909090909090909
 40
0.0909090909090909
 40
0.1818181818181818
 40
0.1818181818181818
 40
0.1818181818181818
 40
0.1818181818181818
 40
0.2727272727272727
 40
0.2727272727272727
 40
0.2727272727272727
 40
0.2727272727272727
 40
0.3636363636363636
 40
0.3636363636363636
 40
0.3636363636363636
 40
0.3636363636363636
 40
0.4545454545454545
 40
0.4545454545454545
 40
0.4545454545454545
 40
0.4545454545454545
 40
0.5454545454545455
 40
0.5454545454545455
 40
0.5454545454545455
 40
0.5454545454545455
 40
0.6363636363636364
 40
0.6363636363636364
 40
0.6363636363636364
 40
0.6363636363636364
 40
0.7272727272727274
 40
0.7272727272727274
 40
0.7272727272727274
 40
0.7272727272727274
 40
0.8181818181818181
 40
0.8181818181818181
 40
0.8181818181818181
 40
0.8181818181818181
 40
1.0
 40
1.0
 40
1.0
 40
1.0
 10
231.5302207141149
 20
10.32329953426097
 30
0.0
 10
233.7615207141143
 20
5.852799534261066
 30
0.0
 10
244.4281207141148
 20
-9.052300465738881
 30
0.0
 10
240.630120714115
 20
-19.08800046573901
 30
0.0
 10
240.630120714115
 20
-19.08800046573901
 30
0.0
 10
250.7778207141146
 20
-16.10610046573902
 30
0.0
 10
252.726320714115
 20
3.044599534261124
 30
0.0
 10
259.1706207141151
 20
2.751799534261181
 30
0.0
 10
259.1706207141151
 20
2.751799534261181
 30
0.0
 10
263.0507207141145
 20
-15.80700046573884
 30
0.0
 10
258.2716207141148
 20
-15.27700046573886
 30
0.0
 10
255.2749207141151
 20
-21.11580046573886
 30
0.0
 10
255.2749207141151
 20
-21.11580046573886
 30
0.0
 10
301.0999207141149
 20
-13.2696004657389
 30
0.0
 10
305.6856207141145
 20
-65.59190046573895
 30
0.0
 10
281.8634207141149
 20
-68.57150046573884
 30
0.0
 10
281.8634207141149
 20
-68.57150046573884
 30
0.0
 10
263.0679207141148
 20
-70.30930046573894
 30
0.0
 10
259.4780207141148
 20
-61.88230046573881
 30
0.0
 10
262.9874207141147
 20
-52.00350046573885
 30
0.0
 10
262.9874207141147
 20
-52.00350046573885
 30
0.0
 10
267.2812207141151
 20
-42.453100465739
 30
0.0
 10
285.1174207141148
 20
-51.70090046573887
 30
0.0
 10
269.8031207141148
 20
-60.28750046573896
 30
0.0
 10
269.8031207141148
 20
-60.28750046573896
 30
0.0
 10
281.6257207141143
 20
-65.74050046573893
 30
0.0
 10
290.5396207141148
 20
-54.91350046573893
 30
0.0
 10
285.4007207141149
 20
-44.11410046573883
 30
0.0
 10
285.4007207141149
 20
-44.11410046573883
 30
0.0
 10
267.7056207141149
 20
-15.96340046573891
 30
0.0
 10
233.6823207141142
 20
-48.21680046573897
 30
0.0
 10
252.0909207141149
 20
-70.50300046573898
 30
0.0
 10
252.0909207141149
 20
-70.50300046573898
 30
0.0
 10
272.4990207141145
 20
-88.234800465739
 30
0.0
 10
299.9802207141147
 20
-83.18610046573894
 30
0.0
 10
307.412020714115
 20
-52.39800046573896
 30
0.0
 10
307.412020714115
 20
-52.39800046573896
 30
0.0
 10
313.3115207141145
 20
-13.60790046573902
 30
0.0
 10
274.9155207141148
 20
18.607599534261
 30
0.0
 10
231.5302207141149
 20
10.32329953426097
 30
0.0
  0
SPLINE
  5
303
330
1F
100
AcDbEntity
  8
Plan 1
 62
    17
100
AcDbSpline
210
0.0
220
0.0
230
1.0
 70
    11
 71
     3
 72
    24
 73
    20
 74
     0
 42
0.0000000001
 43
0.0000000001
 40
0.0
 40
0.0
 40
0.0
 40
0.0
 40
0.1666666666666667
 40
0.1666666666666667
 40
0.1666666666666667
 40
0.1666666666666667
 40
0.3333333333333333
 40
0.3333333333333333
 40
0.3333333333333333
 40
0.3333333333333333
 40
0.5
 40
0.5
 40
0.5
 40
0.5
 40
0.6666666666666666
 40
0.6666666666666666
 40
0.6666666666666666
 40
0.6666666666666666
 40
1.0
 40
1.0
 40
1.0
 40
1.0
 10
202.9031207141143
 20
86.78499953426102
 30
0.0
 10
206.563120714115
 20
82.53599953426101
 30
0.0
 10
209.0751207141147
 20
77.13479953426099
 30
0.0
 10
210.4432207141144
 20
70.58109953426106
 30
0.0
 10
210.4432207141144
 20
70.58109953426106
 30
0.0
 10
227.2032207141147
 20
71.61669953426098
 30
0.0
 10
233.734420714115
 20
80.42059953426109
 30
0.0
 10
231.5470207141143
 20
95.85919953426104
 30
0.0
 10
231.5470207141143
 20
95.85919953426104
 30
0.0
 10
229.7931207141146
 20
103.150899534261
 30
0.0
 10
212.1601207141148
 20
116.4108995342612
 30
0.0
 10
206.7215207141144
 20
100.679899534261
 30
0.0
 10
206.7215207141144
 20
100.679899534261
 30
0.0
 10
204.4214207141149
 20
89.41989953426105
 30
0.0
 10
221.2692207141145
 20
86.47459953426119
 30
0.0
 10
226.1630207141143
 20
95.21109953426117
 30
0.0
 10
226.1630207141143
 20
95.21109953426117
 30
0.0
 10
228.859420714115
 20
78.89529953426109
 30
0.0
 10
212.4158207141145
 20
77.74399953426109
 30
0.0
 10
202.9031207141143
 20
86.78499953426102
 30
0.0
  0
SPLINE
  5
304
330
1F
100
AcDbEntity
  8
Plan 1
 62
    17
100
AcDbSpline
210
0.0
220
0.0
230
1.0
 70
    11
 71
     3
 72
    28
 73
    24
 74
     0
 42
0.0000000001
 43
0.0000000001
 40
0.0
 40
0.0
 40
0.0
 40
0.0
 40
0.1428571428571428
 40
0.1428571428571428
 40
0.1428571428571428
 40
0.1428571428571428
 40
0.2857142857142857
 40
0.2857142857142857
 40
0.2857142857142857
 40
0.2857142857142857
 40
0.4285714285714285
 40
0.4285714285714285
 40
0.4285714285714285
 40
0.4285714285714285
 40
0.5714285714285714
 40
0.5714285714285714
 40
0.5714285714285714
 40
0.5714285714285714
 40
0.7142857142857144
 40
0.7142857142857144
 40
0.7142857142857144
 40
0.7142857142857144
 40
1.0
 40
1.0
 40
1.0
 40
1.0
 10
213.6788207141153
 20
141.7547995342611
 30
0.0
 10
213.2446207141147
 20
129.4569995342613
 30
0.0
 10
217.1341207141149
 20
130.9077995342609
 30
0.0
 10
227.8791207141148
 20
121.224399534261
 30
0.0
 10
227.8791207141148
 20
121.224399534261
 30
0.0
 10
196.0989207141146
 20
127.3995995342611
 30
0.0
 10
186.1189207141142
 20
97.993499534261
 30
0.0
 10
192.1383207141143
 20
81.81589953426101
 30
0.0
 10
192.1383207141143
 20
81.81589953426101
 30
0.0
 10
181.3929207141145
 20
104.7808995342611
 30
0.0
 10
183.4194207141145
 20
129.0686995342612
 30
0.0
 10
210.6545207141144
 20
148.3598995342608
 30
0.0
 10
210.6545207141144
 20
148.3598995342608
 30
0.0
 10
235.3036207141149
 20
161.3056995342613
 30
0.0
 10
260.9520207141149
 20
153.5068995342612
 30
0.0
 10
280.6475207141147
 20
138.205499534261
 30
0.0
 10
280.6475207141147
 20
138.205499534261
 30
0.0
 10
260.0793207141151
 20
147.7033995342613
 30
0.0
 10
243.1766207141145
 20
138.1366995342609
 30
0.0
 10
236.5029207141142
 20
120.8081995342609
 30
0.0
 10
236.5029207141142
 20
120.8081995342609
 30
0.0
 10
235.1369207141142
 20
137.3535995342608
 30
0.0
 10
221.8241207141145
 20
136.5986995342609
 30
0.0
 10
213.6788207141153
 20
141.7547995342611
 30
0.0
  0
SPLINE
  5
305
330
1F
100
AcDbEntity
  8
Plan 1
 62
    17
100
AcDbSpline
210
0.0
220
0.0
230
1.0
 70
    11
 71
     3
 72
    60
 73
    56
 74
     0
 42
0.0000000001
 43
0.0000000001
 40
0.0
 40
0.0
 40
0.0
 40
0.0
 40
0.0666666666666667
 40
0.0666666666666667
 40
0.0666666666666667
 40
0.0666666666666667
 40
0.1333333333333333
 40
0.1333333333333333
 40
0.1333333333333333
 40
0.1333333333333333
 40
0.2
 40
0.2
 40
0.2
 40
0.2
 40
0.2666666666666667
 40
0.2666666666666667
 40
0.2666666666666667
 40
0.2666666666666667
 40
0.3333333333333333
 40
0.3333333333333333
 40
0.3333333333333333
 40
0.3333333333333333
 40
0.4
 40
0.4
 40
0.4
 40
0.4
 40
0.4666666666666667
 40
0.4666666666666667
 40
0.4666666666666667
 40
0.4666666666666667
 40
0.5333333333333333
 40
0.5333333333333333
 40
0.5333333333333333
 40
0.5333333333333333
 40
0.6
 40
0.6
 40
0.6
 40
0.6
 40
0.6666666666666666
 40
0.6666666666666666
 40
0.6666666666666666
 40
0.6666666666666666
 40
0.7333333333333333
 40
0.7333333333333333
 40
0.7333333333333333
 40
0.7333333333333333
 40
0.8
 40
0.8
 40
0.8
 40
0.8
 40
0.8666666666666667
 40
0.8666666666666667
 40
0.8666666666666667
 40
0.8666666666666667
 40
1.0
 40
1.0
 40
1.0
 40
1.0
 10
220.783420714115
 20
62.37119953426099
 30
0.0
 10
249.6479207141147
 20
61.28569953426108
 30
0.0
 10
254.6206207141149
 20
22.39759953426119
 30
0.0
 10
219.4892207141147
 20
21.75329953426103
 30
0.0
 10
219.4892207141147
 20
21.75329953426103
 30
0.0
 10
221.2769207141146
 20
20.31299953426105
 30
0.0
 10
223.0747207141149
 20
18.8725995342611
 30
0.0
 10
224.8737207141148
 20
17.43229953426112
 30
0.0
 10
224.8737207141148
 20
17.43229953426112
 30
0.0
 10
238.6554207141144
 20
21.82539953426112
 30
0.0
 10
257.3908207141148
 20
19.73689953426105
 30
0.0
 10
267.5107207141145
 20
28.01879953426101
 30
0.0
 10
267.5107207141145
 20
28.01879953426101
 30
0.0
 10
248.5114207141151
 20
28.74549953426117
 30
0.0
 10
246.4656207141143
 20
48.12329953426115
 30
0.0
 10
266.2137207141149
 20
52.86489953426098
 30
0.0
 10
266.2137207141149
 20
52.86489953426098
 30
0.0
 10
279.8533207141145
 20
56.64579953426119
 30
0.0
 10
282.5866207141144
 20
63.84699953426116
 30
0.0
 10
277.8428207141142
 20
73.3897995342611
 30
0.0
 10
277.8428207141142
 20
73.3897995342611
 30
0.0
 10
277.2691207141142
 20
57.69009953426098
 30
0.0
 10
257.318520714115
 20
69.42889953426107
 30
0.0
 10
264.4950207141146
 20
81.38379953426101
 30
0.0
 10
264.4950207141146
 20
81.38379953426101
 30
0.0
 10
277.1389207141147
 20
94.45519953426105
 30
0.0
 10
302.6798207141146
 20
76.2348995342611
 30
0.0
 10
298.0859207141147
 20
55.02529953426097
 30
0.0
 10
298.0859207141147
 20
55.02529953426097
 30
0.0
 10
313.0907207141145
 20
80.64539953426129
 30
0.0
 10
311.301420714115
 20
106.9676995342611
 30
0.0
 10
284.9570207141151
 20
134.316599534261
 30
0.0
 10
284.9570207141151
 20
134.316599534261
 30
0.0
 10
295.2468207141146
 20
116.1408995342612
 30
0.0
 10
289.9486207141144
 20
97.54249953426096
 30
0.0
 10
276.9895207141144
 20
94.99509953426104
 30
0.0
 10
276.9895207141144
 20
94.99509953426104
 30
0.0
 10
260.3872207141149
 20
92.52799953426096
 30
0.0
 10
254.7528207141149
 20
113.9531995342609
 30
0.0
 10
266.6475207141147
 20
116.3842995342611
 30
0.0
 10
266.6475207141147
 20
116.3842995342611
 30
0.0
 10
271.6280207141144
 20
116.0977995342609
 30
0.0
 10
276.6718207141148
 20
110.0490995342611
 30
0.0
 10
266.0030207141144
 20
105.797599534261
 30
0.0
 10
266.0030207141144
 20
105.797599534261
 30
0.0
 10
276.5216207141147
 20
97.80209953426107
 30
0.0
 10
286.863920714115
 20
108.8197995342611
 30
0.0
 10
279.3505207141143
 20
122.0016995342612
 30
0.0
 10
279.3505207141143
 20
122.0016995342612
 30
0.0
 10
265.685420714115
 20
136.6117995342611
 30
0.0
 10
246.7205207141151
 20
123.8827995342612
 30
0.0
 10
250.715520714115
 20
106.8778995342611
 30
0.0
 10
250.715520714115
 20
106.8778995342611
 30
0.0
 10
253.4397207141146
 20
85.12829953426104
 30
0.0
 10
240.443020714115
 20
70.72489953426111
 30
0.0
 10
220.783420714115
 20
62.37119953426099
 30
0.0
  0
SPLINE
  5
306
330
1F
100
AcDbEntity
  8
Plan 1
 62
    17
100
AcDbSpline
210
0.0
220
0.0
230
1.0
 70
    11
 71
     3
 72
    32
 73
    28
 74
     0
 42
0.0000000001
 43
0.0000000001
 40
0.0
 40
0.0
 40
0.0
 40
0.0
 40
0.125
 40
0.125
 40
0.125
 40
0.125
 40
0.25
 40
0.25
 40
0.25
 40
0.25
 40
0.375
 40
0.375
 40
0.375
 40
0.375
 40
0.5
 40
0.5
 40
0.5
 40
0.5
 40
0.625
 40
0.625
 40
0.625
 40
0.625
 40
0.75
 40
0.75
 40
0.75
 40
0.75
 40
1.0
 40
1.0
 40
1.0
 40
1.0
 10
428.9816207141147
 20
-73.30520046573884
 30
0.0
 10
438.6616207141151
 20
-82.737500465739
 30
0.0
 10
420.2015207141148
 20
-90.87860046573906
 30
0.0
 10
419.1511207141147
 20
-74.48850046573898
 30
0.0
 10
419.1511207141147
 20
-74.48850046573898
 30
0.0
 10
418.3224207141147
 20
-62.65590046573902
 30
0.0
 10
446.6323207141149
 20
-55.34690046573882
 30
0.0
 10
445.1075207141148
 20
-78.03880046573886
 30
0.0
 10
445.1075207141148
 20
-78.03880046573886
 30
0.0
 10
466.4353207141147
 20
-55.52560046573876
 30
0.0
 10
458.2869207141148
 20
-9.449400465739017
 30
0.0
 10
429.3797207141142
 20
2.828199534261102
 30
0.0
 10
429.3797207141142
 20
2.828199534261102
 30
0.0
 10
400.991620714115
 20
-23.85810046573897
 30
0.0
 10
420.9937207141146
 20
-35.56730046573898
 30
0.0
 10
416.7975207141144
 20
-54.76490046573895
 30
0.0
 10
416.7975207141144
 20
-54.76490046573895
 30
0.0
 10
411.9931207141144
 20
-81.82980046573902
 30
0.0
 10
393.1165207141148
 20
-93.40060046573876
 30
0.0
 10
360.1799207141148
 20
-89.47850046573899
 30
0.0
 10
360.1799207141148
 20
-89.47850046573899
 30
0.0
 10
376.9845207141143
 20
-101.8303004657389
 30
0.0
 10
397.5593207141146
 20
-104.196800465739
 30
0.0
 10
421.9118207141145
 20
-96.57900046573899
 30
0.0
 10
421.9118207141145
 20
-96.57900046573899
 30
0.0
 10
439.9508207141143
 20
-88.45480046573902
 30
0.0
 10
440.4619207141149
 20
-80.73980046573888
 30
0.0
 10
428.9816207141147
 20
-73.30520046573884
 30
0.0
  0
SPLINE
  5
307
330
1F
100
AcDbEntity
  8
Plan 1
 62
    17
100
AcDbSpline
210
0.0
220
0.0
230
1.0
 70
    11
 71
     3
 72
    44
 73
    40
 74
     0
 42
0.0000000001
 43
0.0000000001
 40
0.0
 40
0.0
 40
0.0
 40
0.0
 40
0.0909090909090909
 40
0.0909090909090909
 40
0.0909090909090909
 40
0.0909090909090909
 40
0.1818181818181818
 40
0.1818181818181818
 40
0.1818181818181818
 40
0.1818181818181818
 40
0.2727272727272727
 40
0.2727272727272727
 40
0.2727272727272727
 40
0.2727272727272727
 40
0.3636363636363636
 40
0.3636363636363636
 40
0.3636363636363636
 40
0.3636363636363636
 40
0.4545454545454545
 40
0.4545454545454545
 40
0.4545454545454545
 40
0.4545454545454545
 40
0.5454545454545455
 40
0.5454545454545455
 40
0.5454545454545455
 40
0.5454545454545455
 40
0.6363636363636364
 40
0.6363636363636364
 40
0.6363636363636364
 40
0.6363636363636364
 40
0.7272727272727274
 40
0.7272727272727274
 40
0.7272727272727274
 40
0.7272727272727274
 40
0.8181818181818181
 40
0.8181818181818181
 40
0.8181818181818181
 40
0.8181818181818181
 40
1.0
 40
1.0
 40
1.0
 40
1.0
 10
411.6853207141148
 20
10.32329953426097
 30
0.0
 10
409.4540207141144
 20
5.852799534261066
 30
0.0
 10
398.7874207141149
 20
-9.052300465738881
 30
0.0
 10
402.5854207141146
 20
-19.08800046573901
 30
0.0
 10
402.5854207141146
 20
-19.08800046573901
 30
0.0
 10
392.4376207141149
 20
-16.10610046573902
 30
0.0
 10
390.4891207141145
 20
3.044599534261124
 30
0.0
 10
384.0449207141146
 20
2.751799534261181
 30
0.0
 10
384.0449207141146
 20
2.751799534261181
 30
0.0
 10
380.1648207141143
 20
-15.80700046573884
 30
0.0
 10
384.9439207141149
 20
-15.27700046573886
 30
0.0
 10
387.9406207141146
 20
-21.11580046573886
 30
0.0
 10
387.9406207141146
 20
-21.11580046573886
 30
0.0
 10
342.1156207141148
 20
-13.2696004657389
 30
0.0
 10
337.5299207141143
 20
-65.59190046573895
 30
0.0
 10
361.3521207141148
 20
-68.57150046573884
 30
0.0
 10
361.3521207141148
 20
-68.57150046573884
 30
0.0
 10
380.1476207141149
 20
-70.30930046573894
 30
0.0
 10
383.7375207141149
 20
-61.88230046573881
 30
0.0
 10
380.228120714115
 20
-52.00350046573885
 30
0.0
 10
380.228120714115
 20
-52.00350046573885
 30
0.0
 10
375.9342207141144
 20
-42.453100465739
 30
0.0
 10
358.0981207141149
 20
-51.70090046573887
 30
0.0
 10
373.4123207141147
 20
-60.28750046573896
 30
0.0
 10
373.4123207141147
 20
-60.28750046573896
 30
0.0
 10
361.5898207141145
 20
-65.74050046573893
 30
0.0
 10
352.6759207141149
 20
-54.91350046573893
 30
0.0
 10
357.8148207141148
 20
-44.11410046573883
 30
0.0
 10
357.8148207141148
 20
-44.11410046573883
 30
0.0
 10
375.5098207141145
 20
-15.96340046573891
 30
0.0
 10
409.5332207141145
 20
-48.21680046573897
 30
0.0
 10
391.1246207141148
 20
-70.50300046573898
 30
0.0
 10
391.1246207141148
 20
-70.50300046573898
 30
0.0
 10
370.716420714115
 20
-88.234800465739
 30
0.0
 10
343.235320714115
 20
-83.18610046573894
 30
0.0
 10
335.8035207141147
 20
-52.39800046573896
 30
0.0
 10
335.8035207141147
 20
-52.39800046573896
 30
0.0
 10
329.9040207141143
 20
-13.60790046573902
 30
0.0
 10
368.3000207141149
 20
18.607599534261
 30
0.0
 10
411.6853207141148
 20
10.32329953426097
 30
0.0
  0
SPLINE
  5
308
330
1F
100
AcDbEntity
  8
Plan 1
 62
    17
100
AcDbSpline
210
0.0
220
0.0
230
1.0
 70
    11
 71
     3
 72
    24
 73
    20
 74
     0
 42
0.0000000001
 43
0.0000000001
 40
0.0
 40
0.0
 40
0.0
 40
0.0
 40
0.1666666666666667
 40
0.1666666666666667
 40
0.1666666666666667
 40
0.1666666666666667
 40
0.3333333333333333
 40
0.3333333333333333
 40
0.3333333333333333
 40
0.3333333333333333
 40
0.5
 40
0.5
 40
0.5
 40
0.5
 40
0.6666666666666666
 40
0.6666666666666666
 40
0.6666666666666666
 40
0.6666666666666666
 40
1.0
 40
1.0
 40
1.0
 40
1.0
 10
440.3124207141145
 20
86.78499953426102
 30
0.0
 10
436.6524207141146
 20
82.53599953426101
 30
0.0
 10
434.1404207141149
 20
77.13479953426099
 30
0.0
 10
432.7723207141144
 20
70.58109953426106
 30
0.0
 10
432.7723207141144
 20
70.58109953426106
 30
0.0
 10
416.012320714115
 20
71.61669953426098
 30
0.0
 10
409.4811207141146
 20
80.42059953426109
 30
0.0
 10
411.6685207141144
 20
95.85919953426104
 30
0.0
 10
411.6685207141144
 20
95.85919953426104
 30
0.0
 10
413.4224207141142
 20
103.150899534261
 30
0.0
 10
431.0552207141145
 20
116.4108995342612
 30
0.0
 10
436.4940207141144
 20
100.679899534261
 30
0.0
 10
436.4940207141144
 20
100.679899534261
 30
0.0
 10
438.7941207141148
 20
89.41989953426105
 30
0.0
 10
421.9463207141143
 20
86.47459953426119
 30
0.0
 10
417.0525207141144
 20
95.21109953426117
 30
0.0
 10
417.0525207141144
 20
95.21109953426117
 30
0.0
 10
414.3561207141146
 20
78.89529953426109
 30
0.0
 10
430.7995207141147
 20
77.74399953426109
 30
0.0
 10
440.3124207141145
 20
86.78499953426102
 30
0.0
  0
SPLINE
  5
309
330
1F
100
AcDbEntity
  8
Plan 1
 62
    17
100
AcDbSpline
210
0.0
220
0.0
230
1.0
 70
    11
 71
     3
 72
    28
 73
    24
 74
     0
 42
0.0000000001
 43
0.0000000001
 40
0.0
 40
0.0
 40
0.0
 40
0.0
 40
0.1428571428571428
 40
0.1428571428571428
 40
0.1428571428571428
 40
0.1428571428571428
 40
0.2857142857142857
 40
0.2857142857142857
 40
0.2857142857142857
 40
0.2857142857142857
 40
0.4285714285714285
 40
0.4285714285714285
 40
0.4285714285714285
 40
0.4285714285714285
 40
0.5714285714285714
 40
0.5714285714285714
 40
0.5714285714285714
 40
0.5714285714285714
 40
0.7142857142857144
 40
0.7142857142857144
 40
0.7142857142857144
 40
0.7142857142857144
 40
1.0
 40
1.0
 40
1.0
 40
1.0
 10
429.536620714115
 20
141.7547995342611
 30
0.0
 10
429.9708207141147
 20
129.4569995342613
 30
0.0
 10
426.0813207141145
 20
130.9077995342609
 30
0.0
 10
415.3364207141148
 20
121.224399534261
 30
0.0
 10
415.3364207141148
 20
121.224399534261
 30
0.0
 10
447.116620714115
 20
127.3995995342611
 30
0.0
 10
457.0965207141143
 20
97.993499534261
 30
0.0
 10
451.0772207141144
 20
81.81589953426101
 30
0.0
 10
451.0772207141144
 20
81.81589953426101
 30
0.0
 10
461.8226207141142
 20
104.7808995342611
 30
0.0
 10
459.7961207141143
 20
129.0686995342612
 30
0.0
 10
432.5610207141144
 20
148.3598995342608
 30
0.0
 10
432.5610207141144
 20
148.3598995342608
 30
0.0
 10
407.9119207141148
 20
161.3056995342613
 30
0.0
 10
382.2635207141147
 20
153.5068995342612
 30
0.0
 10
362.5679207141147
 20
138.205499534261
 30
0.0
 10
362.5679207141147
 20
138.205499534261
 30
0.0
 10
383.1362207141146
 20
147.7033995342613
 30
0.0
 10
400.0389207141142
 20
138.1366995342609
 30
0.0
 10
406.7126207141146
 20
120.8081995342609
 30
0.0
 10
406.7126207141146
 20
120.8081995342609
 30
0.0
 10
408.0786207141145
 20
137.3535995342608
 30
0.0
 10
421.3914207141142
 20
136.5986995342609
 30
0.0
 10
429.536620714115
 20
141.7547995342611
 30
0.0
  0
SPLINE
  5
30A
330
1F
100
AcDbEntity
  8
Plan 1
 62
    17
100
AcDbSpline
210
0.0
220
0.0
230
1.0
 70
    11
 71
     3
 72
    60
 73
    56
 74
     0
 42
0.0000000001
 43
0.0000000001
 40
0.0
 40
0.0
 40
0.0
 40
0.0
 40
0.0666666666666667
 40
0.0666666666666667
 40
0.0666666666666667
 40
0.0666666666666667
 40
0.1333333333333333
 40
0.1333333333333333
 40
0.1333333333333333
 40
0.1333333333333333
 40
0.2
 40
0.2
 40
0.2
 40
0.2
 40
0.2666666666666667
 40
0.2666666666666667
 40
0.2666666666666667
 40
0.2666666666666667
 40
0.3333333333333333
 40
0.3333333333333333
 40
0.3333333333333333
 40
0.3333333333333333
 40
0.4
 40
0.4
 40
0.4
 40
0.4
 40
0.4666666666666667
 40
0.4666666666666667
 40
0.4666666666666667
 40
0.4666666666666667
 40
0.5333333333333333
 40
0.5333333333333333
 40
0.5333333333333333
 40
0.5333333333333333
 40
0.6
 40
0.6
 40
0.6
 40
0.6
 40
0.6666666666666666
 40
0.6666666666666666
 40
0.6666666666666666
 40
0.6666666666666666
 40
0.7333333333333333
 40
0.7333333333333333
 40
0.7333333333333333
 40
0.7333333333333333
 40
0.8
 40
0.8
 40
0.8
 40
0.8
 40
0.8666666666666667
 40
0.8666666666666667
 40
0.8666666666666667
 40
0.8666666666666667
 40
1.0
 40
1.0
 40
1.0
 40
1.0
 10
422.4320207141145
 20
62.37119953426099
 30
0.0
 10
393.567620714115
 20
61.28569953426108
 30
0.0
 10
388.5949207141148
 20
22.39759953426119
 30
0.0
 10
423.7262207141148
 20
21.75329953426103
 30
0.0
 10
423.7262207141148
 20
21.75329953426103
 30
0.0
 10
421.9386207141142
 20
20.31299953426105
 30
0.0
 10
420.1408207141148
 20
18.8725995342611
 30
0.0
 10
418.3417207141146
 20
17.43229953426112
 30
0.0
 10
418.3417207141146
 20
17.43229953426112
 30
0.0
 10
404.5601207141144
 20
21.82539953426112
 30
0.0
 10
385.8246207141147
 20
19.73689953426105
 30
0.0
 10
375.704720714115
 20
28.01879953426101
 30
0.0
 10
375.704720714115
 20
28.01879953426101
 30
0.0
 10
394.7041207141147
 20
28.74549953426117
 30
0.0
 10
396.7499207141145
 20
48.12329953426115
 30
0.0
 10
377.0017207141145
 20
52.86489953426098
 30
0.0
 10
377.0017207141145
 20
52.86489953426098
 30
0.0
 10
363.3622207141143
 20
56.64579953426119
 30
0.0
 10
360.6289207141144
 20
63.84699953426116
 30
0.0
 10
365.3727207141146
 20
73.3897995342611
 30
0.0
 10
365.3727207141146
 20
73.3897995342611
 30
0.0
 10
365.9464207141145
 20
57.69009953426098
 30
0.0
 10
385.8970207141147
 20
69.42889953426107
 30
0.0
 10
378.7204207141149
 20
81.38379953426101
 30
0.0
 10
378.7204207141149
 20
81.38379953426101
 30
0.0
 10
366.0766207141151
 20
94.45519953426105
 30
0.0
 10
340.5357207141151
 20
76.2348995342611
 30
0.0
 10
345.1296207141149
 20
55.02529953426097
 30
0.0
 10
345.1296207141149
 20
55.02529953426097
 30
0.0
 10
330.1248207141143
 20
80.64539953426129
 30
0.0
 10
331.9141207141147
 20
106.9676995342611
 30
0.0
 10
358.2585207141146
 20
134.316599534261
 30
0.0
 10
358.2585207141146
 20
134.316599534261
 30
0.0
 10
347.9687207141151
 20
116.1408995342612
 30
0.0
 10
353.2669207141144
 20
97.54249953426096
 30
0.0
 10
366.2260207141144
 20
94.99509953426104
 30
0.0
 10
366.2260207141144
 20
94.99509953426104
 30
0.0
 10
382.8283207141149
 20
92.52799953426096
 30
0.0
 10
388.4627207141148
 20
113.9531995342609
 30
0.0
 10
376.5679207141147
 20
116.3842995342611
 30
0.0
 10
376.5679207141147
 20
116.3842995342611
 30
0.0
 10
371.5874207141151
 20
116.0977995342609
 30
0.0
 10
366.5437207141149
 20
110.0490995342611
 30
0.0
 10
377.2123207141149
 20
105.797599534261
 30
0.0
 10
377.2123207141149
 20
105.797599534261
 30
0.0
 10
366.6939207141149
 20
97.80209953426107
 30
0.0
 10
356.3516207141147
 20
108.8197995342611
 30
0.0
 10
363.8650207141145
 20
122.0016995342612
 30
0.0
 10
363.8650207141145
 20
122.0016995342612
 30
0.0
 10
377.5300207141145
 20
136.6117995342611
 30
0.0
 10
396.4950207141146
 20
123.8827995342612
 30
0.0
 10
392.5000207141147
 20
106.8778995342611
 30
0.0
 10
392.5000207141147
 20
106.8778995342611
 30
0.0
 10
389.7758207141142
 20
85.12829953426104
 30
0.0
 10
402.7725207141148
 20
70.72489953426111
 30
0.0
 10
422.4320207141145
 20
62.37119953426099
 30
0.0
  0
SPLINE
  5
30B
330
1F
100
AcDbEntity
  8
Plan 1
 62
    17
100
AcDbSpline
210
0.0
220
0.0
230
1.0
 70
    11
 71
     3
 72
    32
 73
    28
 74
     0
 42
0.0000000001
 43
0.0000000001
 40
0.0
 40
0.0
 40
0.0
 40
0.0
 40
0.125
 40
0.125
 40
0.125
 40
0.125
 40
0.25
 40
0.25
 40
0.25
 40
0.25
 40
0.375
 40
0.375
 40
0.375
 40
0.375
 40
0.5
 40
0.5
 40
0.5
 40
0.5
 40
0.625
 40
0.625
 40
0.625
 40
0.625
 40
0.75
 40
0.75
 40
0.75
 40
0.75
 40
1.0
 40
1.0
 40
1.0
 40
1.0
 10
428.9816207141147
 20
426.624799534261
 30
0.0
 10
438.6616207141151
 20
436.0612995342612
 30
0.0
 10
420.2015207141148
 20
444.2033995342613
 30
0.0
 10
419.1511207141147
 20
427.8218995342609
 30
0.0
 10
419.1511207141147
 20
427.8218995342609
 30
0.0
 10
418.3224207141147
 20
415.9888995342612
 30
0.0
 10
446.6323207141149
 20
408.6795995342608
 30
0.0
 10
445.1075207141148
 20
431.3656995342612
 30
0.0
 10
445.1075207141148
 20
431.3656995342612
 30
0.0
 10
466.4353207141147
 20
408.8560995342609
 30
0.0
 10
458.2869207141148
 20
362.778099534261
 30
0.0
 10
429.3797207141142
 20
350.4993995342611
 30
0.0
 10
429.3797207141142
 20
350.4993995342611
 30
0.0
 10
400.991620714115
 20
377.1840995342609
 30
0.0
 10
420.9937207141146
 20
388.9038995342612
 30
0.0
 10
416.7975207141144
 20
408.0980995342611
 30
0.0
 10
416.7975207141144
 20
408.0980995342611
 30
0.0
 10
411.9931207141144
 20
435.1537995342609
 30
0.0
 10
393.1165207141148
 20
446.7309995342612
 30
0.0
 10
360.1799207141148
 20
442.8002995342612
 30
0.0
 10
360.1799207141148
 20
442.8002995342612
 30
0.0
 10
376.9845207141143
 20
455.1582995342609
 30
0.0
 10
397.5593207141146
 20
457.5207995342611
 30
0.0
 10
421.9118207141145
 20
449.9036995342613
 30
0.0
 10
421.9118207141145
 20
449.9036995342613
 30
0.0
 10
439.9508207141143
 20
441.7842995342612
 30
0.0
 10
440.4619207141149
 20
434.0698995342608
 30
0.0
 10
428.9816207141147
 20
426.624799534261
 30
0.0
  0
SPLINE
  5
30C
330
1F
100
AcDbEntity
  8
Plan 1
 62
    17
100
AcDbSpline
210
0.0
220
0.0
230
1.0
 70
    11
 71
     3
 72
    44
 73
    40
 74
     0
 42
0.0000000001
 43
0.0000000001
 40
0.0
 40
0.0
 40
0.0
 40
0.0
 40
0.0909090909090909
 40
0.0909090909090909
 40
0.0909090909090909
 40
0.0909090909090909
 40
0.1818181818181818
 40
0.1818181818181818
 40
0.1818181818181818
 40
0.1818181818181818
 40
0.2727272727272727
 40
0.2727272727272727
 40
0.2727272727272727
 40
0.2727272727272727
 40
0.3636363636363636
 40
0.3636363636363636
 40
0.3636363636363636
 40
0.3636363636363636
 40
0.4545454545454545
 40
0.4545454545454545
 40
0.4545454545454545
 40
0.4545454545454545
 40
0.5454545454545455
 40
0.5454545454545455
 40
0.5454545454545455
 40
0.5454545454545455
 40
0.6363636363636364
 40
0.6363636363636364
 40
0.6363636363636364
 40
0.6363636363636364
 40
0.7272727272727274
 40
0.7272727272727274
 40
0.7272727272727274
 40
0.7272727272727274
 40
0.8181818181818181
 40
0.8181818181818181
 40
0.8181818181818181
 40
0.8181818181818181
 40
1.0
 40
1.0
 40
1.0
 40
1.0
 10
411.6853207141148
 20
343.0067995342611
 30
0.0
 10
409.4540207141144
 20
347.480699534261
 30
0.0
 10
398.7874207141149
 20
362.3842995342611
 30
0.0
 10
402.5854207141146
 20
372.4205995342609
 30
0.0
 10
402.5854207141146
 20
372.4205995342609
 30
0.0
 10
392.4376207141149
 20
369.4355995342612
 30
0.0
 10
390.4891207141145
 20
350.2820995342613
 30
0.0
 10
384.0449207141146
 20
350.5740995342612
 30
0.0
 10
384.0449207141146
 20
350.5740995342612
 30
0.0
 10
380.1648207141143
 20
369.1392995342612
 30
0.0
 10
384.9439207141149
 20
368.6028995342613
 30
0.0
 10
387.9406207141146
 20
374.4459995342609
 30
0.0
 10
387.9406207141146
 20
374.4459995342609
 30
0.0
 10
342.1156207141148
 20
366.5956995342613
 30
0.0
 10
337.5299207141143
 20
418.9216995342612
 30
0.0
 10
361.3521207141148
 20
421.8996995342608
 30
0.0
 10
361.3521207141148
 20
421.8996995342608
 30
0.0
 10
380.1476207141149
 20
423.640099534261
 30
0.0
 10
383.7375207141149
 20
415.212699534261
 30
0.0
 10
380.228120714115
 20
405.3417995342611
 30
0.0
 10
380.228120714115
 20
405.3417995342611
 30
0.0
 10
375.9342207141144
 20
395.7853995342611
 30
0.0
 10
358.0981207141149
 20
405.0340995342613
 30
0.0
 10
373.4123207141147
 20
413.6151995342611
 30
0.0
 10
373.4123207141147
 20
413.6151995342611
 30
0.0
 10
361.5898207141145
 20
419.0755995342611
 30
0.0
 10
352.6759207141149
 20
408.240599534261
 30
0.0
 10
357.8148207141148
 20
397.4395995342611
 30
0.0
 10
357.8148207141148
 20
397.4395995342611
 30
0.0
 10
375.5098207141145
 20
369.2930995342613
 30
0.0
 10
409.5332207141145
 20
401.5423995342612
 30
0.0
 10
391.1246207141148
 20
423.834599534261
 30
0.0
 10
391.1246207141148
 20
423.834599534261
 30
0.0
 10
370.716420714115
 20
441.5670995342611
 30
0.0
 10
343.235320714115
 20
436.5116995342609
 30
0.0
 10
335.8035207141147
 20
405.724199534261
 30
0.0
 10
335.8035207141147
 20
405.724199534261
 30
0.0
 10
329.9040207141143
 20
366.937299534261
 30
0.0
 10
368.3000207141149
 20
334.7221995342611
 30
0.0
 10
411.6853207141148
 20
343.0067995342611
 30
0.0
  0
SPLINE
  5
30D
330
1F
100
AcDbEntity
  8
Plan 1
 62
    17
100
AcDbSpline
210
0.0
220
0.0
230
1.0
 70
    11
 71
     3
 72
    24
 73
    20
 74
     0
 42
0.0000000001
 43
0.0000000001
 40
0.0
 40
0.0
 40
0.0
 40
0.0
 40
0.1666666666666667
 40
0.1666666666666667
 40
0.1666666666666667
 40
0.1666666666666667
 40
0.3333333333333333
 40
0.3333333333333333
 40
0.3333333333333333
 40
0.3333333333333333
 40
0.5
 40
0.5
 40
0.5
 40
0.5
 40
0.6666666666666666
 40
0.6666666666666666
 40
0.6666666666666666
 40
0.6666666666666666
 40
1.0
 40
1.0
 40
1.0
 40
1.0
 10
440.3124207141145
 20
266.5465995342611
 30
0.0
 10
436.6524207141146
 20
270.7918995342611
 30
0.0
 10
434.1404207141149
 20
276.1889995342613
 30
0.0
 10
432.7723207141144
 20
282.7446995342612
 30
0.0
 10
432.7723207141144
 20
282.7446995342612
 30
0.0
 10
416.012320714115
 20
281.7172995342612
 30
0.0
 10
409.4811207141146
 20
272.9076995342611
 30
0.0
 10
411.6685207141144
 20
257.4630995342609
 30
0.0
 10
411.6685207141144
 20
257.4630995342609
 30
0.0
 10
413.4224207141142
 20
250.1763995342608
 30
0.0
 10
431.0552207141145
 20
236.9223995342609
 30
0.0
 10
436.4940207141144
 20
252.647499534261
 30
0.0
 10
436.4940207141144
 20
252.647499534261
 30
0.0
 10
438.7941207141148
 20
263.9101995342612
 30
0.0
 10
421.9463207141143
 20
266.8542995342609
 30
0.0
 10
417.0525207141144
 20
258.123899534261
 30
0.0
 10
417.0525207141144
 20
258.123899534261
 30
0.0
 10
414.3561207141146
 20
274.4260995342611
 30
0.0
 10
430.7995207141147
 20
275.589299534261
 30
0.0
 10
440.3124207141145
 20
266.5465995342611
 30
0.0
  0
SPLINE
  5
30E
330
1F
100
AcDbEntity
  8
Plan 1
 62
    17
100
AcDbSpline
210
0.0
220
0.0
230
1.0
 70
    11
 71
     3
 72
    28
 73
    24
 74
     0
 42
0.0000000001
 43
0.0000000001
 40
0.0
 40
0.0
 40
0.0
 40
0.0
 40
0.1428571428571428
 40
0.1428571428571428
 40
0.1428571428571428
 40
0.1428571428571428
 40
0.2857142857142857
 40
0.2857142857142857
 40
0.2857142857142857
 40
0.2857142857142857
 40
0.4285714285714285
 40
0.4285714285714285
 40
0.4285714285714285
 40
0.4285714285714285
 40
0.5714285714285714
 40
0.5714285714285714
 40
0.5714285714285714
 40
0.5714285714285714
 40
0.7142857142857144
 40
0.7142857142857144
 40
0.7142857142857144
 40
0.7142857142857144
 40
1.0
 40
1.0
 40
1.0
 40
1.0
 10
429.536620714115
 20
211.5773995342611
 30
0.0
 10
429.9708207141147
 20
223.867399534261
 30
0.0
 10
426.0813207141145
 20
222.4191995342612
 30
0.0
 10
415.3364207141148
 20
232.0954995342609
 30
0.0
 10
415.3364207141148
 20
232.0954995342609
 30
0.0
 10
447.116620714115
 20
225.933499534261
 30
0.0
 10
457.0965207141143
 20
255.3404995342612
 30
0.0
 10
451.0772207141144
 20
271.515999534261
 30
0.0
 10
451.0772207141144
 20
271.515999534261
 30
0.0
 10
461.8226207141142
 20
248.5447995342611
 30
0.0
 10
459.7961207141143
 20
224.2611995342609
 30
0.0
 10
432.5610207141144
 20
204.9650995342613
 30
0.0
 10
432.5610207141144
 20
204.9650995342613
 30
0.0
 10
407.9119207141148
 20
192.0187995342612
 30
0.0
 10
382.2635207141147
 20
199.8236995342608
 30
0.0
 10
362.5679207141147
 20
215.121199534261
 30
0.0
 10
362.5679207141147
 20
215.121199534261
 30
0.0
 10
383.1362207141146
 20
205.6257995342612
 30
0.0
 10
400.0389207141142
 20
215.1958995342611
 30
0.0
 10
406.7126207141146
 20
232.5231995342611
 30
0.0
 10
406.7126207141146
 20
232.5231995342611
 30
0.0
 10
408.0786207141145
 20
215.9765995342609
 30
0.0
 10
421.3914207141142
 20
216.7301995342609
 30
0.0
 10
429.536620714115
 20
211.5773995342611
 30
0.0
  0
SPLINE
  5
30F
330
1F
100
AcDbEntity
  8
Plan 1
 62
    17
100
AcDbSpline
210
0.0
220
0.0
230
1.0
 70
    11
 71
     3
 72
    60
 73
    56
 74
     0
 42
0.0000000001
 43
0.0000000001
 40
0.0
 40
0.0
 40
0.0
 40
0.0
 40
0.0666666666666667
 40
0.0666666666666667
 40
0.0666666666666667
 40
0.0666666666666667
 40
0.1333333333333333
 40
0.1333333333333333
 40
0.1333333333333333
 40
0.1333333333333333
 40
0.2
 40
0.2
 40
0.2
 40
0.2
 40
0.2666666666666667
 40
0.2666666666666667
 40
0.2666666666666667
 40
0.2666666666666667
 40
0.3333333333333333
 40
0.3333333333333333
 40
0.3333333333333333
 40
0.3333333333333333
 40
0.4
 40
0.4
 40
0.4
 40
0.4
 40
0.4666666666666667
 40
0.4666666666666667
 40
0.4666666666666667
 40
0.4666666666666667
 40
0.5333333333333333
 40
0.5333333333333333
 40
0.5333333333333333
 40
0.5333333333333333
 40
0.6
 40
0.6
 40
0.6
 40
0.6
 40
0.6666666666666666
 40
0.6666666666666666
 40
0.6666666666666666
 40
0.6666666666666666
 40
0.7333333333333333
 40
0.7333333333333333
 40
0.7333333333333333
 40
0.7333333333333333
 40
0.8
 40
0.8
 40
0.8
 40
0.8
 40
0.8666666666666667
 40
0.8666666666666667
 40
0.8666666666666667
 40
0.8666666666666667
 40
1.0
 40
1.0
 40
1.0
 40
1.0
 10
422.4320207141145
 20
290.9659995342613
 30
0.0
 10
393.567620714115
 20
292.049899534261
 30
0.0
 10
388.5949207141148
 20
330.9339995342611
 30
0.0
 10
423.7262207141148
 20
331.5789995342611
 30
0.0
 10
423.7262207141148
 20
331.5789995342611
 30
0.0
 10
421.9386207141142
 20
333.011499534261
 30
0.0
 10
420.1408207141148
 20
334.4551995342613
 30
0.0
 10
418.3417207141146
 20
335.887599534261
 30
0.0
 10
418.3417207141146
 20
335.887599534261
 30
0.0
 10
404.5601207141144
 20
331.504299534261
 30
0.0
 10
385.8246207141147
 20
333.5929995342612
 30
0.0
 10
375.704720714115
 20
325.3083995342613
 30
0.0
 10
375.704720714115
 20
325.3083995342613
 30
0.0
 10
394.7041207141147
 20
324.5842995342609
 30
0.0
 10
396.7499207141145
 20
305.213399534261
 30
0.0
 10
377.0017207141145
 20
300.4657995342609
 30
0.0
 10
377.0017207141145
 20
300.4657995342609
 30
0.0
 10
363.3622207141143
 20
296.688899534261
 30
0.0
 10
360.6289207141144
 20
289.4768995342611
 30
0.0
 10
365.3727207141146
 20
279.9431995342611
 30
0.0
 10
365.3727207141146
 20
279.9431995342611
 30
0.0
 10
365.9464207141145
 20
295.6389995342611
 30
0.0
 10
385.8970207141147
 20
283.8964995342612
 30
0.0
 10
378.7204207141149
 20
271.9436995342612
 30
0.0
 10
378.7204207141149
 20
271.9436995342612
 30
0.0
 10
366.0766207141151
 20
258.8773995342608
 30
0.0
 10
340.5357207141151
 20
277.0895995342612
 30
0.0
 10
345.1296207141149
 20
298.3091995342611
 30
0.0
 10
345.1296207141149
 20
298.3091995342611
 30
0.0
 10
330.1248207141143
 20
272.674699534261
 30
0.0
 10
331.9141207141147
 20
246.365599534261
 30
0.0
 10
358.2585207141146
 20
219.017999534261
 30
0.0
 10
358.2585207141146
 20
219.017999534261
 30
0.0
 10
347.9687207141151
 20
237.1848995342611
 30
0.0
 10
353.2669207141144
 20
255.7907995342612
 30
0.0
 10
366.2260207141144
 20
258.3297995342609
 30
0.0
 10
366.2260207141144
 20
258.3297995342609
 30
0.0
 10
382.8283207141149
 20
260.8008995342611
 30
0.0
 10
388.4627207141148
 20
239.3753995342613
 30
0.0
 10
376.5679207141147
 20
236.9449995342611
 30
0.0
 10
376.5679207141147
 20
236.9449995342611
 30
0.0
 10
371.5874207141151
 20
237.2301995342609
 30
0.0
 10
366.5437207141149
 20
243.2834995342609
 30
0.0
 10
377.2123207141149
 20
247.528799534261
 30
0.0
 10
377.2123207141149
 20
247.528799534261
 30
0.0
 10
366.6939207141149
 20
255.5281995342611
 30
0.0
 10
356.3516207141147
 20
244.5166995342611
 30
0.0
 10
363.8650207141145
 20
231.3306995342609
 30
0.0
 10
363.8650207141145
 20
231.3306995342609
 30
0.0
 10
377.5300207141145
 20
216.7188995342613
 30
0.0
 10
396.4950207141146
 20
229.4478995342611
 30
0.0
 10
392.5000207141147
 20
246.4515995342613
 30
0.0
 10
392.5000207141147
 20
246.4515995342613
 30
0.0
 10
389.7758207141142
 20
268.200799534261
 30
0.0
 10
402.7725207141148
 20
282.602099534261
 30
0.0
 10
422.4320207141145
 20
290.9659995342613
 30
0.0
  0
SPLINE
  5
310
330
1F
100
AcDbEntity
  8
Plan 1
 62
    17
100
AcDbSpline
210
0.0
220
0.0
230
1.0
 70
    11
 71
     3
 72
    32
 73
    28
 74
     0
 42
0.0000000001
 43
0.0000000001
 40
0.0
 40
0.0
 40
0.0
 40
0.0
 40
0.125
 40
0.125
 40
0.125
 40
0.125
 40
0.25
 40
0.25
 40
0.25
 40
0.25
 40
0.375
 40
0.375
 40
0.375
 40
0.375
 40
0.5
 40
0.5
 40
0.5
 40
0.5
 40
0.625
 40
0.625
 40
0.625
 40
0.625
 40
0.75
 40
0.75
 40
0.75
 40
0.75
 40
1.0
 40
1.0
 40
1.0
 40
1.0
 10
214.2338207141147
 20
426.624799534261
 30
0.0
 10
204.5539207141146
 20
436.0612995342612
 30
0.0
 10
223.0140207141149
 20
444.2033995342613
 30
0.0
 10
224.0644207141149
 20
427.8218995342609
 30
0.0
 10
224.0644207141149
 20
427.8218995342609
 30
0.0
 10
224.893120714115
 20
415.9888995342612
 30
0.0
 10
196.5832207141147
 20
408.6795995342608
 30
0.0
 10
198.1080207141149
 20
431.3656995342612
 30
0.0
 10
198.1080207141149
 20
431.3656995342612
 30
0.0
 10
176.7802207141149
 20
408.8560995342609
 30
0.0
 10
184.9286207141149
 20
362.778099534261
 30
0.0
 10
213.8357207141144
 20
350.4993995342611
 30
0.0
 10
213.8357207141144
 20
350.4993995342611
 30
0.0
 10
242.2239207141147
 20
377.1840995342609
 30
0.0
 10
222.221820714115
 20
388.9038995342612
 30
0.0
 10
226.4180207141144
 20
408.0980995342611
 30
0.0
 10
226.4180207141144
 20
408.0980995342611
 30
0.0
 10
231.2224207141144
 20
435.1537995342609
 30
0.0
 10
250.0990207141149
 20
446.7309995342612
 30
0.0
 10
283.0356207141149
 20
442.8002995342612
 30
0.0
 10
283.0356207141149
 20
442.8002995342612
 30
0.0
 10
266.2309207141143
 20
455.1582995342609
 30
0.0
 10
245.6562207141151
 20
457.5207995342611
 30
0.0
 10
221.3037207141142
 20
449.9036995342613
 30
0.0
 10
221.3037207141142
 20
449.9036995342613
 30
0.0
 10
203.2647207141144
 20
441.7842995342612
 30
0.0
 10
202.7536207141147
 20
434.0698995342608
 30
0.0
 10
214.2338207141147
 20
426.624799534261
 30
0.0
  0
SPLINE
  5
311
330
1F
100
AcDbEntity
  8
Plan 1
 62
    17
100
AcDbSpline
210
0.0
220
0.0
230
1.0
 70
    11
 71
     3
 72
    44
 73
    40
 74
     0
 42
0.0000000001
 43
0.0000000001
 40
0.0
 40
0.0
 40
0.0
 40
0.0
 40
0.0909090909090909
 40
0.0909090909090909
 40
0.0909090909090909
 40
0.0909090909090909
 40
0.1818181818181818
 40
0.1818181818181818
 40
0.1818181818181818
 40
0.1818181818181818
 40
0.2727272727272727
 40
0.2727272727272727
 40
0.2727272727272727
 40
0.2727272727272727
 40
0.3636363636363636
 40
0.3636363636363636
 40
0.3636363636363636
 40
0.3636363636363636
 40
0.4545454545454545
 40
0.4545454545454545
 40
0.4545454545454545
 40
0.4545454545454545
 40
0.5454545454545455
 40
0.5454545454545455
 40
0.5454545454545455
 40
0.5454545454545455
 40
0.6363636363636364
 40
0.6363636363636364
 40
0.6363636363636364
 40
0.6363636363636364
 40
0.7272727272727274
 40
0.7272727272727274
 40
0.7272727272727274
 40
0.7272727272727274
 40
0.8181818181818181
 40
0.8181818181818181
 40
0.8181818181818181
 40
0.8181818181818181
 40
1.0
 40
1.0
 40
1.0
 40
1.0
 10
231.5302207141149
 20
343.0067995342611
 30
0.0
 10
233.7615207141143
 20
347.480699534261
 30
0.0
 10
244.4281207141148
 20
362.3842995342611
 30
0.0
 10
240.630120714115
 20
372.4205995342609
 30
0.0
 10
240.630120714115
 20
372.4205995342609
 30
0.0
 10
250.7778207141146
 20
369.4355995342612
 30
0.0
 10
252.726320714115
 20
350.2820995342613
 30
0.0
 10
259.1706207141151
 20
350.5740995342612
 30
0.0
 10
259.1706207141151
 20
350.5740995342612
 30
0.0
 10
263.0507207141145
 20
369.1392995342612
 30
0.0
 10
258.2716207141148
 20
368.6028995342613
 30
0.0
 10
255.2749207141151
 20
374.4459995342609
 30
0.0
 10
255.2749207141151
 20
374.4459995342609
 30
0.0
 10
301.0999207141149
 20
366.5956995342613
 30
0.0
 10
305.6856207141145
 20
418.9216995342612
 30
0.0
 10
281.8634207141149
 20
421.8996995342608
 30
0.0
 10
281.8634207141149
 20
421.8996995342608
 30
0.0
 10
263.0679207141148
 20
423.640099534261
 30
0.0
 10
259.4780207141148
 20
415.212699534261
 30
0.0
 10
262.9874207141147
 20
405.3417995342611
 30
0.0
 10
262.9874207141147
 20
405.3417995342611
 30
0.0
 10
267.2812207141151
 20
395.7853995342611
 30
0.0
 10
285.1174207141148
 20
405.0340995342613
 30
0.0
 10
269.8031207141148
 20
413.6151995342611
 30
0.0
 10
269.8031207141148
 20
413.6151995342611
 30
0.0
 10
281.6257207141143
 20
419.0755995342611
 30
0.0
 10
290.5396207141148
 20
408.240599534261
 30
0.0
 10
285.4007207141149
 20
397.4395995342611
 30
0.0
 10
285.4007207141149
 20
397.4395995342611
 30
0.0
 10
267.7056207141149
 20
369.2930995342613
 30
0.0
 10
233.6823207141142
 20
401.5423995342612
 30
0.0
 10
252.0909207141149
 20
423.834599534261
 30
0.0
 10
252.0909207141149
 20
423.834599534261
 30
0.0
 10
272.4990207141145
 20
441.5670995342611
 30
0.0
 10
299.9802207141147
 20
436.5116995342609
 30
0.0
 10
307.412020714115
 20
405.724199534261
 30
0.0
 10
307.412020714115
 20
405.724199534261
 30
0.0
 10
313.3115207141145
 20
366.937299534261
 30
0.0
 10
274.9155207141148
 20
334.7221995342611
 30
0.0
 10
231.5302207141149
 20
343.0067995342611
 30
0.0
  0
SPLINE
  5
312
330
1F
100
AcDbEntity
  8
Plan 1
 62
    17
100
AcDbSpline
210
0.0
220
0.0
230
1.0
 70
    11
 71
     3
 72
    24
 73
    20
 74
     0
 42
0.0000000001
 43
0.0000000001
 40
0.0
 40
0.0
 40
0.0
 40
0.0
 40
0.1666666666666667
 40
0.1666666666666667
 40
0.1666666666666667
 40
0.1666666666666667
 40
0.3333333333333333
 40
0.3333333333333333
 40
0.3333333333333333
 40
0.3333333333333333
 40
0.5
 40
0.5
 40
0.5
 40
0.5
 40
0.6666666666666666
 40
0.6666666666666666
 40
0.6666666666666666
 40
0.6666666666666666
 40
1.0
 40
1.0
 40
1.0
 40
1.0
 10
202.9031207141143
 20
266.5465995342611
 30
0.0
 10
206.563120714115
 20
270.7918995342611
 30
0.0
 10
209.0751207141147
 20
276.1889995342613
 30
0.0
 10
210.4432207141144
 20
282.7446995342612
 30
0.0
 10
210.4432207141144
 20
282.7446995342612
 30
0.0
 10
227.2032207141147
 20
281.7172995342612
 30
0.0
 10
233.734420714115
 20
272.9076995342611
 30
0.0
 10
231.5470207141143
 20
257.4630995342609
 30
0.0
 10
231.5470207141143
 20
257.4630995342609
 30
0.0
 10
229.7931207141146
 20
250.1763995342608
 30
0.0
 10
212.1601207141148
 20
236.9223995342609
 30
0.0
 10
206.7215207141144
 20
252.647499534261
 30
0.0
 10
206.7215207141144
 20
252.647499534261
 30
0.0
 10
204.4214207141149
 20
263.9101995342612
 30
0.0
 10
221.2692207141145
 20
266.8542995342609
 30
0.0
 10
226.1630207141143
 20
258.123899534261
 30
0.0
 10
226.1630207141143
 20
258.123899534261
 30
0.0
 10
228.859420714115
 20
274.4260995342611
 30
0.0
 10
212.4158207141145
 20
275.589299534261
 30
0.0
 10
202.9031207141143
 20
266.5465995342611
 30
0.0
  0
SPLINE
  5
313
330
1F
100
AcDbEntity
  8
Plan 1
 62
    17
100
AcDbSpline
210
0.0
220
0.0
230
1.0
 70
    11
 71
     3
 72
    28
 73
    24
 74
     0
 42
0.0000000001
 43
0.0000000001
 40
0.0
 40
0.0
 40
0.0
 40
0.0
 40
0.1428571428571428
 40
0.1428571428571428
 40
0.1428571428571428
 40
0.1428571428571428
 40
0.2857142857142857
 40
0.2857142857142857
 40
0.2857142857142857
 40
0.2857142857142857
 40
0.4285714285714285
 40
0.4285714285714285
 40
0.4285714285714285
 40
0.4285714285714285
 40
0.5714285714285714
 40
0.5714285714285714
 40
0.5714285714285714
 40
0.5714285714285714
 40
0.7142857142857144
 40
0.7142857142857144
 40
0.7142857142857144
 40
0.7142857142857144
 40
1.0
 40
1.0
 40
1.0
 40
1.0
 10
213.6788207141153
 20
211.5773995342611
 30
0.0
 10
213.2446207141147
 20
223.867399534261
 30
0.0
 10
217.1341207141149
 20
222.4191995342612
 30
0.0
 10
227.8791207141148
 20
232.0954995342609
 30
0.0
 10
227.8791207141148
 20
232.0954995342609
 30
0.0
 10
196.0989207141146
 20
225.933499534261
 30
0.0
 10
186.1189207141142
 20
255.3404995342612
 30
0.0
 10
192.1383207141143
 20
271.515999534261
 30
0.0
 10
192.1383207141143
 20
271.515999534261
 30
0.0
 10
181.3929207141145
 20
248.5447995342611
 30
0.0
 10
183.4194207141145
 20
224.2611995342609
 30
0.0
 10
210.6545207141144
 20
204.9650995342613
 30
0.0
 10
210.6545207141144
 20
204.9650995342613
 30
0.0
 10
235.3036207141149
 20
192.0187995342612
 30
0.0
 10
260.9520207141149
 20
199.8236995342608
 30
0.0
 10
280.6475207141147
 20
215.121199534261
 30
0.0
 10
280.6475207141147
 20
215.121199534261
 30
0.0
 10
260.0793207141151
 20
205.6257995342612
 30
0.0
 10
243.1766207141145
 20
215.1958995342611
 30
0.0
 10
236.5029207141142
 20
232.5231995342611
 30
0.0
 10
236.5029207141142
 20
232.5231995342611
 30
0.0
 10
235.1369207141142
 20
215.9765995342609
 30
0.0
 10
221.8241207141145
 20
216.7301995342609
 30
0.0
 10
213.6788207141153
 20
211.5773995342611
 30
0.0
  0
SPLINE
  5
314
330
1F
100
AcDbEntity
  8
Plan 1
 62
    17
100
AcDbSpline
210
0.0
220
0.0
230
1.0
 70
    11
 71
     3
 72
    60
 73
    56
 74
     0
 42
0.0000000001
 43
0.0000000001
 40
0.0
 40
0.0
 40
0.0
 40
0.0
 40
0.0666666666666667
 40
0.0666666666666667
 40
0.0666666666666667
 40
0.0666666666666667
 40
0.1333333333333333
 40
0.1333333333333333
 40
0.1333333333333333
 40
0.1333333333333333
 40
0.2
 40
0.2
 40
0.2
 40
0.2
 40
0.2666666666666667
 40
0.2666666666666667
 40
0.2666666666666667
 40
0.2666666666666667
 40
0.3333333333333333
 40
0.3333333333333333
 40
0.3333333333333333
 40
0.3333333333333333
 40
0.4
 40
0.4
 40
0.4
 40
0.4
 40
0.4666666666666667
 40
0.4666666666666667
 40
0.4666666666666667
 40
0.4666666666666667
 40
0.5333333333333333
 40
0.5333333333333333
 40
0.5333333333333333
 40
0.5333333333333333
 40
0.6
 40
0.6
 40
0.6
 40
0.6
 40
0.6666666666666666
 40
0.6666666666666666
 40
0.6666666666666666
 40
0.6666666666666666
 40
0.7333333333333333
 40
0.7333333333333333
 40
0.7333333333333333
 40
0.7333333333333333
 40
0.8
 40
0.8
 40
0.8
 40
0.8
 40
0.8666666666666667
 40
0.8666666666666667
 40
0.8666666666666667
 40
0.8666666666666667
 40
1.0
 40
1.0
 40
1.0
 40
1.0
 10
220.783420714115
 20
290.9659995342613
 30
0.0
 10
249.6479207141147
 20
292.049899534261
 30
0.0
 10
254.6206207141149
 20
330.9339995342611
 30
0.0
 10
219.4892207141147
 20
331.5789995342611
 30
0.0
 10
219.4892207141147
 20
331.5789995342611
 30
0.0
 10
221.2769207141146
 20
333.011499534261
 30
0.0
 10
223.0747207141149
 20
334.4551995342613
 30
0.0
 10
224.8737207141148
 20
335.887599534261
 30
0.0
 10
224.8737207141148
 20
335.887599534261
 30
0.0
 10
238.6554207141144
 20
331.504299534261
 30
0.0
 10
257.3908207141148
 20
333.5929995342612
 30
0.0
 10
267.5107207141145
 20
325.3083995342613
 30
0.0
 10
267.5107207141145
 20
325.3083995342613
 30
0.0
 10
248.5114207141151
 20
324.5842995342609
 30
0.0
 10
246.4656207141143
 20
305.213399534261
 30
0.0
 10
266.2137207141149
 20
300.4657995342609
 30
0.0
 10
266.2137207141149
 20
300.4657995342609
 30
0.0
 10
279.8533207141145
 20
296.688899534261
 30
0.0
 10
282.5866207141144
 20
289.4768995342611
 30
0.0
 10
277.8428207141142
 20
279.9431995342611
 30
0.0
 10
277.8428207141142
 20
279.9431995342611
 30
0.0
 10
277.2691207141142
 20
295.6389995342611
 30
0.0
 10
257.318520714115
 20
283.8964995342612
 30
0.0
 10
264.4950207141146
 20
271.9436995342612
 30
0.0
 10
264.4950207141146
 20
271.9436995342612
 30
0.0
 10
277.1389207141147
 20
258.8773995342608
 30
0.0
 10
302.6798207141146
 20
277.0895995342612
 30
0.0
 10
298.0859207141147
 20
298.3091995342611
 30
0.0
 10
298.0859207141147
 20
298.3091995342611
 30
0.0
 10
313.0907207141145
 20
272.674699534261
 30
0.0
 10
311.301420714115
 20
246.365599534261
 30
0.0
 10
284.9570207141151
 20
219.017999534261
 30
0.0
 10
284.9570207141151
 20
219.017999534261
 30
0.0
 10
295.2468207141146
 20
237.1848995342611
 30
0.0
 10
289.9486207141144
 20
255.7907995342612
 30
0.0
 10
276.9895207141144
 20
258.3297995342609
 30
0.0
 10
276.9895207141144
 20
258.3297995342609
 30
0.0
 10
260.3872207141149
 20
260.8008995342611
 30
0.0
 10
254.7528207141149
 20
239.3753995342613
 30
0.0
 10
266.6475207141147
 20
236.9449995342611
 30
0.0
 10
266.6475207141147
 20
236.9449995342611
 30
0.0
 10
271.6280207141144
 20
237.2301995342609
 30
0.0
 10
276.6718207141148
 20
243.2834995342609
 30
0.0
 10
266.0030207141144
 20
247.528799534261
 30
0.0
 10
266.0030207141144
 20
247.528799534261
 30
0.0
 10
276.5216207141147
 20
255.5281995342611
 30
0.0
 10
286.863920714115
 20
244.5166995342611
 30
0.0
 10
279.3505207141143
 20
231.3306995342609
 30
0.0
 10
279.3505207141143
 20
231.3306995342609
 30
0.0
 10
265.685420714115
 20
216.7188995342613
 30
0.0
 10
246.7205207141151
 20
229.4478995342611
 30
0.0
 10
250.715520714115
 20
246.4515995342613
 30
0.0
 10
250.715520714115
 20
246.4515995342613
 30
0.0
 10
253.4397207141146
 20
268.200799534261
 30
0.0
 10
240.443020714115
 20
282.602099534261
 30
0.0
 10
220.783420714115
 20
290.9659995342613
 30
0.0
  0
SPLINE
  5
315
330
1F
100
AcDbEntity
  8
Plan 1
 62
    17
100
AcDbSpline
210
0.0
220
0.0
230
1.0
 70
    11
 71
     3
 72
    52
 73
    48
 74
     0
 42
0.0000000001
 43
0.0000000001
 40
0.0
 40
0.0
 40
0.0
 40
0.0
 40
0.0769230769230769
 40
0.0769230769230769
 40
0.0769230769230769
 40
0.0769230769230769
 40
0.1538461538461539
 40
0.1538461538461539
 40
0.1538461538461539
 40
0.1538461538461539
 40
0.2307692307692308
 40
0.2307692307692308
 40
0.2307692307692308
 40
0.2307692307692308
 40
0.3076923076923077
 40
0.3076923076923077
 40
0.3076923076923077
 40
0.3076923076923077
 40
0.3846153846153846
 40
0.3846153846153846
 40
0.3846153846153846
 40
0.3846153846153846
 40
0.4615384615384616
 40
0.4615384615384616
 40
0.4615384615384616
 40
0.4615384615384616
 40
0.5384615384615385
 40
0.5384615384615385
 40
0.5384615384615385
 40
0.5384615384615385
 40
0.6153846153846155
 40
0.6153846153846155
 40
0.6153846153846155
 40
0.6153846153846155
 40
0.6923076923076924
 40
0.6923076923076924
 40
0.6923076923076924
 40
0.6923076923076924
 40
0.7692307692307693
 40
0.7692307692307693
 40
0.7692307692307693
 40
0.7692307692307693
 40
0.8461538461538461
 40
0.8461538461538461
 40
0.8461538461538461
 40
0.8461538461538461
 40
1.0
 40
1.0
 40
1.0
 40
1.0
 10
159.2275207141147
 20
-117.362400465739
 30
0.0
 10
154.5135207141147
 20
-119.3020004657389
 30
0.0
 10
154.0164207141142
 20
-125.5920004657389
 30
0.0
 10
161.8930207141147
 20
-129.3050004657389
 30
0.0
 10
161.8930207141147
 20
-129.3050004657389
 30
0.0
 10
155.5797207141149
 20
-132.7995004657389
 30
0.0
 10
145.6725207141144
 20
-134.2381004657388
 30
0.0
 10
138.3888207141144
 20
-131.270900465739
 30
0.0
 10
138.3888207141144
 20
-131.270900465739
 30
0.0
 10
114.3157207141148
 20
-117.7787004657389
 30
0.0
 10
89.72142071411509
 20
-122.367000465739
 30
0.0
 10
63.92322071411491
 20
-134.2196004657387
 30
0.0
 10
63.92322071411491
 20
-134.2196004657387
 30
0.0
 10
63.13862071411495
 20
-124.1175004657389
 30
0.0
 10
56.37002071411462
 20
-118.0716004657388
 30
0.0
 10
48.76292071411445
 20
-116.8858004657388
 30
0.0
 10
48.76292071411445
 20
-116.8858004657388
 30
0.0
 10
48.76292071411445
 20
-116.8142004657388
 30
0.0
 10
48.76292071411445
 20
-116.742100465739
 30
0.0
 10
48.76292071411445
 20
-116.6692004657388
 30
0.0
 10
48.76292071411445
 20
-116.6692004657388
 30
0.0
 10
48.76292071411445
 20
-116.596200465739
 30
0.0
 10
48.76292071411445
 20
-116.5234004657388
 30
0.0
 10
48.76292071411445
 20
-116.4519004657388
 30
0.0
 10
48.76292071411445
 20
-116.4519004657388
 30
0.0
 10
56.37002071411462
 20
-115.2662004657388
 30
0.0
 10
63.13862071411495
 20
-109.2206004657389
 30
0.0
 10
63.92322071411491
 20
-99.11850046573887
 30
0.0
 10
63.92322071411491
 20
-99.11850046573887
 30
0.0
 10
89.72142071411509
 20
-110.9713004657389
 30
0.0
 10
114.3157207141148
 20
-115.5596004657388
 30
0.0
 10
138.3888207141144
 20
-102.0673004657389
 30
0.0
 10
138.3888207141144
 20
-102.0673004657389
 30
0.0
 10
145.6725207141144
 20
-99.10000046573896
 30
0.0
 10
155.5797207141149
 20
-100.5387004657389
 30
0.0
 10
161.8930207141147
 20
-104.0333004657389
 30
0.0
 10
161.8930207141147
 20
-104.0333004657389
 30
0.0
 10
153.9564207141147
 20
-107.7727004657388
 30
0.0
 10
154.519520714115
 20
-114.125100465739
 30
0.0
 10
159.329320714115
 20
-116.0157004657389
 30
0.0
 10
159.329320714115
 20
-116.0157004657389
 30
0.0
 10
159.2575207141144
 20
-116.4109004657389
 30
0.0
 10
159.2275207141147
 20
-116.822600465739
 30
0.0
 10
159.2275207141147
 20
-117.2454004657388
 30
0.0
 10
159.2275207141147
 20
-117.2454004657388
 30
0.0
 10
159.2275207141147
 20
-117.2846004657388
 30
0.0
 10
159.2275207141147
 20
-117.323500465739
 30
0.0
 10
159.2275207141147
 20
-117.362400465739
 30
0.0
  0
SPLINE
  5
316
330
1F
100
AcDbEntity
  8
Plan 1
 62
    17
100
AcDbSpline
210
0.0
220
0.0
230
1.0
 70
    11
 71
     3
 72
    52
 73
    48
 74
     0
 42
0.0000000001
 43
0.0000000001
 40
0.0
 40
0.0
 40
0.0
 40
0.0
 40
0.0769230769230769
 40
0.0769230769230769
 40
0.0769230769230769
 40
0.0769230769230769
 40
0.1538461538461539
 40
0.1538461538461539
 40
0.1538461538461539
 40
0.1538461538461539
 40
0.2307692307692308
 40
0.2307692307692308
 40
0.2307692307692308
 40
0.2307692307692308
 40
0.3076923076923077
 40
0.3076923076923077
 40
0.3076923076923077
 40
0.3076923076923077
 40
0.3846153846153846
 40
0.3846153846153846
 40
0.3846153846153846
 40
0.3846153846153846
 40
0.4615384615384616
 40
0.4615384615384616
 40
0.4615384615384616
 40
0.4615384615384616
 40
0.5384615384615385
 40
0.5384615384615385
 40
0.5384615384615385
 40
0.5384615384615385
 40
0.6153846153846155
 40
0.6153846153846155
 40
0.6153846153846155
 40
0.6153846153846155
 40
0.6923076923076924
 40
0.6923076923076924
 40
0.6923076923076924
 40
0.6923076923076924
 40
0.7692307692307693
 40
0.7692307692307693
 40
0.7692307692307693
 40
0.7692307692307693
 40
0.8461538461538461
 40
0.8461538461538461
 40
0.8461538461538461
 40
0.8461538461538461
 40
1.0
 40
1.0
 40
1.0
 40
1.0
 10
-107.3799792858854
 20
-115.7250004657389
 30
0.0
 10
-107.4817792858857
 20
-116.207600465739
 30
0.0
 10
-107.5417792858852
 20
-116.7178004657389
 30
0.0
 10
-107.5417792858852
 20
-117.2454004657388
 30
0.0
 10
-107.5417792858852
 20
-117.2454004657388
 30
0.0
 10
-107.5417792858852
 20
-117.3874004657389
 30
0.0
 10
-107.5297792858855
 20
-117.5279004657388
 30
0.0
 10
-107.5237792858852
 20
-117.6672004657389
 30
0.0
 10
-107.5237792858852
 20
-117.6672004657389
 30
0.0
 10
-109.7939792858851
 20
-118.5244004657388
 30
0.0
 10
-112.309679285885
 20
-120.0434004657388
 30
0.0
 10
-114.9271792858853
 20
-122.4244004657389
 30
0.0
 10
-114.9271792858853
 20
-122.4244004657389
 30
0.0
 10
-115.7838792858856
 20
-123.2608004657388
 30
0.0
 10
-116.4001792858853
 20
-124.2117004657389
 30
0.0
 10
-116.801579285885
 20
-125.2349004657389
 30
0.0
 10
-116.801579285885
 20
-125.2349004657389
 30
0.0
 10
-117.203079285885
 20
-124.2117004657389
 30
0.0
 10
-117.8190792858849
 20
-123.2608004657388
 30
0.0
 10
-118.6758792858854
 20
-122.4244004657389
 30
0.0
 10
-118.6758792858854
 20
-122.4244004657389
 30
0.0
 10
-121.2933792858857
 20
-120.0434004657388
 30
0.0
 10
-123.7972792858854
 20
-118.5244004657388
 30
0.0
 10
-126.0702792858856
 20
-117.6672004657389
 30
0.0
 10
-126.0702792858856
 20
-117.6672004657389
 30
0.0
 10
-126.0637792858851
 20
-117.5279004657388
 30
0.0
 10
-126.0594792858855
 20
-117.3874004657389
 30
0.0
 10
-126.0594792858855
 20
-117.2454004657388
 30
0.0
 10
-126.0594792858855
 20
-117.2454004657388
 30
0.0
 10
-126.0594792858855
 20
-116.7178004657389
 30
0.0
 10
-126.1160792858854
 20
-116.207600465739
 30
0.0
 10
-126.2185792858854
 20
-115.7250004657389
 30
0.0
 10
-126.2185792858854
 20
-115.7250004657389
 30
0.0
 10
-123.9062792858849
 20
-114.878600465739
 30
0.0
 10
-121.3521792858855
 20
-113.3466004657389
 30
0.0
 10
-118.6758792858854
 20
-110.9139004657388
 30
0.0
 10
-118.6758792858854
 20
-110.9139004657388
 30
0.0
 10
-117.8190792858849
 20
-110.0775004657389
 30
0.0
 10
-117.2027792858853
 20
-109.126100465739
 30
0.0
 10
-116.801579285885
 20
-108.1029004657389
 30
0.0
 10
-116.801579285885
 20
-108.1029004657389
 30
0.0
 10
-116.400479285885
 20
-109.126100465739
 30
0.0
 10
-115.7838792858856
 20
-110.0775004657389
 30
0.0
 10
-114.9271792858853
 20
-110.9139004657388
 30
0.0
 10
-114.9271792858853
 20
-110.9139004657388
 30
0.0
 10
-112.2496792858856
 20
-113.3466004657389
 30
0.0
 10
-109.6920792858855
 20
-114.878600465739
 30
0.0
 10
-107.3799792858854
 20
-115.7250004657389
 30
0.0
  0
SPLINE
  5
317
330
1F
100
AcDbEntity
  8
Plan 1
 62
    17
100
AcDbSpline
210
0.0
220
0.0
230
1.0
 70
    11
 71
     3
 72
    20
 73
    16
 74
     0
 42
0.0000000001
 43
0.0000000001
 40
0.0
 40
0.0
 40
0.0
 40
0.0
 40
0.2
 40
0.2
 40
0.2
 40
0.2
 40
0.4
 40
0.4
 40
0.4
 40
0.4
 40
0.6
 40
0.6
 40
0.6
 40
0.6
 40
1.0
 40
1.0
 40
1.0
 40
1.0
 10
-116.8003792858853
 20
-131.915100465739
 30
0.0
 10
-114.4799792858857
 20
-139.0929004657389
 30
0.0
 10
-105.5098792858853
 20
-145.8170004657388
 30
0.0
 10
-95.6398792858854
 20
-141.7556004657388
 30
0.0
 10
-95.6398792858854
 20
-141.7556004657388
 30
0.0
 10
-106.998079285885
 20
-152.4665004657388
 30
0.0
 10
-114.4123792858854
 20
-165.1685004657388
 30
0.0
 10
-116.7980792858852
 20
-178.6128004657389
 30
0.0
 10
-116.7980792858852
 20
-178.6128004657389
 30
0.0
 10
-119.1826792858855
 20
-165.1685004657388
 30
0.0
 10
-126.5943792858852
 20
-152.4665004657388
 30
0.0
 10
-137.9474792858855
 20
-141.7556004657388
 30
0.0
 10
-137.9474792858855
 20
-141.7556004657388
 30
0.0
 10
-128.0821792858851
 20
-145.8170004657388
 30
0.0
 10
-119.1172792858851
 20
-139.0929004657389
 30
0.0
 10
-116.8003792858853
 20
-131.915100465739
 30
0.0
  0
SPLINE
  5
318
330
1F
100
AcDbEntity
  8
Plan 1
 62
    17
100
AcDbSpline
210
0.0
220
0.0
230
1.0
 70
    11
 71
     3
 72
    36
 73
    32
 74
     0
 42
0.0000000001
 43
0.0000000001
 40
0.0
 40
0.0
 40
0.0
 40
0.0
 40
0.1111111111111111
 40
0.1111111111111111
 40
0.1111111111111111
 40
0.1111111111111111
 40
0.2222222222222222
 40
0.2222222222222222
 40
0.2222222222222222
 40
0.2222222222222222
 40
0.3333333333333333
 40
0.3333333333333333
 40
0.3333333333333333
 40
0.3333333333333333
 40
0.4444444444444445
 40
0.4444444444444445
 40
0.4444444444444445
 40
0.4444444444444445
 40
0.5555555555555556
 40
0.5555555555555556
 40
0.5555555555555556
 40
0.5555555555555556
 40
0.6666666666666666
 40
0.6666666666666666
 40
0.6666666666666666
 40
0.6666666666666666
 40
0.7777777777777778
 40
0.7777777777777778
 40
0.7777777777777778
 40
0.7777777777777778
 40
1.0
 40
1.0
 40
1.0
 40
1.0
 10
-116.7985792858853
 20
-197.4627004657388
 30
0.0
 10
-114.1441792858859
 20
-212.4196004657388
 30
0.0
 10
-105.0503792858853
 20
-227.5748004657389
 30
0.0
 10
-88.140579285885
 20
-241.3601004657389
 30
0.0
 10
-88.140579285885
 20
-241.3601004657389
 30
0.0
 10
-96.32337928588549
 20
-244.2135004657389
 30
0.0
 10
-106.4461792858847
 20
-244.1013004657389
 30
0.0
 10
-116.3444792858854
 20
-242.8051004657389
 30
0.0
 10
-116.3444792858854
 20
-242.8051004657389
 30
0.0
 10
-116.3160792858852
 20
-242.760100465739
 30
0.0
 10
-116.2872792858852
 20
-242.715900465739
 30
0.0
 10
-116.2590792858855
 20
-242.6707004657389
 30
0.0
 10
-116.2590792858855
 20
-242.6707004657389
 30
0.0
 10
-116.4393792858855
 20
-242.695800465739
 30
0.0
 10
-116.6196792858855
 20
-242.720200465739
 30
0.0
 10
-116.8001792858849
 20
-242.7445004657388
 30
0.0
 10
-116.8001792858849
 20
-242.7445004657388
 30
0.0
 10
-116.9805792858851
 20
-242.720200465739
 30
0.0
 10
-117.1608792858851
 20
-242.695800465739
 30
0.0
 10
-117.3410792858849
 20
-242.6707004657389
 30
0.0
 10
-117.3410792858849
 20
-242.6707004657389
 30
0.0
 10
-117.3129792858853
 20
-242.715900465739
 30
0.0
 10
-117.2840792858851
 20
-242.760100465739
 30
0.0
 10
-117.255679285885
 20
-242.8051004657389
 30
0.0
 10
-117.255679285885
 20
-242.8051004657389
 30
0.0
 10
-127.151379285885
 20
-244.1013004657389
 30
0.0
 10
-137.2723792858851
 20
-244.2135004657389
 30
0.0
 10
-145.4595792858854
 20
-241.3601004657389
 30
0.0
 10
-145.4595792858854
 20
-241.3601004657389
 30
0.0
 10
-128.547079285885
 20
-227.5748004657389
 30
0.0
 10
-119.4532792858854
 20
-212.4196004657388
 30
0.0
 10
-116.7985792858853
 20
-197.4627004657388
 30
0.0
  0
SPLINE
  5
319
330
1F
100
AcDbEntity
  8
Plan 1
 62
    17
100
AcDbSpline
210
0.0
220
0.0
230
1.0
 70
    11
 71
     3
 72
    36
 73
    32
 74
     0
 42
0.0000000001
 43
0.0000000001
 40
0.0
 40
0.0
 40
0.0
 40
0.0
 40
0.1111111111111111
 40
0.1111111111111111
 40
0.1111111111111111
 40
0.1111111111111111
 40
0.2222222222222222
 40
0.2222222222222222
 40
0.2222222222222222
 40
0.2222222222222222
 40
0.3333333333333333
 40
0.3333333333333333
 40
0.3333333333333333
 40
0.3333333333333333
 40
0.4444444444444445
 40
0.4444444444444445
 40
0.4444444444444445
 40
0.4444444444444445
 40
0.5555555555555556
 40
0.5555555555555556
 40
0.5555555555555556
 40
0.5555555555555556
 40
0.6666666666666666
 40
0.6666666666666666
 40
0.6666666666666666
 40
0.6666666666666666
 40
0.7777777777777778
 40
0.7777777777777778
 40
0.7777777777777778
 40
0.7777777777777778
 40
1.0
 40
1.0
 40
1.0
 40
1.0
 10
-116.8002792858851
 20
-243.514700465739
 30
0.0
 10
-107.9133792858856
 20
-257.0905004657388
 30
0.0
 10
-93.85687928588504
 20
-262.4118004657389
 30
0.0
 10
-74.08847928588511
 20
-255.776600465739
 30
0.0
 10
-74.08847928588511
 20
-255.776600465739
 30
0.0
 10
-87.80527928588526
 20
-268.812800465739
 30
0.0
 10
-68.54197928588565
 20
-281.071700465739
 30
0.0
 10
-66.25977928588508
 20
-264.295600465739
 30
0.0
 10
-66.25977928588508
 20
-264.295600465739
 30
0.0
 10
-58.08967928588572
 20
-278.0560004657389
 30
0.0
 10
-63.21097928588551
 20
-291.599100465739
 30
0.0
 10
-83.5703792858858
 20
-291.1625004657389
 30
0.0
 10
-83.5703792858858
 20
-291.1625004657389
 30
0.0
 10
-90.66057928588543
 20
-279.4465004657388
 30
0.0
 10
-102.8706792858856
 20
-276.372400465739
 30
0.0
 10
-116.8001792858849
 20
-285.874200465739
 30
0.0
 10
-116.8001792858849
 20
-285.874200465739
 30
0.0
 10
-130.7279792858853
 20
-276.372400465739
 30
0.0
 10
-142.9360792858851
 20
-279.4465004657388
 30
0.0
 10
-150.0273792858852
 20
-291.1625004657389
 30
0.0
 10
-150.0273792858852
 20
-291.1625004657389
 30
0.0
 10
-170.3863792858856
 20
-291.599100465739
 30
0.0
 10
-175.5055792858857
 20
-278.0560004657389
 30
0.0
 10
-167.3418792858856
 20
-264.295600465739
 30
0.0
 10
-167.3418792858856
 20
-264.295600465739
 30
0.0
 10
-165.0513792858855
 20
-281.071700465739
 30
0.0
 10
-145.7864792858854
 20
-268.812800465739
 30
0.0
 10
-159.5051792858858
 20
-255.776600465739
 30
0.0
 10
-159.5051792858858
 20
-255.776600465739
 30
0.0
 10
-139.7367792858849
 20
-262.4118004657389
 30
0.0
 10
-125.6882792858851
 20
-257.0905004657388
 30
0.0
 10
-116.8002792858851
 20
-243.514700465739
 30
0.0
  0
SPLINE
  5
31A
330
1F
100
AcDbEntity
  8
Plan 1
 62
    17
100
AcDbSpline
210
0.0
220
0.0
230
1.0
 70
    11
 71
     3
 72
    20
 73
    16
 74
     0
 42
0.0000000001
 43
0.0000000001
 40
0.0
 40
0.0
 40
0.0
 40
0.0
 40
0.2
 40
0.2
 40
0.2
 40
0.2
 40
0.4
 40
0.4
 40
0.4
 40
0.4
 40
0.6
 40
0.6
 40
0.6
 40
0.6
 40
1.0
 40
1.0
 40
1.0
 40
1.0
 10
-116.8001792858849
 20
-286.2859004657389
 30
0.0
 10
-109.4342792858851
 20
-286.878900465739
 30
0.0
 10
-101.5392792858856
 20
-290.7976004657389
 30
0.0
 10
-97.60457928588493
 20
-298.0431004657389
 30
0.0
 10
-97.60457928588493
 20
-298.0431004657389
 30
0.0
 10
-108.178379285885
 20
-306.377100465739
 30
0.0
 10
-114.5728792858854
 20
-316.2615004657389
 30
0.0
 10
-116.7986792858855
 20
-327.696000465739
 30
0.0
 10
-116.7986792858855
 20
-327.696000465739
 30
0.0
 10
-119.0237792858852
 20
-316.2615004657389
 30
0.0
 10
-125.420279285885
 20
-306.377100465739
 30
0.0
 10
-135.992679285885
 20
-298.0431004657389
 30
0.0
 10
-135.992679285885
 20
-298.0431004657389
 30
0.0
 10
-132.0575792858853
 20
-290.7976004657389
 30
0.0
 10
-124.1632792858854
 20
-286.878900465739
 30
0.0
 10
-116.8001792858849
 20
-286.2859004657389
 30
0.0
  0
SPLINE
  5
31B
330
1F
100
AcDbEntity
  8
Plan 1
 62
    17
100
AcDbSpline
210
0.0
220
0.0
230
1.0
 70
    11
 71
     3
 72
    28
 73
    24
 74
     0
 42
0.0000000001
 43
0.0000000001
 40
0.0
 40
0.0
 40
0.0
 40
0.0
 40
0.1428571428571428
 40
0.1428571428571428
 40
0.1428571428571428
 40
0.1428571428571428
 40
0.2857142857142857
 40
0.2857142857142857
 40
0.2857142857142857
 40
0.2857142857142857
 40
0.4285714285714285
 40
0.4285714285714285
 40
0.4285714285714285
 40
0.4285714285714285
 40
0.5714285714285714
 40
0.5714285714285714
 40
0.5714285714285714
 40
0.5714285714285714
 40
0.7142857142857144
 40
0.7142857142857144
 40
0.7142857142857144
 40
0.7142857142857144
 40
1.0
 40
1.0
 40
1.0
 40
1.0
 10
-116.8009792858856
 20
-347.3206004657388
 30
0.0
 10
-116.4802792858854
 20
-349.2108004657389
 30
0.0
 10
-116.074479285885
 20
-351.1329004657389
 30
0.0
 10
-115.5800792858854
 20
-353.0878004657389
 30
0.0
 10
-115.5800792858854
 20
-353.0878004657389
 30
0.0
 10
-111.8843792858852
 20
-366.875300465739
 30
0.0
 10
-96.23287928588524
 20
-378.421400465739
 30
0.0
 10
-104.1395792858857
 20
-393.7160004657389
 30
0.0
 10
-104.1395792858857
 20
-393.7160004657389
 30
0.0
 10
-107.7026792858851
 20
-386.484000465739
 30
0.0
 10
-114.0048792858852
 20
-386.126200465739
 30
0.0
 10
-116.7976792858853
 20
-393.2679004657389
 30
0.0
 10
-116.7976792858853
 20
-393.2679004657389
 30
0.0
 10
-119.5976792858855
 20
-386.126200465739
 30
0.0
 10
-125.900479285885
 20
-386.484000465739
 30
0.0
 10
-129.4613792858854
 20
-393.7160004657389
 30
0.0
 10
-129.4613792858854
 20
-393.7160004657389
 30
0.0
 10
-137.3655792858853
 20
-378.421400465739
 30
0.0
 10
-121.7073792858855
 20
-366.875300465739
 30
0.0
 10
-118.0242792858853
 20
-353.0878004657389
 30
0.0
 10
-118.0242792858853
 20
-353.0878004657389
 30
0.0
 10
-117.5286792858851
 20
-351.1329004657389
 30
0.0
 10
-117.1224792858857
 20
-349.2108004657389
 30
0.0
 10
-116.8009792858856
 20
-347.3206004657388
 30
0.0
  0
SPLINE
  5
31C
330
1F
100
AcDbEntity
  8
Plan 1
 62
    17
100
AcDbSpline
210
0.0
220
0.0
230
1.0
 70
    11
 71
     3
 72
    20
 73
    16
 74
     0
 42
0.0000000001
 43
0.0000000001
 40
0.0
 40
0.0
 40
0.0
 40
0.0
 40
0.2
 40
0.2
 40
0.2
 40
0.2
 40
0.4
 40
0.4
 40
0.4
 40
0.4
 40
0.6
 40
0.6
 40
0.6
 40
0.6
 40
1.0
 40
1.0
 40
1.0
 40
1.0
 10
-116.8003792858853
 20
454.7546995342608
 30
0.0
 10
-114.4799792858857
 20
447.578499534261
 30
0.0
 10
-105.5098792858853
 20
440.8537995342612
 30
0.0
 10
-95.6398792858854
 20
444.9161995342611
 30
0.0
 10
-95.6398792858854
 20
444.9161995342611
 30
0.0
 10
-106.998079285885
 20
434.2026995342612
 30
0.0
 10
-114.4123792858854
 20
421.4989995342611
 30
0.0
 10
-116.7980792858852
 20
408.053999534261
 30
0.0
 10
-116.7980792858852
 20
408.053999534261
 30
0.0
 10
-119.1826792858855
 20
421.4989995342611
 30
0.0
 10
-126.5943792858852
 20
434.2026995342612
 30
0.0
 10
-137.9474792858855
 20
444.9161995342611
 30
0.0
 10
-137.9474792858855
 20
444.9161995342611
 30
0.0
 10
-128.0821792858851
 20
440.8537995342612
 30
0.0
 10
-119.1172792858851
 20
447.578499534261
 30
0.0
 10
-116.8003792858853
 20
454.7546995342608
 30
0.0
  0
SPLINE
  5
31D
330
1F
100
AcDbEntity
  8
Plan 1
 62
    17
100
AcDbSpline
210
0.0
220
0.0
230
1.0
 70
    11
 71
     3
 72
    36
 73
    32
 74
     0
 42
0.0000000001
 43
0.0000000001
 40
0.0
 40
0.0
 40
0.0
 40
0.0
 40
0.1111111111111111
 40
0.1111111111111111
 40
0.1111111111111111
 40
0.1111111111111111
 40
0.2222222222222222
 40
0.2222222222222222
 40
0.2222222222222222
 40
0.2222222222222222
 40
0.3333333333333333
 40
0.3333333333333333
 40
0.3333333333333333
 40
0.3333333333333333
 40
0.4444444444444445
 40
0.4444444444444445
 40
0.4444444444444445
 40
0.4444444444444445
 40
0.5555555555555556
 40
0.5555555555555556
 40
0.5555555555555556
 40
0.5555555555555556
 40
0.6666666666666666
 40
0.6666666666666666
 40
0.6666666666666666
 40
0.6666666666666666
 40
0.7777777777777778
 40
0.7777777777777778
 40
0.7777777777777778
 40
0.7777777777777778
 40
1.0
 40
1.0
 40
1.0
 40
1.0
 10
-116.7985792858853
 20
389.2037995342612
 30
0.0
 10
-114.1441792858859
 20
374.2473995342611
 30
0.0
 10
-105.0503792858853
 20
359.094199534261
 30
0.0
 10
-88.140579285885
 20
345.3127995342611
 30
0.0
 10
-88.140579285885
 20
345.3127995342611
 30
0.0
 10
-96.32337928588549
 20
342.453499534261
 30
0.0
 10
-106.4461792858847
 20
342.5682995342608
 30
0.0
 10
-116.3444792858854
 20
343.8656995342612
 30
0.0
 10
-116.3444792858854
 20
343.8656995342612
 30
0.0
 10
-116.3160792858852
 20
343.910799534261
 30
0.0
 10
-116.2872792858852
 20
343.9548995342611
 30
0.0
 10
-116.2590792858855
 20
344.0001995342609
 30
0.0
 10
-116.2590792858855
 20
344.0001995342609
 30
0.0
 10
-116.4393792858855
 20
343.9750995342611
 30
0.0
 10
-116.6196792858855
 20
343.9505995342611
 30
0.0
 10
-116.8001792858849
 20
343.926299534261
 30
0.0
 10
-116.8001792858849
 20
343.926299534261
 30
0.0
 10
-116.9805792858851
 20
343.9505995342611
 30
0.0
 10
-117.1608792858851
 20
343.9750995342611
 30
0.0
 10
-117.3410792858849
 20
344.0001995342609
 30
0.0
 10
-117.3410792858849
 20
344.0001995342609
 30
0.0
 10
-117.3129792858853
 20
343.9548995342611
 30
0.0
 10
-117.2840792858851
 20
343.910799534261
 30
0.0
 10
-117.255679285885
 20
343.8656995342612
 30
0.0
 10
-117.255679285885
 20
343.8656995342612
 30
0.0
 10
-127.151379285885
 20
342.5682995342608
 30
0.0
 10
-137.2723792858851
 20
342.453499534261
 30
0.0
 10
-145.4595792858854
 20
345.3127995342611
 30
0.0
 10
-145.4595792858854
 20
345.3127995342611
 30
0.0
 10
-128.547079285885
 20
359.094199534261
 30
0.0
 10
-119.4532792858854
 20
374.2473995342611
 30
0.0
 10
-116.7985792858853
 20
389.2037995342612
 30
0.0
  0
SPLINE
  5
31E
330
1F
100
AcDbEntity
  8
Plan 1
 62
    17
100
AcDbSpline
210
0.0
220
0.0
230
1.0
 70
    11
 71
     3
 72
    36
 73
    32
 74
     0
 42
0.0000000001
 43
0.0000000001
 40
0.0
 40
0.0
 40
0.0
 40
0.0
 40
0.1111111111111111
 40
0.1111111111111111
 40
0.1111111111111111
 40
0.1111111111111111
 40
0.2222222222222222
 40
0.2222222222222222
 40
0.2222222222222222
 40
0.2222222222222222
 40
0.3333333333333333
 40
0.3333333333333333
 40
0.3333333333333333
 40
0.3333333333333333
 40
0.4444444444444445
 40
0.4444444444444445
 40
0.4444444444444445
 40
0.4444444444444445
 40
0.5555555555555556
 40
0.5555555555555556
 40
0.5555555555555556
 40
0.5555555555555556
 40
0.6666666666666666
 40
0.6666666666666666
 40
0.6666666666666666
 40
0.6666666666666666
 40
0.7777777777777778
 40
0.7777777777777778
 40
0.7777777777777778
 40
0.7777777777777778
 40
1.0
 40
1.0
 40
1.0
 40
1.0
 10
-116.8002792858851
 20
343.155599534261
 30
0.0
 10
-107.9133792858856
 20
329.571499534261
 30
0.0
 10
-93.85687928588504
 20
324.2474995342609
 30
0.0
 10
-74.08847928588511
 20
330.8887995342611
 30
0.0
 10
-74.08847928588511
 20
330.8887995342611
 30
0.0
 10
-87.80527928588526
 20
317.8631995342612
 30
0.0
 10
-68.54197928588565
 20
305.5958995342612
 30
0.0
 10
-66.25977928588508
 20
322.3755995342612
 30
0.0
 10
-66.25977928588508
 20
322.3755995342612
 30
0.0
 10
-58.08967928588572
 20
308.619199534261
 30
0.0
 10
-63.21097928588551
 20
295.0686995342612
 30
0.0
 10
-83.5703792858858
 20
295.5075995342609
 30
0.0
 10
-83.5703792858858
 20
295.5075995342609
 30
0.0
 10
-90.66057928588543
 20
307.2185995342611
 30
0.0
 10
-102.8706792858856
 20
310.302399534261
 30
0.0
 10
-116.8001792858849
 20
300.7943995342612
 30
0.0
 10
-116.8001792858849
 20
300.7943995342612
 30
0.0
 10
-130.7279792858853
 20
310.302399534261
 30
0.0
 10
-142.9360792858851
 20
307.2185995342611
 30
0.0
 10
-150.0273792858852
 20
295.5075995342609
 30
0.0
 10
-150.0273792858852
 20
295.5075995342609
 30
0.0
 10
-170.3863792858856
 20
295.0686995342612
 30
0.0
 10
-175.5055792858857
 20
308.619199534261
 30
0.0
 10
-167.3418792858856
 20
322.3755995342612
 30
0.0
 10
-167.3418792858856
 20
322.3755995342612
 30
0.0
 10
-165.0513792858855
 20
305.5958995342612
 30
0.0
 10
-145.7864792858854
 20
317.8631995342612
 30
0.0
 10
-159.5051792858858
 20
330.8887995342611
 30
0.0
 10
-159.5051792858858
 20
330.8887995342611
 30
0.0
 10
-139.7367792858849
 20
324.2474995342609
 30
0.0
 10
-125.6882792858851
 20
329.571499534261
 30
0.0
 10
-116.8002792858851
 20
343.155599534261
 30
0.0
  0
SPLINE
  5
31F
330
1F
100
AcDbEntity
  8
Plan 1
 62
    17
100
AcDbSpline
210
0.0
220
0.0
230
1.0
 70
    11
 71
     3
 72
    20
 73
    16
 74
     0
 42
0.0000000001
 43
0.0000000001
 40
0.0
 40
0.0
 40
0.0
 40
0.0
 40
0.2
 40
0.2
 40
0.2
 40
0.2
 40
0.4
 40
0.4
 40
0.4
 40
0.4
 40
0.6
 40
0.6
 40
0.6
 40
0.6
 40
1.0
 40
1.0
 40
1.0
 40
1.0
 10
-116.8001792858849
 20
300.3823995342609
 30
0.0
 10
-109.4342792858851
 20
299.7901995342609
 30
0.0
 10
-101.5392792858856
 20
295.8618995342613
 30
0.0
 10
-97.60457928588493
 20
288.6215995342609
 30
0.0
 10
-97.60457928588493
 20
288.6215995342609
 30
0.0
 10
-108.178379285885
 20
280.2935995342609
 30
0.0
 10
-114.5728792858854
 20
270.4093995342609
 30
0.0
 10
-116.7986792858855
 20
258.9748995342611
 30
0.0
 10
-116.7986792858855
 20
258.9748995342611
 30
0.0
 10
-119.0237792858852
 20
270.4093995342609
 30
0.0
 10
-125.420279285885
 20
280.2935995342609
 30
0.0
 10
-135.992679285885
 20
288.6215995342609
 30
0.0
 10
-135.992679285885
 20
288.6215995342609
 30
0.0
 10
-132.0575792858853
 20
295.8618995342613
 30
0.0
 10
-124.1632792858854
 20
299.7901995342609
 30
0.0
 10
-116.8001792858849
 20
300.3823995342609
 30
0.0
  0
SPLINE
  5
320
330
1F
100
AcDbEntity
  8
Plan 1
 62
    17
100
AcDbSpline
210
0.0
220
0.0
230
1.0
 70
    11
 71
     3
 72
    28
 73
    24
 74
     0
 42
0.0000000001
 43
0.0000000001
 40
0.0
 40
0.0
 40
0.0
 40
0.0
 40
0.1428571428571428
 40
0.1428571428571428
 40
0.1428571428571428
 40
0.1428571428571428
 40
0.2857142857142857
 40
0.2857142857142857
 40
0.2857142857142857
 40
0.2857142857142857
 40
0.4285714285714285
 40
0.4285714285714285
 40
0.4285714285714285
 40
0.4285714285714285
 40
0.5714285714285714
 40
0.5714285714285714
 40
0.5714285714285714
 40
0.5714285714285714
 40
0.7142857142857144
 40
0.7142857142857144
 40
0.7142857142857144
 40
0.7142857142857144
 40
1.0
 40
1.0
 40
1.0
 40
1.0
 10
-116.8009792858856
 20
239.3508995342608
 30
0.0
 10
-116.4802792858854
 20
237.4607995342612
 30
0.0
 10
-116.074479285885
 20
235.5390995342609
 30
0.0
 10
-115.5800792858854
 20
233.5844995342609
 30
0.0
 10
-115.5800792858854
 20
233.5844995342609
 30
0.0
 10
-111.8843792858852
 20
219.7986995342612
 30
0.0
 10
-96.23287928588524
 20
208.2462995342612
 30
0.0
 10
-104.1395792858857
 20
192.9488995342613
 30
0.0
 10
-104.1395792858857
 20
192.9488995342613
 30
0.0
 10
-107.7026792858851
 20
200.1841995342611
 30
0.0
 10
-114.0048792858852
 20
200.5430995342613
 30
0.0
 10
-116.7976792858853
 20
193.401099534261
 30
0.0
 10
-116.7976792858853
 20
193.401099534261
 30
0.0
 10
-119.5976792858855
 20
200.5430995342613
 30
0.0
 10
-125.900479285885
 20
200.1841995342611
 30
0.0
 10
-129.4613792858854
 20
192.9488995342613
 30
0.0
 10
-129.4613792858854
 20
192.9488995342613
 30
0.0
 10
-137.3655792858853
 20
208.2462995342612
 30
0.0
 10
-121.7073792858855
 20
219.7986995342612
 30
0.0
 10
-118.0242792858853
 20
233.5844995342609
 30
0.0
 10
-118.0242792858853
 20
233.5844995342609
 30
0.0
 10
-117.5286792858851
 20
235.5390995342609
 30
0.0
 10
-117.1224792858857
 20
237.4607995342612
 30
0.0
 10
-116.8009792858856
 20
239.3508995342608
 30
0.0
  0
SPLINE
  5
321
330
1F
100
AcDbEntity
  8
Plan 1
 62
    17
100
AcDbSpline
210
0.0
220
0.0
230
1.0
 70
    11
 71
     3
 72
    36
 73
    32
 74
     0
 42
0.0000000001
 43
0.0000000001
 40
0.0
 40
0.0
 40
0.0
 40
0.0
 40
0.1111111111111111
 40
0.1111111111111111
 40
0.1111111111111111
 40
0.1111111111111111
 40
0.2222222222222222
 40
0.2222222222222222
 40
0.2222222222222222
 40
0.2222222222222222
 40
0.3333333333333333
 40
0.3333333333333333
 40
0.3333333333333333
 40
0.3333333333333333
 40
0.4444444444444445
 40
0.4444444444444445
 40
0.4444444444444445
 40
0.4444444444444445
 40
0.5555555555555556
 40
0.5555555555555556
 40
0.5555555555555556
 40
0.5555555555555556
 40
0.6666666666666666
 40
0.6666666666666666
 40
0.6666666666666666
 40
0.6666666666666666
 40
0.7777777777777778
 40
0.7777777777777778
 40
0.7777777777777778
 40
0.7777777777777778
 40
1.0
 40
1.0
 40
1.0
 40
1.0
 10
-116.7974792858849
 20
184.5983995342612
 30
0.0
 10
-115.0831792858853
 20
180.5710995342611
 30
0.0
 10
-111.5039792858852
 20
178.0100995342609
 30
0.0
 10
-107.4997792858858
 20
177.0677995342612
 30
0.0
 10
-107.4997792858858
 20
177.0677995342612
 30
0.0
 10
-107.5237792858852
 20
176.8441995342609
 30
0.0
 10
-107.5417792858852
 20
176.6160995342611
 30
0.0
 10
-107.5417792858852
 20
176.3848995342609
 30
0.0
 10
-107.5417792858852
 20
176.3848995342609
 30
0.0
 10
-107.5417792858852
 20
176.3415995342611
 30
0.0
 10
-107.5417792858852
 20
176.2984995342613
 30
0.0
 10
-107.5297792858855
 20
176.2553995342614
 30
0.0
 10
-107.5297792858855
 20
176.2553995342614
 30
0.0
 10
-111.5225792858855
 20
175.3081995342609
 30
0.0
 10
-115.0876792858853
 20
172.7505995342612
 30
0.0
 10
-116.7974792858849
 20
168.7328995342609
 30
0.0
 10
-116.7974792858849
 20
168.7328995342609
 30
0.0
 10
-118.5098792858853
 20
172.7505995342612
 30
0.0
 10
-122.0730792858858
 20
175.3081995342609
 30
0.0
 10
-126.0616792858854
 20
176.2553995342614
 30
0.0
 10
-126.0616792858854
 20
176.2553995342614
 30
0.0
 10
-126.0594792858855
 20
176.2984995342613
 30
0.0
 10
-126.0594792858855
 20
176.3415995342611
 30
0.0
 10
-126.0594792858855
 20
176.3848995342609
 30
0.0
 10
-126.0594792858855
 20
176.3848995342609
 30
0.0
 10
-126.0594792858855
 20
176.6160995342611
 30
0.0
 10
-126.0702792858856
 20
176.8441995342609
 30
0.0
 10
-126.0898792858852
 20
177.0677995342612
 30
0.0
 10
-126.0898792858852
 20
177.0677995342612
 30
0.0
 10
-122.0908792858854
 20
178.0100995342609
 30
0.0
 10
-118.5141792858858
 20
180.5710995342611
 30
0.0
 10
-116.7974792858849
 20
184.5983995342612
 30
0.0
  0
SPLINE
  5
322
330
1F
100
AcDbEntity
  8
Plan 1
 62
    17
100
AcDbSpline
210
0.0
220
0.0
230
1.0
 70
    11
 71
     3
 72
    28
 73
    24
 74
     0
 42
0.0000000001
 43
0.0000000001
 40
0.0
 40
0.0
 40
0.0
 40
0.0
 40
0.1428571428571428
 40
0.1428571428571428
 40
0.1428571428571428
 40
0.1428571428571428
 40
0.2857142857142857
 40
0.2857142857142857
 40
0.2857142857142857
 40
0.2857142857142857
 40
0.4285714285714285
 40
0.4285714285714285
 40
0.4285714285714285
 40
0.4285714285714285
 40
0.5714285714285714
 40
0.5714285714285714
 40
0.5714285714285714
 40
0.5714285714285714
 40
0.7142857142857144
 40
0.7142857142857144
 40
0.7142857142857144
 40
0.7142857142857144
 40
1.0
 40
1.0
 40
1.0
 40
1.0
 10
-116.7976792858853
 20
159.9301995342612
 30
0.0
 10
-114.0048792858852
 20
152.788499534261
 30
0.0
 10
-107.7026792858851
 20
153.1457995342612
 30
0.0
 10
-104.1395792858857
 20
160.3776995342609
 30
0.0
 10
-104.1395792858857
 20
160.3776995342609
 30
0.0
 10
-96.23287928588524
 20
145.083199534261
 30
0.0
 10
-111.8843792858852
 20
133.5369995342612
 30
0.0
 10
-115.5800792858854
 20
119.749599534261
 30
0.0
 10
-115.5800792858854
 20
119.749599534261
 30
0.0
 10
-116.074479285885
 20
117.7946995342608
 30
0.0
 10
-116.4802792858854
 20
115.8731995342609
 30
0.0
 10
-116.8009792858856
 20
113.9828995342609
 30
0.0
 10
-116.8009792858856
 20
113.9828995342609
 30
0.0
 10
-117.1224792858857
 20
115.8731995342609
 30
0.0
 10
-117.5286792858851
 20
117.7946995342608
 30
0.0
 10
-118.0242792858853
 20
119.749599534261
 30
0.0
 10
-118.0242792858853
 20
119.749599534261
 30
0.0
 10
-121.7073792858855
 20
133.5369995342612
 30
0.0
 10
-137.3655792858853
 20
145.083199534261
 30
0.0
 10
-129.4613792858854
 20
160.3776995342609
 30
0.0
 10
-129.4613792858854
 20
160.3776995342609
 30
0.0
 10
-125.900479285885
 20
153.1457995342612
 30
0.0
 10
-119.5976792858855
 20
152.788499534261
 30
0.0
 10
-116.7976792858853
 20
159.9301995342612
 30
0.0
  0
SPLINE
  5
323
330
1F
100
AcDbEntity
  8
Plan 1
 62
    17
100
AcDbSpline
210
0.0
220
0.0
230
1.0
 70
    11
 71
     3
 72
    20
 73
    16
 74
     0
 42
0.0000000001
 43
0.0000000001
 40
0.0
 40
0.0
 40
0.0
 40
0.0
 40
0.2
 40
0.2
 40
0.2
 40
0.2
 40
0.4
 40
0.4
 40
0.4
 40
0.4
 40
0.6
 40
0.6
 40
0.6
 40
0.6
 40
1.0
 40
1.0
 40
1.0
 40
1.0
 10
-116.7986792858855
 20
94.35839953426102
 30
0.0
 10
-114.5734792858857
 20
82.92359953426103
 30
0.0
 10
-108.178379285885
 20
73.03889953426119
 30
0.0
 10
-97.60457928588493
 20
64.70489953426113
 30
0.0
 10
-97.60457928588493
 20
64.70489953426113
 30
0.0
 10
-101.5392792858856
 20
57.45939953426113
 30
0.0
 10
-109.4342792858851
 20
53.54089953426115
 30
0.0
 10
-116.8001792858849
 20
52.94799953426104
 30
0.0
 10
-116.8001792858849
 20
52.94799953426104
 30
0.0
 10
-124.1632792858854
 20
53.54089953426115
 30
0.0
 10
-132.0575792858853
 20
57.45939953426113
 30
0.0
 10
-135.992679285885
 20
64.70489953426113
 30
0.0
 10
-135.992679285885
 20
64.70489953426113
 30
0.0
 10
-125.420279285885
 20
73.03889953426119
 30
0.0
 10
-119.0230792858856
 20
82.92359953426103
 30
0.0
 10
-116.7986792858855
 20
94.35839953426102
 30
0.0
  0
SPLINE
  5
324
330
1F
100
AcDbEntity
  8
Plan 1
 62
    17
100
AcDbSpline
210
0.0
220
0.0
230
1.0
 70
    11
 71
     3
 72
    36
 73
    32
 74
     0
 42
0.0000000001
 43
0.0000000001
 40
0.0
 40
0.0
 40
0.0
 40
0.0
 40
0.1111111111111111
 40
0.1111111111111111
 40
0.1111111111111111
 40
0.1111111111111111
 40
0.2222222222222222
 40
0.2222222222222222
 40
0.2222222222222222
 40
0.2222222222222222
 40
0.3333333333333333
 40
0.3333333333333333
 40
0.3333333333333333
 40
0.3333333333333333
 40
0.4444444444444445
 40
0.4444444444444445
 40
0.4444444444444445
 40
0.4444444444444445
 40
0.5555555555555556
 40
0.5555555555555556
 40
0.5555555555555556
 40
0.5555555555555556
 40
0.6666666666666666
 40
0.6666666666666666
 40
0.6666666666666666
 40
0.6666666666666666
 40
0.7777777777777778
 40
0.7777777777777778
 40
0.7777777777777778
 40
0.7777777777777778
 40
1.0
 40
1.0
 40
1.0
 40
1.0
 10
-116.8001792858849
 20
52.53619953426118
 30
0.0
 10
-102.8706792858856
 20
43.03429953426098
 30
0.0
 10
-90.66057928588543
 20
46.10819953426108
 30
0.0
 10
-83.5703792858858
 20
57.82429953426117
 30
0.0
 10
-83.5703792858858
 20
57.82429953426117
 30
0.0
 10
-63.21097928588551
 20
58.26099953426115
 30
0.0
 10
-58.08967928588572
 20
44.71779953426107
 30
0.0
 10
-66.25977928588508
 20
30.95729953426098
 30
0.0
 10
-66.25977928588508
 20
30.95729953426098
 30
0.0
 10
-68.54197928588565
 20
47.73339953426102
 30
0.0
 10
-87.80527928588526
 20
35.47459953426119
 30
0.0
 10
-74.08847928588511
 20
22.43839953426118
 30
0.0
 10
-74.08847928588511
 20
22.43839953426118
 30
0.0
 10
-93.85687928588504
 20
29.0736995342611
 30
0.0
 10
-107.9133792858856
 20
23.752499534261
 30
0.0
 10
-116.8002792858851
 20
10.17689953426111
 30
0.0
 10
-116.8002792858851
 20
10.17689953426111
 30
0.0
 10
-125.6882792858851
 20
23.752499534261
 30
0.0
 10
-139.7367792858849
 20
29.0736995342611
 30
0.0
 10
-159.5051792858858
 20
22.43839953426118
 30
0.0
 10
-159.5051792858858
 20
22.43839953426118
 30
0.0
 10
-145.7864792858854
 20
35.47459953426119
 30
0.0
 10
-165.0513792858855
 20
47.73339953426102
 30
0.0
 10
-167.3418792858856
 20
30.95729953426098
 30
0.0
 10
-167.3418792858856
 20
30.95729953426098
 30
0.0
 10
-175.5055792858857
 20
44.71779953426107
 30
0.0
 10
-170.3863792858856
 20
58.26099953426115
 30
0.0
 10
-150.0273792858852
 20
57.82429953426117
 30
0.0
 10
-150.0273792858852
 20
57.82429953426117
 30
0.0
 10
-142.9360792858851
 20
46.10819953426108
 30
0.0
 10
-130.7279792858853
 20
43.03429953426098
 30
0.0
 10
-116.8001792858849
 20
52.53619953426118
 30
0.0
  0
SPLINE
  5
325
330
1F
100
AcDbEntity
  8
Plan 1
 62
    17
100
AcDbSpline
210
0.0
220
0.0
230
1.0
 70
    11
 71
     3
 72
    36
 73
    32
 74
     0
 42
0.0000000001
 43
0.0000000001
 40
0.0
 40
0.0
 40
0.0
 40
0.0
 40
0.1111111111111111
 40
0.1111111111111111
 40
0.1111111111111111
 40
0.1111111111111111
 40
0.2222222222222222
 40
0.2222222222222222
 40
0.2222222222222222
 40
0.2222222222222222
 40
0.3333333333333333
 40
0.3333333333333333
 40
0.3333333333333333
 40
0.3333333333333333
 40
0.4444444444444445
 40
0.4444444444444445
 40
0.4444444444444445
 40
0.4444444444444445
 40
0.5555555555555556
 40
0.5555555555555556
 40
0.5555555555555556
 40
0.5555555555555556
 40
0.6666666666666666
 40
0.6666666666666666
 40
0.6666666666666666
 40
0.6666666666666666
 40
0.7777777777777778
 40
0.7777777777777778
 40
0.7777777777777778
 40
0.7777777777777778
 40
1.0
 40
1.0
 40
1.0
 40
1.0
 10
-117.2555792858857
 20
9.467299534260973
 30
0.0
 10
-117.2839792858849
 20
9.422199534261153
 30
0.0
 10
-117.3128792858852
 20
9.377899534261132
 30
0.0
 10
-117.3410792858849
 20
9.332599534261134
 30
0.0
 10
-117.3410792858849
 20
9.332599534261134
 30
0.0
 10
-117.1608792858851
 20
9.357599534260998
 30
0.0
 10
-116.9805792858851
 20
9.382399534260912
 30
0.0
 10
-116.8001792858849
 20
9.406699534261178
 30
0.0
 10
-116.8001792858849
 20
9.406699534261178
 30
0.0
 10
-116.6196792858855
 20
9.382399534260912
 30
0.0
 10
-116.4393792858855
 20
9.357599534260998
 30
0.0
 10
-116.2590792858855
 20
9.332599534261134
 30
0.0
 10
-116.2590792858855
 20
9.332599534261134
 30
0.0
 10
-116.2873792858854
 20
9.377899534261132
 30
0.0
 10
-116.3162792858857
 20
9.422199534261153
 30
0.0
 10
-116.3446792858849
 20
9.467299534260973
 30
0.0
 10
-116.3446792858849
 20
9.467299534260973
 30
0.0
 10
-106.4463792858851
 20
10.76359953426117
 30
0.0
 10
-96.3234792858857
 20
10.8753995342613
 30
0.0
 10
-88.140579285885
 20
8.021999534261112
 30
0.0
 10
-88.140579285885
 20
8.021999534261112
 30
0.0
 10
-105.0504792858855
 20
-5.763400465738868
 30
0.0
 10
-114.1429792858853
 20
-20.91800046573894
 30
0.0
 10
-116.7985792858853
 20
-35.87500046573882
 30
0.0
 10
-116.7985792858853
 20
-35.87500046573882
 30
0.0
 10
-119.4544792858851
 20
-20.91800046573894
 30
0.0
 10
-128.547079285885
 20
-5.763400465738868
 30
0.0
 10
-145.4595792858854
 20
8.021999534261112
 30
0.0
 10
-145.4595792858854
 20
8.021999534261112
 30
0.0
 10
-137.2723792858851
 20
10.8753995342613
 30
0.0
 10
-127.151379285885
 20
10.76349953426097
 30
0.0
 10
-117.2555792858857
 20
9.467299534260973
 30
0.0
  0
SPLINE
  5
326
330
1F
100
AcDbEntity
  8
Plan 1
 62
    17
100
AcDbSpline
210
0.0
220
0.0
230
1.0
 70
    11
 71
     3
 72
    20
 73
    16
 74
     0
 42
0.0000000001
 43
0.0000000001
 40
0.0
 40
0.0
 40
0.0
 40
0.0
 40
0.2
 40
0.2
 40
0.2
 40
0.2
 40
0.4
 40
0.4
 40
0.4
 40
0.4
 40
0.6
 40
0.6
 40
0.6
 40
0.6
 40
1.0
 40
1.0
 40
1.0
 40
1.0
 10
-116.7980792858852
 20
-54.72490046573899
 30
0.0
 10
-114.4134792858849
 20
-68.16930046573884
 30
0.0
 10
-106.998079285885
 20
-80.87170046573897
 30
0.0
 10
-95.6398792858854
 20
-91.582600465739
 30
0.0
 10
-95.6398792858854
 20
-91.582600465739
 30
0.0
 10
-105.5098792858853
 20
-87.52120046573896
 30
0.0
 10
-114.4797792858853
 20
-94.24470046573901
 30
0.0
 10
-116.8003792858853
 20
-101.4226004657389
 30
0.0
 10
-116.8003792858853
 20
-101.4226004657389
 30
0.0
 10
-119.1177792858852
 20
-94.24470046573901
 30
0.0
 10
-128.0821792858851
 20
-87.52120046573896
 30
0.0
 10
-137.9474792858855
 20
-91.582600465739
 30
0.0
 10
-137.9474792858855
 20
-91.582600465739
 30
0.0
 10
-126.5943792858852
 20
-80.87170046573897
 30
0.0
 10
-119.1812792858854
 20
-68.16930046573884
 30
0.0
 10
-116.7980792858852
 20
-54.72490046573899
 30
0.0
  0
SPLINE
  5
327
330
1F
100
AcDbEntity
  8
Plan 1
 62
    17
100
AcDbSpline
210
0.0
220
0.0
230
1.0
 70
    11
 71
     3
 72
    52
 73
    48
 74
     0
 42
0.0000000001
 43
0.0000000001
 40
0.0
 40
0.0
 40
0.0
 40
0.0
 40
0.0769230769230769
 40
0.0769230769230769
 40
0.0769230769230769
 40
0.0769230769230769
 40
0.1538461538461539
 40
0.1538461538461539
 40
0.1538461538461539
 40
0.1538461538461539
 40
0.2307692307692308
 40
0.2307692307692308
 40
0.2307692307692308
 40
0.2307692307692308
 40
0.3076923076923077
 40
0.3076923076923077
 40
0.3076923076923077
 40
0.3076923076923077
 40
0.3846153846153846
 40
0.3846153846153846
 40
0.3846153846153846
 40
0.3846153846153846
 40
0.4615384615384616
 40
0.4615384615384616
 40
0.4615384615384616
 40
0.4615384615384616
 40
0.5384615384615385
 40
0.5384615384615385
 40
0.5384615384615385
 40
0.5384615384615385
 40
0.6153846153846155
 40
0.6153846153846155
 40
0.6153846153846155
 40
0.6153846153846155
 40
0.6923076923076924
 40
0.6923076923076924
 40
0.6923076923076924
 40
0.6923076923076924
 40
0.7692307692307693
 40
0.7692307692307693
 40
0.7692307692307693
 40
0.7692307692307693
 40
0.8461538461538461
 40
0.8461538461538461
 40
0.8461538461538461
 40
0.8461538461538461
 40
1.0
 40
1.0
 40
1.0
 40
1.0
 10
-99.46147928588562
 20
-117.5314004657389
 30
0.0
 10
-99.46147928588562
 20
-117.4366004657388
 30
0.0
 10
-99.46147928588562
 20
-117.3414004657388
 30
0.0
 10
-99.46147928588562
 20
-117.2454004657388
 30
0.0
 10
-99.46147928588562
 20
-117.2454004657388
 30
0.0
 10
-99.46147928588562
 20
-116.7685004657389
 30
0.0
 10
-99.50337928588579
 20
-116.3059004657389
 30
0.0
 10
-99.58717928588521
 20
-115.8650004657388
 30
0.0
 10
-99.58717928588521
 20
-115.8650004657388
 30
0.0
 10
-95.10677928588576
 20
-113.8087004657388
 30
0.0
 10
-94.7653792858855
 20
-107.678700465739
 30
0.0
 10
-102.5042792858858
 20
-104.0333004657389
 30
0.0
 10
-102.5042792858858
 20
-104.0333004657389
 30
0.0
 10
-96.19697928588539
 20
-100.5387004657389
 30
0.0
 10
-86.27777928588512
 20
-99.10000046573896
 30
0.0
 10
-78.99417928588537
 20
-102.0673004657389
 30
0.0
 10
-78.99417928588537
 20
-102.0673004657389
 30
0.0
 10
-54.93297928588527
 20
-115.5596004657388
 30
0.0
 10
-30.33877928588572
 20
-110.9713004657389
 30
0.0
 10
-4.528479285885623
 20
-99.11850046573887
 30
0.0
 10
-4.528479285885623
 20
-99.11850046573887
 30
0.0
 10
-3.743879285885668
 20
-109.2442004657389
 30
0.0
 10
3.054520714114914
 20
-115.293700465739
 30
0.0
 10
10.67962071411421
 20
-116.4600004657388
 30
0.0
 10
10.67962071411421
 20
-116.4600004657388
 30
0.0
 10
10.67962071411421
 20
-116.5321004657389
 30
0.0
 10
10.67962071411421
 20
-116.605200465739
 30
0.0
 10
10.67962071411421
 20
-116.678600465739
 30
0.0
 10
10.67962071411421
 20
-116.678600465739
 30
0.0
 10
10.67962071411421
 20
-116.7456004657388
 30
0.0
 10
10.67962071411421
 20
-116.811800465739
 30
0.0
 10
10.67962071411421
 20
-116.877800465739
 30
0.0
 10
10.67962071411421
 20
-116.877800465739
 30
0.0
 10
3.054520714114914
 20
-118.0444004657388
 30
0.0
 10
-3.743879285885668
 20
-124.0945004657389
 30
0.0
 10
-4.528479285885623
 20
-134.2196004657387
 30
0.0
 10
-4.528479285885623
 20
-134.2196004657387
 30
0.0
 10
-30.33877928588572
 20
-122.367000465739
 30
0.0
 10
-54.93297928588527
 20
-117.7787004657389
 30
0.0
 10
-78.99417928588537
 20
-131.270900465739
 30
0.0
 10
-78.99417928588537
 20
-131.270900465739
 30
0.0
 10
-86.27777928588512
 20
-134.2381004657388
 30
0.0
 10
-96.19697928588539
 20
-132.7995004657389
 30
0.0
 10
-102.5042792858858
 20
-129.3050004657389
 30
0.0
 10
-102.5042792858858
 20
-129.3050004657389
 30
0.0
 10
-94.83727928588541
 20
-125.6938004657388
 30
0.0
 10
-95.10677928588576
 20
-119.6438004657389
 30
0.0
 10
-99.46147928588562
 20
-117.5314004657389
 30
0.0
  0
SPLINE
  5
328
330
1F
100
AcDbEntity
  8
Plan 1
 62
    17
100
AcDbSpline
210
0.0
220
0.0
230
1.0
 70
    11
 71
     3
 72
    44
 73
    40
 74
     0
 42
0.0000000001
 43
0.0000000001
 40
0.0
 40
0.0
 40
0.0
 40
0.0
 40
0.0909090909090909
 40
0.0909090909090909
 40
0.0909090909090909
 40
0.0909090909090909
 40
0.1818181818181818
 40
0.1818181818181818
 40
0.1818181818181818
 40
0.1818181818181818
 40
0.2727272727272727
 40
0.2727272727272727
 40
0.2727272727272727
 40
0.2727272727272727
 40
0.3636363636363636
 40
0.3636363636363636
 40
0.3636363636363636
 40
0.3636363636363636
 40
0.4545454545454545
 40
0.4545454545454545
 40
0.4545454545454545
 40
0.4545454545454545
 40
0.5454545454545455
 40
0.5454545454545455
 40
0.5454545454545455
 40
0.5454545454545455
 40
0.6363636363636364
 40
0.6363636363636364
 40
0.6363636363636364
 40
0.6363636363636364
 40
0.7272727272727274
 40
0.7272727272727274
 40
0.7272727272727274
 40
0.7272727272727274
 40
0.8181818181818181
 40
0.8181818181818181
 40
0.8181818181818181
 40
0.8181818181818181
 40
1.0
 40
1.0
 40
1.0
 40
1.0
 10
43.7315207141146
 20
177.3258995342612
 30
0.0
 10
45.51652071411445
 20
198.628399534261
 30
0.0
 10
61.7968207141148
 20
202.7639995342611
 30
0.0
 10
76.33422071411496
 20
196.8908995342613
 30
0.0
 10
76.33422071411496
 20
196.8908995342613
 30
0.0
 10
97.50832071411423
 20
186.4043995342613
 30
0.0
 10
120.2637207141142
 20
177.0245995342611
 30
0.0
 10
149.8115207141145
 20
196.5492995342611
 30
0.0
 10
149.8115207141145
 20
196.5492995342611
 30
0.0
 10
147.7929207141151
 20
185.280599534261
 30
0.0
 10
152.9202207141143
 20
179.0508995342611
 30
0.0
 10
159.2694207141148
 20
177.2278995342612
 30
0.0
 10
159.2694207141148
 20
177.2278995342612
 30
0.0
 10
159.2394207141142
 20
176.9531995342608
 30
0.0
 10
159.2275207141147
 20
176.6715995342611
 30
0.0
 10
159.2275207141147
 20
176.3848995342609
 30
0.0
 10
159.2275207141147
 20
176.3848995342609
 30
0.0
 10
159.2275207141147
 20
176.2851995342612
 30
0.0
 10
159.2275207141147
 20
176.186399534261
 30
0.0
 10
159.2394207141142
 20
176.0879995342611
 30
0.0
 10
159.2394207141142
 20
176.0879995342611
 30
0.0
 10
152.9023207141144
 20
174.2473995342611
 30
0.0
 10
147.8049207141148
 20
168.0178995342612
 30
0.0
 10
149.8115207141145
 20
156.7736995342611
 30
0.0
 10
149.8115207141145
 20
156.7736995342611
 30
0.0
 10
120.2637207141142
 20
176.3072995342609
 30
0.0
 10
97.50832071411423
 20
166.9232995342609
 30
0.0
 10
76.33422071411496
 20
156.4459995342608
 30
0.0
 10
76.33422071411496
 20
156.4459995342608
 30
0.0
 10
61.92872071411421
 20
150.6165995342612
 30
0.0
 10
45.7980207141145
 20
154.6204995342609
 30
0.0
 10
43.78542071411447
 20
175.4328995342612
 30
0.0
 10
43.78542071411447
 20
175.4328995342612
 30
0.0
 10
43.87522071411422
 20
175.7078995342613
 30
0.0
 10
43.91722071411459
 20
176.001399534261
 30
0.0
 10
43.91722071411459
 20
176.3065995342613
 30
0.0
 10
43.91722071411459
 20
176.3065995342613
 30
0.0
 10
43.91722071411459
 20
176.6661995342611
 30
0.0
 10
43.85132071411499
 20
177.0101995342611
 30
0.0
 10
43.7315207141146
 20
177.3258995342612
 30
0.0
  0
SPLINE
  5
329
330
1F
100
AcDbEntity
  8
Plan 1
 62
    17
100
AcDbSpline
210
0.0
220
0.0
230
1.0
 70
    11
 71
     3
 72
    44
 73
    40
 74
     0
 42
0.0000000001
 43
0.0000000001
 40
0.0
 40
0.0
 40
0.0
 40
0.0
 40
0.0909090909090909
 40
0.0909090909090909
 40
0.0909090909090909
 40
0.0909090909090909
 40
0.1818181818181818
 40
0.1818181818181818
 40
0.1818181818181818
 40
0.1818181818181818
 40
0.2727272727272727
 40
0.2727272727272727
 40
0.2727272727272727
 40
0.2727272727272727
 40
0.3636363636363636
 40
0.3636363636363636
 40
0.3636363636363636
 40
0.3636363636363636
 40
0.4545454545454545
 40
0.4545454545454545
 40
0.4545454545454545
 40
0.4545454545454545
 40
0.5454545454545455
 40
0.5454545454545455
 40
0.5454545454545455
 40
0.5454545454545455
 40
0.6363636363636364
 40
0.6363636363636364
 40
0.6363636363636364
 40
0.6363636363636364
 40
0.7272727272727274
 40
0.7272727272727274
 40
0.7272727272727274
 40
0.7272727272727274
 40
0.8181818181818181
 40
0.8181818181818181
 40
0.8181818181818181
 40
0.8181818181818181
 40
1.0
 40
1.0
 40
1.0
 40
1.0
 10
-99.46147928588562
 20
175.972399534261
 30
0.0
 10
-99.46147928588562
 20
176.1085995342609
 30
0.0
 10
-99.46147928588562
 20
176.2460995342612
 30
0.0
 10
-99.46147928588562
 20
176.3848995342609
 30
0.0
 10
-99.46147928588562
 20
176.3848995342609
 30
0.0
 10
-99.46147928588562
 20
176.7103995342613
 30
0.0
 10
-99.47347928588534
 20
177.0293995342613
 30
0.0
 10
-99.5153792858855
 20
177.339299534261
 30
0.0
 10
-99.5153792858855
 20
177.339299534261
 30
0.0
 10
-93.33987928588522
 20
179.294999534261
 30
0.0
 10
-88.44017928588527
 20
185.4993995342611
 30
0.0
 10
-90.42877928588495
 20
196.5492995342611
 30
0.0
 10
-90.42877928588495
 20
196.5492995342611
 30
0.0
 10
-60.86887928588566
 20
177.0245995342611
 30
0.0
 10
-38.11357928588495
 20
186.4043995342613
 30
0.0
 10
-16.95147928588539
 20
196.8908995342613
 30
0.0
 10
-16.95147928588539
 20
196.8908995342613
 30
0.0
 10
-2.587879285885719
 20
202.6937995342609
 30
0.0
 10
13.48882071411481
 20
198.7256995342609
 30
0.0
 10
15.59132071411477
 20
178.0818995342611
 30
0.0
 10
15.59132071411477
 20
178.0818995342611
 30
0.0
 10
15.47742071411448
 20
177.7308995342609
 30
0.0
 10
15.40562071411477
 20
177.3498995342611
 30
0.0
 10
15.40562071411477
 20
176.951699534261
 30
0.0
 10
15.40562071411477
 20
176.951699534261
 30
0.0
 10
15.40562071411477
 20
176.5025995342612
 30
0.0
 10
15.4894207141142
 20
176.0756995342612
 30
0.0
 10
15.62722071411463
 20
175.6886995342611
 30
0.0
 10
15.62722071411463
 20
175.6886995342611
 30
0.0
 10
13.71642071411497
 20
154.6525995342613
 30
0.0
 10
-2.486079285885352
 20
150.5926995342611
 30
0.0
 10
-16.95147928588539
 20
156.4459995342608
 30
0.0
 10
-16.95147928588539
 20
156.4459995342608
 30
0.0
 10
-38.11357928588495
 20
166.9232995342609
 30
0.0
 10
-60.86887928588566
 20
176.3072995342609
 30
0.0
 10
-90.42877928588495
 20
156.7736995342611
 30
0.0
 10
-90.42877928588495
 20
156.7736995342611
 30
0.0
 10
-88.4521792858859
 20
167.7937995342609
 30
0.0
 10
-93.30987928588546
 20
173.996899534261
 30
0.0
 10
-99.46147928588562
 20
175.972399534261
 30
0.0
  0
SPLINE
  5
32A
330
1F
100
AcDbEntity
  8
Plan 1
 62
    17
100
AcDbSpline
210
0.0
220
0.0
230
1.0
 70
    11
 71
     3
 72
    32
 73
    28
 74
     0
 42
0.0000000001
 43
0.0000000001
 40
0.0
 40
0.0
 40
0.0
 40
0.0
 40
0.125
 40
0.125
 40
0.125
 40
0.125
 40
0.25
 40
0.25
 40
0.25
 40
0.25
 40
0.375
 40
0.375
 40
0.375
 40
0.375
 40
0.5
 40
0.5
 40
0.5
 40
0.5
 40
0.625
 40
0.625
 40
0.625
 40
0.625
 40
0.75
 40
0.75
 40
0.75
 40
0.75
 40
1.0
 40
1.0
 40
1.0
 40
1.0
 10
137.0711207141148
 20
-160.0331004657389
 30
0.0
 10
146.7447207141149
 20
-150.600700465739
 30
0.0
 10
128.2900207141147
 20
-142.459500465739
 30
0.0
 10
127.2418207141145
 20
-158.849700465739
 30
0.0
 10
127.2418207141145
 20
-158.849700465739
 30
0.0
 10
126.4092207141148
 20
-170.682300465739
 30
0.0
 10
154.7231207141149
 20
-177.9914004657389
 30
0.0
 10
153.1958207141142
 20
-155.2994004657389
 30
0.0
 10
153.1958207141142
 20
-155.2994004657389
 30
0.0
 10
174.5196207141143
 20
-177.812700465739
 30
0.0
 10
166.3734207141142
 20
-223.888900465739
 30
0.0
 10
137.4604207141146
 20
-236.1665004657389
 30
0.0
 10
137.4604207141146
 20
-236.1665004657389
 30
0.0
 10
109.0746207141146
 20
-209.480200465739
 30
0.0
 10
129.0747207141148
 20
-197.770900465739
 30
0.0
 10
124.8878207141142
 20
-178.5734004657388
 30
0.0
 10
124.8878207141142
 20
-178.5734004657388
 30
0.0
 10
120.0780207141142
 20
-151.508300465739
 30
0.0
 10
101.2100207141147
 20
-139.9375004657388
 30
0.0
 10
68.26592071411505
 20
-143.8596004657388
 30
0.0
 10
68.26592071411505
 20
-143.8596004657388
 30
0.0
 10
85.06742071411464
 20
-131.5080004657388
 30
0.0
 10
105.6484207141147
 20
-129.141500465739
 30
0.0
 10
129.9971207141143
 20
-136.7591004657388
 30
0.0
 10
129.9971207141143
 20
-136.7591004657388
 30
0.0
 10
148.032520714115
 20
-144.883400465739
 30
0.0
 10
148.5476207141146
 20
-152.5984004657389
 30
0.0
 10
137.0711207141148
 20
-160.0331004657389
 30
0.0
  0
SPLINE
  5
32B
330
1F
100
AcDbEntity
  8
Plan 1
 62
    17
100
AcDbSpline
210
0.0
220
0.0
230
1.0
 70
    11
 71
     3
 72
    44
 73
    40
 74
     0
 42
0.0000000001
 43
0.0000000001
 40
0.0
 40
0.0
 40
0.0
 40
0.0
 40
0.0909090909090909
 40
0.0909090909090909
 40
0.0909090909090909
 40
0.0909090909090909
 40
0.1818181818181818
 40
0.1818181818181818
 40
0.1818181818181818
 40
0.1818181818181818
 40
0.2727272727272727
 40
0.2727272727272727
 40
0.2727272727272727
 40
0.2727272727272727
 40
0.3636363636363636
 40
0.3636363636363636
 40
0.3636363636363636
 40
0.3636363636363636
 40
0.4545454545454545
 40
0.4545454545454545
 40
0.4545454545454545
 40
0.4545454545454545
 40
0.5454545454545455
 40
0.5454545454545455
 40
0.5454545454545455
 40
0.5454545454545455
 40
0.6363636363636364
 40
0.6363636363636364
 40
0.6363636363636364
 40
0.6363636363636364
 40
0.7272727272727274
 40
0.7272727272727274
 40
0.7272727272727274
 40
0.7272727272727274
 40
0.8181818181818181
 40
0.8181818181818181
 40
0.8181818181818181
 40
0.8181818181818181
 40
1.0
 40
1.0
 40
1.0
 40
1.0
 10
119.7784207141149
 20
-243.661500465739
 30
0.0
 10
117.544220714115
 20
-239.1910004657388
 30
0.0
 10
106.8704207141145
 20
-224.2859004657389
 30
0.0
 10
110.6739207141145
 20
-214.250200465739
 30
0.0
 10
110.6739207141145
 20
-214.250200465739
 30
0.0
 10
100.5272207141142
 20
-217.232200465739
 30
0.0
 10
98.57442071411425
 20
-236.3829004657389
 30
0.0
 10
92.12942071411452
 20
-236.090000465739
 30
0.0
 10
92.12942071411452
 20
-236.090000465739
 30
0.0
 10
88.25392071411442
 20
-217.5312004657389
 30
0.0
 10
93.03382071411489
 20
-218.0613004657389
 30
0.0
 10
96.02872071411457
 20
-212.2224004657389
 30
0.0
 10
96.02872071411457
 20
-212.2224004657389
 30
0.0
 10
50.20052071411464
 20
-220.0687004657388
 30
0.0
 10
45.6123207141145
 20
-167.7464004657388
 30
0.0
 10
69.43392071411472
 20
-164.7668004657389
 30
0.0
 10
69.43392071411472
 20
-164.7668004657389
 30
0.0
 10
88.2360207141146
 20
-163.0289004657388
 30
0.0
 10
91.82392071411504
 20
-171.4560004657389
 30
0.0
 10
88.31392071411483
 20
-181.3347004657389
 30
0.0
 10
88.31392071411483
 20
-181.3347004657389
 30
0.0
 10
84.01922071411446
 20
-190.885100465739
 30
0.0
 10
66.18742071411452
 20
-181.6374004657389
 30
0.0
 10
81.50342071411433
 20
-173.0507004657388
 30
0.0
 10
81.50342071411433
 20
-173.0507004657388
 30
0.0
 10
69.6735207141146
 20
-167.5978004657388
 30
0.0
 10
60.76062071411434
 20
-178.4248004657388
 30
0.0
 10
65.90582071411427
 20
-189.2241004657389
 30
0.0
 10
65.90582071411427
 20
-189.2241004657389
 30
0.0
 10
83.59992071411488
 20
-217.3749004657389
 30
0.0
 10
117.6162207141142
 20
-185.1214004657388
 30
0.0
 10
99.20932071411426
 20
-162.8352004657388
 30
0.0
 10
99.20932071411426
 20
-162.8352004657388
 30
0.0
 10
78.796020714115
 20
-145.103400465739
 30
0.0
 10
51.32062071411474
 20
-150.1521004657388
 30
0.0
 10
43.89322071411425
 20
-180.9402004657388
 30
0.0
 10
43.89322071411425
 20
-180.9402004657388
 30
0.0
 10
37.9873207141145
 20
-219.7304004657389
 30
0.0
 10
76.38212071411453
 20
-251.9457004657388
 30
0.0
 10
119.7784207141149
 20
-243.661500465739
 30
0.0
  0
SPLINE
  5
32C
330
1F
100
AcDbEntity
  8
Plan 1
 62
    17
100
AcDbSpline
210
0.0
220
0.0
230
1.0
 70
    11
 71
     3
 72
    24
 73
    20
 74
     0
 42
0.0000000001
 43
0.0000000001
 40
0.0
 40
0.0
 40
0.0
 40
0.0
 40
0.1666666666666667
 40
0.1666666666666667
 40
0.1666666666666667
 40
0.1666666666666667
 40
0.3333333333333333
 40
0.3333333333333333
 40
0.3333333333333333
 40
0.3333333333333333
 40
0.5
 40
0.5
 40
0.5
 40
0.5
 40
0.6666666666666666
 40
0.6666666666666666
 40
0.6666666666666666
 40
0.6666666666666666
 40
1.0
 40
1.0
 40
1.0
 40
1.0
 10
148.3979207141146
 20
-320.123300465739
 30
0.0
 10
144.7320207141147
 20
-315.874300465739
 30
0.0
 10
142.2224207141143
 20
-310.472900465739
 30
0.0
 10
140.8627207141144
 20
-303.9193004657388
 30
0.0
 10
140.8627207141144
 20
-303.9193004657388
 30
0.0
 10
124.0912207141146
 20
-304.954900465739
 30
0.0
 10
117.5682207141144
 20
-313.7589004657389
 30
0.0
 10
119.760520714115
 20
-329.1975004657388
 30
0.0
 10
119.760520714115
 20
-329.1975004657388
 30
0.0
 10
121.5095207141148
 20
-336.4891004657388
 30
0.0
 10
139.1435207141148
 20
-349.7490004657389
 30
0.0
 10
144.5824207141149
 20
-334.0181004657388
 30
0.0
 10
144.5824207141149
 20
-334.0181004657388
 30
0.0
 10
146.876520714115
 20
-322.7581004657388
 30
0.0
 10
130.0271207141149
 20
-319.8129004657389
 30
0.0
 10
125.1394207141147
 20
-328.5494004657389
 30
0.0
 10
125.1394207141147
 20
-328.5494004657389
 30
0.0
 10
122.4439207141149
 20
-312.2336004657391
 30
0.0
 10
138.8920207141145
 20
-311.0822004657389
 30
0.0
 10
148.3979207141146
 20
-320.123300465739
 30
0.0
  0
SPLINE
  5
32D
330
1F
100
AcDbEntity
  8
Plan 1
 62
    17
100
AcDbSpline
210
0.0
220
0.0
230
1.0
 70
    11
 71
     3
 72
    28
 73
    24
 74
     0
 42
0.0000000001
 43
0.0000000001
 40
0.0
 40
0.0
 40
0.0
 40
0.0
 40
0.1428571428571428
 40
0.1428571428571428
 40
0.1428571428571428
 40
0.1428571428571428
 40
0.2857142857142857
 40
0.2857142857142857
 40
0.2857142857142857
 40
0.2857142857142857
 40
0.4285714285714285
 40
0.4285714285714285
 40
0.4285714285714285
 40
0.4285714285714285
 40
0.5714285714285714
 40
0.5714285714285714
 40
0.5714285714285714
 40
0.5714285714285714
 40
0.7142857142857144
 40
0.7142857142857144
 40
0.7142857142857144
 40
0.7142857142857144
 40
1.0
 40
1.0
 40
1.0
 40
1.0
 10
137.6221207141143
 20
-375.0931004657389
 30
0.0
 10
138.0535207141147
 20
-362.7952004657388
 30
0.0
 10
134.1601207141148
 20
-364.2460004657389
 30
0.0
 10
123.4202207141143
 20
-354.562600465739
 30
0.0
 10
123.4202207141143
 20
-354.562600465739
 30
0.0
 10
155.2084207141142
 20
-360.7378004657389
 30
0.0
 10
165.1814207141142
 20
-331.331700465739
 30
0.0
 10
159.1676207141145
 20
-315.154100465739
 30
0.0
 10
159.1676207141145
 20
-315.154100465739
 30
0.0
 10
169.9013207141142
 20
-338.1192004657389
 30
0.0
 10
167.8888207141144
 20
-362.406900465739
 30
0.0
 10
140.653020714115
 20
-381.6982004657388
 30
0.0
 10
140.653020714115
 20
-381.6982004657388
 30
0.0
 10
115.9989207141143
 20
-394.6438004657389
 30
0.0
 10
90.34442071411467
 20
-386.845200465739
 30
0.0
 10
70.66182071411458
 20
-371.543700465739
 30
0.0
 10
70.66182071411458
 20
-371.543700465739
 30
0.0
 10
91.21892071411457
 20
-381.0416004657388
 30
0.0
 10
108.1282207141148
 20
-371.475000465739
 30
0.0
 10
114.8009207141149
 20
-354.1463004657389
 30
0.0
 10
114.8009207141149
 20
-354.1463004657389
 30
0.0
 10
116.1666207141143
 20
-370.6919004657389
 30
0.0
 10
129.4760207141144
 20
-369.937000465739
 30
0.0
 10
137.6221207141143
 20
-375.0931004657389
 30
0.0
  0
SPLINE
  5
32E
330
1F
100
AcDbEntity
  8
Plan 1
 62
    17
100
AcDbSpline
210
0.0
220
0.0
230
1.0
 70
    11
 71
     3
 72
    60
 73
    56
 74
     0
 42
0.0000000001
 43
0.0000000001
 40
0.0
 40
0.0
 40
0.0
 40
0.0
 40
0.0666666666666667
 40
0.0666666666666667
 40
0.0666666666666667
 40
0.0666666666666667
 40
0.1333333333333333
 40
0.1333333333333333
 40
0.1333333333333333
 40
0.1333333333333333
 40
0.2
 40
0.2
 40
0.2
 40
0.2
 40
0.2666666666666667
 40
0.2666666666666667
 40
0.2666666666666667
 40
0.2666666666666667
 40
0.3333333333333333
 40
0.3333333333333333
 40
0.3333333333333333
 40
0.3333333333333333
 40
0.4
 40
0.4
 40
0.4
 40
0.4
 40
0.4666666666666667
 40
0.4666666666666667
 40
0.4666666666666667
 40
0.4666666666666667
 40
0.5333333333333333
 40
0.5333333333333333
 40
0.5333333333333333
 40
0.5333333333333333
 40
0.6
 40
0.6
 40
0.6
 40
0.6
 40
0.6666666666666666
 40
0.6666666666666666
 40
0.6666666666666666
 40
0.6666666666666666
 40
0.7333333333333333
 40
0.7333333333333333
 40
0.7333333333333333
 40
0.7333333333333333
 40
0.8
 40
0.8
 40
0.8
 40
0.8
 40
0.8666666666666667
 40
0.8666666666666667
 40
0.8666666666666667
 40
0.8666666666666667
 40
1.0
 40
1.0
 40
1.0
 40
1.0
 10
130.5242207141145
 20
-295.709400465739
 30
0.0
 10
101.6532207141144
 20
-294.6239004657389
 30
0.0
 10
96.68172071411483
 20
-255.735700465739
 30
0.0
 10
131.8180207141149
 20
-255.0915004657388
 30
0.0
 10
131.8180207141149
 20
-255.0915004657388
 30
0.0
 10
130.0271207141149
 20
-253.6512004657388
 30
0.0
 10
128.2301207141145
 20
-252.2108004657389
 30
0.0
 10
126.4271207141146
 20
-250.7705004657389
 30
0.0
 10
126.4271207141146
 20
-250.7705004657389
 30
0.0
 10
112.6446207141143
 20
-255.1635004657389
 30
0.0
 10
93.90832071411479
 20
-253.0751004657389
 30
0.0
 10
83.78562071411488
 20
-261.357100465739
 30
0.0
 10
83.78562071411488
 20
-261.357100465739
 30
0.0
 10
102.7913207141146
 20
-262.0837004657389
 30
0.0
 10
104.8339207141143
 20
-281.4616004657389
 30
0.0
 10
85.09732071411509
 20
-286.203100465739
 30
0.0
 10
85.09732071411509
 20
-286.203100465739
 30
0.0
 10
71.44652071411474
 20
-289.984000465739
 30
0.0
 10
68.70922071411496
 20
-297.185100465739
 30
0.0
 10
73.45912071411476
 20
-306.7280004657389
 30
0.0
 10
73.45912071411476
 20
-306.7280004657389
 30
0.0
 10
74.02812071411426
 20
-291.028300465739
 30
0.0
 10
93.986220714115
 20
-302.7671004657388
 30
0.0
 10
86.80452071411492
 20
-314.722100465739
 30
0.0
 10
86.80452071411492
 20
-314.722100465739
 30
0.0
 10
74.15992071411437
 20
-327.7935004657388
 30
0.0
 10
48.61922071411481
 20
-309.5730004657389
 30
0.0
 10
53.21942071411467
 20
-288.363600465739
 30
0.0
 10
53.21942071411467
 20
-288.363600465739
 30
0.0
 10
38.20892071411435
 20
-313.9837004657388
 30
0.0
 10
39.99982071411432
 20
-340.3060004657389
 30
0.0
 10
66.34312071411478
 20
-367.6549004657388
 30
0.0
 10
66.34312071411478
 20
-367.6549004657388
 30
0.0
 10
56.05862071411502
 20
-349.4791004657388
 30
0.0
 10
61.34762071411478
 20
-330.880800465739
 30
0.0
 10
74.30962071411432
 20
-328.3333004657388
 30
0.0
 10
74.30962071411432
 20
-328.3333004657388
 30
0.0
 10
90.90752071411499
 20
-325.866200465739
 30
0.0
 10
96.5499207141147
 20
-347.2913004657389
 30
0.0
 10
84.65412071411448
 20
-349.7224004657389
 30
0.0
 10
84.65412071411448
 20
-349.7224004657389
 30
0.0
 10
79.6765207141143
 20
-349.436000465739
 30
0.0
 10
74.62712071411442
 20
-343.387200465739
 30
0.0
 10
85.2950207141148
 20
-339.1359004657388
 30
0.0
 10
85.2950207141148
 20
-339.1359004657388
 30
0.0
 10
74.78282071411467
 20
-331.1403004657389
 30
0.0
 10
64.43242071411441
 20
-342.158000465739
 30
0.0
 10
71.94962071411464
 20
-355.339800465739
 30
0.0
 10
71.94962071411464
 20
-355.339800465739
 30
0.0
 10
85.61842071411502
 20
-369.9500004657389
 30
0.0
 10
104.5823207141147
 20
-357.2209004657389
 30
0.0
 10
100.5870207141142
 20
-340.2162004657389
 30
0.0
 10
100.5870207141142
 20
-340.2162004657389
 30
0.0
 10
97.86172071411421
 20
-318.4665004657388
 30
0.0
 10
110.8656207141148
 20
-304.0631004657389
 30
0.0
 10
130.5242207141145
 20
-295.709400465739
 30
0.0
  0
SPLINE
  5
32F
330
1F
100
AcDbEntity
  8
Plan 1
 62
    17
100
AcDbSpline
210
0.0
220
0.0
230
1.0
 70
    11
 71
     3
 72
    32
 73
    28
 74
     0
 42
0.0000000001
 43
0.0000000001
 40
0.0
 40
0.0
 40
0.0
 40
0.0
 40
0.125
 40
0.125
 40
0.125
 40
0.125
 40
0.25
 40
0.25
 40
0.25
 40
0.25
 40
0.375
 40
0.375
 40
0.375
 40
0.375
 40
0.5
 40
0.5
 40
0.5
 40
0.5
 40
0.625
 40
0.625
 40
0.625
 40
0.625
 40
0.75
 40
0.75
 40
0.75
 40
0.75
 40
1.0
 40
1.0
 40
1.0
 40
1.0
 10
-77.67637928588555
 20
-160.0331004657389
 30
0.0
 10
-87.36197928588536
 20
-150.600700465739
 30
0.0
 10
-68.90727928588512
 20
-142.459500465739
 30
0.0
 10
-67.84707928588523
 20
-158.849700465739
 30
0.0
 10
-67.84707928588523
 20
-158.849700465739
 30
0.0
 10
-67.02647928588522
 20
-170.682300465739
 30
0.0
 10
-95.3284792858858
 20
-177.9914004657389
 30
0.0
 10
-93.80107928588495
 20
-155.2994004657389
 30
0.0
 10
-93.80107928588495
 20
-155.2994004657389
 30
0.0
 10
-115.1367792858855
 20
-177.812700465739
 30
0.0
 10
-106.9906792858855
 20
-223.888900465739
 30
0.0
 10
-78.0777792858853
 20
-236.1665004657389
 30
0.0
 10
-78.0777792858853
 20
-236.1665004657389
 30
0.0
 10
-49.69187928588508
 20
-209.480200465739
 30
0.0
 10
-69.69197928588528
 20
-197.770900465739
 30
0.0
 10
-65.49307928588496
 20
-178.5734004657388
 30
0.0
 10
-65.49307928588496
 20
-178.5734004657388
 30
0.0
 10
-60.68927928588528
 20
-151.508300465739
 30
0.0
 10
-41.81527928588548
 20
-139.9375004657388
 30
0.0
 10
-8.877179285885176
 20
-143.8596004657388
 30
0.0
 10
-8.877179285885176
 20
-143.8596004657388
 30
0.0
 10
-25.68457928588578
 20
-131.5080004657388
 30
0.0
 10
-46.25367928588548
 20
-129.141500465739
 30
0.0
 10
-70.60837928588535
 20
-136.7591004657388
 30
0.0
 10
-70.60837928588535
 20
-136.7591004657388
 30
0.0
 10
-88.6437792858851
 20
-144.883400465739
 30
0.0
 10
-89.16487928588503
 20
-152.5984004657389
 30
0.0
 10
-77.67637928588555
 20
-160.0331004657389
 30
0.0
  0
SPLINE
  5
330
330
1F
100
AcDbEntity
  8
Plan 1
 62
    17
100
AcDbSpline
210
0.0
220
0.0
230
1.0
 70
    11
 71
     3
 72
    44
 73
    40
 74
     0
 42
0.0000000001
 43
0.0000000001
 40
0.0
 40
0.0
 40
0.0
 40
0.0
 40
0.0909090909090909
 40
0.0909090909090909
 40
0.0909090909090909
 40
0.0909090909090909
 40
0.1818181818181818
 40
0.1818181818181818
 40
0.1818181818181818
 40
0.1818181818181818
 40
0.2727272727272727
 40
0.2727272727272727
 40
0.2727272727272727
 40
0.2727272727272727
 40
0.3636363636363636
 40
0.3636363636363636
 40
0.3636363636363636
 40
0.3636363636363636
 40
0.4545454545454545
 40
0.4545454545454545
 40
0.4545454545454545
 40
0.4545454545454545
 40
0.5454545454545455
 40
0.5454545454545455
 40
0.5454545454545455
 40
0.5454545454545455
 40
0.6363636363636364
 40
0.6363636363636364
 40
0.6363636363636364
 40
0.6363636363636364
 40
0.7272727272727274
 40
0.7272727272727274
 40
0.7272727272727274
 40
0.7272727272727274
 40
0.8181818181818181
 40
0.8181818181818181
 40
0.8181818181818181
 40
0.8181818181818181
 40
1.0
 40
1.0
 40
1.0
 40
1.0
 10
-60.38377928588579
 20
-243.661500465739
 30
0.0
 10
-58.15557928588532
 20
-239.1910004657388
 30
0.0
 10
-47.48167928588554
 20
-224.2859004657389
 30
0.0
 10
-51.28527928588574
 20
-214.250200465739
 30
0.0
 10
-51.28527928588574
 20
-214.250200465739
 30
0.0
 10
-41.13237928588569
 20
-217.232200465739
 30
0.0
 10
-39.17977928588516
 20
-236.3829004657389
 30
0.0
 10
-32.74667928588497
 20
-236.090000465739
 30
0.0
 10
-32.74667928588497
 20
-236.090000465739
 30
0.0
 10
-28.85927928588535
 20
-217.5312004657389
 30
0.0
 10
-33.6391792858858
 20
-218.0613004657389
 30
0.0
 10
-36.63407928588549
 20
-212.2224004657389
 30
0.0
 10
-36.63407928588549
 20
-212.2224004657389
 30
0.0
 10
9.194220714114635
 20
-220.0687004657388
 30
0.0
 10
13.77032071411486
 20
-167.7464004657388
 30
0.0
 10
-10.05117928588515
 20
-164.7668004657389
 30
0.0
 10
-10.05117928588515
 20
-164.7668004657389
 30
0.0
 10
-28.84127928588532
 20
-163.0289004657388
 30
0.0
 10
-32.42917928588577
 20
-171.4560004657389
 30
0.0
 10
-28.91917928588555
 20
-181.3347004657389
 30
0.0
 10
-28.91917928588555
 20
-181.3347004657389
 30
0.0
 10
-24.62437928588497
 20
-190.885100465739
 30
0.0
 10
-6.792679285885242
 20
-181.6374004657389
 30
0.0
 10
-22.10867928588505
 20
-173.0507004657388
 30
0.0
 10
-22.10867928588505
 20
-173.0507004657388
 30
0.0
 10
-10.29077928588503
 20
-167.5978004657388
 30
0.0
 10
-1.377879285885683
 20
-178.4248004657388
 30
0.0
 10
-6.511179285885191
 20
-189.2241004657389
 30
0.0
 10
-6.511179285885191
 20
-189.2241004657389
 30
0.0
 10
-24.20517928588561
 20
-217.3749004657389
 30
0.0
 10
-58.23337928588535
 20
-185.1214004657388
 30
0.0
 10
-39.8266792858858
 20
-162.8352004657388
 30
0.0
 10
-39.8266792858858
 20
-162.8352004657388
 30
0.0
 10
-19.41327928588544
 20
-145.103400465739
 30
0.0
 10
8.062020714114623
 20
-150.1521004657388
 30
0.0
 10
15.49542071411451
 20
-180.9402004657388
 30
0.0
 10
15.49542071411451
 20
-180.9402004657388
 30
0.0
 10
21.40142071411446
 20
-219.7304004657389
 30
0.0
 10
-16.99937928588497
 20
-251.9457004657388
 30
0.0
 10
-60.38377928588579
 20
-243.661500465739
 30
0.0
  0
SPLINE
  5
331
330
1F
100
AcDbEntity
  8
Plan 1
 62
    17
100
AcDbSpline
210
0.0
220
0.0
230
1.0
 70
    11
 71
     3
 72
    24
 73
    20
 74
     0
 42
0.0000000001
 43
0.0000000001
 40
0.0
 40
0.0
 40
0.0
 40
0.0
 40
0.1666666666666667
 40
0.1666666666666667
 40
0.1666666666666667
 40
0.1666666666666667
 40
0.3333333333333333
 40
0.3333333333333333
 40
0.3333333333333333
 40
0.3333333333333333
 40
0.5
 40
0.5
 40
0.5
 40
0.5
 40
0.6666666666666666
 40
0.6666666666666666
 40
0.6666666666666666
 40
0.6666666666666666
 40
1.0
 40
1.0
 40
1.0
 40
1.0
 10
-89.01517928588509
 20
-320.123300465739
 30
0.0
 10
-85.34937928588533
 20
-315.874300465739
 30
0.0
 10
-82.83957928588552
 20
-310.472900465739
 30
0.0
 10
-81.46797928588512
 20
-303.9193004657388
 30
0.0
 10
-81.46797928588512
 20
-303.9193004657388
 30
0.0
 10
-64.70837928588571
 20
-304.954900465739
 30
0.0
 10
-58.17357928588535
 20
-313.7589004657389
 30
0.0
 10
-60.36577928588577
 20
-329.1975004657388
 30
0.0
 10
-60.36577928588577
 20
-329.1975004657388
 30
0.0
 10
-62.12677928588528
 20
-336.4891004657388
 30
0.0
 10
-79.74887928588578
 20
-349.7490004657389
 30
0.0
 10
-85.19367928588508
 20
-334.0181004657388
 30
0.0
 10
-85.19367928588508
 20
-334.0181004657388
 30
0.0
 10
-87.49377928588547
 20
-322.7581004657388
 30
0.0
 10
-70.64437928588541
 20
-319.8129004657389
 30
0.0
 10
-65.74467928588546
 20
-328.5494004657389
 30
0.0
 10
-65.74467928588546
 20
-328.5494004657389
 30
0.0
 10
-63.04927928588495
 20
-312.2336004657391
 30
0.0
 10
-79.49737928588547
 20
-311.0822004657389
 30
0.0
 10
-89.01517928588509
 20
-320.123300465739
 30
0.0
  0
SPLINE
  5
332
330
1F
100
AcDbEntity
  8
Plan 1
 62
    17
100
AcDbSpline
210
0.0
220
0.0
230
1.0
 70
    11
 71
     3
 72
    28
 73
    24
 74
     0
 42
0.0000000001
 43
0.0000000001
 40
0.0
 40
0.0
 40
0.0
 40
0.0
 40
0.1428571428571428
 40
0.1428571428571428
 40
0.1428571428571428
 40
0.1428571428571428
 40
0.2857142857142857
 40
0.2857142857142857
 40
0.2857142857142857
 40
0.2857142857142857
 40
0.4285714285714285
 40
0.4285714285714285
 40
0.4285714285714285
 40
0.4285714285714285
 40
0.5714285714285714
 40
0.5714285714285714
 40
0.5714285714285714
 40
0.5714285714285714
 40
0.7142857142857144
 40
0.7142857142857144
 40
0.7142857142857144
 40
0.7142857142857144
 40
1.0
 40
1.0
 40
1.0
 40
1.0
 10
-78.22747928588523
 20
-375.0931004657389
 30
0.0
 10
-78.66477928588574
 20
-362.7952004657388
 30
0.0
 10
-74.77727928588501
 20
-364.2460004657389
 30
0.0
 10
-64.03757928588493
 20
-354.562600465739
 30
0.0
 10
-64.03757928588493
 20
-354.562600465739
 30
0.0
 10
-95.8255792858854
 20
-360.7378004657389
 30
0.0
 10
-105.7926792858852
 20
-331.331700465739
 30
0.0
 10
-99.77897928588573
 20
-315.154100465739
 30
0.0
 10
-99.77897928588573
 20
-315.154100465739
 30
0.0
 10
-110.5186792858849
 20
-338.1192004657389
 30
0.0
 10
-108.5000792858854
 20
-362.406900465739
 30
0.0
 10
-81.25837928588499
 20
-381.6982004657388
 30
0.0
 10
-81.25837928588499
 20
-381.6982004657388
 30
0.0
 10
-56.61617928588476
 20
-394.6438004657389
 30
0.0
 10
-30.96167928588511
 20
-386.845200465739
 30
0.0
 10
-11.2671792858855
 20
-371.543700465739
 30
0.0
 10
-11.2671792858855
 20
-371.543700465739
 30
0.0
 10
-31.83017928588561
 20
-381.0416004657388
 30
0.0
 10
-48.73957928588516
 20
-371.475000465739
 30
0.0
 10
-55.40627928588492
 20
-354.1463004657389
 30
0.0
 10
-55.40627928588492
 20
-354.1463004657389
 30
0.0
 10
-56.77187928588501
 20
-370.6919004657389
 30
0.0
 10
-70.09327928588573
 20
-369.937000465739
 30
0.0
 10
-78.22747928588523
 20
-375.0931004657389
 30
0.0
  0
SPLINE
  5
333
330
1F
100
AcDbEntity
  8
Plan 1
 62
    17
100
AcDbSpline
210
0.0
220
0.0
230
1.0
 70
    11
 71
     3
 72
    60
 73
    56
 74
     0
 42
0.0000000001
 43
0.0000000001
 40
0.0
 40
0.0
 40
0.0
 40
0.0
 40
0.0666666666666667
 40
0.0666666666666667
 40
0.0666666666666667
 40
0.0666666666666667
 40
0.1333333333333333
 40
0.1333333333333333
 40
0.1333333333333333
 40
0.1333333333333333
 40
0.2
 40
0.2
 40
0.2
 40
0.2
 40
0.2666666666666667
 40
0.2666666666666667
 40
0.2666666666666667
 40
0.2666666666666667
 40
0.3333333333333333
 40
0.3333333333333333
 40
0.3333333333333333
 40
0.3333333333333333
 40
0.4
 40
0.4
 40
0.4
 40
0.4
 40
0.4666666666666667
 40
0.4666666666666667
 40
0.4666666666666667
 40
0.4666666666666667
 40
0.5333333333333333
 40
0.5333333333333333
 40
0.5333333333333333
 40
0.5333333333333333
 40
0.6
 40
0.6
 40
0.6
 40
0.6
 40
0.6666666666666666
 40
0.6666666666666666
 40
0.6666666666666666
 40
0.6666666666666666
 40
0.7333333333333333
 40
0.7333333333333333
 40
0.7333333333333333
 40
0.7333333333333333
 40
0.8
 40
0.8
 40
0.8
 40
0.8
 40
0.8666666666666667
 40
0.8666666666666667
 40
0.8666666666666667
 40
0.8666666666666667
 40
1.0
 40
1.0
 40
1.0
 40
1.0
 10
-71.12957928588548
 20
-295.709400465739
 30
0.0
 10
-42.25847928588518
 20
-294.6239004657389
 30
0.0
 10
-37.29297928588494
 20
-255.735700465739
 30
0.0
 10
-72.42337928588495
 20
-255.0915004657388
 30
0.0
 10
-72.42337928588495
 20
-255.0915004657388
 30
0.0
 10
-70.63837928588509
 20
-253.6512004657388
 30
0.0
 10
-68.83547928588541
 20
-252.2108004657389
 30
0.0
 10
-67.04447928588525
 20
-250.7705004657389
 30
0.0
 10
-67.04447928588525
 20
-250.7705004657389
 30
0.0
 10
-53.25587928588539
 20
-255.1635004657389
 30
0.0
 10
-34.52567928588542
 20
-253.0751004657389
 30
0.0
 10
-24.40277928588512
 20
-261.357100465739
 30
0.0
 10
-24.40277928588512
 20
-261.357100465739
 30
0.0
 10
-43.39657928588531
 20
-262.0837004657389
 30
0.0
 10
-45.45107928588549
 20
-281.4616004657389
 30
0.0
 10
-25.7026792858851
 20
-286.203100465739
 30
0.0
 10
-25.7026792858851
 20
-286.203100465739
 30
0.0
 10
-12.06377928588517
 20
-289.984000465739
 30
0.0
 10
-9.326379285885195
 20
-297.185100465739
 30
0.0
 10
-14.06437928588548
 20
-306.7280004657389
 30
0.0
 10
-14.06437928588548
 20
-306.7280004657389
 30
0.0
 10
-14.6393792858853
 20
-291.028300465739
 30
0.0
 10
-34.59747928588513
 20
-302.7671004657388
 30
0.0
 10
-27.42167928588515
 20
-314.722100465739
 30
0.0
 10
-27.42167928588515
 20
-314.722100465739
 30
0.0
 10
-14.77117928588541
 20
-327.7935004657388
 30
0.0
 10
10.76952071411506
 20
-309.5730004657389
 30
0.0
 10
6.175320714114604
 20
-288.363600465739
 30
0.0
 10
6.175320714114604
 20
-288.363600465739
 30
0.0
 10
21.17382071411521
 20
-313.9837004657388
 30
0.0
 10
19.38882071411444
 20
-340.3060004657389
 30
0.0
 10
-6.954379285884897
 20
-367.6549004657388
 30
0.0
 10
-6.954379285884897
 20
-367.6549004657388
 30
0.0
 10
3.330020714114652
 20
-349.4791004657388
 30
0.0
 10
-1.964879285885217
 20
-330.880800465739
 30
0.0
 10
-14.92097928588555
 20
-328.3333004657388
 30
0.0
 10
-14.92097928588555
 20
-328.3333004657388
 30
0.0
 10
-31.52467928588521
 20
-325.866200465739
 30
0.0
 10
-37.16117928588483
 20
-347.2913004657389
 30
0.0
 10
-25.25937928588519
 20
-349.7224004657389
 30
0.0
 10
-25.25937928588519
 20
-349.7224004657389
 30
0.0
 10
-20.29377928588565
 20
-349.436000465739
 30
0.0
 10
-15.24427928588557
 20
-343.387200465739
 30
0.0
 10
-25.91227928588523
 20
-339.1359004657388
 30
0.0
 10
-25.91227928588523
 20
-339.1359004657388
 30
0.0
 10
-15.39407928588571
 20
-331.1403004657389
 30
0.0
 10
-5.049679285885758
 20
-342.158000465739
 30
0.0
 10
-12.55487928588536
 20
-355.339800465739
 30
0.0
 10
-12.55487928588536
 20
-355.339800465739
 30
0.0
 10
-26.23577928588566
 20
-369.9500004657389
 30
0.0
 10
-45.19957928588519
 20
-357.2209004657389
 30
0.0
 10
-41.19237928588518
 20
-340.2162004657389
 30
0.0
 10
-41.19237928588518
 20
-340.2162004657389
 30
0.0
 10
-38.47887928588534
 20
-318.4665004657388
 30
0.0
 10
-51.47097928588573
 20
-304.0631004657389
 30
0.0
 10
-71.12957928588548
 20
-295.709400465739
 30
0.0
  0
SPLINE
  5
334
330
1F
100
AcDbEntity
  8
Plan 1
 62
    17
100
AcDbSpline
210
0.0
220
0.0
230
1.0
 70
    11
 71
     3
 72
    32
 73
    28
 74
     0
 42
0.0000000001
 43
0.0000000001
 40
0.0
 40
0.0
 40
0.0
 40
0.0
 40
0.125
 40
0.125
 40
0.125
 40
0.125
 40
0.25
 40
0.25
 40
0.25
 40
0.25
 40
0.375
 40
0.375
 40
0.375
 40
0.375
 40
0.5
 40
0.5
 40
0.5
 40
0.5
 40
0.625
 40
0.625
 40
0.625
 40
0.625
 40
0.75
 40
0.75
 40
0.75
 40
0.75
 40
1.0
 40
1.0
 40
1.0
 40
1.0
 10
137.0711207141148
 20
-73.30520046573884
 30
0.0
 10
146.7447207141149
 20
-82.737500465739
 30
0.0
 10
128.2900207141147
 20
-90.87860046573906
 30
0.0
 10
127.2418207141145
 20
-74.48850046573898
 30
0.0
 10
127.2418207141145
 20
-74.48850046573898
 30
0.0
 10
126.4092207141148
 20
-62.65590046573902
 30
0.0
 10
154.7231207141149
 20
-55.34690046573882
 30
0.0
 10
153.1958207141142
 20
-78.03880046573886
 30
0.0
 10
153.1958207141142
 20
-78.03880046573886
 30
0.0
 10
174.5196207141143
 20
-55.52560046573876
 30
0.0
 10
166.3734207141142
 20
-9.449400465739017
 30
0.0
 10
137.4604207141146
 20
2.828199534261102
 30
0.0
 10
137.4604207141146
 20
2.828199534261102
 30
0.0
 10
109.0746207141146
 20
-23.85810046573897
 30
0.0
 10
129.0747207141148
 20
-35.56730046573898
 30
0.0
 10
124.8878207141142
 20
-54.76490046573895
 30
0.0
 10
124.8878207141142
 20
-54.76490046573895
 30
0.0
 10
120.0780207141142
 20
-81.82980046573902
 30
0.0
 10
101.2100207141147
 20
-93.40060046573876
 30
0.0
 10
68.26592071411505
 20
-89.47850046573899
 30
0.0
 10
68.26592071411505
 20
-89.47850046573899
 30
0.0
 10
85.06742071411464
 20
-101.8303004657389
 30
0.0
 10
105.6484207141147
 20
-104.196800465739
 30
0.0
 10
129.9971207141143
 20
-96.57900046573899
 30
0.0
 10
129.9971207141143
 20
-96.57900046573899
 30
0.0
 10
148.032520714115
 20
-88.45480046573902
 30
0.0
 10
148.5476207141146
 20
-80.73980046573888
 30
0.0
 10
137.0711207141148
 20
-73.30520046573884
 30
0.0
  0
SPLINE
  5
335
330
1F
100
AcDbEntity
  8
Plan 1
 62
    17
100
AcDbSpline
210
0.0
220
0.0
230
1.0
 70
    11
 71
     3
 72
    44
 73
    40
 74
     0
 42
0.0000000001
 43
0.0000000001
 40
0.0
 40
0.0
 40
0.0
 40
0.0
 40
0.0909090909090909
 40
0.0909090909090909
 40
0.0909090909090909
 40
0.0909090909090909
 40
0.1818181818181818
 40
0.1818181818181818
 40
0.1818181818181818
 40
0.1818181818181818
 40
0.2727272727272727
 40
0.2727272727272727
 40
0.2727272727272727
 40
0.2727272727272727
 40
0.3636363636363636
 40
0.3636363636363636
 40
0.3636363636363636
 40
0.3636363636363636
 40
0.4545454545454545
 40
0.4545454545454545
 40
0.4545454545454545
 40
0.4545454545454545
 40
0.5454545454545455
 40
0.5454545454545455
 40
0.5454545454545455
 40
0.5454545454545455
 40
0.6363636363636364
 40
0.6363636363636364
 40
0.6363636363636364
 40
0.6363636363636364
 40
0.7272727272727274
 40
0.7272727272727274
 40
0.7272727272727274
 40
0.7272727272727274
 40
0.8181818181818181
 40
0.8181818181818181
 40
0.8181818181818181
 40
0.8181818181818181
 40
1.0
 40
1.0
 40
1.0
 40
1.0
 10
119.7784207141149
 20
10.32329953426097
 30
0.0
 10
117.544220714115
 20
5.852799534261066
 30
0.0
 10
106.8704207141145
 20
-9.052300465738881
 30
0.0
 10
110.6739207141145
 20
-19.08800046573901
 30
0.0
 10
110.6739207141145
 20
-19.08800046573901
 30
0.0
 10
100.5272207141142
 20
-16.10610046573902
 30
0.0
 10
98.57442071411425
 20
3.044599534261124
 30
0.0
 10
92.12942071411452
 20
2.751799534261181
 30
0.0
 10
92.12942071411452
 20
2.751799534261181
 30
0.0
 10
88.25392071411442
 20
-15.80700046573884
 30
0.0
 10
93.03382071411489
 20
-15.27700046573886
 30
0.0
 10
96.02872071411457
 20
-21.11580046573886
 30
0.0
 10
96.02872071411457
 20
-21.11580046573886
 30
0.0
 10
50.20052071411464
 20
-13.2696004657389
 30
0.0
 10
45.6123207141145
 20
-65.59190046573895
 30
0.0
 10
69.43392071411472
 20
-68.57150046573884
 30
0.0
 10
69.43392071411472
 20
-68.57150046573884
 30
0.0
 10
88.2360207141146
 20
-70.30930046573894
 30
0.0
 10
91.82392071411504
 20
-61.88230046573881
 30
0.0
 10
88.31392071411483
 20
-52.00350046573885
 30
0.0
 10
88.31392071411483
 20
-52.00350046573885
 30
0.0
 10
84.01922071411446
 20
-42.453100465739
 30
0.0
 10
66.18742071411452
 20
-51.70090046573887
 30
0.0
 10
81.50342071411433
 20
-60.28750046573896
 30
0.0
 10
81.50342071411433
 20
-60.28750046573896
 30
0.0
 10
69.6735207141146
 20
-65.74050046573893
 30
0.0
 10
60.76062071411434
 20
-54.91350046573893
 30
0.0
 10
65.90582071411427
 20
-44.11410046573883
 30
0.0
 10
65.90582071411427
 20
-44.11410046573883
 30
0.0
 10
83.59992071411488
 20
-15.96340046573891
 30
0.0
 10
117.6162207141142
 20
-48.21680046573897
 30
0.0
 10
99.20932071411426
 20
-70.50300046573898
 30
0.0
 10
99.20932071411426
 20
-70.50300046573898
 30
0.0
 10
78.796020714115
 20
-88.234800465739
 30
0.0
 10
51.32062071411474
 20
-83.18610046573894
 30
0.0
 10
43.89322071411425
 20
-52.39800046573896
 30
0.0
 10
43.89322071411425
 20
-52.39800046573896
 30
0.0
 10
37.9873207141145
 20
-13.60790046573902
 30
0.0
 10
76.38212071411453
 20
18.607599534261
 30
0.0
 10
119.7784207141149
 20
10.32329953426097
 30
0.0
  0
SPLINE
  5
336
330
1F
100
AcDbEntity
  8
Plan 1
 62
    17
100
AcDbSpline
210
0.0
220
0.0
230
1.0
 70
    11
 71
     3
 72
    24
 73
    20
 74
     0
 42
0.0000000001
 43
0.0000000001
 40
0.0
 40
0.0
 40
0.0
 40
0.0
 40
0.1666666666666667
 40
0.1666666666666667
 40
0.1666666666666667
 40
0.1666666666666667
 40
0.3333333333333333
 40
0.3333333333333333
 40
0.3333333333333333
 40
0.3333333333333333
 40
0.5
 40
0.5
 40
0.5
 40
0.5
 40
0.6666666666666666
 40
0.6666666666666666
 40
0.6666666666666666
 40
0.6666666666666666
 40
1.0
 40
1.0
 40
1.0
 40
1.0
 10
148.3979207141146
 20
86.78499953426102
 30
0.0
 10
144.7320207141147
 20
82.53599953426101
 30
0.0
 10
142.2224207141143
 20
77.13479953426099
 30
0.0
 10
140.8627207141144
 20
70.58109953426106
 30
0.0
 10
140.8627207141144
 20
70.58109953426106
 30
0.0
 10
124.0912207141146
 20
71.61669953426098
 30
0.0
 10
117.5682207141144
 20
80.42059953426109
 30
0.0
 10
119.760520714115
 20
95.85919953426104
 30
0.0
 10
119.760520714115
 20
95.85919953426104
 30
0.0
 10
121.5095207141148
 20
103.150899534261
 30
0.0
 10
139.1435207141148
 20
116.4108995342612
 30
0.0
 10
144.5824207141149
 20
100.679899534261
 30
0.0
 10
144.5824207141149
 20
100.679899534261
 30
0.0
 10
146.876520714115
 20
89.41989953426105
 30
0.0
 10
130.0271207141149
 20
86.47459953426119
 30
0.0
 10
125.1394207141147
 20
95.21109953426117
 30
0.0
 10
125.1394207141147
 20
95.21109953426117
 30
0.0
 10
122.4439207141149
 20
78.89529953426109
 30
0.0
 10
138.8920207141145
 20
77.74399953426109
 30
0.0
 10
148.3979207141146
 20
86.78499953426102
 30
0.0
  0
SPLINE
  5
337
330
1F
100
AcDbEntity
  8
Plan 1
 62
    17
100
AcDbSpline
210
0.0
220
0.0
230
1.0
 70
    11
 71
     3
 72
    28
 73
    24
 74
     0
 42
0.0000000001
 43
0.0000000001
 40
0.0
 40
0.0
 40
0.0
 40
0.0
 40
0.1428571428571428
 40
0.1428571428571428
 40
0.1428571428571428
 40
0.1428571428571428
 40
0.2857142857142857
 40
0.2857142857142857
 40
0.2857142857142857
 40
0.2857142857142857
 40
0.4285714285714285
 40
0.4285714285714285
 40
0.4285714285714285
 40
0.4285714285714285
 40
0.5714285714285714
 40
0.5714285714285714
 40
0.5714285714285714
 40
0.5714285714285714
 40
0.7142857142857144
 40
0.7142857142857144
 40
0.7142857142857144
 40
0.7142857142857144
 40
1.0
 40
1.0
 40
1.0
 40
1.0
 10
137.6221207141143
 20
141.7547995342611
 30
0.0
 10
138.0535207141147
 20
129.4569995342613
 30
0.0
 10
134.1601207141148
 20
130.9077995342609
 30
0.0
 10
123.4202207141143
 20
121.224399534261
 30
0.0
 10
123.4202207141143
 20
121.224399534261
 30
0.0
 10
155.2084207141142
 20
127.3995995342611
 30
0.0
 10
165.1814207141142
 20
97.993499534261
 30
0.0
 10
159.1676207141145
 20
81.81589953426101
 30
0.0
 10
159.1676207141145
 20
81.81589953426101
 30
0.0
 10
169.9013207141142
 20
104.7808995342611
 30
0.0
 10
167.8888207141144
 20
129.0686995342612
 30
0.0
 10
140.653020714115
 20
148.3598995342608
 30
0.0
 10
140.653020714115
 20
148.3598995342608
 30
0.0
 10
115.9989207141143
 20
161.3056995342613
 30
0.0
 10
90.34442071411467
 20
153.5068995342612
 30
0.0
 10
70.66182071411458
 20
138.205499534261
 30
0.0
 10
70.66182071411458
 20
138.205499534261
 30
0.0
 10
91.21892071411457
 20
147.7033995342613
 30
0.0
 10
108.1282207141148
 20
138.1366995342609
 30
0.0
 10
114.8009207141149
 20
120.8081995342609
 30
0.0
 10
114.8009207141149
 20
120.8081995342609
 30
0.0
 10
116.1666207141143
 20
137.3535995342608
 30
0.0
 10
129.4760207141144
 20
136.5986995342609
 30
0.0
 10
137.6221207141143
 20
141.7547995342611
 30
0.0
  0
SPLINE
  5
338
330
1F
100
AcDbEntity
  8
Plan 1
 62
    17
100
AcDbSpline
210
0.0
220
0.0
230
1.0
 70
    11
 71
     3
 72
    60
 73
    56
 74
     0
 42
0.0000000001
 43
0.0000000001
 40
0.0
 40
0.0
 40
0.0
 40
0.0
 40
0.0666666666666667
 40
0.0666666666666667
 40
0.0666666666666667
 40
0.0666666666666667
 40
0.1333333333333333
 40
0.1333333333333333
 40
0.1333333333333333
 40
0.1333333333333333
 40
0.2
 40
0.2
 40
0.2
 40
0.2
 40
0.2666666666666667
 40
0.2666666666666667
 40
0.2666666666666667
 40
0.2666666666666667
 40
0.3333333333333333
 40
0.3333333333333333
 40
0.3333333333333333
 40
0.3333333333333333
 40
0.4
 40
0.4
 40
0.4
 40
0.4
 40
0.4666666666666667
 40
0.4666666666666667
 40
0.4666666666666667
 40
0.4666666666666667
 40
0.5333333333333333
 40
0.5333333333333333
 40
0.5333333333333333
 40
0.5333333333333333
 40
0.6
 40
0.6
 40
0.6
 40
0.6
 40
0.6666666666666666
 40
0.6666666666666666
 40
0.6666666666666666
 40
0.6666666666666666
 40
0.7333333333333333
 40
0.7333333333333333
 40
0.7333333333333333
 40
0.7333333333333333
 40
0.8
 40
0.8
 40
0.8
 40
0.8
 40
0.8666666666666667
 40
0.8666666666666667
 40
0.8666666666666667
 40
0.8666666666666667
 40
1.0
 40
1.0
 40
1.0
 40
1.0
 10
130.5242207141145
 20
62.37119953426099
 30
0.0
 10
101.6532207141144
 20
61.28569953426108
 30
0.0
 10
96.68172071411483
 20
22.39759953426119
 30
0.0
 10
131.8180207141149
 20
21.75329953426103
 30
0.0
 10
131.8180207141149
 20
21.75329953426103
 30
0.0
 10
130.0271207141149
 20
20.31299953426105
 30
0.0
 10
128.2301207141145
 20
18.8725995342611
 30
0.0
 10
126.4271207141146
 20
17.43229953426112
 30
0.0
 10
126.4271207141146
 20
17.43229953426112
 30
0.0
 10
112.6446207141143
 20
21.82539953426112
 30
0.0
 10
93.90832071411479
 20
19.73689953426105
 30
0.0
 10
83.78562071411488
 20
28.01879953426101
 30
0.0
 10
83.78562071411488
 20
28.01879953426101
 30
0.0
 10
102.7913207141146
 20
28.74549953426117
 30
0.0
 10
104.8339207141143
 20
48.12329953426115
 30
0.0
 10
85.09732071411509
 20
52.86489953426098
 30
0.0
 10
85.09732071411509
 20
52.86489953426098
 30
0.0
 10
71.44652071411474
 20
56.64579953426119
 30
0.0
 10
68.70922071411496
 20
63.84699953426116
 30
0.0
 10
73.45912071411476
 20
73.3897995342611
 30
0.0
 10
73.45912071411476
 20
73.3897995342611
 30
0.0
 10
74.02812071411426
 20
57.69009953426098
 30
0.0
 10
93.986220714115
 20
69.42889953426107
 30
0.0
 10
86.80452071411492
 20
81.38379953426101
 30
0.0
 10
86.80452071411492
 20
81.38379953426101
 30
0.0
 10
74.15992071411437
 20
94.45519953426105
 30
0.0
 10
48.61922071411481
 20
76.2348995342611
 30
0.0
 10
53.21942071411467
 20
55.02529953426097
 30
0.0
 10
53.21942071411467
 20
55.02529953426097
 30
0.0
 10
38.20892071411435
 20
80.64539953426129
 30
0.0
 10
39.99982071411432
 20
106.9676995342611
 30
0.0
 10
66.34312071411478
 20
134.316599534261
 30
0.0
 10
66.34312071411478
 20
134.316599534261
 30
0.0
 10
56.05862071411502
 20
116.1408995342612
 30
0.0
 10
61.34762071411478
 20
97.54249953426096
 30
0.0
 10
74.30962071411432
 20
94.99509953426104
 30
0.0
 10
74.30962071411432
 20
94.99509953426104
 30
0.0
 10
90.90752071411499
 20
92.52799953426096
 30
0.0
 10
96.5499207141147
 20
113.9531995342609
 30
0.0
 10
84.65412071411448
 20
116.3842995342611
 30
0.0
 10
84.65412071411448
 20
116.3842995342611
 30
0.0
 10
79.6765207141143
 20
116.0977995342609
 30
0.0
 10
74.62712071411442
 20
110.0490995342611
 30
0.0
 10
85.2950207141148
 20
105.797599534261
 30
0.0
 10
85.2950207141148
 20
105.797599534261
 30
0.0
 10
74.78282071411467
 20
97.80209953426107
 30
0.0
 10
64.43242071411441
 20
108.8197995342611
 30
0.0
 10
71.94962071411464
 20
122.0016995342612
 30
0.0
 10
71.94962071411464
 20
122.0016995342612
 30
0.0
 10
85.61842071411502
 20
136.6117995342611
 30
0.0
 10
104.5823207141147
 20
123.8827995342612
 30
0.0
 10
100.5870207141142
 20
106.8778995342611
 30
0.0
 10
100.5870207141142
 20
106.8778995342611
 30
0.0
 10
97.86172071411421
 20
85.12829953426104
 30
0.0
 10
110.8656207141148
 20
70.72489953426111
 30
0.0
 10
130.5242207141145
 20
62.37119953426099
 30
0.0
  0
SPLINE
  5
339
330
1F
100
AcDbEntity
  8
Plan 1
 62
    17
100
AcDbSpline
210
0.0
220
0.0
230
1.0
 70
    11
 71
     3
 72
    32
 73
    28
 74
     0
 42
0.0000000001
 43
0.0000000001
 40
0.0
 40
0.0
 40
0.0
 40
0.0
 40
0.125
 40
0.125
 40
0.125
 40
0.125
 40
0.25
 40
0.25
 40
0.25
 40
0.25
 40
0.375
 40
0.375
 40
0.375
 40
0.375
 40
0.5
 40
0.5
 40
0.5
 40
0.5
 40
0.625
 40
0.625
 40
0.625
 40
0.625
 40
0.75
 40
0.75
 40
0.75
 40
0.75
 40
1.0
 40
1.0
 40
1.0
 40
1.0
 10
-77.67637928588555
 20
-73.30520046573884
 30
0.0
 10
-87.36197928588536
 20
-82.737500465739
 30
0.0
 10
-68.90727928588512
 20
-90.87860046573906
 30
0.0
 10
-67.84707928588523
 20
-74.48850046573898
 30
0.0
 10
-67.84707928588523
 20
-74.48850046573898
 30
0.0
 10
-67.02647928588522
 20
-62.65590046573902
 30
0.0
 10
-95.3284792858858
 20
-55.34690046573882
 30
0.0
 10
-93.80107928588495
 20
-78.03880046573886
 30
0.0
 10
-93.80107928588495
 20
-78.03880046573886
 30
0.0
 10
-115.1367792858855
 20
-55.52560046573876
 30
0.0
 10
-106.9906792858855
 20
-9.449400465739017
 30
0.0
 10
-78.0777792858853
 20
2.828199534261102
 30
0.0
 10
-78.0777792858853
 20
2.828199534261102
 30
0.0
 10
-49.69187928588508
 20
-23.85810046573897
 30
0.0
 10
-69.69197928588528
 20
-35.56730046573898
 30
0.0
 10
-65.49307928588496
 20
-54.76490046573895
 30
0.0
 10
-65.49307928588496
 20
-54.76490046573895
 30
0.0
 10
-60.68927928588528
 20
-81.82980046573902
 30
0.0
 10
-41.81527928588548
 20
-93.40060046573876
 30
0.0
 10
-8.877179285885176
 20
-89.47850046573899
 30
0.0
 10
-8.877179285885176
 20
-89.47850046573899
 30
0.0
 10
-25.68457928588578
 20
-101.8303004657389
 30
0.0
 10
-46.25367928588548
 20
-104.196800465739
 30
0.0
 10
-70.60837928588535
 20
-96.57900046573899
 30
0.0
 10
-70.60837928588535
 20
-96.57900046573899
 30
0.0
 10
-88.6437792858851
 20
-88.45480046573902
 30
0.0
 10
-89.16487928588503
 20
-80.73980046573888
 30
0.0
 10
-77.67637928588555
 20
-73.30520046573884
 30
0.0
  0
SPLINE
  5
33A
330
1F
100
AcDbEntity
  8
Plan 1
 62
    17
100
AcDbSpline
210
0.0
220
0.0
230
1.0
 70
    11
 71
     3
 72
    44
 73
    40
 74
     0
 42
0.0000000001
 43
0.0000000001
 40
0.0
 40
0.0
 40
0.0
 40
0.0
 40
0.0909090909090909
 40
0.0909090909090909
 40
0.0909090909090909
 40
0.0909090909090909
 40
0.1818181818181818
 40
0.1818181818181818
 40
0.1818181818181818
 40
0.1818181818181818
 40
0.2727272727272727
 40
0.2727272727272727
 40
0.2727272727272727
 40
0.2727272727272727
 40
0.3636363636363636
 40
0.3636363636363636
 40
0.3636363636363636
 40
0.3636363636363636
 40
0.4545454545454545
 40
0.4545454545454545
 40
0.4545454545454545
 40
0.4545454545454545
 40
0.5454545454545455
 40
0.5454545454545455
 40
0.5454545454545455
 40
0.5454545454545455
 40
0.6363636363636364
 40
0.6363636363636364
 40
0.6363636363636364
 40
0.6363636363636364
 40
0.7272727272727274
 40
0.7272727272727274
 40
0.7272727272727274
 40
0.7272727272727274
 40
0.8181818181818181
 40
0.8181818181818181
 40
0.8181818181818181
 40
0.8181818181818181
 40
1.0
 40
1.0
 40
1.0
 40
1.0
 10
-60.38377928588579
 20
10.32329953426097
 30
0.0
 10
-58.15557928588532
 20
5.852799534261066
 30
0.0
 10
-47.48167928588554
 20
-9.052300465738881
 30
0.0
 10
-51.28527928588574
 20
-19.08800046573901
 30
0.0
 10
-51.28527928588574
 20
-19.08800046573901
 30
0.0
 10
-41.13237928588569
 20
-16.10610046573902
 30
0.0
 10
-39.17977928588516
 20
3.044599534261124
 30
0.0
 10
-32.74667928588497
 20
2.751799534261181
 30
0.0
 10
-32.74667928588497
 20
2.751799534261181
 30
0.0
 10
-28.85927928588535
 20
-15.80700046573884
 30
0.0
 10
-33.6391792858858
 20
-15.27700046573886
 30
0.0
 10
-36.63407928588549
 20
-21.11580046573886
 30
0.0
 10
-36.63407928588549
 20
-21.11580046573886
 30
0.0
 10
9.194220714114635
 20
-13.2696004657389
 30
0.0
 10
13.77032071411486
 20
-65.59190046573895
 30
0.0
 10
-10.05117928588515
 20
-68.57150046573884
 30
0.0
 10
-10.05117928588515
 20
-68.57150046573884
 30
0.0
 10
-28.84127928588532
 20
-70.30930046573894
 30
0.0
 10
-32.42917928588577
 20
-61.88230046573881
 30
0.0
 10
-28.91917928588555
 20
-52.00350046573885
 30
0.0
 10
-28.91917928588555
 20
-52.00350046573885
 30
0.0
 10
-24.62437928588497
 20
-42.453100465739
 30
0.0
 10
-6.792679285885242
 20
-51.70090046573887
 30
0.0
 10
-22.10867928588505
 20
-60.28750046573896
 30
0.0
 10
-22.10867928588505
 20
-60.28750046573896
 30
0.0
 10
-10.29077928588503
 20
-65.74050046573893
 30
0.0
 10
-1.377879285885683
 20
-54.91350046573893
 30
0.0
 10
-6.511179285885191
 20
-44.11410046573883
 30
0.0
 10
-6.511179285885191
 20
-44.11410046573883
 30
0.0
 10
-24.20517928588561
 20
-15.96340046573891
 30
0.0
 10
-58.23337928588535
 20
-48.21680046573897
 30
0.0
 10
-39.8266792858858
 20
-70.50300046573898
 30
0.0
 10
-39.8266792858858
 20
-70.50300046573898
 30
0.0
 10
-19.41327928588544
 20
-88.234800465739
 30
0.0
 10
8.062020714114623
 20
-83.18610046573894
 30
0.0
 10
15.49542071411451
 20
-52.39800046573896
 30
0.0
 10
15.49542071411451
 20
-52.39800046573896
 30
0.0
 10
21.40142071411446
 20
-13.60790046573902
 30
0.0
 10
-16.99937928588497
 20
18.607599534261
 30
0.0
 10
-60.38377928588579
 20
10.32329953426097
 30
0.0
  0
SPLINE
  5
33B
330
1F
100
AcDbEntity
  8
Plan 1
 62
    17
100
AcDbSpline
210
0.0
220
0.0
230
1.0
 70
    11
 71
     3
 72
    24
 73
    20
 74
     0
 42
0.0000000001
 43
0.0000000001
 40
0.0
 40
0.0
 40
0.0
 40
0.0
 40
0.1666666666666667
 40
0.1666666666666667
 40
0.1666666666666667
 40
0.1666666666666667
 40
0.3333333333333333
 40
0.3333333333333333
 40
0.3333333333333333
 40
0.3333333333333333
 40
0.5
 40
0.5
 40
0.5
 40
0.5
 40
0.6666666666666666
 40
0.6666666666666666
 40
0.6666666666666666
 40
0.6666666666666666
 40
1.0
 40
1.0
 40
1.0
 40
1.0
 10
-89.01517928588509
 20
86.78499953426102
 30
0.0
 10
-85.34937928588533
 20
82.53599953426101
 30
0.0
 10
-82.83957928588552
 20
77.13479953426099
 30
0.0
 10
-81.46797928588512
 20
70.58109953426106
 30
0.0
 10
-81.46797928588512
 20
70.58109953426106
 30
0.0
 10
-64.70837928588571
 20
71.61669953426098
 30
0.0
 10
-58.17357928588535
 20
80.42059953426109
 30
0.0
 10
-60.36577928588577
 20
95.85919953426104
 30
0.0
 10
-60.36577928588577
 20
95.85919953426104
 30
0.0
 10
-62.12677928588528
 20
103.150899534261
 30
0.0
 10
-79.74887928588578
 20
116.4108995342612
 30
0.0
 10
-85.19367928588508
 20
100.679899534261
 30
0.0
 10
-85.19367928588508
 20
100.679899534261
 30
0.0
 10
-87.49377928588547
 20
89.41989953426105
 30
0.0
 10
-70.64437928588541
 20
86.47459953426119
 30
0.0
 10
-65.74467928588546
 20
95.21109953426117
 30
0.0
 10
-65.74467928588546
 20
95.21109953426117
 30
0.0
 10
-63.04927928588495
 20
78.89529953426109
 30
0.0
 10
-79.49737928588547
 20
77.74399953426109
 30
0.0
 10
-89.01517928588509
 20
86.78499953426102
 30
0.0
  0
SPLINE
  5
33C
330
1F
100
AcDbEntity
  8
Plan 1
 62
    17
100
AcDbSpline
210
0.0
220
0.0
230
1.0
 70
    11
 71
     3
 72
    28
 73
    24
 74
     0
 42
0.0000000001
 43
0.0000000001
 40
0.0
 40
0.0
 40
0.0
 40
0.0
 40
0.1428571428571428
 40
0.1428571428571428
 40
0.1428571428571428
 40
0.1428571428571428
 40
0.2857142857142857
 40
0.2857142857142857
 40
0.2857142857142857
 40
0.2857142857142857
 40
0.4285714285714285
 40
0.4285714285714285
 40
0.4285714285714285
 40
0.4285714285714285
 40
0.5714285714285714
 40
0.5714285714285714
 40
0.5714285714285714
 40
0.5714285714285714
 40
0.7142857142857144
 40
0.7142857142857144
 40
0.7142857142857144
 40
0.7142857142857144
 40
1.0
 40
1.0
 40
1.0
 40
1.0
 10
-78.22747928588523
 20
141.7547995342611
 30
0.0
 10
-78.66477928588574
 20
129.4569995342613
 30
0.0
 10
-74.77727928588501
 20
130.9077995342609
 30
0.0
 10
-64.03757928588493
 20
121.224399534261
 30
0.0
 10
-64.03757928588493
 20
121.224399534261
 30
0.0
 10
-95.8255792858854
 20
127.3995995342611
 30
0.0
 10
-105.7926792858852
 20
97.993499534261
 30
0.0
 10
-99.77897928588573
 20
81.81589953426101
 30
0.0
 10
-99.77897928588573
 20
81.81589953426101
 30
0.0
 10
-110.5186792858849
 20
104.7808995342611
 30
0.0
 10
-108.5000792858854
 20
129.0686995342612
 30
0.0
 10
-81.25837928588499
 20
148.3598995342608
 30
0.0
 10
-81.25837928588499
 20
148.3598995342608
 30
0.0
 10
-56.61617928588476
 20
161.3056995342613
 30
0.0
 10
-30.96167928588511
 20
153.5068995342612
 30
0.0
 10
-11.2671792858855
 20
138.205499534261
 30
0.0
 10
-11.2671792858855
 20
138.205499534261
 30
0.0
 10
-31.83017928588561
 20
147.7033995342613
 30
0.0
 10
-48.73957928588516
 20
138.1366995342609
 30
0.0
 10
-55.40627928588492
 20
120.8081995342609
 30
0.0
 10
-55.40627928588492
 20
120.8081995342609
 30
0.0
 10
-56.77187928588501
 20
137.3535995342608
 30
0.0
 10
-70.09327928588573
 20
136.5986995342609
 30
0.0
 10
-78.22747928588523
 20
141.7547995342611
 30
0.0
  0
SPLINE
  5
33D
330
1F
100
AcDbEntity
  8
Plan 1
 62
    17
100
AcDbSpline
210
0.0
220
0.0
230
1.0
 70
    11
 71
     3
 72
    60
 73
    56
 74
     0
 42
0.0000000001
 43
0.0000000001
 40
0.0
 40
0.0
 40
0.0
 40
0.0
 40
0.0666666666666667
 40
0.0666666666666667
 40
0.0666666666666667
 40
0.0666666666666667
 40
0.1333333333333333
 40
0.1333333333333333
 40
0.1333333333333333
 40
0.1333333333333333
 40
0.2
 40
0.2
 40
0.2
 40
0.2
 40
0.2666666666666667
 40
0.2666666666666667
 40
0.2666666666666667
 40
0.2666666666666667
 40
0.3333333333333333
 40
0.3333333333333333
 40
0.3333333333333333
 40
0.3333333333333333
 40
0.4
 40
0.4
 40
0.4
 40
0.4
 40
0.4666666666666667
 40
0.4666666666666667
 40
0.4666666666666667
 40
0.4666666666666667
 40
0.5333333333333333
 40
0.5333333333333333
 40
0.5333333333333333
 40
0.5333333333333333
 40
0.6
 40
0.6
 40
0.6
 40
0.6
 40
0.6666666666666666
 40
0.6666666666666666
 40
0.6666666666666666
 40
0.6666666666666666
 40
0.7333333333333333
 40
0.7333333333333333
 40
0.7333333333333333
 40
0.7333333333333333
 40
0.8
 40
0.8
 40
0.8
 40
0.8
 40
0.8666666666666667
 40
0.8666666666666667
 40
0.8666666666666667
 40
0.8666666666666667
 40
1.0
 40
1.0
 40
1.0
 40
1.0
 10
-71.12957928588548
 20
62.37119953426099
 30
0.0
 10
-42.25847928588518
 20
61.28569953426108
 30
0.0
 10
-37.29297928588494
 20
22.39759953426119
 30
0.0
 10
-72.42337928588495
 20
21.75329953426103
 30
0.0
 10
-72.42337928588495
 20
21.75329953426103
 30
0.0
 10
-70.63837928588509
 20
20.31299953426105
 30
0.0
 10
-68.83547928588541
 20
18.8725995342611
 30
0.0
 10
-67.04447928588525
 20
17.43229953426112
 30
0.0
 10
-67.04447928588525
 20
17.43229953426112
 30
0.0
 10
-53.25587928588539
 20
21.82539953426112
 30
0.0
 10
-34.52567928588542
 20
19.73689953426105
 30
0.0
 10
-24.40277928588512
 20
28.01879953426101
 30
0.0
 10
-24.40277928588512
 20
28.01879953426101
 30
0.0
 10
-43.39657928588531
 20
28.74549953426117
 30
0.0
 10
-45.45107928588549
 20
48.12329953426115
 30
0.0
 10
-25.7026792858851
 20
52.86489953426098
 30
0.0
 10
-25.7026792858851
 20
52.86489953426098
 30
0.0
 10
-12.06377928588517
 20
56.64579953426119
 30
0.0
 10
-9.326379285885195
 20
63.84699953426116
 30
0.0
 10
-14.06437928588548
 20
73.3897995342611
 30
0.0
 10
-14.06437928588548
 20
73.3897995342611
 30
0.0
 10
-14.6393792858853
 20
57.69009953426098
 30
0.0
 10
-34.59747928588513
 20
69.42889953426107
 30
0.0
 10
-27.42167928588515
 20
81.38379953426101
 30
0.0
 10
-27.42167928588515
 20
81.38379953426101
 30
0.0
 10
-14.77117928588541
 20
94.45519953426105
 30
0.0
 10
10.76952071411506
 20
76.2348995342611
 30
0.0
 10
6.175320714114604
 20
55.02529953426097
 30
0.0
 10
6.175320714114604
 20
55.02529953426097
 30
0.0
 10
21.17382071411521
 20
80.64539953426129
 30
0.0
 10
19.38882071411444
 20
106.9676995342611
 30
0.0
 10
-6.954379285884897
 20
134.316599534261
 30
0.0
 10
-6.954379285884897
 20
134.316599534261
 30
0.0
 10
3.330020714114652
 20
116.1408995342612
 30
0.0
 10
-1.964879285885217
 20
97.54249953426096
 30
0.0
 10
-14.92097928588555
 20
94.99509953426104
 30
0.0
 10
-14.92097928588555
 20
94.99509953426104
 30
0.0
 10
-31.52467928588521
 20
92.52799953426096
 30
0.0
 10
-37.16117928588483
 20
113.9531995342609
 30
0.0
 10
-25.25937928588519
 20
116.3842995342611
 30
0.0
 10
-25.25937928588519
 20
116.3842995342611
 30
0.0
 10
-20.29377928588565
 20
116.0977995342609
 30
0.0
 10
-15.24427928588557
 20
110.0490995342611
 30
0.0
 10
-25.91227928588523
 20
105.797599534261
 30
0.0
 10
-25.91227928588523
 20
105.797599534261
 30
0.0
 10
-15.39407928588571
 20
97.80209953426107
 30
0.0
 10
-5.049679285885758
 20
108.8197995342611
 30
0.0
 10
-12.55487928588536
 20
122.0016995342612
 30
0.0
 10
-12.55487928588536
 20
122.0016995342612
 30
0.0
 10
-26.23577928588566
 20
136.6117995342611
 30
0.0
 10
-45.19957928588519
 20
123.8827995342612
 30
0.0
 10
-41.19237928588518
 20
106.8778995342611
 30
0.0
 10
-41.19237928588518
 20
106.8778995342611
 30
0.0
 10
-38.47887928588534
 20
85.12829953426104
 30
0.0
 10
-51.47097928588573
 20
70.72489953426111
 30
0.0
 10
-71.12957928588548
 20
62.37119953426099
 30
0.0
  0
SPLINE
  5
33E
330
1F
100
AcDbEntity
  8
Plan 1
 62
    17
100
AcDbSpline
210
0.0
220
0.0
230
1.0
 70
    11
 71
     3
 72
    32
 73
    28
 74
     0
 42
0.0000000001
 43
0.0000000001
 40
0.0
 40
0.0
 40
0.0
 40
0.0
 40
0.125
 40
0.125
 40
0.125
 40
0.125
 40
0.25
 40
0.25
 40
0.25
 40
0.25
 40
0.375
 40
0.375
 40
0.375
 40
0.375
 40
0.5
 40
0.5
 40
0.5
 40
0.5
 40
0.625
 40
0.625
 40
0.625
 40
0.625
 40
0.75
 40
0.75
 40
0.75
 40
0.75
 40
1.0
 40
1.0
 40
1.0
 40
1.0
 10
-77.67637928588555
 20
426.624799534261
 30
0.0
 10
-87.36197928588536
 20
436.0612995342612
 30
0.0
 10
-68.90727928588512
 20
444.2033995342613
 30
0.0
 10
-67.84707928588523
 20
427.8218995342609
 30
0.0
 10
-67.84707928588523
 20
427.8218995342609
 30
0.0
 10
-67.02647928588522
 20
415.9888995342612
 30
0.0
 10
-95.3284792858858
 20
408.6795995342608
 30
0.0
 10
-93.80107928588495
 20
431.3656995342612
 30
0.0
 10
-93.80107928588495
 20
431.3656995342612
 30
0.0
 10
-115.1367792858855
 20
408.8560995342609
 30
0.0
 10
-106.9906792858855
 20
362.778099534261
 30
0.0
 10
-78.0777792858853
 20
350.4993995342611
 30
0.0
 10
-78.0777792858853
 20
350.4993995342611
 30
0.0
 10
-49.69187928588508
 20
377.1840995342609
 30
0.0
 10
-69.69197928588528
 20
388.9038995342612
 30
0.0
 10
-65.49307928588496
 20
408.0980995342611
 30
0.0
 10
-65.49307928588496
 20
408.0980995342611
 30
0.0
 10
-60.68927928588528
 20
435.1537995342609
 30
0.0
 10
-41.81527928588548
 20
446.7309995342612
 30
0.0
 10
-8.877179285885176
 20
442.8002995342612
 30
0.0
 10
-8.877179285885176
 20
442.8002995342612
 30
0.0
 10
-25.68457928588578
 20
455.1582995342609
 30
0.0
 10
-46.25367928588548
 20
457.5207995342611
 30
0.0
 10
-70.60837928588535
 20
449.9036995342613
 30
0.0
 10
-70.60837928588535
 20
449.9036995342613
 30
0.0
 10
-88.6437792858851
 20
441.7842995342612
 30
0.0
 10
-89.16487928588503
 20
434.0698995342608
 30
0.0
 10
-77.67637928588555
 20
426.624799534261
 30
0.0
  0
SPLINE
  5
33F
330
1F
100
AcDbEntity
  8
Plan 1
 62
    17
100
AcDbSpline
210
0.0
220
0.0
230
1.0
 70
    11
 71
     3
 72
    44
 73
    40
 74
     0
 42
0.0000000001
 43
0.0000000001
 40
0.0
 40
0.0
 40
0.0
 40
0.0
 40
0.0909090909090909
 40
0.0909090909090909
 40
0.0909090909090909
 40
0.0909090909090909
 40
0.1818181818181818
 40
0.1818181818181818
 40
0.1818181818181818
 40
0.1818181818181818
 40
0.2727272727272727
 40
0.2727272727272727
 40
0.2727272727272727
 40
0.2727272727272727
 40
0.3636363636363636
 40
0.3636363636363636
 40
0.3636363636363636
 40
0.3636363636363636
 40
0.4545454545454545
 40
0.4545454545454545
 40
0.4545454545454545
 40
0.4545454545454545
 40
0.5454545454545455
 40
0.5454545454545455
 40
0.5454545454545455
 40
0.5454545454545455
 40
0.6363636363636364
 40
0.6363636363636364
 40
0.6363636363636364
 40
0.6363636363636364
 40
0.7272727272727274
 40
0.7272727272727274
 40
0.7272727272727274
 40
0.7272727272727274
 40
0.8181818181818181
 40
0.8181818181818181
 40
0.8181818181818181
 40
0.8181818181818181
 40
1.0
 40
1.0
 40
1.0
 40
1.0
 10
-60.38377928588579
 20
343.0067995342611
 30
0.0
 10
-58.15557928588532
 20
347.480699534261
 30
0.0
 10
-47.48167928588554
 20
362.3842995342611
 30
0.0
 10
-51.28527928588574
 20
372.4205995342609
 30
0.0
 10
-51.28527928588574
 20
372.4205995342609
 30
0.0
 10
-41.13237928588569
 20
369.4355995342612
 30
0.0
 10
-39.17977928588516
 20
350.2820995342613
 30
0.0
 10
-32.74667928588497
 20
350.5740995342612
 30
0.0
 10
-32.74667928588497
 20
350.5740995342612
 30
0.0
 10
-28.85927928588535
 20
369.1392995342612
 30
0.0
 10
-33.6391792858858
 20
368.6028995342613
 30
0.0
 10
-36.63407928588549
 20
374.4459995342609
 30
0.0
 10
-36.63407928588549
 20
374.4459995342609
 30
0.0
 10
9.194220714114635
 20
366.5956995342613
 30
0.0
 10
13.77032071411486
 20
418.9216995342612
 30
0.0
 10
-10.05117928588515
 20
421.8996995342608
 30
0.0
 10
-10.05117928588515
 20
421.8996995342608
 30
0.0
 10
-28.84127928588532
 20
423.640099534261
 30
0.0
 10
-32.42917928588577
 20
415.212699534261
 30
0.0
 10
-28.91917928588555
 20
405.3417995342611
 30
0.0
 10
-28.91917928588555
 20
405.3417995342611
 30
0.0
 10
-24.62437928588497
 20
395.7853995342611
 30
0.0
 10
-6.792679285885242
 20
405.0340995342613
 30
0.0
 10
-22.10867928588505
 20
413.6151995342611
 30
0.0
 10
-22.10867928588505
 20
413.6151995342611
 30
0.0
 10
-10.29077928588503
 20
419.0755995342611
 30
0.0
 10
-1.377879285885683
 20
408.240599534261
 30
0.0
 10
-6.511179285885191
 20
397.4395995342611
 30
0.0
 10
-6.511179285885191
 20
397.4395995342611
 30
0.0
 10
-24.20517928588561
 20
369.2930995342613
 30
0.0
 10
-58.23337928588535
 20
401.5423995342612
 30
0.0
 10
-39.8266792858858
 20
423.834599534261
 30
0.0
 10
-39.8266792858858
 20
423.834599534261
 30
0.0
 10
-19.41327928588544
 20
441.5670995342611
 30
0.0
 10
8.062020714114623
 20
436.5116995342609
 30
0.0
 10
15.49542071411451
 20
405.724199534261
 30
0.0
 10
15.49542071411451
 20
405.724199534261
 30
0.0
 10
21.40142071411446
 20
366.937299534261
 30
0.0
 10
-16.99937928588497
 20
334.7221995342611
 30
0.0
 10
-60.38377928588579
 20
343.0067995342611
 30
0.0
  0
SPLINE
  5
340
330
1F
100
AcDbEntity
  8
Plan 1
 62
    17
100
AcDbSpline
210
0.0
220
0.0
230
1.0
 70
    11
 71
     3
 72
    24
 73
    20
 74
     0
 42
0.0000000001
 43
0.0000000001
 40
0.0
 40
0.0
 40
0.0
 40
0.0
 40
0.1666666666666667
 40
0.1666666666666667
 40
0.1666666666666667
 40
0.1666666666666667
 40
0.3333333333333333
 40
0.3333333333333333
 40
0.3333333333333333
 40
0.3333333333333333
 40
0.5
 40
0.5
 40
0.5
 40
0.5
 40
0.6666666666666666
 40
0.6666666666666666
 40
0.6666666666666666
 40
0.6666666666666666
 40
1.0
 40
1.0
 40
1.0
 40
1.0
 10
-89.01517928588509
 20
266.5465995342611
 30
0.0
 10
-85.34937928588533
 20
270.7918995342611
 30
0.0
 10
-82.83957928588552
 20
276.1889995342613
 30
0.0
 10
-81.46797928588512
 20
282.7446995342612
 30
0.0
 10
-81.46797928588512
 20
282.7446995342612
 30
0.0
 10
-64.70837928588571
 20
281.7172995342612
 30
0.0
 10
-58.17357928588535
 20
272.9076995342611
 30
0.0
 10
-60.36577928588577
 20
257.4630995342609
 30
0.0
 10
-60.36577928588577
 20
257.4630995342609
 30
0.0
 10
-62.12677928588528
 20
250.1763995342608
 30
0.0
 10
-79.74887928588578
 20
236.9223995342609
 30
0.0
 10
-85.19367928588508
 20
252.647499534261
 30
0.0
 10
-85.19367928588508
 20
252.647499534261
 30
0.0
 10
-87.49377928588547
 20
263.9101995342612
 30
0.0
 10
-70.64437928588541
 20
266.8542995342609
 30
0.0
 10
-65.74467928588546
 20
258.123899534261
 30
0.0
 10
-65.74467928588546
 20
258.123899534261
 30
0.0
 10
-63.04927928588495
 20
274.4260995342611
 30
0.0
 10
-79.49737928588547
 20
275.589299534261
 30
0.0
 10
-89.01517928588509
 20
266.5465995342611
 30
0.0
  0
SPLINE
  5
341
330
1F
100
AcDbEntity
  8
Plan 1
 62
    17
100
AcDbSpline
210
0.0
220
0.0
230
1.0
 70
    11
 71
     3
 72
    28
 73
    24
 74
     0
 42
0.0000000001
 43
0.0000000001
 40
0.0
 40
0.0
 40
0.0
 40
0.0
 40
0.1428571428571428
 40
0.1428571428571428
 40
0.1428571428571428
 40
0.1428571428571428
 40
0.2857142857142857
 40
0.2857142857142857
 40
0.2857142857142857
 40
0.2857142857142857
 40
0.4285714285714285
 40
0.4285714285714285
 40
0.4285714285714285
 40
0.4285714285714285
 40
0.5714285714285714
 40
0.5714285714285714
 40
0.5714285714285714
 40
0.5714285714285714
 40
0.7142857142857144
 40
0.7142857142857144
 40
0.7142857142857144
 40
0.7142857142857144
 40
1.0
 40
1.0
 40
1.0
 40
1.0
 10
-78.22747928588523
 20
211.5773995342611
 30
0.0
 10
-78.66477928588574
 20
223.867399534261
 30
0.0
 10
-74.77727928588501
 20
222.4191995342612
 30
0.0
 10
-64.03757928588493
 20
232.0954995342609
 30
0.0
 10
-64.03757928588493
 20
232.0954995342609
 30
0.0
 10
-95.8255792858854
 20
225.933499534261
 30
0.0
 10
-105.7926792858852
 20
255.3404995342612
 30
0.0
 10
-99.77897928588573
 20
271.515999534261
 30
0.0
 10
-99.77897928588573
 20
271.515999534261
 30
0.0
 10
-110.5186792858849
 20
248.5447995342611
 30
0.0
 10
-108.5000792858854
 20
224.2611995342609
 30
0.0
 10
-81.25837928588499
 20
204.9650995342613
 30
0.0
 10
-81.25837928588499
 20
204.9650995342613
 30
0.0
 10
-56.61617928588476
 20
192.0187995342612
 30
0.0
 10
-30.96167928588511
 20
199.8236995342608
 30
0.0
 10
-11.2671792858855
 20
215.121199534261
 30
0.0
 10
-11.2671792858855
 20
215.121199534261
 30
0.0
 10
-31.83017928588561
 20
205.6257995342612
 30
0.0
 10
-48.73957928588516
 20
215.1958995342611
 30
0.0
 10
-55.40627928588492
 20
232.5231995342611
 30
0.0
 10
-55.40627928588492
 20
232.5231995342611
 30
0.0
 10
-56.77187928588501
 20
215.9765995342609
 30
0.0
 10
-70.09327928588573
 20
216.7301995342609
 30
0.0
 10
-78.22747928588523
 20
211.5773995342611
 30
0.0
  0
SPLINE
  5
342
330
1F
100
AcDbEntity
  8
Plan 1
 62
    17
100
AcDbSpline
210
0.0
220
0.0
230
1.0
 70
    11
 71
     3
 72
    60
 73
    56
 74
     0
 42
0.0000000001
 43
0.0000000001
 40
0.0
 40
0.0
 40
0.0
 40
0.0
 40
0.0666666666666667
 40
0.0666666666666667
 40
0.0666666666666667
 40
0.0666666666666667
 40
0.1333333333333333
 40
0.1333333333333333
 40
0.1333333333333333
 40
0.1333333333333333
 40
0.2
 40
0.2
 40
0.2
 40
0.2
 40
0.2666666666666667
 40
0.2666666666666667
 40
0.2666666666666667
 40
0.2666666666666667
 40
0.3333333333333333
 40
0.3333333333333333
 40
0.3333333333333333
 40
0.3333333333333333
 40
0.4
 40
0.4
 40
0.4
 40
0.4
 40
0.4666666666666667
 40
0.4666666666666667
 40
0.4666666666666667
 40
0.4666666666666667
 40
0.5333333333333333
 40
0.5333333333333333
 40
0.5333333333333333
 40
0.5333333333333333
 40
0.6
 40
0.6
 40
0.6
 40
0.6
 40
0.6666666666666666
 40
0.6666666666666666
 40
0.6666666666666666
 40
0.6666666666666666
 40
0.7333333333333333
 40
0.7333333333333333
 40
0.7333333333333333
 40
0.7333333333333333
 40
0.8
 40
0.8
 40
0.8
 40
0.8
 40
0.8666666666666667
 40
0.8666666666666667
 40
0.8666666666666667
 40
0.8666666666666667
 40
1.0
 40
1.0
 40
1.0
 40
1.0
 10
-71.12957928588548
 20
290.9659995342613
 30
0.0
 10
-42.25847928588518
 20
292.049899534261
 30
0.0
 10
-37.29297928588494
 20
330.9339995342611
 30
0.0
 10
-72.42337928588495
 20
331.5789995342611
 30
0.0
 10
-72.42337928588495
 20
331.5789995342611
 30
0.0
 10
-70.63837928588509
 20
333.011499534261
 30
0.0
 10
-68.83547928588541
 20
334.4551995342613
 30
0.0
 10
-67.04447928588525
 20
335.887599534261
 30
0.0
 10
-67.04447928588525
 20
335.887599534261
 30
0.0
 10
-53.25587928588539
 20
331.504299534261
 30
0.0
 10
-34.52567928588542
 20
333.5929995342612
 30
0.0
 10
-24.40277928588512
 20
325.3083995342613
 30
0.0
 10
-24.40277928588512
 20
325.3083995342613
 30
0.0
 10
-43.39657928588531
 20
324.5842995342609
 30
0.0
 10
-45.45107928588549
 20
305.213399534261
 30
0.0
 10
-25.7026792858851
 20
300.4657995342609
 30
0.0
 10
-25.7026792858851
 20
300.4657995342609
 30
0.0
 10
-12.06377928588517
 20
296.688899534261
 30
0.0
 10
-9.326379285885195
 20
289.4768995342611
 30
0.0
 10
-14.06437928588548
 20
279.9431995342611
 30
0.0
 10
-14.06437928588548
 20
279.9431995342611
 30
0.0
 10
-14.6393792858853
 20
295.6389995342611
 30
0.0
 10
-34.59747928588513
 20
283.8964995342612
 30
0.0
 10
-27.42167928588515
 20
271.9436995342612
 30
0.0
 10
-27.42167928588515
 20
271.9436995342612
 30
0.0
 10
-14.77117928588541
 20
258.8773995342608
 30
0.0
 10
10.76952071411506
 20
277.0895995342612
 30
0.0
 10
6.175320714114604
 20
298.3091995342611
 30
0.0
 10
6.175320714114604
 20
298.3091995342611
 30
0.0
 10
21.17382071411521
 20
272.674699534261
 30
0.0
 10
19.38882071411444
 20
246.365599534261
 30
0.0
 10
-6.954379285884897
 20
219.017999534261
 30
0.0
 10
-6.954379285884897
 20
219.017999534261
 30
0.0
 10
3.330020714114652
 20
237.1848995342611
 30
0.0
 10
-1.964879285885217
 20
255.7907995342612
 30
0.0
 10
-14.92097928588555
 20
258.3297995342609
 30
0.0
 10
-14.92097928588555
 20
258.3297995342609
 30
0.0
 10
-31.52467928588521
 20
260.8008995342611
 30
0.0
 10
-37.16117928588483
 20
239.3753995342613
 30
0.0
 10
-25.25937928588519
 20
236.9449995342611
 30
0.0
 10
-25.25937928588519
 20
236.9449995342611
 30
0.0
 10
-20.29377928588565
 20
237.2301995342609
 30
0.0
 10
-15.24427928588557
 20
243.2834995342609
 30
0.0
 10
-25.91227928588523
 20
247.528799534261
 30
0.0
 10
-25.91227928588523
 20
247.528799534261
 30
0.0
 10
-15.39407928588571
 20
255.5281995342611
 30
0.0
 10
-5.049679285885758
 20
244.5166995342611
 30
0.0
 10
-12.55487928588536
 20
231.3306995342609
 30
0.0
 10
-12.55487928588536
 20
231.3306995342609
 30
0.0
 10
-26.23577928588566
 20
216.7188995342613
 30
0.0
 10
-45.19957928588519
 20
229.4478995342611
 30
0.0
 10
-41.19237928588518
 20
246.4515995342613
 30
0.0
 10
-41.19237928588518
 20
246.4515995342613
 30
0.0
 10
-38.47887928588534
 20
268.200799534261
 30
0.0
 10
-51.47097928588573
 20
282.602099534261
 30
0.0
 10
-71.12957928588548
 20
290.9659995342613
 30
0.0
  0
SPLINE
  5
343
330
1F
100
AcDbEntity
  8
Plan 1
 62
    17
100
AcDbSpline
210
0.0
220
0.0
230
1.0
 70
    11
 71
     3
 72
    32
 73
    28
 74
     0
 42
0.0000000001
 43
0.0000000001
 40
0.0
 40
0.0
 40
0.0
 40
0.0
 40
0.125
 40
0.125
 40
0.125
 40
0.125
 40
0.25
 40
0.25
 40
0.25
 40
0.25
 40
0.375
 40
0.375
 40
0.375
 40
0.375
 40
0.5
 40
0.5
 40
0.5
 40
0.5
 40
0.625
 40
0.625
 40
0.625
 40
0.625
 40
0.75
 40
0.75
 40
0.75
 40
0.75
 40
1.0
 40
1.0
 40
1.0
 40
1.0
 10
137.0711207141148
 20
426.624799534261
 30
0.0
 10
146.7447207141149
 20
436.0612995342612
 30
0.0
 10
128.2900207141147
 20
444.2033995342613
 30
0.0
 10
127.2418207141145
 20
427.8218995342609
 30
0.0
 10
127.2418207141145
 20
427.8218995342609
 30
0.0
 10
126.4092207141148
 20
415.9888995342612
 30
0.0
 10
154.7231207141149
 20
408.6795995342608
 30
0.0
 10
153.1958207141142
 20
431.3656995342612
 30
0.0
 10
153.1958207141142
 20
431.3656995342612
 30
0.0
 10
174.5196207141143
 20
408.8560995342609
 30
0.0
 10
166.3734207141142
 20
362.778099534261
 30
0.0
 10
137.4604207141146
 20
350.4993995342611
 30
0.0
 10
137.4604207141146
 20
350.4993995342611
 30
0.0
 10
109.0746207141146
 20
377.1840995342609
 30
0.0
 10
129.0747207141148
 20
388.9038995342612
 30
0.0
 10
124.8878207141142
 20
408.0980995342611
 30
0.0
 10
124.8878207141142
 20
408.0980995342611
 30
0.0
 10
120.0780207141142
 20
435.1537995342609
 30
0.0
 10
101.2100207141147
 20
446.7309995342612
 30
0.0
 10
68.26592071411505
 20
442.8002995342612
 30
0.0
 10
68.26592071411505
 20
442.8002995342612
 30
0.0
 10
85.06742071411464
 20
455.1582995342609
 30
0.0
 10
105.6484207141147
 20
457.5207995342611
 30
0.0
 10
129.9971207141143
 20
449.9036995342613
 30
0.0
 10
129.9971207141143
 20
449.9036995342613
 30
0.0
 10
148.032520714115
 20
441.7842995342612
 30
0.0
 10
148.5476207141146
 20
434.0698995342608
 30
0.0
 10
137.0711207141148
 20
426.624799534261
 30
0.0
  0
SPLINE
  5
344
330
1F
100
AcDbEntity
  8
Plan 1
 62
    17
100
AcDbSpline
210
0.0
220
0.0
230
1.0
 70
    11
 71
     3
 72
    44
 73
    40
 74
     0
 42
0.0000000001
 43
0.0000000001
 40
0.0
 40
0.0
 40
0.0
 40
0.0
 40
0.0909090909090909
 40
0.0909090909090909
 40
0.0909090909090909
 40
0.0909090909090909
 40
0.1818181818181818
 40
0.1818181818181818
 40
0.1818181818181818
 40
0.1818181818181818
 40
0.2727272727272727
 40
0.2727272727272727
 40
0.2727272727272727
 40
0.2727272727272727
 40
0.3636363636363636
 40
0.3636363636363636
 40
0.3636363636363636
 40
0.3636363636363636
 40
0.4545454545454545
 40
0.4545454545454545
 40
0.4545454545454545
 40
0.4545454545454545
 40
0.5454545454545455
 40
0.5454545454545455
 40
0.5454545454545455
 40
0.5454545454545455
 40
0.6363636363636364
 40
0.6363636363636364
 40
0.6363636363636364
 40
0.6363636363636364
 40
0.7272727272727274
 40
0.7272727272727274
 40
0.7272727272727274
 40
0.7272727272727274
 40
0.8181818181818181
 40
0.8181818181818181
 40
0.8181818181818181
 40
0.8181818181818181
 40
1.0
 40
1.0
 40
1.0
 40
1.0
 10
119.7784207141149
 20
343.0067995342611
 30
0.0
 10
117.544220714115
 20
347.480699534261
 30
0.0
 10
106.8704207141145
 20
362.3842995342611
 30
0.0
 10
110.6739207141145
 20
372.4205995342609
 30
0.0
 10
110.6739207141145
 20
372.4205995342609
 30
0.0
 10
100.5272207141142
 20
369.4355995342612
 30
0.0
 10
98.57442071411425
 20
350.2820995342613
 30
0.0
 10
92.12942071411452
 20
350.5740995342612
 30
0.0
 10
92.12942071411452
 20
350.5740995342612
 30
0.0
 10
88.25392071411442
 20
369.1392995342612
 30
0.0
 10
93.03382071411489
 20
368.6028995342613
 30
0.0
 10
96.02872071411457
 20
374.4459995342609
 30
0.0
 10
96.02872071411457
 20
374.4459995342609
 30
0.0
 10
50.20052071411464
 20
366.5956995342613
 30
0.0
 10
45.6123207141145
 20
418.9216995342612
 30
0.0
 10
69.43392071411472
 20
421.8996995342608
 30
0.0
 10
69.43392071411472
 20
421.8996995342608
 30
0.0
 10
88.2360207141146
 20
423.640099534261
 30
0.0
 10
91.82392071411504
 20
415.212699534261
 30
0.0
 10
88.31392071411483
 20
405.3417995342611
 30
0.0
 10
88.31392071411483
 20
405.3417995342611
 30
0.0
 10
84.01922071411446
 20
395.7853995342611
 30
0.0
 10
66.18742071411452
 20
405.0340995342613
 30
0.0
 10
81.50342071411433
 20
413.6151995342611
 30
0.0
 10
81.50342071411433
 20
413.6151995342611
 30
0.0
 10
69.6735207141146
 20
419.0755995342611
 30
0.0
 10
60.76062071411434
 20
408.240599534261
 30
0.0
 10
65.90582071411427
 20
397.4395995342611
 30
0.0
 10
65.90582071411427
 20
397.4395995342611
 30
0.0
 10
83.59992071411488
 20
369.2930995342613
 30
0.0
 10
117.6162207141142
 20
401.5423995342612
 30
0.0
 10
99.20932071411426
 20
423.834599534261
 30
0.0
 10
99.20932071411426
 20
423.834599534261
 30
0.0
 10
78.796020714115
 20
441.5670995342611
 30
0.0
 10
51.32062071411474
 20
436.5116995342609
 30
0.0
 10
43.89322071411425
 20
405.724199534261
 30
0.0
 10
43.89322071411425
 20
405.724199534261
 30
0.0
 10
37.9873207141145
 20
366.937299534261
 30
0.0
 10
76.38212071411453
 20
334.7221995342611
 30
0.0
 10
119.7784207141149
 20
343.0067995342611
 30
0.0
  0
SPLINE
  5
345
330
1F
100
AcDbEntity
  8
Plan 1
 62
    17
100
AcDbSpline
210
0.0
220
0.0
230
1.0
 70
    11
 71
     3
 72
    24
 73
    20
 74
     0
 42
0.0000000001
 43
0.0000000001
 40
0.0
 40
0.0
 40
0.0
 40
0.0
 40
0.1666666666666667
 40
0.1666666666666667
 40
0.1666666666666667
 40
0.1666666666666667
 40
0.3333333333333333
 40
0.3333333333333333
 40
0.3333333333333333
 40
0.3333333333333333
 40
0.5
 40
0.5
 40
0.5
 40
0.5
 40
0.6666666666666666
 40
0.6666666666666666
 40
0.6666666666666666
 40
0.6666666666666666
 40
1.0
 40
1.0
 40
1.0
 40
1.0
 10
148.3979207141146
 20
266.5465995342611
 30
0.0
 10
144.7320207141147
 20
270.7918995342611
 30
0.0
 10
142.2224207141143
 20
276.1889995342613
 30
0.0
 10
140.8627207141144
 20
282.7446995342612
 30
0.0
 10
140.8627207141144
 20
282.7446995342612
 30
0.0
 10
124.0912207141146
 20
281.7172995342612
 30
0.0
 10
117.5682207141144
 20
272.9076995342611
 30
0.0
 10
119.760520714115
 20
257.4630995342609
 30
0.0
 10
119.760520714115
 20
257.4630995342609
 30
0.0
 10
121.5095207141148
 20
250.1763995342608
 30
0.0
 10
139.1435207141148
 20
236.9223995342609
 30
0.0
 10
144.5824207141149
 20
252.647499534261
 30
0.0
 10
144.5824207141149
 20
252.647499534261
 30
0.0
 10
146.876520714115
 20
263.9101995342612
 30
0.0
 10
130.0271207141149
 20
266.8542995342609
 30
0.0
 10
125.1394207141147
 20
258.123899534261
 30
0.0
 10
125.1394207141147
 20
258.123899534261
 30
0.0
 10
122.4439207141149
 20
274.4260995342611
 30
0.0
 10
138.8920207141145
 20
275.589299534261
 30
0.0
 10
148.3979207141146
 20
266.5465995342611
 30
0.0
  0
SPLINE
  5
346
330
1F
100
AcDbEntity
  8
Plan 1
 62
    17
100
AcDbSpline
210
0.0
220
0.0
230
1.0
 70
    11
 71
     3
 72
    28
 73
    24
 74
     0
 42
0.0000000001
 43
0.0000000001
 40
0.0
 40
0.0
 40
0.0
 40
0.0
 40
0.1428571428571428
 40
0.1428571428571428
 40
0.1428571428571428
 40
0.1428571428571428
 40
0.2857142857142857
 40
0.2857142857142857
 40
0.2857142857142857
 40
0.2857142857142857
 40
0.4285714285714285
 40
0.4285714285714285
 40
0.4285714285714285
 40
0.4285714285714285
 40
0.5714285714285714
 40
0.5714285714285714
 40
0.5714285714285714
 40
0.5714285714285714
 40
0.7142857142857144
 40
0.7142857142857144
 40
0.7142857142857144
 40
0.7142857142857144
 40
1.0
 40
1.0
 40
1.0
 40
1.0
 10
137.6221207141143
 20
211.5773995342611
 30
0.0
 10
138.0535207141147
 20
223.867399534261
 30
0.0
 10
134.1601207141148
 20
222.4191995342612
 30
0.0
 10
123.4202207141143
 20
232.0954995342609
 30
0.0
 10
123.4202207141143
 20
232.0954995342609
 30
0.0
 10
155.2084207141142
 20
225.933499534261
 30
0.0
 10
165.1814207141142
 20
255.3404995342612
 30
0.0
 10
159.1676207141145
 20
271.515999534261
 30
0.0
 10
159.1676207141145
 20
271.515999534261
 30
0.0
 10
169.9013207141142
 20
248.5447995342611
 30
0.0
 10
167.8888207141144
 20
224.2611995342609
 30
0.0
 10
140.653020714115
 20
204.9650995342613
 30
0.0
 10
140.653020714115
 20
204.9650995342613
 30
0.0
 10
115.9989207141143
 20
192.0187995342612
 30
0.0
 10
90.34442071411467
 20
199.8236995342608
 30
0.0
 10
70.66182071411458
 20
215.121199534261
 30
0.0
 10
70.66182071411458
 20
215.121199534261
 30
0.0
 10
91.21892071411457
 20
205.6257995342612
 30
0.0
 10
108.1282207141148
 20
215.1958995342611
 30
0.0
 10
114.8009207141149
 20
232.5231995342611
 30
0.0
 10
114.8009207141149
 20
232.5231995342611
 30
0.0
 10
116.1666207141143
 20
215.9765995342609
 30
0.0
 10
129.4760207141144
 20
216.7301995342609
 30
0.0
 10
137.6221207141143
 20
211.5773995342611
 30
0.0
  0
SPLINE
  5
347
330
1F
100
AcDbEntity
  8
Plan 1
 62
    17
100
AcDbSpline
210
0.0
220
0.0
230
1.0
 70
    11
 71
     3
 72
    60
 73
    56
 74
     0
 42
0.0000000001
 43
0.0000000001
 40
0.0
 40
0.0
 40
0.0
 40
0.0
 40
0.0666666666666667
 40
0.0666666666666667
 40
0.0666666666666667
 40
0.0666666666666667
 40
0.1333333333333333
 40
0.1333333333333333
 40
0.1333333333333333
 40
0.1333333333333333
 40
0.2
 40
0.2
 40
0.2
 40
0.2
 40
0.2666666666666667
 40
0.2666666666666667
 40
0.2666666666666667
 40
0.2666666666666667
 40
0.3333333333333333
 40
0.3333333333333333
 40
0.3333333333333333
 40
0.3333333333333333
 40
0.4
 40
0.4
 40
0.4
 40
0.4
 40
0.4666666666666667
 40
0.4666666666666667
 40
0.4666666666666667
 40
0.4666666666666667
 40
0.5333333333333333
 40
0.5333333333333333
 40
0.5333333333333333
 40
0.5333333333333333
 40
0.6
 40
0.6
 40
0.6
 40
0.6
 40
0.6666666666666666
 40
0.6666666666666666
 40
0.6666666666666666
 40
0.6666666666666666
 40
0.7333333333333333
 40
0.7333333333333333
 40
0.7333333333333333
 40
0.7333333333333333
 40
0.8
 40
0.8
 40
0.8
 40
0.8
 40
0.8666666666666667
 40
0.8666666666666667
 40
0.8666666666666667
 40
0.8666666666666667
 40
1.0
 40
1.0
 40
1.0
 40
1.0
 10
130.5242207141145
 20
290.9659995342613
 30
0.0
 10
101.6532207141144
 20
292.049899534261
 30
0.0
 10
96.68172071411483
 20
330.9339995342611
 30
0.0
 10
131.8180207141149
 20
331.5789995342611
 30
0.0
 10
131.8180207141149
 20
331.5789995342611
 30
0.0
 10
130.0271207141149
 20
333.011499534261
 30
0.0
 10
128.2301207141145
 20
334.4551995342613
 30
0.0
 10
126.4271207141146
 20
335.887599534261
 30
0.0
 10
126.4271207141146
 20
335.887599534261
 30
0.0
 10
112.6446207141143
 20
331.504299534261
 30
0.0
 10
93.90832071411479
 20
333.5929995342612
 30
0.0
 10
83.78562071411488
 20
325.3083995342613
 30
0.0
 10
83.78562071411488
 20
325.3083995342613
 30
0.0
 10
102.7913207141146
 20
324.5842995342609
 30
0.0
 10
104.8339207141143
 20
305.213399534261
 30
0.0
 10
85.09732071411509
 20
300.4657995342609
 30
0.0
 10
85.09732071411509
 20
300.4657995342609
 30
0.0
 10
71.44652071411474
 20
296.688899534261
 30
0.0
 10
68.70922071411496
 20
289.4768995342611
 30
0.0
 10
73.45912071411476
 20
279.9431995342611
 30
0.0
 10
73.45912071411476
 20
279.9431995342611
 30
0.0
 10
74.02812071411426
 20
295.6389995342611
 30
0.0
 10
93.986220714115
 20
283.8964995342612
 30
0.0
 10
86.80452071411492
 20
271.9436995342612
 30
0.0
 10
86.80452071411492
 20
271.9436995342612
 30
0.0
 10
74.15992071411437
 20
258.8773995342608
 30
0.0
 10
48.61922071411481
 20
277.0895995342612
 30
0.0
 10
53.21942071411467
 20
298.3091995342611
 30
0.0
 10
53.21942071411467
 20
298.3091995342611
 30
0.0
 10
38.20892071411435
 20
272.674699534261
 30
0.0
 10
39.99982071411432
 20
246.365599534261
 30
0.0
 10
66.34312071411478
 20
219.017999534261
 30
0.0
 10
66.34312071411478
 20
219.017999534261
 30
0.0
 10
56.05862071411502
 20
237.1848995342611
 30
0.0
 10
61.34762071411478
 20
255.7907995342612
 30
0.0
 10
74.30962071411432
 20
258.3297995342609
 30
0.0
 10
74.30962071411432
 20
258.3297995342609
 30
0.0
 10
90.90752071411499
 20
260.8008995342611
 30
0.0
 10
96.5499207141147
 20
239.3753995342613
 30
0.0
 10
84.65412071411448
 20
236.9449995342611
 30
0.0
 10
84.65412071411448
 20
236.9449995342611
 30
0.0
 10
79.6765207141143
 20
237.2301995342609
 30
0.0
 10
74.62712071411442
 20
243.2834995342609
 30
0.0
 10
85.2950207141148
 20
247.528799534261
 30
0.0
 10
85.2950207141148
 20
247.528799534261
 30
0.0
 10
74.78282071411467
 20
255.5281995342611
 30
0.0
 10
64.43242071411441
 20
244.5166995342611
 30
0.0
 10
71.94962071411464
 20
231.3306995342609
 30
0.0
 10
71.94962071411464
 20
231.3306995342609
 30
0.0
 10
85.61842071411502
 20
216.7188995342613
 30
0.0
 10
104.5823207141147
 20
229.4478995342611
 30
0.0
 10
100.5870207141142
 20
246.4515995342613
 30
0.0
 10
100.5870207141142
 20
246.4515995342613
 30
0.0
 10
97.86172071411421
 20
268.200799534261
 30
0.0
 10
110.8656207141148
 20
282.602099534261
 30
0.0
 10
130.5242207141145
 20
290.9659995342613
 30
0.0
  0
SPLINE
  5
348
330
1F
100
AcDbEntity
  8
Plan 1
 62
    17
100
AcDbSpline
210
0.0
220
0.0
230
1.0
 70
    11
 71
     3
 72
    52
 73
    48
 74
     0
 42
0.0000000001
 43
0.0000000001
 40
0.0
 40
0.0
 40
0.0
 40
0.0
 40
0.0769230769230769
 40
0.0769230769230769
 40
0.0769230769230769
 40
0.0769230769230769
 40
0.1538461538461539
 40
0.1538461538461539
 40
0.1538461538461539
 40
0.1538461538461539
 40
0.2307692307692308
 40
0.2307692307692308
 40
0.2307692307692308
 40
0.2307692307692308
 40
0.3076923076923077
 40
0.3076923076923077
 40
0.3076923076923077
 40
0.3076923076923077
 40
0.3846153846153846
 40
0.3846153846153846
 40
0.3846153846153846
 40
0.3846153846153846
 40
0.4615384615384616
 40
0.4615384615384616
 40
0.4615384615384616
 40
0.4615384615384616
 40
0.5384615384615385
 40
0.5384615384615385
 40
0.5384615384615385
 40
0.5384615384615385
 40
0.6153846153846155
 40
0.6153846153846155
 40
0.6153846153846155
 40
0.6153846153846155
 40
0.6923076923076924
 40
0.6923076923076924
 40
0.6923076923076924
 40
0.6923076923076924
 40
0.7692307692307693
 40
0.7692307692307693
 40
0.7692307692307693
 40
0.7692307692307693
 40
0.8461538461538461
 40
0.8461538461538461
 40
0.8461538461538461
 40
0.8461538461538461
 40
1.0
 40
1.0
 40
1.0
 40
1.0
 10
-392.825379285885
 20
-117.362400465739
 30
0.0
 10
-388.1093792858856
 20
-119.3020004657389
 30
0.0
 10
-387.6102792858856
 20
-125.5920004657389
 30
0.0
 10
-395.4927792858853
 20
-129.3050004657389
 30
0.0
 10
-395.4927792858853
 20
-129.3050004657389
 30
0.0
 10
-389.1793792858853
 20
-132.7995004657389
 30
0.0
 10
-379.270079285885
 20
-134.2381004657388
 30
0.0
 10
-371.9781792858849
 20
-131.270900465739
 30
0.0
 10
-371.9781792858849
 20
-131.270900465739
 30
0.0
 10
-347.9186792858854
 20
-117.7787004657389
 30
0.0
 10
-323.320879285885
 20
-122.367000465739
 30
0.0
 10
-297.5157792858854
 20
-134.2196004657387
 30
0.0
 10
-297.5157792858854
 20
-134.2196004657387
 30
0.0
 10
-296.7268792858849
 20
-124.1175004657389
 30
0.0
 10
-289.9623792858856
 20
-118.0716004657388
 30
0.0
 10
-282.3565792858854
 20
-116.8858004657388
 30
0.0
 10
-282.3565792858854
 20
-116.8858004657388
 30
0.0
 10
-282.3609792858852
 20
-116.8142004657388
 30
0.0
 10
-282.3653792858849
 20
-116.742100465739
 30
0.0
 10
-282.3653792858849
 20
-116.6692004657388
 30
0.0
 10
-282.3653792858849
 20
-116.6692004657388
 30
0.0
 10
-282.3653792858849
 20
-116.596200465739
 30
0.0
 10
-282.3609792858852
 20
-116.5234004657388
 30
0.0
 10
-282.3565792858854
 20
-116.4519004657388
 30
0.0
 10
-282.3565792858854
 20
-116.4519004657388
 30
0.0
 10
-289.9623792858856
 20
-115.2662004657388
 30
0.0
 10
-296.7268792858849
 20
-109.2206004657389
 30
0.0
 10
-297.5157792858854
 20
-99.11850046573887
 30
0.0
 10
-297.5157792858854
 20
-99.11850046573887
 30
0.0
 10
-323.320879285885
 20
-110.9713004657389
 30
0.0
 10
-347.9186792858854
 20
-115.5596004657388
 30
0.0
 10
-371.9781792858849
 20
-102.0673004657389
 30
0.0
 10
-371.9781792858849
 20
-102.0673004657389
 30
0.0
 10
-379.270079285885
 20
-99.10000046573896
 30
0.0
 10
-389.1793792858853
 20
-100.5387004657389
 30
0.0
 10
-395.4927792858853
 20
-104.0333004657389
 30
0.0
 10
-395.4927792858853
 20
-104.0333004657389
 30
0.0
 10
-387.5535792858855
 20
-107.7727004657388
 30
0.0
 10
-388.1179792858857
 20
-114.125100465739
 30
0.0
 10
-392.9277792858857
 20
-116.0157004657389
 30
0.0
 10
-392.9277792858857
 20
-116.0157004657389
 30
0.0
 10
-392.8601792858854
 20
-116.4109004657389
 30
0.0
 10
-392.825379285885
 20
-116.822600465739
 30
0.0
 10
-392.825379285885
 20
-117.2454004657388
 30
0.0
 10
-392.825379285885
 20
-117.2454004657388
 30
0.0
 10
-392.825379285885
 20
-117.2846004657388
 30
0.0
 10
-392.825379285885
 20
-117.323500465739
 30
0.0
 10
-392.825379285885
 20
-117.362400465739
 30
0.0
  0
SPLINE
  5
349
330
1F
100
AcDbEntity
  8
Plan 1
 62
    17
100
AcDbSpline
210
0.0
220
0.0
230
1.0
 70
    11
 71
     3
 72
    52
 73
    48
 74
     0
 42
0.0000000001
 43
0.0000000001
 40
0.0
 40
0.0
 40
0.0
 40
0.0
 40
0.0769230769230769
 40
0.0769230769230769
 40
0.0769230769230769
 40
0.0769230769230769
 40
0.1538461538461539
 40
0.1538461538461539
 40
0.1538461538461539
 40
0.1538461538461539
 40
0.2307692307692308
 40
0.2307692307692308
 40
0.2307692307692308
 40
0.2307692307692308
 40
0.3076923076923077
 40
0.3076923076923077
 40
0.3076923076923077
 40
0.3076923076923077
 40
0.3846153846153846
 40
0.3846153846153846
 40
0.3846153846153846
 40
0.3846153846153846
 40
0.4615384615384616
 40
0.4615384615384616
 40
0.4615384615384616
 40
0.4615384615384616
 40
0.5384615384615385
 40
0.5384615384615385
 40
0.5384615384615385
 40
0.5384615384615385
 40
0.6153846153846155
 40
0.6153846153846155
 40
0.6153846153846155
 40
0.6153846153846155
 40
0.6923076923076924
 40
0.6923076923076924
 40
0.6923076923076924
 40
0.6923076923076924
 40
0.7692307692307693
 40
0.7692307692307693
 40
0.7692307692307693
 40
0.7692307692307693
 40
0.8461538461538461
 40
0.8461538461538461
 40
0.8461538461538461
 40
0.8461538461538461
 40
1.0
 40
1.0
 40
1.0
 40
1.0
 10
-134.1337792858858
 20
-117.5314004657389
 30
0.0
 10
-134.1380792858854
 20
-117.4366004657388
 30
0.0
 10
-134.1402792858853
 20
-117.3414004657388
 30
0.0
 10
-134.1402792858853
 20
-117.2454004657388
 30
0.0
 10
-134.1402792858853
 20
-117.2454004657388
 30
0.0
 10
-134.1402792858853
 20
-116.7685004657389
 30
0.0
 10
-134.0945792858856
 20
-116.3059004657389
 30
0.0
 10
-134.0095792858856
 20
-115.8650004657388
 30
0.0
 10
-134.0095792858856
 20
-115.8650004657388
 30
0.0
 10
-138.4879792858855
 20
-113.8087004657388
 30
0.0
 10
-138.8301792858856
 20
-107.678700465739
 30
0.0
 10
-131.0892792858849
 20
-104.0333004657389
 30
0.0
 10
-131.0892792858849
 20
-104.0333004657389
 30
0.0
 10
-137.4026792858849
 20
-100.5387004657389
 30
0.0
 10
-147.3119792858851
 20
-99.10000046573896
 30
0.0
 10
-154.6038792858853
 20
-102.0673004657389
 30
0.0
 10
-154.6038792858853
 20
-102.0673004657389
 30
0.0
 10
-178.6633792858856
 20
-115.5596004657388
 30
0.0
 10
-203.261079285885
 20
-110.9713004657389
 30
0.0
 10
-229.0662792858857
 20
-99.11850046573887
 30
0.0
 10
-229.0662792858857
 20
-99.11850046573887
 30
0.0
 10
-229.8551792858853
 20
-109.2442004657389
 30
0.0
 10
-236.6523792858852
 20
-115.293700465739
 30
0.0
 10
-244.2798792858857
 20
-116.4600004657388
 30
0.0
 10
-244.2798792858857
 20
-116.4600004657388
 30
0.0
 10
-244.2733792858853
 20
-116.5321004657389
 30
0.0
 10
-244.2733792858853
 20
-116.605200465739
 30
0.0
 10
-244.2733792858853
 20
-116.678600465739
 30
0.0
 10
-244.2733792858853
 20
-116.678600465739
 30
0.0
 10
-244.2733792858853
 20
-116.7456004657388
 30
0.0
 10
-244.2733792858853
 20
-116.811800465739
 30
0.0
 10
-244.2777792858851
 20
-116.877800465739
 30
0.0
 10
-244.2777792858851
 20
-116.877800465739
 30
0.0
 10
-236.6523792858852
 20
-118.0444004657388
 30
0.0
 10
-229.8551792858853
 20
-124.0945004657389
 30
0.0
 10
-229.0662792858857
 20
-134.2196004657387
 30
0.0
 10
-229.0662792858857
 20
-134.2196004657387
 30
0.0
 10
-203.261079285885
 20
-122.367000465739
 30
0.0
 10
-178.6633792858856
 20
-117.7787004657389
 30
0.0
 10
-154.6038792858853
 20
-131.270900465739
 30
0.0
 10
-154.6038792858853
 20
-131.270900465739
 30
0.0
 10
-147.3119792858851
 20
-134.2381004657388
 30
0.0
 10
-137.4026792858849
 20
-132.7995004657389
 30
0.0
 10
-131.0892792858849
 20
-129.3050004657389
 30
0.0
 10
-131.0892792858849
 20
-129.3050004657389
 30
0.0
 10
-138.7560792858858
 20
-125.6938004657388
 30
0.0
 10
-138.4922792858851
 20
-119.6438004657389
 30
0.0
 10
-134.1337792858858
 20
-117.5314004657389
 30
0.0
  0
SPLINE
  5
34A
330
1F
100
AcDbEntity
  8
Plan 1
 62
    17
100
AcDbSpline
210
0.0
220
0.0
230
1.0
 70
    11
 71
     3
 72
    44
 73
    40
 74
     0
 42
0.0000000001
 43
0.0000000001
 40
0.0
 40
0.0
 40
0.0
 40
0.0
 40
0.0909090909090909
 40
0.0909090909090909
 40
0.0909090909090909
 40
0.0909090909090909
 40
0.1818181818181818
 40
0.1818181818181818
 40
0.1818181818181818
 40
0.1818181818181818
 40
0.2727272727272727
 40
0.2727272727272727
 40
0.2727272727272727
 40
0.2727272727272727
 40
0.3636363636363636
 40
0.3636363636363636
 40
0.3636363636363636
 40
0.3636363636363636
 40
0.4545454545454545
 40
0.4545454545454545
 40
0.4545454545454545
 40
0.4545454545454545
 40
0.5454545454545455
 40
0.5454545454545455
 40
0.5454545454545455
 40
0.5454545454545455
 40
0.6363636363636364
 40
0.6363636363636364
 40
0.6363636363636364
 40
0.6363636363636364
 40
0.7272727272727274
 40
0.7272727272727274
 40
0.7272727272727274
 40
0.7272727272727274
 40
0.8181818181818181
 40
0.8181818181818181
 40
0.8181818181818181
 40
0.8181818181818181
 40
1.0
 40
1.0
 40
1.0
 40
1.0
 10
-277.3311792858849
 20
177.3258995342612
 30
0.0
 10
-279.1094792858857
 20
198.628399534261
 30
0.0
 10
-295.3974792858853
 20
202.7639995342611
 30
0.0
 10
-309.9291792858858
 20
196.8908995342613
 30
0.0
 10
-309.9291792858858
 20
196.8908995342613
 30
0.0
 10
-331.1053792858857
 20
186.4043995342613
 30
0.0
 10
-353.8594792858857
 20
177.0245995342611
 30
0.0
 10
-383.4150792858854
 20
196.5492995342611
 30
0.0
 10
-383.4150792858854
 20
196.5492995342611
 30
0.0
 10
-381.390579285885
 20
185.280599534261
 30
0.0
 10
-386.5205792858851
 20
179.0508995342611
 30
0.0
 10
-392.8732792858855
 20
177.2278995342612
 30
0.0
 10
-392.8732792858855
 20
177.2278995342612
 30
0.0
 10
-392.8405792858857
 20
176.9531995342608
 30
0.0
 10
-392.825379285885
 20
176.6715995342611
 30
0.0
 10
-392.825379285885
 20
176.3848995342609
 30
0.0
 10
-392.825379285885
 20
176.3848995342609
 30
0.0
 10
-392.825379285885
 20
176.2851995342612
 30
0.0
 10
-392.825379285885
 20
176.186399534261
 30
0.0
 10
-392.8296792858855
 20
176.0879995342611
 30
0.0
 10
-392.8296792858855
 20
176.0879995342611
 30
0.0
 10
-386.4988792858858
 20
174.2473995342611
 30
0.0
 10
-381.3948792858855
 20
168.0178995342612
 30
0.0
 10
-383.4150792858854
 20
156.7736995342611
 30
0.0
 10
-383.4150792858854
 20
156.7736995342611
 30
0.0
 10
-353.8594792858857
 20
176.3072995342609
 30
0.0
 10
-331.1053792858857
 20
166.9232995342609
 30
0.0
 10
-309.9291792858858
 20
156.4459995342608
 30
0.0
 10
-309.9291792858858
 20
156.4459995342608
 30
0.0
 10
-295.5282792858852
 20
150.6165995342612
 30
0.0
 10
-279.3971792858856
 20
154.6204995342609
 30
0.0
 10
-277.3834792858852
 20
175.4328995342612
 30
0.0
 10
-277.3834792858852
 20
175.4328995342612
 30
0.0
 10
-277.4684792858852
 20
175.7078995342613
 30
0.0
 10
-277.5142792858851
 20
176.001399534261
 30
0.0
 10
-277.5142792858851
 20
176.3065995342613
 30
0.0
 10
-277.5142792858851
 20
176.3065995342613
 30
0.0
 10
-277.5142792858851
 20
176.6661995342611
 30
0.0
 10
-277.4509792858853
 20
177.0101995342611
 30
0.0
 10
-277.3311792858849
 20
177.3258995342612
 30
0.0
  0
SPLINE
  5
34B
330
1F
100
AcDbEntity
  8
Plan 1
 62
    17
100
AcDbSpline
210
0.0
220
0.0
230
1.0
 70
    11
 71
     3
 72
    44
 73
    40
 74
     0
 42
0.0000000001
 43
0.0000000001
 40
0.0
 40
0.0
 40
0.0
 40
0.0
 40
0.0909090909090909
 40
0.0909090909090909
 40
0.0909090909090909
 40
0.0909090909090909
 40
0.1818181818181818
 40
0.1818181818181818
 40
0.1818181818181818
 40
0.1818181818181818
 40
0.2727272727272727
 40
0.2727272727272727
 40
0.2727272727272727
 40
0.2727272727272727
 40
0.3636363636363636
 40
0.3636363636363636
 40
0.3636363636363636
 40
0.3636363636363636
 40
0.4545454545454545
 40
0.4545454545454545
 40
0.4545454545454545
 40
0.4545454545454545
 40
0.5454545454545455
 40
0.5454545454545455
 40
0.5454545454545455
 40
0.5454545454545455
 40
0.6363636363636364
 40
0.6363636363636364
 40
0.6363636363636364
 40
0.6363636363636364
 40
0.7272727272727274
 40
0.7272727272727274
 40
0.7272727272727274
 40
0.7272727272727274
 40
0.8181818181818181
 40
0.8181818181818181
 40
0.8181818181818181
 40
0.8181818181818181
 40
1.0
 40
1.0
 40
1.0
 40
1.0
 10
-134.1293792858851
 20
175.972399534261
 30
0.0
 10
-134.1358792858855
 20
176.1085995342609
 30
0.0
 10
-134.1402792858853
 20
176.2460995342612
 30
0.0
 10
-134.1402792858853
 20
176.3848995342609
 30
0.0
 10
-134.1402792858853
 20
176.3848995342609
 30
0.0
 10
-134.1402792858853
 20
176.7103995342613
 30
0.0
 10
-134.1184792858857
 20
177.0293995342613
 30
0.0
 10
-134.0770792858857
 20
177.339299534261
 30
0.0
 10
-134.0770792858857
 20
177.339299534261
 30
0.0
 10
-140.257479285885
 20
179.294999534261
 30
0.0
 10
-145.152279285885
 20
185.4993995342611
 30
0.0
 10
-143.1669792858856
 20
196.5492995342611
 30
0.0
 10
-143.1669792858856
 20
196.5492995342611
 30
0.0
 10
-172.7225792858853
 20
177.0245995342611
 30
0.0
 10
-195.4766792858854
 20
186.4043995342613
 30
0.0
 10
-216.6528792858853
 20
196.8908995342613
 30
0.0
 10
-216.6528792858853
 20
196.8908995342613
 30
0.0
 10
-231.0079792858851
 20
202.6937995342609
 30
0.0
 10
-247.0824792858857
 20
198.7256995342609
 30
0.0
 10
-249.1811792858853
 20
178.0818995342611
 30
0.0
 10
-249.1811792858853
 20
178.0818995342611
 30
0.0
 10
-249.069979285885
 20
177.7308995342609
 30
0.0
 10
-249.0089792858853
 20
177.3498995342611
 30
0.0
 10
-249.0089792858853
 20
176.951699534261
 30
0.0
 10
-249.0089792858853
 20
176.951699534261
 30
0.0
 10
-249.0089792858853
 20
176.5025995342612
 30
0.0
 10
-249.085279285885
 20
176.0756995342612
 30
0.0
 10
-249.224679285885
 20
175.6886995342611
 30
0.0
 10
-249.224679285885
 20
175.6886995342611
 30
0.0
 10
-247.3156792858854
 20
154.6525995342613
 30
0.0
 10
-231.1125792858856
 20
150.5926995342611
 30
0.0
 10
-216.6528792858853
 20
156.4459995342608
 30
0.0
 10
-216.6528792858853
 20
156.4459995342608
 30
0.0
 10
-195.4766792858854
 20
166.9232995342609
 30
0.0
 10
-172.7225792858853
 20
176.3072995342609
 30
0.0
 10
-143.1669792858856
 20
156.7736995342611
 30
0.0
 10
-143.1669792858856
 20
156.7736995342611
 30
0.0
 10
-145.1479792858854
 20
167.7937995342609
 30
0.0
 10
-140.2836792858852
 20
173.996899534261
 30
0.0
 10
-134.1293792858851
 20
175.972399534261
 30
0.0
  0
SPLINE
  5
34C
330
1F
100
AcDbEntity
  8
Plan 1
 62
    17
100
AcDbSpline
210
0.0
220
0.0
230
1.0
 70
    11
 71
     3
 72
    32
 73
    28
 74
     0
 42
0.0000000001
 43
0.0000000001
 40
0.0
 40
0.0
 40
0.0
 40
0.0
 40
0.125
 40
0.125
 40
0.125
 40
0.125
 40
0.25
 40
0.25
 40
0.25
 40
0.25
 40
0.375
 40
0.375
 40
0.375
 40
0.375
 40
0.5
 40
0.5
 40
0.5
 40
0.5
 40
0.625
 40
0.625
 40
0.625
 40
0.625
 40
0.75
 40
0.75
 40
0.75
 40
0.75
 40
1.0
 40
1.0
 40
1.0
 40
1.0
 10
-370.6640792858852
 20
-160.0331004657389
 30
0.0
 10
-380.3445792858856
 20
-150.600700465739
 30
0.0
 10
-361.8857792858853
 20
-142.459500465739
 30
0.0
 10
-360.8332792858855
 20
-158.849700465739
 30
0.0
 10
-360.8332792858855
 20
-158.849700465739
 30
0.0
 10
-360.0050792858856
 20
-170.682300465739
 30
0.0
 10
-388.316379285885
 20
-177.9914004657389
 30
0.0
 10
-386.7908792858853
 20
-155.2994004657389
 30
0.0
 10
-386.7908792858853
 20
-155.2994004657389
 30
0.0
 10
-408.1196792858854
 20
-177.812700465739
 30
0.0
 10
-399.9690792858855
 20
-223.888900465739
 30
0.0
 10
-371.062779285885
 20
-236.1665004657389
 30
0.0
 10
-371.062779285885
 20
-236.1665004657389
 30
0.0
 10
-342.6752792858851
 20
-209.480200465739
 30
0.0
 10
-362.676979285885
 20
-197.770900465739
 30
0.0
 10
-358.4817792858857
 20
-178.5734004657388
 30
0.0
 10
-358.4817792858857
 20
-178.5734004657388
 30
0.0
 10
-353.6763792858856
 20
-151.508300465739
 30
0.0
 10
-334.8014792858858
 20
-139.9375004657388
 30
0.0
 10
-301.8635792858849
 20
-143.8596004657388
 30
0.0
 10
-301.8635792858849
 20
-143.8596004657388
 30
0.0
 10
-318.6680792858851
 20
-131.5080004657388
 30
0.0
 10
-339.2428792858855
 20
-129.141500465739
 30
0.0
 10
-363.5943792858852
 20
-136.7591004657388
 30
0.0
 10
-363.5943792858852
 20
-136.7591004657388
 30
0.0
 10
-381.6345792858856
 20
-144.883400465739
 30
0.0
 10
-382.1445792858849
 20
-152.5984004657389
 30
0.0
 10
-370.6640792858852
 20
-160.0331004657389
 30
0.0
  0
SPLINE
  5
34D
330
1F
100
AcDbEntity
  8
Plan 1
 62
    17
100
AcDbSpline
210
0.0
220
0.0
230
1.0
 70
    11
 71
     3
 72
    44
 73
    40
 74
     0
 42
0.0000000001
 43
0.0000000001
 40
0.0
 40
0.0
 40
0.0
 40
0.0
 40
0.0909090909090909
 40
0.0909090909090909
 40
0.0909090909090909
 40
0.0909090909090909
 40
0.1818181818181818
 40
0.1818181818181818
 40
0.1818181818181818
 40
0.1818181818181818
 40
0.2727272727272727
 40
0.2727272727272727
 40
0.2727272727272727
 40
0.2727272727272727
 40
0.3636363636363636
 40
0.3636363636363636
 40
0.3636363636363636
 40
0.3636363636363636
 40
0.4545454545454545
 40
0.4545454545454545
 40
0.4545454545454545
 40
0.4545454545454545
 40
0.5454545454545455
 40
0.5454545454545455
 40
0.5454545454545455
 40
0.5454545454545455
 40
0.6363636363636364
 40
0.6363636363636364
 40
0.6363636363636364
 40
0.6363636363636364
 40
0.7272727272727274
 40
0.7272727272727274
 40
0.7272727272727274
 40
0.7272727272727274
 40
0.8181818181818181
 40
0.8181818181818181
 40
0.8181818181818181
 40
0.8181818181818181
 40
1.0
 40
1.0
 40
1.0
 40
1.0
 10
-353.3690792858852
 20
-243.661500465739
 30
0.0
 10
-351.1374792858851
 20
-239.1910004657388
 30
0.0
 10
-340.471979285885
 20
-224.2859004657389
 30
0.0
 10
-344.268279285885
 20
-214.250200465739
 30
0.0
 10
-344.268279285885
 20
-214.250200465739
 30
0.0
 10
-334.1215792858857
 20
-217.232200465739
 30
0.0
 10
-332.1732792858857
 20
-236.3829004657389
 30
0.0
 10
-325.7268792858849
 20
-236.090000465739
 30
0.0
 10
-325.7268792858849
 20
-236.090000465739
 30
0.0
 10
-321.8476792858855
 20
-217.5312004657389
 30
0.0
 10
-326.6269792858857
 20
-218.0613004657389
 30
0.0
 10
-329.623479285885
 20
-212.2224004657389
 30
0.0
 10
-329.623479285885
 20
-212.2224004657389
 30
0.0
 10
-283.7993792858851
 20
-220.0687004657388
 30
0.0
 10
-279.2140792858854
 20
-167.7464004657388
 30
0.0
 10
-303.0359792858853
 20
-164.7668004657389
 30
0.0
 10
-303.0359792858853
 20
-164.7668004657389
 30
0.0
 10
-321.8323792858855
 20
-163.0289004657388
 30
0.0
 10
-325.4217792858853
 20
-171.4560004657389
 30
0.0
 10
-321.9108792858851
 20
-181.3347004657389
 30
0.0
 10
-321.9108792858851
 20
-181.3347004657389
 30
0.0
 10
-317.617679285885
 20
-190.885100465739
 30
0.0
 10
-299.7822792858851
 20
-181.6374004657389
 30
0.0
 10
-315.0962792858854
 20
-173.0507004657388
 30
0.0
 10
-315.0962792858854
 20
-173.0507004657388
 30
0.0
 10
-303.2734792858855
 20
-167.5978004657388
 30
0.0
 10
-294.3602792858856
 20
-178.4248004657388
 30
0.0
 10
-299.4989792858851
 20
-189.2241004657389
 30
0.0
 10
-299.4989792858851
 20
-189.2241004657389
 30
0.0
 10
-317.1948792858857
 20
-217.3749004657389
 30
0.0
 10
-351.2137792858857
 20
-185.1214004657388
 30
0.0
 10
-332.8074792858852
 20
-162.8352004657388
 30
0.0
 10
-332.8074792858852
 20
-162.8352004657388
 30
0.0
 10
-312.4003792858857
 20
-145.103400465739
 30
0.0
 10
-284.9172792858853
 20
-150.1521004657388
 30
0.0
 10
-277.4880792858858
 20
-180.9402004657388
 30
0.0
 10
-277.4880792858858
 20
-180.9402004657388
 30
0.0
 10
-271.5865792858849
 20
-219.7304004657389
 30
0.0
 10
-309.9835792858858
 20
-251.9457004657388
 30
0.0
 10
-353.3690792858852
 20
-243.661500465739
 30
0.0
  0
SPLINE
  5
34E
330
1F
100
AcDbEntity
  8
Plan 1
 62
    17
100
AcDbSpline
210
0.0
220
0.0
230
1.0
 70
    11
 71
     3
 72
    24
 73
    20
 74
     0
 42
0.0000000001
 43
0.0000000001
 40
0.0
 40
0.0
 40
0.0
 40
0.0
 40
0.1666666666666667
 40
0.1666666666666667
 40
0.1666666666666667
 40
0.1666666666666667
 40
0.3333333333333333
 40
0.3333333333333333
 40
0.3333333333333333
 40
0.3333333333333333
 40
0.5
 40
0.5
 40
0.5
 40
0.5
 40
0.6666666666666666
 40
0.6666666666666666
 40
0.6666666666666666
 40
0.6666666666666666
 40
1.0
 40
1.0
 40
1.0
 40
1.0
 10
-381.9963792858853
 20
-320.123300465739
 30
0.0
 10
-378.3351792858857
 20
-315.874300465739
 30
0.0
 10
-375.8245792858852
 20
-310.472900465739
 30
0.0
 10
-374.4559792858854
 20
-303.9193004657388
 30
0.0
 10
-374.4559792858854
 20
-303.9193004657388
 30
0.0
 10
-357.694979285885
 20
-304.954900465739
 30
0.0
 10
-351.1658792858852
 20
-313.7589004657389
 30
0.0
 10
-353.3516792858855
 20
-329.1975004657388
 30
0.0
 10
-353.3516792858855
 20
-329.1975004657388
 30
0.0
 10
-355.1060792858852
 20
-336.4891004657388
 30
0.0
 10
-372.7364792858852
 20
-349.7490004657389
 30
0.0
 10
-378.1760792858849
 20
-334.0181004657388
 30
0.0
 10
-378.1760792858849
 20
-334.0181004657388
 30
0.0
 10
-380.4773792858851
 20
-322.7581004657388
 30
0.0
 10
-363.6291792858856
 20
-319.8129004657389
 30
0.0
 10
-358.7345792858851
 20
-328.5494004657389
 30
0.0
 10
-358.7345792858851
 20
-328.5494004657389
 30
0.0
 10
-356.0387792858855
 20
-312.2336004657391
 30
0.0
 10
-372.4837792858853
 20
-311.0822004657389
 30
0.0
 10
-381.9963792858853
 20
-320.123300465739
 30
0.0
  0
SPLINE
  5
34F
330
1F
100
AcDbEntity
  8
Plan 1
 62
    17
100
AcDbSpline
210
0.0
220
0.0
230
1.0
 70
    11
 71
     3
 72
    28
 73
    24
 74
     0
 42
0.0000000001
 43
0.0000000001
 40
0.0
 40
0.0
 40
0.0
 40
0.0
 40
0.1428571428571428
 40
0.1428571428571428
 40
0.1428571428571428
 40
0.1428571428571428
 40
0.2857142857142857
 40
0.2857142857142857
 40
0.2857142857142857
 40
0.2857142857142857
 40
0.4285714285714285
 40
0.4285714285714285
 40
0.4285714285714285
 40
0.4285714285714285
 40
0.5714285714285714
 40
0.5714285714285714
 40
0.5714285714285714
 40
0.5714285714285714
 40
0.7142857142857144
 40
0.7142857142857144
 40
0.7142857142857144
 40
0.7142857142857144
 40
1.0
 40
1.0
 40
1.0
 40
1.0
 10
-371.2197792858851
 20
-375.0931004657389
 30
0.0
 10
-371.6555792858853
 20
-362.7952004657388
 30
0.0
 10
-367.7654792858857
 20
-364.2460004657389
 30
0.0
 10
-357.0194792858856
 20
-354.562600465739
 30
0.0
 10
-357.0194792858856
 20
-354.562600465739
 30
0.0
 10
-388.800179285885
 20
-360.7378004657389
 30
0.0
 10
-398.7791792858852
 20
-331.331700465739
 30
0.0
 10
-392.7599792858855
 20
-315.154100465739
 30
0.0
 10
-392.7599792858855
 20
-315.154100465739
 30
0.0
 10
-403.5060792858858
 20
-338.1192004657389
 30
0.0
 10
-401.4792792858852
 20
-362.406900465739
 30
0.0
 10
-374.2468792858854
 20
-381.6982004657388
 30
0.0
 10
-374.2468792858854
 20
-381.6982004657388
 30
0.0
 10
-349.5945792858856
 20
-394.6438004657389
 30
0.0
 10
-323.9463792858851
 20
-386.845200465739
 30
0.0
 10
-304.2498792858851
 20
-371.543700465739
 30
0.0
 10
-304.2498792858851
 20
-371.543700465739
 30
0.0
 10
-324.8202792858856
 20
-381.0416004657388
 30
0.0
 10
-341.722879285885
 20
-371.475000465739
 30
0.0
 10
-348.395979285885
 20
-354.1463004657389
 30
0.0
 10
-348.395979285885
 20
-354.1463004657389
 30
0.0
 10
-349.7623792858858
 20
-370.6919004657389
 30
0.0
 10
-363.0756792858856
 20
-369.937000465739
 30
0.0
 10
-371.2197792858851
 20
-375.0931004657389
 30
0.0
  0
SPLINE
  5
350
330
1F
100
AcDbEntity
  8
Plan 1
 62
    17
100
AcDbSpline
210
0.0
220
0.0
230
1.0
 70
    11
 71
     3
 72
    60
 73
    56
 74
     0
 42
0.0000000001
 43
0.0000000001
 40
0.0
 40
0.0
 40
0.0
 40
0.0
 40
0.0666666666666667
 40
0.0666666666666667
 40
0.0666666666666667
 40
0.0666666666666667
 40
0.1333333333333333
 40
0.1333333333333333
 40
0.1333333333333333
 40
0.1333333333333333
 40
0.2
 40
0.2
 40
0.2
 40
0.2
 40
0.2666666666666667
 40
0.2666666666666667
 40
0.2666666666666667
 40
0.2666666666666667
 40
0.3333333333333333
 40
0.3333333333333333
 40
0.3333333333333333
 40
0.3333333333333333
 40
0.4
 40
0.4
 40
0.4
 40
0.4
 40
0.4666666666666667
 40
0.4666666666666667
 40
0.4666666666666667
 40
0.4666666666666667
 40
0.5333333333333333
 40
0.5333333333333333
 40
0.5333333333333333
 40
0.5333333333333333
 40
0.6
 40
0.6
 40
0.6
 40
0.6
 40
0.6666666666666666
 40
0.6666666666666666
 40
0.6666666666666666
 40
0.6666666666666666
 40
0.7333333333333333
 40
0.7333333333333333
 40
0.7333333333333333
 40
0.7333333333333333
 40
0.8
 40
0.8
 40
0.8
 40
0.8
 40
0.8666666666666667
 40
0.8666666666666667
 40
0.8666666666666667
 40
0.8666666666666667
 40
1.0
 40
1.0
 40
1.0
 40
1.0
 10
-364.1173792858854
 20
-295.709400465739
 30
0.0
 10
-335.2504792858854
 20
-294.6239004657389
 30
0.0
 10
-330.277279285885
 20
-255.735700465739
 30
0.0
 10
-365.4097792858856
 20
-255.0915004657388
 30
0.0
 10
-365.4097792858856
 20
-255.0915004657388
 30
0.0
 10
-363.6205792858855
 20
-253.6512004657388
 30
0.0
 10
-361.8247792858856
 20
-252.2108004657389
 30
0.0
 10
-360.0246792858852
 20
-250.7705004657389
 30
0.0
 10
-360.0246792858852
 20
-250.7705004657389
 30
0.0
 10
-346.2427792858853
 20
-255.1635004657389
 30
0.0
 10
-327.5072792858855
 20
-253.0751004657389
 30
0.0
 10
-317.3866792858853
 20
-261.357100465739
 30
0.0
 10
-317.3866792858853
 20
-261.357100465739
 30
0.0
 10
-336.3857792858853
 20
-262.0837004657389
 30
0.0
 10
-338.4321792858855
 20
-281.4616004657389
 30
0.0
 10
-318.6855792858851
 20
-286.203100465739
 30
0.0
 10
-318.6855792858851
 20
-286.203100465739
 30
0.0
 10
-305.045279285885
 20
-289.984000465739
 30
0.0
 10
-302.3124792858853
 20
-297.185100465739
 30
0.0
 10
-307.0546792858849
 20
-306.7280004657389
 30
0.0
 10
-307.0546792858849
 20
-306.7280004657389
 30
0.0
 10
-307.6277792858855
 20
-291.028300465739
 30
0.0
 10
-327.5814792858855
 20
-302.7671004657388
 30
0.0
 10
-320.4050792858852
 20
-314.722100465739
 30
0.0
 10
-320.4050792858852
 20
-314.722100465739
 30
0.0
 10
-307.7607792858853
 20
-327.7935004657388
 30
0.0
 10
-282.219279285885
 20
-309.5730004657389
 30
0.0
 10
-286.8132792858851
 20
-288.363600465739
 30
0.0
 10
-286.8132792858851
 20
-288.363600465739
 30
0.0
 10
-271.8066792858853
 20
-313.9837004657388
 30
0.0
 10
-273.5980792858854
 20
-340.3060004657389
 30
0.0
 10
-299.9435792858858
 20
-367.6549004657388
 30
0.0
 10
-299.9435792858858
 20
-367.6549004657388
 30
0.0
 10
-289.6528792858853
 20
-349.4791004657388
 30
0.0
 10
-294.9507792858858
 20
-330.880800465739
 30
0.0
 10
-307.9089792858849
 20
-328.3333004657388
 30
0.0
 10
-307.9089792858849
 20
-328.3333004657388
 30
0.0
 10
-324.5107792858853
 20
-325.866200465739
 30
0.0
 10
-330.1464792858851
 20
-347.2913004657389
 30
0.0
 10
-318.2496792858856
 20
-349.7224004657389
 30
0.0
 10
-318.2496792858856
 20
-349.7224004657389
 30
0.0
 10
-313.2699792858857
 20
-349.436000465739
 30
0.0
 10
-308.2248792858854
 20
-343.387200465739
 30
0.0
 10
-318.8946792858851
 20
-339.1359004657388
 30
0.0
 10
-318.8946792858851
 20
-339.1359004657388
 30
0.0
 10
-308.3774792858858
 20
-331.1403004657389
 30
0.0
 10
-298.0345792858852
 20
-342.158000465739
 30
0.0
 10
-305.5464792858856
 20
-355.339800465739
 30
0.0
 10
-305.5464792858856
 20
-355.339800465739
 30
0.0
 10
-319.212979285885
 20
-369.9500004657389
 30
0.0
 10
-338.1793792858853
 20
-357.2209004657389
 30
0.0
 10
-334.1825792858854
 20
-340.2162004657389
 30
0.0
 10
-334.1825792858854
 20
-340.2162004657389
 30
0.0
 10
-331.4606792858849
 20
-318.4665004657388
 30
0.0
 10
-344.455779285885
 20
-304.0631004657389
 30
0.0
 10
-364.1173792858854
 20
-295.709400465739
 30
0.0
  0
SPLINE
  5
351
330
1F
100
AcDbEntity
  8
Plan 1
 62
    17
100
AcDbSpline
210
0.0
220
0.0
230
1.0
 70
    11
 71
     3
 72
    32
 73
    28
 74
     0
 42
0.0000000001
 43
0.0000000001
 40
0.0
 40
0.0
 40
0.0
 40
0.0
 40
0.125
 40
0.125
 40
0.125
 40
0.125
 40
0.25
 40
0.25
 40
0.25
 40
0.25
 40
0.375
 40
0.375
 40
0.375
 40
0.375
 40
0.5
 40
0.5
 40
0.5
 40
0.5
 40
0.625
 40
0.625
 40
0.625
 40
0.625
 40
0.75
 40
0.75
 40
0.75
 40
0.75
 40
1.0
 40
1.0
 40
1.0
 40
1.0
 10
-155.9179792858849
 20
-160.0331004657389
 30
0.0
 10
-146.2374792858854
 20
-150.600700465739
 30
0.0
 10
-164.6962792858858
 20
-142.459500465739
 30
0.0
 10
-165.7487792858856
 20
-158.849700465739
 30
0.0
 10
-165.7487792858856
 20
-158.849700465739
 30
0.0
 10
-166.5769792858855
 20
-170.682300465739
 30
0.0
 10
-138.2656792858852
 20
-177.9914004657389
 30
0.0
 10
-139.7911792858849
 20
-155.2994004657389
 30
0.0
 10
-139.7911792858849
 20
-155.2994004657389
 30
0.0
 10
-118.4623792858856
 20
-177.812700465739
 30
0.0
 10
-126.6129792858855
 20
-223.888900465739
 30
0.0
 10
-155.5192792858852
 20
-236.1665004657389
 30
0.0
 10
-155.5192792858852
 20
-236.1665004657389
 30
0.0
 10
-183.906779285885
 20
-209.480200465739
 30
0.0
 10
-163.9050792858852
 20
-197.770900465739
 30
0.0
 10
-168.1002792858853
 20
-178.5734004657388
 30
0.0
 10
-168.1002792858853
 20
-178.5734004657388
 30
0.0
 10
-172.9056792858855
 20
-151.508300465739
 30
0.0
 10
-191.7805792858853
 20
-139.9375004657388
 30
0.0
 10
-224.7184792858852
 20
-143.8596004657388
 30
0.0
 10
-224.7184792858852
 20
-143.8596004657388
 30
0.0
 10
-207.913979285885
 20
-131.5080004657388
 30
0.0
 10
-187.3391792858856
 20
-129.141500465739
 30
0.0
 10
-162.9876792858849
 20
-136.7591004657388
 30
0.0
 10
-162.9876792858849
 20
-136.7591004657388
 30
0.0
 10
-144.9474792858855
 20
-144.883400465739
 30
0.0
 10
-144.4374792858853
 20
-152.5984004657389
 30
0.0
 10
-155.9179792858849
 20
-160.0331004657389
 30
0.0
  0
SPLINE
  5
352
330
1F
100
AcDbEntity
  8
Plan 1
 62
    17
100
AcDbSpline
210
0.0
220
0.0
230
1.0
 70
    11
 71
     3
 72
    44
 73
    40
 74
     0
 42
0.0000000001
 43
0.0000000001
 40
0.0
 40
0.0
 40
0.0
 40
0.0
 40
0.0909090909090909
 40
0.0909090909090909
 40
0.0909090909090909
 40
0.0909090909090909
 40
0.1818181818181818
 40
0.1818181818181818
 40
0.1818181818181818
 40
0.1818181818181818
 40
0.2727272727272727
 40
0.2727272727272727
 40
0.2727272727272727
 40
0.2727272727272727
 40
0.3636363636363636
 40
0.3636363636363636
 40
0.3636363636363636
 40
0.3636363636363636
 40
0.4545454545454545
 40
0.4545454545454545
 40
0.4545454545454545
 40
0.4545454545454545
 40
0.5454545454545455
 40
0.5454545454545455
 40
0.5454545454545455
 40
0.5454545454545455
 40
0.6363636363636364
 40
0.6363636363636364
 40
0.6363636363636364
 40
0.6363636363636364
 40
0.7272727272727274
 40
0.7272727272727274
 40
0.7272727272727274
 40
0.7272727272727274
 40
0.8181818181818181
 40
0.8181818181818181
 40
0.8181818181818181
 40
0.8181818181818181
 40
1.0
 40
1.0
 40
1.0
 40
1.0
 10
-173.212979285885
 20
-243.661500465739
 30
0.0
 10
-175.4445792858851
 20
-239.1910004657388
 30
0.0
 10
-186.1100792858851
 20
-224.2859004657389
 30
0.0
 10
-182.3137792858851
 20
-214.250200465739
 30
0.0
 10
-182.3137792858851
 20
-214.250200465739
 30
0.0
 10
-192.4604792858854
 20
-217.232200465739
 30
0.0
 10
-194.4087792858854
 20
-236.3829004657389
 30
0.0
 10
-200.8551792858852
 20
-236.090000465739
 30
0.0
 10
-200.8551792858852
 20
-236.090000465739
 30
0.0
 10
-204.7343792858856
 20
-217.5312004657389
 30
0.0
 10
-199.9550792858854
 20
-218.0613004657389
 30
0.0
 10
-196.9585792858852
 20
-212.2224004657389
 30
0.0
 10
-196.9585792858852
 20
-212.2224004657389
 30
0.0
 10
-242.782679285885
 20
-220.0687004657388
 30
0.0
 10
-247.3679792858856
 20
-167.7464004657388
 30
0.0
 10
-223.5460792858857
 20
-164.7668004657389
 30
0.0
 10
-223.5460792858857
 20
-164.7668004657389
 30
0.0
 10
-204.7496792858856
 20
-163.0289004657388
 30
0.0
 10
-201.1601792858855
 20
-171.4560004657389
 30
0.0
 10
-204.671179285885
 20
-181.3347004657389
 30
0.0
 10
-204.671179285885
 20
-181.3347004657389
 30
0.0
 10
-208.9643792858851
 20
-190.885100465739
 30
0.0
 10
-226.799779285885
 20
-181.6374004657389
 30
0.0
 10
-211.4857792858856
 20
-173.0507004657388
 30
0.0
 10
-211.4857792858856
 20
-173.0507004657388
 30
0.0
 10
-223.3085792858856
 20
-167.5978004657388
 30
0.0
 10
-232.2217792858855
 20
-178.4248004657388
 30
0.0
 10
-227.0830792858851
 20
-189.2241004657389
 30
0.0
 10
-227.0830792858851
 20
-189.2241004657389
 30
0.0
 10
-209.3871792858854
 20
-217.3749004657389
 30
0.0
 10
-175.3682792858853
 20
-185.1214004657388
 30
0.0
 10
-193.774579285885
 20
-162.8352004657388
 30
0.0
 10
-193.774579285885
 20
-162.8352004657388
 30
0.0
 10
-214.1837792858851
 20
-145.103400465739
 30
0.0
 10
-241.6647792858857
 20
-150.1521004657388
 30
0.0
 10
-249.0939792858853
 20
-180.9402004657388
 30
0.0
 10
-249.0939792858853
 20
-180.9402004657388
 30
0.0
 10
-254.9954792858853
 20
-219.7304004657389
 30
0.0
 10
-216.5984792858854
 20
-251.9457004657388
 30
0.0
 10
-173.212979285885
 20
-243.661500465739
 30
0.0
  0
SPLINE
  5
353
330
1F
100
AcDbEntity
  8
Plan 1
 62
    17
100
AcDbSpline
210
0.0
220
0.0
230
1.0
 70
    11
 71
     3
 72
    24
 73
    20
 74
     0
 42
0.0000000001
 43
0.0000000001
 40
0.0
 40
0.0
 40
0.0
 40
0.0
 40
0.1666666666666667
 40
0.1666666666666667
 40
0.1666666666666667
 40
0.1666666666666667
 40
0.3333333333333333
 40
0.3333333333333333
 40
0.3333333333333333
 40
0.3333333333333333
 40
0.5
 40
0.5
 40
0.5
 40
0.5
 40
0.6666666666666666
 40
0.6666666666666666
 40
0.6666666666666666
 40
0.6666666666666666
 40
1.0
 40
1.0
 40
1.0
 40
1.0
 10
-144.5856792858849
 20
-320.123300465739
 30
0.0
 10
-148.2468792858854
 20
-315.874300465739
 30
0.0
 10
-150.757479285885
 20
-310.472900465739
 30
0.0
 10
-152.1260792858857
 20
-303.9193004657388
 30
0.0
 10
-152.1260792858857
 20
-303.9193004657388
 30
0.0
 10
-168.8870792858852
 20
-304.954900465739
 30
0.0
 10
-175.4161792858849
 20
-313.7589004657389
 30
0.0
 10
-173.2303792858856
 20
-329.1975004657388
 30
0.0
 10
-173.2303792858856
 20
-329.1975004657388
 30
0.0
 10
-171.4759792858849
 20
-336.4891004657388
 30
0.0
 10
-153.8455792858849
 20
-349.7490004657389
 30
0.0
 10
-148.4059792858852
 20
-334.0181004657388
 30
0.0
 10
-148.4059792858852
 20
-334.0181004657388
 30
0.0
 10
-146.1046792858851
 20
-322.7581004657388
 30
0.0
 10
-162.9528792858855
 20
-319.8129004657389
 30
0.0
 10
-167.8474792858851
 20
-328.5494004657389
 30
0.0
 10
-167.8474792858851
 20
-328.5494004657389
 30
0.0
 10
-170.5432792858855
 20
-312.2336004657391
 30
0.0
 10
-154.0982792858849
 20
-311.0822004657389
 30
0.0
 10
-144.5856792858849
 20
-320.123300465739
 30
0.0
  0
SPLINE
  5
354
330
1F
100
AcDbEntity
  8
Plan 1
 62
    17
100
AcDbSpline
210
0.0
220
0.0
230
1.0
 70
    11
 71
     3
 72
    28
 73
    24
 74
     0
 42
0.0000000001
 43
0.0000000001
 40
0.0
 40
0.0
 40
0.0
 40
0.0
 40
0.1428571428571428
 40
0.1428571428571428
 40
0.1428571428571428
 40
0.1428571428571428
 40
0.2857142857142857
 40
0.2857142857142857
 40
0.2857142857142857
 40
0.2857142857142857
 40
0.4285714285714285
 40
0.4285714285714285
 40
0.4285714285714285
 40
0.4285714285714285
 40
0.5714285714285714
 40
0.5714285714285714
 40
0.5714285714285714
 40
0.5714285714285714
 40
0.7142857142857144
 40
0.7142857142857144
 40
0.7142857142857144
 40
0.7142857142857144
 40
1.0
 40
1.0
 40
1.0
 40
1.0
 10
-155.362279285885
 20
-375.0931004657389
 30
0.0
 10
-154.9264792858857
 20
-362.7952004657388
 30
0.0
 10
-158.8164792858852
 20
-364.2460004657389
 30
0.0
 10
-169.5625792858854
 20
-354.562600465739
 30
0.0
 10
-169.5625792858854
 20
-354.562600465739
 30
0.0
 10
-137.7818792858852
 20
-360.7378004657389
 30
0.0
 10
-127.8028792858849
 20
-331.331700465739
 30
0.0
 10
-133.8220792858856
 20
-315.154100465739
 30
0.0
 10
-133.8220792858856
 20
-315.154100465739
 30
0.0
 10
-123.0759792858853
 20
-338.1192004657389
 30
0.0
 10
-125.1027792858849
 20
-362.406900465739
 30
0.0
 10
-152.3351792858857
 20
-381.6982004657388
 30
0.0
 10
-152.3351792858857
 20
-381.6982004657388
 30
0.0
 10
-176.9874792858854
 20
-394.6438004657389
 30
0.0
 10
-202.6356792858851
 20
-386.845200465739
 30
0.0
 10
-222.3320792858849
 20
-371.543700465739
 30
0.0
 10
-222.3320792858849
 20
-371.543700465739
 30
0.0
 10
-201.7617792858855
 20
-381.0416004657388
 30
0.0
 10
-184.8591792858851
 20
-371.475000465739
 30
0.0
 10
-178.1860792858851
 20
-354.1463004657389
 30
0.0
 10
-178.1860792858851
 20
-354.1463004657389
 30
0.0
 10
-176.8196792858853
 20
-370.6919004657389
 30
0.0
 10
-163.5063792858855
 20
-369.937000465739
 30
0.0
 10
-155.362279285885
 20
-375.0931004657389
 30
0.0
  0
SPLINE
  5
355
330
1F
100
AcDbEntity
  8
Plan 1
 62
    17
100
AcDbSpline
210
0.0
220
0.0
230
1.0
 70
    11
 71
     3
 72
    60
 73
    56
 74
     0
 42
0.0000000001
 43
0.0000000001
 40
0.0
 40
0.0
 40
0.0
 40
0.0
 40
0.0666666666666667
 40
0.0666666666666667
 40
0.0666666666666667
 40
0.0666666666666667
 40
0.1333333333333333
 40
0.1333333333333333
 40
0.1333333333333333
 40
0.1333333333333333
 40
0.2
 40
0.2
 40
0.2
 40
0.2
 40
0.2666666666666667
 40
0.2666666666666667
 40
0.2666666666666667
 40
0.2666666666666667
 40
0.3333333333333333
 40
0.3333333333333333
 40
0.3333333333333333
 40
0.3333333333333333
 40
0.4
 40
0.4
 40
0.4
 40
0.4
 40
0.4666666666666667
 40
0.4666666666666667
 40
0.4666666666666667
 40
0.4666666666666667
 40
0.5333333333333333
 40
0.5333333333333333
 40
0.5333333333333333
 40
0.5333333333333333
 40
0.6
 40
0.6
 40
0.6
 40
0.6
 40
0.6666666666666666
 40
0.6666666666666666
 40
0.6666666666666666
 40
0.6666666666666666
 40
0.7333333333333333
 40
0.7333333333333333
 40
0.7333333333333333
 40
0.7333333333333333
 40
0.8
 40
0.8
 40
0.8
 40
0.8
 40
0.8666666666666667
 40
0.8666666666666667
 40
0.8666666666666667
 40
0.8666666666666667
 40
1.0
 40
1.0
 40
1.0
 40
1.0
 10
-162.4646792858857
 20
-295.709400465739
 30
0.0
 10
-191.3315792858857
 20
-294.6239004657389
 30
0.0
 10
-196.3047792858851
 20
-255.735700465739
 30
0.0
 10
-161.1722792858854
 20
-255.0915004657388
 30
0.0
 10
-161.1722792858854
 20
-255.0915004657388
 30
0.0
 10
-162.9614792858856
 20
-253.6512004657388
 30
0.0
 10
-164.7572792858855
 20
-252.2108004657389
 30
0.0
 10
-166.5572792858857
 20
-250.7705004657389
 30
0.0
 10
-166.5572792858857
 20
-250.7705004657389
 30
0.0
 10
-180.3392792858849
 20
-255.1635004657389
 30
0.0
 10
-199.0746792858854
 20
-253.0751004657389
 30
0.0
 10
-209.1953792858858
 20
-261.357100465739
 30
0.0
 10
-209.1953792858858
 20
-261.357100465739
 30
0.0
 10
-190.1962792858858
 20
-262.0837004657389
 30
0.0
 10
-188.1498792858856
 20
-281.4616004657389
 30
0.0
 10
-207.8964792858851
 20
-286.203100465739
 30
0.0
 10
-207.8964792858851
 20
-286.203100465739
 30
0.0
 10
-221.5367792858851
 20
-289.984000465739
 30
0.0
 10
-224.2695792858849
 20
-297.185100465739
 30
0.0
 10
-219.5273792858852
 20
-306.7280004657389
 30
0.0
 10
-219.5273792858852
 20
-306.7280004657389
 30
0.0
 10
-218.9542792858856
 20
-291.028300465739
 30
0.0
 10
-199.0005792858856
 20
-302.7671004657388
 30
0.0
 10
-206.176979285885
 20
-314.722100465739
 30
0.0
 10
-206.176979285885
 20
-314.722100465739
 30
0.0
 10
-218.8212792858858
 20
-327.7935004657388
 30
0.0
 10
-244.3627792858852
 20
-309.5730004657389
 30
0.0
 10
-239.7687792858851
 20
-288.363600465739
 30
0.0
 10
-239.7687792858851
 20
-288.363600465739
 30
0.0
 10
-254.7753792858857
 20
-313.9837004657388
 30
0.0
 10
-252.9839792858857
 20
-340.3060004657389
 30
0.0
 10
-226.6384792858853
 20
-367.6549004657388
 30
0.0
 10
-226.6384792858853
 20
-367.6549004657388
 30
0.0
 10
-236.9291792858858
 20
-349.4791004657388
 30
0.0
 10
-231.6312792858853
 20
-330.880800465739
 30
0.0
 10
-218.6730792858853
 20
-328.3333004657388
 30
0.0
 10
-218.6730792858853
 20
-328.3333004657388
 30
0.0
 10
-202.0712792858858
 20
-325.866200465739
 30
0.0
 10
-196.435579285885
 20
-347.2913004657389
 30
0.0
 10
-208.3323792858855
 20
-349.7224004657389
 30
0.0
 10
-208.3323792858855
 20
-349.7224004657389
 30
0.0
 10
-213.3120792858854
 20
-349.436000465739
 30
0.0
 10
-218.3571792858856
 20
-343.387200465739
 30
0.0
 10
-207.6872792858858
 20
-339.1359004657388
 30
0.0
 10
-207.6872792858858
 20
-339.1359004657388
 30
0.0
 10
-218.2045792858853
 20
-331.1403004657389
 30
0.0
 10
-228.5474792858849
 20
-342.158000465739
 30
0.0
 10
-221.0355792858854
 20
-355.339800465739
 30
0.0
 10
-221.0355792858854
 20
-355.339800465739
 30
0.0
 10
-207.3690792858851
 20
-369.9500004657389
 30
0.0
 10
-188.4026792858849
 20
-357.2209004657389
 30
0.0
 10
-192.3994792858857
 20
-340.2162004657389
 30
0.0
 10
-192.3994792858857
 20
-340.2162004657389
 30
0.0
 10
-195.1213792858852
 20
-318.4665004657388
 30
0.0
 10
-182.1262792858852
 20
-304.0631004657389
 30
0.0
 10
-162.4646792858857
 20
-295.709400465739
 30
0.0
  0
SPLINE
  5
356
330
1F
100
AcDbEntity
  8
Plan 1
 62
    17
100
AcDbSpline
210
0.0
220
0.0
230
1.0
 70
    11
 71
     3
 72
    32
 73
    28
 74
     0
 42
0.0000000001
 43
0.0000000001
 40
0.0
 40
0.0
 40
0.0
 40
0.0
 40
0.125
 40
0.125
 40
0.125
 40
0.125
 40
0.25
 40
0.25
 40
0.25
 40
0.25
 40
0.375
 40
0.375
 40
0.375
 40
0.375
 40
0.5
 40
0.5
 40
0.5
 40
0.5
 40
0.625
 40
0.625
 40
0.625
 40
0.625
 40
0.75
 40
0.75
 40
0.75
 40
0.75
 40
1.0
 40
1.0
 40
1.0
 40
1.0
 10
-370.6640792858852
 20
-73.30520046573884
 30
0.0
 10
-380.3445792858856
 20
-82.737500465739
 30
0.0
 10
-361.8857792858853
 20
-90.87860046573906
 30
0.0
 10
-360.8332792858855
 20
-74.48850046573898
 30
0.0
 10
-360.8332792858855
 20
-74.48850046573898
 30
0.0
 10
-360.0050792858856
 20
-62.65590046573902
 30
0.0
 10
-388.316379285885
 20
-55.34690046573882
 30
0.0
 10
-386.7908792858853
 20
-78.03880046573886
 30
0.0
 10
-386.7908792858853
 20
-78.03880046573886
 30
0.0
 10
-408.1196792858854
 20
-55.52560046573876
 30
0.0
 10
-399.9690792858855
 20
-9.449400465739017
 30
0.0
 10
-371.062779285885
 20
2.828199534261102
 30
0.0
 10
-371.062779285885
 20
2.828199534261102
 30
0.0
 10
-342.6752792858851
 20
-23.85810046573897
 30
0.0
 10
-362.676979285885
 20
-35.56730046573898
 30
0.0
 10
-358.4817792858857
 20
-54.76490046573895
 30
0.0
 10
-358.4817792858857
 20
-54.76490046573895
 30
0.0
 10
-353.6763792858856
 20
-81.82980046573902
 30
0.0
 10
-334.8014792858858
 20
-93.40060046573876
 30
0.0
 10
-301.8635792858849
 20
-89.47850046573899
 30
0.0
 10
-301.8635792858849
 20
-89.47850046573899
 30
0.0
 10
-318.6680792858851
 20
-101.8303004657389
 30
0.0
 10
-339.2428792858855
 20
-104.196800465739
 30
0.0
 10
-363.5943792858852
 20
-96.57900046573899
 30
0.0
 10
-363.5943792858852
 20
-96.57900046573899
 30
0.0
 10
-381.6345792858856
 20
-88.45480046573902
 30
0.0
 10
-382.1445792858849
 20
-80.73980046573888
 30
0.0
 10
-370.6640792858852
 20
-73.30520046573884
 30
0.0
  0
SPLINE
  5
357
330
1F
100
AcDbEntity
  8
Plan 1
 62
    17
100
AcDbSpline
210
0.0
220
0.0
230
1.0
 70
    11
 71
     3
 72
    44
 73
    40
 74
     0
 42
0.0000000001
 43
0.0000000001
 40
0.0
 40
0.0
 40
0.0
 40
0.0
 40
0.0909090909090909
 40
0.0909090909090909
 40
0.0909090909090909
 40
0.0909090909090909
 40
0.1818181818181818
 40
0.1818181818181818
 40
0.1818181818181818
 40
0.1818181818181818
 40
0.2727272727272727
 40
0.2727272727272727
 40
0.2727272727272727
 40
0.2727272727272727
 40
0.3636363636363636
 40
0.3636363636363636
 40
0.3636363636363636
 40
0.3636363636363636
 40
0.4545454545454545
 40
0.4545454545454545
 40
0.4545454545454545
 40
0.4545454545454545
 40
0.5454545454545455
 40
0.5454545454545455
 40
0.5454545454545455
 40
0.5454545454545455
 40
0.6363636363636364
 40
0.6363636363636364
 40
0.6363636363636364
 40
0.6363636363636364
 40
0.7272727272727274
 40
0.7272727272727274
 40
0.7272727272727274
 40
0.7272727272727274
 40
0.8181818181818181
 40
0.8181818181818181
 40
0.8181818181818181
 40
0.8181818181818181
 40
1.0
 40
1.0
 40
1.0
 40
1.0
 10
-353.3690792858852
 20
10.32329953426097
 30
0.0
 10
-351.1374792858851
 20
5.852799534261066
 30
0.0
 10
-340.471979285885
 20
-9.052300465738881
 30
0.0
 10
-344.268279285885
 20
-19.08800046573901
 30
0.0
 10
-344.268279285885
 20
-19.08800046573901
 30
0.0
 10
-334.1215792858857
 20
-16.10610046573902
 30
0.0
 10
-332.1732792858857
 20
3.044599534261124
 30
0.0
 10
-325.7268792858849
 20
2.751799534261181
 30
0.0
 10
-325.7268792858849
 20
2.751799534261181
 30
0.0
 10
-321.8476792858855
 20
-15.80700046573884
 30
0.0
 10
-326.6269792858857
 20
-15.27700046573886
 30
0.0
 10
-329.623479285885
 20
-21.11580046573886
 30
0.0
 10
-329.623479285885
 20
-21.11580046573886
 30
0.0
 10
-283.7993792858851
 20
-13.2696004657389
 30
0.0
 10
-279.2140792858854
 20
-65.59190046573895
 30
0.0
 10
-303.0359792858853
 20
-68.57150046573884
 30
0.0
 10
-303.0359792858853
 20
-68.57150046573884
 30
0.0
 10
-321.8323792858855
 20
-70.30930046573894
 30
0.0
 10
-325.4217792858853
 20
-61.88230046573881
 30
0.0
 10
-321.9108792858851
 20
-52.00350046573885
 30
0.0
 10
-321.9108792858851
 20
-52.00350046573885
 30
0.0
 10
-317.617679285885
 20
-42.453100465739
 30
0.0
 10
-299.7822792858851
 20
-51.70090046573887
 30
0.0
 10
-315.0962792858854
 20
-60.28750046573896
 30
0.0
 10
-315.0962792858854
 20
-60.28750046573896
 30
0.0
 10
-303.2734792858855
 20
-65.74050046573893
 30
0.0
 10
-294.3602792858856
 20
-54.91350046573893
 30
0.0
 10
-299.4989792858851
 20
-44.11410046573883
 30
0.0
 10
-299.4989792858851
 20
-44.11410046573883
 30
0.0
 10
-317.1948792858857
 20
-15.96340046573891
 30
0.0
 10
-351.2137792858857
 20
-48.21680046573897
 30
0.0
 10
-332.8074792858852
 20
-70.50300046573898
 30
0.0
 10
-332.8074792858852
 20
-70.50300046573898
 30
0.0
 10
-312.4003792858857
 20
-88.234800465739
 30
0.0
 10
-284.9172792858853
 20
-83.18610046573894
 30
0.0
 10
-277.4880792858858
 20
-52.39800046573896
 30
0.0
 10
-277.4880792858858
 20
-52.39800046573896
 30
0.0
 10
-271.5865792858849
 20
-13.60790046573902
 30
0.0
 10
-309.9835792858858
 20
18.607599534261
 30
0.0
 10
-353.3690792858852
 20
10.32329953426097
 30
0.0
  0
SPLINE
  5
358
330
1F
100
AcDbEntity
  8
Plan 1
 62
    17
100
AcDbSpline
210
0.0
220
0.0
230
1.0
 70
    11
 71
     3
 72
    24
 73
    20
 74
     0
 42
0.0000000001
 43
0.0000000001
 40
0.0
 40
0.0
 40
0.0
 40
0.0
 40
0.1666666666666667
 40
0.1666666666666667
 40
0.1666666666666667
 40
0.1666666666666667
 40
0.3333333333333333
 40
0.3333333333333333
 40
0.3333333333333333
 40
0.3333333333333333
 40
0.5
 40
0.5
 40
0.5
 40
0.5
 40
0.6666666666666666
 40
0.6666666666666666
 40
0.6666666666666666
 40
0.6666666666666666
 40
1.0
 40
1.0
 40
1.0
 40
1.0
 10
-381.9963792858853
 20
86.78499953426102
 30
0.0
 10
-378.3351792858857
 20
82.53599953426101
 30
0.0
 10
-375.8245792858852
 20
77.13479953426099
 30
0.0
 10
-374.4559792858854
 20
70.58109953426106
 30
0.0
 10
-374.4559792858854
 20
70.58109953426106
 30
0.0
 10
-357.694979285885
 20
71.61669953426098
 30
0.0
 10
-351.1658792858852
 20
80.42059953426109
 30
0.0
 10
-353.3516792858855
 20
95.85919953426104
 30
0.0
 10
-353.3516792858855
 20
95.85919953426104
 30
0.0
 10
-355.1060792858852
 20
103.150899534261
 30
0.0
 10
-372.7364792858852
 20
116.4108995342612
 30
0.0
 10
-378.1760792858849
 20
100.679899534261
 30
0.0
 10
-378.1760792858849
 20
100.679899534261
 30
0.0
 10
-380.4773792858851
 20
89.41989953426105
 30
0.0
 10
-363.6291792858856
 20
86.47459953426119
 30
0.0
 10
-358.7345792858851
 20
95.21109953426117
 30
0.0
 10
-358.7345792858851
 20
95.21109953426117
 30
0.0
 10
-356.0387792858855
 20
78.89529953426109
 30
0.0
 10
-372.4837792858853
 20
77.74399953426109
 30
0.0
 10
-381.9963792858853
 20
86.78499953426102
 30
0.0
  0
SPLINE
  5
359
330
1F
100
AcDbEntity
  8
Plan 1
 62
    17
100
AcDbSpline
210
0.0
220
0.0
230
1.0
 70
    11
 71
     3
 72
    28
 73
    24
 74
     0
 42
0.0000000001
 43
0.0000000001
 40
0.0
 40
0.0
 40
0.0
 40
0.0
 40
0.1428571428571428
 40
0.1428571428571428
 40
0.1428571428571428
 40
0.1428571428571428
 40
0.2857142857142857
 40
0.2857142857142857
 40
0.2857142857142857
 40
0.2857142857142857
 40
0.4285714285714285
 40
0.4285714285714285
 40
0.4285714285714285
 40
0.4285714285714285
 40
0.5714285714285714
 40
0.5714285714285714
 40
0.5714285714285714
 40
0.5714285714285714
 40
0.7142857142857144
 40
0.7142857142857144
 40
0.7142857142857144
 40
0.7142857142857144
 40
1.0
 40
1.0
 40
1.0
 40
1.0
 10
-371.2197792858851
 20
141.7547995342611
 30
0.0
 10
-371.6555792858853
 20
129.4569995342613
 30
0.0
 10
-367.7654792858857
 20
130.9077995342609
 30
0.0
 10
-357.0194792858856
 20
121.224399534261
 30
0.0
 10
-357.0194792858856
 20
121.224399534261
 30
0.0
 10
-388.800179285885
 20
127.3995995342611
 30
0.0
 10
-398.7791792858852
 20
97.993499534261
 30
0.0
 10
-392.7599792858855
 20
81.81589953426101
 30
0.0
 10
-392.7599792858855
 20
81.81589953426101
 30
0.0
 10
-403.5060792858858
 20
104.7808995342611
 30
0.0
 10
-401.4792792858852
 20
129.0686995342612
 30
0.0
 10
-374.2468792858854
 20
148.3598995342608
 30
0.0
 10
-374.2468792858854
 20
148.3598995342608
 30
0.0
 10
-349.5945792858856
 20
161.3056995342613
 30
0.0
 10
-323.9463792858851
 20
153.5068995342612
 30
0.0
 10
-304.2498792858851
 20
138.205499534261
 30
0.0
 10
-304.2498792858851
 20
138.205499534261
 30
0.0
 10
-324.8202792858856
 20
147.7033995342613
 30
0.0
 10
-341.722879285885
 20
138.1366995342609
 30
0.0
 10
-348.395979285885
 20
120.8081995342609
 30
0.0
 10
-348.395979285885
 20
120.8081995342609
 30
0.0
 10
-349.7623792858858
 20
137.3535995342608
 30
0.0
 10
-363.0756792858856
 20
136.5986995342609
 30
0.0
 10
-371.2197792858851
 20
141.7547995342611
 30
0.0
  0
SPLINE
  5
35A
330
1F
100
AcDbEntity
  8
Plan 1
 62
    17
100
AcDbSpline
210
0.0
220
0.0
230
1.0
 70
    11
 71
     3
 72
    60
 73
    56
 74
     0
 42
0.0000000001
 43
0.0000000001
 40
0.0
 40
0.0
 40
0.0
 40
0.0
 40
0.0666666666666667
 40
0.0666666666666667
 40
0.0666666666666667
 40
0.0666666666666667
 40
0.1333333333333333
 40
0.1333333333333333
 40
0.1333333333333333
 40
0.1333333333333333
 40
0.2
 40
0.2
 40
0.2
 40
0.2
 40
0.2666666666666667
 40
0.2666666666666667
 40
0.2666666666666667
 40
0.2666666666666667
 40
0.3333333333333333
 40
0.3333333333333333
 40
0.3333333333333333
 40
0.3333333333333333
 40
0.4
 40
0.4
 40
0.4
 40
0.4
 40
0.4666666666666667
 40
0.4666666666666667
 40
0.4666666666666667
 40
0.4666666666666667
 40
0.5333333333333333
 40
0.5333333333333333
 40
0.5333333333333333
 40
0.5333333333333333
 40
0.6
 40
0.6
 40
0.6
 40
0.6
 40
0.6666666666666666
 40
0.6666666666666666
 40
0.6666666666666666
 40
0.6666666666666666
 40
0.7333333333333333
 40
0.7333333333333333
 40
0.7333333333333333
 40
0.7333333333333333
 40
0.8
 40
0.8
 40
0.8
 40
0.8
 40
0.8666666666666667
 40
0.8666666666666667
 40
0.8666666666666667
 40
0.8666666666666667
 40
1.0
 40
1.0
 40
1.0
 40
1.0
 10
-364.1173792858854
 20
62.37119953426099
 30
0.0
 10
-335.2504792858854
 20
61.28569953426108
 30
0.0
 10
-330.277279285885
 20
22.39759953426119
 30
0.0
 10
-365.4097792858856
 20
21.75329953426103
 30
0.0
 10
-365.4097792858856
 20
21.75329953426103
 30
0.0
 10
-363.6205792858855
 20
20.31299953426105
 30
0.0
 10
-361.8247792858856
 20
18.8725995342611
 30
0.0
 10
-360.0246792858852
 20
17.43229953426112
 30
0.0
 10
-360.0246792858852
 20
17.43229953426112
 30
0.0
 10
-346.2427792858853
 20
21.82539953426112
 30
0.0
 10
-327.5072792858855
 20
19.73689953426105
 30
0.0
 10
-317.3866792858853
 20
28.01879953426101
 30
0.0
 10
-317.3866792858853
 20
28.01879953426101
 30
0.0
 10
-336.3857792858853
 20
28.74549953426117
 30
0.0
 10
-338.4321792858855
 20
48.12329953426115
 30
0.0
 10
-318.6855792858851
 20
52.86489953426098
 30
0.0
 10
-318.6855792858851
 20
52.86489953426098
 30
0.0
 10
-305.045279285885
 20
56.64579953426119
 30
0.0
 10
-302.3124792858853
 20
63.84699953426116
 30
0.0
 10
-307.0546792858849
 20
73.3897995342611
 30
0.0
 10
-307.0546792858849
 20
73.3897995342611
 30
0.0
 10
-307.6277792858855
 20
57.69009953426098
 30
0.0
 10
-327.5814792858855
 20
69.42889953426107
 30
0.0
 10
-320.4050792858852
 20
81.38379953426101
 30
0.0
 10
-320.4050792858852
 20
81.38379953426101
 30
0.0
 10
-307.7607792858853
 20
94.45519953426105
 30
0.0
 10
-282.219279285885
 20
76.2348995342611
 30
0.0
 10
-286.8132792858851
 20
55.02529953426097
 30
0.0
 10
-286.8132792858851
 20
55.02529953426097
 30
0.0
 10
-271.8066792858853
 20
80.64539953426129
 30
0.0
 10
-273.5980792858854
 20
106.9676995342611
 30
0.0
 10
-299.9435792858858
 20
134.316599534261
 30
0.0
 10
-299.9435792858858
 20
134.316599534261
 30
0.0
 10
-289.6528792858853
 20
116.1408995342612
 30
0.0
 10
-294.9507792858858
 20
97.54249953426096
 30
0.0
 10
-307.9089792858849
 20
94.99509953426104
 30
0.0
 10
-307.9089792858849
 20
94.99509953426104
 30
0.0
 10
-324.5107792858853
 20
92.52799953426096
 30
0.0
 10
-330.1464792858851
 20
113.9531995342609
 30
0.0
 10
-318.2496792858856
 20
116.3842995342611
 30
0.0
 10
-318.2496792858856
 20
116.3842995342611
 30
0.0
 10
-313.2699792858857
 20
116.0977995342609
 30
0.0
 10
-308.2248792858854
 20
110.0490995342611
 30
0.0
 10
-318.8946792858851
 20
105.797599534261
 30
0.0
 10
-318.8946792858851
 20
105.797599534261
 30
0.0
 10
-308.3774792858858
 20
97.80209953426107
 30
0.0
 10
-298.0345792858852
 20
108.8197995342611
 30
0.0
 10
-305.5464792858856
 20
122.0016995342612
 30
0.0
 10
-305.5464792858856
 20
122.0016995342612
 30
0.0
 10
-319.212979285885
 20
136.6117995342611
 30
0.0
 10
-338.1793792858853
 20
123.8827995342612
 30
0.0
 10
-334.1825792858854
 20
106.8778995342611
 30
0.0
 10
-334.1825792858854
 20
106.8778995342611
 30
0.0
 10
-331.4606792858849
 20
85.12829953426104
 30
0.0
 10
-344.455779285885
 20
70.72489953426111
 30
0.0
 10
-364.1173792858854
 20
62.37119953426099
 30
0.0
  0
SPLINE
  5
35B
330
1F
100
AcDbEntity
  8
Plan 1
 62
    17
100
AcDbSpline
210
0.0
220
0.0
230
1.0
 70
    11
 71
     3
 72
    32
 73
    28
 74
     0
 42
0.0000000001
 43
0.0000000001
 40
0.0
 40
0.0
 40
0.0
 40
0.0
 40
0.125
 40
0.125
 40
0.125
 40
0.125
 40
0.25
 40
0.25
 40
0.25
 40
0.25
 40
0.375
 40
0.375
 40
0.375
 40
0.375
 40
0.5
 40
0.5
 40
0.5
 40
0.5
 40
0.625
 40
0.625
 40
0.625
 40
0.625
 40
0.75
 40
0.75
 40
0.75
 40
0.75
 40
1.0
 40
1.0
 40
1.0
 40
1.0
 10
-155.9179792858849
 20
-73.30520046573884
 30
0.0
 10
-146.2374792858854
 20
-82.737500465739
 30
0.0
 10
-164.6962792858858
 20
-90.87860046573906
 30
0.0
 10
-165.7487792858856
 20
-74.48850046573898
 30
0.0
 10
-165.7487792858856
 20
-74.48850046573898
 30
0.0
 10
-166.5769792858855
 20
-62.65590046573902
 30
0.0
 10
-138.2656792858852
 20
-55.34690046573882
 30
0.0
 10
-139.7911792858849
 20
-78.03880046573886
 30
0.0
 10
-139.7911792858849
 20
-78.03880046573886
 30
0.0
 10
-118.4623792858856
 20
-55.52560046573876
 30
0.0
 10
-126.6129792858855
 20
-9.449400465739017
 30
0.0
 10
-155.5192792858852
 20
2.828199534261102
 30
0.0
 10
-155.5192792858852
 20
2.828199534261102
 30
0.0
 10
-183.906779285885
 20
-23.85810046573897
 30
0.0
 10
-163.9050792858852
 20
-35.56730046573898
 30
0.0
 10
-168.1002792858853
 20
-54.76490046573895
 30
0.0
 10
-168.1002792858853
 20
-54.76490046573895
 30
0.0
 10
-172.9056792858855
 20
-81.82980046573902
 30
0.0
 10
-191.7805792858853
 20
-93.40060046573876
 30
0.0
 10
-224.7184792858852
 20
-89.47850046573899
 30
0.0
 10
-224.7184792858852
 20
-89.47850046573899
 30
0.0
 10
-207.913979285885
 20
-101.8303004657389
 30
0.0
 10
-187.3391792858856
 20
-104.196800465739
 30
0.0
 10
-162.9876792858849
 20
-96.57900046573899
 30
0.0
 10
-162.9876792858849
 20
-96.57900046573899
 30
0.0
 10
-144.9474792858855
 20
-88.45480046573902
 30
0.0
 10
-144.4374792858853
 20
-80.73980046573888
 30
0.0
 10
-155.9179792858849
 20
-73.30520046573884
 30
0.0
  0
SPLINE
  5
35C
330
1F
100
AcDbEntity
  8
Plan 1
 62
    17
100
AcDbSpline
210
0.0
220
0.0
230
1.0
 70
    11
 71
     3
 72
    44
 73
    40
 74
     0
 42
0.0000000001
 43
0.0000000001
 40
0.0
 40
0.0
 40
0.0
 40
0.0
 40
0.0909090909090909
 40
0.0909090909090909
 40
0.0909090909090909
 40
0.0909090909090909
 40
0.1818181818181818
 40
0.1818181818181818
 40
0.1818181818181818
 40
0.1818181818181818
 40
0.2727272727272727
 40
0.2727272727272727
 40
0.2727272727272727
 40
0.2727272727272727
 40
0.3636363636363636
 40
0.3636363636363636
 40
0.3636363636363636
 40
0.3636363636363636
 40
0.4545454545454545
 40
0.4545454545454545
 40
0.4545454545454545
 40
0.4545454545454545
 40
0.5454545454545455
 40
0.5454545454545455
 40
0.5454545454545455
 40
0.5454545454545455
 40
0.6363636363636364
 40
0.6363636363636364
 40
0.6363636363636364
 40
0.6363636363636364
 40
0.7272727272727274
 40
0.7272727272727274
 40
0.7272727272727274
 40
0.7272727272727274
 40
0.8181818181818181
 40
0.8181818181818181
 40
0.8181818181818181
 40
0.8181818181818181
 40
1.0
 40
1.0
 40
1.0
 40
1.0
 10
-173.212979285885
 20
10.32329953426097
 30
0.0
 10
-175.4445792858851
 20
5.852799534261066
 30
0.0
 10
-186.1100792858851
 20
-9.052300465738881
 30
0.0
 10
-182.3137792858851
 20
-19.08800046573901
 30
0.0
 10
-182.3137792858851
 20
-19.08800046573901
 30
0.0
 10
-192.4604792858854
 20
-16.10610046573902
 30
0.0
 10
-194.4087792858854
 20
3.044599534261124
 30
0.0
 10
-200.8551792858852
 20
2.751799534261181
 30
0.0
 10
-200.8551792858852
 20
2.751799534261181
 30
0.0
 10
-204.7343792858856
 20
-15.80700046573884
 30
0.0
 10
-199.9550792858854
 20
-15.27700046573886
 30
0.0
 10
-196.9585792858852
 20
-21.11580046573886
 30
0.0
 10
-196.9585792858852
 20
-21.11580046573886
 30
0.0
 10
-242.782679285885
 20
-13.2696004657389
 30
0.0
 10
-247.3679792858856
 20
-65.59190046573895
 30
0.0
 10
-223.5460792858857
 20
-68.57150046573884
 30
0.0
 10
-223.5460792858857
 20
-68.57150046573884
 30
0.0
 10
-204.7496792858856
 20
-70.30930046573894
 30
0.0
 10
-201.1601792858855
 20
-61.88230046573881
 30
0.0
 10
-204.671179285885
 20
-52.00350046573885
 30
0.0
 10
-204.671179285885
 20
-52.00350046573885
 30
0.0
 10
-208.9643792858851
 20
-42.453100465739
 30
0.0
 10
-226.799779285885
 20
-51.70090046573887
 30
0.0
 10
-211.4857792858856
 20
-60.28750046573896
 30
0.0
 10
-211.4857792858856
 20
-60.28750046573896
 30
0.0
 10
-223.3085792858856
 20
-65.74050046573893
 30
0.0
 10
-232.2217792858855
 20
-54.91350046573893
 30
0.0
 10
-227.0830792858851
 20
-44.11410046573883
 30
0.0
 10
-227.0830792858851
 20
-44.11410046573883
 30
0.0
 10
-209.3871792858854
 20
-15.96340046573891
 30
0.0
 10
-175.3682792858853
 20
-48.21680046573897
 30
0.0
 10
-193.774579285885
 20
-70.50300046573898
 30
0.0
 10
-193.774579285885
 20
-70.50300046573898
 30
0.0
 10
-214.1837792858851
 20
-88.234800465739
 30
0.0
 10
-241.6647792858857
 20
-83.18610046573894
 30
0.0
 10
-249.0939792858853
 20
-52.39800046573896
 30
0.0
 10
-249.0939792858853
 20
-52.39800046573896
 30
0.0
 10
-254.9954792858853
 20
-13.60790046573902
 30
0.0
 10
-216.5984792858854
 20
18.607599534261
 30
0.0
 10
-173.212979285885
 20
10.32329953426097
 30
0.0
  0
SPLINE
  5
35D
330
1F
100
AcDbEntity
  8
Plan 1
 62
    17
100
AcDbSpline
210
0.0
220
0.0
230
1.0
 70
    11
 71
     3
 72
    24
 73
    20
 74
     0
 42
0.0000000001
 43
0.0000000001
 40
0.0
 40
0.0
 40
0.0
 40
0.0
 40
0.1666666666666667
 40
0.1666666666666667
 40
0.1666666666666667
 40
0.1666666666666667
 40
0.3333333333333333
 40
0.3333333333333333
 40
0.3333333333333333
 40
0.3333333333333333
 40
0.5
 40
0.5
 40
0.5
 40
0.5
 40
0.6666666666666666
 40
0.6666666666666666
 40
0.6666666666666666
 40
0.6666666666666666
 40
1.0
 40
1.0
 40
1.0
 40
1.0
 10
-144.5856792858849
 20
86.78499953426102
 30
0.0
 10
-148.2468792858854
 20
82.53599953426101
 30
0.0
 10
-150.757479285885
 20
77.13479953426099
 30
0.0
 10
-152.1260792858857
 20
70.58109953426106
 30
0.0
 10
-152.1260792858857
 20
70.58109953426106
 30
0.0
 10
-168.8870792858852
 20
71.61669953426098
 30
0.0
 10
-175.4161792858849
 20
80.42059953426109
 30
0.0
 10
-173.2303792858856
 20
95.85919953426104
 30
0.0
 10
-173.2303792858856
 20
95.85919953426104
 30
0.0
 10
-171.4759792858849
 20
103.150899534261
 30
0.0
 10
-153.8455792858849
 20
116.4108995342612
 30
0.0
 10
-148.4059792858852
 20
100.679899534261
 30
0.0
 10
-148.4059792858852
 20
100.679899534261
 30
0.0
 10
-146.1046792858851
 20
89.41989953426105
 30
0.0
 10
-162.9528792858855
 20
86.47459953426119
 30
0.0
 10
-167.8474792858851
 20
95.21109953426117
 30
0.0
 10
-167.8474792858851
 20
95.21109953426117
 30
0.0
 10
-170.5432792858855
 20
78.89529953426109
 30
0.0
 10
-154.0982792858849
 20
77.74399953426109
 30
0.0
 10
-144.5856792858849
 20
86.78499953426102
 30
0.0
  0
SPLINE
  5
35E
330
1F
100
AcDbEntity
  8
Plan 1
 62
    17
100
AcDbSpline
210
0.0
220
0.0
230
1.0
 70
    11
 71
     3
 72
    28
 73
    24
 74
     0
 42
0.0000000001
 43
0.0000000001
 40
0.0
 40
0.0
 40
0.0
 40
0.0
 40
0.1428571428571428
 40
0.1428571428571428
 40
0.1428571428571428
 40
0.1428571428571428
 40
0.2857142857142857
 40
0.2857142857142857
 40
0.2857142857142857
 40
0.2857142857142857
 40
0.4285714285714285
 40
0.4285714285714285
 40
0.4285714285714285
 40
0.4285714285714285
 40
0.5714285714285714
 40
0.5714285714285714
 40
0.5714285714285714
 40
0.5714285714285714
 40
0.7142857142857144
 40
0.7142857142857144
 40
0.7142857142857144
 40
0.7142857142857144
 40
1.0
 40
1.0
 40
1.0
 40
1.0
 10
-155.362279285885
 20
141.7547995342611
 30
0.0
 10
-154.9264792858857
 20
129.4569995342613
 30
0.0
 10
-158.8164792858852
 20
130.9077995342609
 30
0.0
 10
-169.5625792858854
 20
121.224399534261
 30
0.0
 10
-169.5625792858854
 20
121.224399534261
 30
0.0
 10
-137.7818792858852
 20
127.3995995342611
 30
0.0
 10
-127.8028792858849
 20
97.993499534261
 30
0.0
 10
-133.8220792858856
 20
81.81589953426101
 30
0.0
 10
-133.8220792858856
 20
81.81589953426101
 30
0.0
 10
-123.0759792858853
 20
104.7808995342611
 30
0.0
 10
-125.1027792858849
 20
129.0686995342612
 30
0.0
 10
-152.3351792858857
 20
148.3598995342608
 30
0.0
 10
-152.3351792858857
 20
148.3598995342608
 30
0.0
 10
-176.9874792858854
 20
161.3056995342613
 30
0.0
 10
-202.6356792858851
 20
153.5068995342612
 30
0.0
 10
-222.3320792858849
 20
138.205499534261
 30
0.0
 10
-222.3320792858849
 20
138.205499534261
 30
0.0
 10
-201.7617792858855
 20
147.7033995342613
 30
0.0
 10
-184.8591792858851
 20
138.1366995342609
 30
0.0
 10
-178.1860792858851
 20
120.8081995342609
 30
0.0
 10
-178.1860792858851
 20
120.8081995342609
 30
0.0
 10
-176.8196792858853
 20
137.3535995342608
 30
0.0
 10
-163.5063792858855
 20
136.5986995342609
 30
0.0
 10
-155.362279285885
 20
141.7547995342611
 30
0.0
  0
SPLINE
  5
35F
330
1F
100
AcDbEntity
  8
Plan 1
 62
    17
100
AcDbSpline
210
0.0
220
0.0
230
1.0
 70
    11
 71
     3
 72
    60
 73
    56
 74
     0
 42
0.0000000001
 43
0.0000000001
 40
0.0
 40
0.0
 40
0.0
 40
0.0
 40
0.0666666666666667
 40
0.0666666666666667
 40
0.0666666666666667
 40
0.0666666666666667
 40
0.1333333333333333
 40
0.1333333333333333
 40
0.1333333333333333
 40
0.1333333333333333
 40
0.2
 40
0.2
 40
0.2
 40
0.2
 40
0.2666666666666667
 40
0.2666666666666667
 40
0.2666666666666667
 40
0.2666666666666667
 40
0.3333333333333333
 40
0.3333333333333333
 40
0.3333333333333333
 40
0.3333333333333333
 40
0.4
 40
0.4
 40
0.4
 40
0.4
 40
0.4666666666666667
 40
0.4666666666666667
 40
0.4666666666666667
 40
0.4666666666666667
 40
0.5333333333333333
 40
0.5333333333333333
 40
0.5333333333333333
 40
0.5333333333333333
 40
0.6
 40
0.6
 40
0.6
 40
0.6
 40
0.6666666666666666
 40
0.6666666666666666
 40
0.6666666666666666
 40
0.6666666666666666
 40
0.7333333333333333
 40
0.7333333333333333
 40
0.7333333333333333
 40
0.7333333333333333
 40
0.8
 40
0.8
 40
0.8
 40
0.8
 40
0.8666666666666667
 40
0.8666666666666667
 40
0.8666666666666667
 40
0.8666666666666667
 40
1.0
 40
1.0
 40
1.0
 40
1.0
 10
-162.4646792858857
 20
62.37119953426099
 30
0.0
 10
-191.3315792858857
 20
61.28569953426108
 30
0.0
 10
-196.3047792858851
 20
22.39759953426119
 30
0.0
 10
-161.1722792858854
 20
21.75329953426103
 30
0.0
 10
-161.1722792858854
 20
21.75329953426103
 30
0.0
 10
-162.9614792858856
 20
20.31299953426105
 30
0.0
 10
-164.7572792858855
 20
18.8725995342611
 30
0.0
 10
-166.5572792858857
 20
17.43229953426112
 30
0.0
 10
-166.5572792858857
 20
17.43229953426112
 30
0.0
 10
-180.3392792858849
 20
21.82539953426112
 30
0.0
 10
-199.0746792858854
 20
19.73689953426105
 30
0.0
 10
-209.1953792858858
 20
28.01879953426101
 30
0.0
 10
-209.1953792858858
 20
28.01879953426101
 30
0.0
 10
-190.1962792858858
 20
28.74549953426117
 30
0.0
 10
-188.1498792858856
 20
48.12329953426115
 30
0.0
 10
-207.8964792858851
 20
52.86489953426098
 30
0.0
 10
-207.8964792858851
 20
52.86489953426098
 30
0.0
 10
-221.5367792858851
 20
56.64579953426119
 30
0.0
 10
-224.2695792858849
 20
63.84699953426116
 30
0.0
 10
-219.5273792858852
 20
73.3897995342611
 30
0.0
 10
-219.5273792858852
 20
73.3897995342611
 30
0.0
 10
-218.9542792858856
 20
57.69009953426098
 30
0.0
 10
-199.0005792858856
 20
69.42889953426107
 30
0.0
 10
-206.176979285885
 20
81.38379953426101
 30
0.0
 10
-206.176979285885
 20
81.38379953426101
 30
0.0
 10
-218.8212792858858
 20
94.45519953426105
 30
0.0
 10
-244.3627792858852
 20
76.2348995342611
 30
0.0
 10
-239.7687792858851
 20
55.02529953426097
 30
0.0
 10
-239.7687792858851
 20
55.02529953426097
 30
0.0
 10
-254.7753792858857
 20
80.64539953426129
 30
0.0
 10
-252.9839792858857
 20
106.9676995342611
 30
0.0
 10
-226.6384792858853
 20
134.316599534261
 30
0.0
 10
-226.6384792858853
 20
134.316599534261
 30
0.0
 10
-236.9291792858858
 20
116.1408995342612
 30
0.0
 10
-231.6312792858853
 20
97.54249953426096
 30
0.0
 10
-218.6730792858853
 20
94.99509953426104
 30
0.0
 10
-218.6730792858853
 20
94.99509953426104
 30
0.0
 10
-202.0712792858858
 20
92.52799953426096
 30
0.0
 10
-196.435579285885
 20
113.9531995342609
 30
0.0
 10
-208.3323792858855
 20
116.3842995342611
 30
0.0
 10
-208.3323792858855
 20
116.3842995342611
 30
0.0
 10
-213.3120792858854
 20
116.0977995342609
 30
0.0
 10
-218.3571792858856
 20
110.0490995342611
 30
0.0
 10
-207.6872792858858
 20
105.797599534261
 30
0.0
 10
-207.6872792858858
 20
105.797599534261
 30
0.0
 10
-218.2045792858853
 20
97.80209953426107
 30
0.0
 10
-228.5474792858849
 20
108.8197995342611
 30
0.0
 10
-221.0355792858854
 20
122.0016995342612
 30
0.0
 10
-221.0355792858854
 20
122.0016995342612
 30
0.0
 10
-207.3690792858851
 20
136.6117995342611
 30
0.0
 10
-188.4026792858849
 20
123.8827995342612
 30
0.0
 10
-192.3994792858857
 20
106.8778995342611
 30
0.0
 10
-192.3994792858857
 20
106.8778995342611
 30
0.0
 10
-195.1213792858852
 20
85.12829953426104
 30
0.0
 10
-182.1262792858852
 20
70.72489953426111
 30
0.0
 10
-162.4646792858857
 20
62.37119953426099
 30
0.0
  0
SPLINE
  5
360
330
1F
100
AcDbEntity
  8
Plan 1
 62
    17
100
AcDbSpline
210
0.0
220
0.0
230
1.0
 70
    11
 71
     3
 72
    32
 73
    28
 74
     0
 42
0.0000000001
 43
0.0000000001
 40
0.0
 40
0.0
 40
0.0
 40
0.0
 40
0.125
 40
0.125
 40
0.125
 40
0.125
 40
0.25
 40
0.25
 40
0.25
 40
0.25
 40
0.375
 40
0.375
 40
0.375
 40
0.375
 40
0.5
 40
0.5
 40
0.5
 40
0.5
 40
0.625
 40
0.625
 40
0.625
 40
0.625
 40
0.75
 40
0.75
 40
0.75
 40
0.75
 40
1.0
 40
1.0
 40
1.0
 40
1.0
 10
-155.9179792858849
 20
426.624799534261
 30
0.0
 10
-146.2374792858854
 20
436.0612995342612
 30
0.0
 10
-164.6962792858858
 20
444.2033995342613
 30
0.0
 10
-165.7487792858856
 20
427.8218995342609
 30
0.0
 10
-165.7487792858856
 20
427.8218995342609
 30
0.0
 10
-166.5769792858855
 20
415.9888995342612
 30
0.0
 10
-138.2656792858852
 20
408.6795995342608
 30
0.0
 10
-139.7911792858849
 20
431.3656995342612
 30
0.0
 10
-139.7911792858849
 20
431.3656995342612
 30
0.0
 10
-118.4623792858856
 20
408.8560995342609
 30
0.0
 10
-126.6129792858855
 20
362.778099534261
 30
0.0
 10
-155.5192792858852
 20
350.4993995342611
 30
0.0
 10
-155.5192792858852
 20
350.4993995342611
 30
0.0
 10
-183.906779285885
 20
377.1840995342609
 30
0.0
 10
-163.9050792858852
 20
388.9038995342612
 30
0.0
 10
-168.1002792858853
 20
408.0980995342611
 30
0.0
 10
-168.1002792858853
 20
408.0980995342611
 30
0.0
 10
-172.9056792858855
 20
435.1537995342609
 30
0.0
 10
-191.7805792858853
 20
446.7309995342612
 30
0.0
 10
-224.7184792858852
 20
442.8002995342612
 30
0.0
 10
-224.7184792858852
 20
442.8002995342612
 30
0.0
 10
-207.913979285885
 20
455.1582995342609
 30
0.0
 10
-187.3391792858856
 20
457.5207995342611
 30
0.0
 10
-162.9876792858849
 20
449.9036995342613
 30
0.0
 10
-162.9876792858849
 20
449.9036995342613
 30
0.0
 10
-144.9474792858855
 20
441.7842995342612
 30
0.0
 10
-144.4374792858853
 20
434.0698995342608
 30
0.0
 10
-155.9179792858849
 20
426.624799534261
 30
0.0
  0
SPLINE
  5
361
330
1F
100
AcDbEntity
  8
Plan 1
 62
    17
100
AcDbSpline
210
0.0
220
0.0
230
1.0
 70
    11
 71
     3
 72
    44
 73
    40
 74
     0
 42
0.0000000001
 43
0.0000000001
 40
0.0
 40
0.0
 40
0.0
 40
0.0
 40
0.0909090909090909
 40
0.0909090909090909
 40
0.0909090909090909
 40
0.0909090909090909
 40
0.1818181818181818
 40
0.1818181818181818
 40
0.1818181818181818
 40
0.1818181818181818
 40
0.2727272727272727
 40
0.2727272727272727
 40
0.2727272727272727
 40
0.2727272727272727
 40
0.3636363636363636
 40
0.3636363636363636
 40
0.3636363636363636
 40
0.3636363636363636
 40
0.4545454545454545
 40
0.4545454545454545
 40
0.4545454545454545
 40
0.4545454545454545
 40
0.5454545454545455
 40
0.5454545454545455
 40
0.5454545454545455
 40
0.5454545454545455
 40
0.6363636363636364
 40
0.6363636363636364
 40
0.6363636363636364
 40
0.6363636363636364
 40
0.7272727272727274
 40
0.7272727272727274
 40
0.7272727272727274
 40
0.7272727272727274
 40
0.8181818181818181
 40
0.8181818181818181
 40
0.8181818181818181
 40
0.8181818181818181
 40
1.0
 40
1.0
 40
1.0
 40
1.0
 10
-173.212979285885
 20
343.0067995342611
 30
0.0
 10
-175.4445792858851
 20
347.480699534261
 30
0.0
 10
-186.1100792858851
 20
362.3842995342611
 30
0.0
 10
-182.3137792858851
 20
372.4205995342609
 30
0.0
 10
-182.3137792858851
 20
372.4205995342609
 30
0.0
 10
-192.4604792858854
 20
369.4355995342612
 30
0.0
 10
-194.4087792858854
 20
350.2820995342613
 30
0.0
 10
-200.8551792858852
 20
350.5740995342612
 30
0.0
 10
-200.8551792858852
 20
350.5740995342612
 30
0.0
 10
-204.7343792858856
 20
369.1392995342612
 30
0.0
 10
-199.9550792858854
 20
368.6028995342613
 30
0.0
 10
-196.9585792858852
 20
374.4459995342609
 30
0.0
 10
-196.9585792858852
 20
374.4459995342609
 30
0.0
 10
-242.782679285885
 20
366.5956995342613
 30
0.0
 10
-247.3679792858856
 20
418.9216995342612
 30
0.0
 10
-223.5460792858857
 20
421.8996995342608
 30
0.0
 10
-223.5460792858857
 20
421.8996995342608
 30
0.0
 10
-204.7496792858856
 20
423.640099534261
 30
0.0
 10
-201.1601792858855
 20
415.212699534261
 30
0.0
 10
-204.671179285885
 20
405.3417995342611
 30
0.0
 10
-204.671179285885
 20
405.3417995342611
 30
0.0
 10
-208.9643792858851
 20
395.7853995342611
 30
0.0
 10
-226.799779285885
 20
405.0340995342613
 30
0.0
 10
-211.4857792858856
 20
413.6151995342611
 30
0.0
 10
-211.4857792858856
 20
413.6151995342611
 30
0.0
 10
-223.3085792858856
 20
419.0755995342611
 30
0.0
 10
-232.2217792858855
 20
408.240599534261
 30
0.0
 10
-227.0830792858851
 20
397.4395995342611
 30
0.0
 10
-227.0830792858851
 20
397.4395995342611
 30
0.0
 10
-209.3871792858854
 20
369.2930995342613
 30
0.0
 10
-175.3682792858853
 20
401.5423995342612
 30
0.0
 10
-193.774579285885
 20
423.834599534261
 30
0.0
 10
-193.774579285885
 20
423.834599534261
 30
0.0
 10
-214.1837792858851
 20
441.5670995342611
 30
0.0
 10
-241.6647792858857
 20
436.5116995342609
 30
0.0
 10
-249.0939792858853
 20
405.724199534261
 30
0.0
 10
-249.0939792858853
 20
405.724199534261
 30
0.0
 10
-254.9954792858853
 20
366.937299534261
 30
0.0
 10
-216.5984792858854
 20
334.7221995342611
 30
0.0
 10
-173.212979285885
 20
343.0067995342611
 30
0.0
  0
SPLINE
  5
362
330
1F
100
AcDbEntity
  8
Plan 1
 62
    17
100
AcDbSpline
210
0.0
220
0.0
230
1.0
 70
    11
 71
     3
 72
    24
 73
    20
 74
     0
 42
0.0000000001
 43
0.0000000001
 40
0.0
 40
0.0
 40
0.0
 40
0.0
 40
0.1666666666666667
 40
0.1666666666666667
 40
0.1666666666666667
 40
0.1666666666666667
 40
0.3333333333333333
 40
0.3333333333333333
 40
0.3333333333333333
 40
0.3333333333333333
 40
0.5
 40
0.5
 40
0.5
 40
0.5
 40
0.6666666666666666
 40
0.6666666666666666
 40
0.6666666666666666
 40
0.6666666666666666
 40
1.0
 40
1.0
 40
1.0
 40
1.0
 10
-144.5856792858849
 20
266.5465995342611
 30
0.0
 10
-148.2468792858854
 20
270.7918995342611
 30
0.0
 10
-150.757479285885
 20
276.1889995342613
 30
0.0
 10
-152.1260792858857
 20
282.7446995342612
 30
0.0
 10
-152.1260792858857
 20
282.7446995342612
 30
0.0
 10
-168.8870792858852
 20
281.7172995342612
 30
0.0
 10
-175.4161792858849
 20
272.9076995342611
 30
0.0
 10
-173.2303792858856
 20
257.4630995342609
 30
0.0
 10
-173.2303792858856
 20
257.4630995342609
 30
0.0
 10
-171.4759792858849
 20
250.1763995342608
 30
0.0
 10
-153.8455792858849
 20
236.9223995342609
 30
0.0
 10
-148.4059792858852
 20
252.647499534261
 30
0.0
 10
-148.4059792858852
 20
252.647499534261
 30
0.0
 10
-146.1046792858851
 20
263.9101995342612
 30
0.0
 10
-162.9528792858855
 20
266.8542995342609
 30
0.0
 10
-167.8474792858851
 20
258.123899534261
 30
0.0
 10
-167.8474792858851
 20
258.123899534261
 30
0.0
 10
-170.5432792858855
 20
274.4260995342611
 30
0.0
 10
-154.0982792858849
 20
275.589299534261
 30
0.0
 10
-144.5856792858849
 20
266.5465995342611
 30
0.0
  0
SPLINE
  5
363
330
1F
100
AcDbEntity
  8
Plan 1
 62
    17
100
AcDbSpline
210
0.0
220
0.0
230
1.0
 70
    11
 71
     3
 72
    28
 73
    24
 74
     0
 42
0.0000000001
 43
0.0000000001
 40
0.0
 40
0.0
 40
0.0
 40
0.0
 40
0.1428571428571428
 40
0.1428571428571428
 40
0.1428571428571428
 40
0.1428571428571428
 40
0.2857142857142857
 40
0.2857142857142857
 40
0.2857142857142857
 40
0.2857142857142857
 40
0.4285714285714285
 40
0.4285714285714285
 40
0.4285714285714285
 40
0.4285714285714285
 40
0.5714285714285714
 40
0.5714285714285714
 40
0.5714285714285714
 40
0.5714285714285714
 40
0.7142857142857144
 40
0.7142857142857144
 40
0.7142857142857144
 40
0.7142857142857144
 40
1.0
 40
1.0
 40
1.0
 40
1.0
 10
-155.362279285885
 20
211.5773995342611
 30
0.0
 10
-154.9264792858857
 20
223.867399534261
 30
0.0
 10
-158.8164792858852
 20
222.4191995342612
 30
0.0
 10
-169.5625792858854
 20
232.0954995342609
 30
0.0
 10
-169.5625792858854
 20
232.0954995342609
 30
0.0
 10
-137.7818792858852
 20
225.933499534261
 30
0.0
 10
-127.8028792858849
 20
255.3404995342612
 30
0.0
 10
-133.8220792858856
 20
271.515999534261
 30
0.0
 10
-133.8220792858856
 20
271.515999534261
 30
0.0
 10
-123.0759792858853
 20
248.5447995342611
 30
0.0
 10
-125.1027792858849
 20
224.2611995342609
 30
0.0
 10
-152.3351792858857
 20
204.9650995342613
 30
0.0
 10
-152.3351792858857
 20
204.9650995342613
 30
0.0
 10
-176.9874792858854
 20
192.0187995342612
 30
0.0
 10
-202.6356792858851
 20
199.8236995342608
 30
0.0
 10
-222.3320792858849
 20
215.121199534261
 30
0.0
 10
-222.3320792858849
 20
215.121199534261
 30
0.0
 10
-201.7617792858855
 20
205.6257995342612
 30
0.0
 10
-184.8591792858851
 20
215.1958995342611
 30
0.0
 10
-178.1860792858851
 20
232.5231995342611
 30
0.0
 10
-178.1860792858851
 20
232.5231995342611
 30
0.0
 10
-176.8196792858853
 20
215.9765995342609
 30
0.0
 10
-163.5063792858855
 20
216.7301995342609
 30
0.0
 10
-155.362279285885
 20
211.5773995342611
 30
0.0
  0
SPLINE
  5
364
330
1F
100
AcDbEntity
  8
Plan 1
 62
    17
100
AcDbSpline
210
0.0
220
0.0
230
1.0
 70
    11
 71
     3
 72
    60
 73
    56
 74
     0
 42
0.0000000001
 43
0.0000000001
 40
0.0
 40
0.0
 40
0.0
 40
0.0
 40
0.0666666666666667
 40
0.0666666666666667
 40
0.0666666666666667
 40
0.0666666666666667
 40
0.1333333333333333
 40
0.1333333333333333
 40
0.1333333333333333
 40
0.1333333333333333
 40
0.2
 40
0.2
 40
0.2
 40
0.2
 40
0.2666666666666667
 40
0.2666666666666667
 40
0.2666666666666667
 40
0.2666666666666667
 40
0.3333333333333333
 40
0.3333333333333333
 40
0.3333333333333333
 40
0.3333333333333333
 40
0.4
 40
0.4
 40
0.4
 40
0.4
 40
0.4666666666666667
 40
0.4666666666666667
 40
0.4666666666666667
 40
0.4666666666666667
 40
0.5333333333333333
 40
0.5333333333333333
 40
0.5333333333333333
 40
0.5333333333333333
 40
0.6
 40
0.6
 40
0.6
 40
0.6
 40
0.6666666666666666
 40
0.6666666666666666
 40
0.6666666666666666
 40
0.6666666666666666
 40
0.7333333333333333
 40
0.7333333333333333
 40
0.7333333333333333
 40
0.7333333333333333
 40
0.8
 40
0.8
 40
0.8
 40
0.8
 40
0.8666666666666667
 40
0.8666666666666667
 40
0.8666666666666667
 40
0.8666666666666667
 40
1.0
 40
1.0
 40
1.0
 40
1.0
 10
-162.4646792858857
 20
290.9659995342613
 30
0.0
 10
-191.3315792858857
 20
292.049899534261
 30
0.0
 10
-196.3047792858851
 20
330.9339995342611
 30
0.0
 10
-161.1722792858854
 20
331.5789995342611
 30
0.0
 10
-161.1722792858854
 20
331.5789995342611
 30
0.0
 10
-162.9614792858856
 20
333.011499534261
 30
0.0
 10
-164.7572792858855
 20
334.4551995342613
 30
0.0
 10
-166.5572792858857
 20
335.887599534261
 30
0.0
 10
-166.5572792858857
 20
335.887599534261
 30
0.0
 10
-180.3392792858849
 20
331.504299534261
 30
0.0
 10
-199.0746792858854
 20
333.5929995342612
 30
0.0
 10
-209.1953792858858
 20
325.3083995342613
 30
0.0
 10
-209.1953792858858
 20
325.3083995342613
 30
0.0
 10
-190.1962792858858
 20
324.5842995342609
 30
0.0
 10
-188.1498792858856
 20
305.213399534261
 30
0.0
 10
-207.8964792858851
 20
300.4657995342609
 30
0.0
 10
-207.8964792858851
 20
300.4657995342609
 30
0.0
 10
-221.5367792858851
 20
296.688899534261
 30
0.0
 10
-224.2695792858849
 20
289.4768995342611
 30
0.0
 10
-219.5273792858852
 20
279.9431995342611
 30
0.0
 10
-219.5273792858852
 20
279.9431995342611
 30
0.0
 10
-218.9542792858856
 20
295.6389995342611
 30
0.0
 10
-199.0005792858856
 20
283.8964995342612
 30
0.0
 10
-206.176979285885
 20
271.9436995342612
 30
0.0
 10
-206.176979285885
 20
271.9436995342612
 30
0.0
 10
-218.8212792858858
 20
258.8773995342608
 30
0.0
 10
-244.3627792858852
 20
277.0895995342612
 30
0.0
 10
-239.7687792858851
 20
298.3091995342611
 30
0.0
 10
-239.7687792858851
 20
298.3091995342611
 30
0.0
 10
-254.7753792858857
 20
272.674699534261
 30
0.0
 10
-252.9839792858857
 20
246.365599534261
 30
0.0
 10
-226.6384792858853
 20
219.017999534261
 30
0.0
 10
-226.6384792858853
 20
219.017999534261
 30
0.0
 10
-236.9291792858858
 20
237.1848995342611
 30
0.0
 10
-231.6312792858853
 20
255.7907995342612
 30
0.0
 10
-218.6730792858853
 20
258.3297995342609
 30
0.0
 10
-218.6730792858853
 20
258.3297995342609
 30
0.0
 10
-202.0712792858858
 20
260.8008995342611
 30
0.0
 10
-196.435579285885
 20
239.3753995342613
 30
0.0
 10
-208.3323792858855
 20
236.9449995342611
 30
0.0
 10
-208.3323792858855
 20
236.9449995342611
 30
0.0
 10
-213.3120792858854
 20
237.2301995342609
 30
0.0
 10
-218.3571792858856
 20
243.2834995342609
 30
0.0
 10
-207.6872792858858
 20
247.528799534261
 30
0.0
 10
-207.6872792858858
 20
247.528799534261
 30
0.0
 10
-218.2045792858853
 20
255.5281995342611
 30
0.0
 10
-228.5474792858849
 20
244.5166995342611
 30
0.0
 10
-221.0355792858854
 20
231.3306995342609
 30
0.0
 10
-221.0355792858854
 20
231.3306995342609
 30
0.0
 10
-207.3690792858851
 20
216.7188995342613
 30
0.0
 10
-188.4026792858849
 20
229.4478995342611
 30
0.0
 10
-192.3994792858857
 20
246.4515995342613
 30
0.0
 10
-192.3994792858857
 20
246.4515995342613
 30
0.0
 10
-195.1213792858852
 20
268.200799534261
 30
0.0
 10
-182.1262792858852
 20
282.602099534261
 30
0.0
 10
-162.4646792858857
 20
290.9659995342613
 30
0.0
  0
SPLINE
  5
365
330
1F
100
AcDbEntity
  8
Plan 1
 62
    17
100
AcDbSpline
210
0.0
220
0.0
230
1.0
 70
    11
 71
     3
 72
    32
 73
    28
 74
     0
 42
0.0000000001
 43
0.0000000001
 40
0.0
 40
0.0
 40
0.0
 40
0.0
 40
0.125
 40
0.125
 40
0.125
 40
0.125
 40
0.25
 40
0.25
 40
0.25
 40
0.25
 40
0.375
 40
0.375
 40
0.375
 40
0.375
 40
0.5
 40
0.5
 40
0.5
 40
0.5
 40
0.625
 40
0.625
 40
0.625
 40
0.625
 40
0.75
 40
0.75
 40
0.75
 40
0.75
 40
1.0
 40
1.0
 40
1.0
 40
1.0
 10
-370.6640792858852
 20
426.624799534261
 30
0.0
 10
-380.3445792858856
 20
436.0612995342612
 30
0.0
 10
-361.8857792858853
 20
444.2033995342613
 30
0.0
 10
-360.8332792858855
 20
427.8218995342609
 30
0.0
 10
-360.8332792858855
 20
427.8218995342609
 30
0.0
 10
-360.0050792858856
 20
415.9888995342612
 30
0.0
 10
-388.316379285885
 20
408.6795995342608
 30
0.0
 10
-386.7908792858853
 20
431.3656995342612
 30
0.0
 10
-386.7908792858853
 20
431.3656995342612
 30
0.0
 10
-408.1196792858854
 20
408.8560995342609
 30
0.0
 10
-399.9690792858855
 20
362.778099534261
 30
0.0
 10
-371.062779285885
 20
350.4993995342611
 30
0.0
 10
-371.062779285885
 20
350.4993995342611
 30
0.0
 10
-342.6752792858851
 20
377.1840995342609
 30
0.0
 10
-362.676979285885
 20
388.9038995342612
 30
0.0
 10
-358.4817792858857
 20
408.0980995342611
 30
0.0
 10
-358.4817792858857
 20
408.0980995342611
 30
0.0
 10
-353.6763792858856
 20
435.1537995342609
 30
0.0
 10
-334.8014792858858
 20
446.7309995342612
 30
0.0
 10
-301.8635792858849
 20
442.8002995342612
 30
0.0
 10
-301.8635792858849
 20
442.8002995342612
 30
0.0
 10
-318.6680792858851
 20
455.1582995342609
 30
0.0
 10
-339.2428792858855
 20
457.5207995342611
 30
0.0
 10
-363.5943792858852
 20
449.9036995342613
 30
0.0
 10
-363.5943792858852
 20
449.9036995342613
 30
0.0
 10
-381.6345792858856
 20
441.7842995342612
 30
0.0
 10
-382.1445792858849
 20
434.0698995342608
 30
0.0
 10
-370.6640792858852
 20
426.624799534261
 30
0.0
  0
SPLINE
  5
366
330
1F
100
AcDbEntity
  8
Plan 1
 62
    17
100
AcDbSpline
210
0.0
220
0.0
230
1.0
 70
    11
 71
     3
 72
    44
 73
    40
 74
     0
 42
0.0000000001
 43
0.0000000001
 40
0.0
 40
0.0
 40
0.0
 40
0.0
 40
0.0909090909090909
 40
0.0909090909090909
 40
0.0909090909090909
 40
0.0909090909090909
 40
0.1818181818181818
 40
0.1818181818181818
 40
0.1818181818181818
 40
0.1818181818181818
 40
0.2727272727272727
 40
0.2727272727272727
 40
0.2727272727272727
 40
0.2727272727272727
 40
0.3636363636363636
 40
0.3636363636363636
 40
0.3636363636363636
 40
0.3636363636363636
 40
0.4545454545454545
 40
0.4545454545454545
 40
0.4545454545454545
 40
0.4545454545454545
 40
0.5454545454545455
 40
0.5454545454545455
 40
0.5454545454545455
 40
0.5454545454545455
 40
0.6363636363636364
 40
0.6363636363636364
 40
0.6363636363636364
 40
0.6363636363636364
 40
0.7272727272727274
 40
0.7272727272727274
 40
0.7272727272727274
 40
0.7272727272727274
 40
0.8181818181818181
 40
0.8181818181818181
 40
0.8181818181818181
 40
0.8181818181818181
 40
1.0
 40
1.0
 40
1.0
 40
1.0
 10
-353.3690792858852
 20
343.0067995342611
 30
0.0
 10
-351.1374792858851
 20
347.480699534261
 30
0.0
 10
-340.471979285885
 20
362.3842995342611
 30
0.0
 10
-344.268279285885
 20
372.4205995342609
 30
0.0
 10
-344.268279285885
 20
372.4205995342609
 30
0.0
 10
-334.1215792858857
 20
369.4355995342612
 30
0.0
 10
-332.1732792858857
 20
350.2820995342613
 30
0.0
 10
-325.7268792858849
 20
350.5740995342612
 30
0.0
 10
-325.7268792858849
 20
350.5740995342612
 30
0.0
 10
-321.8476792858855
 20
369.1392995342612
 30
0.0
 10
-326.6269792858857
 20
368.6028995342613
 30
0.0
 10
-329.623479285885
 20
374.4459995342609
 30
0.0
 10
-329.623479285885
 20
374.4459995342609
 30
0.0
 10
-283.7993792858851
 20
366.5956995342613
 30
0.0
 10
-279.2140792858854
 20
418.9216995342612
 30
0.0
 10
-303.0359792858853
 20
421.8996995342608
 30
0.0
 10
-303.0359792858853
 20
421.8996995342608
 30
0.0
 10
-321.8323792858855
 20
423.640099534261
 30
0.0
 10
-325.4217792858853
 20
415.212699534261
 30
0.0
 10
-321.9108792858851
 20
405.3417995342611
 30
0.0
 10
-321.9108792858851
 20
405.3417995342611
 30
0.0
 10
-317.617679285885
 20
395.7853995342611
 30
0.0
 10
-299.7822792858851
 20
405.0340995342613
 30
0.0
 10
-315.0962792858854
 20
413.6151995342611
 30
0.0
 10
-315.0962792858854
 20
413.6151995342611
 30
0.0
 10
-303.2734792858855
 20
419.0755995342611
 30
0.0
 10
-294.3602792858856
 20
408.240599534261
 30
0.0
 10
-299.4989792858851
 20
397.4395995342611
 30
0.0
 10
-299.4989792858851
 20
397.4395995342611
 30
0.0
 10
-317.1948792858857
 20
369.2930995342613
 30
0.0
 10
-351.2137792858857
 20
401.5423995342612
 30
0.0
 10
-332.8074792858852
 20
423.834599534261
 30
0.0
 10
-332.8074792858852
 20
423.834599534261
 30
0.0
 10
-312.4003792858857
 20
441.5670995342611
 30
0.0
 10
-284.9172792858853
 20
436.5116995342609
 30
0.0
 10
-277.4880792858858
 20
405.724199534261
 30
0.0
 10
-277.4880792858858
 20
405.724199534261
 30
0.0
 10
-271.5865792858849
 20
366.937299534261
 30
0.0
 10
-309.9835792858858
 20
334.7221995342611
 30
0.0
 10
-353.3690792858852
 20
343.0067995342611
 30
0.0
  0
SPLINE
  5
367
330
1F
100
AcDbEntity
  8
Plan 1
 62
    17
100
AcDbSpline
210
0.0
220
0.0
230
1.0
 70
    11
 71
     3
 72
    24
 73
    20
 74
     0
 42
0.0000000001
 43
0.0000000001
 40
0.0
 40
0.0
 40
0.0
 40
0.0
 40
0.1666666666666667
 40
0.1666666666666667
 40
0.1666666666666667
 40
0.1666666666666667
 40
0.3333333333333333
 40
0.3333333333333333
 40
0.3333333333333333
 40
0.3333333333333333
 40
0.5
 40
0.5
 40
0.5
 40
0.5
 40
0.6666666666666666
 40
0.6666666666666666
 40
0.6666666666666666
 40
0.6666666666666666
 40
1.0
 40
1.0
 40
1.0
 40
1.0
 10
-381.9963792858853
 20
266.5465995342611
 30
0.0
 10
-378.3351792858857
 20
270.7918995342611
 30
0.0
 10
-375.8245792858852
 20
276.1889995342613
 30
0.0
 10
-374.4559792858854
 20
282.7446995342612
 30
0.0
 10
-374.4559792858854
 20
282.7446995342612
 30
0.0
 10
-357.694979285885
 20
281.7172995342612
 30
0.0
 10
-351.1658792858852
 20
272.9076995342611
 30
0.0
 10
-353.3516792858855
 20
257.4630995342609
 30
0.0
 10
-353.3516792858855
 20
257.4630995342609
 30
0.0
 10
-355.1060792858852
 20
250.1763995342608
 30
0.0
 10
-372.7364792858852
 20
236.9223995342609
 30
0.0
 10
-378.1760792858849
 20
252.647499534261
 30
0.0
 10
-378.1760792858849
 20
252.647499534261
 30
0.0
 10
-380.4773792858851
 20
263.9101995342612
 30
0.0
 10
-363.6291792858856
 20
266.8542995342609
 30
0.0
 10
-358.7345792858851
 20
258.123899534261
 30
0.0
 10
-358.7345792858851
 20
258.123899534261
 30
0.0
 10
-356.0387792858855
 20
274.4260995342611
 30
0.0
 10
-372.4837792858853
 20
275.589299534261
 30
0.0
 10
-381.9963792858853
 20
266.5465995342611
 30
0.0
  0
SPLINE
  5
368
330
1F
100
AcDbEntity
  8
Plan 1
 62
    17
100
AcDbSpline
210
0.0
220
0.0
230
1.0
 70
    11
 71
     3
 72
    28
 73
    24
 74
     0
 42
0.0000000001
 43
0.0000000001
 40
0.0
 40
0.0
 40
0.0
 40
0.0
 40
0.1428571428571428
 40
0.1428571428571428
 40
0.1428571428571428
 40
0.1428571428571428
 40
0.2857142857142857
 40
0.2857142857142857
 40
0.2857142857142857
 40
0.2857142857142857
 40
0.4285714285714285
 40
0.4285714285714285
 40
0.4285714285714285
 40
0.4285714285714285
 40
0.5714285714285714
 40
0.5714285714285714
 40
0.5714285714285714
 40
0.5714285714285714
 40
0.7142857142857144
 40
0.7142857142857144
 40
0.7142857142857144
 40
0.7142857142857144
 40
1.0
 40
1.0
 40
1.0
 40
1.0
 10
-371.2197792858851
 20
211.5773995342611
 30
0.0
 10
-371.6555792858853
 20
223.867399534261
 30
0.0
 10
-367.7654792858857
 20
222.4191995342612
 30
0.0
 10
-357.0194792858856
 20
232.0954995342609
 30
0.0
 10
-357.0194792858856
 20
232.0954995342609
 30
0.0
 10
-388.800179285885
 20
225.933499534261
 30
0.0
 10
-398.7791792858852
 20
255.3404995342612
 30
0.0
 10
-392.7599792858855
 20
271.515999534261
 30
0.0
 10
-392.7599792858855
 20
271.515999534261
 30
0.0
 10
-403.5060792858858
 20
248.5447995342611
 30
0.0
 10
-401.4792792858852
 20
224.2611995342609
 30
0.0
 10
-374.2468792858854
 20
204.9650995342613
 30
0.0
 10
-374.2468792858854
 20
204.9650995342613
 30
0.0
 10
-349.5945792858856
 20
192.0187995342612
 30
0.0
 10
-323.9463792858851
 20
199.8236995342608
 30
0.0
 10
-304.2498792858851
 20
215.121199534261
 30
0.0
 10
-304.2498792858851
 20
215.121199534261
 30
0.0
 10
-324.8202792858856
 20
205.6257995342612
 30
0.0
 10
-341.722879285885
 20
215.1958995342611
 30
0.0
 10
-348.395979285885
 20
232.5231995342611
 30
0.0
 10
-348.395979285885
 20
232.5231995342611
 30
0.0
 10
-349.7623792858858
 20
215.9765995342609
 30
0.0
 10
-363.0756792858856
 20
216.7301995342609
 30
0.0
 10
-371.2197792858851
 20
211.5773995342611
 30
0.0
  0
SPLINE
  5
369
330
1F
100
AcDbEntity
  8
Plan 1
 62
    17
100
AcDbSpline
210
0.0
220
0.0
230
1.0
 70
    11
 71
     3
 72
    60
 73
    56
 74
     0
 42
0.0000000001
 43
0.0000000001
 40
0.0
 40
0.0
 40
0.0
 40
0.0
 40
0.0666666666666667
 40
0.0666666666666667
 40
0.0666666666666667
 40
0.0666666666666667
 40
0.1333333333333333
 40
0.1333333333333333
 40
0.1333333333333333
 40
0.1333333333333333
 40
0.2
 40
0.2
 40
0.2
 40
0.2
 40
0.2666666666666667
 40
0.2666666666666667
 40
0.2666666666666667
 40
0.2666666666666667
 40
0.3333333333333333
 40
0.3333333333333333
 40
0.3333333333333333
 40
0.3333333333333333
 40
0.4
 40
0.4
 40
0.4
 40
0.4
 40
0.4666666666666667
 40
0.4666666666666667
 40
0.4666666666666667
 40
0.4666666666666667
 40
0.5333333333333333
 40
0.5333333333333333
 40
0.5333333333333333
 40
0.5333333333333333
 40
0.6
 40
0.6
 40
0.6
 40
0.6
 40
0.6666666666666666
 40
0.6666666666666666
 40
0.6666666666666666
 40
0.6666666666666666
 40
0.7333333333333333
 40
0.7333333333333333
 40
0.7333333333333333
 40
0.7333333333333333
 40
0.8
 40
0.8
 40
0.8
 40
0.8
 40
0.8666666666666667
 40
0.8666666666666667
 40
0.8666666666666667
 40
0.8666666666666667
 40
1.0
 40
1.0
 40
1.0
 40
1.0
 10
-364.1173792858854
 20
290.9659995342613
 30
0.0
 10
-335.2504792858854
 20
292.049899534261
 30
0.0
 10
-330.277279285885
 20
330.9339995342611
 30
0.0
 10
-365.4097792858856
 20
331.5789995342611
 30
0.0
 10
-365.4097792858856
 20
331.5789995342611
 30
0.0
 10
-363.6205792858855
 20
333.011499534261
 30
0.0
 10
-361.8247792858856
 20
334.4551995342613
 30
0.0
 10
-360.0246792858852
 20
335.887599534261
 30
0.0
 10
-360.0246792858852
 20
335.887599534261
 30
0.0
 10
-346.2427792858853
 20
331.504299534261
 30
0.0
 10
-327.5072792858855
 20
333.5929995342612
 30
0.0
 10
-317.3866792858853
 20
325.3083995342613
 30
0.0
 10
-317.3866792858853
 20
325.3083995342613
 30
0.0
 10
-336.3857792858853
 20
324.5842995342609
 30
0.0
 10
-338.4321792858855
 20
305.213399534261
 30
0.0
 10
-318.6855792858851
 20
300.4657995342609
 30
0.0
 10
-318.6855792858851
 20
300.4657995342609
 30
0.0
 10
-305.045279285885
 20
296.688899534261
 30
0.0
 10
-302.3124792858853
 20
289.4768995342611
 30
0.0
 10
-307.0546792858849
 20
279.9431995342611
 30
0.0
 10
-307.0546792858849
 20
279.9431995342611
 30
0.0
 10
-307.6277792858855
 20
295.6389995342611
 30
0.0
 10
-327.5814792858855
 20
283.8964995342612
 30
0.0
 10
-320.4050792858852
 20
271.9436995342612
 30
0.0
 10
-320.4050792858852
 20
271.9436995342612
 30
0.0
 10
-307.7607792858853
 20
258.8773995342608
 30
0.0
 10
-282.219279285885
 20
277.0895995342612
 30
0.0
 10
-286.8132792858851
 20
298.3091995342611
 30
0.0
 10
-286.8132792858851
 20
298.3091995342611
 30
0.0
 10
-271.8066792858853
 20
272.674699534261
 30
0.0
 10
-273.5980792858854
 20
246.365599534261
 30
0.0
 10
-299.9435792858858
 20
219.017999534261
 30
0.0
 10
-299.9435792858858
 20
219.017999534261
 30
0.0
 10
-289.6528792858853
 20
237.1848995342611
 30
0.0
 10
-294.9507792858858
 20
255.7907995342612
 30
0.0
 10
-307.9089792858849
 20
258.3297995342609
 30
0.0
 10
-307.9089792858849
 20
258.3297995342609
 30
0.0
 10
-324.5107792858853
 20
260.8008995342611
 30
0.0
 10
-330.1464792858851
 20
239.3753995342613
 30
0.0
 10
-318.2496792858856
 20
236.9449995342611
 30
0.0
 10
-318.2496792858856
 20
236.9449995342611
 30
0.0
 10
-313.2699792858857
 20
237.2301995342609
 30
0.0
 10
-308.2248792858854
 20
243.2834995342609
 30
0.0
 10
-318.8946792858851
 20
247.528799534261
 30
0.0
 10
-318.8946792858851
 20
247.528799534261
 30
0.0
 10
-308.3774792858858
 20
255.5281995342611
 30
0.0
 10
-298.0345792858852
 20
244.5166995342611
 30
0.0
 10
-305.5464792858856
 20
231.3306995342609
 30
0.0
 10
-305.5464792858856
 20
231.3306995342609
 30
0.0
 10
-319.212979285885
 20
216.7188995342613
 30
0.0
 10
-338.1793792858853
 20
229.4478995342611
 30
0.0
 10
-334.1825792858854
 20
246.4515995342613
 30
0.0
 10
-334.1825792858854
 20
246.4515995342613
 30
0.0
 10
-331.4606792858849
 20
268.200799534261
 30
0.0
 10
-344.455779285885
 20
282.602099534261
 30
0.0
 10
-364.1173792858854
 20
290.9659995342613
 30
0.0
  0
ENDSEC
  0
SECTION
  2
OBJECTS
  0
DICTIONARY
  5
C
330
0
100
AcDbDictionary
281
     1
  3
ACAD_COLOR
350
6B
  3
ACAD_GROUP
350
D
  3
ACAD_LAYOUT
350
1A
  3
ACAD_MATERIAL
350
6A
  3
ACAD_MLEADERSTYLE
350
12D
  3
ACAD_MLINESTYLE
350
17
  3
ACAD_PLOTSETTINGS
350
19
  3
ACAD_PLOTSTYLENAME
350
E
  3
ACAD_SCALELIST
350
10C
  3
ACAD_TABLESTYLE
350
7E
  3
ACAD_VISUALSTYLE
350
EF
  3
ACDB_RECOMPOSE_DATA
350
15D
  3
AcDbVariableDictionary
350
5E
  3
DWGPROPS
350
371
  0
DICTIONARY
  5
13C
330
10
100
AcDbDictionary
280
     1
281
     1
  0
DICTIONARY
  5
1CE
330
1F
100
AcDbDictionary
280
     1
281
     1
  0
DICTIONARY
  5
6B
102
{ACAD_REACTORS
330
C
102
}
330
C
100
AcDbDictionary
281
     1
  0
DICTIONARY
  5
D
102
{ACAD_REACTORS
330
C
102
}
330
C
100
AcDbDictionary
281
     1
  0
DICTIONARY
  5
1A
102
{ACAD_REACTORS
330
C
102
}
330
C
100
AcDbDictionary
281
     1
  3
Model
350
22
  3
Présentation1
350
D3
  3
Présentation2
350
D7
  0
DICTIONARY
  5
6A
102
{ACAD_REACTORS
330
C
102
}
330
C
100
AcDbDictionary
281
     1
  3
ByBlock
350
ED
  3
ByLayer
350
EC
  3
Global
350
EE
  0
DICTIONARY
  5
12D
102
{ACAD_REACTORS
330
C
102
}
330
C
100
AcDbDictionary
281
     1
  3
Annotatif
350
13B
  3
Standard
350
12E
  0
DICTIONARY
  5
17
102
{ACAD_REACTORS
330
C
102
}
330
C
100
AcDbDictionary
281
     1
  3
Standard
350
18
  0
DICTIONARY
  5
19
102
{ACAD_REACTORS
330
C
102
}
330
C
100
AcDbDictionary
281
     1
  0
ACDBDICTIONARYWDFLT
  5
E
102
{ACAD_REACTORS
330
C
102
}
330
C
100
AcDbDictionary
281
     1
  3
Normal
350
F
100
AcDbDictionaryWithDefault
340
F
  0
DICTIONARY
  5
10C
102
{ACAD_REACTORS
330
C
102
}
330
C
100
AcDbDictionary
281
     1
  3
A0
350
10D
  3
A1
350
1BE
  3
A2
350
1BF
  3
A3
350
1C0
  3
A4
350
1C1
  3
A5
350
1C2
  3
A6
350
1C3
  3
A7
350
1C4
  3
A8
350
1C5
  3
A9
350
1C6
  3
B0
350
1C7
  3
B1
350
1C8
  3
B2
350
1C9
  3
B3
350
1CA
  3
B4
350
1CB
  3
B5
350
1CC
  3
B6
350
1CD
  0
DICTIONARY
  5
7E
102
{ACAD_REACTORS
330
C
102
}
330
C
100
AcDbDictionary
281
     1
  3
Standard
350
7F
  0
DICTIONARY
  5
EF
102
{ACAD_REACTORS
330
C
102
}
330
C
100
AcDbDictionary
281
     1
  3
2dWireframe
350
F5
  3
3D Hidden
350
F7
  3
3dWireframe
350
F6
  3
Basic
350
F4
  3
Brighten
350
FB
  3
ColorChange
350
FF
  3
Conceptual
350
F8
  3
Dim
350
FA
  3
Facepattern
350
FE
  3
Flat
350
F0
  3
FlatWithEdges
350
F1
  3
Gouraud
350
F2
  3
GouraudWithEdges
350
F3
  3
Linepattern
350
FD
  3
Realistic
350
F9
  3
Thicken
350
FC
  0
XRECORD
  5
15D
102
{ACAD_REACTORS
330
C
102
}
330
C
100
AcDbXrecord
280
     1
 90
        1
330
7F
  0
DICTIONARY
  5
5E
102
{ACAD_REACTORS
330
C
102
}
330
C
100
AcDbDictionary
281
     1
  3
CANNOSCALE
350
146
  3
CMLEADERSTYLE
350
145
  3
CTABLESTYLE
350
84
  3
DIMASSOC
350
5F
  3
HIDETEXT
350
63
  3
INDEXCTL
350
36D
  3
LAYEREVAL
350
1AE
  3
LAYERNOTIFY
350
1AF
  3
LIGHTINGUNITS
350
36B
  3
MSLTSCALE
350
36A
  3
PSOLHEIGHT
350
36F
  3
PSOLWIDTH
350
36E
  3
SORTENTS
350
36C
  0
XRECORD
  5
371
102
{ACAD_REACTORS
330
C
102
}
330
C
100
AcDbXrecord
280
     1
  1
DWGPROPS COOKIE
  2

  3

  4

  6

  7

  8
user
  9

300
=
301
=
302
=
303
=
304
=
305
=
306
=
307
=
308
=
309
=
 40
0.000306087962963
 41
2457351.540119306
 42
2457351.540424444
  1

 90
        0
  0
LAYOUT
  5
22
102
{ACAD_XDICTIONARY
360
372
102
}
102
{ACAD_REACTORS
330
1A
102
}
330
1A
100
AcDbPlotSettings
  1

  2
none_device
  4
ISO_A4_(210.00_x_297.00_MM)
  6

 40
7.5
 41
20.0
 42
7.5
 43
20.0
 44
210.0
 45
297.0
 46
11.54999923706054
 47
-13.65000009536743
 48
0.0
 49
0.0
140
0.0
141
0.0
142
1.0
143
8.704084754739808
 70
 11952
 72
     1
 73
     0
 74
     0
  7

 75
     0
147
0.1148885871608098
148
0.0
149
0.0
100
AcDbLayout
  1
Model
 70
     1
 71
     0
 10
0.0
 20
0.0
 11
12.0
 21
9.0
 12
0.0
 22
0.0
 32
0.0
 14
0.0
 24
0.0
 34
0.0
 15
0.0
 25
0.0
 35
0.0
146
0.0
 13
0.0
 23
0.0
 33
0.0
 16
1.0
 26
0.0
 36
0.0
 17
0.0
 27
1.0
 37
0.0
 76
     0
330
1F
331
EA
1001
ACAD_PSEXT
1000
None
1000
None
1000
Not applicable
1000
The layout will not be plotted unless a new plotter configuration name is selected.
1070
     0
  0
LAYOUT
  5
D3
102
{ACAD_XDICTIONARY
360
375
102
}
102
{ACAD_REACTORS
330
1A
102
}
330
1A
100
AcDbPlotSettings
  1

  2
C:\Documents and Settings\basas\Application Data\Autodesk\AutoCAD 2005\R16.1\enu\plotters\Default Windows System Printer.pc3
  4

  6

 40
0.0
 41
0.0
 42
0.0
 43
0.0
 44
0.0
 45
0.0
 46
0.0
 47
0.0
 48
0.0
 49
0.0
140
0.0
141
0.0
142
1.0
143
1.0
 70
   688
 72
     0
 73
     0
 74
     5
  7

 75
    16
147
1.0
148
0.0
149
0.0
100
AcDbLayout
  1
Présentation1
 70
     1
 71
     1
 10
0.0
 20
0.0
 11
12.0
 21
9.0
 12
0.0
 22
0.0
 32
0.0
 14
0.0
 24
0.0
 34
0.0
 15
0.0
 25
0.0
 35
0.0
146
0.0
 13
0.0
 23
0.0
 33
0.0
 16
1.0
 26
0.0
 36
0.0
 17
0.0
 27
1.0
 37
0.0
 76
     0
330
D2
  0
LAYOUT
  5
D7
102
{ACAD_XDICTIONARY
360
377
102
}
102
{ACAD_REACTORS
330
1A
102
}
330
1A
100
AcDbPlotSettings
  1

  2
C:\Documents and Settings\basas\Application Data\Autodesk\AutoCAD 2005\R16.1\enu\plotters\Default Windows System Printer.pc3
  4

  6

 40
0.0
 41
0.0
 42
0.0
 43
0.0
 44
0.0
 45
0.0
 46
0.0
 47
0.0
 48
0.0
 49
0.0
140
0.0
141
0.0
142
1.0
143
1.0
 70
   688
 72
     0
 73
     0
 74
     5
  7

 75
    16
147
1.0
148
0.0
149
0.0
100
AcDbLayout
  1
Présentation2
 70
     1
 71
     2
 10
0.0
 20
0.0
 11
12.0
 21
9.0
 12
0.0
 22
0.0
 32
0.0
 14
0.0
 24
0.0
 34
0.0
 15
0.0
 25
0.0
 35
0.0
146
0.0
 13
0.0
 23
0.0
 33
0.0
 16
1.0
 26
0.0
 36
0.0
 17
0.0
 27
1.0
 37
0.0
 76
     0
330
D6
  0
MATERIAL
  5
ED
102
{ACAD_XDICTIONARY
360
37B
102
}
102
{ACAD_REACTORS
330
6A
102
}
330
6A
100
AcDbMaterial
  1
ByBlock
  0
MATERIAL
  5
EC
102
{ACAD_XDICTIONARY
360
379
102
}
102
{ACAD_REACTORS
330
6A
102
}
330
6A
100
AcDbMaterial
  1
ByLayer
  0
MATERIAL
  5
EE
102
{ACAD_XDICTIONARY
360
173
102
}
102
{ACAD_REACTORS
330
6A
102
}
330
6A
100
AcDbMaterial
  1
Global
 43
0.0007999999797903
 43
0.0
 43
0.0
 43
0.0
 43
0.0
 43
0.0007999999797903
 43
0.0
 43
0.0
 43
0.0
 43
0.0
 43
1.0
 43
0.0
 43
0.0
 43
0.0
 43
0.0
 43
1.0
 49
0.0007999999797903
 49
0.0
 49
0.0
 49
0.0
 49
0.0
 49
0.0007999999797903
 49
0.0
 49
0.0
 49
0.0
 49
0.0
 49
1.0
 49
0.0
 49
0.0
 49
0.0
 49
0.0
 49
1.0
142
0.0007999999797903
142
0.0
142
0.0
142
0.0
142
0.0
142
0.0007999999797903
142
0.0
142
0.0
142
0.0
142
0.0
142
1.0
142
0.0
142
0.0
142
0.0
142
0.0
142
1.0
144
0.0007999999797903
144
0.0
144
0.0
144
0.0
144
0.0
144
0.0007999999797903
144
0.0
144
0.0
144
0.0
144
0.0
144
1.0
144
0.0
144
0.0
144
0.0
144
0.0
144
1.0
1001
ACAD
1070
    -1
1070
     3
1070
     0
1000

1071
        0
1070
     0
  0
MLEADERSTYLE
  5
13B
102
{ACAD_REACTORS
330
12D
102
}
330
12D
100
AcDbMLeaderStyle
170
     2
171
     1
172
     0
 90
        2
 40
0.0
 41
0.0
173
     1
 91
-1056964608
340
14
 92
       -2
290
     1
 42
2.0
291
     1
 43
8.0
  3
Standard
 44
4.0
300

342
11
174
     1
178
     1
175
     1
176
     0
 93
-1056964608
 45
4.0
292
     0
297
     0
 46
4.0
 94
-1056964608
 47
1.0
 49
1.0
140
1.0
293
     1
141
0.0
294
     1
177
     0
142
1.0
295
     0
296
     1
143
3.75
1001
ACAD_MLEADERVER
1070
     2
  0
MLEADERSTYLE
  5
12E
102
{ACAD_REACTORS
330
12D
102
}
330
12D
100
AcDbMLeaderStyle
170
     2
171
     1
172
     0
 90
        2
 40
0.0
 41
0.0
173
     1
 91
-1056964608
340
14
 92
       -2
290
     1
 42
2.0
291
     1
 43
8.0
  3
Standard
 44
4.0
300

342
11
174
     1
178
     1
175
     1
176
     0
 93
-1056964608
 45
4.0
292
     0
297
     0
 46
4.0
 94
-1056964608
 47
1.0
 49
1.0
140
1.0
293
     1
141
0.0
294
     1
177
     0
142
1.0
295
     0
296
     0
143
3.75
1001
ACAD_MLEADERVER
1070
     2
  0
MLINESTYLE
  5
18
102
{ACAD_REACTORS
330
17
102
}
330
17
100
AcDbMlineStyle
  2
STANDARD
 70
     0
  3

 62
   256
 51
90.0
 52
90.0
 71
     2
 49
0.5
 62
   256
  6
BYLAYER
 49
-0.5
 62
   256
  6
BYLAYER
  0
ACDBPLACEHOLDER
  5
F
102
{ACAD_REACTORS
330
E
102
}
330
E
  0
SCALE
  5
10D
102
{ACAD_REACTORS
330
10C
102
}
330
10C
100
AcDbScale
 70
     0
300
1:1
140
1.0
141
1.0
290
     1
  0
SCALE
  5
1BE
102
{ACAD_REACTORS
330
10C
102
}
330
10C
100
AcDbScale
 70
     0
300
1:2
140
1.0
141
2.0
290
     0
  0
SCALE
  5
1BF
102
{ACAD_REACTORS
330
10C
102
}
330
10C
100
AcDbScale
 70
     0
300
1:4
140
1.0
141
4.0
290
     0
  0
SCALE
  5
1C0
102
{ACAD_REACTORS
330
10C
102
}
330
10C
100
AcDbScale
 70
     0
300
1:5
140
1.0
141
5.0
290
     0
  0
SCALE
  5
1C1
102
{ACAD_REACTORS
330
10C
102
}
330
10C
100
AcDbScale
 70
     0
300
1:8
140
1.0
141
8.0
290
     0
  0
SCALE
  5
1C2
102
{ACAD_REACTORS
330
10C
102
}
330
10C
100
AcDbScale
 70
     0
300
1:10
140
1.0
141
10.0
290
     0
  0
SCALE
  5
1C3
102
{ACAD_REACTORS
330
10C
102
}
330
10C
100
AcDbScale
 70
     0
300
1:16
140
1.0
141
16.0
290
     0
  0
SCALE
  5
1C4
102
{ACAD_REACTORS
330
10C
102
}
330
10C
100
AcDbScale
 70
     0
300
1:20
140
1.0
141
20.0
290
     0
  0
SCALE
  5
1C5
102
{ACAD_REACTORS
330
10C
102
}
330
10C
100
AcDbScale
 70
     0
300
1:30
140
1.0
141
30.0
290
     0
  0
SCALE
  5
1C6
102
{ACAD_REACTORS
330
10C
102
}
330
10C
100
AcDbScale
 70
     0
300
1:40
140
1.0
141
40.0
290
     0
  0
SCALE
  5
1C7
102
{ACAD_REACTORS
330
10C
102
}
330
10C
100
AcDbScale
 70
     0
300
1:50
140
1.0
141
50.0
290
     0
  0
SCALE
  5
1C8
102
{ACAD_REACTORS
330
10C
102
}
330
10C
100
AcDbScale
 70
     0
300
1:100
140
1.0
141
100.0
290
     0
  0
SCALE
  5
1C9
102
{ACAD_REACTORS
330
10C
102
}
330
10C
100
AcDbScale
 70
     0
300
2:1
140
2.0
141
1.0
290
     0
  0
SCALE
  5
1CA
102
{ACAD_REACTORS
330
10C
102
}
330
10C
100
AcDbScale
 70
     0
300
4:1
140
4.0
141
1.0
290
     0
  0
SCALE
  5
1CB
102
{ACAD_REACTORS
330
10C
102
}
330
10C
100
AcDbScale
 70
     0
300
8:1
140
8.0
141
1.0
290
     0
  0
SCALE
  5
1CC
102
{ACAD_REACTORS
330
10C
102
}
330
10C
100
AcDbScale
 70
     0
300
10:1
140
10.0
141
1.0
290
     0
  0
SCALE
  5
1CD
102
{ACAD_REACTORS
330
10C
102
}
330
10C
100
AcDbScale
 70
     0
300
100:1
140
100.0
141
1.0
290
     0
  0
TABLESTYLE
  5
7F
102
{ACAD_XDICTIONARY
360
162
102
}
102
{ACAD_REACTORS
330
7E
102
}
330
7E
100
AcDbTableStyle
  3
Standard
 70
     0
 71
     0
 40
1.5
 41
1.5
280
     0
281
     0
  7
Standard
140
4.5
170
     2
 62
     0
 63
     7
283
     0
274
    -2
284
     1
 64
     0
275
    -2
285
     1
 65
     0
276
    -2
286
     1
 66
     0
277
    -2
287
     1
 67
     0
278
    -2
288
     1
 68
     0
279
    -2
289
     1
 69
     0
  7
Standard
140
6.0
170
     5
 62
     0
 63
     7
283
     0
274
    -2
284
     1
 64
     0
275
    -2
285
     1
 65
     0
276
    -2
286
     1
 66
     0
277
    -2
287
     1
 67
     0
278
    -2
288
     1
 68
     0
279
    -2
289
     1
 69
     0
  7
Standard
140
4.5
170
     5
 62
     0
 63
     7
283
     0
274
    -2
284
     1
 64
     0
275
    -2
285
     1
 65
     0
276
    -2
286
     1
 66
     0
277
    -2
287
     1
 67
     0
278
    -2
288
     1
 68
     0
279
    -2
289
     1
 69
     0
  0
VISUALSTYLE
  5
F5
102
{ACAD_REACTORS
330
EF
102
}
330
EF
100
AcDbVisualStyle
  2
2dWireframe
 70
     4
 71
     0
 72
     2
 73
     1
 90
        0
 40
-0.6
 41
-30.0
 62
     5
 63
     7
 74
     1
 91
        4
 64
     7
 65
   257
 75
     1
175
     1
 42
1.0
 92
        0
 66
   257
 43
1.0
 76
     1
 77
     6
 78
     2
 67
     7
 79
     5
170
     0
171
     0
290
     0
174
     0
 93
        1
 44
0.0
173
     0
291
     0
 45
0.0
1001
ACAD
1000
AcDbSavedByObjectVersion
1070
     0
  0
VISUALSTYLE
  5
F7
102
{ACAD_REACTORS
330
EF
102
}
330
EF
100
AcDbVisualStyle
  2
3D Hidden
 70
     6
 71
     1
 72
     2
 73
     2
 90
        0
 40
-0.6
 41
-30.0
 62
     5
 63
     7
 74
     2
 91
        2
 64
     7
 65
   257
 75
     2
175
     1
 42
40.0
 92
        0
 66
   257
 43
1.0
 76
     1
 77
     6
 78
     2
 67
     7
 79
     3
170
     0
171
     0
290
     0
174
     0
 93
        1
 44
0.0
173
     0
291
     0
 45
0.0
1001
ACAD
1000
AcDbSavedByObjectVersion
1070
     0
  0
VISUALSTYLE
  5
F6
102
{ACAD_REACTORS
330
EF
102
}
330
EF
100
AcDbVisualStyle
  2
3dWireframe
 70
     5
 71
     0
 72
     2
 73
     1
 90
        0
 40
-0.6
 41
-30.0
 62
     5
 63
     7
 74
     1
 91
        4
 64
     7
 65
   257
 75
     1
175
     1
 42
1.0
 92
        0
 66
   257
 43
1.0
 76
     1
 77
     6
 78
     2
 67
     7
 79
     5
170
     0
171
     0
290
     0
174
     0
 93
        1
 44
0.0
173
     0
291
     0
 45
0.0
1001
ACAD
1000
AcDbSavedByObjectVersion
1070
     0
  0
VISUALSTYLE
  5
F4
102
{ACAD_REACTORS
330
EF
102
}
330
EF
100
AcDbVisualStyle
  2
Basic
 70
     7
 71
     1
 72
     0
 73
     1
 90
        0
 40
-0.6
 41
-30.0
 62
     5
 63
     7
 74
     0
 91
        4
 64
     7
 65
   257
 75
     1
175
     1
 42
1.0
 92
        8
 66
     7
 43
1.0
 76
     1
 77
     6
 78
     2
 67
     7
 79
     5
170
     0
171
     0
290
     0
174
     0
 93
        1
 44
0.0
173
     0
291
     1
 45
0.0
1001
ACAD
1000
AcDbSavedByObjectVersion
1070
     0
  0
VISUALSTYLE
  5
FB
102
{ACAD_REACTORS
330
EF
102
}
330
EF
100
AcDbVisualStyle
  2
Brighten
 70
    12
 71
     2
 72
     2
 73
     1
 90
        0
 40
-0.6
 41
-30.0
 62
     5
 63
     7
 74
     1
 91
        4
 64
     7
 65
   257
 75
     1
175
     1
 42
1.0
 92
        8
 66
     7
 43
1.0
 76
     1
 77
     6
 78
     2
 67
     7
 79
     5
170
     0
171
     0
290
     0
174
     0
 93
        1
 44
50.0
173
     0
291
     1
 45
0.0
1001
ACAD
1000
AcDbSavedByObjectVersion
1070
     0
  0
VISUALSTYLE
  5
FF
102
{ACAD_REACTORS
330
EF
102
}
330
EF
100
AcDbVisualStyle
  2
ColorChange
 70
    16
 71
     2
 72
     2
 73
     3
 90
        0
 40
-0.6
 41
-30.0
 62
     5
 63
     8
 74
     1
 91
        4
 64
     7
 65
   257
 75
     1
175
     1
 42
1.0
 92
        8
 66
     8
 43
1.0
 76
     1
 77
     6
 78
     2
 67
     7
 79
     5
170
     0
171
     0
290
     0
174
     0
 93
        1
 44
0.0
173
     0
291
     1
 45
0.0
1001
ACAD
1000
AcDbSavedByObjectVersion
1070
     0
  0
VISUALSTYLE
  5
F8
102
{ACAD_REACTORS
330
EF
102
}
330
EF
100
AcDbVisualStyle
  2
Conceptual
 70
     9
 71
     3
 72
     2
 73
     1
 90
        0
 40
-0.6
 41
-30.0
 62
     5
 63
     7
 74
     2
 91
        2
 64
     7
 65
   257
 75
     1
175
     1
 42
40.0
 92
        8
 66
     7
 43
1.0
 76
     1
 77
     6
 78
     2
 67
     7
 79
     3
170
     0
171
     0
290
     0
174
     0
 93
        1
 44
0.0
173
     0
291
     0
 45
0.0
1001
ACAD
1000
AcDbSavedByObjectVersion
1070
     0
  0
VISUALSTYLE
  5
FA
102
{ACAD_REACTORS
330
EF
102
}
330
EF
100
AcDbVisualStyle
  2
Dim
 70
    11
 71
     2
 72
     2
 73
     1
 90
        0
 40
-0.6
 41
-30.0
 62
     5
 63
     7
 74
     1
 91
        4
 64
     7
 65
   257
 75
     1
175
     1
 42
1.0
 92
        8
 66
     7
 43
1.0
 76
     1
 77
     6
 78
     2
 67
     7
 79
     5
170
     0
171
     0
290
     0
174
     0
 93
        1
 44
-50.0
173
     0
291
     1
 45
0.0
1001
ACAD
1000
AcDbSavedByObjectVersion
1070
     0
  0
VISUALSTYLE
  5
FE
102
{ACAD_REACTORS
330
EF
102
}
330
EF
100
AcDbVisualStyle
  2
Facepattern
 70
    15
 71
     2
 72
     2
 73
     1
 90
        0
 40
-0.6
 41
-30.0
 62
     5
 63
     7
 74
     1
 91
        4
 64
     7
 65
   257
 75
     1
175
     1
 42
1.0
 92
        8
 66
     7
 43
1.0
 76
     1
 77
     6
 78
     2
 67
     7
 79
     5
170
     0
171
     0
290
     0
174
     0
 93
        1
 44
0.0
173
     0
291
     1
 45
0.0
1001
ACAD
1000
AcDbSavedByObjectVersion
1070
     0
  0
VISUALSTYLE
  5
F0
102
{ACAD_REACTORS
330
EF
102
}
330
EF
100
AcDbVisualStyle
  2
Flat
 70
     0
 71
     2
 72
     1
 73
     1
 90
        2
 40
-0.6
 41
30.0
 62
     5
 63
     7
 74
     0
 91
        4
 64
     7
 65
   257
 75
     1
175
     1
 42
1.0
 92
        8
 66
     7
 43
1.0
 76
     1
 77
     6
 78
     2
 67
     7
 79
     5
170
     0
171
     0
290
     0
174
     0
 93
        1
 44
0.0
173
     0
291
     1
 45
0.0
1001
ACAD
1000
AcDbSavedByObjectVersion
1070
     0
  0
VISUALSTYLE
  5
F1
102
{ACAD_REACTORS
330
EF
102
}
330
EF
100
AcDbVisualStyle
  2
FlatWithEdges
 70
     1
 71
     2
 72
     1
 73
     1
 90
        2
 40
-0.6
 41
30.0
 62
     5
 63
     7
 74
     1
 91
        4
 64
     7
 65
   257
 75
     1
175
     1
 42
1.0
 92
        0
 66
   257
 43
1.0
 76
     1
 77
     6
 78
     2
 67
     7
 79
     5
170
     0
171
     0
290
     0
174
     0
 93
        1
 44
0.0
173
     0
291
     1
 45
0.0
1001
ACAD
1000
AcDbSavedByObjectVersion
1070
     0
  0
VISUALSTYLE
  5
F2
102
{ACAD_REACTORS
330
EF
102
}
330
EF
100
AcDbVisualStyle
  2
Gouraud
 70
     2
 71
     2
 72
     2
 73
     1
 90
        2
 40
-0.6
 41
30.0
 62
     5
 63
     7
 74
     0
 91
        4
 64
     7
 65
   257
 75
     1
175
     1
 42
1.0
 92
        0
 66
     7
 43
1.0
 76
     1
 77
     6
 78
     2
 67
     7
 79
     5
170
     0
171
     0
290
     0
174
     0
 93
        1
 44
0.0
173
     0
291
     1
 45
0.0
1001
ACAD
1000
AcDbSavedByObjectVersion
1070
     0
  0
VISUALSTYLE
  5
F3
102
{ACAD_REACTORS
330
EF
102
}
330
EF
100
AcDbVisualStyle
  2
GouraudWithEdges
 70
     3
 71
     2
 72
     2
 73
     1
 90
        2
 40
-0.6
 41
30.0
 62
     5
 63
     7
 74
     1
 91
        4
 64
     7
 65
   257
 75
     1
175
     1
 42
1.0
 92
        0
 66
   257
 43
1.0
 76
     1
 77
     6
 78
     2
 67
     7
 79
     5
170
     0
171
     0
290
     0
174
     0
 93
        1
 44
0.0
173
     0
291
     1
 45
0.0
1001
ACAD
1000
AcDbSavedByObjectVersion
1070
     0
  0
VISUALSTYLE
  5
FD
102
{ACAD_REACTORS
330
EF
102
}
330
EF
100
AcDbVisualStyle
  2
Linepattern
 70
    14
 71
     2
 72
     2
 73
     1
 90
        0
 40
-0.6
 41
-30.0
 62
     5
 63
     7
 74
     1
 91
        4
 64
     7
 65
   257
 75
     7
175
     7
 42
1.0
 92
        8
 66
     7
 43
1.0
 76
     1
 77
     6
 78
     2
 67
     7
 79
     5
170
     0
171
     0
290
     0
174
     0
 93
        1
 44
0.0
173
     0
291
     1
 45
0.0
1001
ACAD
1000
AcDbSavedByObjectVersion
1070
     0
  0
VISUALSTYLE
  5
F9
102
{ACAD_REACTORS
330
EF
102
}
330
EF
100
AcDbVisualStyle
  2
Realistic
 70
     8
 71
     2
 72
     2
 73
     1
 90
        0
 40
-0.6
 41
-30.0
 62
     5
 63
     7
 74
     1
 91
        0
 64
     7
 65
   257
 75
     1
175
     1
 42
1.0
 92
        8
 66
     8
 43
1.0
 76
     1
 77
     6
 78
     2
 67
     7
 79
     5
170
     0
171
     0
290
     0
174
     0
 93
       13
 44
0.0
173
     0
291
     0
 45
0.0
1001
ACAD
1000
AcDbSavedByObjectVersion
1070
     0
  0
VISUALSTYLE
  5
FC
102
{ACAD_REACTORS
330
EF
102
}
330
EF
100
AcDbVisualStyle
  2
Thicken
 70
    13
 71
     2
 72
     2
 73
     1
 90
        0
 40
-0.6
 41
-30.0
 62
     5
 63
     7
 74
     1
 91
        4
 64
     7
 65
   257
 75
     1
175
     1
 42
1.0
 92
       12
 66
     7
 43
1.0
 76
     1
 77
     6
 78
     2
 67
     7
 79
     5
170
     0
171
     0
290
     0
174
     0
 93
        1
 44
0.0
173
     0
291
     1
 45
0.0
1001
ACAD
1000
AcDbSavedByObjectVersion
1070
     0
  0
DICTIONARYVAR
  5
146
102
{ACAD_REACTORS
330
5E
102
}
330
5E
100
DictionaryVariables
280
     0
  1
1:1
  0
DICTIONARYVAR
  5
145
102
{ACAD_REACTORS
330
5E
102
}
330
5E
100
DictionaryVariables
280
     0
  1
STANDARD
  0
DICTIONARYVAR
  5
84
102
{ACAD_REACTORS
330
5E
102
}
330
5E
100
DictionaryVariables
280
     0
  1
STANDARD
  0
DICTIONARYVAR
  5
5F
102
{ACAD_REACTORS
330
5E
102
}
330
5E
100
DictionaryVariables
280
     0
  1
2
  0
DICTIONARYVAR
  5
63
102
{ACAD_REACTORS
330
5E
102
}
330
5E
100
DictionaryVariables
280
     0
  1
1
  0
DICTIONARYVAR
  5
36D
102
{ACAD_REACTORS
330
5E
102
}
330
5E
100
DictionaryVariables
280
     0
  1
0
  0
DICTIONARYVAR
  5
1AE
102
{ACAD_REACTORS
330
5E
102
}
330
5E
100
DictionaryVariables
280
     0
  1
0
  0
DICTIONARYVAR
  5
1AF
102
{ACAD_REACTORS
330
5E
102
}
330
5E
100
DictionaryVariables
280
     0
  1
0
  0
DICTIONARYVAR
  5
36B
102
{ACAD_REACTORS
330
5E
102
}
330
5E
100
DictionaryVariables
280
     0
  1
2
  0
DICTIONARYVAR
  5
36A
102
{ACAD_REACTORS
330
5E
102
}
330
5E
100
DictionaryVariables
280
     0
  1
1
  0
DICTIONARYVAR
  5
36F
102
{ACAD_REACTORS
330
5E
102
}
330
5E
100
DictionaryVariables
280
     0
  1
80.000000
  0
DICTIONARYVAR
  5
36E
102
{ACAD_REACTORS
330
5E
102
}
330
5E
100
DictionaryVariables
280
     0
  1
5.000000
  0
DICTIONARYVAR
  5
36C
102
{ACAD_REACTORS
330
5E
102
}
330
5E
100
DictionaryVariables
280
     0
  1
127
  0
DICTIONARY
  5
372
330
22
100
AcDbDictionary
280
     1
281
     1
  3
ACAD_XREC_ROUNDTRIP
360
373
  0
DICTIONARY
  5
375
330
D3
100
AcDbDictionary
280
     1
281
     1
  3
ACAD_XREC_ROUNDTRIP
360
376
  0
DICTIONARY
  5
377
330
D7
100
AcDbDictionary
280
     1
281
     1
  3
ACAD_XREC_ROUNDTRIP
360
378
  0
DICTIONARY
  5
37B
330
ED
100
AcDbDictionary
280
     1
281
     1
  3
ACAD_XREC_ROUNDTRIP
360
37C
  0
DICTIONARY
  5
379
330
EC
100
AcDbDictionary
280
     1
281
     1
  3
ACAD_XREC_ROUNDTRIP
360
37A
  0
DICTIONARY
  5
173
330
EE
100
AcDbDictionary
280
     1
281
     1
  3
ACAD_XREC_ROUNDTRIP
360
37D
  3
BUMPTILE
360
175
  3
DIFFUSETILE
360
174
  3
OPACITYTILE
360
176
  3
REFLECTIONTILE
360
177
  0
DICTIONARY
  5
162
330
7F
100
AcDbDictionary
280
     1
281
     1
  3
ACAD_ROUNDTRIP_2008_TABLESTYLE_CELLSTYLEMAP
360
370
  3
ACAD_XREC_ROUNDTRIP
360
374
  0
XRECORD
  5
373
102
{ACAD_REACTORS
330
372
102
}
330
372
100
AcDbXrecord
280
     1
102
SHADEPLOT
 70
     0
102
SHADEPLOTRESLEVEL
 70
     2
102
SHADEPLOTCUSTOMDPI
 70
   300
  0
XRECORD
  5
376
102
{ACAD_REACTORS
330
375
102
}
330
375
100
AcDbXrecord
280
     1
102
SHADEPLOT
 70
     0
102
SHADEPLOTRESLEVEL
 70
     2
102
SHADEPLOTCUSTOMDPI
 70
   300
  0
XRECORD
  5
378
102
{ACAD_REACTORS
330
377
102
}
330
377
100
AcDbXrecord
280
     1
102
SHADEPLOT
 70
     0
102
SHADEPLOTRESLEVEL
 70
     2
102
SHADEPLOTCUSTOMDPI
 70
   300
  0
XRECORD
  5
37C
102
{ACAD_REACTORS
330
37B
102
}
330
37B
100
AcDbXrecord
280
     1
102
MATERIAL
148
0.0
149
0.0
149
0.0
 93
        0
 94
       63
282
     0
 72
     1
 77
     1
171
     1
175
     1
179
     1
273
     0
  0
XRECORD
  5
37A
102
{ACAD_REACTORS
330
379
102
}
330
379
100
AcDbXrecord
280
     1
102
MATERIAL
148
0.0
149
0.0
149
0.0
 93
        0
 94
       63
282
     0
 72
     1
 77
     1
171
     1
175
     1
179
     1
273
     0
  0
XRECORD
  5
37D
102
{ACAD_REACTORS
330
173
102
}
330
173
100
AcDbXrecord
280
     1
102
MATERIAL
148
0.0
149
0.0
149
0.0
 93
        0
 94
       63
282
     0
 72
     1
 77
     1
171
     1
175
     1
179
     1
273
     0
  0
XRECORD
  5
175
102
{ACAD_REACTORS
330
173
102
}
330
173
100
AcDbXrecord
280
     1
270
     1
271
     1
  0
XRECORD
  5
174
102
{ACAD_REACTORS
330
173
102
}
330
173
100
AcDbXrecord
280
     1
270
     1
271
     1
  0
XRECORD
  5
176
102
{ACAD_REACTORS
330
173
102
}
330
173
100
AcDbXrecord
280
     1
270
     1
271
     1
  0
XRECORD
  5
177
102
{ACAD_REACTORS
330
173
102
}
330
173
100
AcDbXrecord
280
     1
270
     1
271
     1
  0
CELLSTYLEMAP
  5
370
102
{ACAD_REACTORS
330
162
102
}
330
162
100
AcDbCellStyleMap
 90
        3
300
CELLSTYLE
  1
TABLEFORMAT_BEGIN
 90
        5
170
     1
 91
        0
 92
    32768
 62
   257
 93
        1
300
CONTENTFORMAT
  1
CONTENTFORMAT_BEGIN
 90
        0
 91
        0
 92
      512
 93
        0
300

 40
0.0
140
1.0
 94
        5
 62
     0
340
11
144
6.0
309
CONTENTFORMAT_END
171
     1
301
MARGIN
  1
CELLMARGIN_BEGIN
 40
1.5
 40
1.5
 40
1.5
 40
1.5
 40
4.5
 40
4.5
309
CELLMARGIN_END
 94
        6
 95
        1
302
GRIDFORMAT
  1
GRIDFORMAT_BEGIN
 90
        0
 91
        1
 62
     0
 92
       -2
340
14
 93
        0
 40
1.125
309
GRIDFORMAT_END
 95
        2
302
GRIDFORMAT
  1
GRIDFORMAT_BEGIN
 90
        0
 91
        1
 62
     0
 92
       -2
340
14
 93
        0
 40
1.125
309
GRIDFORMAT_END
 95
        4
302
GRIDFORMAT
  1
GRIDFORMAT_BEGIN
 90
        0
 91
        1
 62
     0
 92
       -2
340
14
 93
        0
 40
1.125
309
GRIDFORMAT_END
 95
        8
302
GRIDFORMAT
  1
GRIDFORMAT_BEGIN
 90
        0
 91
        1
 62
     0
 92
       -2
340
14
 93
        0
 40
1.125
309
GRIDFORMAT_END
 95
       16
302
GRIDFORMAT
  1
GRIDFORMAT_BEGIN
 90
        0
 91
        1
 62
     0
 92
       -2
340
14
 93
        0
 40
1.125
309
GRIDFORMAT_END
 95
       32
302
GRIDFORMAT
  1
GRIDFORMAT_BEGIN
 90
        0
 91
        1
 62
     0
 92
       -2
340
14
 93
        0
 40
1.125
309
GRIDFORMAT_END
309
TABLEFORMAT_END
  1
CELLSTYLE_BEGIN
 90
        1
 91
        1
300
_TITLE
309
CELLSTYLE_END
300
CELLSTYLE
  1
TABLEFORMAT_BEGIN
 90
        5
170
     1
 91
        0
 92
        0
 62
   257
 93
        1
300
CONTENTFORMAT
  1
CONTENTFORMAT_BEGIN
 90
        0
 91
        0
 92
      512
 93
        0
300

 40
0.0
140
1.0
 94
        5
 62
     0
340
11
144
4.5
309
CONTENTFORMAT_END
171
     1
301
MARGIN
  1
CELLMARGIN_BEGIN
 40
1.5
 40
1.5
 40
1.5
 40
1.5
 40
4.5
 40
4.5
309
CELLMARGIN_END
 94
        6
 95
        1
302
GRIDFORMAT
  1
GRIDFORMAT_BEGIN
 90
        0
 91
        1
 62
     0
 92
       -2
340
14
 93
        0
 40
1.125
309
GRIDFORMAT_END
 95
        2
302
GRIDFORMAT
  1
GRIDFORMAT_BEGIN
 90
        0
 91
        1
 62
     0
 92
       -2
340
14
 93
        0
 40
1.125
309
GRIDFORMAT_END
 95
        4
302
GRIDFORMAT
  1
GRIDFORMAT_BEGIN
 90
        0
 91
        1
 62
     0
 92
       -2
340
14
 93
        0
 40
1.125
309
GRIDFORMAT_END
 95
        8
302
GRIDFORMAT
  1
GRIDFORMAT_BEGIN
 90
        0
 91
        1
 62
     0
 92
       -2
340
14
 93
        0
 40
1.125
309
GRIDFORMAT_END
 95
       16
302
GRIDFORMAT
  1
GRIDFORMAT_BEGIN
 90
        0
 91
        1
 62
     0
 92
       -2
340
14
 93
        0
 40
1.125
309
GRIDFORMAT_END
 95
       32
302
GRIDFORMAT
  1
GRIDFORMAT_BEGIN
 90
        0
 91
        1
 62
     0
 92
       -2
340
14
 93
        0
 40
1.125
309
GRIDFORMAT_END
309
TABLEFORMAT_END
  1
CELLSTYLE_BEGIN
 90
        2
 91
        1
300
_HEADER
309
CELLSTYLE_END
300
CELLSTYLE
  1
TABLEFORMAT_BEGIN
 90
        5
170
     1
 91
        0
 92
        0
 62
   257
 93
        1
300
CONTENTFORMAT
  1
CONTENTFORMAT_BEGIN
 90
        0
 91
        0
 92
      512
 93
        0
300

 40
0.0
140
1.0
 94
        2
 62
     0
340
11
144
4.5
309
CONTENTFORMAT_END
171
     1
301
MARGIN
  1
CELLMARGIN_BEGIN
 40
1.5
 40
1.5
 40
1.5
 40
1.5
 40
4.5
 40
4.5
309
CELLMARGIN_END
 94
        6
 95
        1
302
GRIDFORMAT
  1
GRIDFORMAT_BEGIN
 90
        0
 91
        1
 62
     0
 92
       -2
340
14
 93
        0
 40
1.125
309
GRIDFORMAT_END
 95
        2
302
GRIDFORMAT
  1
GRIDFORMAT_BEGIN
 90
        0
 91
        1
 62
     0
 92
       -2
340
14
 93
        0
 40
1.125
309
GRIDFORMAT_END
 95
        4
302
GRIDFORMAT
  1
GRIDFORMAT_BEGIN
 90
        0
 91
        1
 62
     0
 92
       -2
340
14
 93
        0
 40
1.125
309
GRIDFORMAT_END
 95
        8
302
GRIDFORMAT
  1
GRIDFORMAT_BEGIN
 90
        0
 91
        1
 62
     0
 92
       -2
340
14
 93
        0
 40
1.125
309
GRIDFORMAT_END
 95
       16
302
GRIDFORMAT
  1
GRIDFORMAT_BEGIN
 90
        0
 91
        1
 62
     0
 92
       -2
340
14
 93
        0
 40
1.125
309
GRIDFORMAT_END
 95
       32
302
GRIDFORMAT
  1
GRIDFORMAT_BEGIN
 90
        0
 91
        1
 62
     0
 92
       -2
340
14
 93
        0
 40
1.125
309
GRIDFORMAT_END
309
TABLEFORMAT_END
  1
CELLSTYLE_BEGIN
 90
        3
 91
        2
300
_DATA
309
CELLSTYLE_END
  0
XRECORD
  5
374
102
{ACAD_REACTORS
330
162
102
}
330
162
100
AcDbXrecord
280
     1
102
ACAD_ROUNDTRIP_PRE2007_TABLESTYLE
 90
      512
 91
        0
  1

 92
      512
 93
        0
  2

 94
      512
 95
        0
  3

  0
ENDSEC
  0
EOF
