  0
SECTION
  2
HEADER
  9
$ACADVER
  1
AC1009
  9
$DWGCODEPAGE
  3
ansi_1252
  9
$INSBASE
 10
0.0
 20
0.0
 30
0.0
  9
$EXTMIN
 10
-200.0
 20
-44.99999999999994
 30
0.0
  9
$EXTMAX
 10
200.0
 20
45.00000000000006
 30
0.0
  9
$LIMMIN
 10
0.0
 20
0.0
  9
$LIMMAX
 10
12.0
 20
9.0
  9
$ORTHOMODE
 70
     0
  9
$REGENMODE
 70
     1
  9
$FILLMODE
 70
     1
  9
$QTEXTMODE
 70
     0
  9
$MIRRTEXT
 70
     1
  9
$DRAGMODE
 70
     2
  9
$LTSCALE
 40
1.0
  9
$OSMODE
 70
    37
  9
$ATTMODE
 70
     1
  9
$TEXTSIZE
 40
0.2
  9
$TRACEWID
 40
0.05
  9
$TEXTSTYLE
  7
STANDARD
  9
$CLAYER
  8
0
  9
$CELTYPE
  6
BYLAYER
  9
$CECOLOR
 62
   256
  9
$DIMSCALE
 40
1.0
  9
$DIMASZ
 40
0.18
  9
$DIMEXO
 40
0.0625
  9
$DIMDLI
 40
0.38
  9
$DIMRND
 40
0.0
  9
$DIMDLE
 40
0.0
  9
$DIMEXE
 40
0.18
  9
$DIMTP
 40
0.0
  9
$DIMTM
 40
0.0
  9
$DIMTXT
 40
0.18
  9
$DIMCEN
 40
0.09
  9
$DIMTSZ
 40
0.0
  9
$DIMTOL
 70
     0
  9
$DIMLIM
 70
     0
  9
$DIMTIH
 70
     1
  9
$DIMTOH
 70
     1
  9
$DIMSE1
 70
     0
  9
$DIMSE2
 70
     0
  9
$DIMTAD
 70
     0
  9
$DIMZIN
 70
     0
  9
$DIMBLK
  1

  9
$DIMASO
 70
     1
  9
$DIMSHO
 70
     1
  9
$DIMPOST
  1

  9
$DIMAPOST
  1

  9
$DIMALT
 70
     0
  9
$DIMALTD
 70
     2
  9
$DIMALTF
 40
25.4
  9
$DIMLFAC
 40
1.0
  9
$DIMTOFL
 70
     0
  9
$DIMTVP
 40
0.0
  9
$DIMTIX
 70
     0
  9
$DIMSOXD
 70
     0
  9
$DIMSAH
 70
     0
  9
$DIMBLK1
  1

  9
$DIMBLK2
  1

  9
$DIMSTYLE
  2
STANDARD
  9
$DIMCLRD
 70
     0
  9
$DIMCLRE
 70
     0
  9
$DIMCLRT
 70
     0
  9
$DIMTFAC
 40
1.0
  9
$DIMGAP
 40
0.09
  9
$LUNITS
 70
     2
  9
$LUPREC
 70
     4
  9
$SKETCHINC
 40
0.1
  9
$FILLETRAD
 40
0.5
  9
$AUNITS
 70
     0
  9
$AUPREC
 70
     0
  9
$MENU
  1
.
  9
$ELEVATION
 40
0.0
  9
$PELEVATION
 40
0.0
  9
$THICKNESS
 40
0.0
  9
$LIMCHECK
 70
     0
  9
$CHAMFERA
 40
0.5
  9
$CHAMFERB
 40
0.5
  9
$SKPOLY
 70
     0
  9
$TDCREATE
 40
2454910.5
  9
$TDUPDATE
 40
2458523.521913704
  9
$TDINDWG
 40
0.0000000116
  9
$TDUSRTIMER
 40
0.0000000116
  9
$USRTIMER
 70
     1
  9
$ANGBASE
 50
0.0
  9
$ANGDIR
 70
     0
  9
$PDMODE
 70
     0
  9
$PDSIZE
 40
0.0
  9
$PLINEWID
 40
0.0
  9
$COORDS
 70
     1
  9
$SPLFRAME
 70
     0
  9
$SPLINETYPE
 70
     6
  9
$SPLINESEGS
 70
     8
  9
$ATTDIA
 70
     0
  9
$ATTREQ
 70
     1
  9
$HANDLING
 70
     1
  9
$HANDSEED
  5
17D0
  9
$SURFTAB1
 70
     6
  9
$SURFTAB2
 70
     6
  9
$SURFTYPE
 70
     6
  9
$SURFU
 70
     6
  9
$SURFV
 70
     6
  9
$UCSNAME
  2

  9
$UCSORG
 10
0.0
 20
0.0
 30
0.0
  9
$UCSXDIR
 10
1.0
 20
0.0
 30
0.0
  9
$UCSYDIR
 10
0.0
 20
1.0
 30
0.0
  9
$PUCSNAME
  2

  9
$PUCSORG
 10
0.0
 20
0.0
 30
0.0
  9
$PUCSXDIR
 10
1.0
 20
0.0
 30
0.0
  9
$PUCSYDIR
 10
0.0
 20
1.0
 30
0.0
  9
$USERI1
 70
     0
  9
$USERI2
 70
     0
  9
$USERI3
 70
     0
  9
$USERI4
 70
     0
  9
$USERI5
 70
     0
  9
$USERR1
 40
0.0
  9
$USERR2
 40
0.0
  9
$USERR3
 40
0.0
  9
$USERR4
 40
0.0
  9
$USERR5
 40
0.0
  9
$WORLDVIEW
 70
     1
  9
$SHADEDGE
 70
     3
  9
$SHADEDIF
 70
    70
  9
$TILEMODE
 70
     1
  9
$MAXACTVP
 70
    64
  9
$PLIMCHECK
 70
     0
  9
$PEXTMIN
 10
1.000000000000000E+20
 20
1.000000000000000E+20
 30
1.000000000000000E+20
  9
$PEXTMAX
 10
-1.000000000000000E+20
 20
-1.000000000000000E+20
 30
-1.000000000000000E+20
  9
$PLIMMIN
 10
0.0
 20
0.0
  9
$PLIMMAX
 10
12.0
 20
9.0
  9
$UNITMODE
 70
     0
  9
$VISRETAIN
 70
     1
  9
$PLINEGEN
 70
     0
  9
$PSLTSCALE
 70
     1
  0
ENDSEC
  0
SECTION
  2
TABLES
  0
TABLE
  2
VPORT
 70
     1
  0
VPORT
  2
*ACTIVE
 70
     0
 10
0.0
 20
0.0
 11
1.0
 21
1.0
 12
10.42990654205607
 22
4.5
 13
0.0
 23
0.0
 14
0.5
 24
0.5
 15
0.5
 25
0.5
 16
0.0
 26
0.0
 36
1.0
 17
0.0
 27
0.0
 37
0.0
 40
9.0
 41
1.972972972850329
 42
50.0
 43
0.0
 44
0.0
 50
0.0
 51
0.0
 71
     0
 72
   100
 73
     1
 74
     3
 75
     0
 76
     0
 77
     0
 78
     0
  0
ENDTAB
  0
TABLE
  2
LTYPE
 70
     2
  0
LTYPE
  2
CONTINUOUS
 70
     0
  3
Solid line
 72
    65
 73
     0
 40
0.0
  0
LTYPE
  2
CONTINUOUS2
 70
     0
  3
Solid Line
 72
    65
 73
     0
 40
0.0
  0
ENDTAB
  0
TABLE
  2
LAYER
 70
     2
  0
LAYER
  2
0
 70
     0
 62
     7
  6
CONTINUOUS
  0
LAYER
  2
COUCHE_1
 70
     0
 62
    18
  6
CONTINUOUS
  0
ENDTAB
  0
TABLE
  2
STYLE
 70
     1
  0
STYLE
  2
STANDARD
 70
     0
 40
0.0
 41
1.0
 50
0.0
 71
     0
 42
0.2
  3
txt
  4

  0
ENDTAB
  0
TABLE
  2
VIEW
 70
     0
  0
ENDTAB
  0
TABLE
  2
UCS
 70
     0
  0
ENDTAB
  0
TABLE
  2
APPID
 70
     1
  0
APPID
  2
ACAD
 70
     0
  0
ENDTAB
  0
TABLE
  2
DIMSTYLE
 70
     1
  0
DIMSTYLE
  2
STANDARD
 70
     0
  3

  4

  5

  6

  7

 40
1.0
 41
0.18
 42
0.0625
 43
0.38
 44
0.18
 45
0.0
 46
0.0
 47
0.0
 48
0.0
140
0.18
141
0.09
142
0.0
143
25.4
144
1.0
145
0.0
146
1.0
147
0.09
 71
     0
 72
     0
 73
     1
 74
     1
 75
     0
 76
     0
 77
     0
 78
     0
170
     0
171
     2
172
     0
173
     0
174
     0
175
     0
176
     0
177
     0
178
     0
  0
ENDTAB
  0
ENDSEC
  0
SECTION
  2
BLOCKS
  0
BLOCK
  8
0
  2
$MODEL_SPACE
 70
     0
 10
0.0
 20
0.0
 30
0.0
  3
$MODEL_SPACE
  1

  0
ENDBLK
  5
21
  8
0
  0
BLOCK
 67
     1
  8
0
  2
$PAPER_SPACE
 70
     0
 10
0.0
 20
0.0
 30
0.0
  3
$PAPER_SPACE
  1

  0
ENDBLK
  5
1D
 67
     1
  8
0
  0
ENDSEC
  0
SECTION
  2
ENTITIES
  0
POLYLINE
  5
41
  8
COUCHE_1
 66
     1
 10
0.0
 20
0.0
 30
0.0
 70
     1
  0
VERTEX
  5
73
  8
COUCHE_1
 10
-38.45239483768177
 20
42.60882758234337
 30
0.0
  0
VERTEX
  5
74
  8
COUCHE_1
 10
-38.3019954376694
 20
42.61503247053917
 30
0.0
  0
VERTEX
  5
75
  8
COUCHE_1
 10
-38.16050504762767
 20
42.63314008643977
 30
0.0
  0
VERTEX
  5
76
  8
COUCHE_1
 10
-38.02797276351671
 20
42.66238985701482
 30
0.0
  0
VERTEX
  5
77
  8
COUCHE_1
 10
-37.90444768129543
 20
42.70202120923421
 30
0.0
  0
VERTEX
  5
78
  8
COUCHE_1
 10
-37.78997889692354
 20
42.75127357006746
 30
0.0
  0
VERTEX
  5
79
  8
COUCHE_1
 10
-37.68461550636047
 20
42.80938636648403
 30
0.0
  0
VERTEX
  5
7A
  8
COUCHE_1
 10
-37.58840660556593
 20
42.87559902545387
 30
0.0
  0
VERTEX
  5
7B
  8
COUCHE_1
 10
-37.50140129049884
 20
42.94915097394661
 30
0.0
  0
VERTEX
  5
7C
  8
COUCHE_1
 10
-37.42364865711892
 20
43.02928163893201
 30
0.0
  0
VERTEX
  5
7D
  8
COUCHE_1
 10
-37.35519780138561
 20
43.11523044737943
 30
0.0
  0
VERTEX
  5
7E
  8
COUCHE_1
 10
-37.2960978192586
 20
43.20623682625893
 30
0.0
  0
VERTEX
  5
7F
  8
COUCHE_1
 10
-37.24639780669682
 20
43.30154020254001
 30
0.0
  0
VERTEX
  5
80
  8
COUCHE_1
 10
-37.20614685966012
 20
43.4003800031923
 30
0.0
  0
VERTEX
  5
81
  8
COUCHE_1
 10
-37.17539407410765
 20
43.50199565518572
 30
0.0
  0
VERTEX
  5
82
  8
COUCHE_1
 10
-37.15418854599915
 20
43.60562658548975
 30
0.0
  0
VERTEX
  5
83
  8
COUCHE_1
 10
-37.14257937129392
 20
43.71051222107419
 30
0.0
  0
VERTEX
  5
84
  8
COUCHE_1
 10
-37.14061564595141
 20
43.81589198890852
 30
0.0
  0
VERTEX
  5
85
  8
COUCHE_1
 10
-37.14834646593118
 20
43.92100531596267
 30
0.0
  0
VERTEX
  5
86
  8
COUCHE_1
 10
-37.16582092719255
 20
44.0250916292061
 30
0.0
  0
VERTEX
  5
87
  8
COUCHE_1
 10
-37.19308812569484
 20
44.12739035560863
 30
0.0
  0
VERTEX
  5
88
  8
COUCHE_1
 10
-37.23019715739787
 20
44.22714092213987
 30
0.0
  0
VERTEX
  5
89
  8
COUCHE_1
 10
-37.27719711826072
 20
44.32358275576945
 30
0.0
  0
VERTEX
  5
8A
  8
COUCHE_1
 10
-37.33413710424294
 20
44.41595528346731
 30
0.0
  0
VERTEX
  5
8B
  8
COUCHE_1
 10
-37.40106621130412
 20
44.50349793220278
 30
0.0
  0
VERTEX
  5
8C
  8
COUCHE_1
 10
-37.47803353540356
 20
44.58545012894565
 30
0.0
  0
VERTEX
  5
8D
  8
COUCHE_1
 10
-37.56508817250084
 20
44.66105130066585
 30
0.0
  0
VERTEX
  5
8E
  8
COUCHE_1
 10
-37.66227921855542
 20
44.7295408743327
 30
0.0
  0
VERTEX
  5
8F
  8
COUCHE_1
 10
-37.76965576952659
 20
44.79015827691614
 30
0.0
  0
VERTEX
  5
90
  8
COUCHE_1
 10
-37.88726692137394
 20
44.8421429353858
 30
0.0
  0
VERTEX
  5
91
  8
COUCHE_1
 10
-38.01516177005677
 20
44.88473427671117
 30
0.0
  0
VERTEX
  5
92
  8
COUCHE_1
 10
-38.15338941153454
 20
44.91717172786218
 30
0.0
  0
VERTEX
  5
93
  8
COUCHE_1
 10
-38.30199894176681
 20
44.93869471580845
 30
0.0
  0
VERTEX
  5
94
  8
COUCHE_1
 10
-38.53937951872735
 20
44.96309722438178
 30
0.0
  0
VERTEX
  5
95
  8
COUCHE_1
 10
-38.85814855745991
 20
44.9930330134432
 30
0.0
  0
VERTEX
  5
96
  8
COUCHE_1
 10
-39.33226674726167
 20
45.00000000000006
 30
0.0
  0
VERTEX
  5
97
  8
COUCHE_1
 10
-39.84502289092995
 20
44.96129263359293
 30
0.0
  0
VERTEX
  5
98
  8
COUCHE_1
 10
-39.97025948177083
 20
44.94639943330207
 30
0.0
  0
VERTEX
  5
99
  8
COUCHE_1
 10
-67.00348445792349
 20
44.94639943330208
 30
0.0
  0
VERTEX
  5
9A
  8
COUCHE_1
 10
-67.15985620186358
 20
44.93984042966642
 30
0.0
  0
VERTEX
  5
9B
  8
COUCHE_1
 10
-67.30638222885976
 20
44.92071527054814
 30
0.0
  0
VERTEX
  5
9C
  8
COUCHE_1
 10
-67.44304706696126
 20
44.88985173363004
 30
0.0
  0
VERTEX
  5
9D
  8
COUCHE_1
 10
-67.56983524421746
 20
44.84807759659561
 30
0.0
  0
VERTEX
  5
9E
  8
COUCHE_1
 10
-67.68673128867792
 20
44.7962206371272
 30
0.0
  0
VERTEX
  5
9F
  8
COUCHE_1
 10
-67.79371972839151
 20
44.73510863290802
 30
0.0
  0
VERTEX
  5
A0
  8
COUCHE_1
 10
-67.89078509140793
 20
44.66556936162101
 30
0.0
  0
VERTEX
  5
A1
  8
COUCHE_1
 10
-67.97791190577634
 20
44.58843060094893
 30
0.0
  0
VERTEX
  5
A2
  8
COUCHE_1
 10
-68.05508469954627
 20
44.50452012857517
 30
0.0
  0
VERTEX
  5
A3
  8
COUCHE_1
 10
-68.12228800076676
 20
44.41466572218217
 30
0.0
  0
VERTEX
  5
A4
  8
COUCHE_1
 10
-68.17950633748734
 20
44.31969515945334
 30
0.0
  0
VERTEX
  5
A5
  8
COUCHE_1
 10
-68.22672423775731
 20
44.22043621807143
 30
0.0
  0
VERTEX
  5
A6
  8
COUCHE_1
 10
-68.26392622962595
 20
44.11771667571938
 30
0.0
  0
VERTEX
  5
A7
  8
COUCHE_1
 10
-68.29109684114268
 20
44.0123643100801
 30
0.0
  0
VERTEX
  5
A8
  8
COUCHE_1
 10
-68.30822060035679
 20
43.90520689883668
 30
0.0
  0
VERTEX
  5
A9
  8
COUCHE_1
 10
-68.31528203531741
 20
43.79707221967203
 30
0.0
  0
VERTEX
  5
AA
  8
COUCHE_1
 10
-68.31226567407413
 20
43.68878805026894
 30
0.0
  0
VERTEX
  5
AB
  8
COUCHE_1
 10
-68.2991560446762
 20
43.58118216831076
 30
0.0
  0
VERTEX
  5
AC
  8
COUCHE_1
 10
-68.27593767517293
 20
43.47508235148013
 30
0.0
  0
VERTEX
  5
AD
  8
COUCHE_1
 10
-68.2425950936137
 20
43.37131637746027
 30
0.0
  0
VERTEX
  5
AE
  8
COUCHE_1
 10
-68.19911282804784
 20
43.27071202393381
 30
0.0
  0
VERTEX
  5
AF
  8
COUCHE_1
 10
-68.14547540652448
 20
43.17409706858397
 30
0.0
  0
VERTEX
  5
B0
  8
COUCHE_1
 10
-68.08166735709317
 20
43.08229928909337
 30
0.0
  0
VERTEX
  5
B1
  8
COUCHE_1
 10
-68.0076732078032
 20
42.99614646314553
 30
0.0
  0
VERTEX
  5
B2
  8
COUCHE_1
 10
-67.92347748670399
 20
42.91646636842309
 30
0.0
  0
VERTEX
  5
B3
  8
COUCHE_1
 10
-67.82906472184467
 20
42.84408678260866
 30
0.0
  0
VERTEX
  5
B4
  8
COUCHE_1
 10
-67.72441944127458
 20
42.77983548338576
 30
0.0
  0
VERTEX
  5
B5
  8
COUCHE_1
 10
-67.60952617304321
 20
42.72454024843704
 30
0.0
  0
VERTEX
  5
B6
  8
COUCHE_1
 10
-67.48436944519975
 20
42.67902885544554
 30
0.0
  0
VERTEX
  5
B7
  8
COUCHE_1
 10
-67.34893378579359
 20
42.64412908209436
 30
0.0
  0
VERTEX
  5
B8
  8
COUCHE_1
 10
-67.20320372287418
 20
42.62066870606626
 30
0.0
  0
VERTEX
  5
B9
  8
COUCHE_1
 10
-67.04716378449065
 20
42.60947550504417
 30
0.0
  0
VERTEX
  5
BA
  8
COUCHE_1
 10
-66.21548094466635
 20
42.58479492140031
 30
0.0
  0
VERTEX
  5
BB
  8
COUCHE_1
 10
-65.44820231616978
 20
42.51670558737155
 30
0.0
  0
VERTEX
  5
BC
  8
COUCHE_1
 10
-64.70055584823704
 20
42.40680522418727
 30
0.0
  0
VERTEX
  5
BD
  8
COUCHE_1
 10
-63.9720314510094
 20
42.25787601125024
 30
0.0
  0
VERTEX
  5
BE
  8
COUCHE_1
 10
-63.26233867825557
 20
42.07263221333089
 30
0.0
  0
VERTEX
  5
BF
  8
COUCHE_1
 10
-62.57140211537752
 20
41.85377161641131
 30
0.0
  0
VERTEX
  5
C0
  8
COUCHE_1
 10
-61.89933918363953
 20
41.60401742228434
 30
0.0
  0
VERTEX
  5
C1
  8
COUCHE_1
 10
-61.24642741206476
 20
41.32614791603876
 30
0.0
  0
VERTEX
  5
C2
  8
COUCHE_1
 10
-60.61306770408136
 20
41.02301390878402
 30
0.0
  0
VERTEX
  5
C3
  8
COUCHE_1
 10
-59.99974855900988
 20
40.69754571410041
 30
0.0
  0
VERTEX
  5
C4
  8
COUCHE_1
 10
-59.40701434540301
 20
40.35275220320227
 30
0.0
  0
VERTEX
  5
C5
  8
COUCHE_1
 10
-58.83543906831251
 20
39.99171452915841
 30
0.0
  0
VERTEX
  5
C6
  8
COUCHE_1
 10
-58.28560585239298
 20
39.61757671814029
 30
0.0
  0
VERTEX
  5
C7
  8
COUCHE_1
 10
-57.75809159819446
 20
39.23353475300791
 30
0.0
  0
VERTEX
  5
C8
  8
COUCHE_1
 10
-57.25345587064095
 20
38.84282518806062
 30
0.0
  0
VERTEX
  5
C9
  8
COUCHE_1
 10
-56.77777554092643
 20
38.45325309962962
 30
0.0
  0
VERTEX
  5
CA
  8
COUCHE_1
 10
-55.88097198533129
 20
37.66219718770604
 30
0.0
  0
VERTEX
  5
CB
  8
COUCHE_1
 10
-55.08986071559758
 20
36.90268528240329
 30
0.0
  0
VERTEX
  5
CC
  8
COUCHE_1
 10
-54.40050948613688
 20
36.19473841244001
 30
0.0
  0
VERTEX
  5
CD
  8
COUCHE_1
 10
-53.81164145838617
 20
35.56027440073145
 30
0.0
  0
VERTEX
  5
CE
  8
COUCHE_1
 10
-52.9242799258454
 20
34.59493066890601
 30
0.0
  0
VERTEX
  5
CF
  8
COUCHE_1
 10
-52.51878755456926
 20
34.224436017574
 30
0.0
  0
VERTEX
  5
D0
  8
COUCHE_1
 10
-51.84265955479514
 20
33.86109113565135
 30
0.0
  0
VERTEX
  5
D1
  8
COUCHE_1
 10
-50.83166220895856
 20
34.06661272265747
 30
0.0
  0
VERTEX
  5
D2
  8
COUCHE_1
 10
-49.72166999105407
 20
35.30413926898219
 30
0.0
  0
VERTEX
  5
D3
  8
COUCHE_1
 10
-48.93608606340248
 20
36.1461136580994
 30
0.0
  0
VERTEX
  5
D4
  8
COUCHE_1
 10
-48.18116181073734
 20
36.92241805429473
 30
0.0
  0
VERTEX
  5
D5
  8
COUCHE_1
 10
-47.4568036552787
 20
37.63555866007365
 30
0.0
  0
VERTEX
  5
D6
  8
COUCHE_1
 10
-46.76292987130086
 20
38.28804984622553
 30
0.0
  0
VERTEX
  5
D7
  8
COUCHE_1
 10
-46.09947064729628
 20
38.88241647265054
 30
0.0
  0
VERTEX
  5
D8
  8
COUCHE_1
 10
-45.46636769352967
 20
39.42119664134205
 30
0.0
  0
VERTEX
  5
D9
  8
COUCHE_1
 10
-44.8635732074717
 20
39.90694490515943
 30
0.0
  0
VERTEX
  5
DA
  8
COUCHE_1
 10
-44.29104796238772
 20
40.34223592719704
 30
0.0
  0
VERTEX
  5
DB
  8
COUCHE_1
 10
-43.74875823503559
 20
40.72966853866377
 30
0.0
  0
VERTEX
  5
DC
  8
COUCHE_1
 10
-43.23667124303687
 20
41.07187007269849
 30
0.0
  0
VERTEX
  5
DD
  8
COUCHE_1
 10
-42.75474873127816
 20
41.37150075223475
 30
0.0
  0
VERTEX
  5
DE
  8
COUCHE_1
 10
-42.30293834447738
 20
41.63125777889607
 30
0.0
  0
VERTEX
  5
DF
  8
COUCHE_1
 10
-41.88116246961579
 20
41.85387860890143
 30
0.0
  0
VERTEX
  5
E0
  8
COUCHE_1
 10
-41.48930434924279
 20
42.04214272186429
 30
0.0
  0
VERTEX
  5
E1
  8
COUCHE_1
 10
-41.14025501303443
 20
42.19321690252607
 30
0.0
  0
VERTEX
  5
E2
  8
COUCHE_1
 10
-40.49043578316334
 20
42.42832859557565
 30
0.0
  0
VERTEX
  5
E3
  8
COUCHE_1
 10
-39.96850247531524
 20
42.5670362304124
 30
0.0
  0
VERTEX
  5
E4
  8
COUCHE_1
 10
-39.7225029653188
 20
42.60882758234337
 30
0.0
  0
SEQEND
  5
E5
  8
COUCHE_1
  0
POLYLINE
  5
42
  8
COUCHE_1
 66
     1
 10
0.0
 20
0.0
 30
0.0
 70
     1
  0
VERTEX
  5
E6
  8
COUCHE_1
 10
-67.04716378449065
 20
-42.60762295724589
 30
0.0
  0
VERTEX
  5
E7
  8
COUCHE_1
 10
-67.20320372287418
 20
-42.61881615826798
 30
0.0
  0
VERTEX
  5
E8
  8
COUCHE_1
 10
-67.34893378579359
 20
-42.64227653429608
 30
0.0
  0
VERTEX
  5
E9
  8
COUCHE_1
 10
-67.48436944519975
 20
-42.67717630764727
 30
0.0
  0
VERTEX
  5
EA
  8
COUCHE_1
 10
-67.60952617304321
 20
-42.72268770063876
 30
0.0
  0
VERTEX
  5
EB
  8
COUCHE_1
 10
-67.72441944127458
 20
-42.77798293558749
 30
0.0
  0
VERTEX
  5
EC
  8
COUCHE_1
 10
-67.82906472184467
 20
-42.84223423481038
 30
0.0
  0
VERTEX
  5
ED
  8
COUCHE_1
 10
-67.92347748670399
 20
-42.9146138206248
 30
0.0
  0
VERTEX
  5
EE
  8
COUCHE_1
 10
-68.0076732078032
 20
-42.99429391534725
 30
0.0
  0
VERTEX
  5
EF
  8
COUCHE_1
 10
-68.08166735709317
 20
-43.08044674129508
 30
0.0
  0
VERTEX
  5
F0
  8
COUCHE_1
 10
-68.14547540652448
 20
-43.17224452078569
 30
0.0
  0
VERTEX
  5
F1
  8
COUCHE_1
 10
-68.19911282804784
 20
-43.26885947613553
 30
0.0
  0
VERTEX
  5
F2
  8
COUCHE_1
 10
-68.2425950936137
 20
-43.369463829662
 30
0.0
  0
VERTEX
  5
F3
  8
COUCHE_1
 10
-68.27593767517293
 20
-43.47322980368185
 30
0.0
  0
VERTEX
  5
F4
  8
COUCHE_1
 10
-68.2991560446762
 20
-43.57932962051248
 30
0.0
  0
VERTEX
  5
F5
  8
COUCHE_1
 10
-68.31226567407413
 20
-43.68693550247065
 30
0.0
  0
VERTEX
  5
F6
  8
COUCHE_1
 10
-68.31528203531728
 20
-43.7952196718736
 30
0.0
  0
VERTEX
  5
F7
  8
COUCHE_1
 10
-68.30822060035665
 20
-43.9033543510381
 30
0.0
  0
VERTEX
  5
F8
  8
COUCHE_1
 10
-68.29109684114256
 20
-44.01051176228153
 30
0.0
  0
VERTEX
  5
F9
  8
COUCHE_1
 10
-68.26392622962595
 20
-44.1158641279208
 30
0.0
  0
VERTEX
  5
FA
  8
COUCHE_1
 10
-68.22672423775731
 20
-44.21858367027286
 30
0.0
  0
VERTEX
  5
FB
  8
COUCHE_1
 10
-68.17950633748734
 20
-44.31784261165476
 30
0.0
  0
VERTEX
  5
FC
  8
COUCHE_1
 10
-68.12228800076676
 20
-44.4128131743836
 30
0.0
  0
VERTEX
  5
FD
  8
COUCHE_1
 10
-68.05508469954627
 20
-44.50266758077658
 30
0.0
  0
VERTEX
  5
FE
  8
COUCHE_1
 10
-67.97791190577634
 20
-44.5865780531505
 30
0.0
  0
VERTEX
  5
FF
  8
COUCHE_1
 10
-67.89078509140793
 20
-44.66371681382244
 30
0.0
  0
VERTEX
  5
100
  8
COUCHE_1
 10
-67.79371972839151
 20
-44.73325608510945
 30
0.0
  0
VERTEX
  5
101
  8
COUCHE_1
 10
-67.68673128867792
 20
-44.79436808932863
 30
0.0
  0
VERTEX
  5
102
  8
COUCHE_1
 10
-67.56983524421746
 20
-44.84622504879718
 30
0.0
  0
VERTEX
  5
103
  8
COUCHE_1
 10
-67.44304706696126
 20
-44.88799918583176
 30
0.0
  0
VERTEX
  5
104
  8
COUCHE_1
 10
-67.30638222885976
 20
-44.91886272274986
 30
0.0
  0
VERTEX
  5
105
  8
COUCHE_1
 10
-67.15985620186358
 20
-44.93798788186813
 30
0.0
  0
VERTEX
  5
106
  8
COUCHE_1
 10
-67.00348445792349
 20
-44.9445468855038
 30
0.0
  0
VERTEX
  5
107
  8
COUCHE_1
 10
-39.97025948177083
 20
-44.9445468855038
 30
0.0
  0
VERTEX
  5
108
  8
COUCHE_1
 10
-39.84502289092995
 20
-44.95944008579468
 30
0.0
  0
VERTEX
  5
109
  8
COUCHE_1
 10
-39.30772606280862
 20
-44.99999999999994
 30
0.0
  0
VERTEX
  5
10A
  8
COUCHE_1
 10
-38.54577758756316
 20
-44.96337642977895
 30
0.0
  0
VERTEX
  5
10B
  8
COUCHE_1
 10
-38.40613822031455
 20
-44.94382022140615
 30
0.0
  0
VERTEX
  5
10C
  8
COUCHE_1
 10
-38.25026928797987
 20
-44.93236702213689
 30
0.0
  0
VERTEX
  5
10D
  8
COUCHE_1
 10
-38.10471320201884
 20
-44.90868011613855
 30
0.0
  0
VERTEX
  5
10E
  8
COUCHE_1
 10
-37.96945360974023
 20
-44.87358562754951
 30
0.0
  0
VERTEX
  5
10F
  8
COUCHE_1
 10
-37.84447415845269
 20
-44.82790968050845
 30
0.0
  0
VERTEX
  5
110
  8
COUCHE_1
 10
-37.72975849546461
 20
-44.77247839915407
 30
0.0
  0
VERTEX
  5
111
  8
COUCHE_1
 10
-37.6252902680849
 20
-44.70811790762473
 30
0.0
  0
VERTEX
  5
112
  8
COUCHE_1
 10
-37.53105312362194
 20
-44.63565433005925
 30
0.0
  0
VERTEX
  5
113
  8
COUCHE_1
 10
-37.44703070938439
 20
-44.55591379059619
 30
0.0
  0
VERTEX
  5
114
  8
COUCHE_1
 10
-37.37320667268089
 20
-44.46972241337406
 30
0.0
  0
VERTEX
  5
115
  8
COUCHE_1
 10
-37.30956466082009
 20
-44.37790632253142
 30
0.0
  0
VERTEX
  5
116
  8
COUCHE_1
 10
-37.2560883211104
 20
-44.28129164220721
 30
0.0
  0
VERTEX
  5
117
  8
COUCHE_1
 10
-37.21276130086044
 20
-44.18070449653955
 30
0.0
  0
VERTEX
  5
118
  8
COUCHE_1
 10
-37.179567247379
 20
-44.07697100966726
 30
0.0
  0
VERTEX
  5
119
  8
COUCHE_1
 10
-37.15648980797461
 20
-43.97091730572885
 30
0.0
  0
VERTEX
  5
11A
  8
COUCHE_1
 10
-37.14351262995577
 20
-43.86336950886319
 30
0.0
  0
VERTEX
  5
11B
  8
COUCHE_1
 10
-37.1406193606314
 20
-43.75515374320847
 30
0.0
  0
VERTEX
  5
11C
  8
COUCHE_1
 10
-37.14779364730977
 20
-43.6470961329037
 30
0.0
  0
VERTEX
  5
11D
  8
COUCHE_1
 10
-37.16501913729964
 20
-43.54002280208711
 30
0.0
  0
VERTEX
  5
11E
  8
COUCHE_1
 10
-37.19227947790954
 20
-43.43475987489752
 30
0.0
  0
VERTEX
  5
11F
  8
COUCHE_1
 10
-37.22955831644823
 20
-43.33213347547331
 30
0.0
  0
VERTEX
  5
120
  8
COUCHE_1
 10
-37.27683930022413
 20
-43.23296972795347
 30
0.0
  0
VERTEX
  5
121
  8
COUCHE_1
 10
-37.33410607654587
 20
-43.13809475647622
 30
0.0
  0
VERTEX
  5
122
  8
COUCHE_1
 10
-37.40134229272223
 20
-43.04833468518012
 30
0.0
  0
VERTEX
  5
123
  8
COUCHE_1
 10
-37.47853159606174
 20
-42.96451563820427
 30
0.0
  0
VERTEX
  5
124
  8
COUCHE_1
 10
-37.56565763387303
 20
-42.88746373968691
 30
0.0
  0
VERTEX
  5
125
  8
COUCHE_1
 10
-37.66270405346451
 20
-42.81800511376657
 30
0.0
  0
VERTEX
  5
126
  8
COUCHE_1
 10
-37.76965450214481
 20
-42.7569658845818
 30
0.0
  0
VERTEX
  5
127
  8
COUCHE_1
 10
-37.88649262722273
 20
-42.70517217627141
 30
0.0
  0
VERTEX
  5
128
  8
COUCHE_1
 10
-38.01320207600664
 20
-42.66345011297394
 30
0.0
  0
VERTEX
  5
129
  8
COUCHE_1
 10
-38.14976649580546
 20
-42.63262581882793
 30
0.0
  0
VERTEX
  5
12A
  8
COUCHE_1
 10
-38.29616953392771
 20
-42.61352541797203
 30
0.0
  0
VERTEX
  5
12B
  8
COUCHE_1
 10
-38.45239483768177
 20
-42.60697503454481
 30
0.0
  0
VERTEX
  5
12C
  8
COUCHE_1
 10
-39.7225029653188
 20
-42.60697503454481
 30
0.0
  0
VERTEX
  5
12D
  8
COUCHE_1
 10
-39.96850247531524
 20
-42.56518368261414
 30
0.0
  0
VERTEX
  5
12E
  8
COUCHE_1
 10
-40.49043578316334
 20
-42.42647604777738
 30
0.0
  0
VERTEX
  5
12F
  8
COUCHE_1
 10
-41.12683383633555
 20
-42.19622028300962
 30
0.0
  0
VERTEX
  5
130
  8
COUCHE_1
 10
-41.8926179722497
 20
-41.84597964248
 30
0.0
  0
VERTEX
  5
131
  8
COUCHE_1
 10
-42.30293834447738
 20
-41.62940523109781
 30
0.0
  0
VERTEX
  5
132
  8
COUCHE_1
 10
-42.75474873127816
 20
-41.36964820443619
 30
0.0
  0
VERTEX
  5
133
  8
COUCHE_1
 10
-43.23667124303713
 20
-41.07001752489994
 30
0.0
  0
VERTEX
  5
134
  8
COUCHE_1
 10
-43.74875823503559
 20
-40.72781599086521
 30
0.0
  0
VERTEX
  5
135
  8
COUCHE_1
 10
-44.29104796238798
 20
-40.34038337939877
 30
0.0
  0
VERTEX
  5
136
  8
COUCHE_1
 10
-44.86357320747143
 20
-39.90509235736116
 30
0.0
  0
VERTEX
  5
137
  8
COUCHE_1
 10
-45.46636769352993
 20
-39.41934409354349
 30
0.0
  0
VERTEX
  5
138
  8
COUCHE_1
 10
-46.09947064729654
 20
-38.88056392485198
 30
0.0
  0
VERTEX
  5
139
  8
COUCHE_1
 10
-46.7629298713006
 20
-38.28619729842727
 30
0.0
  0
VERTEX
  5
13A
  8
COUCHE_1
 10
-47.45680365527845
 20
-37.63370611227538
 30
0.0
  0
VERTEX
  5
13B
  8
COUCHE_1
 10
-48.18116181073761
 20
-36.92056550649646
 30
0.0
  0
VERTEX
  5
13C
  8
COUCHE_1
 10
-48.93608606340248
 20
-36.14426111030113
 30
0.0
  0
VERTEX
  5
13D
  8
COUCHE_1
 10
-49.72166999105407
 20
-35.30228672118392
 30
0.0
  0
VERTEX
  5
13E
  8
COUCHE_1
 10
-50.8316622089583
 20
-34.0647601748592
 30
0.0
  0
VERTEX
  5
13F
  8
COUCHE_1
 10
-51.84265955479488
 20
-33.85923858785279
 30
0.0
  0
VERTEX
  5
140
  8
COUCHE_1
 10
-52.51878755457732
 20
-34.22258346978275
 30
0.0
  0
VERTEX
  5
141
  8
COUCHE_1
 10
-52.92427992584955
 20
-34.59307812111212
 30
0.0
  0
VERTEX
  5
142
  8
COUCHE_1
 10
-53.80637156902057
 20
-35.55268884053631
 30
0.0
  0
VERTEX
  5
143
  8
COUCHE_1
 10
-55.09475801544804
 20
-36.90553442156411
 30
0.0
  0
VERTEX
  5
144
  8
COUCHE_1
 10
-55.88097198533026
 20
-37.66034463990689
 30
0.0
  0
VERTEX
  5
145
  8
COUCHE_1
 10
-56.77118370551458
 20
-38.44558600042748
 30
0.0
  0
VERTEX
  5
146
  8
COUCHE_1
 10
-57.76509046952855
 20
-39.23677753728735
 30
0.0
  0
VERTEX
  5
147
  8
COUCHE_1
 10
-58.28560585239271
 20
-39.61572417034173
 30
0.0
  0
VERTEX
  5
148
  8
COUCHE_1
 10
-58.83543906831225
 20
-39.98986198136014
 30
0.0
  0
VERTEX
  5
149
  8
COUCHE_1
 10
-59.40701434540301
 20
-40.350899655404
 30
0.0
  0
VERTEX
  5
14A
  8
COUCHE_1
 10
-59.99974855901041
 20
-40.69569316630243
 30
0.0
  0
VERTEX
  5
14B
  8
COUCHE_1
 10
-60.61306770408136
 20
-41.02116136098546
 30
0.0
  0
VERTEX
  5
14C
  8
COUCHE_1
 10
-61.24642741206476
 20
-41.32429536824021
 30
0.0
  0
VERTEX
  5
14D
  8
COUCHE_1
 10
-61.89933918363953
 20
-41.60216487448579
 30
0.0
  0
VERTEX
  5
14E
  8
COUCHE_1
 10
-62.57140211537777
 20
-41.85191906861276
 30
0.0
  0
VERTEX
  5
14F
  8
COUCHE_1
 10
-63.26233867825557
 20
-42.07077966553263
 30
0.0
  0
VERTEX
  5
150
  8
COUCHE_1
 10
-63.9720314510094
 20
-42.25602346345168
 30
0.0
  0
VERTEX
  5
151
  8
COUCHE_1
 10
-64.70055584823677
 20
-42.40495267638871
 30
0.0
  0
VERTEX
  5
152
  8
COUCHE_1
 10
-65.44820231616953
 20
-42.51485303957299
 30
0.0
  0
VERTEX
  5
153
  8
COUCHE_1
 10
-66.21548094466635
 20
-42.58294237360205
 30
0.0
  0
SEQEND
  5
154
  8
COUCHE_1
  0
POLYLINE
  5
43
  8
COUCHE_1
 66
     1
 10
0.0
 20
0.0
 30
0.0
 70
     1
  0
VERTEX
  5
155
  8
COUCHE_1
 10
-54.55561952991498
 20
27.33402337142979
 30
0.0
  0
VERTEX
  5
156
  8
COUCHE_1
 10
-55.34805130707466
 20
30.63111722160108
 30
0.0
  0
VERTEX
  5
157
  8
COUCHE_1
 10
-57.06565116628926
 20
29.47744817330762
 30
0.0
  0
VERTEX
  5
158
  8
COUCHE_1
 10
-57.33885954173776
 20
29.31770134174585
 30
0.0
  0
VERTEX
  5
159
  8
COUCHE_1
 10
-58.38007297228129
 20
28.64330311153753
 30
0.0
  0
VERTEX
  5
15A
  8
COUCHE_1
 10
-59.0881915000757
 20
28.11147011263476
 30
0.0
  0
VERTEX
  5
15B
  8
COUCHE_1
 10
-59.85699750138099
 20
27.45831172507912
 30
0.0
  0
VERTEX
  5
15C
  8
COUCHE_1
 10
-60.65795273567835
 20
26.67822769854134
 30
0.0
  0
VERTEX
  5
15D
  8
COUCHE_1
 10
-61.07642844149965
 20
26.22292202710711
 30
0.0
  0
VERTEX
  5
15E
  8
COUCHE_1
 10
-61.48703962393583
 20
25.73894377180808
 30
0.0
  0
VERTEX
  5
15F
  8
COUCHE_1
 10
-61.8933721810395
 20
25.21758692716061
 30
0.0
  0
VERTEX
  5
160
  8
COUCHE_1
 10
-62.29176877071218
 20
24.65805358400185
 30
0.0
  0
VERTEX
  5
161
  8
COUCHE_1
 10
-62.67856829226
 20
24.05958854631792
 30
0.0
  0
VERTEX
  5
162
  8
COUCHE_1
 10
-63.05011379352432
 20
23.42148237428689
 30
0.0
  0
VERTEX
  5
163
  8
COUCHE_1
 10
-63.40276185250068
 20
22.74307221202629
 30
0.0
  0
VERTEX
  5
164
  8
COUCHE_1
 10
-63.73289273476409
 20
22.02374007754451
 30
0.0
  0
VERTEX
  5
165
  8
COUCHE_1
 10
-64.03692049937668
 20
21.26290847413247
 30
0.0
  0
VERTEX
  5
166
  8
COUCHE_1
 10
-64.31130216654591
 20
20.46003342703761
 30
0.0
  0
VERTEX
  5
167
  8
COUCHE_1
 10
-64.5525451024129
 20
19.61459531874064
 30
0.0
  0
VERTEX
  5
168
  8
COUCHE_1
 10
-64.75721193029023
 20
18.72608814519474
 30
0.0
  0
VERTEX
  5
169
  8
COUCHE_1
 10
-64.92192252986565
 20
17.79400799525982
 30
0.0
  0
VERTEX
  5
16A
  8
COUCHE_1
 10
-65.0433529979444
 20
16.81784163403472
 30
0.0
  0
VERTEX
  5
16B
  8
COUCHE_1
 10
-65.1182317651902
 20
15.79705603199269
 30
0.0
  0
VERTEX
  5
16C
  8
COUCHE_1
 10
-65.1433333399818
 20
14.73108953706579
 30
0.0
  0
VERTEX
  5
16D
  8
COUCHE_1
 10
-65.11547034216213
 20
13.61934516684066
 30
0.0
  0
VERTEX
  5
16E
  8
COUCHE_1
 10
-64.90307782446477
 20
10.69046447412321
 30
0.0
  0
VERTEX
  5
16F
  8
COUCHE_1
 10
-62.3424557240827
 20
11.88582099708895
 30
0.0
  0
VERTEX
  5
170
  8
COUCHE_1
 10
-61.5937609667697
 20
12.25775597013541
 30
0.0
  0
VERTEX
  5
171
  8
COUCHE_1
 10
-60.88194764752443
 20
12.63556565577294
 30
0.0
  0
VERTEX
  5
172
  8
COUCHE_1
 10
-60.20638699133239
 20
13.0202616539536
 30
0.0
  0
VERTEX
  5
173
  8
COUCHE_1
 10
-59.56652211224377
 20
13.41287671949365
 30
0.0
  0
VERTEX
  5
174
  8
COUCHE_1
 10
-58.96188796913179
 20
13.81445199904556
 30
0.0
  0
VERTEX
  5
175
  8
COUCHE_1
 10
-58.39213133300819
 20
14.22601745193339
 30
0.0
  0
VERTEX
  5
176
  8
COUCHE_1
 10
-57.85702786545031
 20
14.64856455951894
 30
0.0
  0
VERTEX
  5
177
  8
COUCHE_1
 10
-57.35649223588042
 20
15.08301148868577
 30
0.0
  0
VERTEX
  5
178
  8
COUCHE_1
 10
-56.89057639535385
 20
15.5301626462152
 30
0.0
  0
VERTEX
  5
179
  8
COUCHE_1
 10
-56.45945126199652
 20
15.99066692191309
 30
0.0
  0
VERTEX
  5
17A
  8
COUCHE_1
 10
-56.06336876461379
 20
16.46498136158763
 30
0.0
  0
VERTEX
  5
17B
  8
COUCHE_1
 10
-55.70260471794514
 20
16.95334860473729
 30
0.0
  0
VERTEX
  5
17C
  8
COUCHE_1
 10
-55.3773879021143
 20
17.45579605117238
 30
0.0
  0
VERTEX
  5
17D
  8
COUCHE_1
 10
-55.08782558532411
 20
17.9721616437653
 30
0.0
  0
VERTEX
  5
17E
  8
COUCHE_1
 10
-54.8338385670497
 20
18.50214566080493
 30
0.0
  0
VERTEX
  5
17F
  8
COUCHE_1
 10
-54.61511800105377
 20
19.04538157510198
 30
0.0
  0
VERTEX
  5
180
  8
COUCHE_1
 10
-54.43111157266798
 20
19.60151419057599
 30
0.0
  0
VERTEX
  5
181
  8
COUCHE_1
 10
-54.28103962398546
 20
20.17027182536857
 30
0.0
  0
VERTEX
  5
182
  8
COUCHE_1
 10
-54.1639351568167
 20
20.75152171089621
 30
0.0
  0
VERTEX
  5
183
  8
COUCHE_1
 10
-54.07869756601273
 20
21.34530279803805
 30
0.0
  0
VERTEX
  5
184
  8
COUCHE_1
 10
-54.02414932749092
 20
21.95183571609394
 30
0.0
  0
VERTEX
  5
185
  8
COUCHE_1
 10
-53.9990870353523
 20
22.57151389289791
 30
0.0
  0
VERTEX
  5
186
  8
COUCHE_1
 10
-54.00232168726697
 20
23.2048819658447
 30
0.0
  0
VERTEX
  5
187
  8
COUCHE_1
 10
-54.03270654571455
 20
23.85260774143944
 30
0.0
  0
VERTEX
  5
188
  8
COUCHE_1
 10
-54.08915341081679
 20
24.5154528053978
 30
0.0
  0
VERTEX
  5
189
  8
COUCHE_1
 10
-54.17063950864845
 20
25.19424523430926
 30
0.0
  0
VERTEX
  5
18A
  8
COUCHE_1
 10
-54.27721110790307
 20
25.89646850075639
 30
0.0
  0
SEQEND
  5
18B
  8
COUCHE_1
  0
POLYLINE
  5
44
  8
COUCHE_1
 66
     1
 10
0.0
 20
0.0
 30
0.0
 70
     1
  0
VERTEX
  5
18C
  8
COUCHE_1
 10
-56.39753101701857
 20
31.20875927386019
 30
0.0
  0
VERTEX
  5
18D
  8
COUCHE_1
 10
-58.28089215276131
 20
33.30173164243586
 30
0.0
  0
VERTEX
  5
18E
  8
COUCHE_1
 10
-58.84350537343428
 20
33.89555988779882
 30
0.0
  0
VERTEX
  5
18F
  8
COUCHE_1
 10
-59.28759602516709
 20
34.30901146087658
 30
0.0
  0
VERTEX
  5
190
  8
COUCHE_1
 10
-59.82264242352353
 20
34.75700665544296
 30
0.0
  0
VERTEX
  5
191
  8
COUCHE_1
 10
-60.45897609926263
 20
35.23001726060043
 30
0.0
  0
VERTEX
  5
192
  8
COUCHE_1
 10
-61.19972178256333
 20
35.71179484359416
 30
0.0
  0
VERTEX
  5
193
  8
COUCHE_1
 10
-62.04782913042951
 20
36.18597786777172
 30
0.0
  0
VERTEX
  5
194
  8
COUCHE_1
 10
-62.99380627898527
 20
36.63038998726457
 30
0.0
  0
VERTEX
  5
195
  8
COUCHE_1
 10
-63.52611809556397
 20
36.84582993664019
 30
0.0
  0
VERTEX
  5
196
  8
COUCHE_1
 10
-64.07528180042492
 20
37.04443158239636
 30
0.0
  0
VERTEX
  5
197
  8
COUCHE_1
 10
-64.65282148387939
 20
37.22873315018761
 30
0.0
  0
VERTEX
  5
198
  8
COUCHE_1
 10
-65.25886063603627
 20
37.39669040252939
 30
0.0
  0
VERTEX
  5
199
  8
COUCHE_1
 10
-65.89348796352918
 20
37.54628169149512
 30
0.0
  0
VERTEX
  5
19A
  8
COUCHE_1
 10
-66.55676264404632
 20
37.67551382607962
 30
0.0
  0
VERTEX
  5
19B
  8
COUCHE_1
 10
-67.24872131329846
 20
37.78242697547713
 30
0.0
  0
VERTEX
  5
19C
  8
COUCHE_1
 10
-67.96938640535619
 20
37.86509819961046
 30
0.0
  0
VERTEX
  5
19D
  8
COUCHE_1
 10
-68.71877532487214
 20
37.92164331000263
 30
0.0
  0
VERTEX
  5
19E
  8
COUCHE_1
 10
-69.49690984492602
 20
37.95021691554263
 30
0.0
  0
VERTEX
  5
19F
  8
COUCHE_1
 10
-70.30382510709357
 20
37.949010676636
 30
0.0
  0
VERTEX
  5
1A0
  8
COUCHE_1
 10
-72.6696474559547
 20
37.85627263874279
 30
0.0
  0
VERTEX
  5
1A1
  8
COUCHE_1
 10
-72.25159512622976
 20
36.15510653152224
 30
0.0
  0
VERTEX
  5
1A2
  8
COUCHE_1
 10
-72.21932038966636
 20
35.89252775616485
 30
0.0
  0
VERTEX
  5
1A3
  8
COUCHE_1
 10
-72.21985089703357
 20
35.65070101106276
 30
0.0
  0
VERTEX
  5
1A4
  8
COUCHE_1
 10
-72.24916260503515
 20
35.42459001477417
 30
0.0
  0
VERTEX
  5
1A5
  8
COUCHE_1
 10
-72.30507208254151
 20
35.20910678188466
 30
0.0
  0
VERTEX
  5
1A6
  8
COUCHE_1
 10
-72.38699954551906
 20
34.99996306828864
 30
0.0
  0
VERTEX
  5
1A7
  8
COUCHE_1
 10
-72.49531519845962
 20
34.79423103729271
 30
0.0
  0
VERTEX
  5
1A8
  8
COUCHE_1
 10
-72.63057382754697
 20
34.59046565269863
 30
0.0
  0
VERTEX
  5
1A9
  8
COUCHE_1
 10
-72.79291907684244
 20
34.38846806229435
 30
0.0
  0
VERTEX
  5
1AA
  8
COUCHE_1
 10
-72.98177501188466
 20
34.188883504829
 30
0.0
  0
VERTEX
  5
1AB
  8
COUCHE_1
 10
-73.19578993100416
 20
33.99280533457415
 30
0.0
  0
VERTEX
  5
1AC
  8
COUCHE_1
 10
-73.43293216279947
 20
33.80147403785645
 30
0.0
  0
VERTEX
  5
1AD
  8
COUCHE_1
 10
-73.69064456814492
 20
33.61608788316029
 30
0.0
  0
VERTEX
  5
1AE
  8
COUCHE_1
 10
-73.95530649324631
 20
33.444631596684
 30
0.0
  0
VERTEX
  5
1AF
  8
COUCHE_1
 10
-74.55945379420932
 20
33.10458328788494
 30
0.0
  0
VERTEX
  5
1B0
  8
COUCHE_1
 10
-75.18076614991485
 20
32.80866122780968
 30
0.0
  0
VERTEX
  5
1B1
  8
COUCHE_1
 10
-75.80578983228949
 20
32.55171145012455
 30
0.0
  0
VERTEX
  5
1B2
  8
COUCHE_1
 10
-76.407209616434
 20
32.33485286248885
 30
0.0
  0
VERTEX
  5
1B3
  8
COUCHE_1
 10
-76.95180389022916
 20
32.16017067337975
 30
0.0
  0
VERTEX
  5
1B4
  8
COUCHE_1
 10
-77.82406660573955
 20
31.91665175676572
 30
0.0
  0
VERTEX
  5
1B5
  8
COUCHE_1
 10
-78.33251827721892
 20
31.7825913177438
 30
0.0
  0
VERTEX
  5
1B6
  8
COUCHE_1
 10
-78.82848809623879
 20
31.52328833649003
 30
0.0
  0
VERTEX
  5
1B7
  8
COUCHE_1
 10
-79.73288856038792
 20
31.04254617769174
 30
0.0
  0
VERTEX
  5
1B8
  8
COUCHE_1
 10
-81.00879982057654
 20
30.32042652473715
 30
0.0
  0
VERTEX
  5
1B9
  8
COUCHE_1
 10
-82.46639957164186
 20
29.41697110076574
 30
0.0
  0
VERTEX
  5
1BA
  8
COUCHE_1
 10
-83.22472813197909
 20
28.90218333094386
 30
0.0
  0
VERTEX
  5
1BB
  8
COUCHE_1
 10
-83.96149322329539
 20
28.36083052390972
 30
0.0
  0
VERTEX
  5
1BC
  8
COUCHE_1
 10
-84.66327757521708
 20
27.79151177386373
 30
0.0
  0
VERTEX
  5
1BD
  8
COUCHE_1
 10
-85.31086157771665
 20
27.19448885088309
 30
0.0
  0
VERTEX
  5
1BE
  8
COUCHE_1
 10
-85.87079643154483
 20
26.58073639198577
 30
0.0
  0
VERTEX
  5
1BF
  8
COUCHE_1
 10
-86.13208487187717
 20
26.23885125401758
 30
0.0
  0
VERTEX
  5
1C0
  8
COUCHE_1
 10
-86.35635250094619
 20
25.8957384537446
 30
0.0
  0
VERTEX
  5
1C1
  8
COUCHE_1
 10
-86.54807950153968
 20
25.53565826732749
 30
0.0
  0
VERTEX
  5
1C2
  8
COUCHE_1
 10
-86.70005031980064
 20
25.15495143394874
 30
0.0
  0
VERTEX
  5
1C3
  8
COUCHE_1
 10
-86.80180068639646
 20
24.75102571386767
 30
0.0
  0
VERTEX
  5
1C4
  8
COUCHE_1
 10
-86.92347134092697
 20
23.37325794364531
 30
0.0
  0
VERTEX
  5
1C5
  8
COUCHE_1
 10
-84.40535649947323
 20
22.95191552717278
 30
0.0
  0
VERTEX
  5
1C6
  8
COUCHE_1
 10
-83.18923353802994
 20
22.70009309894018
 30
0.0
  0
VERTEX
  5
1C7
  8
COUCHE_1
 10
-82.08590935534158
 20
22.42588064721962
 30
0.0
  0
VERTEX
  5
1C8
  8
COUCHE_1
 10
-81.09117383077991
 20
22.13560784105964
 30
0.0
  0
VERTEX
  5
1C9
  8
COUCHE_1
 10
-80.20078747604094
 20
21.83555359683363
 30
0.0
  0
VERTEX
  5
1CA
  8
COUCHE_1
 10
-79.41048902741227
 20
21.53193907421057
 30
0.0
  0
VERTEX
  5
1CB
  8
COUCHE_1
 10
-78.71600252353396
 20
21.23092097524467
 30
0.0
  0
VERTEX
  5
1CC
  8
COUCHE_1
 10
-78.11304131828777
 20
20.93858372330841
 30
0.0
  0
VERTEX
  5
1CD
  8
COUCHE_1
 10
-77.59730435095346
 20
20.6609268682692
 30
0.0
  0
VERTEX
  5
1CE
  8
COUCHE_1
 10
-77.16445493629645
 20
20.40383885927056
 30
0.0
  0
VERTEX
  5
1CF
  8
COUCHE_1
 10
-76.8100580948742
 20
20.17303427807772
 30
0.0
  0
VERTEX
  5
1D0
  8
COUCHE_1
 10
-76.53652409952568
 20
19.97893807578536
 30
0.0
  0
VERTEX
  5
1D1
  8
COUCHE_1
 10
-76.14765745411019
 20
19.67214883179459
 30
0.0
  0
VERTEX
  5
1D2
  8
COUCHE_1
 10
-74.44598426067382
 20
18.26789107493842
 30
0.0
  0
VERTEX
  5
1D3
  8
COUCHE_1
 10
-73.78550695176556
 20
20.26190789782539
 30
0.0
  0
VERTEX
  5
1D4
  8
COUCHE_1
 10
-73.67515801487099
 20
20.68085161786971
 30
0.0
  0
VERTEX
  5
1D5
  8
COUCHE_1
 10
-73.51054969233697
 20
21.25407874651438
 30
0.0
  0
VERTEX
  5
1D6
  8
COUCHE_1
 10
-73.26782826405513
 20
21.98419911937285
 30
0.0
  0
VERTEX
  5
1D7
  8
COUCHE_1
 10
-72.93171696369086
 20
22.84098353414924
 30
0.0
  0
VERTEX
  5
1D8
  8
COUCHE_1
 10
-72.48357534019328
 20
23.80054955379474
 30
0.0
  0
VERTEX
  5
1D9
  8
COUCHE_1
 10
-72.22182263784865
 20
24.29110153124091
 30
0.0
  0
VERTEX
  5
1DA
  8
COUCHE_1
 10
-71.92406240495434
 20
24.79990371398993
 30
0.0
  0
VERTEX
  5
1DB
  8
COUCHE_1
 10
-71.59308066208979
 20
25.31456419102314
 30
0.0
  0
VERTEX
  5
1DC
  8
COUCHE_1
 10
-71.22736875509973
 20
25.83085083479224
 30
0.0
  0
VERTEX
  5
1DD
  8
COUCHE_1
 10
-70.82542962727707
 20
26.34461221723813
 30
0.0
  0
VERTEX
  5
1DE
  8
COUCHE_1
 10
-70.38575536452971
 20
26.85179610943877
 30
0.0
  0
VERTEX
  5
1DF
  8
COUCHE_1
 10
-69.90679627166975
 20
27.3484647855263
 30
0.0
  0
VERTEX
  5
1E0
  8
COUCHE_1
 10
-69.38692144434309
 20
27.83080394332256
 30
0.0
  0
VERTEX
  5
1E1
  8
COUCHE_1
 10
-68.82437257338562
 20
28.29512128570136
 30
0.0
  0
VERTEX
  5
1E2
  8
COUCHE_1
 10
-68.21721514439479
 20
28.73783076128649
 30
0.0
  0
VERTEX
  5
1E3
  8
COUCHE_1
 10
-67.56329385740274
 20
29.15541961837951
 30
0.0
  0
VERTEX
  5
1E4
  8
COUCHE_1
 10
-66.86020114083031
 20
29.54439807802227
 30
0.0
  0
VERTEX
  5
1E5
  8
COUCHE_1
 10
-66.10526794096114
 20
29.90123537214838
 30
0.0
  0
VERTEX
  5
1E6
  8
COUCHE_1
 10
-65.2955835866071
 20
30.22229018181392
 30
0.0
  0
VERTEX
  5
1E7
  8
COUCHE_1
 10
-64.42804634820247
 20
30.50374660811946
 30
0.0
  0
VERTEX
  5
1E8
  8
COUCHE_1
 10
-63.4994395028001
 20
30.74156718464272
 30
0.0
  0
VERTEX
  5
1E9
  8
COUCHE_1
 10
-62.50652151554273
 20
30.93147143877223
 30
0.0
  0
VERTEX
  5
1EA
  8
COUCHE_1
 10
-61.44611567620575
 20
31.06894290047226
 30
0.0
  0
VERTEX
  5
1EB
  8
COUCHE_1
 10
-60.31518538673399
 20
31.14926119396418
 30
0.0
  0
SEQEND
  5
1EC
  8
COUCHE_1
  0
POLYLINE
  5
45
  8
COUCHE_1
 66
     1
 10
0.0
 20
0.0
 30
0.0
 70
     1
  0
VERTEX
  5
1ED
  8
COUCHE_1
 10
-87.66252518168946
 20
13.34105897038846
 30
0.0
  0
VERTEX
  5
1EE
  8
COUCHE_1
 10
-88.94716521106159
 20
13.26235956606459
 30
0.0
  0
VERTEX
  5
1EF
  8
COUCHE_1
 10
-90.26764165352036
 20
13.12937411652813
 30
0.0
  0
VERTEX
  5
1F0
  8
COUCHE_1
 10
-91.62229526469463
 20
12.93803849497817
 30
0.0
  0
VERTEX
  5
1F1
  8
COUCHE_1
 10
-93.00944309103862
 20
12.684330177797
 30
0.0
  0
VERTEX
  5
1F2
  8
COUCHE_1
 10
-94.42738854369415
 20
12.36427209701277
 30
0.0
  0
VERTEX
  5
1F3
  8
COUCHE_1
 10
-95.87443276530001
 20
11.97393434623167
 30
0.0
  0
VERTEX
  5
1F4
  8
COUCHE_1
 10
-97.34888650678785
 20
11.5094334808291
 30
0.0
  0
VERTEX
  5
1F5
  8
COUCHE_1
 10
-98.84908164698466
 20
10.96692938932772
 30
0.0
  0
VERTEX
  5
1F6
  8
COUCHE_1
 10
-102.9806413074646
 20
9.274761260666244
 30
0.0
  0
VERTEX
  5
1F7
  8
COUCHE_1
 10
-99.2749809050796
 20
7.804336703858032
 30
0.0
  0
VERTEX
  5
1F8
  8
COUCHE_1
 10
-98.18681498072196
 20
7.412877564971266
 30
0.0
  0
VERTEX
  5
1F9
  8
COUCHE_1
 10
-97.0919386314747
 20
7.057158888832677
 30
0.0
  0
VERTEX
  5
1FA
  8
COUCHE_1
 10
-95.99244897738386
 20
6.736096784662125
 30
0.0
  0
VERTEX
  5
1FB
  8
COUCHE_1
 10
-94.89042056615158
 20
6.448611263468851
 30
0.0
  0
VERTEX
  5
1FC
  8
COUCHE_1
 10
-93.78790784685509
 20
6.193628196962337
 30
0.0
  0
VERTEX
  5
1FD
  8
COUCHE_1
 10
-92.68694748182781
 20
5.970080770863009
 30
0.0
  0
VERTEX
  5
1FE
  8
COUCHE_1
 10
-91.58956040583037
 20
5.776910526028617
 30
0.0
  0
VERTEX
  5
1FF
  8
COUCHE_1
 10
-90.49775356998177
 20
5.613068081284054
 30
0.0
  0
VERTEX
  5
200
  8
COUCHE_1
 10
-89.41352132842906
 20
5.477513628281353
 30
0.0
  0
VERTEX
  5
201
  8
COUCHE_1
 10
-88.33884643860227
 20
5.369217283549555
 30
0.0
  0
VERTEX
  5
202
  8
COUCHE_1
 10
-87.27570065223176
 20
5.287159378208861
 30
0.0
  0
VERTEX
  5
203
  8
COUCHE_1
 10
-86.22604487365058
 20
5.230330763115226
 30
0.0
  0
VERTEX
  5
204
  8
COUCHE_1
 10
-85.19182885558462
 20
5.197733208122759
 30
0.0
  0
VERTEX
  5
205
  8
COUCHE_1
 10
-84.17499038993755
 20
5.188379980197945
 30
0.0
  0
VERTEX
  5
206
  8
COUCHE_1
 10
-83.17745393192746
 20
5.201296698353317
 30
0.0
  0
VERTEX
  5
207
  8
COUCHE_1
 10
-82.20112856900568
 20
5.235522586537624
 30
0.0
  0
VERTEX
  5
208
  8
COUCHE_1
 10
-81.24790520972546
 20
5.290112282930682
 30
0.0
  0
VERTEX
  5
209
  8
COUCHE_1
 10
-80.31965281911312
 20
5.364138422010972
 30
0.0
  0
VERTEX
  5
20A
  8
COUCHE_1
 10
-79.4182134629827
 20
5.456695294455257
 30
0.0
  0
VERTEX
  5
20B
  8
COUCHE_1
 10
-78.5453958386016
 20
5.566904025713221
 30
0.0
  0
VERTEX
  5
20C
  8
COUCHE_1
 10
-77.70296685912162
 20
5.693919923162474
 30
0.0
  0
VERTEX
  5
20D
  8
COUCHE_1
 10
-76.89264071885343
 20
5.836942967148451
 30
0.0
  0
VERTEX
  5
20E
  8
COUCHE_1
 10
-76.11606469912162
 20
5.995232933678897
 30
0.0
  0
VERTEX
  5
20F
  8
COUCHE_1
 10
-75.37480079870663
 20
6.168131454163778
 30
0.0
  0
VERTEX
  5
210
  8
COUCHE_1
 10
-74.67030215742874
 20
6.355094637100978
 30
0.0
  0
VERTEX
  5
211
  8
COUCHE_1
 10
-74.00388337453344
 20
6.55574202424577
 30
0.0
  0
VERTEX
  5
212
  8
COUCHE_1
 10
-73.37668469118732
 20
6.769931154758519
 30
0.0
  0
VERTEX
  5
213
  8
COUCHE_1
 10
-72.78963281354088
 20
6.997872647439014
 30
0.0
  0
VERTEX
  5
214
  8
COUCHE_1
 10
-72.24340882458556
 20
7.240309402637386
 30
0.0
  0
VERTEX
  5
215
  8
COUCHE_1
 10
-71.73845309934323
 20
7.498795369392931
 30
0.0
  0
VERTEX
  5
216
  8
COUCHE_1
 10
-69.45501363792518
 20
8.865422775746957
 30
0.0
  0
VERTEX
  5
217
  8
COUCHE_1
 10
-71.61477434084188
 20
9.830800920901307
 30
0.0
  0
VERTEX
  5
218
  8
COUCHE_1
 10
-72.03286740929742
 20
10.04433243166457
 30
0.0
  0
VERTEX
  5
219
  8
COUCHE_1
 10
-72.74806239109937
 20
10.39416729713593
 30
0.0
  0
VERTEX
  5
21A
  8
COUCHE_1
 10
-73.71325113736614
 20
10.82834158300543
 30
0.0
  0
VERTEX
  5
21B
  8
COUCHE_1
 10
-74.91292180407198
 20
11.3113593441833
 30
0.0
  0
VERTEX
  5
21C
  8
COUCHE_1
 10
-76.32619445786983
 20
11.80647694306416
 30
0.0
  0
VERTEX
  5
21D
  8
COUCHE_1
 10
-77.12562270266216
 20
12.0535141042323
 30
0.0
  0
VERTEX
  5
21E
  8
COUCHE_1
 10
-77.96883179067919
 20
12.28951226666114
 30
0.0
  0
VERTEX
  5
21F
  8
COUCHE_1
 10
-78.86244825158764
 20
12.51278088281495
 30
0.0
  0
VERTEX
  5
220
  8
COUCHE_1
 10
-79.8051523458021
 20
12.71916832237619
 30
0.0
  0
VERTEX
  5
221
  8
COUCHE_1
 10
-80.79560672277196
 20
12.9045137779288
 30
0.0
  0
VERTEX
  5
222
  8
COUCHE_1
 10
-81.83245007292754
 20
13.06464825419292
 30
0.0
  0
VERTEX
  5
223
  8
COUCHE_1
 10
-82.91429137501288
 20
13.19539684760405
 30
0.0
  0
VERTEX
  5
224
  8
COUCHE_1
 10
-84.03970487194233
 20
13.29258229257932
 30
0.0
  0
VERTEX
  5
225
  8
COUCHE_1
 10
-85.2072260434605
 20
13.35202972100134
 30
0.0
  0
VERTEX
  5
226
  8
COUCHE_1
 10
-86.41534892868417
 20
13.36957250785664
 30
0.0
  0
SEQEND
  5
227
  8
COUCHE_1
  0
POLYLINE
  5
46
  8
COUCHE_1
 66
     1
 10
0.0
 20
0.0
 30
0.0
 70
     1
  0
VERTEX
  5
228
  8
COUCHE_1
 10
-107.4799621706999
 20
8.68420842523236
 30
0.0
  0
VERTEX
  5
229
  8
COUCHE_1
 10
-111.957094065325
 20
5.951840840842936
 30
0.0
  0
VERTEX
  5
22A
  8
COUCHE_1
 10
-114.0702011857741
 20
4.608280973576743
 30
0.0
  0
VERTEX
  5
22B
  8
COUCHE_1
 10
-115.7417865739995
 20
3.520546968113292
 30
0.0
  0
VERTEX
  5
22C
  8
COUCHE_1
 10
-117.0634984131206
 20
2.672811128166391
 30
0.0
  0
VERTEX
  5
22D
  8
COUCHE_1
 10
-118.1370760886477
 20
2.03981887396867
 30
0.0
  0
VERTEX
  5
22E
  8
COUCHE_1
 10
-118.5856144631101
 20
1.808338319989292
 30
0.0
  0
VERTEX
  5
22F
  8
COUCHE_1
 10
-119.011831686847
 20
1.616215628662043
 30
0.0
  0
VERTEX
  5
230
  8
COUCHE_1
 10
-119.4225251580782
 20
1.461248260633738
 30
0.0
  0
VERTEX
  5
231
  8
COUCHE_1
 10
-119.8368774651387
 20
1.336387751298454
 30
0.0
  0
VERTEX
  5
232
  8
COUCHE_1
 10
-120.2759883068393
 20
1.236030032633153
 30
0.0
  0
VERTEX
  5
233
  8
COUCHE_1
 10
-127.8265018708262
 20
0.0009262738991382
 30
0.0
  0
VERTEX
  5
234
  8
COUCHE_1
 10
-120.2759883068395
 20
-1.234177484834585
 30
0.0
  0
VERTEX
  5
235
  8
COUCHE_1
 10
-119.8368774651387
 20
-1.334535203500179
 30
0.0
  0
VERTEX
  5
236
  8
COUCHE_1
 10
-119.4225251580782
 20
-1.459395712835463
 30
0.0
  0
VERTEX
  5
237
  8
COUCHE_1
 10
-119.011831686847
 20
-1.614363080863768
 30
0.0
  0
VERTEX
  5
238
  8
COUCHE_1
 10
-118.5856144631101
 20
-1.806485772191016
 30
0.0
  0
VERTEX
  5
239
  8
COUCHE_1
 10
-118.1279571146411
 20
-2.042672423295958
 30
0.0
  0
VERTEX
  5
23A
  8
COUCHE_1
 10
-117.6259199619939
 20
-2.328460825788138
 30
0.0
  0
VERTEX
  5
23B
  8
COUCHE_1
 10
-117.0712799415708
 20
-2.665967567681621
 30
0.0
  0
VERTEX
  5
23C
  8
COUCHE_1
 10
-115.7417865740023
 20
-3.51869442031297
 30
0.0
  0
VERTEX
  5
23D
  8
COUCHE_1
 10
-114.0702011857772
 20
-4.606428425776131
 30
0.0
  0
VERTEX
  5
23E
  8
COUCHE_1
 10
-111.9570940653242
 20
-5.949988293044953
 30
0.0
  0
VERTEX
  5
23F
  8
COUCHE_1
 10
-107.4799621706999
 20
-8.682355877434086
 30
0.0
  0
VERTEX
  5
240
  8
COUCHE_1
 10
-107.2634745765962
 20
-6.644895582952425
 30
0.0
  0
VERTEX
  5
241
  8
COUCHE_1
 10
-107.2227165668901
 20
-6.576497758787355
 30
0.0
  0
VERTEX
  5
242
  8
COUCHE_1
 10
-107.1200485409226
 20
-6.445615765359599
 30
0.0
  0
VERTEX
  5
243
  8
COUCHE_1
 10
-106.9585657709046
 20
-6.274925870241209
 30
0.0
  0
VERTEX
  5
244
  8
COUCHE_1
 10
-106.7531133932872
 20
-6.08576098945566
 30
0.0
  0
VERTEX
  5
245
  8
COUCHE_1
 10
-106.1698498037588
 20
-5.623986383583901
 30
0.0
  0
VERTEX
  5
246
  8
COUCHE_1
 10
-105.4525203432726
 20
-5.131072549651436
 30
0.0
  0
VERTEX
  5
247
  8
COUCHE_1
 10
-104.6250584626115
 20
-4.616868364584272
 30
0.0
  0
VERTEX
  5
248
  8
COUCHE_1
 10
-103.7234705845076
 20
-4.09714830767127
 30
0.0
  0
VERTEX
  5
249
  8
COUCHE_1
 10
-102.7858525056072
 20
-3.587154459190873
 30
0.0
  0
VERTEX
  5
24A
  8
COUCHE_1
 10
-100.9034590915819
 20
-2.626531602519469
 30
0.0
  0
VERTEX
  5
24B
  8
COUCHE_1
 10
-99.24636475924929
 20
-1.828854000653663
 30
0.0
  0
VERTEX
  5
24C
  8
COUCHE_1
 10
-98.03963529224995
 20
-1.264675447569615
 30
0.0
  0
VERTEX
  5
24D
  8
COUCHE_1
 10
-95.47137007983106
 20
0.000926273899136
 30
0.0
  0
VERTEX
  5
24E
  8
COUCHE_1
 10
-98.03963529225047
 20
1.26652799536818
 30
0.0
  0
VERTEX
  5
24F
  8
COUCHE_1
 10
-99.24636475924981
 20
1.830706548452228
 30
0.0
  0
VERTEX
  5
250
  8
COUCHE_1
 10
-100.9034590915819
 20
2.628384150318034
 30
0.0
  0
VERTEX
  5
251
  8
COUCHE_1
 10
-102.7858525056077
 20
3.589007006989731
 30
0.0
  0
VERTEX
  5
252
  8
COUCHE_1
 10
-103.7234705845076
 20
4.099000855469543
 30
0.0
  0
VERTEX
  5
253
  8
COUCHE_1
 10
-104.6250584626115
 20
4.618720912382546
 30
0.0
  0
VERTEX
  5
254
  8
COUCHE_1
 10
-105.4525203432726
 20
5.13292509744971
 30
0.0
  0
VERTEX
  5
255
  8
COUCHE_1
 10
-106.1698498037588
 20
5.625838931382465
 30
0.0
  0
VERTEX
  5
256
  8
COUCHE_1
 10
-106.7531133932872
 20
6.087613537253932
 30
0.0
  0
VERTEX
  5
257
  8
COUCHE_1
 10
-106.9585657709049
 20
6.276778418039481
 30
0.0
  0
VERTEX
  5
258
  8
COUCHE_1
 10
-107.1200485409226
 20
6.447468313158162
 30
0.0
  0
VERTEX
  5
259
  8
COUCHE_1
 10
-107.2227165668898
 20
6.578350306585336
 30
0.0
  0
VERTEX
  5
25A
  8
COUCHE_1
 10
-107.2634745765964
 20
6.646748130750697
 30
0.0
  0
SEQEND
  5
25B
  8
COUCHE_1
  0
POLYLINE
  5
47
  8
COUCHE_1
 66
     1
 10
0.0
 20
0.0
 30
0.0
 70
     1
  0
VERTEX
  5
25C
  8
COUCHE_1
 10
-102.9806413074646
 20
-9.27290871286797
 30
0.0
  0
VERTEX
  5
25D
  8
COUCHE_1
 10
-98.84908164698258
 20
-10.96507684152974
 30
0.0
  0
VERTEX
  5
25E
  8
COUCHE_1
 10
-97.34888650678889
 20
-11.50758093303024
 30
0.0
  0
VERTEX
  5
25F
  8
COUCHE_1
 10
-95.87443276529845
 20
-11.9720817984334
 30
0.0
  0
VERTEX
  5
260
  8
COUCHE_1
 10
-94.4273885436957
 20
-12.36241954921421
 30
0.0
  0
VERTEX
  5
261
  8
COUCHE_1
 10
-93.00944309103967
 20
-12.68247762999814
 30
0.0
  0
VERTEX
  5
262
  8
COUCHE_1
 10
-91.6222952646915
 20
-12.93618594718019
 30
0.0
  0
VERTEX
  5
263
  8
COUCHE_1
 10
-90.26764165352529
 20
-13.12752156872898
 30
0.0
  0
VERTEX
  5
264
  8
COUCHE_1
 10
-88.94716521106469
 20
-13.26050701826573
 30
0.0
  0
VERTEX
  5
265
  8
COUCHE_1
 10
-87.66252518169075
 20
-13.3392064225899
 30
0.0
  0
VERTEX
  5
266
  8
COUCHE_1
 10
-86.4153489286852
 20
-13.36771996005807
 30
0.0
  0
VERTEX
  5
267
  8
COUCHE_1
 10
-85.20722604346257
 20
-13.35017717320306
 30
0.0
  0
VERTEX
  5
268
  8
COUCHE_1
 10
-84.03970487194233
 20
-13.29072974478104
 30
0.0
  0
VERTEX
  5
269
  8
COUCHE_1
 10
-82.91429137501054
 20
-13.19354429980548
 30
0.0
  0
VERTEX
  5
26A
  8
COUCHE_1
 10
-81.83245007292754
 20
-13.06279570639465
 30
0.0
  0
VERTEX
  5
26B
  8
COUCHE_1
 10
-80.79560672276703
 20
-12.90266123012966
 30
0.0
  0
VERTEX
  5
26C
  8
COUCHE_1
 10
-79.80515234580521
 20
-12.71731577457851
 30
0.0
  0
VERTEX
  5
26D
  8
COUCHE_1
 10
-78.86244825158971
 20
-12.51092833501668
 30
0.0
  0
VERTEX
  5
26E
  8
COUCHE_1
 10
-77.9688317906857
 20
-12.28765971886433
 30
0.0
  0
VERTEX
  5
26F
  8
COUCHE_1
 10
-77.12562270266527
 20
-12.05166155643461
 30
0.0
  0
VERTEX
  5
270
  8
COUCHE_1
 10
-76.334130122774
 20
-11.80707665304171
 30
0.0
  0
VERTEX
  5
271
  8
COUCHE_1
 10
-75.59566060248338
 20
-11.5580408404698
 30
0.0
  0
VERTEX
  5
272
  8
COUCHE_1
 10
-74.90474079486658
 20
-11.3062129151055
 30
0.0
  0
VERTEX
  5
273
  8
COUCHE_1
 10
-73.71325113736796
 20
-10.82648903520775
 30
0.0
  0
VERTEX
  5
274
  8
COUCHE_1
 10
-72.74806239109911
 20
-10.39231474933737
 30
0.0
  0
VERTEX
  5
275
  8
COUCHE_1
 10
-72.04206198758996
 20
-10.04697737635798
 30
0.0
  0
VERTEX
  5
276
  8
COUCHE_1
 10
-69.536947678602
 20
-8.814533103297894
 30
0.0
  0
VERTEX
  5
277
  8
COUCHE_1
 10
-71.73845309934165
 20
-7.496942821595248
 30
0.0
  0
VERTEX
  5
278
  8
COUCHE_1
 10
-72.24340882458425
 20
-7.238456854839995
 30
0.0
  0
VERTEX
  5
279
  8
COUCHE_1
 10
-72.78963281353698
 20
-6.996020099642209
 30
0.0
  0
VERTEX
  5
27A
  8
COUCHE_1
 10
-73.37668469118472
 20
-6.768078606960837
 30
0.0
  0
VERTEX
  5
27B
  8
COUCHE_1
 10
-74.00388337453994
 20
-6.553889476445164
 30
0.0
  0
VERTEX
  5
27C
  8
COUCHE_1
 10
-74.67030215742459
 20
-6.353242089303587
 30
0.0
  0
VERTEX
  5
27D
  8
COUCHE_1
 10
-75.37480079870168
 20
-6.166278906366678
 30
0.0
  0
VERTEX
  5
27E
  8
COUCHE_1
 10
-76.11606469911874
 20
-5.993380385881212
 30
0.0
  0
VERTEX
  5
27F
  8
COUCHE_1
 10
-76.8926407188511
 20
-5.835090419350474
 30
0.0
  0
VERTEX
  5
280
  8
COUCHE_1
 10
-77.70296685912058
 20
-5.692067375364203
 30
0.0
  0
VERTEX
  5
281
  8
COUCHE_1
 10
-78.54539583859875
 20
-5.565051477915244
 30
0.0
  0
VERTEX
  5
282
  8
COUCHE_1
 10
-79.41821346297856
 20
-5.45484274665728
 30
0.0
  0
VERTEX
  5
283
  8
COUCHE_1
 10
-80.31965281912143
 20
-5.362285874211826
 30
0.0
  0
VERTEX
  5
284
  8
COUCHE_1
 10
-81.24790520972364
 20
-5.288259735132413
 30
0.0
  0
VERTEX
  5
285
  8
COUCHE_1
 10
-82.20112856901164
 20
-5.233670038739062
 30
0.0
  0
VERTEX
  5
286
  8
COUCHE_1
 10
-83.17745393192955
 20
-5.199444150555046
 30
0.0
  0
VERTEX
  5
287
  8
COUCHE_1
 10
-84.17499038994328
 20
-5.186527432399676
 30
0.0
  0
VERTEX
  5
288
  8
COUCHE_1
 10
-85.19182885558487
 20
-5.195880660324489
 30
0.0
  0
VERTEX
  5
289
  8
COUCHE_1
 10
-86.22604487364902
 20
-5.228478215316957
 30
0.0
  0
VERTEX
  5
28A
  8
COUCHE_1
 10
-87.27570065222994
 20
-5.285306830410298
 30
0.0
  0
VERTEX
  5
28B
  8
COUCHE_1
 10
-88.33884643860019
 20
-5.367364735750993
 30
0.0
  0
VERTEX
  5
28C
  8
COUCHE_1
 10
-89.41352132842982
 20
-5.475661080483083
 30
0.0
  0
VERTEX
  5
28D
  8
COUCHE_1
 10
-90.49775356998073
 20
-5.611215533485492
 30
0.0
  0
VERTEX
  5
28E
  8
COUCHE_1
 10
-91.5895604058283
 20
-5.775057978229762
 30
0.0
  0
VERTEX
  5
28F
  8
COUCHE_1
 10
-92.68694748182727
 20
-5.968228223064444
 30
0.0
  0
VERTEX
  5
290
  8
COUCHE_1
 10
-93.78790784685481
 20
-6.191775649163772
 30
0.0
  0
VERTEX
  5
291
  8
COUCHE_1
 10
-94.8904205661508
 20
-6.446758715670286
 30
0.0
  0
VERTEX
  5
292
  8
COUCHE_1
 10
-95.99244897738802
 20
-6.734244236864731
 30
0.0
  0
VERTEX
  5
293
  8
COUCHE_1
 10
-97.0919386314781
 20
-7.055306341034989
 30
0.0
  0
VERTEX
  5
294
  8
COUCHE_1
 10
-98.18681498072118
 20
-7.411025017172702
 30
0.0
  0
VERTEX
  5
295
  8
COUCHE_1
 10
-99.27498090507729
 20
-7.802484156058591
 30
0.0
  0
SEQEND
  5
296
  8
COUCHE_1
  0
POLYLINE
  5
48
  8
COUCHE_1
 66
     1
 10
0.0
 20
0.0
 30
0.0
 70
     1
  0
VERTEX
  5
297
  8
COUCHE_1
 10
-86.92347134092697
 20
-23.37140539584705
 30
0.0
  0
VERTEX
  5
298
  8
COUCHE_1
 10
-86.80180068639697
 20
-24.74917316606269
 30
0.0
  0
VERTEX
  5
299
  8
COUCHE_1
 10
-86.70005031980611
 20
-25.15309888613469
 30
0.0
  0
VERTEX
  5
29A
  8
COUCHE_1
 10
-86.5480795015446
 20
-25.53380571951783
 30
0.0
  0
VERTEX
  5
29B
  8
COUCHE_1
 10
-86.35635250094413
 20
-25.89388590595042
 30
0.0
  0
VERTEX
  5
29C
  8
COUCHE_1
 10
-86.1320848718795
 20
-26.23699870621464
 30
0.0
  0
VERTEX
  5
29D
  8
COUCHE_1
 10
-85.88023952057999
 20
-26.56652795200347
 30
0.0
  0
VERTEX
  5
29E
  8
COUCHE_1
 10
-85.60444502590764
 20
-26.88512359332448
 30
0.0
  0
VERTEX
  5
29F
  8
COUCHE_1
 10
-85.2996779511369
 20
-27.20294675146586
 30
0.0
  0
VERTEX
  5
2A0
  8
COUCHE_1
 10
-84.66327757520669
 20
-27.78965922607482
 30
0.0
  0
VERTEX
  5
2A1
  8
COUCHE_1
 10
-83.96149322329461
 20
-28.35897797611175
 30
0.0
  0
VERTEX
  5
2A2
  8
COUCHE_1
 10
-83.22472813199053
 20
-28.90033078313828
 30
0.0
  0
VERTEX
  5
2A3
  8
COUCHE_1
 10
-82.47283352488736
 20
-29.41075089412419
 30
0.0
  0
VERTEX
  5
2A4
  8
COUCHE_1
 10
-81.72628390565734
 20
-29.88575296774814
 30
0.0
  0
VERTEX
  5
2A5
  8
COUCHE_1
 10
-81.00163779803262
 20
-30.32262742281348
 30
0.0
  0
VERTEX
  5
2A6
  8
COUCHE_1
 10
-79.732888560377
 20
-31.04069362989903
 30
0.0
  0
VERTEX
  5
2A7
  8
COUCHE_1
 10
-78.82848809608961
 20
-31.52143578876924
 30
0.0
  0
VERTEX
  5
2A8
  8
COUCHE_1
 10
-78.33251827722125
 20
-31.78073876994495
 30
0.0
  0
VERTEX
  5
2A9
  8
COUCHE_1
 10
-77.82406660573955
 20
-31.91479920896746
 30
0.0
  0
VERTEX
  5
2AA
  8
COUCHE_1
 10
-76.95180389022943
 20
-32.15831812558147
 30
0.0
  0
VERTEX
  5
2AB
  8
COUCHE_1
 10
-76.40720961643426
 20
-32.33300031469058
 30
0.0
  0
VERTEX
  5
2AC
  8
COUCHE_1
 10
-75.80578983228949
 20
-32.54985890232599
 30
0.0
  0
VERTEX
  5
2AD
  8
COUCHE_1
 10
-75.18076614991485
 20
-32.80680868001111
 30
0.0
  0
VERTEX
  5
2AE
  8
COUCHE_1
 10
-74.55945379420932
 20
-33.10273074008637
 30
0.0
  0
VERTEX
  5
2AF
  8
COUCHE_1
 10
-73.9693128171389
 20
-33.43489549673788
 30
0.0
  0
VERTEX
  5
2B0
  8
COUCHE_1
 10
-73.4206053507319
 20
-33.80956701903181
 30
0.0
  0
VERTEX
  5
2B1
  8
COUCHE_1
 10
-73.19578993100416
 20
-33.99095278677588
 30
0.0
  0
VERTEX
  5
2B2
  8
COUCHE_1
 10
-72.98177501188492
 20
-34.18703095703072
 30
0.0
  0
VERTEX
  5
2B3
  8
COUCHE_1
 10
-72.79291907684218
 20
-34.38661551449607
 30
0.0
  0
VERTEX
  5
2B4
  8
COUCHE_1
 10
-72.63057382754722
 20
-34.58861310490037
 30
0.0
  0
VERTEX
  5
2B5
  8
COUCHE_1
 10
-72.49531519845962
 20
-34.79237848949444
 30
0.0
  0
VERTEX
  5
2B6
  8
COUCHE_1
 10
-72.38699954551906
 20
-34.99811052049037
 30
0.0
  0
VERTEX
  5
2B7
  8
COUCHE_1
 10
-72.30507208254151
 20
-35.20725423408638
 30
0.0
  0
VERTEX
  5
2B8
  8
COUCHE_1
 10
-72.24916260503515
 20
-35.4227374669759
 30
0.0
  0
VERTEX
  5
2B9
  8
COUCHE_1
 10
-72.21985089703357
 20
-35.64884846326449
 30
0.0
  0
VERTEX
  5
2BA
  8
COUCHE_1
 10
-72.21932038966636
 20
-35.89067520836657
 30
0.0
  0
VERTEX
  5
2BB
  8
COUCHE_1
 10
-72.25159512622976
 20
-36.15325398372397
 30
0.0
  0
VERTEX
  5
2BC
  8
COUCHE_1
 10
-72.66964745595445
 20
-37.85442009094423
 30
0.0
  0
VERTEX
  5
2BD
  8
COUCHE_1
 10
-70.30382510707771
 20
-37.94715812883774
 30
0.0
  0
VERTEX
  5
2BE
  8
COUCHE_1
 10
-69.49690984495798
 20
-37.94836436774494
 30
0.0
  0
VERTEX
  5
2BF
  8
COUCHE_1
 10
-68.71877532488253
 20
-37.91979076220466
 30
0.0
  0
VERTEX
  5
2C0
  8
COUCHE_1
 10
-67.96938640536631
 20
-37.86324565181306
 30
0.0
  0
VERTEX
  5
2C1
  8
COUCHE_1
 10
-67.24872131331225
 20
-37.78057442768002
 30
0.0
  0
VERTEX
  5
2C2
  8
COUCHE_1
 10
-66.55676264404762
 20
-37.67366127828135
 30
0.0
  0
VERTEX
  5
2C3
  8
COUCHE_1
 10
-65.89348796353075
 20
-37.54442914369744
 30
0.0
  0
VERTEX
  5
2C4
  8
COUCHE_1
 10
-65.25886063602407
 20
-37.3948378547279
 30
0.0
  0
VERTEX
  5
2C5
  8
COUCHE_1
 10
-64.65282148386407
 20
-37.22688060238436
 30
0.0
  0
VERTEX
  5
2C6
  8
COUCHE_1
 10
-64.07528180044933
 20
-37.04257903460627
 30
0.0
  0
VERTEX
  5
2C7
  8
COUCHE_1
 10
-63.52611809557099
 20
-36.84397738884454
 30
0.0
  0
VERTEX
  5
2C8
  8
COUCHE_1
 10
-63.00516878111527
 20
-36.6331361291955
 30
0.0
  0
VERTEX
  5
2C9
  8
COUCHE_1
 10
-62.51223282769072
 20
-36.41212556103675
 30
0.0
  0
VERTEX
  5
2CA
  8
COUCHE_1
 10
-62.03683910068499
 20
-36.17798071392433
 30
0.0
  0
VERTEX
  5
2CB
  8
COUCHE_1
 10
-61.19972178256826
 20
-35.70994229579852
 30
0.0
  0
VERTEX
  5
2CC
  8
COUCHE_1
 10
-60.45897609925248
 20
-35.22816471279485
 30
0.0
  0
VERTEX
  5
2CD
  8
COUCHE_1
 10
-59.82264242352301
 20
-34.7551541076441
 30
0.0
  0
VERTEX
  5
2CE
  8
COUCHE_1
 10
-59.28759602516034
 20
-34.30715891307247
 30
0.0
  0
VERTEX
  5
2CF
  8
COUCHE_1
 10
-58.8435053734322
 20
-33.8937073399982
 30
0.0
  0
VERTEX
  5
2D0
  8
COUCHE_1
 10
-58.28089215279068
 20
-33.29987909466887
 30
0.0
  0
VERTEX
  5
2D1
  8
COUCHE_1
 10
-56.36512174286673
 20
-31.17089041777217
 30
0.0
  0
VERTEX
  5
2D2
  8
COUCHE_1
 10
-59.72256804116292
 20
-31.16502334536595
 30
0.0
  0
VERTEX
  5
2D3
  8
COUCHE_1
 10
-60.30504191084605
 20
-31.14812903245372
 30
0.0
  0
VERTEX
  5
2D4
  8
COUCHE_1
 10
-61.44611567620575
 20
-31.06709035267399
 30
0.0
  0
VERTEX
  5
2D5
  8
COUCHE_1
 10
-62.50652151554273
 20
-30.92961889097368
 30
0.0
  0
VERTEX
  5
2D6
  8
COUCHE_1
 10
-63.4994395028001
 20
-30.73971463684416
 30
0.0
  0
VERTEX
  5
2D7
  8
COUCHE_1
 10
-64.42804634820247
 20
-30.50189406032119
 30
0.0
  0
VERTEX
  5
2D8
  8
COUCHE_1
 10
-65.2955835866071
 20
-30.22043763401537
 30
0.0
  0
VERTEX
  5
2D9
  8
COUCHE_1
 10
-66.10526794096114
 20
-29.89938282435012
 30
0.0
  0
VERTEX
  5
2DA
  8
COUCHE_1
 10
-66.86020114083031
 20
-29.542545530224
 30
0.0
  0
VERTEX
  5
2DB
  8
COUCHE_1
 10
-67.56329385740274
 20
-29.15356707058125
 30
0.0
  0
VERTEX
  5
2DC
  8
COUCHE_1
 10
-68.21721514439479
 20
-28.73597821348793
 30
0.0
  0
VERTEX
  5
2DD
  8
COUCHE_1
 10
-68.82437257338562
 20
-28.2932687379028
 30
0.0
  0
VERTEX
  5
2DE
  8
COUCHE_1
 10
-69.38692144434309
 20
-27.8289513955243
 30
0.0
  0
VERTEX
  5
2DF
  8
COUCHE_1
 10
-69.90679627166975
 20
-27.34661223772803
 30
0.0
  0
VERTEX
  5
2E0
  8
COUCHE_1
 10
-70.38575536452971
 20
-26.84994356164021
 30
0.0
  0
VERTEX
  5
2E1
  8
COUCHE_1
 10
-70.82542962727707
 20
-26.34275966943957
 30
0.0
  0
VERTEX
  5
2E2
  8
COUCHE_1
 10
-71.22736875509973
 20
-25.82899828699368
 30
0.0
  0
VERTEX
  5
2E3
  8
COUCHE_1
 10
-71.59308066208979
 20
-25.31271164322457
 30
0.0
  0
VERTEX
  5
2E4
  8
COUCHE_1
 10
-71.92406240495434
 20
-24.79805116619167
 30
0.0
  0
VERTEX
  5
2E5
  8
COUCHE_1
 10
-72.22182263784865
 20
-24.28924898344264
 30
0.0
  0
VERTEX
  5
2E6
  8
COUCHE_1
 10
-72.48789669162471
 20
-23.79059834084056
 30
0.0
  0
VERTEX
  5
2E7
  8
COUCHE_1
 10
-72.72385585734649
 20
-23.30643392114069
 30
0.0
  0
VERTEX
  5
2E8
  8
COUCHE_1
 10
-72.92820894048258
 20
-22.84807332065599
 30
0.0
  0
VERTEX
  5
2E9
  8
COUCHE_1
 10
-73.26782826405513
 20
-21.98234657157429
 30
0.0
  0
VERTEX
  5
2EA
  8
COUCHE_1
 10
-73.51054969233697
 20
-21.25222619871612
 30
0.0
  0
VERTEX
  5
2EB
  8
COUCHE_1
 10
-73.67776264746678
 20
-20.6699287749551
 30
0.0
  0
VERTEX
  5
2EC
  8
COUCHE_1
 10
-74.37359880187533
 20
-18.20630447103947
 30
0.0
  0
VERTEX
  5
2ED
  8
COUCHE_1
 10
-76.14765745411019
 20
-19.67029628399633
 30
0.0
  0
VERTEX
  5
2EE
  8
COUCHE_1
 10
-76.52542259874251
 20
-19.96832720152026
 30
0.0
  0
VERTEX
  5
2EF
  8
COUCHE_1
 10
-77.17470807643228
 20
-20.40807609534227
 30
0.0
  0
VERTEX
  5
2F0
  8
COUCHE_1
 10
-77.59730435095346
 20
-20.65907432047065
 30
0.0
  0
VERTEX
  5
2F1
  8
COUCHE_1
 10
-78.11304131828777
 20
-20.93673117550985
 30
0.0
  0
VERTEX
  5
2F2
  8
COUCHE_1
 10
-78.71600252353396
 20
-21.2290684274464
 30
0.0
  0
VERTEX
  5
2F3
  8
COUCHE_1
 10
-79.41048902741227
 20
-21.53008652641201
 30
0.0
  0
VERTEX
  5
2F4
  8
COUCHE_1
 10
-80.20078747604094
 20
-21.83370104903537
 30
0.0
  0
VERTEX
  5
2F5
  8
COUCHE_1
 10
-81.09117383077991
 20
-22.13375529326108
 30
0.0
  0
VERTEX
  5
2F6
  8
COUCHE_1
 10
-82.08590935534158
 20
-22.42402809942136
 30
0.0
  0
VERTEX
  5
2F7
  8
COUCHE_1
 10
-83.18923353802994
 20
-22.69824055114191
 30
0.0
  0
VERTEX
  5
2F8
  8
COUCHE_1
 10
-84.40535649947323
 20
-22.95006297937451
 30
0.0
  0
SEQEND
  5
2F9
  8
COUCHE_1
  0
POLYLINE
  5
49
  8
COUCHE_1
 66
     1
 10
0.0
 20
0.0
 30
0.0
 70
     1
  0
VERTEX
  5
2FA
  8
COUCHE_1
 10
-55.3267931743782
 20
-30.54081534529237
 30
0.0
  0
VERTEX
  5
2FB
  8
COUCHE_1
 10
-54.55561952991575
 20
-27.33217082363357
 30
0.0
  0
VERTEX
  5
2FC
  8
COUCHE_1
 10
-54.27721110790307
 20
-25.89461595295754
 30
0.0
  0
VERTEX
  5
2FD
  8
COUCHE_1
 10
-54.1706395086487
 20
-25.19239268651216
 30
0.0
  0
VERTEX
  5
2FE
  8
COUCHE_1
 10
-54.08915341081757
 20
-24.51360025760508
 30
0.0
  0
VERTEX
  5
2FF
  8
COUCHE_1
 10
-54.03270654571455
 20
-23.85075519364147
 30
0.0
  0
VERTEX
  5
300
  8
COUCHE_1
 10
-54.00232168726723
 20
-23.20302941805023
 30
0.0
  0
VERTEX
  5
301
  8
COUCHE_1
 10
-53.9990870353523
 20
-22.56966134509468
 30
0.0
  0
VERTEX
  5
302
  8
COUCHE_1
 10
-54.02414932749092
 20
-21.94998316829216
 30
0.0
  0
VERTEX
  5
303
  8
COUCHE_1
 10
-54.0786975660117
 20
-21.3434502502468
 30
0.0
  0
VERTEX
  5
304
  8
COUCHE_1
 10
-54.16393515681696
 20
-20.74966916309648
 30
0.0
  0
VERTEX
  5
305
  8
COUCHE_1
 10
-54.28103962398572
 20
-20.16841927756943
 30
0.0
  0
VERTEX
  5
306
  8
COUCHE_1
 10
-54.43111157266772
 20
-19.59966164277947
 30
0.0
  0
VERTEX
  5
307
  8
COUCHE_1
 10
-54.61511800105377
 20
-19.04352902730284
 30
0.0
  0
VERTEX
  5
308
  8
COUCHE_1
 10
-54.83383856705127
 20
-18.50029311300286
 30
0.0
  0
VERTEX
  5
309
  8
COUCHE_1
 10
-55.08782558532516
 20
-17.97030909596499
 30
0.0
  0
VERTEX
  5
30A
  8
COUCHE_1
 10
-55.3773879021143
 20
-17.45394350337441
 30
0.0
  0
VERTEX
  5
30B
  8
COUCHE_1
 10
-55.70260471794436
 20
-16.95149605693961
 30
0.0
  0
VERTEX
  5
30C
  8
COUCHE_1
 10
-56.06336876461379
 20
-16.46312881378877
 30
0.0
  0
VERTEX
  5
30D
  8
COUCHE_1
 10
-56.45945126198846
 20
-15.98881437412359
 30
0.0
  0
VERTEX
  5
30E
  8
COUCHE_1
 10
-56.8905763953567
 20
-15.52831009841342
 30
0.0
  0
VERTEX
  5
30F
  8
COUCHE_1
 10
-57.35649223588354
 20
-15.08115894088458
 30
0.0
  0
VERTEX
  5
310
  8
COUCHE_1
 10
-57.85702786544772
 20
-14.64671201172213
 30
0.0
  0
VERTEX
  5
311
  8
COUCHE_1
 10
-58.39213133300715
 20
-14.224164904136
 30
0.0
  0
VERTEX
  5
312
  8
COUCHE_1
 10
-58.96188796913361
 20
-13.81259945124612
 30
0.0
  0
VERTEX
  5
313
  8
COUCHE_1
 10
-59.56652211224272
 20
-13.41102417169597
 30
0.0
  0
VERTEX
  5
314
  8
COUCHE_1
 10
-60.20638699133603
 20
-13.01840910615329
 30
0.0
  0
VERTEX
  5
315
  8
COUCHE_1
 10
-60.88194764752184
 20
-12.63371310797584
 30
0.0
  0
VERTEX
  5
316
  8
COUCHE_1
 10
-61.59376096677283
 20
-12.25590342233509
 30
0.0
  0
VERTEX
  5
317
  8
COUCHE_1
 10
-62.34245572408453
 20
-11.88396844928951
 30
0.0
  0
VERTEX
  5
318
  8
COUCHE_1
 10
-64.90307782446477
 20
-10.68861192632494
 30
0.0
  0
VERTEX
  5
319
  8
COUCHE_1
 10
-65.11547034216213
 20
-13.61749261904269
 30
0.0
  0
VERTEX
  5
31A
  8
COUCHE_1
 10
-65.1433333399818
 20
-14.7292369892684
 30
0.0
  0
VERTEX
  5
31B
  8
COUCHE_1
 10
-65.1182317651902
 20
-15.7952034841953
 30
0.0
  0
VERTEX
  5
31C
  8
COUCHE_1
 10
-65.0433529979444
 20
-16.81598908623528
 30
0.0
  0
VERTEX
  5
31D
  8
COUCHE_1
 10
-64.92192252986489
 20
-17.79215544746477
 30
0.0
  0
VERTEX
  5
31E
  8
COUCHE_1
 10
-64.75721193028944
 20
-18.72423559739881
 30
0.0
  0
VERTEX
  5
31F
  8
COUCHE_1
 10
-64.5525451024124
 20
-19.6127427709453
 30
0.0
  0
VERTEX
  5
320
  8
COUCHE_1
 10
-64.3113021665454
 20
-20.45818087924051
 30
0.0
  0
VERTEX
  5
321
  8
COUCHE_1
 10
-64.03692049937409
 20
-21.26105592634122
 30
0.0
  0
VERTEX
  5
322
  8
COUCHE_1
 10
-63.73289273476382
 20
-22.02188752974683
 30
0.0
  0
VERTEX
  5
323
  8
COUCHE_1
 10
-63.40276185250016
 20
-22.74121966422919
 30
0.0
  0
VERTEX
  5
324
  8
COUCHE_1
 10
-63.0501137935225
 20
-23.41962982649154
 30
0.0
  0
VERTEX
  5
325
  8
COUCHE_1
 10
-62.67856829226699
 20
-24.05773599850825
 30
0.0
  0
VERTEX
  5
326
  8
COUCHE_1
 10
-62.29176877071218
 20
-24.656201036203
 30
0.0
  0
VERTEX
  5
327
  8
COUCHE_1
 10
-61.89337218103768
 20
-25.21573437936497
 30
0.0
  0
VERTEX
  5
328
  8
COUCHE_1
 10
-61.48703962393739
 20
-25.73709122400748
 30
0.0
  0
VERTEX
  5
329
  8
COUCHE_1
 10
-61.07642844150226
 20
-26.22106947930651
 30
0.0
  0
VERTEX
  5
32A
  8
COUCHE_1
 10
-60.66518633095772
 20
-26.66850492814681
 30
0.0
  0
VERTEX
  5
32B
  8
COUCHE_1
 10
-60.25694790327383
 20
-27.08026501070426
 30
0.0
  0
VERTEX
  5
32C
  8
COUCHE_1
 10
-59.84825242429122
 20
-27.46388877647964
 30
0.0
  0
VERTEX
  5
32D
  8
COUCHE_1
 10
-59.08819150007596
 20
-28.1096175648365
 30
0.0
  0
VERTEX
  5
32E
  8
COUCHE_1
 10
-58.38936344089424
 20
-28.63447294969628
 30
0.0
  0
VERTEX
  5
32F
  8
COUCHE_1
 10
-57.79037368938103
 20
-29.03774367832135
 30
0.0
  0
VERTEX
  5
330
  8
COUCHE_1
 10
-57.33563142402177
 20
-29.31742806101245
 30
0.0
  0
SEQEND
  5
331
  8
COUCHE_1
  0
POLYLINE
  5
4A
  8
COUCHE_1
 66
     1
 10
0.0
 20
0.0
 30
0.0
 70
     1
  0
VERTEX
  5
332
  8
COUCHE_1
 10
-144.930443653051
 20
10.7145736124474
 30
0.0
  0
VERTEX
  5
333
  8
COUCHE_1
 10
-148.0249106303529
 20
7.664046001097764
 30
0.0
  0
VERTEX
  5
334
  8
COUCHE_1
 10
-148.9411300883377
 20
6.796534126502367
 30
0.0
  0
VERTEX
  5
335
  8
COUCHE_1
 10
-149.8283790636911
 20
5.993961828850195
 30
0.0
  0
VERTEX
  5
336
  8
COUCHE_1
 10
-150.6873860510877
 20
5.256188269231743
 30
0.0
  0
VERTEX
  5
337
  8
COUCHE_1
 10
-151.5187741031384
 20
4.583040306388805
 30
0.0
  0
VERTEX
  5
338
  8
COUCHE_1
 10
-152.3230486484346
 20
3.974287046061787
 30
0.0
  0
VERTEX
  5
339
  8
COUCHE_1
 10
-153.1005912011943
 20
3.429603313208485
 30
0.0
  0
VERTEX
  5
33A
  8
COUCHE_1
 10
-153.8516657414332
 20
2.948519493350467
 30
0.0
  0
VERTEX
  5
33B
  8
COUCHE_1
 10
-154.5764483392824
 20
2.530356647656068
 30
0.0
  0
VERTEX
  5
33C
  8
COUCHE_1
 10
-155.2750947996446
 20
2.174149787804906
 30
0.0
  0
VERTEX
  5
33D
  8
COUCHE_1
 10
-155.9478636984929
 20
1.878570214206875
 30
0.0
  0
VERTEX
  5
33E
  8
COUCHE_1
 10
-156.5953087873085
 20
1.641870681926031
 30
0.0
  0
VERTEX
  5
33F
  8
COUCHE_1
 10
-157.2185385953385
 20
1.461892551438531
 30
0.0
  0
VERTEX
  5
340
  8
COUCHE_1
 10
-157.8195063985926
 20
1.336183111694159
 30
0.0
  0
VERTEX
  5
341
  8
COUCHE_1
 10
-158.4012449503246
 20
1.262257534697128
 30
0.0
  0
VERTEX
  5
342
  8
COUCHE_1
 10
-159.7807078885684
 20
1.203179796406471
 30
0.0
  0
VERTEX
  5
343
  8
COUCHE_1
 10
-160.149344707233
 20
0.5779998618189531
 30
0.0
  0
VERTEX
  5
344
  8
COUCHE_1
 10
-160.2992999434219
 20
0.0009262738991405
 30
0.0
  0
VERTEX
  5
345
  8
COUCHE_1
 10
-160.149344707233
 20
-0.57614731402038
 30
0.0
  0
VERTEX
  5
346
  8
COUCHE_1
 10
-159.7807078885684
 20
-1.201327248607897
 30
0.0
  0
VERTEX
  5
347
  8
COUCHE_1
 10
-158.4012449503246
 20
-1.260404986898847
 30
0.0
  0
VERTEX
  5
348
  8
COUCHE_1
 10
-157.8195063985929
 20
-1.334330563895879
 30
0.0
  0
VERTEX
  5
349
  8
COUCHE_1
 10
-157.2185385953385
 20
-1.46004000364025
 30
0.0
  0
VERTEX
  5
34A
  8
COUCHE_1
 10
-156.5953087873082
 20
-1.64001813412775
 30
0.0
  0
VERTEX
  5
34B
  8
COUCHE_1
 10
-155.9478636984932
 20
-1.876717666408302
 30
0.0
  0
VERTEX
  5
34C
  8
COUCHE_1
 10
-155.2750947996452
 20
-2.172297240006041
 30
0.0
  0
VERTEX
  5
34D
  8
COUCHE_1
 10
-154.5764483392819
 20
-2.52850409985808
 30
0.0
  0
VERTEX
  5
34E
  8
COUCHE_1
 10
-153.8516657414335
 20
-2.946666945551894
 30
0.0
  0
VERTEX
  5
34F
  8
COUCHE_1
 10
-153.1005912011943
 20
-3.427750765409913
 30
0.0
  0
VERTEX
  5
350
  8
COUCHE_1
 10
-152.3230486484353
 20
-3.972434498263215
 30
0.0
  0
VERTEX
  5
351
  8
COUCHE_1
 10
-151.5187741031384
 20
-4.581187758590526
 30
0.0
  0
VERTEX
  5
352
  8
COUCHE_1
 10
-150.6873860510877
 20
-5.254335721433463
 30
0.0
  0
VERTEX
  5
353
  8
COUCHE_1
 10
-149.8283790636911
 20
-5.992109281051916
 30
0.0
  0
VERTEX
  5
354
  8
COUCHE_1
 10
-148.9411300883366
 20
-6.794681578704672
 30
0.0
  0
VERTEX
  5
355
  8
COUCHE_1
 10
-148.0249106303529
 20
-7.662193453299192
 30
0.0
  0
VERTEX
  5
356
  8
COUCHE_1
 10
-144.930443653051
 20
-10.71272106464942
 30
0.0
  0
VERTEX
  5
357
  8
COUCHE_1
 10
-144.7653786539441
 20
-7.441550914452881
 30
0.0
  0
VERTEX
  5
358
  8
COUCHE_1
 10
-144.7100494960245
 20
-7.078656121377205
 30
0.0
  0
VERTEX
  5
359
  8
COUCHE_1
 10
-144.6204230000045
 20
-6.727620495153521
 30
0.0
  0
VERTEX
  5
35A
  8
COUCHE_1
 10
-144.4979387952494
 20
-6.386522896289857
 30
0.0
  0
VERTEX
  5
35B
  8
COUCHE_1
 10
-144.3437021763589
 20
-6.054005824527781
 30
0.0
  0
VERTEX
  5
35C
  8
COUCHE_1
 10
-144.1587264792176
 20
-5.729303745284204
 30
0.0
  0
VERTEX
  5
35D
  8
COUCHE_1
 10
-143.9441326633213
 20
-5.412178823209029
 30
0.0
  0
VERTEX
  5
35E
  8
COUCHE_1
 10
-143.701278491006
 20
-5.102803769608173
 30
0.0
  0
VERTEX
  5
35F
  8
COUCHE_1
 10
-143.4318170805486
 20
-4.801630705828463
 30
0.0
  0
VERTEX
  5
360
  8
COUCHE_1
 10
-143.1377010579849
 20
-4.509272913433927
 30
0.0
  0
VERTEX
  5
361
  8
COUCHE_1
 10
-142.8211532344721
 20
-4.226412312743506
 30
0.0
  0
VERTEX
  5
362
  8
COUCHE_1
 10
-142.4846219299377
 20
-3.953734897068637
 30
0.0
  0
VERTEX
  5
363
  8
COUCHE_1
 10
-142.1307334519687
 20
-3.691890462497341
 30
0.0
  0
VERTEX
  5
364
  8
COUCHE_1
 10
-141.7714593731117
 20
-3.44773025974291
 30
0.0
  0
VERTEX
  5
365
  8
COUCHE_1
 10
-140.9913225532333
 20
-2.976560966482435
 30
0.0
  0
VERTEX
  5
366
  8
COUCHE_1
 10
-140.1991477707724
 20
-2.56330978892356
 30
0.0
  0
VERTEX
  5
367
  8
COUCHE_1
 10
-139.4079576401501
 20
-2.203687901560603
 30
0.0
  0
VERTEX
  5
368
  8
COUCHE_1
 10
-138.6425435890154
 20
-1.899537492366074
 30
0.0
  0
VERTEX
  5
369
  8
COUCHE_1
 10
-137.9284226542004
 20
-1.652268390387039
 30
0.0
  0
VERTEX
  5
36A
  8
COUCHE_1
 10
-137.2927180864317
 20
-1.463110826099343
 30
0.0
  0
VERTEX
  5
36B
  8
COUCHE_1
 10
-136.7669356489995
 20
-1.333443269092964
 30
0.0
  0
VERTEX
  5
36C
  8
COUCHE_1
 10
-136.3979814449942
 20
-1.265260269471841
 30
0.0
  0
VERTEX
  5
36D
  8
COUCHE_1
 10
-135.155525509242
 20
-1.156229384226564
 30
0.0
  0
VERTEX
  5
36E
  8
COUCHE_1
 10
-134.9342784302285
 20
-0.1236304772531043
 30
0.0
  0
VERTEX
  5
36F
  8
COUCHE_1
 10
-134.9661146109003
 20
0.2740680617940999
 30
0.0
  0
VERTEX
  5
370
  8
COUCHE_1
 10
-135.155525509242
 20
1.158081932025134
 30
0.0
  0
VERTEX
  5
371
  8
COUCHE_1
 10
-136.397981444994
 20
1.267112817270119
 30
0.0
  0
VERTEX
  5
372
  8
COUCHE_1
 10
-136.7669356489995
 20
1.335295816891242
 30
0.0
  0
VERTEX
  5
373
  8
COUCHE_1
 10
-137.2927180864314
 20
1.464963373897914
 30
0.0
  0
VERTEX
  5
374
  8
COUCHE_1
 10
-137.9284226542004
 20
1.654120938185317
 30
0.0
  0
VERTEX
  5
375
  8
COUCHE_1
 10
-138.6425435890154
 20
1.901390040164644
 30
0.0
  0
VERTEX
  5
376
  8
COUCHE_1
 10
-139.4079576401501
 20
2.205540449359174
 30
0.0
  0
VERTEX
  5
377
  8
COUCHE_1
 10
-140.1991477707724
 20
2.565162336721838
 30
0.0
  0
VERTEX
  5
378
  8
COUCHE_1
 10
-140.9913225532333
 20
2.978413514280713
 30
0.0
  0
VERTEX
  5
379
  8
COUCHE_1
 10
-141.7714593731123
 20
3.449582807541773
 30
0.0
  0
VERTEX
  5
37A
  8
COUCHE_1
 10
-142.1307334519679
 20
3.693743010295327
 30
0.0
  0
VERTEX
  5
37B
  8
COUCHE_1
 10
-142.4846219299377
 20
3.955587444866915
 30
0.0
  0
VERTEX
  5
37C
  8
COUCHE_1
 10
-142.8211532344721
 20
4.228264860542076
 30
0.0
  0
VERTEX
  5
37D
  8
COUCHE_1
 10
-143.1377010579849
 20
4.511125461232204
 30
0.0
  0
VERTEX
  5
37E
  8
COUCHE_1
 10
-143.4318170805491
 20
4.803483253627325
 30
0.0
  0
VERTEX
  5
37F
  8
COUCHE_1
 10
-143.701278491006
 20
5.104656317406744
 30
0.0
  0
VERTEX
  5
380
  8
COUCHE_1
 10
-143.9441326633213
 20
5.414031371007307
 30
0.0
  0
VERTEX
  5
381
  8
COUCHE_1
 10
-144.1587264792176
 20
5.731156293082483
 30
0.0
  0
VERTEX
  5
382
  8
COUCHE_1
 10
-144.3437021763589
 20
6.05585837232606
 30
0.0
  0
VERTEX
  5
383
  8
COUCHE_1
 10
-144.4979387952494
 20
6.388375444088137
 30
0.0
  0
VERTEX
  5
384
  8
COUCHE_1
 10
-144.6204230000045
 20
6.729473042951799
 30
0.0
  0
VERTEX
  5
385
  8
COUCHE_1
 10
-144.7100494960248
 20
7.080508669175777
 30
0.0
  0
VERTEX
  5
386
  8
COUCHE_1
 10
-144.7653786539441
 20
7.443403462251161
 30
0.0
  0
SEQEND
  5
387
  8
COUCHE_1
  0
POLYLINE
  5
4B
  8
COUCHE_1
 66
     1
 10
0.0
 20
0.0
 30
0.0
 70
     1
  0
VERTEX
  5
388
  8
COUCHE_1
 10
-3.219253177595613
 20
44.94377710691144
 30
0.0
  0
VERTEX
  5
389
  8
COUCHE_1
 10
-32.03453420234792
 20
44.96740231827457
 30
0.0
  0
VERTEX
  5
38A
  8
COUCHE_1
 10
-32.17438081646944
 20
44.96194839626033
 30
0.0
  0
VERTEX
  5
38B
  8
COUCHE_1
 10
-32.30688123075425
 20
44.94578046025682
 30
0.0
  0
VERTEX
  5
38C
  8
COUCHE_1
 10
-32.4319379471106
 20
44.91954218428827
 30
0.0
  0
VERTEX
  5
38D
  8
COUCHE_1
 10
-32.54945346744698
 20
44.88387724237892
 30
0.0
  0
VERTEX
  5
38E
  8
COUCHE_1
 10
-32.65933029367178
 20
44.83942930855271
 30
0.0
  0
VERTEX
  5
38F
  8
COUCHE_1
 10
-32.76147092769336
 20
44.78684205683417
 30
0.0
  0
VERTEX
  5
390
  8
COUCHE_1
 10
-32.8557778714201
 20
44.72675916124752
 30
0.0
  0
VERTEX
  5
391
  8
COUCHE_1
 10
-32.94215362676051
 20
44.65982429581673
 30
0.0
  0
VERTEX
  5
392
  8
COUCHE_1
 10
-33.02050069562309
 20
44.58668113456615
 30
0.0
  0
VERTEX
  5
393
  8
COUCHE_1
 10
-33.09072157991608
 20
44.50797335151989
 30
0.0
  0
VERTEX
  5
394
  8
COUCHE_1
 10
-33.15271878154799
 20
44.42434462070231
 30
0.0
  0
VERTEX
  5
395
  8
COUCHE_1
 10
-33.20639480242732
 20
44.33643861613766
 30
0.0
  0
VERTEX
  5
396
  8
COUCHE_1
 10
-33.25165214446232
 20
44.24489901185002
 30
0.0
  0
VERTEX
  5
397
  8
COUCHE_1
 10
-33.28839330956148
 20
44.15036948186349
 30
0.0
  0
VERTEX
  5
398
  8
COUCHE_1
 10
-33.31652079963332
 20
44.05349370020274
 30
0.0
  0
VERTEX
  5
399
  8
COUCHE_1
 10
-33.33593711658608
 20
43.9549153408914
 30
0.0
  0
VERTEX
  5
39A
  8
COUCHE_1
 10
-33.34654476232826
 20
43.85527807795402
 30
0.0
  0
VERTEX
  5
39B
  8
COUCHE_1
 10
-33.34824623876838
 20
43.75522558541481
 30
0.0
  0
VERTEX
  5
39C
  8
COUCHE_1
 10
-33.34094404781478
 20
43.65540153729804
 30
0.0
  0
VERTEX
  5
39D
  8
COUCHE_1
 10
-33.32454069137574
 20
43.55644960762747
 30
0.0
  0
VERTEX
  5
39E
  8
COUCHE_1
 10
-33.29893867135986
 20
43.45901347042779
 30
0.0
  0
VERTEX
  5
39F
  8
COUCHE_1
 10
-33.26404048967555
 20
43.36373679972309
 30
0.0
  0
VERTEX
  5
3A0
  8
COUCHE_1
 10
-33.21974864823116
 20
43.27126326953774
 30
0.0
  0
VERTEX
  5
3A1
  8
COUCHE_1
 10
-33.16596564893521
 20
43.18223655389539
 30
0.0
  0
VERTEX
  5
3A2
  8
COUCHE_1
 10
-33.10259399369606
 20
43.09730032682087
 30
0.0
  0
VERTEX
  5
3A3
  8
COUCHE_1
 10
-33.02953618442208
 20
43.01709826233812
 30
0.0
  0
VERTEX
  5
3A4
  8
COUCHE_1
 10
-32.94669472302168
 20
42.94227403447137
 30
0.0
  0
VERTEX
  5
3A5
  8
COUCHE_1
 10
-32.85397211140332
 20
42.87347131724485
 30
0.0
  0
VERTEX
  5
3A6
  8
COUCHE_1
 10
-32.75127085147539
 20
42.81133378468279
 30
0.0
  0
VERTEX
  5
3A7
  8
COUCHE_1
 10
-32.63849344514639
 20
42.75650511080945
 30
0.0
  0
VERTEX
  5
3A8
  8
COUCHE_1
 10
-32.51554239432472
 20
42.70962896964888
 30
0.0
  0
VERTEX
  5
3A9
  8
COUCHE_1
 10
-32.38232020091873
 20
42.6713490352255
 30
0.0
  0
VERTEX
  5
3AA
  8
COUCHE_1
 10
-31.90811446538628
 20
42.55564266916972
 30
0.0
  0
VERTEX
  5
3AB
  8
COUCHE_1
 10
-30.72215612937446
 20
42.24728122836898
 30
0.0
  0
VERTEX
  5
3AC
  8
COUCHE_1
 10
-29.98275556839047
 20
42.01381157952742
 30
0.0
  0
VERTEX
  5
3AD
  8
COUCHE_1
 10
-29.16685303215316
 20
41.71204051078104
 30
0.0
  0
VERTEX
  5
3AE
  8
COUCHE_1
 10
-28.30679468905569
 20
41.33443140384493
 30
0.0
  0
VERTEX
  5
3AF
  8
COUCHE_1
 10
-27.89249706587394
 20
41.12590690601446
 30
0.0
  0
VERTEX
  5
3B0
  8
COUCHE_1
 10
-27.47395453782111
 20
40.89363270666587
 30
0.0
  0
VERTEX
  5
3B1
  8
COUCHE_1
 10
-27.06548808868197
 20
40.64241609274446
 30
0.0
  0
VERTEX
  5
3B2
  8
COUCHE_1
 10
-26.67130093676478
 20
40.37213073581805
 30
0.0
  0
VERTEX
  5
3B3
  8
COUCHE_1
 10
-26.29537053003729
 20
40.08269555655855
 30
0.0
  0
VERTEX
  5
3B4
  8
COUCHE_1
 10
-25.94138213478391
 20
39.77401655851498
 30
0.0
  0
VERTEX
  5
3B5
  8
COUCHE_1
 10
-25.61267095572171
 20
39.44589489478909
 30
0.0
  0
VERTEX
  5
3B6
  8
COUCHE_1
 10
-25.3121931903659
 20
39.09789915217892
 30
0.0
  0
VERTEX
  5
3B7
  8
COUCHE_1
 10
-25.04255295347483
 20
38.72921111201763
 30
0.0
  0
VERTEX
  5
3B8
  8
COUCHE_1
 10
-24.806110995539
 20
38.3384714173611
 30
0.0
  0
VERTEX
  5
3B9
  8
COUCHE_1
 10
-24.60518580376818
 20
37.92366933327246
 30
0.0
  0
VERTEX
  5
3BA
  8
COUCHE_1
 10
-24.44232609533752
 20
37.48212784515236
 30
0.0
  0
VERTEX
  5
3BB
  8
COUCHE_1
 10
-24.32059576780591
 20
37.01061946617979
 30
0.0
  0
VERTEX
  5
3BC
  8
COUCHE_1
 10
-24.24378978466024
 20
36.50560734603719
 30
0.0
  0
VERTEX
  5
3BD
  8
COUCHE_1
 10
-24.21651241407648
 20
35.96355723375199
 30
0.0
  0
VERTEX
  5
3BE
  8
COUCHE_1
 10
-24.24409716364095
 20
35.38123667049226
 30
0.0
  0
VERTEX
  5
3BF
  8
COUCHE_1
 10
-24.27889763500656
 20
35.1348134497086
 30
0.0
  0
VERTEX
  5
3C0
  8
COUCHE_1
 10
-25.14961033621831
 20
35.60446782828593
 30
0.0
  0
VERTEX
  5
3C1
  8
COUCHE_1
 10
-25.91168636371323
 20
35.96945633248264
 30
0.0
  0
VERTEX
  5
3C2
  8
COUCHE_1
 10
-26.78479854459414
 20
36.34160048468908
 30
0.0
  0
VERTEX
  5
3C3
  8
COUCHE_1
 10
-27.76239712978382
 20
36.69905387861701
 30
0.0
  0
VERTEX
  5
3C4
  8
COUCHE_1
 10
-28.81732617221815
 20
37.01164866927625
 30
0.0
  0
VERTEX
  5
3C5
  8
COUCHE_1
 10
-29.39383624573417
 20
37.1490752256904
 30
0.0
  0
VERTEX
  5
3C6
  8
COUCHE_1
 10
-29.97684324997793
 20
37.26321113116536
 30
0.0
  0
VERTEX
  5
3C7
  8
COUCHE_1
 10
-30.57655411073036
 20
37.353157863355
 30
0.0
  0
VERTEX
  5
3C8
  8
COUCHE_1
 10
-31.19133604672068
 20
37.41505067311952
 30
0.0
  0
VERTEX
  5
3C9
  8
COUCHE_1
 10
-31.81938899042384
 20
37.44485054540785
 30
0.0
  0
VERTEX
  5
3CA
  8
COUCHE_1
 10
-32.45864397669728
 20
37.43835684958211
 30
0.0
  0
VERTEX
  5
3CB
  8
COUCHE_1
 10
-33.1066466609589
 20
37.3912554119348
 30
0.0
  0
VERTEX
  5
3CC
  8
COUCHE_1
 10
-33.7604448716778
 20
37.29921454837131
 30
0.0
  0
VERTEX
  5
3CD
  8
COUCHE_1
 10
-34.41651238599357
 20
37.15803378187833
 30
0.0
  0
VERTEX
  5
3CE
  8
COUCHE_1
 10
-35.07074975153287
 20
36.9638329203795
 30
0.0
  0
VERTEX
  5
3CF
  8
COUCHE_1
 10
-35.71859719967696
 20
36.71324557317036
 30
0.0
  0
VERTEX
  5
3D0
  8
COUCHE_1
 10
-36.3552673662869
 20
36.40356160883162
 30
0.0
  0
VERTEX
  5
3D1
  8
COUCHE_1
 10
-36.97606145701172
 20
36.0327628890163
 30
0.0
  0
VERTEX
  5
3D2
  8
COUCHE_1
 10
-37.57669233049645
 20
35.59942476392636
 30
0.0
  0
VERTEX
  5
3D3
  8
COUCHE_1
 10
-38.15355099261181
 20
35.10248277594412
 30
0.0
  0
VERTEX
  5
3D4
  8
COUCHE_1
 10
-38.62281505025679
 20
34.62355820865179
 30
0.0
  0
VERTEX
  5
3D5
  8
COUCHE_1
 10
-38.8227678610441
 20
34.45894481833264
 30
0.0
  0
VERTEX
  5
3D6
  8
COUCHE_1
 10
-39.14792395541951
 20
34.21702802729519
 30
0.0
  0
VERTEX
  5
3D7
  8
COUCHE_1
 10
-40.07472423234589
 20
33.55458003621359
 30
0.0
  0
VERTEX
  5
3D8
  8
COUCHE_1
 10
-41.22530055382109
 20
32.69774964515594
 30
0.0
  0
VERTEX
  5
3D9
  8
COUCHE_1
 10
-41.86441871152427
 20
32.1854326635365
 30
0.0
  0
VERTEX
  5
3DA
  8
COUCHE_1
 10
-42.51783718404225
 20
31.62466121748028
 30
0.0
  0
VERTEX
  5
3DB
  8
COUCHE_1
 10
-43.17745425304184
 20
31.01046009852978
 30
0.0
  0
VERTEX
  5
3DC
  8
COUCHE_1
 10
-43.83059288355651
 20
30.34128797904749
 30
0.0
  0
VERTEX
  5
3DD
  8
COUCHE_1
 10
-44.46440360501228
 20
29.6154741619042
 30
0.0
  0
VERTEX
  5
3DE
  8
COUCHE_1
 10
-45.06572809654902
 20
28.83133406557112
 30
0.0
  0
VERTEX
  5
3DF
  8
COUCHE_1
 10
-45.61429570282451
 20
27.99751008881067
 30
0.0
  0
VERTEX
  5
3E0
  8
COUCHE_1
 10
-45.87569689233982
 20
27.5432358863856
 30
0.0
  0
VERTEX
  5
3E1
  8
COUCHE_1
 10
-46.11486232528538
 20
27.08302298791574
 30
0.0
  0
VERTEX
  5
3E2
  8
COUCHE_1
 10
-46.33540462724973
 20
26.60738741767688
 30
0.0
  0
VERTEX
  5
3E3
  8
COUCHE_1
 10
-46.53549473268668
 20
26.11633287720918
 30
0.0
  0
VERTEX
  5
3E4
  8
COUCHE_1
 10
-46.71330070133765
 20
25.60992302724616
 30
0.0
  0
VERTEX
  5
3E5
  8
COUCHE_1
 10
-46.85857890385896
 20
25.11686698994601
 30
0.0
  0
VERTEX
  5
3E6
  8
COUCHE_1
 10
-47.13895403450113
 20
24.17640613731184
 30
0.0
  0
VERTEX
  5
3E7
  8
COUCHE_1
 10
-47.48164138233715
 20
23.22305840919989
 30
0.0
  0
VERTEX
  5
3E8
  8
COUCHE_1
 10
-47.89645268332251
 20
22.23440970571924
 30
0.0
  0
VERTEX
  5
3E9
  8
COUCHE_1
 10
-48.38451063094501
 20
21.21656017941018
 30
0.0
  0
VERTEX
  5
3EA
  8
COUCHE_1
 10
-48.94686157634775
 20
20.17543644385932
 30
0.0
  0
VERTEX
  5
3EB
  8
COUCHE_1
 10
-49.58450349788091
 20
19.11682950109028
 30
0.0
  0
VERTEX
  5
3EC
  8
COUCHE_1
 10
-50.29840455548878
 20
18.04642176904111
 30
0.0
  0
VERTEX
  5
3ED
  8
COUCHE_1
 10
-51.08951626508038
 20
16.96980639508852
 30
0.0
  0
VERTEX
  5
3EE
  8
COUCHE_1
 10
-51.95878368302908
 20
15.89250119134158
 30
0.0
  0
VERTEX
  5
3EF
  8
COUCHE_1
 10
-52.90715402695665
 20
14.81995891683365
 30
0.0
  0
VERTEX
  5
3F0
  8
COUCHE_1
 10
-53.93558456652404
 20
13.75757520836737
 30
0.0
  0
VERTEX
  5
3F1
  8
COUCHE_1
 10
-55.04505022724342
 20
12.71069516887149
 30
0.0
  0
VERTEX
  5
3F2
  8
COUCHE_1
 10
-56.24210002131709
 20
11.67984086167085
 30
0.0
  0
VERTEX
  5
3F3
  8
COUCHE_1
 10
-56.86336700291091
 20
11.18072438656778
 30
0.0
  0
VERTEX
  5
3F4
  8
COUCHE_1
 10
-57.51110580978153
 20
10.68430266366268
 30
0.0
  0
VERTEX
  5
3F5
  8
COUCHE_1
 10
-58.17987820191055
 20
10.19570621638942
 30
0.0
  0
VERTEX
  5
3F6
  8
COUCHE_1
 10
-58.8698222701758
 20
9.715586399222175
 30
0.0
  0
VERTEX
  5
3F7
  8
COUCHE_1
 10
-59.58107911268829
 20
9.244593312492007
 30
0.0
  0
VERTEX
  5
3F8
  8
COUCHE_1
 10
-61.44106971940887
 20
8.073795586246723
 30
0.0
  0
VERTEX
  5
3F9
  8
COUCHE_1
 10
-60.12692391777606
 20
6.54740456578838
 30
0.0
  0
VERTEX
  5
3FA
  8
COUCHE_1
 10
-59.60376006661027
 20
5.98861089243811
 30
0.0
  0
VERTEX
  5
3FB
  8
COUCHE_1
 10
-59.0670632171269
 20
5.455649318863895
 30
0.0
  0
VERTEX
  5
3FC
  8
COUCHE_1
 10
-58.51833265081544
 20
4.944550400369633
 30
0.0
  0
VERTEX
  5
3FD
  8
COUCHE_1
 10
-57.44876611753465
 20
4.026561368728181
 30
0.0
  0
VERTEX
  5
3FE
  8
COUCHE_1
 10
-56.4315666473907
 20
3.229924608937962
 30
0.0
  0
VERTEX
  5
3FF
  8
COUCHE_1
 10
-55.531503126255
 20
2.575911849663689
 30
0.0
  0
VERTEX
  5
400
  8
COUCHE_1
 10
-54.80564921253721
 20
2.079915182390774
 30
0.0
  0
VERTEX
  5
401
  8
COUCHE_1
 10
-53.19931725730159
 20
1.037504577164778
 30
0.0
  0
VERTEX
  5
402
  8
COUCHE_1
 10
-36.36866652812576
 20
17.049584470783
 30
0.0
  0
VERTEX
  5
403
  8
COUCHE_1
 10
-36.36871266401803
 20
32.63894302040126
 30
0.0
  0
VERTEX
  5
404
  8
COUCHE_1
 10
-24.36976279526485
 20
32.63894302040125
 30
0.0
  0
VERTEX
  5
405
  8
COUCHE_1
 10
-23.79102449215193
 20
32.75880330237356
 30
0.0
  0
VERTEX
  5
406
  8
COUCHE_1
 10
-23.25816068809173
 20
32.639657724724
 30
0.0
  0
VERTEX
  5
407
  8
COUCHE_1
 10
-17.45019443656754
 20
32.45863128968926
 30
0.0
  0
SEQEND
  5
408
  8
COUCHE_1
  0
POLYLINE
  5
4C
  8
COUCHE_1
 66
     1
 10
0.0
 20
0.0
 30
0.0
 70
     1
  0
VERTEX
  5
409
  8
COUCHE_1
 10
-140.4929232355134
 20
-30.72034475938738
 30
0.0
  0
VERTEX
  5
40A
  8
COUCHE_1
 10
-140.3825536364974
 20
-31.06292514643181
 30
0.0
  0
VERTEX
  5
40B
  8
COUCHE_1
 10
-140.074682425061
 20
-31.65693186952733
 30
0.0
  0
VERTEX
  5
40C
  8
COUCHE_1
 10
-139.7375940950044
 20
-32.2580192560733
 30
0.0
  0
VERTEX
  5
40D
  8
COUCHE_1
 10
-139.3800988616287
 20
-32.84944896694144
 30
0.0
  0
VERTEX
  5
40E
  8
COUCHE_1
 10
-139.0025161387033
 20
-33.43086609178258
 30
0.0
  0
VERTEX
  5
40F
  8
COUCHE_1
 10
-138.6051649367005
 20
-34.00191736750555
 30
0.0
  0
VERTEX
  5
410
  8
COUCHE_1
 10
-138.1883637863224
 20
-34.56225098128746
 30
0.0
  0
VERTEX
  5
411
  8
COUCHE_1
 10
-137.7524306929962
 20
-35.11151637673908
 30
0.0
  0
VERTEX
  5
412
  8
COUCHE_1
 10
-137.2976831216731
 20
-35.64936406498041
 30
0.0
  0
VERTEX
  5
413
  8
COUCHE_1
 10
-136.8244380091544
 20
-36.1754454446292
 30
0.0
  0
VERTEX
  5
414
  8
COUCHE_1
 10
-136.333011801848
 20
-36.68941263298416
 30
0.0
  0
VERTEX
  5
415
  8
COUCHE_1
 10
-135.8237205168474
 20
-37.19091831032272
 30
0.0
  0
VERTEX
  5
416
  8
COUCHE_1
 10
-135.2968798233783
 20
-37.67961557967757
 30
0.0
  0
VERTEX
  5
417
  8
COUCHE_1
 10
-134.7528051418394
 20
-38.15515784376014
 30
0.0
  0
VERTEX
  5
418
  8
COUCHE_1
 10
-134.1918117587468
 20
-38.61719869943467
 30
0.0
  0
VERTEX
  5
419
  8
COUCHE_1
 10
-133.6142149531731
 20
-39.06539185231115
 30
0.0
  0
VERTEX
  5
41A
  8
COUCHE_1
 10
-132.9596948375336
 20
-39.5437021175059
 30
0.0
  0
VERTEX
  5
41B
  8
COUCHE_1
 10
-131.620462872768
 20
-40.25593140954054
 30
0.0
  0
VERTEX
  5
41C
  8
COUCHE_1
 10
-130.317667784385
 20
-40.89094592916106
 30
0.0
  0
VERTEX
  5
41D
  8
COUCHE_1
 10
-128.9901987610795
 20
-41.48172933815554
 30
0.0
  0
VERTEX
  5
41E
  8
COUCHE_1
 10
-127.639641067293
 20
-42.02792122716456
 30
0.0
  0
VERTEX
  5
41F
  8
COUCHE_1
 10
-126.2675754022514
 20
-42.52916195154437
 30
0.0
  0
VERTEX
  5
420
  8
COUCHE_1
 10
-124.8755783745473
 20
-42.98509195012704
 30
0.0
  0
VERTEX
  5
421
  8
COUCHE_1
 10
-123.4652230595321
 20
-43.39535115778796
 30
0.0
  0
VERTEX
  5
422
  8
COUCHE_1
 10
-122.0380796231103
 20
-43.75957851585732
 30
0.0
  0
VERTEX
  5
423
  8
COUCHE_1
 10
-120.5957159973573
 20
-44.07741158267172
 30
0.0
  0
VERTEX
  5
424
  8
COUCHE_1
 10
-119.1396985935607
 20
-44.34848624566644
 30
0.0
  0
VERTEX
  5
425
  8
COUCHE_1
 10
-117.6715930405267
 20
-44.57243653530863
 30
0.0
  0
VERTEX
  5
426
  8
COUCHE_1
 10
-116.1929649353762
 20
-44.74889454099245
 30
0.0
  0
VERTEX
  5
427
  8
COUCHE_1
 10
-114.7053805955636
 20
-44.87749042838696
 30
0.0
  0
VERTEX
  5
428
  8
COUCHE_1
 10
-113.2104077999683
 20
-44.95785255761965
 30
0.0
  0
VERTEX
  5
429
  8
COUCHE_1
 10
-111.7096165070322
 20
-44.98960770115543
 30
0.0
  0
VERTEX
  5
42A
  8
COUCHE_1
 10
-110.236431798412
 20
-44.9727459340863
 30
0.0
  0
VERTEX
  5
42B
  8
COUCHE_1
 10
-71.21331576067908
 20
-44.9388144290611
 30
0.0
  0
VERTEX
  5
42C
  8
COUCHE_1
 10
-77.52737161642676
 20
-42.6138884942601
 30
0.0
  0
VERTEX
  5
42D
  8
COUCHE_1
 10
-78.02458908453832
 20
-42.46353758679255
 30
0.0
  0
VERTEX
  5
42E
  8
COUCHE_1
 10
-78.69915599601566
 20
-42.24407379363193
 30
0.0
  0
VERTEX
  5
42F
  8
COUCHE_1
 10
-79.55415524130977
 20
-41.92823892826465
 30
0.0
  0
VERTEX
  5
430
  8
COUCHE_1
 10
-80.56249387719122
 20
-41.4963872497098
 30
0.0
  0
VERTEX
  5
431
  8
COUCHE_1
 10
-81.09307009820749
 20
-41.2408698541436
 30
0.0
  0
VERTEX
  5
432
  8
COUCHE_1
 10
-81.65169343330201
 20
-40.94852127272631
 30
0.0
  0
VERTEX
  5
433
  8
COUCHE_1
 10
-82.22456958036749
 20
-40.62182777329843
 30
0.0
  0
VERTEX
  5
434
  8
COUCHE_1
 10
-82.80635307310745
 20
-40.25924411012505
 30
0.0
  0
VERTEX
  5
435
  8
COUCHE_1
 10
-83.39176528157334
 20
-39.85922633488911
 30
0.0
  0
VERTEX
  5
436
  8
COUCHE_1
 10
-83.97561159433823
 20
-39.42021351070434
 30
0.0
  0
VERTEX
  5
437
  8
COUCHE_1
 10
-84.55279358671964
 20
-38.94060466868336
 30
0.0
  0
VERTEX
  5
438
  8
COUCHE_1
 10
-85.11831421476508
 20
-38.41873129394526
 30
0.0
  0
VERTEX
  5
439
  8
COUCHE_1
 10
-85.66727350941123
 20
-37.85282678219197
 30
0.0
  0
VERTEX
  5
43A
  8
COUCHE_1
 10
-86.1948523617346
 20
-37.24099569170332
 30
0.0
  0
VERTEX
  5
43B
  8
COUCHE_1
 10
-86.69628299070372
 20
-36.58118697545034
 30
0.0
  0
VERTEX
  5
43C
  8
COUCHE_1
 10
-87.16680664185252
 20
-35.87117627483349
 30
0.0
  0
VERTEX
  5
43D
  8
COUCHE_1
 10
-87.6016217436993
 20
-35.10856226773084
 30
0.0
  0
VERTEX
  5
43E
  8
COUCHE_1
 10
-87.99582851414038
 20
-34.29078060284289
 30
0.0
  0
VERTEX
  5
43F
  8
COUCHE_1
 10
-88.34437793484693
 20
-33.41513613824912
 30
0.0
  0
VERTEX
  5
440
  8
COUCHE_1
 10
-88.64203322001019
 20
-32.47885061928403
 30
0.0
  0
VERTEX
  5
441
  8
COUCHE_1
 10
-88.88552690222289
 20
-31.47010117863459
 30
0.0
  0
VERTEX
  5
442
  8
COUCHE_1
 10
-88.9815940068391
 20
-30.95466574394225
 30
0.0
  0
VERTEX
  5
443
  8
COUCHE_1
 10
-89.06313446753428
 20
-30.41325657574788
 30
0.0
  0
VERTEX
  5
444
  8
COUCHE_1
 10
-89.12772157923166
 20
-29.85461746789231
 30
0.0
  0
VERTEX
  5
445
  8
COUCHE_1
 10
-89.17461107902244
 20
-29.27842287952958
 30
0.0
  0
VERTEX
  5
446
  8
COUCHE_1
 10
-89.2030507312104
 20
-28.68435584425743
 30
0.0
  0
VERTEX
  5
447
  8
COUCHE_1
 10
-89.21228176818941
 20
-28.07210853331095
 30
0.0
  0
VERTEX
  5
448
  8
COUCHE_1
 10
-89.20154034156826
 20
-27.44138256463323
 30
0.0
  0
VERTEX
  5
449
  8
COUCHE_1
 10
-89.17005893545239
 20
-26.79188907679971
 30
0.0
  0
VERTEX
  5
44A
  8
COUCHE_1
 10
-89.11706770203244
 20
-26.12334859416043
 30
0.0
  0
VERTEX
  5
44B
  8
COUCHE_1
 10
-89.00765001011415
 20
-25.12345742261908
 30
0.0
  0
VERTEX
  5
44C
  8
COUCHE_1
 10
-89.33705355911164
 20
-24.43440700357048
 30
0.0
  0
VERTEX
  5
44D
  8
COUCHE_1
 10
-89.94018685939874
 20
-24.12081432606351
 30
0.0
  0
VERTEX
  5
44E
  8
COUCHE_1
 10
-90.30932962212914
 20
-24.01922466744269
 30
0.0
  0
VERTEX
  5
44F
  8
COUCHE_1
 10
-90.6384330542714
 20
-23.95876895314453
 30
0.0
  0
VERTEX
  5
450
  8
COUCHE_1
 10
-91.33312576632329
 20
-23.86856077694958
 30
0.0
  0
VERTEX
  5
451
  8
COUCHE_1
 10
-92.20576930733631
 20
-23.77143207910143
 30
0.0
  0
VERTEX
  5
452
  8
COUCHE_1
 10
-94.51798260294368
 20
-23.47158406367856
 30
0.0
  0
VERTEX
  5
453
  8
COUCHE_1
 10
-95.90580406131056
 20
-23.23739650219347
 30
0.0
  0
VERTEX
  5
454
  8
COUCHE_1
 10
-97.44972942860656
 20
-22.92007163872713
 30
0.0
  0
VERTEX
  5
455
  8
COUCHE_1
 10
-98.25838615753696
 20
-22.72838264674839
 30
0.0
  0
VERTEX
  5
456
  8
COUCHE_1
 10
-99.10209675515524
 20
-22.50870000834965
 30
0.0
  0
VERTEX
  5
457
  8
COUCHE_1
 10
-99.97188887678436
 20
-22.26048873232308
 30
0.0
  0
VERTEX
  5
458
  8
COUCHE_1
 10
-100.8654049428855
 20
-21.9816452581642
 30
0.0
  0
VERTEX
  5
459
  8
COUCHE_1
 10
-101.7802906222111
 20
-21.67006409223567
 30
0.0
  0
VERTEX
  5
45A
  8
COUCHE_1
 10
-102.7141987645136
 20
-21.32363570451415
 30
0.0
  0
VERTEX
  5
45B
  8
COUCHE_1
 10
-103.6647922166487
 20
-20.94024417566278
 30
0.0
  0
VERTEX
  5
45C
  8
COUCHE_1
 10
-104.6297456417882
 20
-20.51776462918724
 30
0.0
  0
VERTEX
  5
45D
  8
COUCHE_1
 10
-105.6067463910141
 20
-20.05406051629692
 30
0.0
  0
VERTEX
  5
45E
  8
COUCHE_1
 10
-106.5934944416435
 20
-19.54698085306895
 30
0.0
  0
VERTEX
  5
45F
  8
COUCHE_1
 10
-107.5877014093909
 20
-18.99435753861248
 30
0.0
  0
VERTEX
  5
460
  8
COUCHE_1
 10
-108.5870886565865
 20
-18.39400290603018
 30
0.0
  0
VERTEX
  5
461
  8
COUCHE_1
 10
-109.5893845514804
 20
-17.74370767128448
 30
0.0
  0
VERTEX
  5
462
  8
COUCHE_1
 10
-110.5923209788379
 20
-17.04123944498913
 30
0.0
  0
VERTEX
  5
463
  8
COUCHE_1
 10
-111.5936292530389
 20
-16.28434195589794
 30
0.0
  0
VERTEX
  5
464
  8
COUCHE_1
 10
-114.2820450974073
 20
-14.0913405881193
 30
0.0
  0
VERTEX
  5
465
  8
COUCHE_1
 10
-115.0513746052701
 20
-17.16276666531167
 30
0.0
  0
VERTEX
  5
466
  8
COUCHE_1
 10
-115.2531712742392
 20
-18.25588276088073
 30
0.0
  0
VERTEX
  5
467
  8
COUCHE_1
 10
-115.3764774862845
 20
-19.31177899705777
 30
0.0
  0
VERTEX
  5
468
  8
COUCHE_1
 10
-115.4241061309468
 20
-20.33020626413541
 30
0.0
  0
VERTEX
  5
469
  8
COUCHE_1
 10
-115.3989089132491
 20
-21.31076290174078
 30
0.0
  0
VERTEX
  5
46A
  8
COUCHE_1
 10
-115.3038201631534
 20
-22.25289731271761
 30
0.0
  0
VERTEX
  5
46B
  8
COUCHE_1
 10
-115.1419013338467
 20
-23.15592498472792
 30
0.0
  0
VERTEX
  5
46C
  8
COUCHE_1
 10
-114.9163799943866
 20
-24.01906066600177
 30
0.0
  0
VERTEX
  5
46D
  8
COUCHE_1
 10
-114.6306767622172
 20
-24.84146372842156
 30
0.0
  0
VERTEX
  5
46E
  8
COUCHE_1
 10
-114.2884148211781
 20
-25.62229192863492
 30
0.0
  0
VERTEX
  5
46F
  8
COUCHE_1
 10
-113.893409378653
 20
-26.36075669753118
 30
0.0
  0
VERTEX
  5
470
  8
COUCHE_1
 10
-113.4496379961383
 20
-27.05617247854337
 30
0.0
  0
VERTEX
  5
471
  8
COUCHE_1
 10
-112.9611961567539
 20
-27.70799375533865
 30
0.0
  0
VERTEX
  5
472
  8
COUCHE_1
 10
-112.4322447146512
 20
-28.31583591128479
 30
0.0
  0
VERTEX
  5
473
  8
COUCHE_1
 10
-111.8669564547246
 20
-28.87947913812257
 30
0.0
  0
VERTEX
  5
474
  8
COUCHE_1
 10
-111.2694679491872
 20
-29.39885736095088
 30
0.0
  0
VERTEX
  5
475
  8
COUCHE_1
 10
-110.6438408069059
 20
-29.874035926866
 30
0.0
  0
VERTEX
  5
476
  8
COUCHE_1
 10
-109.9940340298947
 20
-30.30518240954023
 30
0.0
  0
VERTEX
  5
477
  8
COUCHE_1
 10
-109.3238871537765
 20
-30.69253448833787
 30
0.0
  0
VERTEX
  5
478
  8
COUCHE_1
 10
-108.6371125047831
 20
-31.0363678484931
 30
0.0
  0
VERTEX
  5
479
  8
COUCHE_1
 10
-107.9372943135697
 20
-31.33696581655743
 30
0.0
  0
VERTEX
  5
47A
  8
COUCHE_1
 10
-107.2278924640907
 20
-31.59459128253259
 30
0.0
  0
VERTEX
  5
47B
  8
COUCHE_1
 10
-106.5122491366762
 20
-31.80946052240253
 30
0.0
  0
VERTEX
  5
47C
  8
COUCHE_1
 10
-105.7935973728207
 20
-31.98171786662208
 30
0.0
  0
VERTEX
  5
47D
  8
COUCHE_1
 10
-105.0750715657582
 20
-32.111409752664
 30
0.0
  0
VERTEX
  5
47E
  8
COUCHE_1
 10
-104.3597210738384
 20
-32.19845654903715
 30
0.0
  0
VERTEX
  5
47F
  8
COUCHE_1
 10
-103.6505296548805
 20
-32.24262070436524
 30
0.0
  0
VERTEX
  5
480
  8
COUCHE_1
 10
-102.9504453489914
 20
-32.2434704521464
 30
0.0
  0
VERTEX
  5
481
  8
COUCHE_1
 10
-102.2624278719525
 20
-32.20033989415235
 30
0.0
  0
VERTEX
  5
482
  8
COUCHE_1
 10
-101.5895233295042
 20
-32.11228949103678
 30
0.0
  0
VERTEX
  5
483
  8
COUCHE_1
 10
-101.2032450083339
 20
-32.03308416526696
 30
0.0
  0
VERTEX
  5
484
  8
COUCHE_1
 10
-101.1349258185104
 20
-32.1404197286296
 30
0.0
  0
VERTEX
  5
485
  8
COUCHE_1
 10
-101.0617489404503
 20
-32.28735562157888
 30
0.0
  0
VERTEX
  5
486
  8
COUCHE_1
 10
-101.0052705728088
 20
-32.43922671784191
 30
0.0
  0
VERTEX
  5
487
  8
COUCHE_1
 10
-100.9647488014512
 20
-32.5976249420472
 30
0.0
  0
VERTEX
  5
488
  8
COUCHE_1
 10
-100.9401412946356
 20
-32.76390067512885
 30
0.0
  0
VERTEX
  5
489
  8
COUCHE_1
 10
-100.9319347309374
 20
-32.93898599904378
 30
0.0
  0
VERTEX
  5
48A
  8
COUCHE_1
 10
-100.9409337118587
 20
-33.12331549660894
 30
0.0
  0
VERTEX
  5
48B
  8
COUCHE_1
 10
-100.9680618479654
 20
-33.31683425559059
 30
0.0
  0
VERTEX
  5
48C
  8
COUCHE_1
 10
-101.0142074294012
 20
-33.51906453188511
 30
0.0
  0
VERTEX
  5
48D
  8
COUCHE_1
 10
-101.0801238153121
 20
-33.72919965010195
 30
0.0
  0
VERTEX
  5
48E
  8
COUCHE_1
 10
-101.1663790255232
 20
-33.94620064135805
 30
0.0
  0
VERTEX
  5
48F
  8
COUCHE_1
 10
-101.2733418893385
 20
-34.16888107114287
 30
0.0
  0
VERTEX
  5
490
  8
COUCHE_1
 10
-101.4011913336622
 20
-34.39597408362994
 30
0.0
  0
VERTEX
  5
491
  8
COUCHE_1
 10
-101.5499378654424
 20
-34.62618130087818
 30
0.0
  0
VERTEX
  5
492
  8
COUCHE_1
 10
-101.7194496641121
 20
-34.85820606770942
 30
0.0
  0
VERTEX
  5
493
  8
COUCHE_1
 10
-101.9094786964623
 20
-35.09077448317806
 30
0.0
  0
VERTEX
  5
494
  8
COUCHE_1
 10
-102.1099211932453
 20
-35.31187791150786
 30
0.0
  0
VERTEX
  5
495
  8
COUCHE_1
 10
-102.5999617990398
 20
-35.77918809872088
 30
0.0
  0
VERTEX
  5
496
  8
COUCHE_1
 10
-103.1540473077989
 20
-36.21934412276271
 30
0.0
  0
VERTEX
  5
497
  8
COUCHE_1
 10
-103.7789151237128
 20
-36.63451531657801
 30
0.0
  0
VERTEX
  5
498
  8
COUCHE_1
 10
-104.4817171074332
 20
-37.0233468029158
 30
0.0
  0
VERTEX
  5
499
  8
COUCHE_1
 10
-104.8385979112099
 20
-37.19411666691124
 30
0.0
  0
VERTEX
  5
49A
  8
COUCHE_1
 10
-105.2223597639812
 20
-37.35971744932086
 30
0.0
  0
VERTEX
  5
49B
  8
COUCHE_1
 10
-105.6203471630493
 20
-37.51350322896288
 30
0.0
  0
VERTEX
  5
49C
  8
COUCHE_1
 10
-106.0320039075309
 20
-37.65463098830897
 30
0.0
  0
VERTEX
  5
49D
  8
COUCHE_1
 10
-106.4567882302316
 20
-37.78227383717292
 30
0.0
  0
VERTEX
  5
49E
  8
COUCHE_1
 10
-106.894175221841
 20
-37.89561809564604
 30
0.0
  0
VERTEX
  5
49F
  8
COUCHE_1
 10
-107.3436589189974
 20
-37.99386020170501
 30
0.0
  0
VERTEX
  5
4A0
  8
COUCHE_1
 10
-107.8047539892055
 20
-38.07620342058538
 30
0.0
  0
VERTEX
  5
4A1
  8
COUCHE_1
 10
-108.2769969258001
 20
-38.14185435812156
 30
0.0
  0
VERTEX
  5
4A2
  8
COUCHE_1
 10
-108.7599466559168
 20
-38.19001931012426
 30
0.0
  0
VERTEX
  5
4A3
  8
COUCHE_1
 10
-109.2531844656368
 20
-38.21990051259993
 30
0.0
  0
VERTEX
  5
4A4
  8
COUCHE_1
 10
-109.7563131605628
 20
-38.23069239044535
 30
0.0
  0
VERTEX
  5
4A5
  8
COUCHE_1
 10
-110.2689554075688
 20
-38.22157793172111
 30
0.0
  0
VERTEX
  5
4A6
  8
COUCHE_1
 10
-110.7907512435784
 20
-38.19172533682188
 30
0.0
  0
VERTEX
  5
4A7
  8
COUCHE_1
 10
-111.321354787324
 20
-38.14028510298453
 30
0.0
  0
VERTEX
  5
4A8
  8
COUCHE_1
 10
-111.8604302458313
 20
-38.06638770149454
 30
0.0
  0
VERTEX
  5
4A9
  8
COUCHE_1
 10
-112.4076473629837
 20
-37.96914198596537
 30
0.0
  0
VERTEX
  5
4AA
  8
COUCHE_1
 10
-112.9626765062993
 20
-37.84763443544729
 30
0.0
  0
VERTEX
  5
4AB
  8
COUCHE_1
 10
-113.5251836235402
 20
-37.70092928837406
 30
0.0
  0
VERTEX
  5
4AC
  8
COUCHE_1
 10
-114.094825317782
 20
-37.52806956708254
 30
0.0
  0
VERTEX
  5
4AD
  8
COUCHE_1
 10
-114.6712442851723
 20
-37.32807893395491
 30
0.0
  0
VERTEX
  5
4AE
  8
COUCHE_1
 10
-115.2540653337941
 20
-37.09996426579488
 30
0.0
  0
VERTEX
  5
4AF
  8
COUCHE_1
 10
-115.8428921577386
 20
-36.84271878900355
 30
0.0
  0
VERTEX
  5
4B0
  8
COUCHE_1
 10
-116.43730498302
 20
-36.55532558908651
 30
0.0
  0
VERTEX
  5
4B1
  8
COUCHE_1
 10
-117.0368591382542
 20
-36.23676129635903
 30
0.0
  0
VERTEX
  5
4B2
  8
COUCHE_1
 10
-117.6410845402188
 20
-35.88599975537405
 30
0.0
  0
VERTEX
  5
4B3
  8
COUCHE_1
 10
-118.249486028856
 20
-35.502015506272
 30
0.0
  0
VERTEX
  5
4B4
  8
COUCHE_1
 10
-118.8615444426939
 20
-35.083786938057
 30
0.0
  0
VERTEX
  5
4B5
  8
COUCHE_1
 10
-119.4767182965383
 20
-34.63029901204332
 30
0.0
  0
VERTEX
  5
4B6
  8
COUCHE_1
 10
-120.0944459090798
 20
-34.14054549370341
 30
0.0
  0
VERTEX
  5
4B7
  8
COUCHE_1
 10
-120.714147827378
 20
-33.613530668884
 30
0.0
  0
VERTEX
  5
4B8
  8
COUCHE_1
 10
-121.3352294054834
 20
-33.04827055282212
 30
0.0
  0
VERTEX
  5
4B9
  8
COUCHE_1
 10
-121.9570834124744
 20
-32.443793625942
 30
0.0
  0
VERTEX
  5
4BA
  8
COUCHE_1
 10
-122.579092567738
 20
-31.79914114831691
 30
0.0
  0
VERTEX
  5
4BB
  8
COUCHE_1
 10
-123.2006319254804
 20
-31.11336711535702
 30
0.0
  0
VERTEX
  5
4BC
  8
COUCHE_1
 10
-124.4262282159637
 20
-29.67563580685991
 30
0.0
  0
VERTEX
  5
4BD
  8
COUCHE_1
 10
-125.9649707805287
 20
-30.19714890441407
 30
0.0
  0
VERTEX
  5
4BE
  8
COUCHE_1
 10
-126.5541588514056
 20
-30.37002316678977
 30
0.0
  0
VERTEX
  5
4BF
  8
COUCHE_1
 10
-127.1391260303288
 20
-30.51633916736959
 30
0.0
  0
VERTEX
  5
4C0
  8
COUCHE_1
 10
-127.7193025869372
 20
-30.6375558048926
 30
0.0
  0
VERTEX
  5
4C1
  8
COUCHE_1
 10
-128.2940813654911
 20
-30.735094307142
 30
0.0
  0
VERTEX
  5
4C2
  8
COUCHE_1
 10
-128.8628130005885
 20
-30.81034615935807
 30
0.0
  0
VERTEX
  5
4C3
  8
COUCHE_1
 10
-129.4248038353253
 20
-30.86468122405605
 30
0.0
  0
VERTEX
  5
4C4
  8
COUCHE_1
 10
-129.9793162510668
 20
-30.89945547445002
 30
0.0
  0
VERTEX
  5
4C5
  8
COUCHE_1
 10
-130.5255709836149
 20
-30.91601791191195
 30
0.0
  0
VERTEX
  5
4C6
  8
COUCHE_1
 10
-131.0525619381052
 20
-30.91572211447536
 30
0.0
  0
VERTEX
  5
4C7
  8
COUCHE_1
 10
-132.1077165660504
 20
-30.8694550843767
 30
0.0
  0
VERTEX
  5
4C8
  8
COUCHE_1
 10
-133.1045818630586
 20
-30.77255129692461
 30
0.0
  0
VERTEX
  5
4C9
  8
COUCHE_1
 10
-134.0472987895454
 20
-30.63556638334317
 30
0.0
  0
VERTEX
  5
4CA
  8
COUCHE_1
 10
-134.9284839886903
 20
-30.46970914175439
 30
0.0
  0
VERTEX
  5
4CB
  8
COUCHE_1
 10
-135.7409264232436
 20
-30.28628271863116
 30
0.0
  0
VERTEX
  5
4CC
  8
COUCHE_1
 10
-136.47790649871
 20
-30.09657210050968
 30
0.0
  0
VERTEX
  5
4CD
  8
COUCHE_1
 10
-137.133770577689
 20
-29.91164124795666
 30
0.0
  0
VERTEX
  5
4CE
  8
COUCHE_1
 10
-137.8497365345925
 20
-29.69899160010092
 30
0.0
  0
VERTEX
  5
4CF
  8
COUCHE_1
 10
-137.7980987966239
 20
-29.58586591195837
 30
0.0
  0
VERTEX
  5
4D0
  8
COUCHE_1
 10
-137.5981242706953
 20
-29.19115410335547
 30
0.0
  0
VERTEX
  5
4D1
  8
COUCHE_1
 10
-137.3921234862199
 20
-28.82177242729313
 30
0.0
  0
VERTEX
  5
4D2
  8
COUCHE_1
 10
-136.9344577093761
 20
-28.101550949221
 30
0.0
  0
VERTEX
  5
4D3
  8
COUCHE_1
 10
-136.4508060307772
 20
-27.45029493914554
 30
0.0
  0
VERTEX
  5
4D4
  8
COUCHE_1
 10
-135.9434757155876
 20
-26.85549645779767
 30
0.0
  0
VERTEX
  5
4D5
  8
COUCHE_1
 10
-135.420946642811
 20
-26.31450820497727
 30
0.0
  0
VERTEX
  5
4D6
  8
COUCHE_1
 10
-134.8918333451339
 20
-25.82489409664082
 30
0.0
  0
VERTEX
  5
4D7
  8
COUCHE_1
 10
-134.3648735601923
 20
-25.38433420038096
 30
0.0
  0
VERTEX
  5
4D8
  8
COUCHE_1
 10
-133.8488649901147
 20
-24.99052691847065
 30
0.0
  0
VERTEX
  5
4D9
  8
COUCHE_1
 10
-133.3588202930937
 20
-24.6455041353857
 30
0.0
  0
VERTEX
  5
4DA
  8
COUCHE_1
 10
-132.4452466596997
 20
-24.06029521786123
 30
0.0
  0
VERTEX
  5
4DB
  8
COUCHE_1
 10
-131.6979401856915
 20
-23.61253850094629
 30
0.0
  0
VERTEX
  5
4DC
  8
COUCHE_1
 10
-129.1918086609219
 20
-21.94647701751845
 30
0.0
  0
VERTEX
  5
4DD
  8
COUCHE_1
 10
-133.6706844839336
 20
-20.66268086643062
 30
0.0
  0
VERTEX
  5
4DE
  8
COUCHE_1
 10
-135.5288792604143
 20
-20.08132723541517
 30
0.0
  0
VERTEX
  5
4DF
  8
COUCHE_1
 10
-137.2203933656653
 20
-19.49850717963009
 30
0.0
  0
VERTEX
  5
4E0
  8
COUCHE_1
 10
-138.7645706429763
 20
-18.90824367027091
 30
0.0
  0
VERTEX
  5
4E1
  8
COUCHE_1
 10
-140.1813597626785
 20
-18.30436358056587
 30
0.0
  0
VERTEX
  5
4E2
  8
COUCHE_1
 10
-141.4913597790559
 20
-17.68032188102708
 30
0.0
  0
VERTEX
  5
4E3
  8
COUCHE_1
 10
-142.7157057523509
 20
-17.02904528719903
 30
0.0
  0
VERTEX
  5
4E4
  8
COUCHE_1
 10
-143.8757754412587
 20
-16.34287972525229
 30
0.0
  0
VERTEX
  5
4E5
  8
COUCHE_1
 10
-144.9927872316319
 20
-15.61370879411093
 30
0.0
  0
VERTEX
  5
4E6
  8
COUCHE_1
 10
-146.0874304235715
 20
-14.83323513502026
 30
0.0
  0
VERTEX
  5
4E7
  8
COUCHE_1
 10
-147.1796588839721
 20
-13.99332732612723
 30
0.0
  0
VERTEX
  5
4E8
  8
COUCHE_1
 10
-148.28869045397
 20
-13.08630146475736
 30
0.0
  0
VERTEX
  5
4E9
  8
COUCHE_1
 10
-149.4331580597401
 20
-12.10505247496579
 30
0.0
  0
VERTEX
  5
4EA
  8
COUCHE_1
 10
-150.630198688442
 20
-11.04402338770195
 30
0.0
  0
VERTEX
  5
4EB
  8
COUCHE_1
 10
-153.2715098070377
 20
-8.642870794540643
 30
0.0
  0
VERTEX
  5
4EC
  8
COUCHE_1
 10
-154.008649476585
 20
-7.997131157213644
 30
0.0
  0
VERTEX
  5
4ED
  8
COUCHE_1
 10
-154.7640452848173
 20
-7.391268888071147
 30
0.0
  0
VERTEX
  5
4EE
  8
COUCHE_1
 10
-155.5247669235357
 20
-6.834508161491254
 30
0.0
  0
VERTEX
  5
4EF
  8
COUCHE_1
 10
-156.2892383157305
 20
-6.326136418189628
 30
0.0
  0
VERTEX
  5
4F0
  8
COUCHE_1
 10
-157.0558790540908
 20
-5.865455448323341
 30
0.0
  0
VERTEX
  5
4F1
  8
COUCHE_1
 10
-157.8231045701055
 20
-5.451782588472948
 30
0.0
  0
VERTEX
  5
4F2
  8
COUCHE_1
 10
-158.5893262339295
 20
-5.084452434642212
 30
0.0
  0
VERTEX
  5
4F3
  8
COUCHE_1
 10
-159.3529512051716
 20
-4.762819186727448
 30
0.0
  0
VERTEX
  5
4F4
  8
COUCHE_1
 10
-160.1123817789534
 20
-4.486259726652793
 30
0.0
  0
VERTEX
  5
4F5
  8
COUCHE_1
 10
-160.8660138802529
 20
-4.254177499933606
 30
0.0
  0
VERTEX
  5
4F6
  8
COUCHE_1
 10
-161.6122342506897
 20
-4.066007210565428
 30
0.0
  0
VERTEX
  5
4F7
  8
COUCHE_1
 10
-162.3494157486681
 20
-3.921220238561217
 30
0.0
  0
VERTEX
  5
4F8
  8
COUCHE_1
 10
-163.0759100532294
 20
-3.819330531277173
 30
0.0
  0
VERTEX
  5
4F9
  8
COUCHE_1
 10
-163.7900369417829
 20
-3.759900482221541
 30
0.0
  0
VERTEX
  5
4FA
  8
COUCHE_1
 10
-164.4900692365765
 20
-3.742545970234521
 30
0.0
  0
VERTEX
  5
4FB
  8
COUCHE_1
 10
-165.1742125458856
 20
-3.766939267314062
 30
0.0
  0
VERTEX
  5
4FC
  8
COUCHE_1
 10
-165.8405791610471
 20
-3.832807931873727
 30
0.0
  0
VERTEX
  5
4FD
  8
COUCHE_1
 10
-166.4871560493375
 20
-3.939927125084325
 30
0.0
  0
VERTEX
  5
4FE
  8
COUCHE_1
 10
-167.1117679776156
 20
-4.088102141418433
 30
0.0
  0
VERTEX
  5
4FF
  8
COUCHE_1
 10
-167.7120385719214
 20
-4.277137580378586
 30
0.0
  0
VERTEX
  5
500
  8
COUCHE_1
 10
-168.2853546064731
 20
-4.506789920769438
 30
0.0
  0
VERTEX
  5
501
  8
COUCHE_1
 10
-168.8288417717644
 20
-4.776701851463288
 30
0.0
  0
VERTEX
  5
502
  8
COUCHE_1
 10
-169.3393628363223
 20
-5.086320106749713
 30
0.0
  0
VERTEX
  5
503
  8
COUCHE_1
 10
-169.8135500986409
 20
-5.434803910464322
 30
0.0
  0
VERTEX
  5
504
  8
COUCHE_1
 10
-170.2478815208378
 20
-5.820937695616616
 30
0.0
  0
VERTEX
  5
505
  8
COUCHE_1
 10
-170.6388025350373
 20
-6.243067443698592
 30
0.0
  0
VERTEX
  5
506
  8
COUCHE_1
 10
-170.9828835366804
 20
-6.699081593621872
 30
0.0
  0
VERTEX
  5
507
  8
COUCHE_1
 10
-171.2769896812723
 20
-7.186452086750995
 30
0.0
  0
VERTEX
  5
508
  8
COUCHE_1
 10
-171.5184303918663
 20
-7.702338280874428
 30
0.0
  0
VERTEX
  5
509
  8
COUCHE_1
 10
-171.7050564280468
 20
-8.243739717852671
 30
0.0
  0
VERTEX
  5
50A
  8
COUCHE_1
 10
-171.8352841119088
 20
-8.807669698517458
 30
0.0
  0
VERTEX
  5
50B
  8
COUCHE_1
 10
-171.9175208193285
 20
-9.46732355516454
 30
0.0
  0
VERTEX
  5
50C
  8
COUCHE_1
 10
-171.8597048659524
 20
-9.940844334167451
 30
0.0
  0
VERTEX
  5
50D
  8
COUCHE_1
 10
-171.7638373337052
 20
-10.3340336944448
 30
0.0
  0
VERTEX
  5
50E
  8
COUCHE_1
 10
-171.6254207112163
 20
-10.70971320633218
 30
0.0
  0
VERTEX
  5
50F
  8
COUCHE_1
 10
-171.4487923797029
 20
-11.06541404557911
 30
0.0
  0
VERTEX
  5
510
  8
COUCHE_1
 10
-171.2385803380502
 20
-11.39966734367518
 30
0.0
  0
VERTEX
  5
511
  8
COUCHE_1
 10
-170.9992887694685
 20
-11.71192676196505
 30
0.0
  0
VERTEX
  5
512
  8
COUCHE_1
 10
-170.7350259317978
 20
-12.00235680383619
 30
0.0
  0
VERTEX
  5
513
  8
COUCHE_1
 10
-170.449386179496
 20
-12.27158256247873
 30
0.0
  0
VERTEX
  5
514
  8
COUCHE_1
 10
-170.145448876564
 20
-12.52046744178756
 30
0.0
  0
VERTEX
  5
515
  8
COUCHE_1
 10
-169.8114426728795
 20
-12.76028789087123
 30
0.0
  0
VERTEX
  5
516
  8
COUCHE_1
 10
-169.1508570176162
 20
-13.15434364782696
 30
0.0
  0
VERTEX
  5
517
  8
COUCHE_1
 10
-168.4341889782861
 20
-13.49072188694971
 30
0.0
  0
VERTEX
  5
518
  8
COUCHE_1
 10
-167.6919881005553
 20
-13.76297544751527
 30
0.0
  0
VERTEX
  5
519
  8
COUCHE_1
 10
-167.1383024861815
 20
-13.91704443287195
 30
0.0
  0
VERTEX
  5
51A
  8
COUCHE_1
 10
-167.7104576033936
 20
-14.08140203332059
 30
0.0
  0
VERTEX
  5
51B
  8
COUCHE_1
 10
-168.3238191769776
 20
-14.20851162626747
 30
0.0
  0
VERTEX
  5
51C
  8
COUCHE_1
 10
-168.950203439721
 20
-14.29201009759289
 30
0.0
  0
VERTEX
  5
51D
  8
COUCHE_1
 10
-169.5873966146703
 20
-14.33296469964167
 30
0.0
  0
VERTEX
  5
51E
  8
COUCHE_1
 10
-170.2328143137771
 20
-14.3324071166033
 30
0.0
  0
VERTEX
  5
51F
  8
COUCHE_1
 10
-170.8835602746554
 20
-14.29141455036032
 30
0.0
  0
VERTEX
  5
520
  8
COUCHE_1
 10
-171.5364958930833
 20
-14.21116205948159
 30
0.0
  0
VERTEX
  5
521
  8
COUCHE_1
 10
-172.1883077639437
 20
-14.09295094615754
 30
0.0
  0
VERTEX
  5
522
  8
COUCHE_1
 10
-172.835566313421
 20
-13.93821995738588
 30
0.0
  0
VERTEX
  5
523
  8
COUCHE_1
 10
-173.4747731331619
 20
-13.7485457902266
 30
0.0
  0
VERTEX
  5
524
  8
COUCHE_1
 10
-174.1023974892944
 20
-13.52563808195314
 30
0.0
  0
VERTEX
  5
525
  8
COUCHE_1
 10
-174.7149039744743
 20
-13.27133253125729
 30
0.0
  0
VERTEX
  5
526
  8
COUCHE_1
 10
-175.3087738731984
 20
-12.98758443078298
 30
0.0
  0
VERTEX
  5
527
  8
COUCHE_1
 10
-175.8805229377381
 20
-12.67646380403565
 30
0.0
  0
VERTEX
  5
528
  8
COUCHE_1
 10
-176.4267182137116
 20
-12.34015248375109
 30
0.0
  0
VERTEX
  5
529
  8
COUCHE_1
 10
-176.9439964714612
 20
-11.98094272332582
 30
0.0
  0
VERTEX
  5
52A
  8
COUCHE_1
 10
-177.429086742331
 20
-11.60123614610467
 30
0.0
  0
VERTEX
  5
52B
  8
COUCHE_1
 10
-177.8788393720159
 20
-11.20354084557993
 30
0.0
  0
VERTEX
  5
52C
  8
COUCHE_1
 10
-178.2902637024363
 20
-10.79046309719085
 30
0.0
  0
VERTEX
  5
52D
  8
COUCHE_1
 10
-178.6605756168075
 20
-10.36468833197497
 30
0.0
  0
VERTEX
  5
52E
  8
COUCHE_1
 10
-178.9872541307486
 20
-9.928943837682477
 30
0.0
  0
VERTEX
  5
52F
  8
COUCHE_1
 10
-179.2681021526654
 20
-9.485933604247125
 30
0.0
  0
VERTEX
  5
530
  8
COUCHE_1
 10
-179.501299632858
 20
-9.038235136221433
 30
0.0
  0
VERTEX
  5
531
  8
COUCHE_1
 10
-179.685427475902
 20
-8.58815141636799
 30
0.0
  0
VERTEX
  5
532
  8
COUCHE_1
 10
-179.8194299656155
 20
-8.13752204128981
 30
0.0
  0
VERTEX
  5
533
  8
COUCHE_1
 10
-180.197466014577
 20
-6.089109110149004
 30
0.0
  0
VERTEX
  5
534
  8
COUCHE_1
 10
-182.0156199174393
 20
-6.867937738919891
 30
0.0
  0
VERTEX
  5
535
  8
COUCHE_1
 10
-182.6010995897767
 20
-7.106722929287566
 30
0.0
  0
VERTEX
  5
536
  8
COUCHE_1
 10
-183.47823793839
 20
-7.399986424120498
 30
0.0
  0
VERTEX
  5
537
  8
COUCHE_1
 10
-183.9823314061926
 20
-7.534261317563305
 30
0.0
  0
VERTEX
  5
538
  8
COUCHE_1
 10
-184.544711849368
 20
-7.653915277680552
 30
0.0
  0
VERTEX
  5
539
  8
COUCHE_1
 10
-185.1436883728823
 20
-7.745653604929783
 30
0.0
  0
VERTEX
  5
53A
  8
COUCHE_1
 10
-185.7700807483011
 20
-7.80000895774901
 30
0.0
  0
VERTEX
  5
53B
  8
COUCHE_1
 10
-186.4152420198053
 20
-7.80812895652096
 30
0.0
  0
VERTEX
  5
53C
  8
COUCHE_1
 10
-187.0895510819041
 20
-7.760437111688844
 30
0.0
  0
VERTEX
  5
53D
  8
COUCHE_1
 10
-187.4041348763967
 20
-7.716489694143672
 30
0.0
  0
VERTEX
  5
53E
  8
COUCHE_1
 10
-187.7352699986264
 20
-7.653641044947883
 30
0.0
  0
VERTEX
  5
53F
  8
COUCHE_1
 10
-188.0666817741899
 20
-7.573014875116017
 30
0.0
  0
VERTEX
  5
540
  8
COUCHE_1
 10
-188.39808245783
 20
-7.473429831241864
 30
0.0
  0
VERTEX
  5
541
  8
COUCHE_1
 10
-188.7292943838449
 20
-7.353582636563906
 30
0.0
  0
VERTEX
  5
542
  8
COUCHE_1
 10
-189.0602145468401
 20
-7.212021896457303
 30
0.0
  0
VERTEX
  5
543
  8
COUCHE_1
 10
-189.1853765795458
 20
-7.149587380208876
 30
0.0
  0
VERTEX
  5
544
  8
COUCHE_1
 10
-189.1666706897481
 20
-7.091168087130812
 30
0.0
  0
VERTEX
  5
545
  8
COUCHE_1
 10
-189.1176643093175
 20
-6.97789037955044
 30
0.0
  0
VERTEX
  5
546
  8
COUCHE_1
 10
-188.9269635896645
 20
-6.650033842571275
 30
0.0
  0
VERTEX
  5
547
  8
COUCHE_1
 10
-188.6689986782388
 20
-6.306696118152424
 30
0.0
  0
VERTEX
  5
548
  8
COUCHE_1
 10
-188.3464025150422
 20
-5.944019627280563
 30
0.0
  0
VERTEX
  5
549
  8
COUCHE_1
 10
-187.9790146744498
 20
-5.575991895998571
 30
0.0
  0
VERTEX
  5
54A
  8
COUCHE_1
 10
-187.5884611136504
 20
-5.213701003779659
 30
0.0
  0
VERTEX
  5
54B
  8
COUCHE_1
 10
-186.7946684655979
 20
-4.513181056116174
 30
0.0
  0
VERTEX
  5
54C
  8
COUCHE_1
 10
-186.1250589794477
 20
-3.882027913214183
 30
0.0
  0
VERTEX
  5
54D
  8
COUCHE_1
 10
-185.8286789514994
 20
-3.511301160235619
 30
0.0
  0
VERTEX
  5
54E
  8
COUCHE_1
 10
-185.6639593627852
 20
-3.192575850391347
 30
0.0
  0
VERTEX
  5
54F
  8
COUCHE_1
 10
-185.5664786163104
 20
-2.738682362115432
 30
0.0
  0
VERTEX
  5
550
  8
COUCHE_1
 10
-185.7168373781852
 20
-2.135490096928829
 30
0.0
  0
VERTEX
  5
551
  8
COUCHE_1
 10
-186.1878155525085
 20
-1.675268530305852
 30
0.0
  0
VERTEX
  5
552
  8
COUCHE_1
 10
-186.6753445171344
 20
-1.481735060535709
 30
0.0
  0
VERTEX
  5
553
  8
COUCHE_1
 10
-186.9933515857831
 20
-1.432554196933969
 30
0.0
  0
VERTEX
  5
554
  8
COUCHE_1
 10
-187.7004299394243
 20
-1.352717462600817
 30
0.0
  0
VERTEX
  5
555
  8
COUCHE_1
 10
-188.2630197554024
 20
-1.250937999543302
 30
0.0
  0
VERTEX
  5
556
  8
COUCHE_1
 10
-188.7618926911683
 20
-1.124702215814323
 30
0.0
  0
VERTEX
  5
557
  8
COUCHE_1
 10
-189.2016274689351
 20
-0.9797421051820703
 30
0.0
  0
VERTEX
  5
558
  8
COUCHE_1
 10
-189.5867902767428
 20
-0.8213901079989178
 30
0.0
  0
VERTEX
  5
559
  8
COUCHE_1
 10
-189.9217729687446
 20
-0.6546091445617435
 30
0.0
  0
VERTEX
  5
55A
  8
COUCHE_1
 10
-190.2106598871596
 20
-0.4840725089280908
 30
0.0
  0
VERTEX
  5
55B
  8
COUCHE_1
 10
-190.4571502906095
 20
-0.314271973428044
 30
0.0
  0
VERTEX
  5
55C
  8
COUCHE_1
 10
-190.6645488657061
 20
-0.1496227865402763
 30
0.0
  0
VERTEX
  5
55D
  8
COUCHE_1
 10
-190.8240180474428
 20
-0.0052204387594444
 30
0.0
  0
VERTEX
  5
55E
  8
COUCHE_1
 10
-190.8297191995573
 20
0.0009262738991426
 30
0.0
  0
VERTEX
  5
55F
  8
COUCHE_1
 10
-190.8240180474433
 20
0.0070729865574372
 30
0.0
  0
VERTEX
  5
560
  8
COUCHE_1
 10
-190.6645488657061
 20
0.1514753343391461
 30
0.0
  0
VERTEX
  5
561
  8
COUCHE_1
 10
-190.4571502906095
 20
0.3161245212263291
 30
0.0
  0
VERTEX
  5
562
  8
COUCHE_1
 10
-190.2106598871594
 20
0.4859250567266681
 30
0.0
  0
VERTEX
  5
563
  8
COUCHE_1
 10
-189.9217729687449
 20
0.6564616923600285
 30
0.0
  0
VERTEX
  5
564
  8
COUCHE_1
 10
-189.5867902767422
 20
0.823242655797495
 30
0.0
  0
VERTEX
  5
565
  8
COUCHE_1
 10
-189.2016274689351
 20
0.9815946529803552
 30
0.0
  0
VERTEX
  5
566
  8
COUCHE_1
 10
-188.7618926911683
 20
1.126554763612608
 30
0.0
  0
VERTEX
  5
567
  8
COUCHE_1
 10
-188.2630197554021
 20
1.252790547341879
 30
0.0
  0
VERTEX
  5
568
  8
COUCHE_1
 10
-187.7004299394243
 20
1.354570010399394
 30
0.0
  0
VERTEX
  5
569
  8
COUCHE_1
 10
-186.9933515857774
 20
1.434406744733131
 30
0.0
  0
VERTEX
  5
56A
  8
COUCHE_1
 10
-186.6753445171318
 20
1.483587608334871
 30
0.0
  0
VERTEX
  5
56B
  8
COUCHE_1
 10
-186.1878155525077
 20
1.677121078104429
 30
0.0
  0
VERTEX
  5
56C
  8
COUCHE_1
 10
-185.7168373781847
 20
2.137342644728575
 30
0.0
  0
VERTEX
  5
56D
  8
COUCHE_1
 10
-185.5664786163106
 20
2.740534909912839
 30
0.0
  0
VERTEX
  5
56E
  8
COUCHE_1
 10
-185.6639593627847
 20
3.194428398187877
 30
0.0
  0
VERTEX
  5
56F
  8
COUCHE_1
 10
-185.8286789514989
 20
3.513153708032735
 30
0.0
  0
VERTEX
  5
570
  8
COUCHE_1
 10
-186.1152840198785
 20
3.871653459596315
 30
0.0
  0
VERTEX
  5
571
  8
COUCHE_1
 10
-186.4467559090099
 20
4.200550617105368
 30
0.0
  0
VERTEX
  5
572
  8
COUCHE_1
 10
-186.8045734416072
 20
4.523774719484668
 30
0.0
  0
VERTEX
  5
573
  8
COUCHE_1
 10
-187.5794612373907
 20
5.207611184182664
 30
0.0
  0
VERTEX
  5
574
  8
COUCHE_1
 10
-188.3541497038439
 20
5.95458189816074
 30
0.0
  0
VERTEX
  5
575
  8
COUCHE_1
 10
-188.6689986782388
 20
6.308548665951
 30
0.0
  0
VERTEX
  5
576
  8
COUCHE_1
 10
-188.9269635896645
 20
6.651886390369559
 30
0.0
  0
VERTEX
  5
577
  8
COUCHE_1
 10
-189.1176643093181
 20
6.979742927349308
 30
0.0
  0
VERTEX
  5
578
  8
COUCHE_1
 10
-189.1666706897481
 20
7.093020634928511
 30
0.0
  0
VERTEX
  5
579
  8
COUCHE_1
 10
-189.1853765795458
 20
7.151439928007161
 30
0.0
  0
VERTEX
  5
57A
  8
COUCHE_1
 10
-189.0602145468396
 20
7.213874444255879
 30
0.0
  0
VERTEX
  5
57B
  8
COUCHE_1
 10
-188.7292943838449
 20
7.355435184362189
 30
0.0
  0
VERTEX
  5
57C
  8
COUCHE_1
 10
-188.3980824578303
 20
7.475282379040148
 30
0.0
  0
VERTEX
  5
57D
  8
COUCHE_1
 10
-188.0666817741899
 20
7.574867422914301
 30
0.0
  0
VERTEX
  5
57E
  8
COUCHE_1
 10
-187.7352699986264
 20
7.655493592746459
 30
0.0
  0
VERTEX
  5
57F
  8
COUCHE_1
 10
-187.4041348763967
 20
7.718342241942248
 30
0.0
  0
VERTEX
  5
580
  8
COUCHE_1
 10
-187.0736953030674
 20
7.764504714888033
 30
0.0
  0
VERTEX
  5
581
  8
COUCHE_1
 10
-186.7445084764456
 20
7.795015196338652
 30
0.0
  0
VERTEX
  5
582
  8
COUCHE_1
 10
-186.4315734446344
 20
7.810187051607179
 30
0.0
  0
VERTEX
  5
583
  8
COUCHE_1
 10
-185.7700807483011
 20
7.801861505547294
 30
0.0
  0
VERTEX
  5
584
  8
COUCHE_1
 10
-185.1436883728823
 20
7.747506152728358
 30
0.0
  0
VERTEX
  5
585
  8
COUCHE_1
 10
-184.544711849368
 20
7.655767825478835
 30
0.0
  0
VERTEX
  5
586
  8
COUCHE_1
 10
-183.9823314061923
 20
7.536113865361589
 30
0.0
  0
VERTEX
  5
587
  8
COUCHE_1
 10
-183.4658751676192
 20
7.39854591252824
 30
0.0
  0
VERTEX
  5
588
  8
COUCHE_1
 10
-183.0045423521858
 20
7.253451874690627
 30
0.0
  0
VERTEX
  5
589
  8
COUCHE_1
 10
-182.6145391928983
 20
7.114056757378587
 30
0.0
  0
VERTEX
  5
58A
  8
COUCHE_1
 10
-182.0156199174393
 20
6.869790286718175
 30
0.0
  0
VERTEX
  5
58B
  8
COUCHE_1
 10
-180.1974660145768
 20
6.090961657947288
 30
0.0
  0
VERTEX
  5
58C
  8
COUCHE_1
 10
-179.8194299656155
 20
8.139374589088096
 30
0.0
  0
VERTEX
  5
58D
  8
COUCHE_1
 10
-179.685427475902
 20
8.590003964166277
 30
0.0
  0
VERTEX
  5
58E
  8
COUCHE_1
 10
-179.501299632858
 20
9.04008768402001
 30
0.0
  0
VERTEX
  5
58F
  8
COUCHE_1
 10
-179.2681021526657
 20
9.48778615204512
 30
0.0
  0
VERTEX
  5
590
  8
COUCHE_1
 10
-178.9872541307486
 20
9.930796385481054
 30
0.0
  0
VERTEX
  5
591
  8
COUCHE_1
 10
-178.6605756168075
 20
10.36654087977325
 30
0.0
  0
VERTEX
  5
592
  8
COUCHE_1
 10
-178.2902637024361
 20
10.79231564498943
 30
0.0
  0
VERTEX
  5
593
  8
COUCHE_1
 10
-177.8788393720159
 20
11.20539339337822
 30
0.0
  0
VERTEX
  5
594
  8
COUCHE_1
 10
-177.429086742331
 20
11.60308869390295
 30
0.0
  0
VERTEX
  5
595
  8
COUCHE_1
 10
-176.9439964714612
 20
11.9827952711241
 30
0.0
  0
VERTEX
  5
596
  8
COUCHE_1
 10
-176.4267182137116
 20
12.34200503154937
 30
0.0
  0
VERTEX
  5
597
  8
COUCHE_1
 10
-175.8805229377384
 20
12.67831635183393
 30
0.0
  0
VERTEX
  5
598
  8
COUCHE_1
 10
-175.3087738731992
 20
12.98943697858126
 30
0.0
  0
VERTEX
  5
599
  8
COUCHE_1
 10
-174.7149039744743
 20
13.27318507905586
 30
0.0
  0
VERTEX
  5
59A
  8
COUCHE_1
 10
-174.1023974892944
 20
13.52749062975172
 30
0.0
  0
VERTEX
  5
59B
  8
COUCHE_1
 10
-173.4747731331621
 20
13.75039833802518
 30
0.0
  0
VERTEX
  5
59C
  8
COUCHE_1
 10
-172.835566313421
 20
13.94007250518446
 30
0.0
  0
VERTEX
  5
59D
  8
COUCHE_1
 10
-172.1883077639437
 20
14.09480349395582
 30
0.0
  0
VERTEX
  5
59E
  8
COUCHE_1
 10
-171.5364958930833
 20
14.21301460728017
 30
0.0
  0
VERTEX
  5
59F
  8
COUCHE_1
 10
-170.8835602746559
 20
14.2932670981586
 30
0.0
  0
VERTEX
  5
5A0
  8
COUCHE_1
 10
-170.2328143137763
 20
14.33425966440187
 30
0.0
  0
VERTEX
  5
5A1
  8
COUCHE_1
 10
-169.5873966146703
 20
14.33481724743995
 30
0.0
  0
VERTEX
  5
5A2
  8
COUCHE_1
 10
-168.9502034397215
 20
14.29386264539117
 30
0.0
  0
VERTEX
  5
5A3
  8
COUCHE_1
 10
-168.3238191769773
 20
14.21036417406575
 30
0.0
  0
VERTEX
  5
5A4
  8
COUCHE_1
 10
-167.7104576033936
 20
14.08325458111888
 30
0.0
  0
VERTEX
  5
5A5
  8
COUCHE_1
 10
-167.1383024861815
 20
13.91889698067023
 30
0.0
  0
VERTEX
  5
5A6
  8
COUCHE_1
 10
-167.6919881005563
 20
13.76482799531326
 30
0.0
  0
VERTEX
  5
5A7
  8
COUCHE_1
 10
-168.4341889782855
 20
13.49257443474829
 30
0.0
  0
VERTEX
  5
5A8
  8
COUCHE_1
 10
-169.1508570176159
 20
13.15619619562553
 30
0.0
  0
VERTEX
  5
5A9
  8
COUCHE_1
 10
-169.8114426728828
 20
12.76214043866747
 30
0.0
  0
VERTEX
  5
5AA
  8
COUCHE_1
 10
-170.1454488765495
 20
12.52231998959607
 30
0.0
  0
VERTEX
  5
5AB
  8
COUCHE_1
 10
-170.4493861794908
 20
12.27343511028228
 30
0.0
  0
VERTEX
  5
5AC
  8
COUCHE_1
 10
-170.735025931788
 20
12.00420935164529
 30
0.0
  0
VERTEX
  5
5AD
  8
COUCHE_1
 10
-170.9992887694625
 20
11.71377930976977
 30
0.0
  0
VERTEX
  5
5AE
  8
COUCHE_1
 10
-171.2385803380502
 20
11.40151989147463
 30
0.0
  0
VERTEX
  5
5AF
  8
COUCHE_1
 10
-171.4487923797024
 20
11.06726659337886
 30
0.0
  0
VERTEX
  5
5B0
  8
COUCHE_1
 10
-171.6254207112173
 20
10.7115657541293
 30
0.0
  0
VERTEX
  5
5B1
  8
COUCHE_1
 10
-171.7638373337065
 20
10.33588624223636
 30
0.0
  0
VERTEX
  5
5B2
  8
COUCHE_1
 10
-171.8597048659511
 20
9.942696881971289
 30
0.0
  0
VERTEX
  5
5B3
  8
COUCHE_1
 10
-171.9175208193285
 20
9.469176102967209
 30
0.0
  0
VERTEX
  5
5B4
  8
COUCHE_1
 10
-171.8352841119096
 20
8.809522246320418
 30
0.0
  0
VERTEX
  5
5B5
  8
COUCHE_1
 10
-171.7050564280487
 20
8.245592265657384
 30
0.0
  0
VERTEX
  5
5B6
  8
COUCHE_1
 10
-171.5184303918668
 20
7.70419082867417
 30
0.0
  0
VERTEX
  5
5B7
  8
COUCHE_1
 10
-171.2769896812741
 20
7.188304634551907
 30
0.0
  0
VERTEX
  5
5B8
  8
COUCHE_1
 10
-170.9828835366815
 20
6.700934141421323
 30
0.0
  0
VERTEX
  5
5B9
  8
COUCHE_1
 10
-170.6388025350319
 20
6.244919991490733
 30
0.0
  0
VERTEX
  5
5BA
  8
COUCHE_1
 10
-170.2478815208345
 20
5.822790243411097
 30
0.0
  0
VERTEX
  5
5BB
  8
COUCHE_1
 10
-169.8135500986386
 20
5.436656458260849
 30
0.0
  0
VERTEX
  5
5BC
  8
COUCHE_1
 10
-169.3393628363218
 20
5.088172654547702
 30
0.0
  0
VERTEX
  5
5BD
  8
COUCHE_1
 10
-168.8288417717605
 20
4.778554399259814
 30
0.0
  0
VERTEX
  5
5BE
  8
COUCHE_1
 10
-168.2853546064736
 20
4.508642468568011
 30
0.0
  0
VERTEX
  5
5BF
  8
COUCHE_1
 10
-167.7120385719222
 20
4.278990128177159
 30
0.0
  0
VERTEX
  5
5C0
  8
COUCHE_1
 10
-167.1117679776141
 20
4.089954689216421
 30
0.0
  0
VERTEX
  5
5C1
  8
COUCHE_1
 10
-166.4871560493347
 20
3.941779672882314
 30
0.0
  0
VERTEX
  5
5C2
  8
COUCHE_1
 10
-165.8405791610468
 20
3.83466047967201
 30
0.0
  0
VERTEX
  5
5C3
  8
COUCHE_1
 10
-165.1742125458825
 20
3.768791815112052
 30
0.0
  0
VERTEX
  5
5C4
  8
COUCHE_1
 10
-164.4900692365736
 20
3.744398518032803
 30
0.0
  0
VERTEX
  5
5C5
  8
COUCHE_1
 10
-163.7900369417839
 20
3.761753030019824
 30
0.0
  0
VERTEX
  5
5C6
  8
COUCHE_1
 10
-163.0759100532307
 20
3.821183079075455
 30
0.0
  0
VERTEX
  5
5C7
  8
COUCHE_1
 10
-162.349415748667
 20
3.923072786359499
 30
0.0
  0
VERTEX
  5
5C8
  8
COUCHE_1
 10
-161.6122342506897
 20
4.067859758363708
 30
0.0
  0
VERTEX
  5
5C9
  8
COUCHE_1
 10
-160.8660138802521
 20
4.256030047732177
 30
0.0
  0
VERTEX
  5
5CA
  8
COUCHE_1
 10
-160.1123817789516
 20
4.48811227445195
 30
0.0
  0
VERTEX
  5
5CB
  8
COUCHE_1
 10
-159.352951205176
 20
4.764671734524267
 30
0.0
  0
VERTEX
  5
5CC
  8
COUCHE_1
 10
-158.5893262339375
 20
5.086304982437276
 30
0.0
  0
VERTEX
  5
5CD
  8
COUCHE_1
 10
-157.8231045701019
 20
5.453635136273276
 30
0.0
  0
VERTEX
  5
5CE
  8
COUCHE_1
 10
-157.0558790540916
 20
5.867307996121328
 30
0.0
  0
VERTEX
  5
5CF
  8
COUCHE_1
 10
-156.2892383157318
 20
6.327988965987615
 30
0.0
  0
VERTEX
  5
5D0
  8
COUCHE_1
 10
-155.5247669235346
 20
6.836360709290702
 30
0.0
  0
VERTEX
  5
5D1
  8
COUCHE_1
 10
-154.7640452848204
 20
7.393121435867378
 30
0.0
  0
VERTEX
  5
5D2
  8
COUCHE_1
 10
-154.0086494765837
 20
7.998983705013092
 30
0.0
  0
VERTEX
  5
5D3
  8
COUCHE_1
 10
-153.2715098070338
 20
8.64472334234214
 30
0.0
  0
VERTEX
  5
5D4
  8
COUCHE_1
 10
-150.6301986884422
 20
11.04587593549994
 30
0.0
  0
VERTEX
  5
5D5
  8
COUCHE_1
 10
-149.4331580597401
 20
12.10690502276407
 30
0.0
  0
VERTEX
  5
5D6
  8
COUCHE_1
 10
-148.28869045397
 20
13.08815401255593
 30
0.0
  0
VERTEX
  5
5D7
  8
COUCHE_1
 10
-147.1796588839721
 20
13.9951798739258
 30
0.0
  0
VERTEX
  5
5D8
  8
COUCHE_1
 10
-146.0874304235715
 20
14.83508768281854
 30
0.0
  0
VERTEX
  5
5D9
  8
COUCHE_1
 10
-144.9927872316319
 20
15.6155613419095
 30
0.0
  0
VERTEX
  5
5DA
  8
COUCHE_1
 10
-143.8757754412587
 20
16.34473227305086
 30
0.0
  0
VERTEX
  5
5DB
  8
COUCHE_1
 10
-142.7157057523509
 20
17.0308978349973
 30
0.0
  0
VERTEX
  5
5DC
  8
COUCHE_1
 10
-141.4913597790559
 20
17.68217442882536
 30
0.0
  0
VERTEX
  5
5DD
  8
COUCHE_1
 10
-140.1813597626785
 20
18.30621612836444
 30
0.0
  0
VERTEX
  5
5DE
  8
COUCHE_1
 10
-138.7645706429763
 20
18.91009621806919
 30
0.0
  0
VERTEX
  5
5DF
  8
COUCHE_1
 10
-137.2203933656653
 20
19.50035972742866
 30
0.0
  0
VERTEX
  5
5E0
  8
COUCHE_1
 10
-135.5288792604143
 20
20.08317978321345
 30
0.0
  0
VERTEX
  5
5E1
  8
COUCHE_1
 10
-133.6706844839339
 20
20.6645334142289
 30
0.0
  0
VERTEX
  5
5E2
  8
COUCHE_1
 10
-129.3106424521964
 20
21.91426781190236
 30
0.0
  0
VERTEX
  5
5E3
  8
COUCHE_1
 10
-131.402712289226
 20
23.42969116217793
 30
0.0
  0
VERTEX
  5
5E4
  8
COUCHE_1
 10
-131.7142131316538
 20
23.6241411594586
 30
0.0
  0
VERTEX
  5
5E5
  8
COUCHE_1
 10
-132.4452466596997
 20
24.06214776565951
 30
0.0
  0
VERTEX
  5
5E6
  8
COUCHE_1
 10
-133.3588202930937
 20
24.64735668318427
 30
0.0
  0
VERTEX
  5
5E7
  8
COUCHE_1
 10
-133.8488649901145
 20
24.99237946626892
 30
0.0
  0
VERTEX
  5
5E8
  8
COUCHE_1
 10
-134.3648735601923
 20
25.38618674817953
 30
0.0
  0
VERTEX
  5
5E9
  8
COUCHE_1
 10
-134.8918333451342
 20
25.82674664443939
 30
0.0
  0
VERTEX
  5
5EA
  8
COUCHE_1
 10
-135.420946642811
 20
26.31636075277525
 30
0.0
  0
VERTEX
  5
5EB
  8
COUCHE_1
 10
-135.9434757155879
 20
26.85734900559623
 30
0.0
  0
VERTEX
  5
5EC
  8
COUCHE_1
 10
-136.4508060307775
 20
27.45214748694382
 30
0.0
  0
VERTEX
  5
5ED
  8
COUCHE_1
 10
-136.9344577093761
 20
28.10340349701927
 30
0.0
  0
VERTEX
  5
5EE
  8
COUCHE_1
 10
-137.3860462505813
 20
28.81406132437593
 30
0.0
  0
VERTEX
  5
5EF
  8
COUCHE_1
 10
-137.8026356129051
 20
29.59765751758443
 30
0.0
  0
VERTEX
  5
5F0
  8
COUCHE_1
 10
-137.8497365345925
 20
29.7008441478992
 30
0.0
  0
VERTEX
  5
5F1
  8
COUCHE_1
 10
-137.1420955738935
 20
29.9110211816675
 30
0.0
  0
VERTEX
  5
5F2
  8
COUCHE_1
 10
-135.7333778580918
 20
30.2898395180129
 30
0.0
  0
VERTEX
  5
5F3
  8
COUCHE_1
 10
-134.9284839886903
 20
30.47156168955267
 30
0.0
  0
VERTEX
  5
5F4
  8
COUCHE_1
 10
-134.0472987895456
 20
30.63741893114144
 30
0.0
  0
VERTEX
  5
5F5
  8
COUCHE_1
 10
-133.1045818630586
 20
30.77440384472317
 30
0.0
  0
VERTEX
  5
5F6
  8
COUCHE_1
 10
-132.1077165660504
 20
30.87130763217498
 30
0.0
  0
VERTEX
  5
5F7
  8
COUCHE_1
 10
-131.0525619381055
 20
30.91757466227393
 30
0.0
  0
VERTEX
  5
5F8
  8
COUCHE_1
 10
-130.5255709836149
 20
30.91787045971052
 30
0.0
  0
VERTEX
  5
5F9
  8
COUCHE_1
 10
-129.9793162510671
 20
30.90130802224859
 30
0.0
  0
VERTEX
  5
5FA
  8
COUCHE_1
 10
-129.4248038353255
 20
30.86653377185432
 30
0.0
  0
VERTEX
  5
5FB
  8
COUCHE_1
 10
-128.8628130005885
 20
30.81219870715664
 30
0.0
  0
VERTEX
  5
5FC
  8
COUCHE_1
 10
-128.2940813654913
 20
30.73694685494057
 30
0.0
  0
VERTEX
  5
5FD
  8
COUCHE_1
 10
-127.7193025869372
 20
30.63940835269087
 30
0.0
  0
VERTEX
  5
5FE
  8
COUCHE_1
 10
-127.1391260303288
 20
30.51819171516815
 30
0.0
  0
VERTEX
  5
5FF
  8
COUCHE_1
 10
-126.5541588514056
 20
30.37187571458835
 30
0.0
  0
VERTEX
  5
600
  8
COUCHE_1
 10
-125.9649707805287
 20
30.19900145221235
 30
0.0
  0
VERTEX
  5
601
  8
COUCHE_1
 10
-124.4262282159637
 20
29.67748835465818
 30
0.0
  0
VERTEX
  5
602
  8
COUCHE_1
 10
-123.2006319254802
 20
31.11521966315559
 30
0.0
  0
VERTEX
  5
603
  8
COUCHE_1
 10
-122.5790925677377
 20
31.80099369611577
 30
0.0
  0
VERTEX
  5
604
  8
COUCHE_1
 10
-121.9570834124744
 20
32.44564617374058
 30
0.0
  0
VERTEX
  5
605
  8
COUCHE_1
 10
-121.3352294054834
 20
33.05012310062041
 30
0.0
  0
VERTEX
  5
606
  8
COUCHE_1
 10
-120.714147827378
 20
33.61538321668228
 30
0.0
  0
VERTEX
  5
607
  8
COUCHE_1
 10
-120.0944459090798
 20
34.14239804150199
 30
0.0
  0
VERTEX
  5
608
  8
COUCHE_1
 10
-119.4767182965383
 20
34.6321515598416
 30
0.0
  0
VERTEX
  5
609
  8
COUCHE_1
 10
-118.8615444426933
 20
35.08563948585587
 30
0.0
  0
VERTEX
  5
60A
  8
COUCHE_1
 10
-118.249486028856
 20
35.50386805407029
 30
0.0
  0
VERTEX
  5
60B
  8
COUCHE_1
 10
-117.641084540219
 20
35.88785230317233
 30
0.0
  0
VERTEX
  5
60C
  8
COUCHE_1
 10
-117.0368591382542
 20
36.23861384415731
 30
0.0
  0
VERTEX
  5
60D
  8
COUCHE_1
 10
-116.4373049830202
 20
36.55717813688479
 30
0.0
  0
VERTEX
  5
60E
  8
COUCHE_1
 10
-115.8428921577386
 20
36.84457133680213
 30
0.0
  0
VERTEX
  5
60F
  8
COUCHE_1
 10
-115.2540653337938
 20
37.10181681359346
 30
0.0
  0
VERTEX
  5
610
  8
COUCHE_1
 10
-114.6712442851718
 20
37.32993148175378
 30
0.0
  0
VERTEX
  5
611
  8
COUCHE_1
 10
-114.094825317782
 20
37.52992211488082
 30
0.0
  0
VERTEX
  5
612
  8
COUCHE_1
 10
-113.5251836235399
 20
37.70278183617263
 30
0.0
  0
VERTEX
  5
613
  8
COUCHE_1
 10
-112.962676506299
 20
37.84948698324586
 30
0.0
  0
VERTEX
  5
614
  8
COUCHE_1
 10
-112.4076473629837
 20
37.97099453376365
 30
0.0
  0
VERTEX
  5
615
  8
COUCHE_1
 10
-111.8604302458311
 20
38.06824024929311
 30
0.0
  0
VERTEX
  5
616
  8
COUCHE_1
 10
-111.321354787324
 20
38.14213765078311
 30
0.0
  0
VERTEX
  5
617
  8
COUCHE_1
 10
-110.7907512435782
 20
38.19357788462016
 30
0.0
  0
VERTEX
  5
618
  8
COUCHE_1
 10
-110.2689554075691
 20
38.2234304795194
 30
0.0
  0
VERTEX
  5
619
  8
COUCHE_1
 10
-109.7563131605628
 20
38.23254493824393
 30
0.0
  0
VERTEX
  5
61A
  8
COUCHE_1
 10
-109.2531844656368
 20
38.22175306039821
 30
0.0
  0
VERTEX
  5
61B
  8
COUCHE_1
 10
-108.759946655917
 20
38.19187185792254
 30
0.0
  0
VERTEX
  5
61C
  8
COUCHE_1
 10
-108.2769969258001
 20
38.14370690591984
 30
0.0
  0
VERTEX
  5
61D
  8
COUCHE_1
 10
-107.8047539892055
 20
38.07805596838366
 30
0.0
  0
VERTEX
  5
61E
  8
COUCHE_1
 10
-107.3436589189974
 20
37.99571274950329
 30
0.0
  0
VERTEX
  5
61F
  8
COUCHE_1
 10
-106.894175221841
 20
37.89747064344462
 30
0.0
  0
VERTEX
  5
620
  8
COUCHE_1
 10
-106.4567882302316
 20
37.78412638497149
 30
0.0
  0
VERTEX
  5
621
  8
COUCHE_1
 10
-106.0320039075312
 20
37.65648353610755
 30
0.0
  0
VERTEX
  5
622
  8
COUCHE_1
 10
-105.6203471630493
 20
37.51535577676116
 30
0.0
  0
VERTEX
  5
623
  8
COUCHE_1
 10
-105.2223597639812
 20
37.36156999711915
 30
0.0
  0
VERTEX
  5
624
  8
COUCHE_1
 10
-104.8385979112097
 20
37.19596921470952
 30
0.0
  0
VERTEX
  5
625
  8
COUCHE_1
 10
-104.4817171074332
 20
37.02519935071437
 30
0.0
  0
VERTEX
  5
626
  8
COUCHE_1
 10
-103.7789151237128
 20
36.63636786437659
 30
0.0
  0
VERTEX
  5
627
  8
COUCHE_1
 10
-103.1540473077989
 20
36.22119667056128
 30
0.0
  0
VERTEX
  5
628
  8
COUCHE_1
 10
-102.5999617990398
 20
35.78104064651916
 30
0.0
  0
VERTEX
  5
629
  8
COUCHE_1
 10
-102.1099211932453
 20
35.31373045930614
 30
0.0
  0
VERTEX
  5
62A
  8
COUCHE_1
 10
-101.9094786964625
 20
35.09262703097635
 30
0.0
  0
VERTEX
  5
62B
  8
COUCHE_1
 10
-101.7194496641121
 20
34.8600586155077
 30
0.0
  0
VERTEX
  5
62C
  8
COUCHE_1
 10
-101.5499378654424
 20
34.62803384867646
 30
0.0
  0
VERTEX
  5
62D
  8
COUCHE_1
 10
-101.4011913336622
 20
34.39782663142852
 30
0.0
  0
VERTEX
  5
62E
  8
COUCHE_1
 10
-101.2733418893388
 20
34.17073361894145
 30
0.0
  0
VERTEX
  5
62F
  8
COUCHE_1
 10
-101.166379025523
 20
33.94805318915574
 30
0.0
  0
VERTEX
  5
630
  8
COUCHE_1
 10
-101.0801238153121
 20
33.73105219790052
 30
0.0
  0
VERTEX
  5
631
  8
COUCHE_1
 10
-101.0142074294012
 20
33.52091707968339
 30
0.0
  0
VERTEX
  5
632
  8
COUCHE_1
 10
-100.9680618479654
 20
33.31868680338916
 30
0.0
  0
VERTEX
  5
633
  8
COUCHE_1
 10
-100.9409337118587
 20
33.1251680444078
 30
0.0
  0
VERTEX
  5
634
  8
COUCHE_1
 10
-100.9319347309374
 20
32.94083854684206
 30
0.0
  0
VERTEX
  5
635
  8
COUCHE_1
 10
-100.9401412946356
 20
32.76575322292771
 30
0.0
  0
VERTEX
  5
636
  8
COUCHE_1
 10
-100.9647488014512
 20
32.59947748984519
 30
0.0
  0
VERTEX
  5
637
  8
COUCHE_1
 10
-101.0052705728088
 20
32.44107926564019
 30
0.0
  0
VERTEX
  5
638
  8
COUCHE_1
 10
-101.0617489404503
 20
32.28920816937745
 30
0.0
  0
VERTEX
  5
639
  8
COUCHE_1
 10
-101.1349258185107
 20
32.14227227642758
 30
0.0
  0
VERTEX
  5
63A
  8
COUCHE_1
 10
-101.2032450083339
 20
32.03493671306524
 30
0.0
  0
VERTEX
  5
63B
  8
COUCHE_1
 10
-101.5895233294884
 20
32.11414203883273
 30
0.0
  0
VERTEX
  5
63C
  8
COUCHE_1
 10
-102.2624278719332
 20
32.20219244194888
 30
0.0
  0
VERTEX
  5
63D
  8
COUCHE_1
 10
-102.9504453489797
 20
32.24532299994381
 30
0.0
  0
VERTEX
  5
63E
  8
COUCHE_1
 10
-103.6505296548722
 20
32.24447325216469
 30
0.0
  0
VERTEX
  5
63F
  8
COUCHE_1
 10
-104.3597210738519
 20
32.20030909683367
 30
0.0
  0
VERTEX
  5
640
  8
COUCHE_1
 10
-105.0750715657442
 20
32.11326230046432
 30
0.0
  0
VERTEX
  5
641
  8
COUCHE_1
 10
-105.7935973728098
 20
31.98357041442445
 30
0.0
  0
VERTEX
  5
642
  8
COUCHE_1
 10
-106.5122491366793
 20
31.81131307019905
 30
0.0
  0
VERTEX
  5
643
  8
COUCHE_1
 10
-107.227892464106
 20
31.59644383032647
 30
0.0
  0
VERTEX
  5
644
  8
COUCHE_1
 10
-107.9372943135388
 20
31.33881836436827
 30
0.0
  0
VERTEX
  5
645
  8
COUCHE_1
 10
-108.6371125047457
 20
31.03822039630891
 30
0.0
  0
VERTEX
  5
646
  8
COUCHE_1
 10
-109.3238871537708
 20
30.69438703613966
 30
0.0
  0
VERTEX
  5
647
  8
COUCHE_1
 10
-109.99403402989
 20
30.30703495734172
 30
0.0
  0
VERTEX
  5
648
  8
COUCHE_1
 10
-110.6438408069041
 20
29.87588847466486
 30
0.0
  0
VERTEX
  5
649
  8
COUCHE_1
 10
-111.269467949169
 20
29.40070990876406
 30
0.0
  0
VERTEX
  5
64A
  8
COUCHE_1
 10
-111.8669564547259
 20
28.88133168592026
 30
0.0
  0
VERTEX
  5
64B
  8
COUCHE_1
 10
-112.4322447146517
 20
28.31768845908248
 30
0.0
  0
VERTEX
  5
64C
  8
COUCHE_1
 10
-112.9611961567529
 20
27.70984630313838
 30
0.0
  0
VERTEX
  5
64D
  8
COUCHE_1
 10
-113.4496379961381
 20
27.05802502634252
 30
0.0
  0
VERTEX
  5
64E
  8
COUCHE_1
 10
-113.893409378653
 20
26.36260924532946
 30
0.0
  0
VERTEX
  5
64F
  8
COUCHE_1
 10
-114.2884148211815
 20
25.62414447642618
 30
0.0
  0
VERTEX
  5
650
  8
COUCHE_1
 10
-114.6306767622149
 20
24.84331627622656
 30
0.0
  0
VERTEX
  5
651
  8
COUCHE_1
 10
-114.916379994384
 20
24.02091321380853
 30
0.0
  0
VERTEX
  5
652
  8
COUCHE_1
 10
-115.1419013338462
 20
23.15777753252853
 30
0.0
  0
VERTEX
  5
653
  8
COUCHE_1
 10
-115.3038201631542
 20
22.25474986050858
 30
0.0
  0
VERTEX
  5
654
  8
COUCHE_1
 10
-115.3989089132493
 20
21.31261544953525
 30
0.0
  0
VERTEX
  5
655
  8
COUCHE_1
 10
-115.4241061309471
 20
20.33205881193719
 30
0.0
  0
VERTEX
  5
656
  8
COUCHE_1
 10
-115.3764774862848
 20
19.31363154486101
 30
0.0
  0
VERTEX
  5
657
  8
COUCHE_1
 10
-115.2531712742399
 20
18.25773530868397
 30
0.0
  0
VERTEX
  5
658
  8
COUCHE_1
 10
-115.0513746052698
 20
17.16461921310994
 30
0.0
  0
VERTEX
  5
659
  8
COUCHE_1
 10
-114.2820450974073
 20
14.09319313591758
 30
0.0
  0
VERTEX
  5
65A
  8
COUCHE_1
 10
-111.5936292530389
 20
16.28619450369621
 30
0.0
  0
VERTEX
  5
65B
  8
COUCHE_1
 10
-110.5923209788379
 20
17.0430919927874
 30
0.0
  0
VERTEX
  5
65C
  8
COUCHE_1
 10
-109.5893845514802
 20
17.74556021908305
 30
0.0
  0
VERTEX
  5
65D
  8
COUCHE_1
 10
-108.5870886565865
 20
18.39585545382874
 30
0.0
  0
VERTEX
  5
65E
  8
COUCHE_1
 10
-107.5877014093909
 20
18.99621008641104
 30
0.0
  0
VERTEX
  5
65F
  8
COUCHE_1
 10
-106.5934944416435
 20
19.54883340086722
 30
0.0
  0
VERTEX
  5
660
  8
COUCHE_1
 10
-105.6067463910136
 20
20.05591306409548
 30
0.0
  0
VERTEX
  5
661
  8
COUCHE_1
 10
-104.6297456417885
 20
20.51961717698551
 30
0.0
  0
VERTEX
  5
662
  8
COUCHE_1
 10
-103.6647922166487
 20
20.94209672346135
 30
0.0
  0
VERTEX
  5
663
  8
COUCHE_1
 10
-102.7141987645139
 20
21.32548825231243
 30
0.0
  0
VERTEX
  5
664
  8
COUCHE_1
 10
-101.7802906222111
 20
21.67191664003423
 30
0.0
  0
VERTEX
  5
665
  8
COUCHE_1
 10
-100.8654049428855
 20
21.98349780596277
 30
0.0
  0
VERTEX
  5
666
  8
COUCHE_1
 10
-99.9718888767833
 20
22.26234128012194
 30
0.0
  0
VERTEX
  5
667
  8
COUCHE_1
 10
-99.10209675515551
 20
22.5105525561482
 30
0.0
  0
VERTEX
  5
668
  8
COUCHE_1
 10
-98.2583861575367
 20
22.73023519454695
 30
0.0
  0
VERTEX
  5
669
  8
COUCHE_1
 10
-97.44972942860656
 20
22.92192418652569
 30
0.0
  0
VERTEX
  5
66A
  8
COUCHE_1
 10
-95.90580406131056
 20
23.23924904999203
 30
0.0
  0
VERTEX
  5
66B
  8
COUCHE_1
 10
-94.51127334104602
 20
23.47456876408461
 30
0.0
  0
VERTEX
  5
66C
  8
COUCHE_1
 10
-93.27562853672885
 20
23.64652279882306
 30
0.0
  0
VERTEX
  5
66D
  8
COUCHE_1
 10
-92.20810363685577
 20
23.77306569561989
 30
0.0
  0
VERTEX
  5
66E
  8
COUCHE_1
 10
-90.61940504869949
 20
23.96240139974965
 30
0.0
  0
VERTEX
  5
66F
  8
COUCHE_1
 10
-89.97213242729046
 20
24.10605711915819
 30
0.0
  0
VERTEX
  5
670
  8
COUCHE_1
 10
-89.33705355911164
 20
24.43625955136875
 30
0.0
  0
VERTEX
  5
671
  8
COUCHE_1
 10
-89.00765001011571
 20
25.1253099704305
 30
0.0
  0
VERTEX
  5
672
  8
COUCHE_1
 10
-89.11706770203217
 20
26.12520114195695
 30
0.0
  0
VERTEX
  5
673
  8
COUCHE_1
 10
-89.17005893545239
 20
26.79374162459651
 30
0.0
  0
VERTEX
  5
674
  8
COUCHE_1
 10
-89.20154034156826
 20
27.44323511243178
 30
0.0
  0
VERTEX
  5
675
  8
COUCHE_1
 10
-89.21228176818941
 20
28.07396108110979
 30
0.0
  0
VERTEX
  5
676
  8
COUCHE_1
 10
-89.2030507312104
 20
28.68620839205598
 30
0.0
  0
VERTEX
  5
677
  8
COUCHE_1
 10
-89.17461107902244
 20
29.28027542732872
 30
0.0
  0
VERTEX
  5
678
  8
COUCHE_1
 10
-89.12772157923139
 20
29.85647001569116
 30
0.0
  0
VERTEX
  5
679
  8
COUCHE_1
 10
-89.06313446753428
 20
30.41510912354702
 30
0.0
  0
VERTEX
  5
67A
  8
COUCHE_1
 10
-88.9815940068391
 20
30.95651829174052
 30
0.0
  0
VERTEX
  5
67B
  8
COUCHE_1
 10
-88.8838351111852
 20
31.48103080908705
 30
0.0
  0
VERTEX
  5
67C
  8
COUCHE_1
 10
-88.77058209289392
 20
31.9889866254255
 30
0.0
  0
VERTEX
  5
67D
  8
COUCHE_1
 10
-88.64491507248954
 20
32.47163819535616
 30
0.0
  0
VERTEX
  5
67E
  8
COUCHE_1
 10
-88.34437793484693
 20
33.41698868604739
 30
0.0
  0
VERTEX
  5
67F
  8
COUCHE_1
 10
-87.99582851414038
 20
34.29263315064145
 30
0.0
  0
VERTEX
  5
680
  8
COUCHE_1
 10
-87.6016217436993
 20
35.1104148155294
 30
0.0
  0
VERTEX
  5
681
  8
COUCHE_1
 10
-87.16680664185225
 20
35.87302882263234
 30
0.0
  0
VERTEX
  5
682
  8
COUCHE_1
 10
-86.69628299070399
 20
36.58303952324861
 30
0.0
  0
VERTEX
  5
683
  8
COUCHE_1
 10
-86.1948523617346
 20
37.24284823950158
 30
0.0
  0
VERTEX
  5
684
  8
COUCHE_1
 10
-85.66727350941096
 20
37.85467932999053
 30
0.0
  0
VERTEX
  5
685
  8
COUCHE_1
 10
-85.11831421476508
 20
38.42058384174353
 30
0.0
  0
VERTEX
  5
686
  8
COUCHE_1
 10
-84.55279358671964
 20
38.94245721648193
 30
0.0
  0
VERTEX
  5
687
  8
COUCHE_1
 10
-83.97561159433823
 20
39.42206605850291
 30
0.0
  0
VERTEX
  5
688
  8
COUCHE_1
 10
-83.39176528157334
 20
39.86107888268738
 30
0.0
  0
VERTEX
  5
689
  8
COUCHE_1
 10
-82.80635307310745
 20
40.26109665792332
 30
0.0
  0
VERTEX
  5
68A
  8
COUCHE_1
 10
-82.22456958036749
 20
40.6236803210967
 30
0.0
  0
VERTEX
  5
68B
  8
COUCHE_1
 10
-81.65169343330201
 20
40.95037382052458
 30
0.0
  0
VERTEX
  5
68C
  8
COUCHE_1
 10
-81.09307009820724
 20
41.24272240194218
 30
0.0
  0
VERTEX
  5
68D
  8
COUCHE_1
 10
-80.56249387719095
 20
41.49823979750838
 30
0.0
  0
VERTEX
  5
68E
  8
COUCHE_1
 10
-79.55415524130977
 20
41.93009147606323
 30
0.0
  0
VERTEX
  5
68F
  8
COUCHE_1
 10
-78.69915599601566
 20
42.2459263414305
 30
0.0
  0
VERTEX
  5
690
  8
COUCHE_1
 10
-78.02458908453832
 20
42.46539013459083
 30
0.0
  0
VERTEX
  5
691
  8
COUCHE_1
 10
-77.52737161648366
 20
42.61574104204085
 30
0.0
  0
VERTEX
  5
692
  8
COUCHE_1
 10
-71.21331576067726
 20
44.94066697685938
 30
0.0
  0
VERTEX
  5
693
  8
COUCHE_1
 10
-110.2364317984115
 20
44.97459848188487
 30
0.0
  0
VERTEX
  5
694
  8
COUCHE_1
 10
-111.7096165070197
 20
44.99146024895371
 30
0.0
  0
VERTEX
  5
695
  8
COUCHE_1
 10
-113.2104077999512
 20
44.95970510541881
 30
0.0
  0
VERTEX
  5
696
  8
COUCHE_1
 10
-114.7053805955485
 20
44.87934297618641
 30
0.0
  0
VERTEX
  5
697
  8
COUCHE_1
 10
-116.1929649353676
 20
44.7507470887919
 30
0.0
  0
VERTEX
  5
698
  8
COUCHE_1
 10
-117.6715930405238
 20
44.57428908310778
 30
0.0
  0
VERTEX
  5
699
  8
COUCHE_1
 10
-119.1396985935701
 20
44.35033879346296
 30
0.0
  0
VERTEX
  5
69A
  8
COUCHE_1
 10
-120.5957159973363
 20
44.07926413047439
 30
0.0
  0
VERTEX
  5
69B
  8
COUCHE_1
 10
-122.0380796231116
 20
43.7614310636556
 30
0.0
  0
VERTEX
  5
69C
  8
COUCHE_1
 10
-123.4652230595223
 20
43.39720370558916
 30
0.0
  0
VERTEX
  5
69D
  8
COUCHE_1
 10
-124.8755783745447
 20
42.98694449792648
 30
0.0
  0
VERTEX
  5
69E
  8
COUCHE_1
 10
-126.2675754022496
 20
42.53101449934353
 30
0.0
  0
VERTEX
  5
69F
  8
COUCHE_1
 10
-127.6396410672992
 20
42.0297737749605
 30
0.0
  0
VERTEX
  5
6A0
  8
COUCHE_1
 10
-128.9901987610774
 20
41.4835818859547
 30
0.0
  0
VERTEX
  5
6A1
  8
COUCHE_1
 10
-130.317667784386
 20
40.89279847695905
 30
0.0
  0
VERTEX
  5
6A2
  8
COUCHE_1
 10
-131.6204628727675
 20
40.25778395733941
 30
0.0
  0
VERTEX
  5
6A3
  8
COUCHE_1
 10
-132.9596948375256
 20
39.54555466530827
 30
0.0
  0
VERTEX
  5
6A4
  8
COUCHE_1
 10
-133.6142149531866
 20
39.06724440010008
 30
0.0
  0
VERTEX
  5
6A5
  8
COUCHE_1
 10
-134.1918117587741
 20
38.61905124721131
 30
0.0
  0
VERTEX
  5
6A6
  8
COUCHE_1
 10
-134.7528051418841
 20
38.15701039152129
 30
0.0
  0
VERTEX
  5
6A7
  8
COUCHE_1
 10
-135.2968798233508
 20
37.68146812750157
 30
0.0
  0
VERTEX
  5
6A8
  8
COUCHE_1
 10
-135.8237205168737
 20
37.19277085809732
 30
0.0
  0
VERTEX
  5
6A9
  8
COUCHE_1
 10
-136.333011801866
 20
36.6912651807646
 30
0.0
  0
VERTEX
  5
6AA
  8
COUCHE_1
 10
-136.8244380091245
 20
36.17729799246023
 30
0.0
  0
VERTEX
  5
6AB
  8
COUCHE_1
 10
-137.29768312167
 20
35.65121661278366
 30
0.0
  0
VERTEX
  5
6AC
  8
COUCHE_1
 10
-137.7524306929899
 20
35.11336892454496
 30
0.0
  0
VERTEX
  5
6AD
  8
COUCHE_1
 10
-138.1883637863167
 20
34.56410352909334
 30
0.0
  0
VERTEX
  5
6AE
  8
COUCHE_1
 10
-138.6051649367252
 20
34.00376991526845
 30
0.0
  0
VERTEX
  5
6AF
  8
COUCHE_1
 10
-139.0025161386706
 20
33.43271863962939
 30
0.0
  0
VERTEX
  5
6B0
  8
COUCHE_1
 10
-139.3800988616435
 20
32.85130151471517
 30
0.0
  0
VERTEX
  5
6B1
  8
COUCHE_1
 10
-139.7375940950036
 20
32.25987180387217
 30
0.0
  0
VERTEX
  5
6B2
  8
COUCHE_1
 10
-140.0746824250745
 20
31.65878441730076
 30
0.0
  0
VERTEX
  5
6B3
  8
COUCHE_1
 10
-140.3825536364974
 20
31.06477769423009
 30
0.0
  0
VERTEX
  5
6B4
  8
COUCHE_1
 10
-140.492923238739
 20
30.72219730829069
 30
0.0
  0
VERTEX
  5
6B5
  8
COUCHE_1
 10
-140.5248280767973
 20
30.67935828893419
 30
0.0
  0
VERTEX
  5
6B6
  8
COUCHE_1
 10
-140.6012239018369
 20
30.57171444020923
 30
0.0
  0
VERTEX
  5
6B7
  8
COUCHE_1
 10
-140.6824342688804
 20
30.3999071446759
 30
0.0
  0
VERTEX
  5
6B8
  8
COUCHE_1
 10
-141.1052616540507
 20
29.45500017132631
 30
0.0
  0
VERTEX
  5
6B9
  8
COUCHE_1
 10
-141.4814421223159
 20
28.47975631999868
 30
0.0
  0
VERTEX
  5
6BA
  8
COUCHE_1
 10
-141.8034889393784
 20
27.49160572624276
 30
0.0
  0
VERTEX
  5
6BB
  8
COUCHE_1
 10
-142.0709805254981
 20
26.49220285141152
 30
0.0
  0
VERTEX
  5
6BC
  8
COUCHE_1
 10
-142.2835000824712
 20
25.4832047138336
 30
0.0
  0
VERTEX
  5
6BD
  8
COUCHE_1
 10
-142.4406356152296
 20
24.46627177791366
 30
0.0
  0
VERTEX
  5
6BE
  8
COUCHE_1
 10
-142.5029576550114
 20
23.83705174497868
 30
0.0
  0
VERTEX
  5
6BF
  8
COUCHE_1
 10
-142.8130709630493
 20
23.87752310738948
 30
0.0
  0
VERTEX
  5
6C0
  8
COUCHE_1
 10
-143.5706051238342
 20
23.92638599914764
 30
0.0
  0
VERTEX
  5
6C1
  8
COUCHE_1
 10
-144.424471172863
 20
23.9185960806183
 30
0.0
  0
VERTEX
  5
6C2
  8
COUCHE_1
 10
-145.3460400118778
 20
23.83511780268447
 30
0.0
  0
VERTEX
  5
6C3
  8
COUCHE_1
 10
-145.8582917372005
 20
23.75495666507888
 30
0.0
  0
VERTEX
  5
6C4
  8
COUCHE_1
 10
-146.3718997814036
 20
23.6503155401398
 30
0.0
  0
VERTEX
  5
6C5
  8
COUCHE_1
 10
-146.9001197038425
 20
23.51645824447909
 30
0.0
  0
VERTEX
  5
6C6
  8
COUCHE_1
 10
-147.4411510117372
 20
23.35108042572934
 30
0.0
  0
VERTEX
  5
6C7
  8
COUCHE_1
 10
-147.9931670943827
 20
23.1519708086441
 30
0.0
  0
VERTEX
  5
6C8
  8
COUCHE_1
 10
-148.5543417733575
 20
22.91701503700064
 30
0.0
  0
VERTEX
  5
6C9
  8
COUCHE_1
 10
-149.1228775431794
 20
22.64419257356251
 30
0.0
  0
VERTEX
  5
6CA
  8
COUCHE_1
 10
-149.6970325014432
 20
22.33156659727011
 30
0.0
  0
VERTEX
  5
6CB
  8
COUCHE_1
 10
-150.2751431028292
 20
21.97726785868833
 30
0.0
  0
VERTEX
  5
6CC
  8
COUCHE_1
 10
-150.8556405192877
 20
21.57947430826626
 30
0.0
  0
VERTEX
  5
6CD
  8
COUCHE_1
 10
-151.4370593973945
 20
21.13638880642618
 30
0.0
  0
VERTEX
  5
6CE
  8
COUCHE_1
 10
-152.0180389298252
 20
20.64621727487786
 30
0.0
  0
VERTEX
  5
6CF
  8
COUCHE_1
 10
-152.5973171524732
 20
20.10714929355705
 30
0.0
  0
VERTEX
  5
6D0
  8
COUCHE_1
 10
-153.173720059536
 20
19.51734252483458
 30
0.0
  0
VERTEX
  5
6D1
  8
COUCHE_1
 10
-153.4612110978341
 20
19.19469351290595
 30
0.0
  0
VERTEX
  5
6D2
  8
COUCHE_1
 10
-153.8380712537936
 20
19.46122360424209
 30
0.0
  0
VERTEX
  5
6D3
  8
COUCHE_1
 10
-154.565794292361
 20
19.94405542984987
 30
0.0
  0
VERTEX
  5
6D4
  8
COUCHE_1
 10
-155.2906468253119
 20
20.3938461592267
 30
0.0
  0
VERTEX
  5
6D5
  8
COUCHE_1
 10
-156.0124193805056
 20
20.81128328902098
 30
0.0
  0
VERTEX
  5
6D6
  8
COUCHE_1
 10
-156.7308840761569
 20
21.19704879787533
 30
0.0
  0
VERTEX
  5
6D7
  8
COUCHE_1
 10
-157.4457929807421
 20
21.55182117417774
 30
0.0
  0
VERTEX
  5
6D8
  8
COUCHE_1
 10
-158.1568768870457
 20
21.8762778351214
 30
0.0
  0
VERTEX
  5
6D9
  8
COUCHE_1
 10
-158.8638446246659
 20
22.17109788065428
 30
0.0
  0
VERTEX
  5
6DA
  8
COUCHE_1
 10
-159.5663830200143
 20
22.43696509312174
 30
0.0
  0
VERTEX
  5
6DB
  8
COUCHE_1
 10
-160.2641575893738
 20
22.67457106429782
 30
0.0
  0
VERTEX
  5
6DC
  8
COUCHE_1
 10
-160.9568140099109
 20
22.88461830564288
 30
0.0
  0
VERTEX
  5
6DD
  8
COUCHE_1
 10
-161.643980368033
 20
23.06782318335367
 30
0.0
  0
VERTEX
  5
6DE
  8
COUCHE_1
 10
-162.325270130996
 20
23.22491851685495
 30
0.0
  0
VERTEX
  5
6DF
  8
COUCHE_1
 10
-163.0002857340512
 20
23.35665569106254
 30
0.0
  0
VERTEX
  5
6E0
  8
COUCHE_1
 10
-163.668622628616
 20
23.46380615894385
 30
0.0
  0
VERTEX
  5
6E1
  8
COUCHE_1
 10
-164.3298736006868
 20
23.5471622490969
 30
0.0
  0
VERTEX
  5
6E2
  8
COUCHE_1
 10
-164.9836331483779
 20
23.60753723972311
 30
0.0
  0
VERTEX
  5
6E3
  8
COUCHE_1
 10
-165.6295017061389
 20
23.6457647104182
 30
0.0
  0
VERTEX
  5
6E4
  8
COUCHE_1
 10
-166.2670895196001
 20
23.6626972308796
 30
0.0
  0
VERTEX
  5
6E5
  8
COUCHE_1
 10
-166.8960200070022
 20
23.65920448596285
 30
0.0
  0
VERTEX
  5
6E6
  8
COUCHE_1
 10
-167.5270352089018
 20
23.63575843212737
 30
0.0
  0
VERTEX
  5
6E7
  8
COUCHE_1
 10
-168.7267735236806
 20
23.5356333525207
 30
0.0
  0
VERTEX
  5
6E8
  8
COUCHE_1
 10
-169.8982574643898
 20
23.36723536992151
 30
0.0
  0
VERTEX
  5
6E9
  8
COUCHE_1
 10
-171.0276244054403
 20
23.13887554759062
 30
0.0
  0
VERTEX
  5
6EA
  8
COUCHE_1
 10
-172.1129636173677
 20
22.85788643830701
 30
0.0
  0
VERTEX
  5
6EB
  8
COUCHE_1
 10
-173.1526063577634
 20
22.53154238640212
 30
0.0
  0
VERTEX
  5
6EC
  8
COUCHE_1
 10
-174.1450711745412
 20
22.1670268119914
 30
0.0
  0
VERTEX
  5
6ED
  8
COUCHE_1
 10
-175.0890095783431
 20
21.77141733505076
 30
0.0
  0
VERTEX
  5
6EE
  8
COUCHE_1
 10
-175.9831580426638
 20
21.35168430839499
 30
0.0
  0
VERTEX
  5
6EF
  8
COUCHE_1
 10
-176.8262990188539
 20
20.91469813701413
 30
0.0
  0
VERTEX
  5
6F0
  8
COUCHE_1
 10
-177.6172313118228
 20
20.46724150038076
 30
0.0
  0
VERTEX
  5
6F1
  8
COUCHE_1
 10
-178.3547487807188
 20
20.01602367975352
 30
0.0
  0
VERTEX
  5
6F2
  8
COUCHE_1
 10
-179.0376256612669
 20
19.56769528349128
 30
0.0
  0
VERTEX
  5
6F3
  8
COUCHE_1
 10
-179.671112852347
 20
19.12430878233363
 30
0.0
  0
VERTEX
  5
6F4
  8
COUCHE_1
 10
-180.7442501878265
 20
18.3074542268058
 30
0.0
  0
VERTEX
  5
6F5
  8
COUCHE_1
 10
-181.5853330952354
 20
17.60160349839625
 30
0.0
  0
VERTEX
  5
6F6
  8
COUCHE_1
 10
-182.1729804187188
 20
17.06711305644714
 30
0.0
  0
VERTEX
  5
6F7
  8
COUCHE_1
 10
-182.5142395959507
 20
16.73865211079452
 30
0.0
  0
VERTEX
  5
6F8
  8
COUCHE_1
 10
-183.1340875090061
 20
16.06206564268983
 30
0.0
  0
VERTEX
  5
6F9
  8
COUCHE_1
 10
-183.6360729768206
 20
15.52589086492227
 30
0.0
  0
VERTEX
  5
6FA
  8
COUCHE_1
 10
-184.3770477018765
 20
14.78231114319079
 30
0.0
  0
VERTEX
  5
6FB
  8
COUCHE_1
 10
-185.4432639125438
 20
13.77327876202101
 30
0.0
  0
VERTEX
  5
6FC
  8
COUCHE_1
 10
-186.9119292025124
 20
12.45070817505537
 30
0.0
  0
VERTEX
  5
6FD
  8
COUCHE_1
 10
-188.8586528145604
 20
10.76796545287188
 30
0.0
  0
VERTEX
  5
6FE
  8
COUCHE_1
 10
-191.492647280803
 20
8.566622339061144
 30
0.0
  0
VERTEX
  5
6FF
  8
COUCHE_1
 10
-192.5830096470023
 20
6.991747059362821
 30
0.0
  0
VERTEX
  5
700
  8
COUCHE_1
 10
-193.5560948000823
 20
5.608818845903935
 30
0.0
  0
VERTEX
  5
701
  8
COUCHE_1
 10
-194.5131579989973
 20
4.331192921326879
 30
0.0
  0
VERTEX
  5
702
  8
COUCHE_1
 10
-194.9774649009055
 20
3.759225012927578
 30
0.0
  0
VERTEX
  5
703
  8
COUCHE_1
 10
-195.4404172194814
 20
3.229645691548161
 30
0.0
  0
VERTEX
  5
704
  8
COUCHE_1
 10
-195.8968222375152
 20
2.753735993009552
 30
0.0
  0
VERTEX
  5
705
  8
COUCHE_1
 10
-196.3444556390153
 20
2.33764925335917
 30
0.0
  0
VERTEX
  5
706
  8
COUCHE_1
 10
-196.779912727812
 20
1.986829969509607
 30
0.0
  0
VERTEX
  5
707
  8
COUCHE_1
 10
-197.1987003262977
 20
1.705190055037753
 30
0.0
  0
VERTEX
  5
708
  8
COUCHE_1
 10
-197.6159065180221
 20
1.483374603786491
 30
0.0
  0
VERTEX
  5
709
  8
COUCHE_1
 10
-197.7876736988183
 20
1.410846251201753
 30
0.0
  0
VERTEX
  5
70A
  8
COUCHE_1
 10
-197.9713541036825
 20
1.347030708591422
 30
0.0
  0
VERTEX
  5
70B
  8
COUCHE_1
 10
-198.149661044908
 20
1.298616088002037
 30
0.0
  0
VERTEX
  5
70C
  8
COUCHE_1
 10
-198.3238993980272
 20
1.264688517335252
 30
0.0
  0
VERTEX
  5
70D
  8
COUCHE_1
 10
-198.4960636528855
 20
1.24451291788907
 30
0.0
  0
VERTEX
  5
70E
  8
COUCHE_1
 10
-199.4811093514405
 20
1.205997886021194
 30
0.0
  0
VERTEX
  5
70F
  8
COUCHE_1
 10
-199.8509676284271
 20
0.5764318703199015
 30
0.0
  0
VERTEX
  5
710
  8
COUCHE_1
 10
-200.0
 20
0.0009262738991432
 30
0.0
  0
VERTEX
  5
711
  8
COUCHE_1
 10
-199.8509676284271
 20
-0.5745793225213228
 30
0.0
  0
VERTEX
  5
712
  8
COUCHE_1
 10
-199.4811093514405
 20
-1.204145338222615
 30
0.0
  0
VERTEX
  5
713
  8
COUCHE_1
 10
-198.4960636528855
 20
-1.242660370090783
 30
0.0
  0
VERTEX
  5
714
  8
COUCHE_1
 10
-198.3238993980272
 20
-1.262835969536966
 30
0.0
  0
VERTEX
  5
715
  8
COUCHE_1
 10
-198.149661044908
 20
-1.29676354020375
 30
0.0
  0
VERTEX
  5
716
  8
COUCHE_1
 10
-197.9713541036823
 20
-1.345178160793136
 30
0.0
  0
VERTEX
  5
717
  8
COUCHE_1
 10
-197.7876736988183
 20
-1.408993703403466
 30
0.0
  0
VERTEX
  5
718
  8
COUCHE_1
 10
-197.6159065180221
 20
-1.481522055987912
 30
0.0
  0
VERTEX
  5
719
  8
COUCHE_1
 10
-197.1987003262977
 20
-1.703337507239466
 30
0.0
  0
VERTEX
  5
71A
  8
COUCHE_1
 10
-196.779912727812
 20
-1.984977421711321
 30
0.0
  0
VERTEX
  5
71B
  8
COUCHE_1
 10
-196.3444556390153
 20
-2.335796705560591
 30
0.0
  0
VERTEX
  5
71C
  8
COUCHE_1
 10
-195.8968222375157
 20
-2.751883445210681
 30
0.0
  0
VERTEX
  5
71D
  8
COUCHE_1
 10
-195.4404172194809
 20
-3.227793143750458
 30
0.0
  0
VERTEX
  5
71E
  8
COUCHE_1
 10
-194.9774649009061
 20
-3.757372465128122
 30
0.0
  0
VERTEX
  5
71F
  8
COUCHE_1
 10
-194.5131579989973
 20
-4.329340373528594
 30
0.0
  0
VERTEX
  5
720
  8
COUCHE_1
 10
-193.556094800081
 20
-5.60696629810711
 30
0.0
  0
VERTEX
  5
721
  8
COUCHE_1
 10
-192.5830096470059
 20
-6.989894511559274
 30
0.0
  0
VERTEX
  5
722
  8
COUCHE_1
 10
-191.492647280803
 20
-8.564769791262858
 30
0.0
  0
VERTEX
  5
723
  8
COUCHE_1
 10
-188.8586528145599
 20
-10.76611290507389
 30
0.0
  0
VERTEX
  5
724
  8
COUCHE_1
 10
-186.9119292025132
 20
-12.4488556272565
 30
0.0
  0
VERTEX
  5
725
  8
COUCHE_1
 10
-185.4432639125433
 20
-13.77142621422301
 30
0.0
  0
VERTEX
  5
726
  8
COUCHE_1
 10
-184.377047701876
 20
-14.78045859539279
 30
0.0
  0
VERTEX
  5
727
  8
COUCHE_1
 10
-183.6360729768208
 20
-15.5240383171234
 30
0.0
  0
VERTEX
  5
728
  8
COUCHE_1
 10
-183.1340875090069
 20
-16.06021309489038
 30
0.0
  0
VERTEX
  5
729
  8
COUCHE_1
 10
-182.5142395959517
 20
-16.7367995629939
 30
0.0
  0
VERTEX
  5
72A
  8
COUCHE_1
 10
-182.1729804187081
 20
-17.06526050865821
 30
0.0
  0
VERTEX
  5
72B
  8
COUCHE_1
 10
-181.5853330952562
 20
-17.59975095057926
 30
0.0
  0
VERTEX
  5
72C
  8
COUCHE_1
 10
-180.7442501878249
 20
-18.30560167900898
 30
0.0
  0
VERTEX
  5
72D
  8
COUCHE_1
 10
-179.6711128523452
 20
-19.12245623453594
 30
0.0
  0
VERTEX
  5
72E
  8
COUCHE_1
 10
-179.0376256612848
 20
-19.5658427356816
 30
0.0
  0
VERTEX
  5
72F
  8
COUCHE_1
 10
-178.3547487807041
 20
-20.01417113196401
 30
0.0
  0
VERTEX
  5
730
  8
COUCHE_1
 10
-177.6172313118218
 20
-20.46538895258248
 30
0.0
  0
VERTEX
  5
731
  8
COUCHE_1
 10
-176.8262990188294
 20
-20.912845589229
 30
0.0
  0
VERTEX
  5
732
  8
COUCHE_1
 10
-175.9831580426596
 20
-21.34983176059933
 30
0.0
  0
VERTEX
  5
733
  8
COUCHE_1
 10
-175.0890095783249
 20
-21.76956478726125
 30
0.0
  0
VERTEX
  5
734
  8
COUCHE_1
 10
-174.1450711745406
 20
-22.16517426419282
 30
0.0
  0
VERTEX
  5
735
  8
COUCHE_1
 10
-173.15260635776
 20
-22.529689838605
 30
0.0
  0
VERTEX
  5
736
  8
COUCHE_1
 10
-172.1129636173739
 20
-22.85603389050668
 30
0.0
  0
VERTEX
  5
737
  8
COUCHE_1
 10
-171.0276244054257
 20
-23.13702299979585
 30
0.0
  0
VERTEX
  5
738
  8
COUCHE_1
 10
-169.8982574643887
 20
-23.36538282212352
 30
0.0
  0
VERTEX
  5
739
  8
COUCHE_1
 10
-168.7267735236806
 20
-23.53378080472241
 30
0.0
  0
VERTEX
  5
73A
  8
COUCHE_1
 10
-167.5270352088961
 20
-23.63390588432996
 30
0.0
  0
VERTEX
  5
73B
  8
COUCHE_1
 10
-166.896020007023
 20
-23.6573519381631
 30
0.0
  0
VERTEX
  5
73C
  8
COUCHE_1
 10
-166.2670895196396
 20
-23.66084468308161
 30
0.0
  0
VERTEX
  5
73D
  8
COUCHE_1
 10
-165.629501706154
 20
-23.64391216262051
 30
0.0
  0
VERTEX
  5
73E
  8
COUCHE_1
 10
-164.9836331484117
 20
-23.60568469192718
 30
0.0
  0
VERTEX
  5
73F
  8
COUCHE_1
 10
-164.3298736007099
 20
-23.54530970130096
 30
0.0
  0
VERTEX
  5
740
  8
COUCHE_1
 10
-163.6686226286007
 20
-23.46195361114295
 30
0.0
  0
VERTEX
  5
741
  8
COUCHE_1
 10
-163.0002857340519
 20
-23.35480314326398
 30
0.0
  0
VERTEX
  5
742
  8
COUCHE_1
 10
-162.3252701310365
 20
-23.22306596906485
 30
0.0
  0
VERTEX
  5
743
  8
COUCHE_1
 10
-161.643980368053
 20
-23.06597063556095
 30
0.0
  0
VERTEX
  5
744
  8
COUCHE_1
 10
-160.9568140099194
 20
-22.88276575784753
 30
0.0
  0
VERTEX
  5
745
  8
COUCHE_1
 10
-160.2641575893912
 20
-22.6727185165048
 30
0.0
  0
VERTEX
  5
746
  8
COUCHE_1
 10
-159.5663830200179
 20
-22.43511254532492
 30
0.0
  0
VERTEX
  5
747
  8
COUCHE_1
 10
-158.8638446246722
 20
-22.16924533285893
 30
0.0
  0
VERTEX
  5
748
  8
COUCHE_1
 10
-158.1568768870633
 20
-21.87442528733072
 30
0.0
  0
VERTEX
  5
749
  8
COUCHE_1
 10
-157.445792980747
 20
-21.54996862638209
 30
0.0
  0
VERTEX
  5
74A
  8
COUCHE_1
 10
-156.730884076191
 20
-21.1951962500946
 30
0.0
  0
VERTEX
  5
74B
  8
COUCHE_1
 10
-156.0124193805511
 20
-20.80943074124843
 30
0.0
  0
VERTEX
  5
74C
  8
COUCHE_1
 10
-155.2906468253119
 20
-20.39199361142872
 30
0.0
  0
VERTEX
  5
74D
  8
COUCHE_1
 10
-154.5657942923712
 20
-19.94220288205773
 30
0.0
  0
VERTEX
  5
74E
  8
COUCHE_1
 10
-153.8380712537801
 20
-19.45937105643504
 30
0.0
  0
VERTEX
  5
74F
  8
COUCHE_1
 10
-153.4612110978341
 20
-19.19284096510738
 30
0.0
  0
VERTEX
  5
750
  8
COUCHE_1
 10
-153.173720059537
 20
-19.51548997703542
 30
0.0
  0
VERTEX
  5
751
  8
COUCHE_1
 10
-152.5973171524753
 20
-20.10529674575673
 30
0.0
  0
VERTEX
  5
752
  8
COUCHE_1
 10
-152.0180389298293
 20
-20.64436472707549
 30
0.0
  0
VERTEX
  5
753
  8
COUCHE_1
 10
-151.4370593974074
 20
-21.13453625861709
 30
0.0
  0
VERTEX
  5
754
  8
COUCHE_1
 10
-150.8556405192963
 20
-21.57762176046214
 30
0.0
  0
VERTEX
  5
755
  8
COUCHE_1
 10
-150.2751431028087
 20
-21.97541531090233
 30
0.0
  0
VERTEX
  5
756
  8
COUCHE_1
 10
-149.6970325014512
 20
-22.32971404946745
 30
0.0
  0
VERTEX
  5
757
  8
COUCHE_1
 10
-149.122877543184
 20
-22.64234002576131
 30
0.0
  0
VERTEX
  5
758
  8
COUCHE_1
 10
-148.5543417733583
 20
-22.91516248920236
 30
0.0
  0
VERTEX
  5
759
  8
COUCHE_1
 10
-147.9931670943822
 20
-23.150118260847
 30
0.0
  0
VERTEX
  5
75A
  8
COUCHE_1
 10
-147.4411510117474
 20
-23.34922787792727
 30
0.0
  0
VERTEX
  5
75B
  8
COUCHE_1
 10
-146.9001197038298
 20
-23.51460569668461
 30
0.0
  0
VERTEX
  5
75C
  8
COUCHE_1
 10
-146.3718997813885
 20
-23.64846299234474
 30
0.0
  0
VERTEX
  5
75D
  8
COUCHE_1
 10
-145.8582917371987
 20
-23.7531041172806
 30
0.0
  0
VERTEX
  5
75E
  8
COUCHE_1
 10
-145.361047703699
 20
-23.83091673444226
 30
0.0
  0
VERTEX
  5
75F
  8
COUCHE_1
 10
-144.8818553737185
 20
-23.88435783571101
 30
0.0
  0
VERTEX
  5
760
  8
COUCHE_1
 10
-144.4084782675511
 20
-23.9168894379416
 30
0.0
  0
VERTEX
  5
761
  8
COUCHE_1
 10
-143.5706051238046
 20
-23.92453345134819
 30
0.0
  0
VERTEX
  5
762
  8
COUCHE_1
 10
-142.8130709630503
 20
-23.87567055959033
 30
0.0
  0
VERTEX
  5
763
  8
COUCHE_1
 10
-142.5029576550114
 20
-23.83519919718011
 30
0.0
  0
VERTEX
  5
764
  8
COUCHE_1
 10
-142.4406356152306
 20
-24.46441923010895
 30
0.0
  0
VERTEX
  5
765
  8
COUCHE_1
 10
-142.2835000824707
 20
-25.48135216603679
 30
0.0
  0
VERTEX
  5
766
  8
COUCHE_1
 10
-142.0709805254989
 20
-26.49035030360768
 30
0.0
  0
VERTEX
  5
767
  8
COUCHE_1
 10
-141.803488939382
 20
-27.48975317843104
 30
0.0
  0
VERTEX
  5
768
  8
COUCHE_1
 10
-141.4814421223138
 20
-28.47790377220391
 30
0.0
  0
VERTEX
  5
769
  8
COUCHE_1
 10
-141.1052616540546
 20
-29.45314762351722
 30
0.0
  0
VERTEX
  5
76A
  8
COUCHE_1
 10
-140.6824342688703
 20
-30.3980545969019
 30
0.0
  0
VERTEX
  5
76B
  8
COUCHE_1
 10
-140.6012239017974
 20
-30.56986189247936
 30
0.0
  0
VERTEX
  5
76C
  8
COUCHE_1
 10
-140.5248280767971
 20
-30.6775057411362
 30
0.0
  0
SEQEND
  5
76D
  8
COUCHE_1
  0
POLYLINE
  5
4D
  8
COUCHE_1
 66
     1
 10
0.0
 20
0.0
 30
0.0
 70
     1
  0
VERTEX
  5
76E
  8
COUCHE_1
 10
-32.38232020091873
 20
-42.66949648742723
 30
0.0
  0
VERTEX
  5
76F
  8
COUCHE_1
 10
-32.51554239432473
 20
-42.70777642185062
 30
0.0
  0
VERTEX
  5
770
  8
COUCHE_1
 10
-32.63849344514641
 20
-42.75465256301118
 30
0.0
  0
VERTEX
  5
771
  8
COUCHE_1
 10
-32.75127085147539
 20
-42.80948123688453
 30
0.0
  0
VERTEX
  5
772
  8
COUCHE_1
 10
-32.85397211140332
 20
-42.87161876944658
 30
0.0
  0
VERTEX
  5
773
  8
COUCHE_1
 10
-32.94669472302168
 20
-42.9404214866731
 30
0.0
  0
VERTEX
  5
774
  8
COUCHE_1
 10
-33.0295361844221
 20
-43.01524571453986
 30
0.0
  0
VERTEX
  5
775
  8
COUCHE_1
 10
-33.10259399369607
 20
-43.09544777902261
 30
0.0
  0
VERTEX
  5
776
  8
COUCHE_1
 10
-33.16596564893521
 20
-43.18038400609713
 30
0.0
  0
VERTEX
  5
777
  8
COUCHE_1
 10
-33.21974864823117
 20
-43.26941072173948
 30
0.0
  0
VERTEX
  5
778
  8
COUCHE_1
 10
-33.26404048967556
 20
-43.36188425192482
 30
0.0
  0
VERTEX
  5
779
  8
COUCHE_1
 10
-33.29893867135987
 20
-43.45716092262953
 30
0.0
  0
VERTEX
  5
77A
  8
COUCHE_1
 10
-33.32454069137574
 20
-43.55459705982921
 30
0.0
  0
VERTEX
  5
77B
  8
COUCHE_1
 10
-33.34094404781479
 20
-43.65354898949978
 30
0.0
  0
VERTEX
  5
77C
  8
COUCHE_1
 10
-33.34824623876838
 20
-43.75337303761656
 30
0.0
  0
VERTEX
  5
77D
  8
COUCHE_1
 10
-33.34654476232827
 20
-43.85342553015575
 30
0.0
  0
VERTEX
  5
77E
  8
COUCHE_1
 10
-33.33593711658609
 20
-43.95306279309314
 30
0.0
  0
VERTEX
  5
77F
  8
COUCHE_1
 10
-33.31652079963333
 20
-44.05164115240447
 30
0.0
  0
VERTEX
  5
780
  8
COUCHE_1
 10
-33.28839330956149
 20
-44.14851693406523
 30
0.0
  0
VERTEX
  5
781
  8
COUCHE_1
 10
-33.25165214446232
 20
-44.24304646405177
 30
0.0
  0
VERTEX
  5
782
  8
COUCHE_1
 10
-33.20639480242733
 20
-44.3345860683394
 30
0.0
  0
VERTEX
  5
783
  8
COUCHE_1
 10
-33.152718781548
 20
-44.42249207290404
 30
0.0
  0
VERTEX
  5
784
  8
COUCHE_1
 10
-33.09072157991609
 20
-44.50612080372162
 30
0.0
  0
VERTEX
  5
785
  8
COUCHE_1
 10
-33.02050069562309
 20
-44.58482858676788
 30
0.0
  0
VERTEX
  5
786
  8
COUCHE_1
 10
-32.94215362676052
 20
-44.65797174801846
 30
0.0
  0
VERTEX
  5
787
  8
COUCHE_1
 10
-32.85577787142011
 20
-44.72490661344926
 30
0.0
  0
VERTEX
  5
788
  8
COUCHE_1
 10
-32.76147092769337
 20
-44.7849895090359
 30
0.0
  0
VERTEX
  5
789
  8
COUCHE_1
 10
-32.65933029367178
 20
-44.83757676075444
 30
0.0
  0
VERTEX
  5
78A
  8
COUCHE_1
 10
-32.54945346744699
 20
-44.88202469458066
 30
0.0
  0
VERTEX
  5
78B
  8
COUCHE_1
 10
-32.4319379471106
 20
-44.91768963649
 30
0.0
  0
VERTEX
  5
78C
  8
COUCHE_1
 10
-32.30688123075426
 20
-44.94392791245856
 30
0.0
  0
VERTEX
  5
78D
  8
COUCHE_1
 10
-32.17438081646945
 20
-44.96009584846207
 30
0.0
  0
VERTEX
  5
78E
  8
COUCHE_1
 10
-32.03453420234793
 20
-44.96554977047631
 30
0.0
  0
VERTEX
  5
78F
  8
COUCHE_1
 10
-3.219253177595618
 20
-44.94192455911318
 30
0.0
  0
VERTEX
  5
790
  8
COUCHE_1
 10
-17.45019443656755
 20
-32.45677874189099
 30
0.0
  0
VERTEX
  5
791
  8
COUCHE_1
 10
-23.25816068809173
 20
-32.63780517692574
 30
0.0
  0
VERTEX
  5
792
  8
COUCHE_1
 10
-23.79102449215193
 20
-32.75695075457531
 30
0.0
  0
VERTEX
  5
793
  8
COUCHE_1
 10
-24.36976279526485
 20
-32.63709047260269
 30
0.0
  0
VERTEX
  5
794
  8
COUCHE_1
 10
-36.36871266401803
 20
-32.63709047260269
 30
0.0
  0
VERTEX
  5
795
  8
COUCHE_1
 10
-36.36866652812576
 20
-17.04773192298474
 30
0.0
  0
VERTEX
  5
796
  8
COUCHE_1
 10
-53.19931725730159
 20
-1.035652029366219
 30
0.0
  0
VERTEX
  5
797
  8
COUCHE_1
 10
-54.80564921253669
 20
-2.078062634591922
 30
0.0
  0
VERTEX
  5
798
  8
COUCHE_1
 10
-55.53150312625526
 20
-2.574059301865422
 30
0.0
  0
VERTEX
  5
799
  8
COUCHE_1
 10
-56.43156664739122
 20
-3.228072061139987
 30
0.0
  0
VERTEX
  5
79A
  8
COUCHE_1
 10
-57.44876611753492
 20
-4.024708820930207
 30
0.0
  0
VERTEX
  5
79B
  8
COUCHE_1
 10
-58.51833265081491
 20
-4.942697852570491
 30
0.0
  0
VERTEX
  5
79C
  8
COUCHE_1
 10
-59.06706321712846
 20
-5.453796771066798
 30
0.0
  0
VERTEX
  5
79D
  8
COUCHE_1
 10
-59.60376006660923
 20
-5.986758344638673
 30
0.0
  0
VERTEX
  5
79E
  8
COUCHE_1
 10
-60.12692391777503
 20
-6.545552017988943
 30
0.0
  0
VERTEX
  5
79F
  8
COUCHE_1
 10
-61.44106971940861
 20
-8.071943038448453
 30
0.0
  0
VERTEX
  5
7A0
  8
COUCHE_1
 10
-59.5810791126888
 20
-9.242740764693153
 30
0.0
  0
VERTEX
  5
7A1
  8
COUCHE_1
 10
-58.86982227017555
 20
-9.713733851424196
 30
0.0
  0
VERTEX
  5
7A2
  8
COUCHE_1
 10
-58.17987820191029
 20
-10.19385366859115
 30
0.0
  0
VERTEX
  5
7A3
  8
COUCHE_1
 10
-57.51110580978127
 20
-10.68245011586441
 30
0.0
  0
VERTEX
  5
7A4
  8
COUCHE_1
 10
-56.86336700290832
 20
-11.17887183877127
 30
0.0
  0
VERTEX
  5
7A5
  8
COUCHE_1
 10
-56.23652653437716
 20
-11.68246596879018
 30
0.0
  0
VERTEX
  5
7A6
  8
COUCHE_1
 10
-55.6304518176874
 20
-12.19257788004062
 30
0.0
  0
VERTEX
  5
7A7
  8
COUCHE_1
 10
-55.05026681395023
 20
-12.70392030514112
 30
0.0
  0
VERTEX
  5
7A8
  8
COUCHE_1
 10
-53.93558456652404
 20
-13.7557226605688
 30
0.0
  0
VERTEX
  5
7A9
  8
COUCHE_1
 10
-52.90715402695692
 20
-14.81810636903509
 30
0.0
  0
VERTEX
  5
7AA
  8
COUCHE_1
 10
-51.95878368302832
 20
-15.89064864354389
 30
0.0
  0
VERTEX
  5
7AB
  8
COUCHE_1
 10
-51.08951626508064
 20
-16.96795384728967
 30
0.0
  0
VERTEX
  5
7AC
  8
COUCHE_1
 10
-50.29840455548878
 20
-18.04456922124285
 30
0.0
  0
VERTEX
  5
7AD
  8
COUCHE_1
 10
-49.58450349788117
 20
-19.11497695329143
 30
0.0
  0
VERTEX
  5
7AE
  8
COUCHE_1
 10
-48.94686157634775
 20
-20.17358389606106
 30
0.0
  0
VERTEX
  5
7AF
  8
COUCHE_1
 10
-48.38451063094501
 20
-21.21470763161162
 30
0.0
  0
VERTEX
  5
7B0
  8
COUCHE_1
 10
-47.89645268332251
 20
-22.23255715792097
 30
0.0
  0
VERTEX
  5
7B1
  8
COUCHE_1
 10
-47.48164138233715
 20
-23.22120586140163
 30
0.0
  0
VERTEX
  5
7B2
  8
COUCHE_1
 10
-47.13895403450113
 20
-24.17455358951358
 30
0.0
  0
VERTEX
  5
7B3
  8
COUCHE_1
 10
-46.85857890385739
 20
-25.1150144421533
 30
0.0
  0
VERTEX
  5
7B4
  8
COUCHE_1
 10
-46.71330070133479
 20
-25.60807047945609
 30
0.0
  0
VERTEX
  5
7B5
  8
COUCHE_1
 10
-46.53549473268279
 20
-26.11448032942174
 30
0.0
  0
VERTEX
  5
7B6
  8
COUCHE_1
 10
-46.33540462724662
 20
-26.60553486988563
 30
0.0
  0
VERTEX
  5
7B7
  8
COUCHE_1
 10
-46.11486232528798
 20
-27.08117044011221
 30
0.0
  0
VERTEX
  5
7B8
  8
COUCHE_1
 10
-45.87569689233827
 20
-27.54138333858997
 30
0.0
  0
VERTEX
  5
7B9
  8
COUCHE_1
 10
-45.61429570282321
 20
-27.99565754101445
 30
0.0
  0
VERTEX
  5
7BA
  8
COUCHE_1
 10
-45.06572809654954
 20
-28.8294815177714
 30
0.0
  0
VERTEX
  5
7BB
  8
COUCHE_1
 10
-44.4644036050102
 20
-29.61362161410798
 30
0.0
  0
VERTEX
  5
7BC
  8
COUCHE_1
 10
-43.83059288355547
 20
-30.33943543124952
 30
0.0
  0
VERTEX
  5
7BD
  8
COUCHE_1
 10
-43.17745425303872
 20
-31.00860755073473
 30
0.0
  0
VERTEX
  5
7BE
  8
COUCHE_1
 10
-42.51783718403654
 20
-31.62280866968669
 30
0.0
  0
VERTEX
  5
7BF
  8
COUCHE_1
 10
-41.86441871152792
 20
-32.1835801157353
 30
0.0
  0
VERTEX
  5
7C0
  8
COUCHE_1
 10
-41.22530055382811
 20
-32.69589709735211
 30
0.0
  0
VERTEX
  5
7C1
  8
COUCHE_1
 10
-40.07472423234694
 20
-33.55272748841474
 30
0.0
  0
VERTEX
  5
7C2
  8
COUCHE_1
 10
-39.15933588255609
 20
-34.20701858917788
 30
0.0
  0
VERTEX
  5
7C3
  8
COUCHE_1
 10
-38.61074624339648
 20
-34.63402292233793
 30
0.0
  0
VERTEX
  5
7C4
  8
COUCHE_1
 10
-38.15355099260999
 20
-35.1006302281476
 30
0.0
  0
VERTEX
  5
7C5
  8
COUCHE_1
 10
-37.57669233049645
 20
-35.5975722161281
 30
0.0
  0
VERTEX
  5
7C6
  8
COUCHE_1
 10
-36.97606145701094
 20
-36.03091034121832
 30
0.0
  0
VERTEX
  5
7C7
  8
COUCHE_1
 10
-36.3552673662869
 20
-36.40170906103306
 30
0.0
  0
VERTEX
  5
7C8
  8
COUCHE_1
 10
-35.71859719967566
 20
-36.71139302537267
 30
0.0
  0
VERTEX
  5
7C9
  8
COUCHE_1
 10
-35.07074975153807
 20
-36.96198037257919
 30
0.0
  0
VERTEX
  5
7CA
  8
COUCHE_1
 10
-34.41651238599228
 20
-37.15618123408035
 30
0.0
  0
VERTEX
  5
7CB
  8
COUCHE_1
 10
-33.76044487167442
 20
-37.29736200057362
 30
0.0
  0
VERTEX
  5
7CC
  8
COUCHE_1
 10
-33.10664666096229
 20
-37.38940286413595
 30
0.0
  0
VERTEX
  5
7CD
  8
COUCHE_1
 10
-32.4586439766978
 20
-37.43650430178355
 30
0.0
  0
VERTEX
  5
7CE
  8
COUCHE_1
 10
-31.81938899042489
 20
-37.44299799760958
 30
0.0
  0
VERTEX
  5
7CF
  8
COUCHE_1
 10
-31.1913360467277
 20
-37.41319812532155
 30
0.0
  0
VERTEX
  5
7D0
  8
COUCHE_1
 10
-30.57655411072855
 20
-37.35130531555644
 30
0.0
  0
VERTEX
  5
7D1
  8
COUCHE_1
 10
-29.97684324999248
 20
-37.26135858336973
 30
0.0
  0
VERTEX
  5
7D2
  8
COUCHE_1
 10
-29.39383624573261
 20
-37.14722267789155
 30
0.0
  0
VERTEX
  5
7D3
  8
COUCHE_1
 10
-28.82907788916478
 20
-37.01259745672945
 30
0.0
  0
VERTEX
  5
7D4
  8
COUCHE_1
 10
-28.28408187881211
 20
-36.86103851041903
 30
0.0
  0
VERTEX
  5
7D5
  8
COUCHE_1
 10
-27.75090074084211
 20
-36.69299774121939
 30
0.0
  0
VERTEX
  5
7D6
  8
COUCHE_1
 10
-26.78479854459362
 20
-36.33974793689053
 30
0.0
  0
VERTEX
  5
7D7
  8
COUCHE_1
 10
-25.91168636371063
 20
-35.96760378468321
 30
0.0
  0
VERTEX
  5
7D8
  8
COUCHE_1
 10
-25.15701459369128
 20
-35.6061614737314
 30
0.0
  0
VERTEX
  5
7D9
  8
COUCHE_1
 10
-24.53610403030748
 20
-35.28085630210847
 30
0.0
  0
VERTEX
  5
7DA
  8
COUCHE_1
 10
-24.27838293916109
 20
-35.13660547920979
 30
0.0
  0
VERTEX
  5
7DB
  8
COUCHE_1
 10
-24.24409716364095
 20
-35.379384122694
 30
0.0
  0
VERTEX
  5
7DC
  8
COUCHE_1
 10
-24.21651241407674
 20
-35.96170468595285
 30
0.0
  0
VERTEX
  5
7DD
  8
COUCHE_1
 10
-24.24378978466024
 20
-36.50375479823892
 30
0.0
  0
VERTEX
  5
7DE
  8
COUCHE_1
 10
-24.32059576780591
 20
-37.00876691838123
 30
0.0
  0
VERTEX
  5
7DF
  8
COUCHE_1
 10
-24.44232609533701
 20
-37.48027529735351
 30
0.0
  0
VERTEX
  5
7E0
  8
COUCHE_1
 10
-24.60518580376819
 20
-37.9218167854739
 30
0.0
  0
VERTEX
  5
7E1
  8
COUCHE_1
 10
-24.80611099553927
 20
-38.33661886956313
 30
0.0
  0
VERTEX
  5
7E2
  8
COUCHE_1
 10
-25.04255295347484
 20
-38.72735856421937
 30
0.0
  0
VERTEX
  5
7E3
  8
COUCHE_1
 10
-25.31219319036591
 20
-39.09604660438066
 30
0.0
  0
VERTEX
  5
7E4
  8
COUCHE_1
 10
-25.61267095572171
 20
-39.44404234699083
 30
0.0
  0
VERTEX
  5
7E5
  8
COUCHE_1
 10
-25.94138213478392
 20
-39.77216401071672
 30
0.0
  0
VERTEX
  5
7E6
  8
COUCHE_1
 10
-26.29537053003756
 20
-40.08084300875999
 30
0.0
  0
VERTEX
  5
7E7
  8
COUCHE_1
 10
-26.67130093676478
 20
-40.37027818801978
 30
0.0
  0
VERTEX
  5
7E8
  8
COUCHE_1
 10
-27.06548808868172
 20
-40.6405635449459
 30
0.0
  0
VERTEX
  5
7E9
  8
COUCHE_1
 10
-27.47395453782164
 20
-40.89178015886761
 30
0.0
  0
VERTEX
  5
7EA
  8
COUCHE_1
 10
-27.89249706587421
 20
-41.1240543582162
 30
0.0
  0
VERTEX
  5
7EB
  8
COUCHE_1
 10
-28.30679468905569
 20
-41.33257885604638
 30
0.0
  0
VERTEX
  5
7EC
  8
COUCHE_1
 10
-29.16685303215317
 20
-41.71018796298277
 30
0.0
  0
VERTEX
  5
7ED
  8
COUCHE_1
 10
-29.98275556839048
 20
-42.01195903172886
 30
0.0
  0
VERTEX
  5
7EE
  8
COUCHE_1
 10
-30.73080564736232
 20
-42.24815981175153
 30
0.0
  0
VERTEX
  5
7EF
  8
COUCHE_1
 10
-31.37559908659031
 20
-42.42456381357722
 30
0.0
  0
VERTEX
  5
7F0
  8
COUCHE_1
 10
-31.89668905418208
 20
-42.55100231702494
 30
0.0
  0
SEQEND
  5
7F1
  8
COUCHE_1
  0
POLYLINE
  5
4E
  8
COUCHE_1
 66
     1
 10
0.0
 20
0.0
 30
0.0
 70
     1
  0
VERTEX
  5
7F2
  8
COUCHE_1
 10
-133.9302430456415
 20
0.0009262738991386
 30
0.0
  0
VERTEX
  5
7F3
  8
COUCHE_1
 10
-131.5910044683845
 20
2.564829729759011
 30
0.0
  0
VERTEX
  5
7F4
  8
COUCHE_1
 10
-131.1315906934199
 20
3.086046469996616
 30
0.0
  0
VERTEX
  5
7F5
  8
COUCHE_1
 10
-130.8475858898845
 20
3.433977998121009
 30
0.0
  0
VERTEX
  5
7F6
  8
COUCHE_1
 10
-130.5360384830053
 20
3.843195629320138
 30
0.0
  0
VERTEX
  5
7F7
  8
COUCHE_1
 10
-130.2153467076358
 20
4.301399620670185
 30
0.0
  0
VERTEX
  5
7F8
  8
COUCHE_1
 10
-129.9002490866359
 20
4.800258091396732
 30
0.0
  0
VERTEX
  5
7F9
  8
COUCHE_1
 10
-129.6052400735558
 20
5.330956922234269
 30
0.0
  0
VERTEX
  5
7FA
  8
COUCHE_1
 10
-129.3443016378603
 20
5.884187584979372
 30
0.0
  0
VERTEX
  5
7FB
  8
COUCHE_1
 10
-129.1305244575477
 20
6.450209553600905
 30
0.0
  0
VERTEX
  5
7FC
  8
COUCHE_1
 10
-128.9713157531247
 20
7.034854537417849
 30
0.0
  0
VERTEX
  5
7FD
  8
COUCHE_1
 10
-128.9214566410701
 20
7.304051504706812
 30
0.0
  0
VERTEX
  5
7FE
  8
COUCHE_1
 10
-128.8872834763749
 20
7.584115440194799
 30
0.0
  0
VERTEX
  5
7FF
  8
COUCHE_1
 10
-128.8838856640567
 20
7.646327311134298
 30
0.0
  0
VERTEX
  5
800
  8
COUCHE_1
 10
-129.080514924306
 20
7.568571055699717
 30
0.0
  0
VERTEX
  5
801
  8
COUCHE_1
 10
-129.6770596388269
 20
7.389092131202299
 30
0.0
  0
VERTEX
  5
802
  8
COUCHE_1
 10
-130.2972053192588
 20
7.257894969631382
 30
0.0
  0
VERTEX
  5
803
  8
COUCHE_1
 10
-130.9374566631813
 20
7.17745287593857
 30
0.0
  0
VERTEX
  5
804
  8
COUCHE_1
 10
-131.5947291830125
 20
7.150121621472994
 30
0.0
  0
VERTEX
  5
805
  8
COUCHE_1
 10
-132.2689968639986
 20
7.178967856901961
 30
0.0
  0
VERTEX
  5
806
  8
COUCHE_1
 10
-132.9269368905485
 20
7.264041440735809
 30
0.0
  0
VERTEX
  5
807
  8
COUCHE_1
 10
-133.5633663010802
 20
7.40268461935021
 30
0.0
  0
VERTEX
  5
808
  8
COUCHE_1
 10
-134.1744994756622
 20
7.592190968951075
 30
0.0
  0
VERTEX
  5
809
  8
COUCHE_1
 10
-134.756780422869
 20
7.829838215845484
 30
0.0
  0
VERTEX
  5
80A
  8
COUCHE_1
 10
-135.3068261568291
 20
8.112948914363319
 30
0.0
  0
VERTEX
  5
80B
  8
COUCHE_1
 10
-135.8213514246246
 20
8.438923817934862
 30
0.0
  0
VERTEX
  5
80C
  8
COUCHE_1
 10
-136.2970867783731
 20
8.805245631571683
 30
0.0
  0
VERTEX
  5
80D
  8
COUCHE_1
 10
-136.7307005984878
 20
9.209453168720628
 30
0.0
  0
VERTEX
  5
80E
  8
COUCHE_1
 10
-137.1187349694212
 20
9.64908728145958
 30
0.0
  0
VERTEX
  5
80F
  8
COUCHE_1
 10
-137.4575657904279
 20
10.12161150088264
 30
0.0
  0
VERTEX
  5
810
  8
COUCHE_1
 10
-137.7433986111641
 20
10.62431340861304
 30
0.0
  0
VERTEX
  5
811
  8
COUCHE_1
 10
-137.9723117415243
 20
11.15419818649285
 30
0.0
  0
VERTEX
  5
812
  8
COUCHE_1
 10
-138.140354654556
 20
11.7078931607062
 30
0.0
  0
VERTEX
  5
813
  8
COUCHE_1
 10
-138.2437001413343
 20
12.28158905344296
 30
0.0
  0
VERTEX
  5
814
  8
COUCHE_1
 10
-138.2788174080069
 20
12.87078879984197
 30
0.0
  0
VERTEX
  5
815
  8
COUCHE_1
 10
-138.2437001413348
 20
13.4599885462524
 30
0.0
  0
VERTEX
  5
816
  8
COUCHE_1
 10
-138.1403546545568
 20
14.03368443898476
 30
0.0
  0
VERTEX
  5
817
  8
COUCHE_1
 10
-137.9723117415246
 20
14.5873794131987
 30
0.0
  0
VERTEX
  5
818
  8
COUCHE_1
 10
-137.7433986111648
 20
15.11726419107968
 30
0.0
  0
VERTEX
  5
819
  8
COUCHE_1
 10
-137.4575657904266
 20
15.61996609881271
 30
0.0
  0
VERTEX
  5
81A
  8
COUCHE_1
 10
-137.1187349694238
 20
16.0924903182305
 30
0.0
  0
VERTEX
  5
81B
  8
COUCHE_1
 10
-136.730700598486
 20
16.5321244309753
 30
0.0
  0
VERTEX
  5
81C
  8
COUCHE_1
 10
-136.2970867783707
 20
16.93633196812425
 30
0.0
  0
VERTEX
  5
81D
  8
COUCHE_1
 10
-135.8213514246197
 20
17.30265378176282
 30
0.0
  0
VERTEX
  5
81E
  8
COUCHE_1
 10
-135.3068261568301
 20
17.62862868532999
 30
0.0
  0
VERTEX
  5
81F
  8
COUCHE_1
 10
-134.75678042287
 20
17.91173938384811
 30
0.0
  0
VERTEX
  5
820
  8
COUCHE_1
 10
-134.1744994756679
 20
18.14938663074076
 30
0.0
  0
VERTEX
  5
821
  8
COUCHE_1
 10
-133.563366301081
 20
18.33889298034338
 30
0.0
  0
VERTEX
  5
822
  8
COUCHE_1
 10
-132.9269368905508
 20
18.47753615895778
 30
0.0
  0
VERTEX
  5
823
  8
COUCHE_1
 10
-132.2689968639962
 20
18.56260974279222
 30
0.0
  0
VERTEX
  5
824
  8
COUCHE_1
 10
-131.6403146824624
 20
18.58950575861773
 30
0.0
  0
VERTEX
  5
825
  8
COUCHE_1
 10
-131.0911681934397
 20
18.65150512683496
 30
0.0
  0
VERTEX
  5
826
  8
COUCHE_1
 10
-130.4120234336933
 20
18.68338183347815
 30
0.0
  0
VERTEX
  5
827
  8
COUCHE_1
 10
-129.7350417957376
 20
18.67413115037912
 30
0.0
  0
VERTEX
  5
828
  8
COUCHE_1
 10
-129.0620391688899
 20
18.62734137966527
 30
0.0
  0
VERTEX
  5
829
  8
COUCHE_1
 10
-128.3944935077478
 20
18.54645504602493
 30
0.0
  0
VERTEX
  5
82A
  8
COUCHE_1
 10
-127.7336591450481
 20
18.43473849599543
 30
0.0
  0
VERTEX
  5
82B
  8
COUCHE_1
 10
-127.080660495859
 20
18.29528130660235
 30
0.0
  0
VERTEX
  5
82C
  8
COUCHE_1
 10
-126.4365616881789
 20
18.13101254109759
 30
0.0
  0
VERTEX
  5
82D
  8
COUCHE_1
 10
-125.8024142794558
 20
17.94472435984211
 30
0.0
  0
VERTEX
  5
82E
  8
COUCHE_1
 10
-125.1699893028266
 20
17.73602870369622
 30
0.0
  0
VERTEX
  5
82F
  8
COUCHE_1
 10
-123.9718928125016
 20
17.28104365606993
 30
0.0
  0
VERTEX
  5
830
  8
COUCHE_1
 10
-122.8208549068549
 20
16.77488559895937
 30
0.0
  0
VERTEX
  5
831
  8
COUCHE_1
 10
-121.7378869481727
 20
16.24106137789038
 30
0.0
  0
VERTEX
  5
832
  8
COUCHE_1
 10
-120.7337198872743
 20
15.69858666982967
 30
0.0
  0
VERTEX
  5
833
  8
COUCHE_1
 10
-119.813445747436
 20
15.16272392388841
 30
0.0
  0
VERTEX
  5
834
  8
COUCHE_1
 10
-118.3128789490659
 20
14.21057132390183
 30
0.0
  0
VERTEX
  5
835
  8
COUCHE_1
 10
-117.3232338605204
 20
13.5301580886362
 30
0.0
  0
VERTEX
  5
836
  8
COUCHE_1
 10
-116.2099197190473
 20
12.77195314399696
 30
0.0
  0
VERTEX
  5
837
  8
COUCHE_1
 10
-116.7443035181864
 20
11.27277518848213
 30
0.0
  0
VERTEX
  5
838
  8
COUCHE_1
 10
-117.0615129561603
 20
10.5480898929554
 30
0.0
  0
VERTEX
  5
839
  8
COUCHE_1
 10
-117.4232207687439
 20
9.852017108556538
 30
0.0
  0
VERTEX
  5
83A
  8
COUCHE_1
 10
-117.8251474402334
 20
9.18460351690315
 30
0.0
  0
VERTEX
  5
83B
  8
COUCHE_1
 10
-118.2630730373863
 20
8.545711526330381
 30
0.0
  0
VERTEX
  5
83C
  8
COUCHE_1
 10
-118.7328700736494
 20
7.935055637974366
 30
0.0
  0
VERTEX
  5
83D
  8
COUCHE_1
 10
-119.2305202686566
 20
7.352241102125065
 30
0.0
  0
VERTEX
  5
83E
  8
COUCHE_1
 10
-119.7521182514197
 20
6.796799993993935
 30
0.0
  0
VERTEX
  5
83F
  8
COUCHE_1
 10
-120.2938660276172
 20
6.268221906176222
 30
0.0
  0
VERTEX
  5
840
  8
COUCHE_1
 10
-120.8520618411026
 20
5.765978183330454
 30
0.0
  0
VERTEX
  5
841
  8
COUCHE_1
 10
-121.42308636333
 20
5.289539813771138
 30
0.0
  0
VERTEX
  5
842
  8
COUCHE_1
 10
-122.0033883010297
 20
4.838389762653768
 30
0.0
  0
VERTEX
  5
843
  8
COUCHE_1
 10
-122.5894707378702
 20
4.412030805282257
 30
0.0
  0
VERTEX
  5
844
  8
COUCHE_1
 10
-123.1846938487254
 20
4.005333507207427
 30
0.0
  0
VERTEX
  5
845
  8
COUCHE_1
 10
-124.3467060134452
 20
3.277548749898773
 30
0.0
  0
VERTEX
  5
846
  8
COUCHE_1
 10
-125.4854239815036
 20
2.636858665269269
 30
0.0
  0
VERTEX
  5
847
  8
COUCHE_1
 10
-126.5655904511368
 20
2.085560484070909
 30
0.0
  0
VERTEX
  5
848
  8
COUCHE_1
 10
-127.560200896396
 20
1.621119632914088
 30
0.0
  0
VERTEX
  5
849
  8
COUCHE_1
 10
-128.4477875757106
 20
1.238851827817047
 30
0.0
  0
VERTEX
  5
84A
  8
COUCHE_1
 10
-129.7425197562578
 20
0.7335297726777502
 30
0.0
  0
VERTEX
  5
84B
  8
COUCHE_1
 10
-131.72402195242
 20
0.0009262738991385
 30
0.0
  0
VERTEX
  5
84C
  8
COUCHE_1
 10
-129.7425197562583
 20
-0.7316772248794734
 30
0.0
  0
VERTEX
  5
84D
  8
COUCHE_1
 10
-128.4477875757108
 20
-1.236999280018477
 30
0.0
  0
VERTEX
  5
84E
  8
COUCHE_1
 10
-127.5602008963958
 20
-1.619267085115519
 30
0.0
  0
VERTEX
  5
84F
  8
COUCHE_1
 10
-126.5655904511378
 20
-2.083707936272048
 30
0.0
  0
VERTEX
  5
850
  8
COUCHE_1
 10
-125.4854239815041
 20
-2.6350061174707
 30
0.0
  0
VERTEX
  5
851
  8
COUCHE_1
 10
-124.3467060134452
 20
-3.275696202100204
 30
0.0
  0
VERTEX
  5
852
  8
COUCHE_1
 10
-123.1846938487215
 20
-4.003480959411783
 30
0.0
  0
VERTEX
  5
853
  8
COUCHE_1
 10
-122.5894707378666
 20
-4.41017825748632
 30
0.0
  0
VERTEX
  5
854
  8
COUCHE_1
 10
-122.0033883010302
 20
-4.836537214855492
 30
0.0
  0
VERTEX
  5
855
  8
COUCHE_1
 10
-121.4230863633241
 20
-5.28768726597754
 30
0.0
  0
VERTEX
  5
856
  8
COUCHE_1
 10
-120.852061841099
 20
-5.764125635535396
 30
0.0
  0
VERTEX
  5
857
  8
COUCHE_1
 10
-120.2938660276172
 20
-6.266369358377363
 30
0.0
  0
VERTEX
  5
858
  8
COUCHE_1
 10
-119.75211825142
 20
-6.794947446195367
 30
0.0
  0
VERTEX
  5
859
  8
COUCHE_1
 10
-119.2305202686553
 20
-7.350388554328545
 30
0.0
  0
VERTEX
  5
85A
  8
COUCHE_1
 10
-118.7328700736465
 20
-7.9332030901796
 30
0.0
  0
VERTEX
  5
85B
  8
COUCHE_1
 10
-118.2630730373852
 20
-8.543858978533274
 30
0.0
  0
VERTEX
  5
85C
  8
COUCHE_1
 10
-117.8251474402332
 20
-9.18275096910429
 30
0.0
  0
VERTEX
  5
85D
  8
COUCHE_1
 10
-117.4232207687429
 20
-9.850164560759724
 30
0.0
  0
VERTEX
  5
85E
  8
COUCHE_1
 10
-117.0615129561595
 20
-10.54623734515888
 30
0.0
  0
VERTEX
  5
85F
  8
COUCHE_1
 10
-116.7443035181864
 20
-11.27092264068356
 30
0.0
  0
VERTEX
  5
860
  8
COUCHE_1
 10
-116.2099197190473
 20
-12.77010059619839
 30
0.0
  0
VERTEX
  5
861
  8
COUCHE_1
 10
-117.3232338605204
 20
-13.52830554083763
 30
0.0
  0
VERTEX
  5
862
  8
COUCHE_1
 10
-118.3061961107968
 20
-14.20412410710537
 30
0.0
  0
VERTEX
  5
863
  8
COUCHE_1
 10
-119.0074122041218
 20
-14.66129239474227
 30
0.0
  0
VERTEX
  5
864
  8
COUCHE_1
 10
-119.8196366532775
 20
-15.16447625387685
 30
0.0
  0
VERTEX
  5
865
  8
COUCHE_1
 10
-120.7337198872652
 20
-15.69673412202642
 30
0.0
  0
VERTEX
  5
866
  8
COUCHE_1
 10
-121.7378869481818
 20
-16.23920883009678
 30
0.0
  0
VERTEX
  5
867
  8
COUCHE_1
 10
-122.8208549068606
 20
-16.77303305116343
 30
0.0
  0
VERTEX
  5
868
  8
COUCHE_1
 10
-123.9718928124993
 20
-17.27919110827049
 30
0.0
  0
VERTEX
  5
869
  8
COUCHE_1
 10
-125.1699893028238
 20
-17.73417615589707
 30
0.0
  0
VERTEX
  5
86A
  8
COUCHE_1
 10
-125.8024142794425
 20
-17.94287181203945
 30
0.0
  0
VERTEX
  5
86B
  8
COUCHE_1
 10
-126.4365616881678
 20
-18.12915999329639
 30
0.0
  0
VERTEX
  5
86C
  8
COUCHE_1
 10
-127.080660495865
 20
-18.29342875880496
 30
0.0
  0
VERTEX
  5
86D
  8
COUCHE_1
 10
-127.7336591450572
 20
-18.4328859481989
 30
0.0
  0
VERTEX
  5
86E
  8
COUCHE_1
 10
-128.394493507754
 20
-18.54460249822754
 30
0.0
  0
VERTEX
  5
86F
  8
COUCHE_1
 10
-129.0620391688959
 20
-18.62548883186729
 30
0.0
  0
VERTEX
  5
870
  8
COUCHE_1
 10
-129.7350417957433
 20
-18.67227860258114
 30
0.0
  0
VERTEX
  5
871
  8
COUCHE_1
 10
-130.4120234336829
 20
-18.68152928568017
 30
0.0
  0
VERTEX
  5
872
  8
COUCHE_1
 10
-131.0911681934408
 20
-18.64965257903639
 30
0.0
  0
VERTEX
  5
873
  8
COUCHE_1
 10
-131.6403146824606
 20
-18.58765321082004
 30
0.0
  0
VERTEX
  5
874
  8
COUCHE_1
 10
-132.2689968640048
 20
-18.56075719499336
 30
0.0
  0
VERTEX
  5
875
  8
COUCHE_1
 10
-132.9269368905479
 20
-18.4756836111598
 30
0.0
  0
VERTEX
  5
876
  8
COUCHE_1
 10
-133.5633663010802
 20
-18.33704043254511
 30
0.0
  0
VERTEX
  5
877
  8
COUCHE_1
 10
-134.1744994756635
 20
-18.14753408294424
 30
0.0
  0
VERTEX
  5
878
  8
COUCHE_1
 10
-134.756780422868
 20
-17.90988683605071
 30
0.0
  0
VERTEX
  5
879
  8
COUCHE_1
 10
-135.306826156821
 20
-17.62677613753697
 30
0.0
  0
VERTEX
  5
87A
  8
COUCHE_1
 10
-135.8213514246264
 20
-17.30080123395929
 30
0.0
  0
VERTEX
  5
87B
  8
COUCHE_1
 10
-136.2970867783759
 20
-16.9344794203213
 30
0.0
  0
VERTEX
  5
87C
  8
COUCHE_1
 10
-136.7307005984827
 20
-16.53027188317966
 30
0.0
  0
VERTEX
  5
87D
  8
COUCHE_1
 10
-137.1187349694233
 20
-16.09063777043369
 30
0.0
  0
VERTEX
  5
87E
  8
COUCHE_1
 10
-137.4575657904277
 20
-15.61811355101268
 30
0.0
  0
VERTEX
  5
87F
  8
COUCHE_1
 10
-137.7433986111643
 20
-15.11541164328257
 30
0.0
  0
VERTEX
  5
880
  8
COUCHE_1
 10
-137.9723117415217
 20
-14.58552686540802
 30
0.0
  0
VERTEX
  5
881
  8
COUCHE_1
 10
-138.140354654556
 20
-14.03183189119116
 30
0.0
  0
VERTEX
  5
882
  8
COUCHE_1
 10
-138.2437001413335
 20
-13.45813599845645
 30
0.0
  0
VERTEX
  5
883
  8
COUCHE_1
 10
-138.2788174080069
 20
-12.86893625204633
 30
0.0
  0
VERTEX
  5
884
  8
COUCHE_1
 10
-138.2437001413348
 20
-12.2797365056476
 30
0.0
  0
VERTEX
  5
885
  8
COUCHE_1
 10
-138.1403546545555
 20
-11.70604061290441
 30
0.0
  0
VERTEX
  5
886
  8
COUCHE_1
 10
-137.9723117415233
 20
-11.15234563869223
 30
0.0
  0
VERTEX
  5
887
  8
COUCHE_1
 10
-137.7433986111622
 20
-10.62246086081096
 30
0.0
  0
VERTEX
  5
888
  8
COUCHE_1
 10
-137.4575657904269
 20
-10.1197589530829
 30
0.0
  0
VERTEX
  5
889
  8
COUCHE_1
 10
-137.1187349694236
 20
-9.647234733663934
 30
0.0
  0
VERTEX
  5
88A
  8
COUCHE_1
 10
-136.7307005984842
 20
-9.207600620918841
 30
0.0
  0
VERTEX
  5
88B
  8
COUCHE_1
 10
-136.2970867783746
 20
-8.803393083774866
 30
0.0
  0
VERTEX
  5
88C
  8
COUCHE_1
 10
-135.8213514246251
 20
-8.437071270136876
 30
0.0
  0
VERTEX
  5
88D
  8
COUCHE_1
 10
-135.3068261568278
 20
-8.11109636656387
 30
0.0
  0
VERTEX
  5
88E
  8
COUCHE_1
 10
-134.7567804228669
 20
-7.827985668046039
 30
0.0
  0
VERTEX
  5
88F
  8
COUCHE_1
 10
-134.1744994756643
 20
-7.59033842115309
 30
0.0
  0
VERTEX
  5
890
  8
COUCHE_1
 10
-133.5633663010734
 20
-7.400832071549887
 30
0.0
  0
VERTEX
  5
891
  8
COUCHE_1
 10
-132.926936890543
 20
-7.262188892936656
 30
0.0
  0
VERTEX
  5
892
  8
COUCHE_1
 10
-132.2689968639991
 20
-7.177115309103391
 30
0.0
  0
VERTEX
  5
893
  8
COUCHE_1
 10
-131.5947291830213
 20
-7.148269073674717
 30
0.0
  0
VERTEX
  5
894
  8
COUCHE_1
 10
-130.9374566631803
 20
-7.175600328140002
 30
0.0
  0
VERTEX
  5
895
  8
COUCHE_1
 10
-130.2972053192576
 20
-7.256042421833399
 30
0.0
  0
VERTEX
  5
896
  8
COUCHE_1
 10
-129.6770596388227
 20
-7.387239583405191
 30
0.0
  0
VERTEX
  5
897
  8
COUCHE_1
 10
-129.0805149243019
 20
-7.566718507902903
 30
0.0
  0
VERTEX
  5
898
  8
COUCHE_1
 10
-128.8838856640564
 20
-7.644474763336022
 30
0.0
  0
VERTEX
  5
899
  8
COUCHE_1
 10
-128.8872834763746
 20
-7.582262892397985
 30
0.0
  0
VERTEX
  5
89A
  8
COUCHE_1
 10
-128.9214566410701
 20
-7.302198956908243
 30
0.0
  0
VERTEX
  5
89B
  8
COUCHE_1
 10
-128.9713157531247
 20
-7.033001989619866
 30
0.0
  0
VERTEX
  5
89C
  8
COUCHE_1
 10
-129.1305244575477
 20
-6.448357005802335
 30
0.0
  0
VERTEX
  5
89D
  8
COUCHE_1
 10
-129.3443016378603
 20
-5.882335037180804
 30
0.0
  0
VERTEX
  5
89E
  8
COUCHE_1
 10
-129.6052400735558
 20
-5.329104374435992
 30
0.0
  0
VERTEX
  5
89F
  8
COUCHE_1
 10
-129.9002490866359
 20
-4.798405543598164
 30
0.0
  0
VERTEX
  5
8A0
  8
COUCHE_1
 10
-130.2153467076361
 20
-4.299547072871615
 30
0.0
  0
VERTEX
  5
8A1
  8
COUCHE_1
 10
-130.5307172103481
 20
-3.848946108970169
 30
0.0
  0
VERTEX
  5
8A2
  8
COUCHE_1
 10
-131.1386613234551
 20
-3.076172110621687
 30
0.0
  0
VERTEX
  5
8A3
  8
COUCHE_1
 10
-131.5910044683845
 20
-2.562977181960441
 30
0.0
  0
SEQEND
  5
8A4
  8
COUCHE_1
  0
POLYLINE
  5
4F
  8
COUCHE_1
 66
     1
 10
0.0
 20
0.0
 30
0.0
 70
     1
  0
VERTEX
  5
8A5
  8
COUCHE_1
 10
-15.36611917595637
 20
-8.753166356677157
 30
0.0
  0
VERTEX
  5
8A6
  8
COUCHE_1
 10
-15.36004937742649
 20
-8.956540932403648
 30
0.0
  0
VERTEX
  5
8A7
  8
COUCHE_1
 10
-15.34203538296847
 20
-9.157245775871768
 30
0.0
  0
VERTEX
  5
8A8
  8
COUCHE_1
 10
-15.31237029428063
 20
-9.355032563674973
 30
0.0
  0
VERTEX
  5
8A9
  8
COUCHE_1
 10
-15.27134721306078
 20
-9.549652972406719
 30
0.0
  0
VERTEX
  5
8AA
  8
COUCHE_1
 10
-15.21925924100671
 20
-9.740858678660457
 30
0.0
  0
VERTEX
  5
8AB
  8
COUCHE_1
 10
-15.15639947981663
 20
-9.928401359030081
 30
0.0
  0
VERTEX
  5
8AC
  8
COUCHE_1
 10
-15.08306103118847
 20
-10.1120326901086
 30
0.0
  0
VERTEX
  5
8AD
  8
COUCHE_1
 10
-14.99953699682004
 20
-10.29150434848992
 30
0.0
  0
VERTEX
  5
8AE
  8
COUCHE_1
 10
-14.90612047840939
 20
-10.46656801076719
 30
0.0
  0
VERTEX
  5
8AF
  8
COUCHE_1
 10
-14.8031045776546
 20
-10.63697535353402
 30
0.0
  0
VERTEX
  5
8B0
  8
COUCHE_1
 10
-14.69078239625346
 20
-10.802478053384
 30
0.0
  0
VERTEX
  5
8B1
  8
COUCHE_1
 10
-14.56944703590405
 20
-10.96282778691074
 30
0.0
  0
VERTEX
  5
8B2
  8
COUCHE_1
 10
-14.43939159830429
 20
-11.11777623070768
 30
0.0
  0
VERTEX
  5
8B3
  8
COUCHE_1
 10
-14.30090918515213
 20
-11.26707506136799
 30
0.0
  0
VERTEX
  5
8B4
  8
COUCHE_1
 10
-14.15429289814548
 20
-11.41047595548572
 30
0.0
  0
VERTEX
  5
8B5
  8
COUCHE_1
 10
-13.99983583898231
 20
-11.54773058965401
 30
0.0
  0
VERTEX
  5
8B6
  8
COUCHE_1
 10
-13.83783110936066
 20
-11.67859064046633
 30
0.0
  0
VERTEX
  5
8B7
  8
COUCHE_1
 10
-13.66857181097846
 20
-11.80280778451626
 30
0.0
  0
VERTEX
  5
8B8
  8
COUCHE_1
 10
-13.49235104553366
 20
-11.92013369839758
 30
0.0
  0
VERTEX
  5
8B9
  8
COUCHE_1
 10
-13.30946191472419
 20
-12.03032005870356
 30
0.0
  0
VERTEX
  5
8BA
  8
COUCHE_1
 10
-13.12019752024799
 20
-12.13311854202783
 30
0.0
  0
VERTEX
  5
8BB
  8
COUCHE_1
 10
-12.92485096380337
 20
-12.22828082496354
 30
0.0
  0
VERTEX
  5
8BC
  8
COUCHE_1
 10
-12.72371534708789
 20
-12.31555858410457
 30
0.0
  0
VERTEX
  5
8BD
  8
COUCHE_1
 10
-12.51708377179947
 20
-12.39470349604425
 30
0.0
  0
VERTEX
  5
8BE
  8
COUCHE_1
 10
-12.30524933963632
 20
-12.46546723737617
 30
0.0
  0
VERTEX
  5
8BF
  8
COUCHE_1
 10
-12.08850515229636
 20
-12.52760148469378
 30
0.0
  0
VERTEX
  5
8C0
  8
COUCHE_1
 10
-11.8671443114774
 20
-12.58085791459053
 30
0.0
  0
VERTEX
  5
8C1
  8
COUCHE_1
 10
-11.64145991887764
 20
-12.62498820366004
 30
0.0
  0
VERTEX
  5
8C2
  8
COUCHE_1
 10
-11.41174507619488
 20
-12.65974402849589
 30
0.0
  0
VERTEX
  5
8C3
  8
COUCHE_1
 10
-11.17829288512719
 20
-12.68487706569139
 30
0.0
  0
VERTEX
  5
8C4
  8
COUCHE_1
 10
-10.94139644737224
 20
-12.70013899184015
 30
0.0
  0
VERTEX
  5
8C5
  8
COUCHE_1
 10
-10.70134886462834
 20
-12.70528148353548
 30
0.0
  0
VERTEX
  5
8C6
  8
COUCHE_1
 10
-10.46130128188445
 20
-12.70013899184015
 30
0.0
  0
VERTEX
  5
8C7
  8
COUCHE_1
 10
-10.2244048441295
 20
-12.68487706569139
 30
0.0
  0
VERTEX
  5
8C8
  8
COUCHE_1
 10
-9.990952653061807
 20
-12.65974402849589
 30
0.0
  0
VERTEX
  5
8C9
  8
COUCHE_1
 10
-9.761237810379047
 20
-12.62498820366004
 30
0.0
  0
VERTEX
  5
8CA
  8
COUCHE_1
 10
-9.535553417779287
 20
-12.58085791459053
 30
0.0
  0
VERTEX
  5
8CB
  8
COUCHE_1
 10
-9.31419257696033
 20
-12.52760148469378
 30
0.0
  0
VERTEX
  5
8CC
  8
COUCHE_1
 10
-9.097448389620375
 20
-12.46546723737617
 30
0.0
  0
VERTEX
  5
8CD
  8
COUCHE_1
 10
-8.88561395745722
 20
-12.39470349604425
 30
0.0
  0
VERTEX
  5
8CE
  8
COUCHE_1
 10
-8.678982382168803
 20
-12.31555858410457
 30
0.0
  0
VERTEX
  5
8CF
  8
COUCHE_1
 10
-8.47784676545332
 20
-12.22828082496354
 30
0.0
  0
VERTEX
  5
8D0
  8
COUCHE_1
 10
-8.282500209008703
 20
-12.13311854202783
 30
0.0
  0
VERTEX
  5
8D1
  8
COUCHE_1
 10
-8.093235814532497
 20
-12.03032005870356
 30
0.0
  0
VERTEX
  5
8D2
  8
COUCHE_1
 10
-7.910346683723029
 20
-11.92013369839758
 30
0.0
  0
VERTEX
  5
8D3
  8
COUCHE_1
 10
-7.73412591827823
 20
-11.80280778451626
 30
0.0
  0
VERTEX
  5
8D4
  8
COUCHE_1
 10
-7.564866619896036
 20
-11.67859064046633
 30
0.0
  0
VERTEX
  5
8D5
  8
COUCHE_1
 10
-7.402861890274385
 20
-11.54773058965401
 30
0.0
  0
VERTEX
  5
8D6
  8
COUCHE_1
 10
-7.248404831111205
 20
-11.41047595548572
 30
0.0
  0
VERTEX
  5
8D7
  8
COUCHE_1
 10
-7.101788544104567
 20
-11.26707506136799
 30
0.0
  0
VERTEX
  5
8D8
  8
COUCHE_1
 10
-6.963306130952271
 20
-11.11777623070768
 30
0.0
  0
VERTEX
  5
8D9
  8
COUCHE_1
 10
-6.833250693352515
 20
-10.96282778691074
 30
0.0
  0
VERTEX
  5
8DA
  8
COUCHE_1
 10
-6.71191533300297
 20
-10.802478053384
 30
0.0
  0
VERTEX
  5
8DB
  8
COUCHE_1
 10
-6.599593151601835
 20
-10.63697535353402
 30
0.0
  0
VERTEX
  5
8DC
  8
COUCHE_1
 10
-6.496577250847041
 20
-10.46656801076719
 30
0.0
  0
VERTEX
  5
8DD
  8
COUCHE_1
 10
-6.403160732436394
 20
-10.29150434848992
 30
0.0
  0
VERTEX
  5
8DE
  8
COUCHE_1
 10
-6.319636698067959
 20
-10.1120326901086
 30
0.0
  0
VERTEX
  5
8DF
  8
COUCHE_1
 10
-6.246298249439799
 20
-9.928401359030081
 30
0.0
  0
VERTEX
  5
8E0
  8
COUCHE_1
 10
-6.18343848824972
 20
-9.740858678660457
 30
0.0
  0
VERTEX
  5
8E1
  8
COUCHE_1
 10
-6.131350516195656
 20
-9.54965297240672
 30
0.0
  0
VERTEX
  5
8E2
  8
COUCHE_1
 10
-6.090327434975801
 20
-9.355032563674975
 30
0.0
  0
VERTEX
  5
8E3
  8
COUCHE_1
 10
-6.060662346287963
 20
-9.15724577587177
 30
0.0
  0
VERTEX
  5
8E4
  8
COUCHE_1
 10
-6.042648351829943
 20
-8.956540932403648
 30
0.0
  0
VERTEX
  5
8E5
  8
COUCHE_1
 10
-6.036578553300064
 20
-8.75316635667716
 30
0.0
  0
VERTEX
  5
8E6
  8
COUCHE_1
 10
-6.042648351829943
 20
-8.54979178095067
 30
0.0
  0
VERTEX
  5
8E7
  8
COUCHE_1
 10
-6.060662346287963
 20
-8.349086937482548
 30
0.0
  0
VERTEX
  5
8E8
  8
COUCHE_1
 10
-6.090327434975801
 20
-8.151300149679342
 30
0.0
  0
VERTEX
  5
8E9
  8
COUCHE_1
 10
-6.131350516195655
 20
-7.956679740947598
 30
0.0
  0
VERTEX
  5
8EA
  8
COUCHE_1
 10
-6.183438488249719
 20
-7.76547403469386
 30
0.0
  0
VERTEX
  5
8EB
  8
COUCHE_1
 10
-6.246298249439798
 20
-7.577931354324237
 30
0.0
  0
VERTEX
  5
8EC
  8
COUCHE_1
 10
-6.319636698067957
 20
-7.394300023245713
 30
0.0
  0
VERTEX
  5
8ED
  8
COUCHE_1
 10
-6.403160732436392
 20
-7.214828364864396
 30
0.0
  0
VERTEX
  5
8EE
  8
COUCHE_1
 10
-6.496577250847039
 20
-7.039764702587125
 30
0.0
  0
VERTEX
  5
8EF
  8
COUCHE_1
 10
-6.599593151601835
 20
-6.869357359820299
 30
0.0
  0
VERTEX
  5
8F0
  8
COUCHE_1
 10
-6.711915333002969
 20
-6.703854659970319
 30
0.0
  0
VERTEX
  5
8F1
  8
COUCHE_1
 10
-6.833250693352515
 20
-6.543504926443584
 30
0.0
  0
VERTEX
  5
8F2
  8
COUCHE_1
 10
-6.963306130952271
 20
-6.388556482646639
 30
0.0
  0
VERTEX
  5
8F3
  8
COUCHE_1
 10
-7.101788544104565
 20
-6.239257651986326
 30
0.0
  0
VERTEX
  5
8F4
  8
COUCHE_1
 10
-7.248404831111205
 20
-6.095856757868603
 30
0.0
  0
VERTEX
  5
8F5
  8
COUCHE_1
 10
-7.402861890274384
 20
-5.958602123700311
 30
0.0
  0
VERTEX
  5
8F6
  8
COUCHE_1
 10
-7.564866619896036
 20
-5.827742072887848
 30
0.0
  0
VERTEX
  5
8F7
  8
COUCHE_1
 10
-7.734125918278228
 20
-5.703524928837761
 30
0.0
  0
VERTEX
  5
8F8
  8
COUCHE_1
 10
-7.910346683723027
 20
-5.586199014956451
 30
0.0
  0
VERTEX
  5
8F9
  8
COUCHE_1
 10
-8.093235814532497
 20
-5.476012654650463
 30
0.0
  0
VERTEX
  5
8FA
  8
COUCHE_1
 10
-8.2825002090087
 20
-5.373214171326343
 30
0.0
  0
VERTEX
  5
8FB
  8
COUCHE_1
 10
-8.47784676545332
 20
-5.278051888390636
 30
0.0
  0
VERTEX
  5
8FC
  8
COUCHE_1
 10
-8.678982382168803
 20
-5.190774129249453
 30
0.0
  0
VERTEX
  5
8FD
  8
COUCHE_1
 10
-8.88561395745722
 20
-5.111629217309924
 30
0.0
  0
VERTEX
  5
8FE
  8
COUCHE_1
 10
-9.097448389620373
 20
-5.040865475978153
 30
0.0
  0
VERTEX
  5
8FF
  8
COUCHE_1
 10
-9.31419257696033
 20
-4.978731228660251
 30
0.0
  0
VERTEX
  5
900
  8
COUCHE_1
 10
-9.535553417779287
 20
-4.925474798763494
 30
0.0
  0
VERTEX
  5
901
  8
COUCHE_1
 10
-9.761237810379047
 20
-4.88134450969399
 30
0.0
  0
VERTEX
  5
902
  8
COUCHE_1
 10
-9.990952653061807
 20
-4.846588684858139
 30
0.0
  0
VERTEX
  5
903
  8
COUCHE_1
 10
-10.2244048441295
 20
-4.821455647662633
 30
0.0
  0
VERTEX
  5
904
  8
COUCHE_1
 10
-10.46130128188445
 20
-4.806193721513871
 30
0.0
  0
VERTEX
  5
905
  8
COUCHE_1
 10
-10.70134886462834
 20
-4.801051229818548
 30
0.0
  0
VERTEX
  5
906
  8
COUCHE_1
 10
-10.94139644737224
 20
-4.806193721513871
 30
0.0
  0
VERTEX
  5
907
  8
COUCHE_1
 10
-11.17829288512719
 20
-4.821455647662633
 30
0.0
  0
VERTEX
  5
908
  8
COUCHE_1
 10
-11.41174507619488
 20
-4.846588684858139
 30
0.0
  0
VERTEX
  5
909
  8
COUCHE_1
 10
-11.64145991887764
 20
-4.88134450969399
 30
0.0
  0
VERTEX
  5
90A
  8
COUCHE_1
 10
-11.8671443114774
 20
-4.925474798763494
 30
0.0
  0
VERTEX
  5
90B
  8
COUCHE_1
 10
-12.08850515229636
 20
-4.978731228660251
 30
0.0
  0
VERTEX
  5
90C
  8
COUCHE_1
 10
-12.30524933963632
 20
-5.040865475978153
 30
0.0
  0
VERTEX
  5
90D
  8
COUCHE_1
 10
-12.51708377179947
 20
-5.111629217309923
 30
0.0
  0
VERTEX
  5
90E
  8
COUCHE_1
 10
-12.72371534708789
 20
-5.190774129249453
 30
0.0
  0
VERTEX
  5
90F
  8
COUCHE_1
 10
-12.92485096380337
 20
-5.278051888390636
 30
0.0
  0
VERTEX
  5
910
  8
COUCHE_1
 10
-13.12019752024799
 20
-5.373214171326341
 30
0.0
  0
VERTEX
  5
911
  8
COUCHE_1
 10
-13.30946191472419
 20
-5.476012654650462
 30
0.0
  0
VERTEX
  5
912
  8
COUCHE_1
 10
-13.49235104553366
 20
-5.58619901495645
 30
0.0
  0
VERTEX
  5
913
  8
COUCHE_1
 10
-13.66857181097846
 20
-5.703524928837761
 30
0.0
  0
VERTEX
  5
914
  8
COUCHE_1
 10
-13.83783110936066
 20
-5.827742072887848
 30
0.0
  0
VERTEX
  5
915
  8
COUCHE_1
 10
-13.99983583898231
 20
-5.95860212370031
 30
0.0
  0
VERTEX
  5
916
  8
COUCHE_1
 10
-14.15429289814548
 20
-6.095856757868602
 30
0.0
  0
VERTEX
  5
917
  8
COUCHE_1
 10
-14.30090918515213
 20
-6.239257651986324
 30
0.0
  0
VERTEX
  5
918
  8
COUCHE_1
 10
-14.43939159830429
 20
-6.388556482646639
 30
0.0
  0
VERTEX
  5
919
  8
COUCHE_1
 10
-14.56944703590405
 20
-6.543504926443582
 30
0.0
  0
VERTEX
  5
91A
  8
COUCHE_1
 10
-14.69078239625346
 20
-6.703854659970317
 30
0.0
  0
VERTEX
  5
91B
  8
COUCHE_1
 10
-14.8031045776546
 20
-6.869357359820298
 30
0.0
  0
VERTEX
  5
91C
  8
COUCHE_1
 10
-14.90612047840939
 20
-7.039764702587124
 30
0.0
  0
VERTEX
  5
91D
  8
COUCHE_1
 10
-14.99953699682004
 20
-7.214828364864395
 30
0.0
  0
VERTEX
  5
91E
  8
COUCHE_1
 10
-15.08306103118847
 20
-7.394300023245713
 30
0.0
  0
VERTEX
  5
91F
  8
COUCHE_1
 10
-15.15639947981663
 20
-7.577931354324236
 30
0.0
  0
VERTEX
  5
920
  8
COUCHE_1
 10
-15.21925924100671
 20
-7.76547403469386
 30
0.0
  0
VERTEX
  5
921
  8
COUCHE_1
 10
-15.27134721306078
 20
-7.956679740947598
 30
0.0
  0
VERTEX
  5
922
  8
COUCHE_1
 10
-15.31237029428063
 20
-8.151300149679342
 30
0.0
  0
VERTEX
  5
923
  8
COUCHE_1
 10
-15.34203538296847
 20
-8.349086937482548
 30
0.0
  0
VERTEX
  5
924
  8
COUCHE_1
 10
-15.36004937742649
 20
-8.549791780950668
 30
0.0
  0
SEQEND
  5
925
  8
COUCHE_1
  0
POLYLINE
  5
50
  8
COUCHE_1
 66
     1
 10
0.0
 20
0.0
 30
0.0
 70
     1
  0
VERTEX
  5
926
  8
COUCHE_1
 10
-17.71006484934859
 20
-15.58955228622602
 30
0.0
  0
VERTEX
  5
927
  8
COUCHE_1
 10
-18.00268177362815
 20
-15.69539084217598
 30
0.0
  0
VERTEX
  5
928
  8
COUCHE_1
 10
-18.29623653049924
 20
-15.78066000816967
 30
0.0
  0
VERTEX
  5
929
  8
COUCHE_1
 10
-18.58993727188428
 20
-15.84596287106885
 30
0.0
  0
VERTEX
  5
92A
  8
COUCHE_1
 10
-18.88299214970494
 20
-15.89190251773471
 30
0.0
  0
VERTEX
  5
92B
  8
COUCHE_1
 10
-19.17460931588364
 20
-15.9190820350296
 30
0.0
  0
VERTEX
  5
92C
  8
COUCHE_1
 10
-19.46399692234245
 20
-15.92810450981471
 30
0.0
  0
VERTEX
  5
92D
  8
COUCHE_1
 10
-19.75036312100351
 20
-15.91957302895208
 30
0.0
  0
VERTEX
  5
92E
  8
COUCHE_1
 10
-20.03291606378864
 20
-15.89409067930305
 30
0.0
  0
VERTEX
  5
92F
  8
COUCHE_1
 10
-20.31086390262012
 20
-15.85226054772938
 30
0.0
  0
VERTEX
  5
930
  8
COUCHE_1
 10
-20.58341478942015
 20
-15.79468572109285
 30
0.0
  0
VERTEX
  5
931
  8
COUCHE_1
 10
-20.84977687611075
 20
-15.72196928625478
 30
0.0
  0
VERTEX
  5
932
  8
COUCHE_1
 10
-21.10915831461399
 20
-15.63471433007723
 30
0.0
  0
VERTEX
  5
933
  8
COUCHE_1
 10
-21.36076725685189
 20
-15.53352393942167
 30
0.0
  0
VERTEX
  5
934
  8
COUCHE_1
 10
-21.60381185474678
 20
-15.41900120114988
 30
0.0
  0
VERTEX
  5
935
  8
COUCHE_1
 10
-21.83750026022057
 20
-15.29174920212346
 30
0.0
  0
VERTEX
  5
936
  8
COUCHE_1
 10
-22.06104062519568
 20
-15.15237102920404
 30
0.0
  0
VERTEX
  5
937
  8
COUCHE_1
 10
-22.27364110159365
 20
-15.00146976925325
 30
0.0
  0
VERTEX
  5
938
  8
COUCHE_1
 10
-22.47450984133717
 20
-14.83964850913284
 30
0.0
  0
VERTEX
  5
939
  8
COUCHE_1
 10
-22.6628549963479
 20
-14.66751033570459
 30
0.0
  0
VERTEX
  5
93A
  8
COUCHE_1
 10
-22.83788471854828
 20
-14.48565833582983
 30
0.0
  0
VERTEX
  5
93B
  8
COUCHE_1
 10
-22.99880715986021
 20
-14.29469559637061
 30
0.0
  0
VERTEX
  5
93C
  8
COUCHE_1
 10
-23.14483047220601
 20
-14.09522520418825
 30
0.0
  0
VERTEX
  5
93D
  8
COUCHE_1
 10
-23.27516280750746
 20
-13.88785024614454
 30
0.0
  0
VERTEX
  5
93E
  8
COUCHE_1
 10
-23.38901231768686
 20
-13.67317380910123
 30
0.0
  0
VERTEX
  5
93F
  8
COUCHE_1
 10
-23.48558715466627
 20
-13.45179897991994
 30
0.0
  0
VERTEX
  5
940
  8
COUCHE_1
 10
-23.56409547036772
 20
-13.2243288454623
 30
0.0
  0
VERTEX
  5
941
  8
COUCHE_1
 10
-23.62374541671353
 20
-12.99136649258992
 30
0.0
  0
VERTEX
  5
942
  8
COUCHE_1
 10
-23.6637451456256
 20
-12.75351500816458
 30
0.0
  0
VERTEX
  5
943
  8
COUCHE_1
 10
-23.68330280902626
 20
-12.51137747904789
 30
0.0
  0
VERTEX
  5
944
  8
COUCHE_1
 10
-23.68162655883713
 20
-12.26555699210177
 30
0.0
  0
VERTEX
  5
945
  8
COUCHE_1
 10
-23.65792454698081
 20
-12.01665663418739
 30
0.0
  0
VERTEX
  5
946
  8
COUCHE_1
 10
-23.61140492537932
 20
-11.76527949216682
 30
0.0
  0
VERTEX
  5
947
  8
COUCHE_1
 10
-23.71298592759995
 20
-11.92609958761429
 30
0.0
  0
VERTEX
  5
948
  8
COUCHE_1
 10
-23.82389950327675
 20
-12.08061769594071
 30
0.0
  0
VERTEX
  5
949
  8
COUCHE_1
 10
-23.94371690877929
 20
-12.22872530052579
 30
0.0
  0
VERTEX
  5
94A
  8
COUCHE_1
 10
-24.07200940047727
 20
-12.37031388474876
 30
0.0
  0
VERTEX
  5
94B
  8
COUCHE_1
 10
-24.20834823474025
 20
-12.50527493198888
 30
0.0
  0
VERTEX
  5
94C
  8
COUCHE_1
 10
-24.3523046679378
 20
-12.63349992562526
 30
0.0
  0
VERTEX
  5
94D
  8
COUCHE_1
 10
-24.50344995643959
 20
-12.75488034903728
 30
0.0
  0
VERTEX
  5
94E
  8
COUCHE_1
 10
-24.66135535661495
 20
-12.8693076856042
 30
0.0
  0
VERTEX
  5
94F
  8
COUCHE_1
 10
-24.99573151746564
 20
-13.07686903172018
 30
0.0
  0
VERTEX
  5
950
  8
COUCHE_1
 10
-25.35200320144623
 20
-13.2553158310072
 30
0.0
  0
VERTEX
  5
951
  8
COUCHE_1
 10
-25.72674045951389
 20
-13.40377995049968
 30
0.0
  0
VERTEX
  5
952
  8
COUCHE_1
 10
-26.11651334262538
 20
-13.52139325723179
 30
0.0
  0
VERTEX
  5
953
  8
COUCHE_1
 10
-26.5178919017372
 20
-13.60728761823797
 30
0.0
  0
VERTEX
  5
954
  8
COUCHE_1
 10
-26.92744618780613
 20
-13.66059490055221
 30
0.0
  0
VERTEX
  5
955
  8
COUCHE_1
 10
-27.34174625178919
 20
-13.6804469712091
 30
0.0
  0
VERTEX
  5
956
  8
COUCHE_1
 10
-27.75736214464289
 20
-13.66597569724293
 30
0.0
  0
VERTEX
  5
957
  8
COUCHE_1
 10
-28.17086391732399
 20
-13.61631294568785
 30
0.0
  0
VERTEX
  5
958
  8
COUCHE_1
 10
-28.57882162078926
 20
-13.53059058357815
 30
0.0
  0
VERTEX
  5
959
  8
COUCHE_1
 10
-28.77964958748993
 20
-13.47393575701365
 30
0.0
  0
VERTEX
  5
95A
  8
COUCHE_1
 10
-28.97780530599573
 20
-13.40794047794799
 30
0.0
  0
VERTEX
  5
95B
  8
COUCHE_1
 10
-29.17286003267581
 20
-13.332496229761
 30
0.0
  0
VERTEX
  5
95C
  8
COUCHE_1
 10
-29.36438502390003
 20
-13.2474944958315
 30
0.0
  0
VERTEX
  5
95D
  8
COUCHE_1
 10
-29.36195123069418
 20
-27.2934834877787
 30
0.0
  0
VERTEX
  5
95E
  8
COUCHE_1
 10
-14.15246763060929
 20
-27.29365531887107
 30
0.0
  0
VERTEX
  5
95F
  8
COUCHE_1
 10
-14.34596129906946
 20
-27.16606609450843
 30
0.0
  0
VERTEX
  5
960
  8
COUCHE_1
 10
-14.52756395140952
 20
-27.03040553352565
 30
0.0
  0
VERTEX
  5
961
  8
COUCHE_1
 10
-14.69724337150957
 20
-26.88719402172947
 30
0.0
  0
VERTEX
  5
962
  8
COUCHE_1
 10
-14.85496734325047
 20
-26.73695194492675
 30
0.0
  0
VERTEX
  5
963
  8
COUCHE_1
 10
-15.00070365051261
 20
-26.58019968892467
 30
0.0
  0
VERTEX
  5
964
  8
COUCHE_1
 10
-15.13442007717634
 20
-26.4174576395301
 30
0.0
  0
VERTEX
  5
965
  8
COUCHE_1
 10
-15.25608440712229
 20
-26.24924618255005
 30
0.0
  0
VERTEX
  5
966
  8
COUCHE_1
 10
-15.36566442423107
 20
-26.07608570379157
 30
0.0
  0
VERTEX
  5
967
  8
COUCHE_1
 10
-15.46312791238319
 20
-25.89849658906165
 30
0.0
  0
VERTEX
  5
968
  8
COUCHE_1
 10
-15.54844265545912
 20
-25.71699922416735
 30
0.0
  0
VERTEX
  5
969
  8
COUCHE_1
 10
-15.62157643733937
 20
-25.5321139949158
 30
0.0
  0
VERTEX
  5
96A
  8
COUCHE_1
 10
-15.6824970419047
 20
-25.34436128711345
 30
0.0
  0
VERTEX
  5
96B
  8
COUCHE_1
 10
-15.73117225303532
 20
-25.15426148656792
 30
0.0
  0
VERTEX
  5
96C
  8
COUCHE_1
 10
-15.76756985461174
 20
-24.96233497908578
 30
0.0
  0
VERTEX
  5
96D
  8
COUCHE_1
 10
-15.7916576305147
 20
-24.76910215047419
 30
0.0
  0
VERTEX
  5
96E
  8
COUCHE_1
 10
-15.80340336462457
 20
-24.57508338654019
 30
0.0
  0
VERTEX
  5
96F
  8
COUCHE_1
 10
-15.80277484082185
 20
-24.3807990730908
 30
0.0
  0
VERTEX
  5
970
  8
COUCHE_1
 10
-15.78973984298728
 20
-24.18676959593273
 30
0.0
  0
VERTEX
  5
971
  8
COUCHE_1
 10
-15.76426615500136
 20
-23.99351534087332
 30
0.0
  0
VERTEX
  5
972
  8
COUCHE_1
 10
-15.72632156074419
 20
-23.80155669371942
 30
0.0
  0
VERTEX
  5
973
  8
COUCHE_1
 10
-15.67587384409666
 20
-23.61141404027792
 30
0.0
  0
VERTEX
  5
974
  8
COUCHE_1
 10
-15.61289078893938
 20
-23.42360776635614
 30
0.0
  0
VERTEX
  5
975
  8
COUCHE_1
 10
-15.53734017915246
 20
-23.2386582577608
 30
0.0
  0
VERTEX
  5
976
  8
COUCHE_1
 10
-15.44918979861678
 20
-23.05708590029892
 30
0.0
  0
VERTEX
  5
977
  8
COUCHE_1
 10
-15.3484074312127
 20
-22.87941107977753
 30
0.0
  0
VERTEX
  5
978
  8
COUCHE_1
 10
-15.23496086082099
 20
-22.70615418200379
 30
0.0
  0
VERTEX
  5
979
  8
COUCHE_1
 10
-15.10881787132186
 20
-22.53783559278428
 30
0.0
  0
VERTEX
  5
97A
  8
COUCHE_1
 10
-14.96994624659595
 20
-22.37497569792648
 30
0.0
  0
VERTEX
  5
97B
  8
COUCHE_1
 10
-14.81831377052375
 20
-22.21809488323724
 30
0.0
  0
VERTEX
  5
97C
  8
COUCHE_1
 10
-14.65388822698574
 20
-22.06771353452331
 30
0.0
  0
VERTEX
  5
97D
  8
COUCHE_1
 10
-14.47663739986255
 20
-21.92435203759199
 30
0.0
  0
VERTEX
  5
97E
  8
COUCHE_1
 10
-14.28652907303468
 20
-21.78853077825002
 30
0.0
  0
VERTEX
  5
97F
  8
COUCHE_1
 10
-14.64865183254234
 20
-21.78698048612512
 30
0.0
  0
VERTEX
  5
980
  8
COUCHE_1
 10
-15.00072782343335
 20
-21.7632330547333
 30
0.0
  0
VERTEX
  5
981
  8
COUCHE_1
 10
-15.34211567568875
 20
-21.71826840583488
 30
0.0
  0
VERTEX
  5
982
  8
COUCHE_1
 10
-15.67217401928968
 20
-21.65306646119064
 30
0.0
  0
VERTEX
  5
983
  8
COUCHE_1
 10
-15.99026148421705
 20
-21.56860714256107
 30
0.0
  0
VERTEX
  5
984
  8
COUCHE_1
 10
-16.29573670045161
 20
-21.4658703717068
 30
0.0
  0
VERTEX
  5
985
  8
COUCHE_1
 10
-16.58795829797478
 20
-21.34583607038847
 30
0.0
  0
VERTEX
  5
986
  8
COUCHE_1
 10
-16.86628490676744
 20
-21.20948416036624
 30
0.0
  0
VERTEX
  5
987
  8
COUCHE_1
 10
-17.13007515681063
 20
-21.05779456340108
 30
0.0
  0
VERTEX
  5
988
  8
COUCHE_1
 10
-17.37868767808551
 20
-20.89174720125344
 30
0.0
  0
VERTEX
  5
989
  8
COUCHE_1
 10
-17.61148110057308
 20
-20.71232199568398
 30
0.0
  0
VERTEX
  5
98A
  8
COUCHE_1
 10
-17.82781405425412
 20
-20.52049886845315
 30
0.0
  0
VERTEX
  5
98B
  8
COUCHE_1
 10
-18.02704516911004
 20
-20.31725774132147
 30
0.0
  0
VERTEX
  5
98C
  8
COUCHE_1
 10
-18.2085330751216
 20
-20.10357853604954
 30
0.0
  0
VERTEX
  5
98D
  8
COUCHE_1
 10
-18.37163640226995
 20
-19.88044117439802
 30
0.0
  0
VERTEX
  5
98E
  8
COUCHE_1
 10
-18.51571378053626
 20
-19.64882557812753
 30
0.0
  0
VERTEX
  5
98F
  8
COUCHE_1
 10
-18.64012383990141
 20
-19.40971166899855
 30
0.0
  0
VERTEX
  5
990
  8
COUCHE_1
 10
-18.74422521034642
 20
-19.16407936877143
 30
0.0
  0
VERTEX
  5
991
  8
COUCHE_1
 10
-18.82737652185221
 20
-18.91290859920693
 30
0.0
  0
VERTEX
  5
992
  8
COUCHE_1
 10
-18.88893640440016
 20
-18.6571792820657
 30
0.0
  0
VERTEX
  5
993
  8
COUCHE_1
 10
-18.92826348797118
 20
-18.39787133910822
 30
0.0
  0
VERTEX
  5
994
  8
COUCHE_1
 10
-18.94471640254617
 20
-18.13596469209497
 30
0.0
  0
VERTEX
  5
995
  8
COUCHE_1
 10
-18.93765377810627
 20
-17.87243926278673
 30
0.0
  0
VERTEX
  5
996
  8
COUCHE_1
 10
-18.90643424463263
 20
-17.60827497294398
 30
0.0
  0
VERTEX
  5
997
  8
COUCHE_1
 10
-18.85041643210617
 20
-17.34445174432722
 30
0.0
  0
VERTEX
  5
998
  8
COUCHE_1
 10
-18.76895897050775
 20
-17.08194949869707
 30
0.0
  0
VERTEX
  5
999
  8
COUCHE_1
 10
-18.66142048981868
 20
-16.82174815781402
 30
0.0
  0
VERTEX
  5
99A
  8
COUCHE_1
 10
-18.52715962001997
 20
-16.5648276434387
 30
0.0
  0
VERTEX
  5
99B
  8
COUCHE_1
 10
-18.36553499109265
 20
-16.31216787733159
 30
0.0
  0
VERTEX
  5
99C
  8
COUCHE_1
 10
-18.17590523301748
 20
-16.06474878125348
 30
0.0
  0
VERTEX
  5
99D
  8
COUCHE_1
 10
-17.95762897577587
 20
-15.8235502769647
 30
0.0
  0
SEQEND
  5
99E
  8
COUCHE_1
  0
POLYLINE
  5
51
  8
COUCHE_1
 66
     1
 10
0.0
 20
0.0
 30
0.0
 70
     1
  0
VERTEX
  5
99F
  8
COUCHE_1
 10
-15.36611917595637
 20
8.755018904475714
 30
0.0
  0
VERTEX
  5
9A0
  8
COUCHE_1
 10
-15.36004937742649
 20
8.958393480202202
 30
0.0
  0
VERTEX
  5
9A1
  8
COUCHE_1
 10
-15.34203538296847
 20
9.159098323670175
 30
0.0
  0
VERTEX
  5
9A2
  8
COUCHE_1
 10
-15.31237029428063
 20
9.35688511147353
 30
0.0
  0
VERTEX
  5
9A3
  8
COUCHE_1
 10
-15.27134721306078
 20
9.551505520205273
 30
0.0
  0
VERTEX
  5
9A4
  8
COUCHE_1
 10
-15.21925924100671
 20
9.742711226459011
 30
0.0
  0
VERTEX
  5
9A5
  8
COUCHE_1
 10
-15.15639947981663
 20
9.930253906828634
 30
0.0
  0
VERTEX
  5
9A6
  8
COUCHE_1
 10
-15.08306103118847
 20
10.11388523790716
 30
0.0
  0
VERTEX
  5
9A7
  8
COUCHE_1
 10
-14.99953699682004
 20
10.29335689628818
 30
0.0
  0
VERTEX
  5
9A8
  8
COUCHE_1
 10
-14.90612047840939
 20
10.4684205585656
 30
0.0
  0
VERTEX
  5
9A9
  8
COUCHE_1
 10
-14.8031045776546
 20
10.63882790133257
 30
0.0
  0
VERTEX
  5
9AA
  8
COUCHE_1
 10
-14.69078239625346
 20
10.80433060118255
 30
0.0
  0
VERTEX
  5
9AB
  8
COUCHE_1
 10
-14.56944703590405
 20
10.96468033470929
 30
0.0
  0
VERTEX
  5
9AC
  8
COUCHE_1
 10
-14.43939159830429
 20
11.11962877850623
 30
0.0
  0
VERTEX
  5
9AD
  8
COUCHE_1
 10
-14.30090918515213
 20
11.26892760916655
 30
0.0
  0
VERTEX
  5
9AE
  8
COUCHE_1
 10
-14.15429289814548
 20
11.41232850328397
 30
0.0
  0
VERTEX
  5
9AF
  8
COUCHE_1
 10
-13.99983583898231
 20
11.54958313745227
 30
0.0
  0
VERTEX
  5
9B0
  8
COUCHE_1
 10
-13.83783110936066
 20
11.68044318826473
 30
0.0
  0
VERTEX
  5
9B1
  8
COUCHE_1
 10
-13.66857181097846
 20
11.80466033231482
 30
0.0
  0
VERTEX
  5
9B2
  8
COUCHE_1
 10
-13.49235104553366
 20
11.92198624619613
 30
0.0
  0
VERTEX
  5
9B3
  8
COUCHE_1
 10
-13.30946191472419
 20
12.03217260650212
 30
0.0
  0
VERTEX
  5
9B4
  8
COUCHE_1
 10
-13.12019752024799
 20
12.13497108982624
 30
0.0
  0
VERTEX
  5
9B5
  8
COUCHE_1
 10
-12.92485096380337
 20
12.23013337276194
 30
0.0
  0
VERTEX
  5
9B6
  8
COUCHE_1
 10
-12.72371534708789
 20
12.31741113190312
 30
0.0
  0
VERTEX
  5
9B7
  8
COUCHE_1
 10
-12.51708377179947
 20
12.39655604384266
 30
0.0
  0
VERTEX
  5
9B8
  8
COUCHE_1
 10
-12.30524933963632
 20
12.46731978517442
 30
0.0
  0
VERTEX
  5
9B9
  8
COUCHE_1
 10
-12.08850515229636
 20
12.52945403249233
 30
0.0
  0
VERTEX
  5
9BA
  8
COUCHE_1
 10
-11.8671443114774
 20
12.58271046238908
 30
0.0
  0
VERTEX
  5
9BB
  8
COUCHE_1
 10
-11.64145991887764
 20
12.62684075145859
 30
0.0
  0
VERTEX
  5
9BC
  8
COUCHE_1
 10
-11.41174507619488
 20
12.66159657629444
 30
0.0
  0
VERTEX
  5
9BD
  8
COUCHE_1
 10
-11.17829288512719
 20
12.68672961348994
 30
0.0
  0
VERTEX
  5
9BE
  8
COUCHE_1
 10
-10.94139644737224
 20
12.70199153963871
 30
0.0
  0
VERTEX
  5
9BF
  8
COUCHE_1
 10
-10.70134886462834
 20
12.70713403133403
 30
0.0
  0
VERTEX
  5
9C0
  8
COUCHE_1
 10
-10.46130128188445
 20
12.70199153963871
 30
0.0
  0
VERTEX
  5
9C1
  8
COUCHE_1
 10
-10.2244048441295
 20
12.68672961348994
 30
0.0
  0
VERTEX
  5
9C2
  8
COUCHE_1
 10
-9.990952653061807
 20
12.66159657629444
 30
0.0
  0
VERTEX
  5
9C3
  8
COUCHE_1
 10
-9.761237810379047
 20
12.62684075145859
 30
0.0
  0
VERTEX
  5
9C4
  8
COUCHE_1
 10
-9.535553417779287
 20
12.58271046238908
 30
0.0
  0
VERTEX
  5
9C5
  8
COUCHE_1
 10
-9.31419257696033
 20
12.52945403249233
 30
0.0
  0
VERTEX
  5
9C6
  8
COUCHE_1
 10
-9.097448389620373
 20
12.46731978517442
 30
0.0
  0
VERTEX
  5
9C7
  8
COUCHE_1
 10
-8.885613957457219
 20
12.39655604384266
 30
0.0
  0
VERTEX
  5
9C8
  8
COUCHE_1
 10
-8.678982382168803
 20
12.31741113190312
 30
0.0
  0
VERTEX
  5
9C9
  8
COUCHE_1
 10
-8.477846765453318
 20
12.23013337276194
 30
0.0
  0
VERTEX
  5
9CA
  8
COUCHE_1
 10
-8.2825002090087
 20
12.13497108982624
 30
0.0
  0
VERTEX
  5
9CB
  8
COUCHE_1
 10
-8.093235814532497
 20
12.03217260650212
 30
0.0
  0
VERTEX
  5
9CC
  8
COUCHE_1
 10
-7.910346683723026
 20
11.92198624619613
 30
0.0
  0
VERTEX
  5
9CD
  8
COUCHE_1
 10
-7.734125918278227
 20
11.80466033231482
 30
0.0
  0
VERTEX
  5
9CE
  8
COUCHE_1
 10
-7.564866619896034
 20
11.68044318826473
 30
0.0
  0
VERTEX
  5
9CF
  8
COUCHE_1
 10
-7.402861890274382
 20
11.54958313745227
 30
0.0
  0
VERTEX
  5
9D0
  8
COUCHE_1
 10
-7.248404831111204
 20
11.41232850328397
 30
0.0
  0
VERTEX
  5
9D1
  8
COUCHE_1
 10
-7.101788544104564
 20
11.26892760916655
 30
0.0
  0
VERTEX
  5
9D2
  8
COUCHE_1
 10
-6.963306130952271
 20
11.11962877850623
 30
0.0
  0
VERTEX
  5
9D3
  8
COUCHE_1
 10
-6.833250693352513
 20
10.96468033470929
 30
0.0
  0
VERTEX
  5
9D4
  8
COUCHE_1
 10
-6.711915333002968
 20
10.80433060118255
 30
0.0
  0
VERTEX
  5
9D5
  8
COUCHE_1
 10
-6.599593151601834
 20
10.63882790133257
 30
0.0
  0
VERTEX
  5
9D6
  8
COUCHE_1
 10
-6.496577250847039
 20
10.4684205585656
 30
0.0
  0
VERTEX
  5
9D7
  8
COUCHE_1
 10
-6.40316073243639
 20
10.29335689628818
 30
0.0
  0
VERTEX
  5
9D8
  8
COUCHE_1
 10
-6.319636698067956
 20
10.11388523790716
 30
0.0
  0
VERTEX
  5
9D9
  8
COUCHE_1
 10
-6.246298249439796
 20
9.930253906828632
 30
0.0
  0
VERTEX
  5
9DA
  8
COUCHE_1
 10
-6.183438488249718
 20
9.74271122645901
 30
0.0
  0
VERTEX
  5
9DB
  8
COUCHE_1
 10
-6.131350516195654
 20
9.551505520205271
 30
0.0
  0
VERTEX
  5
9DC
  8
COUCHE_1
 10
-6.0903274349758
 20
9.356885111473527
 30
0.0
  0
VERTEX
  5
9DD
  8
COUCHE_1
 10
-6.060662346287963
 20
9.159098323670175
 30
0.0
  0
VERTEX
  5
9DE
  8
COUCHE_1
 10
-6.042648351829943
 20
8.9583934802022
 30
0.0
  0
VERTEX
  5
9DF
  8
COUCHE_1
 10
-6.036578553300064
 20
8.755018904475712
 30
0.0
  0
VERTEX
  5
9E0
  8
COUCHE_1
 10
-6.042648351829943
 20
8.551644328749223
 30
0.0
  0
VERTEX
  5
9E1
  8
COUCHE_1
 10
-6.060662346287963
 20
8.350939485280955
 30
0.0
  0
VERTEX
  5
9E2
  8
COUCHE_1
 10
-6.090327434975801
 20
8.153152697477895
 30
0.0
  0
VERTEX
  5
9E3
  8
COUCHE_1
 10
-6.131350516195655
 20
7.958532288746002
 30
0.0
  0
VERTEX
  5
9E4
  8
COUCHE_1
 10
-6.183438488249719
 20
7.767326582492118
 30
0.0
  0
VERTEX
  5
9E5
  8
COUCHE_1
 10
-6.246298249439798
 20
7.579783902122496
 30
0.0
  0
VERTEX
  5
9E6
  8
COUCHE_1
 10
-6.319636698067957
 20
7.396152571043971
 30
0.0
  0
VERTEX
  5
9E7
  8
COUCHE_1
 10
-6.403160732436392
 20
7.216680912662801
 30
0.0
  0
VERTEX
  5
9E8
  8
COUCHE_1
 10
-6.496577250847039
 20
7.041617250385529
 30
0.0
  0
VERTEX
  5
9E9
  8
COUCHE_1
 10
-6.599593151601835
 20
6.871209907618558
 30
0.0
  0
VERTEX
  5
9EA
  8
COUCHE_1
 10
-6.711915333002969
 20
6.705707207768577
 30
0.0
  0
VERTEX
  5
9EB
  8
COUCHE_1
 10
-6.833250693352515
 20
6.545357474241841
 30
0.0
  0
VERTEX
  5
9EC
  8
COUCHE_1
 10
-6.963306130952271
 20
6.390409030444896
 30
0.0
  0
VERTEX
  5
9ED
  8
COUCHE_1
 10
-7.101788544104565
 20
6.241110199784583
 30
0.0
  0
VERTEX
  5
9EE
  8
COUCHE_1
 10
-7.248404831111205
 20
6.097709305666862
 30
0.0
  0
VERTEX
  5
9EF
  8
COUCHE_1
 10
-7.402861890274384
 20
5.960454671498569
 30
0.0
  0
VERTEX
  5
9F0
  8
COUCHE_1
 10
-7.564866619896036
 20
5.829594620686252
 30
0.0
  0
VERTEX
  5
9F1
  8
COUCHE_1
 10
-7.734125918278228
 20
5.705377476636312
 30
0.0
  0
VERTEX
  5
9F2
  8
COUCHE_1
 10
-7.910346683723027
 20
5.588051562755002
 30
0.0
  0
VERTEX
  5
9F3
  8
COUCHE_1
 10
-8.093235814532497
 20
5.477865202449014
 30
0.0
  0
VERTEX
  5
9F4
  8
COUCHE_1
 10
-8.2825002090087
 20
5.375066719124748
 30
0.0
  0
VERTEX
  5
9F5
  8
COUCHE_1
 10
-8.47784676545332
 20
5.279904436189043
 30
0.0
  0
VERTEX
  5
9F6
  8
COUCHE_1
 10
-8.678982382168803
 20
5.192626677048006
 30
0.0
  0
VERTEX
  5
9F7
  8
COUCHE_1
 10
-8.88561395745722
 20
5.113481765108329
 30
0.0
  0
VERTEX
  5
9F8
  8
COUCHE_1
 10
-9.097448389620373
 20
5.042718023776412
 30
0.0
  0
VERTEX
  5
9F9
  8
COUCHE_1
 10
-9.31419257696033
 20
4.980583776458802
 30
0.0
  0
VERTEX
  5
9FA
  8
COUCHE_1
 10
-9.535553417779287
 20
4.927327346562046
 30
0.0
  0
VERTEX
  5
9FB
  8
COUCHE_1
 10
-9.761237810379047
 20
4.883197057492542
 30
0.0
  0
VERTEX
  5
9FC
  8
COUCHE_1
 10
-9.990952653061807
 20
4.848441232656691
 30
0.0
  0
VERTEX
  5
9FD
  8
COUCHE_1
 10
-10.2244048441295
 20
4.823308195461184
 30
0.0
  0
VERTEX
  5
9FE
  8
COUCHE_1
 10
-10.46130128188445
 20
4.808046269312424
 30
0.0
  0
VERTEX
  5
9FF
  8
COUCHE_1
 10
-10.70134886462834
 20
4.802903777617099
 30
0.0
  0
VERTEX
  5
A00
  8
COUCHE_1
 10
-10.94139644737224
 20
4.808046269312424
 30
0.0
  0
VERTEX
  5
A01
  8
COUCHE_1
 10
-11.17829288512719
 20
4.823308195461184
 30
0.0
  0
VERTEX
  5
A02
  8
COUCHE_1
 10
-11.41174507619488
 20
4.848441232656691
 30
0.0
  0
VERTEX
  5
A03
  8
COUCHE_1
 10
-11.64145991887764
 20
4.883197057492542
 30
0.0
  0
VERTEX
  5
A04
  8
COUCHE_1
 10
-11.8671443114774
 20
4.927327346562046
 30
0.0
  0
VERTEX
  5
A05
  8
COUCHE_1
 10
-12.08850515229636
 20
4.980583776458802
 30
0.0
  0
VERTEX
  5
A06
  8
COUCHE_1
 10
-12.30524933963632
 20
5.042718023776412
 30
0.0
  0
VERTEX
  5
A07
  8
COUCHE_1
 10
-12.51708377179947
 20
5.113481765108329
 30
0.0
  0
VERTEX
  5
A08
  8
COUCHE_1
 10
-12.72371534708789
 20
5.192626677048006
 30
0.0
  0
VERTEX
  5
A09
  8
COUCHE_1
 10
-12.92485096380337
 20
5.279904436189043
 30
0.0
  0
VERTEX
  5
A0A
  8
COUCHE_1
 10
-13.12019752024799
 20
5.375066719124749
 30
0.0
  0
VERTEX
  5
A0B
  8
COUCHE_1
 10
-13.30946191472419
 20
5.477865202449015
 30
0.0
  0
VERTEX
  5
A0C
  8
COUCHE_1
 10
-13.49235104553366
 20
5.588051562755003
 30
0.0
  0
VERTEX
  5
A0D
  8
COUCHE_1
 10
-13.66857181097846
 20
5.705377476636314
 30
0.0
  0
VERTEX
  5
A0E
  8
COUCHE_1
 10
-13.83783110936066
 20
5.829594620686254
 30
0.0
  0
VERTEX
  5
A0F
  8
COUCHE_1
 10
-13.99983583898231
 20
5.96045467149857
 30
0.0
  0
VERTEX
  5
A10
  8
COUCHE_1
 10
-14.15429289814548
 20
6.097709305666863
 30
0.0
  0
VERTEX
  5
A11
  8
COUCHE_1
 10
-14.30090918515213
 20
6.241110199784584
 30
0.0
  0
VERTEX
  5
A12
  8
COUCHE_1
 10
-14.43939159830429
 20
6.390409030444898
 30
0.0
  0
VERTEX
  5
A13
  8
COUCHE_1
 10
-14.56944703590405
 20
6.545357474241843
 30
0.0
  0
VERTEX
  5
A14
  8
COUCHE_1
 10
-14.69078239625346
 20
6.705707207768577
 30
0.0
  0
VERTEX
  5
A15
  8
COUCHE_1
 10
-14.8031045776546
 20
6.871209907618558
 30
0.0
  0
VERTEX
  5
A16
  8
COUCHE_1
 10
-14.90612047840939
 20
7.041617250385531
 30
0.0
  0
VERTEX
  5
A17
  8
COUCHE_1
 10
-14.99953699682004
 20
7.216680912662802
 30
0.0
  0
VERTEX
  5
A18
  8
COUCHE_1
 10
-15.08306103118847
 20
7.396152571043973
 30
0.0
  0
VERTEX
  5
A19
  8
COUCHE_1
 10
-15.15639947981663
 20
7.579783902122497
 30
0.0
  0
VERTEX
  5
A1A
  8
COUCHE_1
 10
-15.21925924100671
 20
7.76732658249212
 30
0.0
  0
VERTEX
  5
A1B
  8
COUCHE_1
 10
-15.27134721306078
 20
7.958532288746004
 30
0.0
  0
VERTEX
  5
A1C
  8
COUCHE_1
 10
-15.31237029428063
 20
8.153152697477896
 30
0.0
  0
VERTEX
  5
A1D
  8
COUCHE_1
 10
-15.34203538296847
 20
8.350939485280957
 30
0.0
  0
VERTEX
  5
A1E
  8
COUCHE_1
 10
-15.36004937742649
 20
8.551644328749223
 30
0.0
  0
SEQEND
  5
A1F
  8
COUCHE_1
  0
POLYLINE
  5
52
  8
COUCHE_1
 66
     1
 10
0.0
 20
0.0
 30
0.0
 70
     1
  0
VERTEX
  5
A20
  8
COUCHE_1
 10
-17.71006484934859
 20
15.59140483402458
 30
0.0
  0
VERTEX
  5
A21
  8
COUCHE_1
 10
-18.00268177362815
 20
15.69724338997454
 30
0.0
  0
VERTEX
  5
A22
  8
COUCHE_1
 10
-18.29623653049924
 20
15.78251255596822
 30
0.0
  0
VERTEX
  5
A23
  8
COUCHE_1
 10
-18.58993727188428
 20
15.84781541886741
 30
0.0
  0
VERTEX
  5
A24
  8
COUCHE_1
 10
-18.88299214970494
 20
15.89375506553327
 30
0.0
  0
VERTEX
  5
A25
  8
COUCHE_1
 10
-19.17460931588364
 20
15.92093458282816
 30
0.0
  0
VERTEX
  5
A26
  8
COUCHE_1
 10
-19.46399692234245
 20
15.92995705761326
 30
0.0
  0
VERTEX
  5
A27
  8
COUCHE_1
 10
-19.75036312100351
 20
15.92142557675063
 30
0.0
  0
VERTEX
  5
A28
  8
COUCHE_1
 10
-20.03291606378864
 20
15.8959432271016
 30
0.0
  0
VERTEX
  5
A29
  8
COUCHE_1
 10
-20.31086390262012
 20
15.85411309552794
 30
0.0
  0
VERTEX
  5
A2A
  8
COUCHE_1
 10
-20.58341478942015
 20
15.79653826889141
 30
0.0
  0
VERTEX
  5
A2B
  8
COUCHE_1
 10
-20.84977687611075
 20
15.72382183405334
 30
0.0
  0
VERTEX
  5
A2C
  8
COUCHE_1
 10
-21.10915831461399
 20
15.63656687787579
 30
0.0
  0
VERTEX
  5
A2D
  8
COUCHE_1
 10
-21.36076725685189
 20
15.53537648722023
 30
0.0
  0
VERTEX
  5
A2E
  8
COUCHE_1
 10
-21.60381185474678
 20
15.42085374894843
 30
0.0
  0
VERTEX
  5
A2F
  8
COUCHE_1
 10
-21.83750026022057
 20
15.29360174992187
 30
0.0
  0
VERTEX
  5
A30
  8
COUCHE_1
 10
-22.06104062519568
 20
15.15422357700245
 30
0.0
  0
VERTEX
  5
A31
  8
COUCHE_1
 10
-22.27364110159365
 20
15.00332231705181
 30
0.0
  0
VERTEX
  5
A32
  8
COUCHE_1
 10
-22.47450984133717
 20
14.84150105693126
 30
0.0
  0
VERTEX
  5
A33
  8
COUCHE_1
 10
-22.6628549963479
 20
14.66936288350286
 30
0.0
  0
VERTEX
  5
A34
  8
COUCHE_1
 10
-22.83788471854828
 20
14.48751088362824
 30
0.0
  0
VERTEX
  5
A35
  8
COUCHE_1
 10
-22.99880715986021
 20
14.29654814416887
 30
0.0
  0
VERTEX
  5
A36
  8
COUCHE_1
 10
-23.14483047220601
 20
14.09707775198652
 30
0.0
  0
VERTEX
  5
A37
  8
COUCHE_1
 10
-23.27516280750746
 20
13.8897027939428
 30
0.0
  0
VERTEX
  5
A38
  8
COUCHE_1
 10
-23.38901231768686
 20
13.67502635689949
 30
0.0
  0
VERTEX
  5
A39
  8
COUCHE_1
 10
-23.48558715466627
 20
13.45365152771821
 30
0.0
  0
VERTEX
  5
A3A
  8
COUCHE_1
 10
-23.56409547036772
 20
13.22618139326056
 30
0.0
  0
VERTEX
  5
A3B
  8
COUCHE_1
 10
-23.62374541671353
 20
12.99321904038833
 30
0.0
  0
VERTEX
  5
A3C
  8
COUCHE_1
 10
-23.6637451456256
 20
12.75536755596314
 30
0.0
  0
VERTEX
  5
A3D
  8
COUCHE_1
 10
-23.68330280902626
 20
12.51323002684645
 30
0.0
  0
VERTEX
  5
A3E
  8
COUCHE_1
 10
-23.68162655883713
 20
12.26740953990018
 30
0.0
  0
VERTEX
  5
A3F
  8
COUCHE_1
 10
-23.65792454698081
 20
12.01850918198595
 30
0.0
  0
VERTEX
  5
A40
  8
COUCHE_1
 10
-23.61140492537932
 20
11.76713203996538
 30
0.0
  0
VERTEX
  5
A41
  8
COUCHE_1
 10
-23.71298592759995
 20
11.92795213541285
 30
0.0
  0
VERTEX
  5
A42
  8
COUCHE_1
 10
-23.82389950327675
 20
12.08247024373927
 30
0.0
  0
VERTEX
  5
A43
  8
COUCHE_1
 10
-23.94371690877929
 20
12.23057784832435
 30
0.0
  0
VERTEX
  5
A44
  8
COUCHE_1
 10
-24.07200940047727
 20
12.37216643254732
 30
0.0
  0
VERTEX
  5
A45
  8
COUCHE_1
 10
-24.20834823474025
 20
12.50712747978744
 30
0.0
  0
VERTEX
  5
A46
  8
COUCHE_1
 10
-24.3523046679378
 20
12.63535247342381
 30
0.0
  0
VERTEX
  5
A47
  8
COUCHE_1
 10
-24.50344995643959
 20
12.75673289683584
 30
0.0
  0
VERTEX
  5
A48
  8
COUCHE_1
 10
-24.66135535661495
 20
12.87116023340276
 30
0.0
  0
VERTEX
  5
A49
  8
COUCHE_1
 10
-24.99573151746564
 20
13.07872157951874
 30
0.0
  0
VERTEX
  5
A4A
  8
COUCHE_1
 10
-25.35200320144623
 20
13.25716837880575
 30
0.0
  0
VERTEX
  5
A4B
  8
COUCHE_1
 10
-25.72674045951389
 20
13.40563249829824
 30
0.0
  0
VERTEX
  5
A4C
  8
COUCHE_1
 10
-26.11651334262538
 20
13.52324580503035
 30
0.0
  0
VERTEX
  5
A4D
  8
COUCHE_1
 10
-26.5178919017372
 20
13.60914016603653
 30
0.0
  0
VERTEX
  5
A4E
  8
COUCHE_1
 10
-26.92744618780613
 20
13.66244744835077
 30
0.0
  0
VERTEX
  5
A4F
  8
COUCHE_1
 10
-27.34174625178919
 20
13.68229951900765
 30
0.0
  0
VERTEX
  5
A50
  8
COUCHE_1
 10
-27.75736214464289
 20
13.66782824504148
 30
0.0
  0
VERTEX
  5
A51
  8
COUCHE_1
 10
-28.17086391732399
 20
13.61816549348626
 30
0.0
  0
VERTEX
  5
A52
  8
COUCHE_1
 10
-28.57882162078926
 20
13.53244313137641
 30
0.0
  0
VERTEX
  5
A53
  8
COUCHE_1
 10
-28.77964958748993
 20
13.47578830481191
 30
0.0
  0
VERTEX
  5
A54
  8
COUCHE_1
 10
-28.97780530599573
 20
13.40979302574625
 30
0.0
  0
VERTEX
  5
A55
  8
COUCHE_1
 10
-29.17286003267581
 20
13.33434877755926
 30
0.0
  0
VERTEX
  5
A56
  8
COUCHE_1
 10
-29.36438502390003
 20
13.24934704362976
 30
0.0
  0
VERTEX
  5
A57
  8
COUCHE_1
 10
-29.36195123069418
 20
27.29533603557725
 30
0.0
  0
VERTEX
  5
A58
  8
COUCHE_1
 10
-14.15246763060928
 20
27.29550786666962
 30
0.0
  0
VERTEX
  5
A59
  8
COUCHE_1
 10
-14.34596129906946
 20
27.16791864230698
 30
0.0
  0
VERTEX
  5
A5A
  8
COUCHE_1
 10
-14.52756395140952
 20
27.0322580813242
 30
0.0
  0
VERTEX
  5
A5B
  8
COUCHE_1
 10
-14.69724337150956
 20
26.88904656952802
 30
0.0
  0
VERTEX
  5
A5C
  8
COUCHE_1
 10
-14.85496734325047
 20
26.73880449272515
 30
0.0
  0
VERTEX
  5
A5D
  8
COUCHE_1
 10
-15.00070365051261
 20
26.58205223672292
 30
0.0
  0
VERTEX
  5
A5E
  8
COUCHE_1
 10
-15.13442007717634
 20
26.41931018732835
 30
0.0
  0
VERTEX
  5
A5F
  8
COUCHE_1
 10
-15.25608440712229
 20
26.25109873034846
 30
0.0
  0
VERTEX
  5
A60
  8
COUCHE_1
 10
-15.36566442423107
 20
26.07793825158997
 30
0.0
  0
VERTEX
  5
A61
  8
COUCHE_1
 10
-15.46312791238318
 20
25.90034913686006
 30
0.0
  0
VERTEX
  5
A62
  8
COUCHE_1
 10
-15.54844265545912
 20
25.71885177196589
 30
0.0
  0
VERTEX
  5
A63
  8
COUCHE_1
 10
-15.62157643733937
 20
25.53396654271405
 30
0.0
  0
VERTEX
  5
A64
  8
COUCHE_1
 10
-15.68249704190469
 20
25.34621383491186
 30
0.0
  0
VERTEX
  5
A65
  8
COUCHE_1
 10
-15.73117225303531
 20
25.15611403436618
 30
0.0
  0
VERTEX
  5
A66
  8
COUCHE_1
 10
-15.76756985461173
 20
24.96418752688418
 30
0.0
  0
VERTEX
  5
A67
  8
COUCHE_1
 10
-15.7916576305147
 20
24.7709546982726
 30
0.0
  0
VERTEX
  5
A68
  8
COUCHE_1
 10
-15.80340336462457
 20
24.57693593433859
 30
0.0
  0
VERTEX
  5
A69
  8
COUCHE_1
 10
-15.80277484082185
 20
24.38265162088905
 30
0.0
  0
VERTEX
  5
A6A
  8
COUCHE_1
 10
-15.78973984298728
 20
24.18862214373113
 30
0.0
  0
VERTEX
  5
A6B
  8
COUCHE_1
 10
-15.76426615500136
 20
23.99536788867186
 30
0.0
  0
VERTEX
  5
A6C
  8
COUCHE_1
 10
-15.72632156074419
 20
23.80340924151797
 30
0.0
  0
VERTEX
  5
A6D
  8
COUCHE_1
 10
-15.67587384409665
 20
23.61326658807647
 30
0.0
  0
VERTEX
  5
A6E
  8
COUCHE_1
 10
-15.61289078893937
 20
23.42546031415469
 30
0.0
  0
VERTEX
  5
A6F
  8
COUCHE_1
 10
-15.53734017915245
 20
23.24051080555935
 30
0.0
  0
VERTEX
  5
A70
  8
COUCHE_1
 10
-15.44918979861677
 20
23.05893844809732
 30
0.0
  0
VERTEX
  5
A71
  8
COUCHE_1
 10
-15.3484074312127
 20
22.88126362757578
 30
0.0
  0
VERTEX
  5
A72
  8
COUCHE_1
 10
-15.23496086082099
 20
22.70800672980204
 30
0.0
  0
VERTEX
  5
A73
  8
COUCHE_1
 10
-15.10881787132186
 20
22.53968814058254
 30
0.0
  0
VERTEX
  5
A74
  8
COUCHE_1
 10
-14.96994624659595
 20
22.37682824572473
 30
0.0
  0
VERTEX
  5
A75
  8
COUCHE_1
 10
-14.81831377052374
 20
22.2199474310355
 30
0.0
  0
VERTEX
  5
A76
  8
COUCHE_1
 10
-14.65388822698574
 20
22.06956608232156
 30
0.0
  0
VERTEX
  5
A77
  8
COUCHE_1
 10
-14.47663739986255
 20
21.92620458539024
 30
0.0
  0
VERTEX
  5
A78
  8
COUCHE_1
 10
-14.28652907303468
 20
21.79038332604827
 30
0.0
  0
VERTEX
  5
A79
  8
COUCHE_1
 10
-14.64865183254233
 20
21.78883303392338
 30
0.0
  0
VERTEX
  5
A7A
  8
COUCHE_1
 10
-15.00072782343335
 20
21.76508560253156
 30
0.0
  0
VERTEX
  5
A7B
  8
COUCHE_1
 10
-15.34211567568875
 20
21.72012095363328
 30
0.0
  0
VERTEX
  5
A7C
  8
COUCHE_1
 10
-15.67217401928968
 20
21.65491900898904
 30
0.0
  0
VERTEX
  5
A7D
  8
COUCHE_1
 10
-15.99026148421705
 20
21.57045969035947
 30
0.0
  0
VERTEX
  5
A7E
  8
COUCHE_1
 10
-16.29573670045161
 20
21.4677229195052
 30
0.0
  0
VERTEX
  5
A7F
  8
COUCHE_1
 10
-16.58795829797477
 20
21.34768861818672
 30
0.0
  0
VERTEX
  5
A80
  8
COUCHE_1
 10
-16.86628490676744
 20
21.2113367081648
 30
0.0
  0
VERTEX
  5
A81
  8
COUCHE_1
 10
-17.13007515681063
 20
21.05964711119963
 30
0.0
  0
VERTEX
  5
A82
  8
COUCHE_1
 10
-17.3786876780855
 20
20.89359974905199
 30
0.0
  0
VERTEX
  5
A83
  8
COUCHE_1
 10
-17.61148110057308
 20
20.71417454348252
 30
0.0
  0
VERTEX
  5
A84
  8
COUCHE_1
 10
-17.82781405425411
 20
20.52235141625171
 30
0.0
  0
VERTEX
  5
A85
  8
COUCHE_1
 10
-18.02704516911003
 20
20.31911028912002
 30
0.0
  0
VERTEX
  5
A86
  8
COUCHE_1
 10
-18.20853307512159
 20
20.1054310838481
 30
0.0
  0
VERTEX
  5
A87
  8
COUCHE_1
 10
-18.37163640226995
 20
19.88229372219658
 30
0.0
  0
VERTEX
  5
A88
  8
COUCHE_1
 10
-18.51571378053626
 20
19.65067812592608
 30
0.0
  0
VERTEX
  5
A89
  8
COUCHE_1
 10
-18.64012383990141
 20
19.41156421679711
 30
0.0
  0
VERTEX
  5
A8A
  8
COUCHE_1
 10
-18.74422521034642
 20
19.16593191656998
 30
0.0
  0
VERTEX
  5
A8B
  8
COUCHE_1
 10
-18.82737652185221
 20
18.91476114700549
 30
0.0
  0
VERTEX
  5
A8C
  8
COUCHE_1
 10
-18.88893640440016
 20
18.65903182986425
 30
0.0
  0
VERTEX
  5
A8D
  8
COUCHE_1
 10
-18.92826348797118
 20
18.39972388690677
 30
0.0
  0
VERTEX
  5
A8E
  8
COUCHE_1
 10
-18.94471640254617
 20
18.13781723989352
 30
0.0
  0
VERTEX
  5
A8F
  8
COUCHE_1
 10
-18.93765377810627
 20
17.87429181058528
 30
0.0
  0
VERTEX
  5
A90
  8
COUCHE_1
 10
-18.90643424463263
 20
17.61012752074254
 30
0.0
  0
VERTEX
  5
A91
  8
COUCHE_1
 10
-18.85041643210617
 20
17.34630429212578
 30
0.0
  0
VERTEX
  5
A92
  8
COUCHE_1
 10
-18.76895897050775
 20
17.08380204649563
 30
0.0
  0
VERTEX
  5
A93
  8
COUCHE_1
 10
-18.66142048981868
 20
16.82360070561258
 30
0.0
  0
VERTEX
  5
A94
  8
COUCHE_1
 10
-18.52715962001997
 20
16.56668019123726
 30
0.0
  0
VERTEX
  5
A95
  8
COUCHE_1
 10
-18.36553499109265
 20
16.31402042513015
 30
0.0
  0
VERTEX
  5
A96
  8
COUCHE_1
 10
-18.17590523301748
 20
16.06660132905203
 30
0.0
  0
VERTEX
  5
A97
  8
COUCHE_1
 10
-17.95762897577587
 20
15.82540282476325
 30
0.0
  0
SEQEND
  5
A98
  8
COUCHE_1
  0
POLYLINE
  5
53
  8
COUCHE_1
 66
     1
 10
0.0
 20
0.0
 30
0.0
 70
     1
  0
VERTEX
  5
A99
  8
COUCHE_1
 10
-14.57969974629649
 20
0.0009262738991304
 30
0.0
  0
VERTEX
  5
A9A
  8
COUCHE_1
 10
-14.73479729348109
 20
-0.0824269036675338
 30
0.0
  0
VERTEX
  5
A9B
  8
COUCHE_1
 10
-15.11981387660289
 20
-0.2869946857937202
 30
0.0
  0
VERTEX
  5
A9C
  8
COUCHE_1
 10
-15.71182023431649
 20
-0.5845466211181838
 30
0.0
  0
VERTEX
  5
A9D
  8
COUCHE_1
 10
-16.48788710527639
 20
-0.9468522582795332
 30
0.0
  0
VERTEX
  5
A9E
  8
COUCHE_1
 10
-16.93777783905334
 20
-1.143465698998405
 30
0.0
  0
VERTEX
  5
A9F
  8
COUCHE_1
 10
-17.42508522813719
 20
-1.345681145916378
 30
0.0
  0
VERTEX
  5
AA0
  8
COUCHE_1
 10
-17.94694311485982
 20
-1.549969792612768
 30
0.0
  0
VERTEX
  5
AA1
  8
COUCHE_1
 10
-18.5004853415531
 20
-1.752802832667619
 30
0.0
  0
VERTEX
  5
AA2
  8
COUCHE_1
 10
-19.08284575054879
 20
-1.950651459660539
 30
0.0
  0
VERTEX
  5
AA3
  8
COUCHE_1
 10
-19.69115818417875
 20
-2.139986867171573
 30
0.0
  0
VERTEX
  5
AA4
  8
COUCHE_1
 10
-20.32255648477473
 20
-2.317280248780473
 30
0.0
  0
VERTEX
  5
AA5
  8
COUCHE_1
 10
-20.97417449466873
 20
-2.479002798066995
 30
0.0
  0
VERTEX
  5
AA6
  8
COUCHE_1
 10
-21.64314605619225
 20
-2.621625708611181
 30
0.0
  0
VERTEX
  5
AA7
  8
COUCHE_1
 10
-22.32660501167753
 20
-2.74162017399264
 30
0.0
  0
VERTEX
  5
AA8
  8
COUCHE_1
 10
-23.02168520345596
 20
-2.835457387791416
 30
0.0
  0
VERTEX
  5
AA9
  8
COUCHE_1
 10
-23.72552047385951
 20
-2.899608543586971
 30
0.0
  0
VERTEX
  5
AAA
  8
COUCHE_1
 10
-24.43524466521994
 20
-2.930544834959496
 30
0.0
  0
VERTEX
  5
AAB
  8
COUCHE_1
 10
-24.79141943198784
 20
-2.932454654480749
 30
0.0
  0
VERTEX
  5
AAC
  8
COUCHE_1
 10
-25.14799161986926
 20
-2.924737455488743
 30
0.0
  0
VERTEX
  5
AAD
  8
COUCHE_1
 10
-25.5046029591559
 20
-2.906952137180892
 30
0.0
  0
VERTEX
  5
AAE
  8
COUCHE_1
 10
-25.86089518013907
 20
-2.878657598754466
 30
0.0
  0
VERTEX
  5
AAF
  8
COUCHE_1
 10
-26.21651001311038
 20
-2.83941273940717
 30
0.0
  0
VERTEX
  5
AB0
  8
COUCHE_1
 10
-26.57108918836126
 20
-2.788776458336419
 30
0.0
  0
VERTEX
  5
AB1
  8
COUCHE_1
 10
-26.92427443618331
 20
-2.726307654739772
 30
0.0
  0
VERTEX
  5
AB2
  8
COUCHE_1
 10
-27.2757074868677
 20
-2.651565227814646
 30
0.0
  0
VERTEX
  5
AB3
  8
COUCHE_1
 10
-27.62503007070616
 20
-2.564108076758452
 30
0.0
  0
VERTEX
  5
AB4
  8
COUCHE_1
 10
-27.97188391799001
 20
-2.463495100768753
 30
0.0
  0
VERTEX
  5
AB5
  8
COUCHE_1
 10
-28.31591075901082
 20
-2.349285199042963
 30
0.0
  0
VERTEX
  5
AB6
  8
COUCHE_1
 10
-28.65675232406018
 20
-2.221037270778788
 30
0.0
  0
VERTEX
  5
AB7
  8
COUCHE_1
 10
-28.99405034342955
 20
-2.078310215173496
 30
0.0
  0
VERTEX
  5
AB8
  8
COUCHE_1
 10
-29.3274465474101
 20
-1.920662931424502
 30
0.0
  0
VERTEX
  5
AB9
  8
COUCHE_1
 10
-29.65658266629356
 20
-1.747654318729366
 30
0.0
  0
VERTEX
  5
ABA
  8
COUCHE_1
 10
-29.98110043037138
 20
-1.558843276285649
 30
0.0
  0
VERTEX
  5
ABB
  8
COUCHE_1
 10
-30.30064156993501
 20
-1.353788703290618
 30
0.0
  0
VERTEX
  5
ABC
  8
COUCHE_1
 10
-30.61484781527589
 20
-1.132049498942127
 30
0.0
  0
VERTEX
  5
ABD
  8
COUCHE_1
 10
-30.92336089668562
 20
-0.8931845624374443
 30
0.0
  0
VERTEX
  5
ABE
  8
COUCHE_1
 10
-31.22582254445551
 20
-0.6367527929738372
 30
0.0
  0
VERTEX
  5
ABF
  8
COUCHE_1
 10
-31.52187448887715
 20
-0.3623130897490125
 30
0.0
  0
VERTEX
  5
AC0
  8
COUCHE_1
 10
-31.81115846024199
 20
-0.0694243519603847
 30
0.0
  0
VERTEX
  5
AC1
  8
COUCHE_1
 10
-32.03830307321506
 20
-0.2252582895337349
 30
0.0
  0
VERTEX
  5
AC2
  8
COUCHE_1
 10
-32.25406060166456
 20
-0.3865192596444422
 30
0.0
  0
VERTEX
  5
AC3
  8
COUCHE_1
 10
-32.45868142611452
 20
-0.5529571985769437
 30
0.0
  0
VERTEX
  5
AC4
  8
COUCHE_1
 10
-32.65241592708891
 20
-0.7243220426156761
 30
0.0
  0
VERTEX
  5
AC5
  8
COUCHE_1
 10
-32.83551448511163
 20
-0.9003637280452227
 30
0.0
  0
VERTEX
  5
AC6
  8
COUCHE_1
 10
-33.00822748070688
 20
-1.080832191150313
 30
0.0
  0
VERTEX
  5
AC7
  8
COUCHE_1
 10
-33.17080529439846
 20
-1.265477368215383
 30
0.0
  0
VERTEX
  5
AC8
  8
COUCHE_1
 10
-33.32349830671015
 20
-1.454049195525018
 30
0.0
  0
VERTEX
  5
AC9
  8
COUCHE_1
 10
-33.46655689816616
 20
-1.646297609363799
 30
0.0
  0
VERTEX
  5
ACA
  8
COUCHE_1
 10
-33.60023144929029
 20
-1.841972546016017
 30
0.0
  0
VERTEX
  5
ACB
  8
COUCHE_1
 10
-33.72477234060658
 20
-2.040823941766403
 30
0.0
  0
VERTEX
  5
ACC
  8
COUCHE_1
 10
-33.84042995263925
 20
-2.242601732899684
 30
0.0
  0
VERTEX
  5
ACD
  8
COUCHE_1
 10
-34.04609686094859
 20
-2.653936246452537
 30
0.0
  0
VERTEX
  5
ACE
  8
COUCHE_1
 10
-34.21923521841
 20
-3.073975576951241
 30
0.0
  0
VERTEX
  5
ACF
  8
COUCHE_1
 10
-34.3618480692153
 20
-3.500719214671585
 30
0.0
  0
VERTEX
  5
AD0
  8
COUCHE_1
 10
-34.47593845755593
 20
-3.932166649890525
 30
0.0
  0
VERTEX
  5
AD1
  8
COUCHE_1
 10
-34.5635094276237
 20
-4.366317372884142
 30
0.0
  0
VERTEX
  5
AD2
  8
COUCHE_1
 10
-34.62656402361058
 20
-4.801170873928956
 30
0.0
  0
VERTEX
  5
AD3
  8
COUCHE_1
 10
-34.66710528970798
 20
-5.234726643301337
 30
0.0
  0
VERTEX
  5
AD4
  8
COUCHE_1
 10
-34.68713627010761
 20
-5.664984171277952
 30
0.0
  0
VERTEX
  5
AD5
  8
COUCHE_1
 10
-34.68866000900127
 20
-6.089942948134882
 30
0.0
  0
VERTEX
  5
AD6
  8
COUCHE_1
 10
-34.67367955058068
 20
-6.507602464148644
 30
0.0
  0
VERTEX
  5
AD7
  8
COUCHE_1
 10
-34.64419793903738
 20
-6.91596220959576
 30
0.0
  0
VERTEX
  5
AD8
  8
COUCHE_1
 10
-34.60221821856334
 20
-7.313021674752306
 30
0.0
  0
VERTEX
  5
AD9
  8
COUCHE_1
 10
-34.54974343334998
 20
-7.696780349895096
 30
0.0
  0
VERTEX
  5
ADA
  8
COUCHE_1
 10
-34.48877662758898
 20
-8.065237725300356
 30
0.0
  0
VERTEX
  5
ADB
  8
COUCHE_1
 10
-34.34937913119128
 20
-8.74824653800407
 30
0.0
  0
VERTEX
  5
ADC
  8
COUCHE_1
 10
-34.20005008290401
 20
-9.346044035074284
 30
0.0
  0
VERTEX
  5
ADD
  8
COUCHE_1
 10
-34.05681383626059
 20
-9.842626138722563
 30
0.0
  0
VERTEX
  5
ADE
  8
COUCHE_1
 10
-33.93569474479456
 20
-10.22198877116033
 30
0.0
  0
VERTEX
  5
ADF
  8
COUCHE_1
 10
-33.8527171620397
 20
-10.46812785459871
 30
0.0
  0
VERTEX
  5
AE0
  8
COUCHE_1
 10
-33.82390544152968
 20
-10.56503931124898
 30
0.0
  0
VERTEX
  5
AE1
  8
COUCHE_1
 10
-46.20613260074899
 20
0.0009262738991326
 30
0.0
  0
VERTEX
  5
AE2
  8
COUCHE_1
 10
-33.82390544152968
 20
10.56689185904753
 30
0.0
  0
VERTEX
  5
AE3
  8
COUCHE_1
 10
-33.93569474479456
 20
10.22384131895889
 30
0.0
  0
VERTEX
  5
AE4
  8
COUCHE_1
 10
-34.05681383626059
 20
9.844478686521121
 30
0.0
  0
VERTEX
  5
AE5
  8
COUCHE_1
 10
-34.20005008290401
 20
9.347896582872842
 30
0.0
  0
VERTEX
  5
AE6
  8
COUCHE_1
 10
-34.34937913119128
 20
8.750099085802628
 30
0.0
  0
VERTEX
  5
AE7
  8
COUCHE_1
 10
-34.42132084547219
 20
8.418245839043163
 30
0.0
  0
VERTEX
  5
AE8
  8
COUCHE_1
 10
-34.48877662758898
 20
8.067090273098914
 30
0.0
  0
VERTEX
  5
AE9
  8
COUCHE_1
 10
-34.54974343334998
 20
7.698632897693653
 30
0.0
  0
VERTEX
  5
AEA
  8
COUCHE_1
 10
-34.60221821856334
 20
7.314874222550861
 30
0.0
  0
VERTEX
  5
AEB
  8
COUCHE_1
 10
-34.64419793903738
 20
6.917814757394169
 30
0.0
  0
VERTEX
  5
AEC
  8
COUCHE_1
 10
-34.67367955058068
 20
6.509455011947201
 30
0.0
  0
VERTEX
  5
AED
  8
COUCHE_1
 10
-34.68866000900127
 20
6.091795495933437
 30
0.0
  0
VERTEX
  5
AEE
  8
COUCHE_1
 10
-34.68713627010761
 20
5.666836719076508
 30
0.0
  0
VERTEX
  5
AEF
  8
COUCHE_1
 10
-34.66710528970798
 20
5.236579191099892
 30
0.0
  0
VERTEX
  5
AF0
  8
COUCHE_1
 10
-34.62656402361058
 20
4.803023421727364
 30
0.0
  0
VERTEX
  5
AF1
  8
COUCHE_1
 10
-34.5635094276237
 20
4.368169920682404
 30
0.0
  0
VERTEX
  5
AF2
  8
COUCHE_1
 10
-34.47593845755593
 20
3.934019197688788
 30
0.0
  0
VERTEX
  5
AF3
  8
COUCHE_1
 10
-34.3618480692153
 20
3.502571762469848
 30
0.0
  0
VERTEX
  5
AF4
  8
COUCHE_1
 10
-34.21923521841
 20
3.075828124749505
 30
0.0
  0
VERTEX
  5
AF5
  8
COUCHE_1
 10
-34.04609686094859
 20
2.655788794251093
 30
0.0
  0
VERTEX
  5
AF6
  8
COUCHE_1
 10
-33.84042995263925
 20
2.24445428069824
 30
0.0
  0
VERTEX
  5
AF7
  8
COUCHE_1
 10
-33.72477234060658
 20
2.042676489564959
 30
0.0
  0
VERTEX
  5
AF8
  8
COUCHE_1
 10
-33.60023144929029
 20
1.843825093814427
 30
0.0
  0
VERTEX
  5
AF9
  8
COUCHE_1
 10
-33.46655689816616
 20
1.648150157162209
 30
0.0
  0
VERTEX
  5
AFA
  8
COUCHE_1
 10
-33.32349830671015
 20
1.455901743323428
 30
0.0
  0
VERTEX
  5
AFB
  8
COUCHE_1
 10
-33.17080529439846
 20
1.267329916013793
 30
0.0
  0
VERTEX
  5
AFC
  8
COUCHE_1
 10
-33.00822748070688
 20
1.082684738948869
 30
0.0
  0
VERTEX
  5
AFD
  8
COUCHE_1
 10
-32.83551448511163
 20
0.9022162758437786
 30
0.0
  0
VERTEX
  5
AFE
  8
COUCHE_1
 10
-32.65241592708891
 20
0.7261745904140856
 30
0.0
  0
VERTEX
  5
AFF
  8
COUCHE_1
 10
-32.45868142611452
 20
0.554809746375353
 30
0.0
  0
VERTEX
  5
B00
  8
COUCHE_1
 10
-32.25406060166456
 20
0.3883718074429978
 30
0.0
  0
VERTEX
  5
B01
  8
COUCHE_1
 10
-32.03830307321506
 20
0.2271108373322905
 30
0.0
  0
VERTEX
  5
B02
  8
COUCHE_1
 10
-31.81115846024199
 20
0.0712768997589403
 30
0.0
  0
VERTEX
  5
B03
  8
COUCHE_1
 10
-31.52187448887715
 20
0.3641656375475679
 30
0.0
  0
VERTEX
  5
B04
  8
COUCHE_1
 10
-31.22582254445551
 20
0.6386053407723925
 30
0.0
  0
VERTEX
  5
B05
  8
COUCHE_1
 10
-30.92336089668562
 20
0.8950371102359999
 30
0.0
  0
VERTEX
  5
B06
  8
COUCHE_1
 10
-30.61484781527589
 20
1.133902046740683
 30
0.0
  0
VERTEX
  5
B07
  8
COUCHE_1
 10
-30.30064156993501
 20
1.355641251089174
 30
0.0
  0
VERTEX
  5
B08
  8
COUCHE_1
 10
-29.98110043037138
 20
1.560695824084204
 30
0.0
  0
VERTEX
  5
B09
  8
COUCHE_1
 10
-29.65658266629356
 20
1.749506866527921
 30
0.0
  0
VERTEX
  5
B0A
  8
COUCHE_1
 10
-29.3274465474101
 20
1.922515479223057
 30
0.0
  0
VERTEX
  5
B0B
  8
COUCHE_1
 10
-28.99405034342955
 20
2.080162762972051
 30
0.0
  0
VERTEX
  5
B0C
  8
COUCHE_1
 10
-28.65675232406018
 20
2.222889818577343
 30
0.0
  0
VERTEX
  5
B0D
  8
COUCHE_1
 10
-28.31591075901082
 20
2.351137746841518
 30
0.0
  0
VERTEX
  5
B0E
  8
COUCHE_1
 10
-27.97188391799001
 20
2.465347648567309
 30
0.0
  0
VERTEX
  5
B0F
  8
COUCHE_1
 10
-27.62503007070616
 20
2.565960624557007
 30
0.0
  0
VERTEX
  5
B10
  8
COUCHE_1
 10
-27.2757074868677
 20
2.653417775613054
 30
0.0
  0
VERTEX
  5
B11
  8
COUCHE_1
 10
-26.92427443618331
 20
2.728160202538181
 30
0.0
  0
VERTEX
  5
B12
  8
COUCHE_1
 10
-26.57108918836126
 20
2.790629006134827
 30
0.0
  0
VERTEX
  5
B13
  8
COUCHE_1
 10
-26.21651001311038
 20
2.841265287205579
 30
0.0
  0
VERTEX
  5
B14
  8
COUCHE_1
 10
-25.86089518013907
 20
2.880510146552875
 30
0.0
  0
VERTEX
  5
B15
  8
COUCHE_1
 10
-25.5046029591559
 20
2.908804684979155
 30
0.0
  0
VERTEX
  5
B16
  8
COUCHE_1
 10
-25.14799161986926
 20
2.926590003287005
 30
0.0
  0
VERTEX
  5
B17
  8
COUCHE_1
 10
-24.43524466521994
 20
2.932397382757758
 30
0.0
  0
VERTEX
  5
B18
  8
COUCHE_1
 10
-23.72552047385951
 20
2.901461091385233
 30
0.0
  0
VERTEX
  5
B19
  8
COUCHE_1
 10
-23.02168520345596
 20
2.837309935589678
 30
0.0
  0
VERTEX
  5
B1A
  8
COUCHE_1
 10
-22.32660501167753
 20
2.743472721791048
 30
0.0
  0
VERTEX
  5
B1B
  8
COUCHE_1
 10
-21.64314605619225
 20
2.623478256409736
 30
0.0
  0
VERTEX
  5
B1C
  8
COUCHE_1
 10
-20.97417449466873
 20
2.480855345865549
 30
0.0
  0
VERTEX
  5
B1D
  8
COUCHE_1
 10
-20.32255648477473
 20
2.319132796579028
 30
0.0
  0
VERTEX
  5
B1E
  8
COUCHE_1
 10
-19.69115818417875
 20
2.141839414970127
 30
0.0
  0
VERTEX
  5
B1F
  8
COUCHE_1
 10
-19.08284575054879
 20
1.952504007459093
 30
0.0
  0
VERTEX
  5
B20
  8
COUCHE_1
 10
-18.5004853415531
 20
1.754655380466173
 30
0.0
  0
VERTEX
  5
B21
  8
COUCHE_1
 10
-17.94694311485982
 20
1.551822340411321
 30
0.0
  0
VERTEX
  5
B22
  8
COUCHE_1
 10
-17.42508522813719
 20
1.347533693714932
 30
0.0
  0
VERTEX
  5
B23
  8
COUCHE_1
 10
-16.48788710527639
 20
0.9487048060779405
 30
0.0
  0
VERTEX
  5
B24
  8
COUCHE_1
 10
-15.71182023431649
 20
0.5863991689164446
 30
0.0
  0
VERTEX
  5
B25
  8
COUCHE_1
 10
-15.11981387660289
 20
0.2888472335919811
 30
0.0
  0
VERTEX
  5
B26
  8
COUCHE_1
 10
-14.73479729348109
 20
0.0842794514657947
 30
0.0
  0
SEQEND
  5
B27
  8
COUCHE_1
  0
POLYLINE
  5
54
  8
COUCHE_1
 66
     1
 10
0.0
 20
0.0
 30
0.0
 70
     1
  0
VERTEX
  5
B28
  8
COUCHE_1
 10
-83.58005806660339
 20
-0.0002425120263613
 30
0.0
  0
VERTEX
  5
B29
  8
COUCHE_1
 10
-77.76187163583535
 20
1.587602484444392
 30
0.0
  0
VERTEX
  5
B2A
  8
COUCHE_1
 10
-75.9708459537674
 20
2.058769761929654
 30
0.0
  0
VERTEX
  5
B2B
  8
COUCHE_1
 10
-73.86757115890391
 20
2.634257466964395
 30
0.0
  0
VERTEX
  5
B2C
  8
COUCHE_1
 10
-71.66019174140894
 20
3.277377204962214
 30
0.0
  0
VERTEX
  5
B2D
  8
COUCHE_1
 10
-70.59510417517434
 20
3.608964236640431
 30
0.0
  0
VERTEX
  5
B2E
  8
COUCHE_1
 10
-69.58668702165696
 20
3.942045600744512
 30
0.0
  0
VERTEX
  5
B2F
  8
COUCHE_1
 10
-68.66886631102089
 20
4.269020293055385
 30
0.0
  0
VERTEX
  5
B30
  8
COUCHE_1
 10
-67.87495855373835
 20
4.581539112873539
 30
0.0
  0
VERTEX
  5
B31
  8
COUCHE_1
 10
-67.24483369374317
 20
4.866308482555784
 30
0.0
  0
VERTEX
  5
B32
  8
COUCHE_1
 10
-65.7890505147188
 20
5.674228115468001
 30
0.0
  0
VERTEX
  5
B33
  8
COUCHE_1
 10
-64.25884185717688
 20
4.093313798707896
 30
0.0
  0
VERTEX
  5
B34
  8
COUCHE_1
 10
-63.52720084306614
 20
3.372151283894283
 30
0.0
  0
VERTEX
  5
B35
  8
COUCHE_1
 10
-62.85538539725631
 20
2.743200891194838
 30
0.0
  0
VERTEX
  5
B36
  8
COUCHE_1
 10
-62.24817108351942
 20
2.20680630348098
 30
0.0
  0
VERTEX
  5
B37
  8
COUCHE_1
 10
-61.71137310569502
 20
1.763824743505012
 30
0.0
  0
VERTEX
  5
B38
  8
COUCHE_1
 10
-61.25296004169437
 20
1.416056698178697
 30
0.0
  0
VERTEX
  5
B39
  8
COUCHE_1
 10
-60.88593327931315
 20
1.167144000307608
 30
0.0
  0
VERTEX
  5
B3A
  8
COUCHE_1
 10
-58.85300712757032
 20
-0.000242512026363
 30
0.0
  0
VERTEX
  5
B3B
  8
COUCHE_1
 10
-60.88593327931315
 20
-1.167629024360333
 30
0.0
  0
VERTEX
  5
B3C
  8
COUCHE_1
 10
-61.25296004169437
 20
-1.41654172223113
 30
0.0
  0
VERTEX
  5
B3D
  8
COUCHE_1
 10
-61.71137310569502
 20
-1.764309767557445
 30
0.0
  0
VERTEX
  5
B3E
  8
COUCHE_1
 10
-62.24817108351942
 20
-2.207291327533706
 30
0.0
  0
VERTEX
  5
B3F
  8
COUCHE_1
 10
-62.85538539725631
 20
-2.743685915247271
 30
0.0
  0
VERTEX
  5
B40
  8
COUCHE_1
 10
-63.52720084306614
 20
-3.372636307946716
 30
0.0
  0
VERTEX
  5
B41
  8
COUCHE_1
 10
-64.25884185717688
 20
-4.09379882276033
 30
0.0
  0
VERTEX
  5
B42
  8
COUCHE_1
 10
-65.7890505147188
 20
-5.674713139520727
 30
0.0
  0
VERTEX
  5
B43
  8
COUCHE_1
 10
-67.24483369374317
 20
-4.866793506608217
 30
0.0
  0
VERTEX
  5
B44
  8
COUCHE_1
 10
-67.87495855373835
 20
-4.582024136926265
 30
0.0
  0
VERTEX
  5
B45
  8
COUCHE_1
 10
-68.66886631102089
 20
-4.269505317107818
 30
0.0
  0
VERTEX
  5
B46
  8
COUCHE_1
 10
-69.58668702165696
 20
-3.942530624796944
 30
0.0
  0
VERTEX
  5
B47
  8
COUCHE_1
 10
-70.59510417517434
 20
-3.609449260693155
 30
0.0
  0
VERTEX
  5
B48
  8
COUCHE_1
 10
-71.66019174140894
 20
-3.277862229014645
 30
0.0
  0
VERTEX
  5
B49
  8
COUCHE_1
 10
-73.86757115890391
 20
-2.634742491017118
 30
0.0
  0
VERTEX
  5
B4A
  8
COUCHE_1
 10
-75.9708459537674
 20
-2.059254785982378
 30
0.0
  0
VERTEX
  5
B4B
  8
COUCHE_1
 10
-77.76187163583535
 20
-1.588087508496823
 30
0.0
  0
SEQEND
  5
B4C
  8
COUCHE_1
  0
POLYLINE
  5
55
  8
COUCHE_1
 66
     1
 10
0.0
 20
0.0
 30
0.0
 70
     1
  0
VERTEX
  5
B4D
  8
COUCHE_1
 10
38.45239483768373
 20
42.60882758234337
 30
0.0
  0
VERTEX
  5
B4E
  8
COUCHE_1
 10
38.30199543767134
 20
42.61503247053917
 30
0.0
  0
VERTEX
  5
B4F
  8
COUCHE_1
 10
38.16050504762963
 20
42.63314008643977
 30
0.0
  0
VERTEX
  5
B50
  8
COUCHE_1
 10
38.02797276351867
 20
42.66238985701482
 30
0.0
  0
VERTEX
  5
B51
  8
COUCHE_1
 10
37.90444768129738
 20
42.70202120923421
 30
0.0
  0
VERTEX
  5
B52
  8
COUCHE_1
 10
37.78997889692549
 20
42.75127357006746
 30
0.0
  0
VERTEX
  5
B53
  8
COUCHE_1
 10
37.68461550636241
 20
42.80938636648403
 30
0.0
  0
VERTEX
  5
B54
  8
COUCHE_1
 10
37.58840660556788
 20
42.87559902545387
 30
0.0
  0
VERTEX
  5
B55
  8
COUCHE_1
 10
37.50140129050079
 20
42.94915097394661
 30
0.0
  0
VERTEX
  5
B56
  8
COUCHE_1
 10
37.42364865712087
 20
43.02928163893201
 30
0.0
  0
VERTEX
  5
B57
  8
COUCHE_1
 10
37.35519780138755
 20
43.11523044737943
 30
0.0
  0
VERTEX
  5
B58
  8
COUCHE_1
 10
37.29609781926055
 20
43.20623682625893
 30
0.0
  0
VERTEX
  5
B59
  8
COUCHE_1
 10
37.24639780669877
 20
43.30154020254001
 30
0.0
  0
VERTEX
  5
B5A
  8
COUCHE_1
 10
37.20614685966206
 20
43.4003800031923
 30
0.0
  0
VERTEX
  5
B5B
  8
COUCHE_1
 10
37.1753940741096
 20
43.50199565518572
 30
0.0
  0
VERTEX
  5
B5C
  8
COUCHE_1
 10
37.1541885460011
 20
43.60562658548975
 30
0.0
  0
VERTEX
  5
B5D
  8
COUCHE_1
 10
37.14257937129587
 20
43.71051222107419
 30
0.0
  0
VERTEX
  5
B5E
  8
COUCHE_1
 10
37.14061564595335
 20
43.81589198890852
 30
0.0
  0
VERTEX
  5
B5F
  8
COUCHE_1
 10
37.14834646593312
 20
43.92100531596267
 30
0.0
  0
VERTEX
  5
B60
  8
COUCHE_1
 10
37.1658209271945
 20
44.0250916292061
 30
0.0
  0
VERTEX
  5
B61
  8
COUCHE_1
 10
37.19308812569678
 20
44.12739035560863
 30
0.0
  0
VERTEX
  5
B62
  8
COUCHE_1
 10
37.23019715739982
 20
44.22714092213987
 30
0.0
  0
VERTEX
  5
B63
  8
COUCHE_1
 10
37.27719711826267
 20
44.32358275576945
 30
0.0
  0
VERTEX
  5
B64
  8
COUCHE_1
 10
37.33413710424489
 20
44.41595528346731
 30
0.0
  0
VERTEX
  5
B65
  8
COUCHE_1
 10
37.40106621130607
 20
44.50349793220278
 30
0.0
  0
VERTEX
  5
B66
  8
COUCHE_1
 10
37.47803353540552
 20
44.58545012894565
 30
0.0
  0
VERTEX
  5
B67
  8
COUCHE_1
 10
37.5650881725028
 20
44.66105130066585
 30
0.0
  0
VERTEX
  5
B68
  8
COUCHE_1
 10
37.66227921855737
 20
44.7295408743327
 30
0.0
  0
VERTEX
  5
B69
  8
COUCHE_1
 10
37.76965576952854
 20
44.79015827691614
 30
0.0
  0
VERTEX
  5
B6A
  8
COUCHE_1
 10
37.88726692137589
 20
44.8421429353858
 30
0.0
  0
VERTEX
  5
B6B
  8
COUCHE_1
 10
38.01516177005873
 20
44.88473427671117
 30
0.0
  0
VERTEX
  5
B6C
  8
COUCHE_1
 10
38.15338941153649
 20
44.91717172786218
 30
0.0
  0
VERTEX
  5
B6D
  8
COUCHE_1
 10
38.30199894176877
 20
44.93869471580845
 30
0.0
  0
VERTEX
  5
B6E
  8
COUCHE_1
 10
38.53937951872956
 20
44.96309722438178
 30
0.0
  0
VERTEX
  5
B6F
  8
COUCHE_1
 10
38.85814855746186
 20
44.9930330134432
 30
0.0
  0
VERTEX
  5
B70
  8
COUCHE_1
 10
39.33226674726388
 20
45.00000000000006
 30
0.0
  0
VERTEX
  5
B71
  8
COUCHE_1
 10
39.84502289093216
 20
44.96129263359293
 30
0.0
  0
VERTEX
  5
B72
  8
COUCHE_1
 10
39.97025948177304
 20
44.94639943330207
 30
0.0
  0
VERTEX
  5
B73
  8
COUCHE_1
 10
67.00348445792584
 20
44.94639943330206
 30
0.0
  0
VERTEX
  5
B74
  8
COUCHE_1
 10
67.1598562018659
 20
44.9398404296664
 30
0.0
  0
VERTEX
  5
B75
  8
COUCHE_1
 10
67.30638222886198
 20
44.92071527054813
 30
0.0
  0
VERTEX
  5
B76
  8
COUCHE_1
 10
67.44304706696346
 20
44.88985173363002
 30
0.0
  0
VERTEX
  5
B77
  8
COUCHE_1
 10
67.56983524421968
 20
44.84807759659559
 30
0.0
  0
VERTEX
  5
B78
  8
COUCHE_1
 10
67.68673128868012
 20
44.79622063712718
 30
0.0
  0
VERTEX
  5
B79
  8
COUCHE_1
 10
67.79371972839373
 20
44.73510863290801
 30
0.0
  0
VERTEX
  5
B7A
  8
COUCHE_1
 10
67.89078509141014
 20
44.665569361621
 30
0.0
  0
VERTEX
  5
B7B
  8
COUCHE_1
 10
67.97791190577854
 20
44.58843060094892
 30
0.0
  0
VERTEX
  5
B7C
  8
COUCHE_1
 10
68.05508469954849
 20
44.50452012857514
 30
0.0
  0
VERTEX
  5
B7D
  8
COUCHE_1
 10
68.12228800076898
 20
44.41466572218215
 30
0.0
  0
VERTEX
  5
B7E
  8
COUCHE_1
 10
68.17950633748954
 20
44.31969515945332
 30
0.0
  0
VERTEX
  5
B7F
  8
COUCHE_1
 10
68.22672423775951
 20
44.22043621807141
 30
0.0
  0
VERTEX
  5
B80
  8
COUCHE_1
 10
68.26392622962815
 20
44.11771667571936
 30
0.0
  0
VERTEX
  5
B81
  8
COUCHE_1
 10
68.29109684114489
 20
44.01236431008009
 30
0.0
  0
VERTEX
  5
B82
  8
COUCHE_1
 10
68.308220600359
 20
43.90520689883667
 30
0.0
  0
VERTEX
  5
B83
  8
COUCHE_1
 10
68.31528203531963
 20
43.79707221967202
 30
0.0
  0
VERTEX
  5
B84
  8
COUCHE_1
 10
68.31226567407633
 20
43.68878805026893
 30
0.0
  0
VERTEX
  5
B85
  8
COUCHE_1
 10
68.29915604467841
 20
43.58118216831075
 30
0.0
  0
VERTEX
  5
B86
  8
COUCHE_1
 10
68.27593767517513
 20
43.47508235148012
 30
0.0
  0
VERTEX
  5
B87
  8
COUCHE_1
 10
68.24259509361592
 20
43.37131637746026
 30
0.0
  0
VERTEX
  5
B88
  8
COUCHE_1
 10
68.19911282805003
 20
43.2707120239338
 30
0.0
  0
VERTEX
  5
B89
  8
COUCHE_1
 10
68.14547540652669
 20
43.17409706858395
 30
0.0
  0
VERTEX
  5
B8A
  8
COUCHE_1
 10
68.08166735709538
 20
43.08229928909335
 30
0.0
  0
VERTEX
  5
B8B
  8
COUCHE_1
 10
68.00767320780541
 20
42.99614646314551
 30
0.0
  0
VERTEX
  5
B8C
  8
COUCHE_1
 10
67.92347748670619
 20
42.91646636842307
 30
0.0
  0
VERTEX
  5
B8D
  8
COUCHE_1
 10
67.82906472184689
 20
42.84408678260864
 30
0.0
  0
VERTEX
  5
B8E
  8
COUCHE_1
 10
67.72441944127678
 20
42.77983548338575
 30
0.0
  0
VERTEX
  5
B8F
  8
COUCHE_1
 10
67.60952617304541
 20
42.72454024843702
 30
0.0
  0
VERTEX
  5
B90
  8
COUCHE_1
 10
67.48436944520209
 20
42.67902885544553
 30
0.0
  0
VERTEX
  5
B91
  8
COUCHE_1
 10
67.34893378579606
 20
42.64412908209435
 30
0.0
  0
VERTEX
  5
B92
  8
COUCHE_1
 10
67.20320372287652
 20
42.62066870606624
 30
0.0
  0
VERTEX
  5
B93
  8
COUCHE_1
 10
67.047163784493
 20
42.60947550504415
 30
0.0
  0
VERTEX
  5
B94
  8
COUCHE_1
 10
66.2154809446687
 20
42.58479492140031
 30
0.0
  0
VERTEX
  5
B95
  8
COUCHE_1
 10
65.44820231617187
 20
42.51670558737155
 30
0.0
  0
VERTEX
  5
B96
  8
COUCHE_1
 10
64.7005558482391
 20
42.40680522418727
 30
0.0
  0
VERTEX
  5
B97
  8
COUCHE_1
 10
63.97203145101148
 20
42.25787601125024
 30
0.0
  0
VERTEX
  5
B98
  8
COUCHE_1
 10
63.26233867825766
 20
42.07263221333089
 30
0.0
  0
VERTEX
  5
B99
  8
COUCHE_1
 10
62.57140211537985
 20
41.85377161641131
 30
0.0
  0
VERTEX
  5
B9A
  8
COUCHE_1
 10
61.89933918364162
 20
41.60401742228434
 30
0.0
  0
VERTEX
  5
B9B
  8
COUCHE_1
 10
61.24642741206684
 20
41.32614791603876
 30
0.0
  0
VERTEX
  5
B9C
  8
COUCHE_1
 10
60.61306770408369
 20
41.02301390878401
 30
0.0
  0
VERTEX
  5
B9D
  8
COUCHE_1
 10
59.99974855901196
 20
40.6975457141004
 30
0.0
  0
VERTEX
  5
B9E
  8
COUCHE_1
 10
59.40701434540509
 20
40.35275220320226
 30
0.0
  0
VERTEX
  5
B9F
  8
COUCHE_1
 10
58.83543906831459
 20
39.9917145291584
 30
0.0
  0
VERTEX
  5
BA0
  8
COUCHE_1
 10
58.28560585239492
 20
39.61757671814029
 30
0.0
  0
VERTEX
  5
BA1
  8
COUCHE_1
 10
57.75809159819641
 20
39.23353475300791
 30
0.0
  0
VERTEX
  5
BA2
  8
COUCHE_1
 10
57.2534558706429
 20
38.8428251880606
 30
0.0
  0
VERTEX
  5
BA3
  8
COUCHE_1
 10
56.77777554092839
 20
38.45325309962961
 30
0.0
  0
VERTEX
  5
BA4
  8
COUCHE_1
 10
55.88097198533325
 20
37.66219718770603
 30
0.0
  0
VERTEX
  5
BA5
  8
COUCHE_1
 10
55.08986071559979
 20
36.90268528240328
 30
0.0
  0
VERTEX
  5
BA6
  8
COUCHE_1
 10
54.40050948613884
 20
36.19473841244
 30
0.0
  0
VERTEX
  5
BA7
  8
COUCHE_1
 10
53.81164145838812
 20
35.56027440073144
 30
0.0
  0
VERTEX
  5
BA8
  8
COUCHE_1
 10
52.92427992584734
 20
34.594930668906
 30
0.0
  0
VERTEX
  5
BA9
  8
COUCHE_1
 10
52.51878755457122
 20
34.22443601757399
 30
0.0
  0
VERTEX
  5
BAA
  8
COUCHE_1
 10
51.84265955479734
 20
33.86109113565134
 30
0.0
  0
VERTEX
  5
BAB
  8
COUCHE_1
 10
50.83166220896076
 20
34.06661272265747
 30
0.0
  0
VERTEX
  5
BAC
  8
COUCHE_1
 10
49.72166999105627
 20
35.30413926898218
 30
0.0
  0
VERTEX
  5
BAD
  8
COUCHE_1
 10
48.93608606340443
 20
36.14611365809939
 30
0.0
  0
VERTEX
  5
BAE
  8
COUCHE_1
 10
48.18116181073955
 20
36.92241805429472
 30
0.0
  0
VERTEX
  5
BAF
  8
COUCHE_1
 10
47.45680365528066
 20
37.63555866007364
 30
0.0
  0
VERTEX
  5
BB0
  8
COUCHE_1
 10
46.76292987130282
 20
38.28804984622553
 30
0.0
  0
VERTEX
  5
BB1
  8
COUCHE_1
 10
46.09947064729848
 20
38.88241647265053
 30
0.0
  0
VERTEX
  5
BB2
  8
COUCHE_1
 10
45.46636769353188
 20
39.42119664134204
 30
0.0
  0
VERTEX
  5
BB3
  8
COUCHE_1
 10
44.86357320747391
 20
39.90694490515943
 30
0.0
  0
VERTEX
  5
BB4
  8
COUCHE_1
 10
44.29104796238992
 20
40.34223592719704
 30
0.0
  0
VERTEX
  5
BB5
  8
COUCHE_1
 10
43.7487582350378
 20
40.72966853866377
 30
0.0
  0
VERTEX
  5
BB6
  8
COUCHE_1
 10
43.23667124303934
 20
41.07187007269849
 30
0.0
  0
VERTEX
  5
BB7
  8
COUCHE_1
 10
42.7547487312801
 20
41.37150075223475
 30
0.0
  0
VERTEX
  5
BB8
  8
COUCHE_1
 10
42.30293834447959
 20
41.63125777889607
 30
0.0
  0
VERTEX
  5
BB9
  8
COUCHE_1
 10
41.881162469618
 20
41.85387860890143
 30
0.0
  0
VERTEX
  5
BBA
  8
COUCHE_1
 10
41.48930434924498
 20
42.04214272186429
 30
0.0
  0
VERTEX
  5
BBB
  8
COUCHE_1
 10
41.14025501303664
 20
42.19321690252607
 30
0.0
  0
VERTEX
  5
BBC
  8
COUCHE_1
 10
40.49043578316528
 20
42.42832859557565
 30
0.0
  0
VERTEX
  5
BBD
  8
COUCHE_1
 10
39.96850247531719
 20
42.5670362304124
 30
0.0
  0
VERTEX
  5
BBE
  8
COUCHE_1
 10
39.72250296532075
 20
42.60882758234337
 30
0.0
  0
SEQEND
  5
BBF
  8
COUCHE_1
  0
POLYLINE
  5
56
  8
COUCHE_1
 66
     1
 10
0.0
 20
0.0
 30
0.0
 70
     1
  0
VERTEX
  5
BC0
  8
COUCHE_1
 10
67.047163784493
 20
-42.60762295724591
 30
0.0
  0
VERTEX
  5
BC1
  8
COUCHE_1
 10
67.20320372287652
 20
-42.618816158268
 30
0.0
  0
VERTEX
  5
BC2
  8
COUCHE_1
 10
67.34893378579606
 20
-42.64227653429609
 30
0.0
  0
VERTEX
  5
BC3
  8
COUCHE_1
 10
67.48436944520209
 20
-42.67717630764728
 30
0.0
  0
VERTEX
  5
BC4
  8
COUCHE_1
 10
67.60952617304541
 20
-42.72268770063877
 30
0.0
  0
VERTEX
  5
BC5
  8
COUCHE_1
 10
67.72441944127678
 20
-42.7779829355875
 30
0.0
  0
VERTEX
  5
BC6
  8
COUCHE_1
 10
67.82906472184689
 20
-42.84223423481039
 30
0.0
  0
VERTEX
  5
BC7
  8
COUCHE_1
 10
67.92347748670619
 20
-42.91461382062482
 30
0.0
  0
VERTEX
  5
BC8
  8
COUCHE_1
 10
68.00767320780541
 20
-42.99429391534726
 30
0.0
  0
VERTEX
  5
BC9
  8
COUCHE_1
 10
68.08166735709538
 20
-43.08044674129511
 30
0.0
  0
VERTEX
  5
BCA
  8
COUCHE_1
 10
68.14547540652669
 20
-43.1722445207857
 30
0.0
  0
VERTEX
  5
BCB
  8
COUCHE_1
 10
68.19911282805003
 20
-43.26885947613555
 30
0.0
  0
VERTEX
  5
BCC
  8
COUCHE_1
 10
68.24259509361592
 20
-43.36946382966201
 30
0.0
  0
VERTEX
  5
BCD
  8
COUCHE_1
 10
68.27593767517513
 20
-43.47322980368187
 30
0.0
  0
VERTEX
  5
BCE
  8
COUCHE_1
 10
68.29915604467841
 20
-43.5793296205125
 30
0.0
  0
VERTEX
  5
BCF
  8
COUCHE_1
 10
68.31226567407633
 20
-43.68693550247067
 30
0.0
  0
VERTEX
  5
BD0
  8
COUCHE_1
 10
68.31528203531963
 20
-43.79521967187362
 30
0.0
  0
VERTEX
  5
BD1
  8
COUCHE_1
 10
68.308220600359
 20
-43.90335435103813
 30
0.0
  0
VERTEX
  5
BD2
  8
COUCHE_1
 10
68.29109684114489
 20
-44.01051176228155
 30
0.0
  0
VERTEX
  5
BD3
  8
COUCHE_1
 10
68.26392622962815
 20
-44.11586412792082
 30
0.0
  0
VERTEX
  5
BD4
  8
COUCHE_1
 10
68.22672423775951
 20
-44.21858367027287
 30
0.0
  0
VERTEX
  5
BD5
  8
COUCHE_1
 10
68.17950633748954
 20
-44.31784261165478
 30
0.0
  0
VERTEX
  5
BD6
  8
COUCHE_1
 10
68.12228800076898
 20
-44.41281317438361
 30
0.0
  0
VERTEX
  5
BD7
  8
COUCHE_1
 10
68.05508469954849
 20
-44.5026675807766
 30
0.0
  0
VERTEX
  5
BD8
  8
COUCHE_1
 10
67.97791190577854
 20
-44.58657805315053
 30
0.0
  0
VERTEX
  5
BD9
  8
COUCHE_1
 10
67.89078509141014
 20
-44.66371681382246
 30
0.0
  0
VERTEX
  5
BDA
  8
COUCHE_1
 10
67.79371972839373
 20
-44.73325608510947
 30
0.0
  0
VERTEX
  5
BDB
  8
COUCHE_1
 10
67.68673128868012
 20
-44.79436808932864
 30
0.0
  0
VERTEX
  5
BDC
  8
COUCHE_1
 10
67.56983524421968
 20
-44.8462250487972
 30
0.0
  0
VERTEX
  5
BDD
  8
COUCHE_1
 10
67.44304706696346
 20
-44.88799918583177
 30
0.0
  0
VERTEX
  5
BDE
  8
COUCHE_1
 10
67.30638222886198
 20
-44.91886272274988
 30
0.0
  0
VERTEX
  5
BDF
  8
COUCHE_1
 10
67.1598562018659
 20
-44.93798788186815
 30
0.0
  0
VERTEX
  5
BE0
  8
COUCHE_1
 10
67.00348445792584
 20
-44.94454688550382
 30
0.0
  0
VERTEX
  5
BE1
  8
COUCHE_1
 10
39.97025948177304
 20
-44.9445468855038
 30
0.0
  0
VERTEX
  5
BE2
  8
COUCHE_1
 10
39.84502289093216
 20
-44.95944008579468
 30
0.0
  0
VERTEX
  5
BE3
  8
COUCHE_1
 10
39.30772606281057
 20
-44.99999999999994
 30
0.0
  0
VERTEX
  5
BE4
  8
COUCHE_1
 10
38.54577758756511
 20
-44.96337642977895
 30
0.0
  0
VERTEX
  5
BE5
  8
COUCHE_1
 10
38.40613822031675
 20
-44.94382022140615
 30
0.0
  0
VERTEX
  5
BE6
  8
COUCHE_1
 10
38.25026928798209
 20
-44.93236702213689
 30
0.0
  0
VERTEX
  5
BE7
  8
COUCHE_1
 10
38.10471320202105
 20
-44.90868011613855
 30
0.0
  0
VERTEX
  5
BE8
  8
COUCHE_1
 10
37.96945360974244
 20
-44.87358562754951
 30
0.0
  0
VERTEX
  5
BE9
  8
COUCHE_1
 10
37.8444741584549
 20
-44.82790968050845
 30
0.0
  0
VERTEX
  5
BEA
  8
COUCHE_1
 10
37.72975849546682
 20
-44.77247839915407
 30
0.0
  0
VERTEX
  5
BEB
  8
COUCHE_1
 10
37.62529026808711
 20
-44.70811790762473
 30
0.0
  0
VERTEX
  5
BEC
  8
COUCHE_1
 10
37.53105312362415
 20
-44.63565433005925
 30
0.0
  0
VERTEX
  5
BED
  8
COUCHE_1
 10
37.4470307093866
 20
-44.55591379059619
 30
0.0
  0
VERTEX
  5
BEE
  8
COUCHE_1
 10
37.3732066726831
 20
-44.46972241337406
 30
0.0
  0
VERTEX
  5
BEF
  8
COUCHE_1
 10
37.30956466082204
 20
-44.37790632253142
 30
0.0
  0
VERTEX
  5
BF0
  8
COUCHE_1
 10
37.25608832111234
 20
-44.28129164220721
 30
0.0
  0
VERTEX
  5
BF1
  8
COUCHE_1
 10
37.21276130086239
 20
-44.18070449653955
 30
0.0
  0
VERTEX
  5
BF2
  8
COUCHE_1
 10
37.17956724738108
 20
-44.07697100966726
 30
0.0
  0
VERTEX
  5
BF3
  8
COUCHE_1
 10
37.15648980797682
 20
-43.97091730572885
 30
0.0
  0
VERTEX
  5
BF4
  8
COUCHE_1
 10
37.14351262995798
 20
-43.86336950886319
 30
0.0
  0
VERTEX
  5
BF5
  8
COUCHE_1
 10
37.14061936063349
 20
-43.75515374320847
 30
0.0
  0
VERTEX
  5
BF6
  8
COUCHE_1
 10
37.14779364731198
 20
-43.6470961329037
 30
0.0
  0
VERTEX
  5
BF7
  8
COUCHE_1
 10
37.16501913730185
 20
-43.54002280208711
 30
0.0
  0
VERTEX
  5
BF8
  8
COUCHE_1
 10
37.19227947791174
 20
-43.43475987489752
 30
0.0
  0
VERTEX
  5
BF9
  8
COUCHE_1
 10
37.22955831645044
 20
-43.33213347547331
 30
0.0
  0
VERTEX
  5
BFA
  8
COUCHE_1
 10
37.27683930022634
 20
-43.23296972795347
 30
0.0
  0
VERTEX
  5
BFB
  8
COUCHE_1
 10
37.33410607654807
 20
-43.13809475647622
 30
0.0
  0
VERTEX
  5
BFC
  8
COUCHE_1
 10
37.40134229272444
 20
-43.04833468518012
 30
0.0
  0
VERTEX
  5
BFD
  8
COUCHE_1
 10
37.47853159606382
 20
-42.96451563820427
 30
0.0
  0
VERTEX
  5
BFE
  8
COUCHE_1
 10
37.56565763387498
 20
-42.88746373968691
 30
0.0
  0
VERTEX
  5
BFF
  8
COUCHE_1
 10
37.66270405346646
 20
-42.81800511376657
 30
0.0
  0
VERTEX
  5
C00
  8
COUCHE_1
 10
37.76965450214676
 20
-42.7569658845818
 30
0.0
  0
VERTEX
  5
C01
  8
COUCHE_1
 10
37.88649262722468
 20
-42.70517217627141
 30
0.0
  0
VERTEX
  5
C02
  8
COUCHE_1
 10
38.01320207600859
 20
-42.66345011297394
 30
0.0
  0
VERTEX
  5
C03
  8
COUCHE_1
 10
38.14976649580742
 20
-42.63262581882793
 30
0.0
  0
VERTEX
  5
C04
  8
COUCHE_1
 10
38.29616953392966
 20
-42.61352541797203
 30
0.0
  0
VERTEX
  5
C05
  8
COUCHE_1
 10
38.45239483768373
 20
-42.60697503454481
 30
0.0
  0
VERTEX
  5
C06
  8
COUCHE_1
 10
39.72250296532075
 20
-42.60697503454481
 30
0.0
  0
VERTEX
  5
C07
  8
COUCHE_1
 10
39.96850247531719
 20
-42.56518368261414
 30
0.0
  0
VERTEX
  5
C08
  8
COUCHE_1
 10
40.49043578316528
 20
-42.42647604777738
 30
0.0
  0
VERTEX
  5
C09
  8
COUCHE_1
 10
41.12683383633776
 20
-42.19622028300962
 30
0.0
  0
VERTEX
  5
C0A
  8
COUCHE_1
 10
41.8926179722519
 20
-41.84597964248
 30
0.0
  0
VERTEX
  5
C0B
  8
COUCHE_1
 10
42.30293834447959
 20
-41.62940523109781
 30
0.0
  0
VERTEX
  5
C0C
  8
COUCHE_1
 10
42.7547487312801
 20
-41.36964820443619
 30
0.0
  0
VERTEX
  5
C0D
  8
COUCHE_1
 10
43.23667124303934
 20
-41.07001752489994
 30
0.0
  0
VERTEX
  5
C0E
  8
COUCHE_1
 10
43.7487582350378
 20
-40.72781599086522
 30
0.0
  0
VERTEX
  5
C0F
  8
COUCHE_1
 10
44.29104796239019
 20
-40.34038337939879
 30
0.0
  0
VERTEX
  5
C10
  8
COUCHE_1
 10
44.86357320747365
 20
-39.90509235736117
 30
0.0
  0
VERTEX
  5
C11
  8
COUCHE_1
 10
45.46636769353214
 20
-39.41934409354349
 30
0.0
  0
VERTEX
  5
C12
  8
COUCHE_1
 10
46.09947064729875
 20
-38.88056392485199
 30
0.0
  0
VERTEX
  5
C13
  8
COUCHE_1
 10
46.76292987130282
 20
-38.28619729842728
 30
0.0
  0
VERTEX
  5
C14
  8
COUCHE_1
 10
47.45680365528066
 20
-37.63370611227538
 30
0.0
  0
VERTEX
  5
C15
  8
COUCHE_1
 10
48.18116181073982
 20
-36.92056550649647
 30
0.0
  0
VERTEX
  5
C16
  8
COUCHE_1
 10
48.93608606340443
 20
-36.14426111030113
 30
0.0
  0
VERTEX
  5
C17
  8
COUCHE_1
 10
49.72166999105627
 20
-35.30228672118393
 30
0.0
  0
VERTEX
  5
C18
  8
COUCHE_1
 10
50.8316622089605
 20
-34.06476017485922
 30
0.0
  0
VERTEX
  5
C19
  8
COUCHE_1
 10
51.84265955479709
 20
-33.85923858785279
 30
0.0
  0
VERTEX
  5
C1A
  8
COUCHE_1
 10
52.51878755457953
 20
-34.22258346978276
 30
0.0
  0
VERTEX
  5
C1B
  8
COUCHE_1
 10
52.9242799258515
 20
-34.59307812111214
 30
0.0
  0
VERTEX
  5
C1C
  8
COUCHE_1
 10
53.80637156902252
 20
-35.55268884053633
 30
0.0
  0
VERTEX
  5
C1D
  8
COUCHE_1
 10
55.09475801545025
 20
-36.90553442156411
 30
0.0
  0
VERTEX
  5
C1E
  8
COUCHE_1
 10
55.88097198533247
 20
-37.6603446399069
 30
0.0
  0
VERTEX
  5
C1F
  8
COUCHE_1
 10
56.77118370551653
 20
-38.44558600042749
 30
0.0
  0
VERTEX
  5
C20
  8
COUCHE_1
 10
57.76509046953075
 20
-39.23677753728736
 30
0.0
  0
VERTEX
  5
C21
  8
COUCHE_1
 10
58.28560585239466
 20
-39.61572417034174
 30
0.0
  0
VERTEX
  5
C22
  8
COUCHE_1
 10
58.83543906831433
 20
-39.98986198136014
 30
0.0
  0
VERTEX
  5
C23
  8
COUCHE_1
 10
59.40701434540509
 20
-40.35089965540401
 30
0.0
  0
VERTEX
  5
C24
  8
COUCHE_1
 10
59.99974855901247
 20
-40.69569316630244
 30
0.0
  0
VERTEX
  5
C25
  8
COUCHE_1
 10
60.61306770408369
 20
-41.02116136098546
 30
0.0
  0
VERTEX
  5
C26
  8
COUCHE_1
 10
61.24642741206684
 20
-41.32429536824021
 30
0.0
  0
VERTEX
  5
C27
  8
COUCHE_1
 10
61.89933918364162
 20
-41.60216487448579
 30
0.0
  0
VERTEX
  5
C28
  8
COUCHE_1
 10
62.57140211538012
 20
-41.85191906861276
 30
0.0
  0
VERTEX
  5
C29
  8
COUCHE_1
 10
63.2623386782579
 20
-42.07077966553263
 30
0.0
  0
VERTEX
  5
C2A
  8
COUCHE_1
 10
63.97203145101148
 20
-42.25602346345168
 30
0.0
  0
VERTEX
  5
C2B
  8
COUCHE_1
 10
64.7005558482391
 20
-42.40495267638871
 30
0.0
  0
VERTEX
  5
C2C
  8
COUCHE_1
 10
65.44820231617187
 20
-42.51485303957299
 30
0.0
  0
VERTEX
  5
C2D
  8
COUCHE_1
 10
66.2154809446687
 20
-42.58294237360205
 30
0.0
  0
SEQEND
  5
C2E
  8
COUCHE_1
  0
POLYLINE
  5
57
  8
COUCHE_1
 66
     1
 10
0.0
 20
0.0
 30
0.0
 70
     1
  0
VERTEX
  5
C2F
  8
COUCHE_1
 10
54.55561952991718
 20
27.33402337142978
 30
0.0
  0
VERTEX
  5
C30
  8
COUCHE_1
 10
55.34805130707688
 20
30.63111722160107
 30
0.0
  0
VERTEX
  5
C31
  8
COUCHE_1
 10
57.06565116629121
 20
29.47744817330761
 30
0.0
  0
VERTEX
  5
C32
  8
COUCHE_1
 10
57.33885954173998
 20
29.31770134174584
 30
0.0
  0
VERTEX
  5
C33
  8
COUCHE_1
 10
58.38007297228324
 20
28.64330311153752
 30
0.0
  0
VERTEX
  5
C34
  8
COUCHE_1
 10
59.08819150007778
 20
28.11147011263476
 30
0.0
  0
VERTEX
  5
C35
  8
COUCHE_1
 10
59.85699750138333
 20
27.45831172507911
 30
0.0
  0
VERTEX
  5
C36
  8
COUCHE_1
 10
60.65795273568069
 20
26.67822769854133
 30
0.0
  0
VERTEX
  5
C37
  8
COUCHE_1
 10
61.076428441502
 20
26.22292202710711
 30
0.0
  0
VERTEX
  5
C38
  8
COUCHE_1
 10
61.4870396239379
 20
25.73894377180807
 30
0.0
  0
VERTEX
  5
C39
  8
COUCHE_1
 10
61.8933721810421
 20
25.2175869271606
 30
0.0
  0
VERTEX
  5
C3A
  8
COUCHE_1
 10
62.29176877071426
 20
24.65805358400184
 30
0.0
  0
VERTEX
  5
C3B
  8
COUCHE_1
 10
62.67856829226233
 20
24.0595885463179
 30
0.0
  0
VERTEX
  5
C3C
  8
COUCHE_1
 10
63.0501137935264
 20
23.42148237428687
 30
0.0
  0
VERTEX
  5
C3D
  8
COUCHE_1
 10
63.40276185250303
 20
22.74307221202628
 30
0.0
  0
VERTEX
  5
C3E
  8
COUCHE_1
 10
63.73289273476643
 20
22.0237400775445
 30
0.0
  0
VERTEX
  5
C3F
  8
COUCHE_1
 10
64.03692049937875
 20
21.26290847413246
 30
0.0
  0
VERTEX
  5
C40
  8
COUCHE_1
 10
64.31130216654799
 20
20.4600334270376
 30
0.0
  0
VERTEX
  5
C41
  8
COUCHE_1
 10
64.55254510241524
 20
19.61459531874063
 30
0.0
  0
VERTEX
  5
C42
  8
COUCHE_1
 10
64.75721193029231
 20
18.72608814519473
 30
0.0
  0
VERTEX
  5
C43
  8
COUCHE_1
 10
64.92192252986773
 20
17.79400799525981
 30
0.0
  0
VERTEX
  5
C44
  8
COUCHE_1
 10
65.04335299794649
 20
16.81784163403471
 30
0.0
  0
VERTEX
  5
C45
  8
COUCHE_1
 10
65.11823176519253
 20
15.79705603199268
 30
0.0
  0
VERTEX
  5
C46
  8
COUCHE_1
 10
65.14333333998387
 20
14.73108953706578
 30
0.0
  0
VERTEX
  5
C47
  8
COUCHE_1
 10
65.11547034216447
 20
13.61934516684065
 30
0.0
  0
VERTEX
  5
C48
  8
COUCHE_1
 10
64.90307782446685
 20
10.6904644741232
 30
0.0
  0
VERTEX
  5
C49
  8
COUCHE_1
 10
62.34245572408478
 20
11.88582099708893
 30
0.0
  0
VERTEX
  5
C4A
  8
COUCHE_1
 10
61.59376096677178
 20
12.2577559701354
 30
0.0
  0
VERTEX
  5
C4B
  8
COUCHE_1
 10
60.88194764752677
 20
12.63556565577293
 30
0.0
  0
VERTEX
  5
C4C
  8
COUCHE_1
 10
60.20638699133473
 20
13.02026165395359
 30
0.0
  0
VERTEX
  5
C4D
  8
COUCHE_1
 10
59.5665221122461
 20
13.41287671949364
 30
0.0
  0
VERTEX
  5
C4E
  8
COUCHE_1
 10
58.96188796913412
 20
13.81445199904555
 30
0.0
  0
VERTEX
  5
C4F
  8
COUCHE_1
 10
58.39213133301014
 20
14.22601745193338
 30
0.0
  0
VERTEX
  5
C50
  8
COUCHE_1
 10
57.85702786545253
 20
14.64856455951893
 30
0.0
  0
VERTEX
  5
C51
  8
COUCHE_1
 10
57.35649223588236
 20
15.08301148868576
 30
0.0
  0
VERTEX
  5
C52
  8
COUCHE_1
 10
56.89057639535578
 20
15.53016264621519
 30
0.0
  0
VERTEX
  5
C53
  8
COUCHE_1
 10
56.45945126199872
 20
15.99066692191308
 30
0.0
  0
VERTEX
  5
C54
  8
COUCHE_1
 10
56.06336876461574
 20
16.46498136158761
 30
0.0
  0
VERTEX
  5
C55
  8
COUCHE_1
 10
55.70260471794708
 20
16.95334860473728
 30
0.0
  0
VERTEX
  5
C56
  8
COUCHE_1
 10
55.37738790211625
 20
17.45579605117238
 30
0.0
  0
VERTEX
  5
C57
  8
COUCHE_1
 10
55.08782558532631
 20
17.97216164376529
 30
0.0
  0
VERTEX
  5
C58
  8
COUCHE_1
 10
54.83383856705166
 20
18.50214566080492
 30
0.0
  0
VERTEX
  5
C59
  8
COUCHE_1
 10
54.61511800105572
 20
19.04538157510198
 30
0.0
  0
VERTEX
  5
C5A
  8
COUCHE_1
 10
54.43111157267018
 20
19.60151419057598
 30
0.0
  0
VERTEX
  5
C5B
  8
COUCHE_1
 10
54.28103962398767
 20
20.17027182536856
 30
0.0
  0
VERTEX
  5
C5C
  8
COUCHE_1
 10
54.1639351568189
 20
20.7515217108962
 30
0.0
  0
VERTEX
  5
C5D
  8
COUCHE_1
 10
54.07869756601494
 20
21.34530279803804
 30
0.0
  0
VERTEX
  5
C5E
  8
COUCHE_1
 10
54.02414932749286
 20
21.95183571609393
 30
0.0
  0
VERTEX
  5
C5F
  8
COUCHE_1
 10
53.99908703535423
 20
22.5715138928979
 30
0.0
  0
VERTEX
  5
C60
  8
COUCHE_1
 10
54.00232168726892
 20
23.20488196584469
 30
0.0
  0
VERTEX
  5
C61
  8
COUCHE_1
 10
54.03270654571675
 20
23.85260774143943
 30
0.0
  0
VERTEX
  5
C62
  8
COUCHE_1
 10
54.08915341081874
 20
24.51545280539779
 30
0.0
  0
VERTEX
  5
C63
  8
COUCHE_1
 10
54.17063950865065
 20
25.19424523430925
 30
0.0
  0
VERTEX
  5
C64
  8
COUCHE_1
 10
54.27721110790502
 20
25.89646850075638
 30
0.0
  0
SEQEND
  5
C65
  8
COUCHE_1
  0
POLYLINE
  5
58
  8
COUCHE_1
 66
     1
 10
0.0
 20
0.0
 30
0.0
 70
     1
  0
VERTEX
  5
C66
  8
COUCHE_1
 10
56.39753101702077
 20
31.20875927386018
 30
0.0
  0
VERTEX
  5
C67
  8
COUCHE_1
 10
58.28089215276351
 20
33.30173164243585
 30
0.0
  0
VERTEX
  5
C68
  8
COUCHE_1
 10
58.84350537343662
 20
33.8955598877988
 30
0.0
  0
VERTEX
  5
C69
  8
COUCHE_1
 10
59.28759602516917
 20
34.30901146087658
 30
0.0
  0
VERTEX
  5
C6A
  8
COUCHE_1
 10
59.82264242352588
 20
34.75700665544295
 30
0.0
  0
VERTEX
  5
C6B
  8
COUCHE_1
 10
60.4589760992647
 20
35.23001726060042
 30
0.0
  0
VERTEX
  5
C6C
  8
COUCHE_1
 10
61.1997217825654
 20
35.71179484359416
 30
0.0
  0
VERTEX
  5
C6D
  8
COUCHE_1
 10
62.04782913043159
 20
36.18597786777172
 30
0.0
  0
VERTEX
  5
C6E
  8
COUCHE_1
 10
62.99380627898735
 20
36.63038998726456
 30
0.0
  0
VERTEX
  5
C6F
  8
COUCHE_1
 10
63.52611809556605
 20
36.84582993664018
 30
0.0
  0
VERTEX
  5
C70
  8
COUCHE_1
 10
64.07528180042725
 20
37.04443158239635
 30
0.0
  0
VERTEX
  5
C71
  8
COUCHE_1
 10
64.65282148388174
 20
37.22873315018759
 30
0.0
  0
VERTEX
  5
C72
  8
COUCHE_1
 10
65.25886063603862
 20
37.39669040252939
 30
0.0
  0
VERTEX
  5
C73
  8
COUCHE_1
 10
65.89348796353153
 20
37.54628169149512
 30
0.0
  0
VERTEX
  5
C74
  8
COUCHE_1
 10
66.55676264404866
 20
37.67551382607961
 30
0.0
  0
VERTEX
  5
C75
  8
COUCHE_1
 10
67.24872131330055
 20
37.78242697547712
 30
0.0
  0
VERTEX
  5
C76
  8
COUCHE_1
 10
67.96938640535852
 20
37.86509819961045
 30
0.0
  0
VERTEX
  5
C77
  8
COUCHE_1
 10
68.71877532487447
 20
37.92164331000262
 30
0.0
  0
VERTEX
  5
C78
  8
COUCHE_1
 10
69.4969098449281
 20
37.95021691554262
 30
0.0
  0
VERTEX
  5
C79
  8
COUCHE_1
 10
70.30382510709565
 20
37.94901067663599
 30
0.0
  0
VERTEX
  5
C7A
  8
COUCHE_1
 10
72.66964745595705
 20
37.85627263874278
 30
0.0
  0
VERTEX
  5
C7B
  8
COUCHE_1
 10
72.2515951262321
 20
36.15510653152224
 30
0.0
  0
VERTEX
  5
C7C
  8
COUCHE_1
 10
72.21932038966871
 20
35.89252775616483
 30
0.0
  0
VERTEX
  5
C7D
  8
COUCHE_1
 10
72.2198508970359
 20
35.65070101106275
 30
0.0
  0
VERTEX
  5
C7E
  8
COUCHE_1
 10
72.24916260503748
 20
35.42459001477416
 30
0.0
  0
VERTEX
  5
C7F
  8
COUCHE_1
 10
72.30507208254386
 20
35.20910678188465
 30
0.0
  0
VERTEX
  5
C80
  8
COUCHE_1
 10
72.38699954552115
 20
34.99996306828863
 30
0.0
  0
VERTEX
  5
C81
  8
COUCHE_1
 10
72.4953151984617
 20
34.7942310372927
 30
0.0
  0
VERTEX
  5
C82
  8
COUCHE_1
 10
72.63057382754904
 20
34.59046565269863
 30
0.0
  0
VERTEX
  5
C83
  8
COUCHE_1
 10
72.79291907684451
 20
34.38846806229434
 30
0.0
  0
VERTEX
  5
C84
  8
COUCHE_1
 10
72.981775011887
 20
34.18888350482899
 30
0.0
  0
VERTEX
  5
C85
  8
COUCHE_1
 10
73.1957899310065
 20
33.99280533457414
 30
0.0
  0
VERTEX
  5
C86
  8
COUCHE_1
 10
73.43293216280156
 20
33.80147403785644
 30
0.0
  0
VERTEX
  5
C87
  8
COUCHE_1
 10
73.69064456814725
 20
33.61608788316028
 30
0.0
  0
VERTEX
  5
C88
  8
COUCHE_1
 10
73.95530649324866
 20
33.444631596684
 30
0.0
  0
VERTEX
  5
C89
  8
COUCHE_1
 10
74.55945379421138
 20
33.10458328788493
 30
0.0
  0
VERTEX
  5
C8A
  8
COUCHE_1
 10
75.18076614991719
 20
32.80866122780967
 30
0.0
  0
VERTEX
  5
C8B
  8
COUCHE_1
 10
75.80578983229157
 20
32.55171145012454
 30
0.0
  0
VERTEX
  5
C8C
  8
COUCHE_1
 10
76.40720961643608
 20
32.33485286248884
 30
0.0
  0
VERTEX
  5
C8D
  8
COUCHE_1
 10
76.9518038902315
 20
32.16017067337974
 30
0.0
  0
VERTEX
  5
C8E
  8
COUCHE_1
 10
77.82406660574162
 20
31.91665175676571
 30
0.0
  0
VERTEX
  5
C8F
  8
COUCHE_1
 10
78.332518277221
 20
31.78259131774379
 30
0.0
  0
VERTEX
  5
C90
  8
COUCHE_1
 10
78.82848809624086
 20
31.52328833649003
 30
0.0
  0
VERTEX
  5
C91
  8
COUCHE_1
 10
79.73288856039
 20
31.04254617769173
 30
0.0
  0
VERTEX
  5
C92
  8
COUCHE_1
 10
81.00879982057887
 20
30.32042652473714
 30
0.0
  0
VERTEX
  5
C93
  8
COUCHE_1
 10
82.46639957164393
 20
29.41697110076574
 30
0.0
  0
VERTEX
  5
C94
  8
COUCHE_1
 10
83.22472813198144
 20
28.90218333094385
 30
0.0
  0
VERTEX
  5
C95
  8
COUCHE_1
 10
83.96149322329745
 20
28.36083052390971
 30
0.0
  0
VERTEX
  5
C96
  8
COUCHE_1
 10
84.66327757521915
 20
27.79151177386372
 30
0.0
  0
VERTEX
  5
C97
  8
COUCHE_1
 10
85.31086157771847
 20
27.19448885088307
 30
0.0
  0
VERTEX
  5
C98
  8
COUCHE_1
 10
85.87079643154664
 20
26.58073639198575
 30
0.0
  0
VERTEX
  5
C99
  8
COUCHE_1
 10
86.13208487187924
 20
26.23885125401757
 30
0.0
  0
VERTEX
  5
C9A
  8
COUCHE_1
 10
86.35635250094853
 20
25.89573845374459
 30
0.0
  0
VERTEX
  5
C9B
  8
COUCHE_1
 10
86.54807950154174
 20
25.53565826732748
 30
0.0
  0
VERTEX
  5
C9C
  8
COUCHE_1
 10
86.70005031980271
 20
25.15495143394874
 30
0.0
  0
VERTEX
  5
C9D
  8
COUCHE_1
 10
86.80180068639854
 20
24.75102571386767
 30
0.0
  0
VERTEX
  5
C9E
  8
COUCHE_1
 10
86.92347134092905
 20
23.3732579436453
 30
0.0
  0
VERTEX
  5
C9F
  8
COUCHE_1
 10
84.4053564994753
 20
22.95191552717277
 30
0.0
  0
VERTEX
  5
CA0
  8
COUCHE_1
 10
83.18923353803176
 20
22.70009309894017
 30
0.0
  0
VERTEX
  5
CA1
  8
COUCHE_1
 10
82.08590935534367
 20
22.42588064721961
 30
0.0
  0
VERTEX
  5
CA2
  8
COUCHE_1
 10
81.09117383078225
 20
22.13560784105963
 30
0.0
  0
VERTEX
  5
CA3
  8
COUCHE_1
 10
80.20078747604303
 20
21.83555359683362
 30
0.0
  0
VERTEX
  5
CA4
  8
COUCHE_1
 10
79.41048902741434
 20
21.53193907421056
 30
0.0
  0
VERTEX
  5
CA5
  8
COUCHE_1
 10
78.71600252353603
 20
21.23092097524466
 30
0.0
  0
VERTEX
  5
CA6
  8
COUCHE_1
 10
78.11304131828985
 20
20.9385837233084
 30
0.0
  0
VERTEX
  5
CA7
  8
COUCHE_1
 10
77.59730435095581
 20
20.66092686826919
 30
0.0
  0
VERTEX
  5
CA8
  8
COUCHE_1
 10
77.16445493629853
 20
20.40383885927055
 30
0.0
  0
VERTEX
  5
CA9
  8
COUCHE_1
 10
76.81005809487627
 20
20.17303427807771
 30
0.0
  0
VERTEX
  5
CAA
  8
COUCHE_1
 10
76.53652409952775
 20
19.97893807578536
 30
0.0
  0
VERTEX
  5
CAB
  8
COUCHE_1
 10
76.14765745411226
 20
19.67214883179458
 30
0.0
  0
VERTEX
  5
CAC
  8
COUCHE_1
 10
74.44598426067617
 20
18.26789107493842
 30
0.0
  0
VERTEX
  5
CAD
  8
COUCHE_1
 10
73.78550695176763
 20
20.26190789782538
 30
0.0
  0
VERTEX
  5
CAE
  8
COUCHE_1
 10
73.67515801487333
 20
20.68085161786971
 30
0.0
  0
VERTEX
  5
CAF
  8
COUCHE_1
 10
73.51054969233904
 20
21.25407874651437
 30
0.0
  0
VERTEX
  5
CB0
  8
COUCHE_1
 10
73.26782826405746
 20
21.98419911937284
 30
0.0
  0
VERTEX
  5
CB1
  8
COUCHE_1
 10
72.93171696369295
 20
22.84098353414923
 30
0.0
  0
VERTEX
  5
CB2
  8
COUCHE_1
 10
72.48357534019561
 20
23.80054955379473
 30
0.0
  0
VERTEX
  5
CB3
  8
COUCHE_1
 10
72.22182263785099
 20
24.2911015312409
 30
0.0
  0
VERTEX
  5
CB4
  8
COUCHE_1
 10
71.92406240495669
 20
24.79990371398992
 30
0.0
  0
VERTEX
  5
CB5
  8
COUCHE_1
 10
71.59308066209188
 20
25.31456419102313
 30
0.0
  0
VERTEX
  5
CB6
  8
COUCHE_1
 10
71.2273687551018
 20
25.83085083479223
 30
0.0
  0
VERTEX
  5
CB7
  8
COUCHE_1
 10
70.82542962727915
 20
26.34461221723813
 30
0.0
  0
VERTEX
  5
CB8
  8
COUCHE_1
 10
70.38575536453179
 20
26.85179610943875
 30
0.0
  0
VERTEX
  5
CB9
  8
COUCHE_1
 10
69.90679627167208
 20
27.34846478552629
 30
0.0
  0
VERTEX
  5
CBA
  8
COUCHE_1
 10
69.38692144434542
 20
27.83080394332256
 30
0.0
  0
VERTEX
  5
CBB
  8
COUCHE_1
 10
68.82437257338795
 20
28.29512128570135
 30
0.0
  0
VERTEX
  5
CBC
  8
COUCHE_1
 10
68.21721514439685
 20
28.73783076128648
 30
0.0
  0
VERTEX
  5
CBD
  8
COUCHE_1
 10
67.56329385740507
 20
29.1554196183795
 30
0.0
  0
VERTEX
  5
CBE
  8
COUCHE_1
 10
66.86020114083239
 20
29.54439807802225
 30
0.0
  0
VERTEX
  5
CBF
  8
COUCHE_1
 10
66.10526794096349
 20
29.90123537214837
 30
0.0
  0
VERTEX
  5
CC0
  8
COUCHE_1
 10
65.29558358660944
 20
30.22229018181391
 30
0.0
  0
VERTEX
  5
CC1
  8
COUCHE_1
 10
64.4280463482048
 20
30.50374660811945
 30
0.0
  0
VERTEX
  5
CC2
  8
COUCHE_1
 10
63.49943950280218
 20
30.74156718464271
 30
0.0
  0
VERTEX
  5
CC3
  8
COUCHE_1
 10
62.50652151554506
 20
30.93147143877223
 30
0.0
  0
VERTEX
  5
CC4
  8
COUCHE_1
 10
61.44611567620783
 20
31.06894290047225
 30
0.0
  0
VERTEX
  5
CC5
  8
COUCHE_1
 10
60.31518538673632
 20
31.14926119396418
 30
0.0
  0
SEQEND
  5
CC6
  8
COUCHE_1
  0
POLYLINE
  5
59
  8
COUCHE_1
 66
     1
 10
0.0
 20
0.0
 30
0.0
 70
     1
  0
VERTEX
  5
CC7
  8
COUCHE_1
 10
87.66252518169127
 20
13.34105897038845
 30
0.0
  0
VERTEX
  5
CC8
  8
COUCHE_1
 10
88.9471652110634
 20
13.26235956606458
 30
0.0
  0
VERTEX
  5
CC9
  8
COUCHE_1
 10
90.26764165352243
 20
13.12937411652812
 30
0.0
  0
VERTEX
  5
CCA
  8
COUCHE_1
 10
91.6222952646967
 20
12.93803849497816
 30
0.0
  0
VERTEX
  5
CCB
  8
COUCHE_1
 10
93.00944309104071
 20
12.68433017779699
 30
0.0
  0
VERTEX
  5
CCC
  8
COUCHE_1
 10
94.42738854369624
 20
12.36427209701276
 30
0.0
  0
VERTEX
  5
CCD
  8
COUCHE_1
 10
95.87443276530183
 20
11.97393434623166
 30
0.0
  0
VERTEX
  5
CCE
  8
COUCHE_1
 10
97.34888650678994
 20
11.50943348082909
 30
0.0
  0
VERTEX
  5
CCF
  8
COUCHE_1
 10
98.84908164698675
 20
10.96692938932771
 30
0.0
  0
VERTEX
  5
CD0
  8
COUCHE_1
 10
102.9806413074667
 20
9.27476126066623
 30
0.0
  0
VERTEX
  5
CD1
  8
COUCHE_1
 10
99.27498090508142
 20
7.804336703858017
 30
0.0
  0
VERTEX
  5
CD2
  8
COUCHE_1
 10
98.1868149807238
 20
7.412877564971252
 30
0.0
  0
VERTEX
  5
CD3
  8
COUCHE_1
 10
97.09193863147652
 20
7.057158888832663
 30
0.0
  0
VERTEX
  5
CD4
  8
COUCHE_1
 10
95.99244897738595
 20
6.736096784662112
 30
0.0
  0
VERTEX
  5
CD5
  8
COUCHE_1
 10
94.89042056615364
 20
6.448611263468837
 30
0.0
  0
VERTEX
  5
CD6
  8
COUCHE_1
 10
93.78790784685715
 20
6.193628196962323
 30
0.0
  0
VERTEX
  5
CD7
  8
COUCHE_1
 10
92.68694748182988
 20
5.970080770862995
 30
0.0
  0
VERTEX
  5
CD8
  8
COUCHE_1
 10
91.58956040583244
 20
5.776910526028604
 30
0.0
  0
VERTEX
  5
CD9
  8
COUCHE_1
 10
90.49775356998384
 20
5.613068081284043
 30
0.0
  0
VERTEX
  5
CDA
  8
COUCHE_1
 10
89.41352132843112
 20
5.477513628281341
 30
0.0
  0
VERTEX
  5
CDB
  8
COUCHE_1
 10
88.33884643860435
 20
5.369217283549543
 30
0.0
  0
VERTEX
  5
CDC
  8
COUCHE_1
 10
87.27570065223385
 20
5.287159378208849
 30
0.0
  0
VERTEX
  5
CDD
  8
COUCHE_1
 10
86.22604487365265
 20
5.230330763115215
 30
0.0
  0
VERTEX
  5
CDE
  8
COUCHE_1
 10
85.1918288555867
 20
5.197733208122748
 30
0.0
  0
VERTEX
  5
CDF
  8
COUCHE_1
 10
84.17499038993964
 20
5.188379980197935
 30
0.0
  0
VERTEX
  5
CE0
  8
COUCHE_1
 10
83.17745393192955
 20
5.201296698353305
 30
0.0
  0
VERTEX
  5
CE1
  8
COUCHE_1
 10
82.2011285690075
 20
5.235522586537613
 30
0.0
  0
VERTEX
  5
CE2
  8
COUCHE_1
 10
81.24790520972779
 20
5.290112282930671
 30
0.0
  0
VERTEX
  5
CE3
  8
COUCHE_1
 10
80.31965281911519
 20
5.364138422010961
 30
0.0
  0
VERTEX
  5
CE4
  8
COUCHE_1
 10
79.4182134629848
 20
5.456695294455246
 30
0.0
  0
VERTEX
  5
CE5
  8
COUCHE_1
 10
78.54539583860368
 20
5.566904025713209
 30
0.0
  0
VERTEX
  5
CE6
  8
COUCHE_1
 10
77.7029668591237
 20
5.693919923162462
 30
0.0
  0
VERTEX
  5
CE7
  8
COUCHE_1
 10
76.8926407188555
 20
5.836942967148439
 30
0.0
  0
VERTEX
  5
CE8
  8
COUCHE_1
 10
76.11606469912368
 20
5.995232933678886
 30
0.0
  0
VERTEX
  5
CE9
  8
COUCHE_1
 10
75.37480079870896
 20
6.168131454163766
 30
0.0
  0
VERTEX
  5
CEA
  8
COUCHE_1
 10
74.67030215743083
 20
6.355094637100968
 30
0.0
  0
VERTEX
  5
CEB
  8
COUCHE_1
 10
74.00388337453552
 20
6.55574202424576
 30
0.0
  0
VERTEX
  5
CEC
  8
COUCHE_1
 10
73.37668469118941
 20
6.769931154758511
 30
0.0
  0
VERTEX
  5
CED
  8
COUCHE_1
 10
72.78963281354297
 20
6.997872647439006
 30
0.0
  0
VERTEX
  5
CEE
  8
COUCHE_1
 10
72.24340882458763
 20
7.240309402637377
 30
0.0
  0
VERTEX
  5
CEF
  8
COUCHE_1
 10
71.7384530993453
 20
7.498795369392922
 30
0.0
  0
VERTEX
  5
CF0
  8
COUCHE_1
 10
69.45501363792752
 20
8.865422775746948
 30
0.0
  0
VERTEX
  5
CF1
  8
COUCHE_1
 10
71.61477434084395
 20
9.830800920901298
 30
0.0
  0
VERTEX
  5
CF2
  8
COUCHE_1
 10
72.0328674092995
 20
10.04433243166456
 30
0.0
  0
VERTEX
  5
CF3
  8
COUCHE_1
 10
72.7480623911017
 20
10.39416729713592
 30
0.0
  0
VERTEX
  5
CF4
  8
COUCHE_1
 10
73.71325113736822
 20
10.82834158300543
 30
0.0
  0
VERTEX
  5
CF5
  8
COUCHE_1
 10
74.91292180407406
 20
11.31135934418329
 30
0.0
  0
VERTEX
  5
CF6
  8
COUCHE_1
 10
76.32619445787189
 20
11.80647694306415
 30
0.0
  0
VERTEX
  5
CF7
  8
COUCHE_1
 10
77.12562270266449
 20
12.05351410423228
 30
0.0
  0
VERTEX
  5
CF8
  8
COUCHE_1
 10
77.96883179068128
 20
12.28951226666113
 30
0.0
  0
VERTEX
  5
CF9
  8
COUCHE_1
 10
78.86244825158971
 20
12.51278088281494
 30
0.0
  0
VERTEX
  5
CFA
  8
COUCHE_1
 10
79.80515234580444
 20
12.71916832237618
 30
0.0
  0
VERTEX
  5
CFB
  8
COUCHE_1
 10
80.79560672277404
 20
12.90451377792879
 30
0.0
  0
VERTEX
  5
CFC
  8
COUCHE_1
 10
81.83245007292989
 20
13.06464825419291
 30
0.0
  0
VERTEX
  5
CFD
  8
COUCHE_1
 10
82.91429137501495
 20
13.19539684760404
 30
0.0
  0
VERTEX
  5
CFE
  8
COUCHE_1
 10
84.03970487194442
 20
13.2925822925793
 30
0.0
  0
VERTEX
  5
CFF
  8
COUCHE_1
 10
85.20722604346257
 20
13.35202972100133
 30
0.0
  0
VERTEX
  5
D00
  8
COUCHE_1
 10
86.41534892868623
 20
13.36957250785663
 30
0.0
  0
SEQEND
  5
D01
  8
COUCHE_1
  0
POLYLINE
  5
5A
  8
COUCHE_1
 66
     1
 10
0.0
 20
0.0
 30
0.0
 70
     1
  0
VERTEX
  5
D02
  8
COUCHE_1
 10
107.4799621707017
 20
8.684208425232345
 30
0.0
  0
VERTEX
  5
D03
  8
COUCHE_1
 10
111.9570940653268
 20
5.95184084084292
 30
0.0
  0
VERTEX
  5
D04
  8
COUCHE_1
 10
114.0702011857759
 20
4.608280973576727
 30
0.0
  0
VERTEX
  5
D05
  8
COUCHE_1
 10
115.7417865740013
 20
3.520546968113276
 30
0.0
  0
VERTEX
  5
D06
  8
COUCHE_1
 10
117.0634984131221
 20
2.672811128166375
 30
0.0
  0
VERTEX
  5
D07
  8
COUCHE_1
 10
118.1370760886496
 20
2.039818873968654
 30
0.0
  0
VERTEX
  5
D08
  8
COUCHE_1
 10
118.5856144631117
 20
1.808338319989275
 30
0.0
  0
VERTEX
  5
D09
  8
COUCHE_1
 10
119.0118316868486
 20
1.616215628662027
 30
0.0
  0
VERTEX
  5
D0A
  8
COUCHE_1
 10
119.42252515808
 20
1.461248260633722
 30
0.0
  0
VERTEX
  5
D0B
  8
COUCHE_1
 10
119.8368774651405
 20
1.336387751298438
 30
0.0
  0
VERTEX
  5
D0C
  8
COUCHE_1
 10
120.2759883068411
 20
1.236030032633136
 30
0.0
  0
VERTEX
  5
D0D
  8
COUCHE_1
 10
127.8265018708277
 20
0.0009262738991206
 30
0.0
  0
VERTEX
  5
D0E
  8
COUCHE_1
 10
120.2759883068411
 20
-1.234177484834601
 30
0.0
  0
VERTEX
  5
D0F
  8
COUCHE_1
 10
119.8368774651405
 20
-1.334535203500195
 30
0.0
  0
VERTEX
  5
D10
  8
COUCHE_1
 10
119.4225251580797
 20
-1.459395712835479
 30
0.0
  0
VERTEX
  5
D11
  8
COUCHE_1
 10
119.0118316868486
 20
-1.614363080863785
 30
0.0
  0
VERTEX
  5
D12
  8
COUCHE_1
 10
118.5856144631117
 20
-1.806485772191032
 30
0.0
  0
VERTEX
  5
D13
  8
COUCHE_1
 10
118.1279571146426
 20
-2.042672423295975
 30
0.0
  0
VERTEX
  5
D14
  8
COUCHE_1
 10
117.6259199619955
 20
-2.328460825788153
 30
0.0
  0
VERTEX
  5
D15
  8
COUCHE_1
 10
117.0712799415723
 20
-2.665967567681637
 30
0.0
  0
VERTEX
  5
D16
  8
COUCHE_1
 10
115.7417865740042
 20
-3.518694420312986
 30
0.0
  0
VERTEX
  5
D17
  8
COUCHE_1
 10
114.0702011857788
 20
-4.606428425776146
 30
0.0
  0
VERTEX
  5
D18
  8
COUCHE_1
 10
111.9570940653263
 20
-5.949988293044969
 30
0.0
  0
VERTEX
  5
D19
  8
COUCHE_1
 10
107.4799621707017
 20
-8.6823558774341
 30
0.0
  0
VERTEX
  5
D1A
  8
COUCHE_1
 10
107.263474576598
 20
-6.644895582952439
 30
0.0
  0
VERTEX
  5
D1B
  8
COUCHE_1
 10
107.2227165668919
 20
-6.57649775878737
 30
0.0
  0
VERTEX
  5
D1C
  8
COUCHE_1
 10
107.1200485409245
 20
-6.445615765359611
 30
0.0
  0
VERTEX
  5
D1D
  8
COUCHE_1
 10
106.9585657709064
 20
-6.274925870241222
 30
0.0
  0
VERTEX
  5
D1E
  8
COUCHE_1
 10
106.7531133932888
 20
-6.085760989455673
 30
0.0
  0
VERTEX
  5
D1F
  8
COUCHE_1
 10
106.1698498037606
 20
-5.623986383583914
 30
0.0
  0
VERTEX
  5
D20
  8
COUCHE_1
 10
105.4525203432744
 20
-5.131072549651451
 30
0.0
  0
VERTEX
  5
D21
  8
COUCHE_1
 10
104.625058462613
 20
-4.616868364584287
 30
0.0
  0
VERTEX
  5
D22
  8
COUCHE_1
 10
103.7234705845091
 20
-4.097148307671286
 30
0.0
  0
VERTEX
  5
D23
  8
COUCHE_1
 10
102.785852505609
 20
-3.587154459190887
 30
0.0
  0
VERTEX
  5
D24
  8
COUCHE_1
 10
100.903459091584
 20
-2.626531602519483
 30
0.0
  0
VERTEX
  5
D25
  8
COUCHE_1
 10
99.2463647592511
 20
-1.828854000653676
 30
0.0
  0
VERTEX
  5
D26
  8
COUCHE_1
 10
98.03963529225202
 20
-1.264675447569628
 30
0.0
  0
VERTEX
  5
D27
  8
COUCHE_1
 10
95.4713700798329
 20
0.0009262738991228
 30
0.0
  0
VERTEX
  5
D28
  8
COUCHE_1
 10
98.03963529225229
 20
1.266527995368166
 30
0.0
  0
VERTEX
  5
D29
  8
COUCHE_1
 10
99.24636475925162
 20
1.830706548452214
 30
0.0
  0
VERTEX
  5
D2A
  8
COUCHE_1
 10
100.903459091584
 20
2.62838415031802
 30
0.0
  0
VERTEX
  5
D2B
  8
COUCHE_1
 10
102.7858525056098
 20
3.589007006989717
 30
0.0
  0
VERTEX
  5
D2C
  8
COUCHE_1
 10
103.7234705845091
 20
4.099000855469529
 30
0.0
  0
VERTEX
  5
D2D
  8
COUCHE_1
 10
104.625058462613
 20
4.61872091238253
 30
0.0
  0
VERTEX
  5
D2E
  8
COUCHE_1
 10
105.4525203432744
 20
5.132925097449694
 30
0.0
  0
VERTEX
  5
D2F
  8
COUCHE_1
 10
106.1698498037606
 20
5.625838931382452
 30
0.0
  0
VERTEX
  5
D30
  8
COUCHE_1
 10
106.7531133932888
 20
6.087613537253919
 30
0.0
  0
VERTEX
  5
D31
  8
COUCHE_1
 10
106.9585657709067
 20
6.276778418039466
 30
0.0
  0
VERTEX
  5
D32
  8
COUCHE_1
 10
107.1200485409245
 20
6.44746831315815
 30
0.0
  0
VERTEX
  5
D33
  8
COUCHE_1
 10
107.2227165668916
 20
6.578350306585322
 30
0.0
  0
VERTEX
  5
D34
  8
COUCHE_1
 10
107.2634745765982
 20
6.646748130750684
 30
0.0
  0
SEQEND
  5
D35
  8
COUCHE_1
  0
POLYLINE
  5
5B
  8
COUCHE_1
 66
     1
 10
0.0
 20
0.0
 30
0.0
 70
     1
  0
VERTEX
  5
D36
  8
COUCHE_1
 10
102.9806413074667
 20
-9.272908712867983
 30
0.0
  0
VERTEX
  5
D37
  8
COUCHE_1
 10
98.84908164698442
 20
-10.96507684152975
 30
0.0
  0
VERTEX
  5
D38
  8
COUCHE_1
 10
97.34888650679072
 20
-11.50758093303026
 30
0.0
  0
VERTEX
  5
D39
  8
COUCHE_1
 10
95.87443276530053
 20
-11.97208179843341
 30
0.0
  0
VERTEX
  5
D3A
  8
COUCHE_1
 10
94.42738854369779
 20
-12.36241954921422
 30
0.0
  0
VERTEX
  5
D3B
  8
COUCHE_1
 10
93.00944309104175
 20
-12.68247762999816
 30
0.0
  0
VERTEX
  5
D3C
  8
COUCHE_1
 10
91.62229526469359
 20
-12.9361859471802
 30
0.0
  0
VERTEX
  5
D3D
  8
COUCHE_1
 10
90.26764165352736
 20
-13.12752156872899
 30
0.0
  0
VERTEX
  5
D3E
  8
COUCHE_1
 10
88.94716521106677
 20
-13.26050701826575
 30
0.0
  0
VERTEX
  5
D3F
  8
COUCHE_1
 10
87.66252518169284
 20
-13.33920642258991
 30
0.0
  0
VERTEX
  5
D40
  8
COUCHE_1
 10
86.41534892868727
 20
-13.36771996005809
 30
0.0
  0
VERTEX
  5
D41
  8
COUCHE_1
 10
85.20722604346464
 20
-13.35017717320308
 30
0.0
  0
VERTEX
  5
D42
  8
COUCHE_1
 10
84.03970487194442
 20
-13.29072974478106
 30
0.0
  0
VERTEX
  5
D43
  8
COUCHE_1
 10
82.91429137501262
 20
-13.1935442998055
 30
0.0
  0
VERTEX
  5
D44
  8
COUCHE_1
 10
81.83245007292989
 20
-13.06279570639466
 30
0.0
  0
VERTEX
  5
D45
  8
COUCHE_1
 10
80.79560672276911
 20
-12.90266123012966
 30
0.0
  0
VERTEX
  5
D46
  8
COUCHE_1
 10
79.8051523458073
 20
-12.71731577457852
 30
0.0
  0
VERTEX
  5
D47
  8
COUCHE_1
 10
78.86244825159179
 20
-12.51092833501669
 30
0.0
  0
VERTEX
  5
D48
  8
COUCHE_1
 10
77.96883179068777
 20
-12.28765971886434
 30
0.0
  0
VERTEX
  5
D49
  8
COUCHE_1
 10
77.12562270266761
 20
-12.05166155643462
 30
0.0
  0
VERTEX
  5
D4A
  8
COUCHE_1
 10
76.33413012277609
 20
-11.80707665304172
 30
0.0
  0
VERTEX
  5
D4B
  8
COUCHE_1
 10
75.59566060248545
 20
-11.5580408404698
 30
0.0
  0
VERTEX
  5
D4C
  8
COUCHE_1
 10
74.90474079486866
 20
-11.30621291510551
 30
0.0
  0
VERTEX
  5
D4D
  8
COUCHE_1
 10
73.71325113737004
 20
-10.82648903520776
 30
0.0
  0
VERTEX
  5
D4E
  8
COUCHE_1
 10
72.74806239110119
 20
-10.39231474933738
 30
0.0
  0
VERTEX
  5
D4F
  8
COUCHE_1
 10
72.0420619875923
 20
-10.04697737635798
 30
0.0
  0
VERTEX
  5
D50
  8
COUCHE_1
 10
69.53694767860435
 20
-8.814533103297903
 30
0.0
  0
VERTEX
  5
D51
  8
COUCHE_1
 10
71.738453099344
 20
-7.496942821595257
 30
0.0
  0
VERTEX
  5
D52
  8
COUCHE_1
 10
72.24340882458633
 20
-7.238456854840004
 30
0.0
  0
VERTEX
  5
D53
  8
COUCHE_1
 10
72.78963281353906
 20
-6.996020099642217
 30
0.0
  0
VERTEX
  5
D54
  8
COUCHE_1
 10
73.37668469118681
 20
-6.768078606960847
 30
0.0
  0
VERTEX
  5
D55
  8
COUCHE_1
 10
74.00388337454201
 20
-6.553889476445172
 30
0.0
  0
VERTEX
  5
D56
  8
COUCHE_1
 10
74.67030215742692
 20
-6.353242089303598
 30
0.0
  0
VERTEX
  5
D57
  8
COUCHE_1
 10
75.37480079870377
 20
-6.166278906366689
 30
0.0
  0
VERTEX
  5
D58
  8
COUCHE_1
 10
76.11606469912083
 20
-5.993380385881224
 30
0.0
  0
VERTEX
  5
D59
  8
COUCHE_1
 10
76.89264071885343
 20
-5.835090419350485
 30
0.0
  0
VERTEX
  5
D5A
  8
COUCHE_1
 10
77.70296685912291
 20
-5.692067375364216
 30
0.0
  0
VERTEX
  5
D5B
  8
COUCHE_1
 10
78.54539583860108
 20
-5.565051477915255
 30
0.0
  0
VERTEX
  5
D5C
  8
COUCHE_1
 10
79.41821346298065
 20
-5.454842746657291
 30
0.0
  0
VERTEX
  5
D5D
  8
COUCHE_1
 10
80.31965281912352
 20
-5.362285874211837
 30
0.0
  0
VERTEX
  5
D5E
  8
COUCHE_1
 10
81.24790520972572
 20
-5.288259735132423
 30
0.0
  0
VERTEX
  5
D5F
  8
COUCHE_1
 10
82.20112856901373
 20
-5.233670038739073
 30
0.0
  0
VERTEX
  5
D60
  8
COUCHE_1
 10
83.17745393193162
 20
-5.199444150555059
 30
0.0
  0
VERTEX
  5
D61
  8
COUCHE_1
 10
84.1749903899456
 20
-5.186527432399687
 30
0.0
  0
VERTEX
  5
D62
  8
COUCHE_1
 10
85.19182885558696
 20
-5.195880660324502
 30
0.0
  0
VERTEX
  5
D63
  8
COUCHE_1
 10
86.22604487365084
 20
-5.228478215316969
 30
0.0
  0
VERTEX
  5
D64
  8
COUCHE_1
 10
87.27570065223202
 20
-5.28530683041031
 30
0.0
  0
VERTEX
  5
D65
  8
COUCHE_1
 10
88.33884643860227
 20
-5.367364735751004
 30
0.0
  0
VERTEX
  5
D66
  8
COUCHE_1
 10
89.4135213284319
 20
-5.475661080483095
 30
0.0
  0
VERTEX
  5
D67
  8
COUCHE_1
 10
90.4977535699828
 20
-5.611215533485503
 30
0.0
  0
VERTEX
  5
D68
  8
COUCHE_1
 10
91.58956040583037
 20
-5.775057978229775
 30
0.0
  0
VERTEX
  5
D69
  8
COUCHE_1
 10
92.68694748182936
 20
-5.968228223064458
 30
0.0
  0
VERTEX
  5
D6A
  8
COUCHE_1
 10
93.78790784685691
 20
-6.191775649163787
 30
0.0
  0
VERTEX
  5
D6B
  8
COUCHE_1
 10
94.89042056615261
 20
-6.4467587156703
 30
0.0
  0
VERTEX
  5
D6C
  8
COUCHE_1
 10
95.99244897738986
 20
-6.734244236864745
 30
0.0
  0
VERTEX
  5
D6D
  8
COUCHE_1
 10
97.0919386314799
 20
-7.055306341035003
 30
0.0
  0
VERTEX
  5
D6E
  8
COUCHE_1
 10
98.186814980723
 20
-7.411025017172716
 30
0.0
  0
VERTEX
  5
D6F
  8
COUCHE_1
 10
99.27498090507909
 20
-7.802484156058605
 30
0.0
  0
SEQEND
  5
D70
  8
COUCHE_1
  0
POLYLINE
  5
5C
  8
COUCHE_1
 66
     1
 10
0.0
 20
0.0
 30
0.0
 70
     1
  0
VERTEX
  5
D71
  8
COUCHE_1
 10
86.92347134092905
 20
-23.37140539584706
 30
0.0
  0
VERTEX
  5
D72
  8
COUCHE_1
 10
86.80180068639905
 20
-24.7491731660627
 30
0.0
  0
VERTEX
  5
D73
  8
COUCHE_1
 10
86.70005031980817
 20
-25.1530988861347
 30
0.0
  0
VERTEX
  5
D74
  8
COUCHE_1
 10
86.54807950154668
 20
-25.53380571951783
 30
0.0
  0
VERTEX
  5
D75
  8
COUCHE_1
 10
86.35635250094646
 20
-25.89388590595043
 30
0.0
  0
VERTEX
  5
D76
  8
COUCHE_1
 10
86.1320848718816
 20
-26.23699870621465
 30
0.0
  0
VERTEX
  5
D77
  8
COUCHE_1
 10
85.88023952058182
 20
-26.56652795200348
 30
0.0
  0
VERTEX
  5
D78
  8
COUCHE_1
 10
85.60444502590947
 20
-26.8851235933245
 30
0.0
  0
VERTEX
  5
D79
  8
COUCHE_1
 10
85.29967795113896
 20
-27.20294675146586
 30
0.0
  0
VERTEX
  5
D7A
  8
COUCHE_1
 10
84.66327757520877
 20
-27.78965922607483
 30
0.0
  0
VERTEX
  5
D7B
  8
COUCHE_1
 10
83.96149322329694
 20
-28.35897797611176
 30
0.0
  0
VERTEX
  5
D7C
  8
COUCHE_1
 10
83.2247281319926
 20
-28.90033078313829
 30
0.0
  0
VERTEX
  5
D7D
  8
COUCHE_1
 10
82.47283352488944
 20
-29.4107508941242
 30
0.0
  0
VERTEX
  5
D7E
  8
COUCHE_1
 10
81.72628390565968
 20
-29.88575296774815
 30
0.0
  0
VERTEX
  5
D7F
  8
COUCHE_1
 10
81.00163779803471
 20
-30.32262742281349
 30
0.0
  0
VERTEX
  5
D80
  8
COUCHE_1
 10
79.73288856037908
 20
-31.04069362989904
 30
0.0
  0
VERTEX
  5
D81
  8
COUCHE_1
 10
78.82848809609169
 20
-31.52143578876925
 30
0.0
  0
VERTEX
  5
D82
  8
COUCHE_1
 10
78.33251827722334
 20
-31.78073876994496
 30
0.0
  0
VERTEX
  5
D83
  8
COUCHE_1
 10
77.82406660574162
 20
-31.91479920896746
 30
0.0
  0
VERTEX
  5
D84
  8
COUCHE_1
 10
76.9518038902315
 20
-32.15831812558149
 30
0.0
  0
VERTEX
  5
D85
  8
COUCHE_1
 10
76.40720961643608
 20
-32.33300031469059
 30
0.0
  0
VERTEX
  5
D86
  8
COUCHE_1
 10
75.80578983229157
 20
-32.54985890232599
 30
0.0
  0
VERTEX
  5
D87
  8
COUCHE_1
 10
75.18076614991719
 20
-32.80680868001112
 30
0.0
  0
VERTEX
  5
D88
  8
COUCHE_1
 10
74.55945379421138
 20
-33.10273074008638
 30
0.0
  0
VERTEX
  5
D89
  8
COUCHE_1
 10
73.96931281714097
 20
-33.43489549673789
 30
0.0
  0
VERTEX
  5
D8A
  8
COUCHE_1
 10
73.42060535073425
 20
-33.80956701903182
 30
0.0
  0
VERTEX
  5
D8B
  8
COUCHE_1
 10
73.1957899310065
 20
-33.99095278677589
 30
0.0
  0
VERTEX
  5
D8C
  8
COUCHE_1
 10
72.981775011887
 20
-34.18703095703074
 30
0.0
  0
VERTEX
  5
D8D
  8
COUCHE_1
 10
72.79291907684426
 20
-34.38661551449609
 30
0.0
  0
VERTEX
  5
D8E
  8
COUCHE_1
 10
72.6305738275493
 20
-34.58861310490038
 30
0.0
  0
VERTEX
  5
D8F
  8
COUCHE_1
 10
72.4953151984617
 20
-34.79237848949445
 30
0.0
  0
VERTEX
  5
D90
  8
COUCHE_1
 10
72.38699954552115
 20
-34.99811052049038
 30
0.0
  0
VERTEX
  5
D91
  8
COUCHE_1
 10
72.30507208254386
 20
-35.20725423408639
 30
0.0
  0
VERTEX
  5
D92
  8
COUCHE_1
 10
72.24916260503748
 20
-35.4227374669759
 30
0.0
  0
VERTEX
  5
D93
  8
COUCHE_1
 10
72.2198508970359
 20
-35.6488484632645
 30
0.0
  0
VERTEX
  5
D94
  8
COUCHE_1
 10
72.21932038966871
 20
-35.89067520836658
 30
0.0
  0
VERTEX
  5
D95
  8
COUCHE_1
 10
72.2515951262321
 20
-36.15325398372399
 30
0.0
  0
VERTEX
  5
D96
  8
COUCHE_1
 10
72.66964745595679
 20
-37.85442009094424
 30
0.0
  0
VERTEX
  5
D97
  8
COUCHE_1
 10
70.3038251070798
 20
-37.94715812883774
 30
0.0
  0
VERTEX
  5
D98
  8
COUCHE_1
 10
69.49690984496006
 20
-37.94836436774495
 30
0.0
  0
VERTEX
  5
D99
  8
COUCHE_1
 10
68.71877532488486
 20
-37.91979076220466
 30
0.0
  0
VERTEX
  5
D9A
  8
COUCHE_1
 10
67.9693864053684
 20
-37.86324565181307
 30
0.0
  0
VERTEX
  5
D9B
  8
COUCHE_1
 10
67.24872131331432
 20
-37.78057442768004
 30
0.0
  0
VERTEX
  5
D9C
  8
COUCHE_1
 10
66.5567626440497
 20
-37.67366127828136
 30
0.0
  0
VERTEX
  5
D9D
  8
COUCHE_1
 10
65.89348796353282
 20
-37.54442914369745
 30
0.0
  0
VERTEX
  5
D9E
  8
COUCHE_1
 10
65.25886063602641
 20
-37.39483785472792
 30
0.0
  0
VERTEX
  5
D9F
  8
COUCHE_1
 10
64.65282148386615
 20
-37.22688060238437
 30
0.0
  0
VERTEX
  5
DA0
  8
COUCHE_1
 10
64.0752818004514
 20
-37.04257903460628
 30
0.0
  0
VERTEX
  5
DA1
  8
COUCHE_1
 10
63.52611809557307
 20
-36.84397738884456
 30
0.0
  0
VERTEX
  5
DA2
  8
COUCHE_1
 10
63.00516878111761
 20
-36.63313612919551
 30
0.0
  0
VERTEX
  5
DA3
  8
COUCHE_1
 10
62.5122328276928
 20
-36.41212556103675
 30
0.0
  0
VERTEX
  5
DA4
  8
COUCHE_1
 10
62.03683910068733
 20
-36.17798071392434
 30
0.0
  0
VERTEX
  5
DA5
  8
COUCHE_1
 10
61.19972178257061
 20
-35.70994229579853
 30
0.0
  0
VERTEX
  5
DA6
  8
COUCHE_1
 10
60.45897609925456
 20
-35.22816471279486
 30
0.0
  0
VERTEX
  5
DA7
  8
COUCHE_1
 10
59.82264242352535
 20
-34.75515410764411
 30
0.0
  0
VERTEX
  5
DA8
  8
COUCHE_1
 10
59.28759602516242
 20
-34.30715891307247
 30
0.0
  0
VERTEX
  5
DA9
  8
COUCHE_1
 10
58.84350537343454
 20
-33.89370733999822
 30
0.0
  0
VERTEX
  5
DAA
  8
COUCHE_1
 10
58.28089215279263
 20
-33.29987909466887
 30
0.0
  0
VERTEX
  5
DAB
  8
COUCHE_1
 10
56.36512174286894
 20
-31.17089041777218
 30
0.0
  0
VERTEX
  5
DAC
  8
COUCHE_1
 10
59.722568041165
 20
-31.16502334536597
 30
0.0
  0
VERTEX
  5
DAD
  8
COUCHE_1
 10
60.30504191084813
 20
-31.14812903245373
 30
0.0
  0
VERTEX
  5
DAE
  8
COUCHE_1
 10
61.44611567620783
 20
-31.067090352674
 30
0.0
  0
VERTEX
  5
DAF
  8
COUCHE_1
 10
62.50652151554506
 20
-30.92961889097369
 30
0.0
  0
VERTEX
  5
DB0
  8
COUCHE_1
 10
63.49943950280218
 20
-30.73971463684417
 30
0.0
  0
VERTEX
  5
DB1
  8
COUCHE_1
 10
64.4280463482048
 20
-30.5018940603212
 30
0.0
  0
VERTEX
  5
DB2
  8
COUCHE_1
 10
65.29558358660944
 20
-30.22043763401538
 30
0.0
  0
VERTEX
  5
DB3
  8
COUCHE_1
 10
66.10526794096349
 20
-29.89938282435012
 30
0.0
  0
VERTEX
  5
DB4
  8
COUCHE_1
 10
66.86020114083239
 20
-29.54254553022401
 30
0.0
  0
VERTEX
  5
DB5
  8
COUCHE_1
 10
67.56329385740507
 20
-29.15356707058125
 30
0.0
  0
VERTEX
  5
DB6
  8
COUCHE_1
 10
68.21721514439712
 20
-28.73597821348794
 30
0.0
  0
VERTEX
  5
DB7
  8
COUCHE_1
 10
68.82437257338795
 20
-28.29326873790281
 30
0.0
  0
VERTEX
  5
DB8
  8
COUCHE_1
 10
69.38692144434542
 20
-27.82895139552431
 30
0.0
  0
VERTEX
  5
DB9
  8
COUCHE_1
 10
69.90679627167208
 20
-27.34661223772805
 30
0.0
  0
VERTEX
  5
DBA
  8
COUCHE_1
 10
70.38575536453179
 20
-26.84994356164021
 30
0.0
  0
VERTEX
  5
DBB
  8
COUCHE_1
 10
70.82542962727915
 20
-26.34275966943958
 30
0.0
  0
VERTEX
  5
DBC
  8
COUCHE_1
 10
71.2273687551018
 20
-25.82899828699369
 30
0.0
  0
VERTEX
  5
DBD
  8
COUCHE_1
 10
71.59308066209188
 20
-25.31271164322459
 30
0.0
  0
VERTEX
  5
DBE
  8
COUCHE_1
 10
71.92406240495669
 20
-24.79805116619168
 30
0.0
  0
VERTEX
  5
DBF
  8
COUCHE_1
 10
72.22182263785099
 20
-24.28924898344265
 30
0.0
  0
VERTEX
  5
DC0
  8
COUCHE_1
 10
72.48789669162706
 20
-23.79059834084057
 30
0.0
  0
VERTEX
  5
DC1
  8
COUCHE_1
 10
72.72385585734858
 20
-23.3064339211407
 30
0.0
  0
VERTEX
  5
DC2
  8
COUCHE_1
 10
72.92820894048467
 20
-22.848073320656
 30
0.0
  0
VERTEX
  5
DC3
  8
COUCHE_1
 10
73.26782826405746
 20
-21.9823465715743
 30
0.0
  0
VERTEX
  5
DC4
  8
COUCHE_1
 10
73.51054969233904
 20
-21.25222619871613
 30
0.0
  0
VERTEX
  5
DC5
  8
COUCHE_1
 10
73.67776264746911
 20
-20.66992877495511
 30
0.0
  0
VERTEX
  5
DC6
  8
COUCHE_1
 10
74.3735988018774
 20
-18.20630447103948
 30
0.0
  0
VERTEX
  5
DC7
  8
COUCHE_1
 10
76.14765745411226
 20
-19.67029628399633
 30
0.0
  0
VERTEX
  5
DC8
  8
COUCHE_1
 10
76.52542259874433
 20
-19.96832720152027
 30
0.0
  0
VERTEX
  5
DC9
  8
COUCHE_1
 10
77.17470807643436
 20
-20.40807609534228
 30
0.0
  0
VERTEX
  5
DCA
  8
COUCHE_1
 10
77.59730435095581
 20
-20.65907432047065
 30
0.0
  0
VERTEX
  5
DCB
  8
COUCHE_1
 10
78.11304131828985
 20
-20.93673117550986
 30
0.0
  0
VERTEX
  5
DCC
  8
COUCHE_1
 10
78.71600252353603
 20
-21.22906842744641
 30
0.0
  0
VERTEX
  5
DCD
  8
COUCHE_1
 10
79.41048902741434
 20
-21.53008652641202
 30
0.0
  0
VERTEX
  5
DCE
  8
COUCHE_1
 10
80.20078747604303
 20
-21.83370104903538
 30
0.0
  0
VERTEX
  5
DCF
  8
COUCHE_1
 10
81.09117383078225
 20
-22.13375529326109
 30
0.0
  0
VERTEX
  5
DD0
  8
COUCHE_1
 10
82.08590935534367
 20
-22.42402809942137
 30
0.0
  0
VERTEX
  5
DD1
  8
COUCHE_1
 10
83.18923353803176
 20
-22.69824055114192
 30
0.0
  0
VERTEX
  5
DD2
  8
COUCHE_1
 10
84.4053564994753
 20
-22.95006297937453
 30
0.0
  0
SEQEND
  5
DD3
  8
COUCHE_1
  0
POLYLINE
  5
5D
  8
COUCHE_1
 66
     1
 10
0.0
 20
0.0
 30
0.0
 70
     1
  0
VERTEX
  5
DD4
  8
COUCHE_1
 10
55.32679317438041
 20
-30.54081534529238
 30
0.0
  0
VERTEX
  5
DD5
  8
COUCHE_1
 10
54.55561952991771
 20
-27.33217082363358
 30
0.0
  0
VERTEX
  5
DD6
  8
COUCHE_1
 10
54.27721110790502
 20
-25.89461595295755
 30
0.0
  0
VERTEX
  5
DD7
  8
COUCHE_1
 10
54.17063950865091
 20
-25.19239268651217
 30
0.0
  0
VERTEX
  5
DD8
  8
COUCHE_1
 10
54.08915341081952
 20
-24.51360025760509
 30
0.0
  0
VERTEX
  5
DD9
  8
COUCHE_1
 10
54.03270654571675
 20
-23.85075519364147
 30
0.0
  0
VERTEX
  5
DDA
  8
COUCHE_1
 10
54.00232168726944
 20
-23.20302941805024
 30
0.0
  0
VERTEX
  5
DDB
  8
COUCHE_1
 10
53.99908703535423
 20
-22.56966134509468
 30
0.0
  0
VERTEX
  5
DDC
  8
COUCHE_1
 10
54.02414932749313
 20
-21.94998316829217
 30
0.0
  0
VERTEX
  5
DDD
  8
COUCHE_1
 10
54.07869756601364
 20
-21.34345025024681
 30
0.0
  0
VERTEX
  5
DDE
  8
COUCHE_1
 10
54.1639351568189
 20
-20.74966916309649
 30
0.0
  0
VERTEX
  5
DDF
  8
COUCHE_1
 10
54.28103962398794
 20
-20.16841927756943
 30
0.0
  0
VERTEX
  5
DE0
  8
COUCHE_1
 10
54.43111157266992
 20
-19.59966164277948
 30
0.0
  0
VERTEX
  5
DE1
  8
COUCHE_1
 10
54.61511800105572
 20
-19.04352902730285
 30
0.0
  0
VERTEX
  5
DE2
  8
COUCHE_1
 10
54.83383856705322
 20
-18.50029311300287
 30
0.0
  0
VERTEX
  5
DE3
  8
COUCHE_1
 10
55.08782558532736
 20
-17.970309095965
 30
0.0
  0
VERTEX
  5
DE4
  8
COUCHE_1
 10
55.37738790211625
 20
-17.45394350337442
 30
0.0
  0
VERTEX
  5
DE5
  8
COUCHE_1
 10
55.70260471794631
 20
-16.95149605693961
 30
0.0
  0
VERTEX
  5
DE6
  8
COUCHE_1
 10
56.06336876461574
 20
-16.46312881378878
 30
0.0
  0
VERTEX
  5
DE7
  8
COUCHE_1
 10
56.45945126199067
 20
-15.98881437412359
 30
0.0
  0
VERTEX
  5
DE8
  8
COUCHE_1
 10
56.89057639535891
 20
-15.52831009841343
 30
0.0
  0
VERTEX
  5
DE9
  8
COUCHE_1
 10
57.35649223588548
 20
-15.08115894088458
 30
0.0
  0
VERTEX
  5
DEA
  8
COUCHE_1
 10
57.85702786544993
 20
-14.64671201172214
 30
0.0
  0
VERTEX
  5
DEB
  8
COUCHE_1
 10
58.39213133300937
 20
-14.22416490413601
 30
0.0
  0
VERTEX
  5
DEC
  8
COUCHE_1
 10
58.96188796913594
 20
-13.81259945124613
 30
0.0
  0
VERTEX
  5
DED
  8
COUCHE_1
 10
59.56652211224506
 20
-13.41102417169598
 30
0.0
  0
VERTEX
  5
DEE
  8
COUCHE_1
 10
60.20638699133837
 20
-13.0184091061533
 30
0.0
  0
VERTEX
  5
DEF
  8
COUCHE_1
 10
60.88194764752392
 20
-12.63371310797585
 30
0.0
  0
VERTEX
  5
DF0
  8
COUCHE_1
 10
61.59376096677516
 20
-12.25590342233511
 30
0.0
  0
VERTEX
  5
DF1
  8
COUCHE_1
 10
62.34245572408661
 20
-11.88396844928952
 30
0.0
  0
VERTEX
  5
DF2
  8
COUCHE_1
 10
64.90307782446685
 20
-10.68861192632495
 30
0.0
  0
VERTEX
  5
DF3
  8
COUCHE_1
 10
65.11547034216447
 20
-13.61749261904269
 30
0.0
  0
VERTEX
  5
DF4
  8
COUCHE_1
 10
65.14333333998387
 20
-14.72923698926841
 30
0.0
  0
VERTEX
  5
DF5
  8
COUCHE_1
 10
65.11823176519253
 20
-15.79520348419531
 30
0.0
  0
VERTEX
  5
DF6
  8
COUCHE_1
 10
65.04335299794674
 20
-16.81598908623529
 30
0.0
  0
VERTEX
  5
DF7
  8
COUCHE_1
 10
64.92192252986696
 20
-17.79215544746478
 30
0.0
  0
VERTEX
  5
DF8
  8
COUCHE_1
 10
64.75721193029152
 20
-18.72423559739882
 30
0.0
  0
VERTEX
  5
DF9
  8
COUCHE_1
 10
64.55254510241447
 20
-19.61274277094531
 30
0.0
  0
VERTEX
  5
DFA
  8
COUCHE_1
 10
64.31130216654748
 20
-20.45818087924052
 30
0.0
  0
VERTEX
  5
DFB
  8
COUCHE_1
 10
64.03692049937617
 20
-21.26105592634123
 30
0.0
  0
VERTEX
  5
DFC
  8
COUCHE_1
 10
63.73289273476617
 20
-22.02188752974684
 30
0.0
  0
VERTEX
  5
DFD
  8
COUCHE_1
 10
63.40276185250249
 20
-22.7412196642292
 30
0.0
  0
VERTEX
  5
DFE
  8
COUCHE_1
 10
63.05011379352484
 20
-23.41962982649155
 30
0.0
  0
VERTEX
  5
DFF
  8
COUCHE_1
 10
62.67856829226934
 20
-24.05773599850826
 30
0.0
  0
VERTEX
  5
E00
  8
COUCHE_1
 10
62.29176877071426
 20
-24.65620103620302
 30
0.0
  0
VERTEX
  5
E01
  8
COUCHE_1
 10
61.89337218104026
 20
-25.21573437936498
 30
0.0
  0
VERTEX
  5
E02
  8
COUCHE_1
 10
61.48703962393972
 20
-25.73709122400749
 30
0.0
  0
VERTEX
  5
E03
  8
COUCHE_1
 10
61.07642844150433
 20
-26.22106947930652
 30
0.0
  0
VERTEX
  5
E04
  8
COUCHE_1
 10
60.6651863309598
 20
-26.66850492814681
 30
0.0
  0
VERTEX
  5
E05
  8
COUCHE_1
 10
60.25694790327616
 20
-27.08026501070427
 30
0.0
  0
VERTEX
  5
E06
  8
COUCHE_1
 10
59.84825242429356
 20
-27.46388877647965
 30
0.0
  0
VERTEX
  5
E07
  8
COUCHE_1
 10
59.08819150007804
 20
-28.10961756483651
 30
0.0
  0
VERTEX
  5
E08
  8
COUCHE_1
 10
58.3893634408962
 20
-28.63447294969629
 30
0.0
  0
VERTEX
  5
E09
  8
COUCHE_1
 10
57.79037368938298
 20
-29.03774367832136
 30
0.0
  0
VERTEX
  5
E0A
  8
COUCHE_1
 10
57.33563142402397
 20
-29.31742806101246
 30
0.0
  0
SEQEND
  5
E0B
  8
COUCHE_1
  0
POLYLINE
  5
5E
  8
COUCHE_1
 66
     1
 10
0.0
 20
0.0
 30
0.0
 70
     1
  0
VERTEX
  5
E0C
  8
COUCHE_1
 10
144.9304436530521
 20
10.71457361244739
 30
0.0
  0
VERTEX
  5
E0D
  8
COUCHE_1
 10
148.024910630354
 20
7.664046001097742
 30
0.0
  0
VERTEX
  5
E0E
  8
COUCHE_1
 10
148.9411300883384
 20
6.796534126502347
 30
0.0
  0
VERTEX
  5
E0F
  8
COUCHE_1
 10
149.8283790636919
 20
5.993961828850174
 30
0.0
  0
VERTEX
  5
E10
  8
COUCHE_1
 10
150.6873860510885
 20
5.256188269231721
 30
0.0
  0
VERTEX
  5
E11
  8
COUCHE_1
 10
151.5187741031394
 20
4.583040306388785
 30
0.0
  0
VERTEX
  5
E12
  8
COUCHE_1
 10
152.3230486484353
 20
3.974287046061767
 30
0.0
  0
VERTEX
  5
E13
  8
COUCHE_1
 10
153.1005912011949
 20
3.429603313208464
 30
0.0
  0
VERTEX
  5
E14
  8
COUCHE_1
 10
153.851665741434
 20
2.948519493350445
 30
0.0
  0
VERTEX
  5
E15
  8
COUCHE_1
 10
154.5764483392832
 20
2.530356647656046
 30
0.0
  0
VERTEX
  5
E16
  8
COUCHE_1
 10
155.2750947996454
 20
2.174149787804885
 30
0.0
  0
VERTEX
  5
E17
  8
COUCHE_1
 10
155.9478636984937
 20
1.878570214206853
 30
0.0
  0
VERTEX
  5
E18
  8
COUCHE_1
 10
156.5953087873095
 20
1.64187068192601
 30
0.0
  0
VERTEX
  5
E19
  8
COUCHE_1
 10
157.2185385953396
 20
1.461892551438509
 30
0.0
  0
VERTEX
  5
E1A
  8
COUCHE_1
 10
157.8195063985934
 20
1.336183111694138
 30
0.0
  0
VERTEX
  5
E1B
  8
COUCHE_1
 10
158.4012449503254
 20
1.262257534697107
 30
0.0
  0
VERTEX
  5
E1C
  8
COUCHE_1
 10
159.7807078885689
 20
1.203179796406449
 30
0.0
  0
VERTEX
  5
E1D
  8
COUCHE_1
 10
160.1493447072332
 20
0.577999861818931
 30
0.0
  0
VERTEX
  5
E1E
  8
COUCHE_1
 10
160.2992999434225
 20
0.0009262738991184
 30
0.0
  0
VERTEX
  5
E1F
  8
COUCHE_1
 10
160.1493447072332
 20
-0.5761473140204021
 30
0.0
  0
VERTEX
  5
E20
  8
COUCHE_1
 10
159.7807078885689
 20
-1.201327248607919
 30
0.0
  0
VERTEX
  5
E21
  8
COUCHE_1
 10
158.4012449503254
 20
-1.260404986898869
 30
0.0
  0
VERTEX
  5
E22
  8
COUCHE_1
 10
157.8195063985937
 20
-1.3343305638959
 30
0.0
  0
VERTEX
  5
E23
  8
COUCHE_1
 10
157.2185385953396
 20
-1.460040003640272
 30
0.0
  0
VERTEX
  5
E24
  8
COUCHE_1
 10
156.5953087873089
 20
-1.640018134127772
 30
0.0
  0
VERTEX
  5
E25
  8
COUCHE_1
 10
155.947863698494
 20
-1.876717666408323
 30
0.0
  0
VERTEX
  5
E26
  8
COUCHE_1
 10
155.275094799646
 20
-2.172297240006062
 30
0.0
  0
VERTEX
  5
E27
  8
COUCHE_1
 10
154.5764483392826
 20
-2.528504099858101
 30
0.0
  0
VERTEX
  5
E28
  8
COUCHE_1
 10
153.8516657414342
 20
-2.946666945551915
 30
0.0
  0
VERTEX
  5
E29
  8
COUCHE_1
 10
153.1005912011949
 20
-3.427750765409933
 30
0.0
  0
VERTEX
  5
E2A
  8
COUCHE_1
 10
152.3230486484361
 20
-3.972434498263236
 30
0.0
  0
VERTEX
  5
E2B
  8
COUCHE_1
 10
151.5187741031394
 20
-4.581187758590547
 30
0.0
  0
VERTEX
  5
E2C
  8
COUCHE_1
 10
150.6873860510885
 20
-5.254335721433484
 30
0.0
  0
VERTEX
  5
E2D
  8
COUCHE_1
 10
149.8283790636919
 20
-5.992109281051937
 30
0.0
  0
VERTEX
  5
E2E
  8
COUCHE_1
 10
148.9411300883377
 20
-6.794681578704694
 30
0.0
  0
VERTEX
  5
E2F
  8
COUCHE_1
 10
148.024910630354
 20
-7.662193453299213
 30
0.0
  0
VERTEX
  5
E30
  8
COUCHE_1
 10
144.9304436530518
 20
-10.71272106464944
 30
0.0
  0
VERTEX
  5
E31
  8
COUCHE_1
 10
144.7653786539452
 20
-7.441550914452902
 30
0.0
  0
VERTEX
  5
E32
  8
COUCHE_1
 10
144.7100494960255
 20
-7.078656121377226
 30
0.0
  0
VERTEX
  5
E33
  8
COUCHE_1
 10
144.6204230000055
 20
-6.727620495153541
 30
0.0
  0
VERTEX
  5
E34
  8
COUCHE_1
 10
144.4979387952504
 20
-6.386522896289878
 30
0.0
  0
VERTEX
  5
E35
  8
COUCHE_1
 10
144.3437021763602
 20
-6.054005824527803
 30
0.0
  0
VERTEX
  5
E36
  8
COUCHE_1
 10
144.1587264792186
 20
-5.729303745284225
 30
0.0
  0
VERTEX
  5
E37
  8
COUCHE_1
 10
143.9441326633226
 20
-5.412178823209048
 30
0.0
  0
VERTEX
  5
E38
  8
COUCHE_1
 10
143.701278491007
 20
-5.102803769608193
 30
0.0
  0
VERTEX
  5
E39
  8
COUCHE_1
 10
143.4318170805493
 20
-4.801630705828482
 30
0.0
  0
VERTEX
  5
E3A
  8
COUCHE_1
 10
143.1377010579857
 20
-4.509272913433946
 30
0.0
  0
VERTEX
  5
E3B
  8
COUCHE_1
 10
142.8211532344732
 20
-4.226412312743526
 30
0.0
  0
VERTEX
  5
E3C
  8
COUCHE_1
 10
142.4846219299387
 20
-3.953734897068656
 30
0.0
  0
VERTEX
  5
E3D
  8
COUCHE_1
 10
142.1307334519695
 20
-3.69189046249736
 30
0.0
  0
VERTEX
  5
E3E
  8
COUCHE_1
 10
141.7714593731128
 20
-3.447730259742929
 30
0.0
  0
VERTEX
  5
E3F
  8
COUCHE_1
 10
140.9913225532343
 20
-2.976560966482454
 30
0.0
  0
VERTEX
  5
E40
  8
COUCHE_1
 10
140.1991477707735
 20
-2.563309788923579
 30
0.0
  0
VERTEX
  5
E41
  8
COUCHE_1
 10
139.4079576401512
 20
-2.203687901560623
 30
0.0
  0
VERTEX
  5
E42
  8
COUCHE_1
 10
138.6425435890165
 20
-1.899537492366092
 30
0.0
  0
VERTEX
  5
E43
  8
COUCHE_1
 10
137.9284226542014
 20
-1.652268390387057
 30
0.0
  0
VERTEX
  5
E44
  8
COUCHE_1
 10
137.2927180864327
 20
-1.463110826099362
 30
0.0
  0
VERTEX
  5
E45
  8
COUCHE_1
 10
136.7669356490005
 20
-1.333443269092983
 30
0.0
  0
VERTEX
  5
E46
  8
COUCHE_1
 10
136.3979814449953
 20
-1.26526026947186
 30
0.0
  0
VERTEX
  5
E47
  8
COUCHE_1
 10
135.1555255092431
 20
-1.156229384226582
 30
0.0
  0
VERTEX
  5
E48
  8
COUCHE_1
 10
134.9342784302293
 20
-0.1236304772531229
 30
0.0
  0
VERTEX
  5
E49
  8
COUCHE_1
 10
134.9661146109018
 20
0.2740680617940813
 30
0.0
  0
VERTEX
  5
E4A
  8
COUCHE_1
 10
135.1555255092431
 20
1.158081932025115
 30
0.0
  0
VERTEX
  5
E4B
  8
COUCHE_1
 10
136.3979814449953
 20
1.2671128172701
 30
0.0
  0
VERTEX
  5
E4C
  8
COUCHE_1
 10
136.7669356490008
 20
1.335295816891223
 30
0.0
  0
VERTEX
  5
E4D
  8
COUCHE_1
 10
137.2927180864327
 20
1.464963373897895
 30
0.0
  0
VERTEX
  5
E4E
  8
COUCHE_1
 10
137.9284226542014
 20
1.654120938185298
 30
0.0
  0
VERTEX
  5
E4F
  8
COUCHE_1
 10
138.6425435890165
 20
1.901390040164625
 30
0.0
  0
VERTEX
  5
E50
  8
COUCHE_1
 10
139.4079576401512
 20
2.205540449359155
 30
0.0
  0
VERTEX
  5
E51
  8
COUCHE_1
 10
140.1991477707735
 20
2.565162336721819
 30
0.0
  0
VERTEX
  5
E52
  8
COUCHE_1
 10
140.9913225532343
 20
2.978413514280693
 30
0.0
  0
VERTEX
  5
E53
  8
COUCHE_1
 10
141.771459373113
 20
3.449582807541753
 30
0.0
  0
VERTEX
  5
E54
  8
COUCHE_1
 10
142.1307334519689
 20
3.693743010295308
 30
0.0
  0
VERTEX
  5
E55
  8
COUCHE_1
 10
142.4846219299387
 20
3.955587444866895
 30
0.0
  0
VERTEX
  5
E56
  8
COUCHE_1
 10
142.8211532344732
 20
4.228264860542057
 30
0.0
  0
VERTEX
  5
E57
  8
COUCHE_1
 10
143.1377010579857
 20
4.511125461232185
 30
0.0
  0
VERTEX
  5
E58
  8
COUCHE_1
 10
143.4318170805498
 20
4.803483253627306
 30
0.0
  0
VERTEX
  5
E59
  8
COUCHE_1
 10
143.701278491007
 20
5.104656317406723
 30
0.0
  0
VERTEX
  5
E5A
  8
COUCHE_1
 10
143.9441326633226
 20
5.414031371007287
 30
0.0
  0
VERTEX
  5
E5B
  8
COUCHE_1
 10
144.1587264792186
 20
5.731156293082463
 30
0.0
  0
VERTEX
  5
E5C
  8
COUCHE_1
 10
144.3437021763602
 20
6.05585837232604
 30
0.0
  0
VERTEX
  5
E5D
  8
COUCHE_1
 10
144.4979387952504
 20
6.388375444088116
 30
0.0
  0
VERTEX
  5
E5E
  8
COUCHE_1
 10
144.6204230000055
 20
6.729473042951779
 30
0.0
  0
VERTEX
  5
E5F
  8
COUCHE_1
 10
144.7100494960255
 20
7.080508669175756
 30
0.0
  0
VERTEX
  5
E60
  8
COUCHE_1
 10
144.7653786539452
 20
7.44340346225114
 30
0.0
  0
SEQEND
  5
E61
  8
COUCHE_1
  0
POLYLINE
  5
5F
  8
COUCHE_1
 66
     1
 10
0.0
 20
0.0
 30
0.0
 70
     1
  0
VERTEX
  5
E62
  8
COUCHE_1
 10
3.219253177597567
 20
44.94377710691144
 30
0.0
  0
VERTEX
  5
E63
  8
COUCHE_1
 10
32.03453420235014
 20
44.96740231827457
 30
0.0
  0
VERTEX
  5
E64
  8
COUCHE_1
 10
32.17438081647165
 20
44.96194839626033
 30
0.0
  0
VERTEX
  5
E65
  8
COUCHE_1
 10
32.30688123075647
 20
44.94578046025682
 30
0.0
  0
VERTEX
  5
E66
  8
COUCHE_1
 10
32.43193794711281
 20
44.91954218428827
 30
0.0
  0
VERTEX
  5
E67
  8
COUCHE_1
 10
32.5494534674492
 20
44.88387724237892
 30
0.0
  0
VERTEX
  5
E68
  8
COUCHE_1
 10
32.659330293674
 20
44.83942930855271
 30
0.0
  0
VERTEX
  5
E69
  8
COUCHE_1
 10
32.76147092769557
 20
44.78684205683417
 30
0.0
  0
VERTEX
  5
E6A
  8
COUCHE_1
 10
32.85577787142232
 20
44.72675916124752
 30
0.0
  0
VERTEX
  5
E6B
  8
COUCHE_1
 10
32.94215362676272
 20
44.65982429581673
 30
0.0
  0
VERTEX
  5
E6C
  8
COUCHE_1
 10
33.0205006956253
 20
44.58668113456615
 30
0.0
  0
VERTEX
  5
E6D
  8
COUCHE_1
 10
33.09072157991829
 20
44.50797335151989
 30
0.0
  0
VERTEX
  5
E6E
  8
COUCHE_1
 10
33.15271878155007
 20
44.42434462070231
 30
0.0
  0
VERTEX
  5
E6F
  8
COUCHE_1
 10
33.20639480242941
 20
44.33643861613766
 30
0.0
  0
VERTEX
  5
E70
  8
COUCHE_1
 10
33.25165214446454
 20
44.24489901185002
 30
0.0
  0
VERTEX
  5
E71
  8
COUCHE_1
 10
33.28839330956369
 20
44.15036948186349
 30
0.0
  0
VERTEX
  5
E72
  8
COUCHE_1
 10
33.31652079963541
 20
44.05349370020274
 30
0.0
  0
VERTEX
  5
E73
  8
COUCHE_1
 10
33.3359371165883
 20
43.9549153408914
 30
0.0
  0
VERTEX
  5
E74
  8
COUCHE_1
 10
33.34654476233048
 20
43.85527807795402
 30
0.0
  0
VERTEX
  5
E75
  8
COUCHE_1
 10
33.34824623877059
 20
43.75522558541481
 30
0.0
  0
VERTEX
  5
E76
  8
COUCHE_1
 10
33.340944047817
 20
43.65540153729804
 30
0.0
  0
VERTEX
  5
E77
  8
COUCHE_1
 10
33.32454069137795
 20
43.55644960762747
 30
0.0
  0
VERTEX
  5
E78
  8
COUCHE_1
 10
33.29893867136209
 20
43.45901347042779
 30
0.0
  0
VERTEX
  5
E79
  8
COUCHE_1
 10
33.26404048967777
 20
43.36373679972309
 30
0.0
  0
VERTEX
  5
E7A
  8
COUCHE_1
 10
33.21974864823338
 20
43.27126326953774
 30
0.0
  0
VERTEX
  5
E7B
  8
COUCHE_1
 10
33.16596564893729
 20
43.18223655389539
 30
0.0
  0
VERTEX
  5
E7C
  8
COUCHE_1
 10
33.10259399369802
 20
43.09730032682087
 30
0.0
  0
VERTEX
  5
E7D
  8
COUCHE_1
 10
33.02953618442405
 20
43.01709826233812
 30
0.0
  0
VERTEX
  5
E7E
  8
COUCHE_1
 10
32.94669472302376
 20
42.94227403447137
 30
0.0
  0
VERTEX
  5
E7F
  8
COUCHE_1
 10
32.8539721114054
 20
42.87347131724485
 30
0.0
  0
VERTEX
  5
E80
  8
COUCHE_1
 10
32.75127085147747
 20
42.81133378468279
 30
0.0
  0
VERTEX
  5
E81
  8
COUCHE_1
 10
32.63849344514849
 20
42.75650511080945
 30
0.0
  0
VERTEX
  5
E82
  8
COUCHE_1
 10
32.51554239432681
 20
42.70962896964888
 30
0.0
  0
VERTEX
  5
E83
  8
COUCHE_1
 10
32.38232020092094
 20
42.6713490352255
 30
0.0
  0
VERTEX
  5
E84
  8
COUCHE_1
 10
31.90811446538823
 20
42.55564266916972
 30
0.0
  0
VERTEX
  5
E85
  8
COUCHE_1
 10
30.72215612937643
 20
42.24728122836898
 30
0.0
  0
VERTEX
  5
E86
  8
COUCHE_1
 10
29.98275556839243
 20
42.01381157952742
 30
0.0
  0
VERTEX
  5
E87
  8
COUCHE_1
 10
29.16685303215537
 20
41.71204051078104
 30
0.0
  0
VERTEX
  5
E88
  8
COUCHE_1
 10
28.30679468905791
 20
41.33443140384493
 30
0.0
  0
VERTEX
  5
E89
  8
COUCHE_1
 10
27.8924970658759
 20
41.12590690601446
 30
0.0
  0
VERTEX
  5
E8A
  8
COUCHE_1
 10
27.47395453782332
 20
40.89363270666587
 30
0.0
  0
VERTEX
  5
E8B
  8
COUCHE_1
 10
27.06548808868419
 20
40.64241609274446
 30
0.0
  0
VERTEX
  5
E8C
  8
COUCHE_1
 10
26.67130093676673
 20
40.37213073581805
 30
0.0
  0
VERTEX
  5
E8D
  8
COUCHE_1
 10
26.29537053003951
 20
40.08269555655855
 30
0.0
  0
VERTEX
  5
E8E
  8
COUCHE_1
 10
25.94138213478587
 20
39.77401655851498
 30
0.0
  0
VERTEX
  5
E8F
  8
COUCHE_1
 10
25.61267095572392
 20
39.44589489478909
 30
0.0
  0
VERTEX
  5
E90
  8
COUCHE_1
 10
25.31219319036811
 20
39.09789915217892
 30
0.0
  0
VERTEX
  5
E91
  8
COUCHE_1
 10
25.04255295347705
 20
38.72921111201763
 30
0.0
  0
VERTEX
  5
E92
  8
COUCHE_1
 10
24.80611099554096
 20
38.3384714173611
 30
0.0
  0
VERTEX
  5
E93
  8
COUCHE_1
 10
24.60518580377066
 20
37.92366933327246
 30
0.0
  0
VERTEX
  5
E94
  8
COUCHE_1
 10
24.44232609533948
 20
37.48212784515236
 30
0.0
  0
VERTEX
  5
E95
  8
COUCHE_1
 10
24.32059576780811
 20
37.01061946617979
 30
0.0
  0
VERTEX
  5
E96
  8
COUCHE_1
 10
24.24378978466245
 20
36.50560734603719
 30
0.0
  0
VERTEX
  5
E97
  8
COUCHE_1
 10
24.21651241407869
 20
35.96355723375199
 30
0.0
  0
VERTEX
  5
E98
  8
COUCHE_1
 10
24.2440971636429
 20
35.38123667049226
 30
0.0
  0
VERTEX
  5
E99
  8
COUCHE_1
 10
24.27889763500877
 20
35.1348134497086
 30
0.0
  0
VERTEX
  5
E9A
  8
COUCHE_1
 10
25.14961033622026
 20
35.60446782828593
 30
0.0
  0
VERTEX
  5
E9B
  8
COUCHE_1
 10
25.91168636371543
 20
35.96945633248264
 30
0.0
  0
VERTEX
  5
E9C
  8
COUCHE_1
 10
26.78479854459609
 20
36.34160048468908
 30
0.0
  0
VERTEX
  5
E9D
  8
COUCHE_1
 10
27.76239712978604
 20
36.69905387861701
 30
0.0
  0
VERTEX
  5
E9E
  8
COUCHE_1
 10
28.81732617222011
 20
37.01164866927625
 30
0.0
  0
VERTEX
  5
E9F
  8
COUCHE_1
 10
29.39383624573638
 20
37.1490752256904
 30
0.0
  0
VERTEX
  5
EA0
  8
COUCHE_1
 10
29.97684324998013
 20
37.26321113116536
 30
0.0
  0
VERTEX
  5
EA1
  8
COUCHE_1
 10
30.57655411073258
 20
37.353157863355
 30
0.0
  0
VERTEX
  5
EA2
  8
COUCHE_1
 10
31.1913360467229
 20
37.41505067311952
 30
0.0
  0
VERTEX
  5
EA3
  8
COUCHE_1
 10
31.8193889904258
 20
37.44485054540785
 30
0.0
  0
VERTEX
  5
EA4
  8
COUCHE_1
 10
32.4586439766995
 20
37.43835684958211
 30
0.0
  0
VERTEX
  5
EA5
  8
COUCHE_1
 10
33.10664666096112
 20
37.3912554119348
 30
0.0
  0
VERTEX
  5
EA6
  8
COUCHE_1
 10
33.76044487167976
 20
37.2992145483713
 30
0.0
  0
VERTEX
  5
EA7
  8
COUCHE_1
 10
34.41651238599552
 20
37.15803378187832
 30
0.0
  0
VERTEX
  5
EA8
  8
COUCHE_1
 10
35.07074975153508
 20
36.9638329203795
 30
0.0
  0
VERTEX
  5
EA9
  8
COUCHE_1
 10
35.71859719967891
 20
36.71324557317035
 30
0.0
  0
VERTEX
  5
EAA
  8
COUCHE_1
 10
36.35526736628911
 20
36.40356160883161
 30
0.0
  0
VERTEX
  5
EAB
  8
COUCHE_1
 10
36.97606145701393
 20
36.0327628890163
 30
0.0
  0
VERTEX
  5
EAC
  8
COUCHE_1
 10
37.5766923304984
 20
35.59942476392636
 30
0.0
  0
VERTEX
  5
EAD
  8
COUCHE_1
 10
38.15355099261375
 20
35.10248277594411
 30
0.0
  0
VERTEX
  5
EAE
  8
COUCHE_1
 10
38.62281505025874
 20
34.62355820865178
 30
0.0
  0
VERTEX
  5
EAF
  8
COUCHE_1
 10
38.82276786104631
 20
34.45894481833263
 30
0.0
  0
VERTEX
  5
EB0
  8
COUCHE_1
 10
39.14792395542146
 20
34.21702802729519
 30
0.0
  0
VERTEX
  5
EB1
  8
COUCHE_1
 10
40.07472423234785
 20
33.55458003621359
 30
0.0
  0
VERTEX
  5
EB2
  8
COUCHE_1
 10
41.22530055382304
 20
32.69774964515593
 30
0.0
  0
VERTEX
  5
EB3
  8
COUCHE_1
 10
41.86441871152648
 20
32.18543266353649
 30
0.0
  0
VERTEX
  5
EB4
  8
COUCHE_1
 10
42.5178371840442
 20
31.62466121748027
 30
0.0
  0
VERTEX
  5
EB5
  8
COUCHE_1
 10
43.17745425304405
 20
31.01046009852977
 30
0.0
  0
VERTEX
  5
EB6
  8
COUCHE_1
 10
43.83059288355845
 20
30.34128797904748
 30
0.0
  0
VERTEX
  5
EB7
  8
COUCHE_1
 10
44.46440360501423
 20
29.61547416190419
 30
0.0
  0
VERTEX
  5
EB8
  8
COUCHE_1
 10
45.06572809655097
 20
28.83133406557111
 30
0.0
  0
VERTEX
  5
EB9
  8
COUCHE_1
 10
45.61429570282645
 20
27.99751008881067
 30
0.0
  0
VERTEX
  5
EBA
  8
COUCHE_1
 10
45.87569689234203
 20
27.5432358863856
 30
0.0
  0
VERTEX
  5
EBB
  8
COUCHE_1
 10
46.11486232528733
 20
27.08302298791574
 30
0.0
  0
VERTEX
  5
EBC
  8
COUCHE_1
 10
46.33540462725193
 20
26.60738741767687
 30
0.0
  0
VERTEX
  5
EBD
  8
COUCHE_1
 10
46.53549473268863
 20
26.11633287720918
 30
0.0
  0
VERTEX
  5
EBE
  8
COUCHE_1
 10
46.7133007013396
 20
25.60992302724615
 30
0.0
  0
VERTEX
  5
EBF
  8
COUCHE_1
 10
46.85857890386117
 20
25.116866989946
 30
0.0
  0
VERTEX
  5
EC0
  8
COUCHE_1
 10
47.13895403450334
 20
24.17640613731184
 30
0.0
  0
VERTEX
  5
EC1
  8
COUCHE_1
 10
47.48164138233936
 20
23.22305840919988
 30
0.0
  0
VERTEX
  5
EC2
  8
COUCHE_1
 10
47.89645268332445
 20
22.23440970571923
 30
0.0
  0
VERTEX
  5
EC3
  8
COUCHE_1
 10
48.38451063094722
 20
21.21656017941017
 30
0.0
  0
VERTEX
  5
EC4
  8
COUCHE_1
 10
48.94686157634996
 20
20.17543644385932
 30
0.0
  0
VERTEX
  5
EC5
  8
COUCHE_1
 10
49.58450349788312
 20
19.11682950109027
 30
0.0
  0
VERTEX
  5
EC6
  8
COUCHE_1
 10
50.29840455549072
 20
18.04642176904111
 30
0.0
  0
VERTEX
  5
EC7
  8
COUCHE_1
 10
51.08951626508284
 20
16.96980639508851
 30
0.0
  0
VERTEX
  5
EC8
  8
COUCHE_1
 10
51.95878368303104
 20
15.89250119134157
 30
0.0
  0
VERTEX
  5
EC9
  8
COUCHE_1
 10
52.90715402695887
 20
14.81995891683364
 30
0.0
  0
VERTEX
  5
ECA
  8
COUCHE_1
 10
53.93558456652599
 20
13.75757520836736
 30
0.0
  0
VERTEX
  5
ECB
  8
COUCHE_1
 10
55.04505022724564
 20
12.71069516887148
 30
0.0
  0
VERTEX
  5
ECC
  8
COUCHE_1
 10
56.24210002131903
 20
11.67984086167084
 30
0.0
  0
VERTEX
  5
ECD
  8
COUCHE_1
 10
56.86336700291313
 20
11.18072438656777
 30
0.0
  0
VERTEX
  5
ECE
  8
COUCHE_1
 10
57.51110580978348
 20
10.68430266366268
 30
0.0
  0
VERTEX
  5
ECF
  8
COUCHE_1
 10
58.17987820191251
 20
10.19570621638941
 30
0.0
  0
VERTEX
  5
ED0
  8
COUCHE_1
 10
58.86982227017813
 20
9.715586399222165
 30
0.0
  0
VERTEX
  5
ED1
  8
COUCHE_1
 10
59.58107911269062
 20
9.244593312491999
 30
0.0
  0
VERTEX
  5
ED2
  8
COUCHE_1
 10
61.44106971941095
 20
8.073795586246714
 30
0.0
  0
VERTEX
  5
ED3
  8
COUCHE_1
 10
60.12692391777841
 20
6.547404565788369
 30
0.0
  0
VERTEX
  5
ED4
  8
COUCHE_1
 10
59.60376006661261
 20
5.988610892438101
 30
0.0
  0
VERTEX
  5
ED5
  8
COUCHE_1
 10
59.06706321712898
 20
5.455649318863886
 30
0.0
  0
VERTEX
  5
ED6
  8
COUCHE_1
 10
58.51833265081764
 20
4.944550400369625
 30
0.0
  0
VERTEX
  5
ED7
  8
COUCHE_1
 10
57.44876611753686
 20
4.026561368728172
 30
0.0
  0
VERTEX
  5
ED8
  8
COUCHE_1
 10
56.43156664739291
 20
3.229924608937953
 30
0.0
  0
VERTEX
  5
ED9
  8
COUCHE_1
 10
55.53150312625695
 20
2.575911849663681
 30
0.0
  0
VERTEX
  5
EDA
  8
COUCHE_1
 10
54.80564921253915
 20
2.079915182390766
 30
0.0
  0
VERTEX
  5
EDB
  8
COUCHE_1
 10
53.1993172573038
 20
1.03750457716477
 30
0.0
  0
VERTEX
  5
EDC
  8
COUCHE_1
 10
36.36866652812798
 20
17.049584470783
 30
0.0
  0
VERTEX
  5
EDD
  8
COUCHE_1
 10
36.36871266402024
 20
32.63894302040125
 30
0.0
  0
VERTEX
  5
EDE
  8
COUCHE_1
 10
24.36976279526705
 20
32.63894302040125
 30
0.0
  0
VERTEX
  5
EDF
  8
COUCHE_1
 10
23.79102449215388
 20
32.75880330237356
 30
0.0
  0
VERTEX
  5
EE0
  8
COUCHE_1
 10
23.25816068809394
 20
32.639657724724
 30
0.0
  0
VERTEX
  5
EE1
  8
COUCHE_1
 10
17.45019443656976
 20
32.45863128968926
 30
0.0
  0
SEQEND
  5
EE2
  8
COUCHE_1
  0
POLYLINE
  5
60
  8
COUCHE_1
 66
     1
 10
0.0
 20
0.0
 30
0.0
 70
     1
  0
VERTEX
  5
EE3
  8
COUCHE_1
 10
140.4929232355145
 20
-30.72034475938739
 30
0.0
  0
VERTEX
  5
EE4
  8
COUCHE_1
 10
140.3825536364984
 20
-31.06292514643183
 30
0.0
  0
VERTEX
  5
EE5
  8
COUCHE_1
 10
140.0746824250623
 20
-31.65693186952735
 30
0.0
  0
VERTEX
  5
EE6
  8
COUCHE_1
 10
139.7375940950057
 20
-32.25801925607332
 30
0.0
  0
VERTEX
  5
EE7
  8
COUCHE_1
 10
139.38009886163
 20
-32.84944896694146
 30
0.0
  0
VERTEX
  5
EE8
  8
COUCHE_1
 10
139.0025161387044
 20
-33.4308660917826
 30
0.0
  0
VERTEX
  5
EE9
  8
COUCHE_1
 10
138.6051649367016
 20
-34.00191736750556
 30
0.0
  0
VERTEX
  5
EEA
  8
COUCHE_1
 10
138.1883637863237
 20
-34.56225098128748
 30
0.0
  0
VERTEX
  5
EEB
  8
COUCHE_1
 10
137.7524306929975
 20
-35.1115163767391
 30
0.0
  0
VERTEX
  5
EEC
  8
COUCHE_1
 10
137.2976831216745
 20
-35.64936406498043
 30
0.0
  0
VERTEX
  5
EED
  8
COUCHE_1
 10
136.8244380091556
 20
-36.17544544462923
 30
0.0
  0
VERTEX
  5
EEE
  8
COUCHE_1
 10
136.3330118018491
 20
-36.68941263298417
 30
0.0
  0
VERTEX
  5
EEF
  8
COUCHE_1
 10
135.8237205168487
 20
-37.19091831032274
 30
0.0
  0
VERTEX
  5
EF0
  8
COUCHE_1
 10
135.2968798233794
 20
-37.67961557967759
 30
0.0
  0
VERTEX
  5
EF1
  8
COUCHE_1
 10
134.7528051418407
 20
-38.15515784376016
 30
0.0
  0
VERTEX
  5
EF2
  8
COUCHE_1
 10
134.1918117587478
 20
-38.61719869943468
 30
0.0
  0
VERTEX
  5
EF3
  8
COUCHE_1
 10
133.6142149531741
 20
-39.06539185231117
 30
0.0
  0
VERTEX
  5
EF4
  8
COUCHE_1
 10
132.959694837535
 20
-39.54370211750592
 30
0.0
  0
VERTEX
  5
EF5
  8
COUCHE_1
 10
131.620462872769
 20
-40.25593140954056
 30
0.0
  0
VERTEX
  5
EF6
  8
COUCHE_1
 10
130.3176677843863
 20
-40.89094592916108
 30
0.0
  0
VERTEX
  5
EF7
  8
COUCHE_1
 10
128.9901987610808
 20
-41.48172933815556
 30
0.0
  0
VERTEX
  5
EF8
  8
COUCHE_1
 10
127.6396410672943
 20
-42.02792122716458
 30
0.0
  0
VERTEX
  5
EF9
  8
COUCHE_1
 10
126.2675754022527
 20
-42.52916195154439
 30
0.0
  0
VERTEX
  5
EFA
  8
COUCHE_1
 10
124.8755783745486
 20
-42.98509195012706
 30
0.0
  0
VERTEX
  5
EFB
  8
COUCHE_1
 10
123.4652230595335
 20
-43.39535115778798
 30
0.0
  0
VERTEX
  5
EFC
  8
COUCHE_1
 10
122.0380796231121
 20
-43.75957851585733
 30
0.0
  0
VERTEX
  5
EFD
  8
COUCHE_1
 10
120.5957159973589
 20
-44.07741158267174
 30
0.0
  0
VERTEX
  5
EFE
  8
COUCHE_1
 10
119.1396985935623
 20
-44.34848624566645
 30
0.0
  0
VERTEX
  5
EFF
  8
COUCHE_1
 10
117.6715930405283
 20
-44.57243653530864
 30
0.0
  0
VERTEX
  5
F00
  8
COUCHE_1
 10
116.1929649353777
 20
-44.74889454099247
 30
0.0
  0
VERTEX
  5
F01
  8
COUCHE_1
 10
114.7053805955654
 20
-44.87749042838697
 30
0.0
  0
VERTEX
  5
F02
  8
COUCHE_1
 10
113.2104077999702
 20
-44.95785255761966
 30
0.0
  0
VERTEX
  5
F03
  8
COUCHE_1
 10
111.709616507034
 20
-44.98960770115544
 30
0.0
  0
VERTEX
  5
F04
  8
COUCHE_1
 10
110.2364317984138
 20
-44.97274593408631
 30
0.0
  0
VERTEX
  5
F05
  8
COUCHE_1
 10
71.21331576068143
 20
-44.93881442906112
 30
0.0
  0
VERTEX
  5
F06
  8
COUCHE_1
 10
77.52737161642884
 20
-42.61388849426012
 30
0.0
  0
VERTEX
  5
F07
  8
COUCHE_1
 10
78.0245890845404
 20
-42.46353758679257
 30
0.0
  0
VERTEX
  5
F08
  8
COUCHE_1
 10
78.69915599601774
 20
-42.24407379363195
 30
0.0
  0
VERTEX
  5
F09
  8
COUCHE_1
 10
79.55415524131212
 20
-41.92823892826467
 30
0.0
  0
VERTEX
  5
F0A
  8
COUCHE_1
 10
80.56249387719328
 20
-41.49638724970981
 30
0.0
  0
VERTEX
  5
F0B
  8
COUCHE_1
 10
81.09307009820957
 20
-41.24086985414362
 30
0.0
  0
VERTEX
  5
F0C
  8
COUCHE_1
 10
81.65169343330435
 20
-40.94852127272632
 30
0.0
  0
VERTEX
  5
F0D
  8
COUCHE_1
 10
82.22456958036956
 20
-40.62182777329843
 30
0.0
  0
VERTEX
  5
F0E
  8
COUCHE_1
 10
82.80635307310952
 20
-40.25924411012505
 30
0.0
  0
VERTEX
  5
F0F
  8
COUCHE_1
 10
83.39176528157542
 20
-39.85922633488912
 30
0.0
  0
VERTEX
  5
F10
  8
COUCHE_1
 10
83.97561159434031
 20
-39.42021351070436
 30
0.0
  0
VERTEX
  5
F11
  8
COUCHE_1
 10
84.55279358672172
 20
-38.94060466868337
 30
0.0
  0
VERTEX
  5
F12
  8
COUCHE_1
 10
85.11831421476715
 20
-38.41873129394526
 30
0.0
  0
VERTEX
  5
F13
  8
COUCHE_1
 10
85.66727350941329
 20
-37.85282678219198
 30
0.0
  0
VERTEX
  5
F14
  8
COUCHE_1
 10
86.19485236173668
 20
-37.24099569170332
 30
0.0
  0
VERTEX
  5
F15
  8
COUCHE_1
 10
86.69628299070581
 20
-36.58118697545034
 30
0.0
  0
VERTEX
  5
F16
  8
COUCHE_1
 10
87.16680664185459
 20
-35.87117627483349
 30
0.0
  0
VERTEX
  5
F17
  8
COUCHE_1
 10
87.60162174370139
 20
-35.10856226773085
 30
0.0
  0
VERTEX
  5
F18
  8
COUCHE_1
 10
87.9958285141422
 20
-34.29078060284289
 30
0.0
  0
VERTEX
  5
F19
  8
COUCHE_1
 10
88.34437793484875
 20
-33.41513613824912
 30
0.0
  0
VERTEX
  5
F1A
  8
COUCHE_1
 10
88.64203322001202
 20
-32.47885061928405
 30
0.0
  0
VERTEX
  5
F1B
  8
COUCHE_1
 10
88.88552690222498
 20
-31.4701011786346
 30
0.0
  0
VERTEX
  5
F1C
  8
COUCHE_1
 10
88.98159400684118
 20
-30.95466574394226
 30
0.0
  0
VERTEX
  5
F1D
  8
COUCHE_1
 10
89.06313446753637
 20
-30.41325657574789
 30
0.0
  0
VERTEX
  5
F1E
  8
COUCHE_1
 10
89.12772157923372
 20
-29.85461746789232
 30
0.0
  0
VERTEX
  5
F1F
  8
COUCHE_1
 10
89.17461107902453
 20
-29.27842287952959
 30
0.0
  0
VERTEX
  5
F20
  8
COUCHE_1
 10
89.20305073121249
 20
-28.68435584425744
 30
0.0
  0
VERTEX
  5
F21
  8
COUCHE_1
 10
89.2122817681915
 20
-28.07210853331095
 30
0.0
  0
VERTEX
  5
F22
  8
COUCHE_1
 10
89.20154034157034
 20
-27.44138256463324
 30
0.0
  0
VERTEX
  5
F23
  8
COUCHE_1
 10
89.17005893545448
 20
-26.79188907679971
 30
0.0
  0
VERTEX
  5
F24
  8
COUCHE_1
 10
89.11706770203453
 20
-26.12334859416044
 30
0.0
  0
VERTEX
  5
F25
  8
COUCHE_1
 10
89.00765001011624
 20
-25.12345742261909
 30
0.0
  0
VERTEX
  5
F26
  8
COUCHE_1
 10
89.33705355911373
 20
-24.43440700357049
 30
0.0
  0
VERTEX
  5
F27
  8
COUCHE_1
 10
89.94018685940082
 20
-24.12081432606352
 30
0.0
  0
VERTEX
  5
F28
  8
COUCHE_1
 10
90.3093296221312
 20
-24.0192246674427
 30
0.0
  0
VERTEX
  5
F29
  8
COUCHE_1
 10
90.63843305427324
 20
-23.95876895314455
 30
0.0
  0
VERTEX
  5
F2A
  8
COUCHE_1
 10
91.33312576632538
 20
-23.86856077694959
 30
0.0
  0
VERTEX
  5
F2B
  8
COUCHE_1
 10
92.20576930733837
 20
-23.77143207910144
 30
0.0
  0
VERTEX
  5
F2C
  8
COUCHE_1
 10
94.51798260294576
 20
-23.47158406367857
 30
0.0
  0
VERTEX
  5
F2D
  8
COUCHE_1
 10
95.90580406131265
 20
-23.23739650219348
 30
0.0
  0
VERTEX
  5
F2E
  8
COUCHE_1
 10
97.44972942860839
 20
-22.92007163872714
 30
0.0
  0
VERTEX
  5
F2F
  8
COUCHE_1
 10
98.25838615753906
 20
-22.7283826467484
 30
0.0
  0
VERTEX
  5
F30
  8
COUCHE_1
 10
99.10209675515733
 20
-22.50870000834966
 30
0.0
  0
VERTEX
  5
F31
  8
COUCHE_1
 10
99.97188887678617
 20
-22.2604887323231
 30
0.0
  0
VERTEX
  5
F32
  8
COUCHE_1
 10
100.8654049428876
 20
-21.98164525816422
 30
0.0
  0
VERTEX
  5
F33
  8
COUCHE_1
 10
101.7802906222132
 20
-21.67006409223568
 30
0.0
  0
VERTEX
  5
F34
  8
COUCHE_1
 10
102.7141987645157
 20
-21.32363570451417
 30
0.0
  0
VERTEX
  5
F35
  8
COUCHE_1
 10
103.6647922166505
 20
-20.94024417566281
 30
0.0
  0
VERTEX
  5
F36
  8
COUCHE_1
 10
104.62974564179
 20
-20.51776462918725
 30
0.0
  0
VERTEX
  5
F37
  8
COUCHE_1
 10
105.6067463910156
 20
-20.05406051629693
 30
0.0
  0
VERTEX
  5
F38
  8
COUCHE_1
 10
106.5934944416453
 20
-19.54698085306896
 30
0.0
  0
VERTEX
  5
F39
  8
COUCHE_1
 10
107.5877014093928
 20
-18.99435753861249
 30
0.0
  0
VERTEX
  5
F3A
  8
COUCHE_1
 10
108.5870886565881
 20
-18.39400290603019
 30
0.0
  0
VERTEX
  5
F3B
  8
COUCHE_1
 10
109.5893845514822
 20
-17.7437076712845
 30
0.0
  0
VERTEX
  5
F3C
  8
COUCHE_1
 10
110.5923209788395
 20
-17.04123944498914
 30
0.0
  0
VERTEX
  5
F3D
  8
COUCHE_1
 10
111.5936292530407
 20
-16.28434195589796
 30
0.0
  0
VERTEX
  5
F3E
  8
COUCHE_1
 10
114.2820450974091
 20
-14.09134058811932
 30
0.0
  0
VERTEX
  5
F3F
  8
COUCHE_1
 10
115.0513746052716
 20
-17.16276666531168
 30
0.0
  0
VERTEX
  5
F40
  8
COUCHE_1
 10
115.2531712742407
 20
-18.25588276088074
 30
0.0
  0
VERTEX
  5
F41
  8
COUCHE_1
 10
115.3764774862863
 20
-19.31177899705779
 30
0.0
  0
VERTEX
  5
F42
  8
COUCHE_1
 10
115.4241061309486
 20
-20.33020626413542
 30
0.0
  0
VERTEX
  5
F43
  8
COUCHE_1
 10
115.3989089132509
 20
-21.31076290174079
 30
0.0
  0
VERTEX
  5
F44
  8
COUCHE_1
 10
115.303820163155
 20
-22.25289731271763
 30
0.0
  0
VERTEX
  5
F45
  8
COUCHE_1
 10
115.1419013338486
 20
-23.15592498472794
 30
0.0
  0
VERTEX
  5
F46
  8
COUCHE_1
 10
114.9163799943882
 20
-24.0190606660018
 30
0.0
  0
VERTEX
  5
F47
  8
COUCHE_1
 10
114.6306767622188
 20
-24.84146372842158
 30
0.0
  0
VERTEX
  5
F48
  8
COUCHE_1
 10
114.2884148211797
 20
-25.62229192863494
 30
0.0
  0
VERTEX
  5
F49
  8
COUCHE_1
 10
113.8934093786548
 20
-26.3607566975312
 30
0.0
  0
VERTEX
  5
F4A
  8
COUCHE_1
 10
113.4496379961399
 20
-27.05617247854338
 30
0.0
  0
VERTEX
  5
F4B
  8
COUCHE_1
 10
112.9611961567555
 20
-27.70799375533867
 30
0.0
  0
VERTEX
  5
F4C
  8
COUCHE_1
 10
112.432244714653
 20
-28.31583591128481
 30
0.0
  0
VERTEX
  5
F4D
  8
COUCHE_1
 10
111.8669564547264
 20
-28.87947913812259
 30
0.0
  0
VERTEX
  5
F4E
  8
COUCHE_1
 10
111.269467949189
 20
-29.39885736095089
 30
0.0
  0
VERTEX
  5
F4F
  8
COUCHE_1
 10
110.6438408069077
 20
-29.87403592686602
 30
0.0
  0
VERTEX
  5
F50
  8
COUCHE_1
 10
109.9940340298965
 20
-30.30518240954025
 30
0.0
  0
VERTEX
  5
F51
  8
COUCHE_1
 10
109.3238871537781
 20
-30.69253448833789
 30
0.0
  0
VERTEX
  5
F52
  8
COUCHE_1
 10
108.6371125047847
 20
-31.03636784849311
 30
0.0
  0
VERTEX
  5
F53
  8
COUCHE_1
 10
107.9372943135716
 20
-31.33696581655745
 30
0.0
  0
VERTEX
  5
F54
  8
COUCHE_1
 10
107.2278924640925
 20
-31.5945912825326
 30
0.0
  0
VERTEX
  5
F55
  8
COUCHE_1
 10
106.5122491366783
 20
-31.80946052240254
 30
0.0
  0
VERTEX
  5
F56
  8
COUCHE_1
 10
105.7935973728225
 20
-31.9817178666221
 30
0.0
  0
VERTEX
  5
F57
  8
COUCHE_1
 10
105.0750715657601
 20
-32.11140975266401
 30
0.0
  0
VERTEX
  5
F58
  8
COUCHE_1
 10
104.3597210738402
 20
-32.19845654903716
 30
0.0
  0
VERTEX
  5
F59
  8
COUCHE_1
 10
103.6505296548821
 20
-32.24262070436525
 30
0.0
  0
VERTEX
  5
F5A
  8
COUCHE_1
 10
102.9504453489932
 20
-32.24347045214643
 30
0.0
  0
VERTEX
  5
F5B
  8
COUCHE_1
 10
102.2624278719543
 20
-32.20033989415237
 30
0.0
  0
VERTEX
  5
F5C
  8
COUCHE_1
 10
101.5895233295061
 20
-32.1122894910368
 30
0.0
  0
VERTEX
  5
F5D
  8
COUCHE_1
 10
101.2032450083357
 20
-32.03308416526697
 30
0.0
  0
VERTEX
  5
F5E
  8
COUCHE_1
 10
101.1349258185122
 20
-32.14041972862961
 30
0.0
  0
VERTEX
  5
F5F
  8
COUCHE_1
 10
101.0617489404521
 20
-32.2873556215789
 30
0.0
  0
VERTEX
  5
F60
  8
COUCHE_1
 10
101.0052705728108
 20
-32.43922671784193
 30
0.0
  0
VERTEX
  5
F61
  8
COUCHE_1
 10
100.964748801453
 20
-32.59762494204722
 30
0.0
  0
VERTEX
  5
F62
  8
COUCHE_1
 10
100.9401412946377
 20
-32.76390067512887
 30
0.0
  0
VERTEX
  5
F63
  8
COUCHE_1
 10
100.9319347309395
 20
-32.93898599904379
 30
0.0
  0
VERTEX
  5
F64
  8
COUCHE_1
 10
100.9409337118608
 20
-33.12331549660895
 30
0.0
  0
VERTEX
  5
F65
  8
COUCHE_1
 10
100.9680618479672
 20
-33.31683425559061
 30
0.0
  0
VERTEX
  5
F66
  8
COUCHE_1
 10
101.014207429403
 20
-33.51906453188513
 30
0.0
  0
VERTEX
  5
F67
  8
COUCHE_1
 10
101.0801238153139
 20
-33.72919965010196
 30
0.0
  0
VERTEX
  5
F68
  8
COUCHE_1
 10
101.166379025525
 20
-33.94620064135806
 30
0.0
  0
VERTEX
  5
F69
  8
COUCHE_1
 10
101.2733418893406
 20
-34.16888107114289
 30
0.0
  0
VERTEX
  5
F6A
  8
COUCHE_1
 10
101.4011913336643
 20
-34.39597408362996
 30
0.0
  0
VERTEX
  5
F6B
  8
COUCHE_1
 10
101.5499378654442
 20
-34.6261813008782
 30
0.0
  0
VERTEX
  5
F6C
  8
COUCHE_1
 10
101.7194496641142
 20
-34.85820606770944
 30
0.0
  0
VERTEX
  5
F6D
  8
COUCHE_1
 10
101.9094786964641
 20
-35.09077448317809
 30
0.0
  0
VERTEX
  5
F6E
  8
COUCHE_1
 10
102.1099211932471
 20
-35.31187791150788
 30
0.0
  0
VERTEX
  5
F6F
  8
COUCHE_1
 10
102.5999617990416
 20
-35.7791880987209
 30
0.0
  0
VERTEX
  5
F70
  8
COUCHE_1
 10
103.154047307801
 20
-36.21934412276273
 30
0.0
  0
VERTEX
  5
F71
  8
COUCHE_1
 10
103.7789151237144
 20
-36.63451531657803
 30
0.0
  0
VERTEX
  5
F72
  8
COUCHE_1
 10
104.4817171074347
 20
-37.02334680291582
 30
0.0
  0
VERTEX
  5
F73
  8
COUCHE_1
 10
104.8385979112117
 20
-37.19411666691126
 30
0.0
  0
VERTEX
  5
F74
  8
COUCHE_1
 10
105.2223597639828
 20
-37.35971744932088
 30
0.0
  0
VERTEX
  5
F75
  8
COUCHE_1
 10
105.6203471630511
 20
-37.5135032289629
 30
0.0
  0
VERTEX
  5
F76
  8
COUCHE_1
 10
106.0320039075328
 20
-37.65463098830899
 30
0.0
  0
VERTEX
  5
F77
  8
COUCHE_1
 10
106.4567882302334
 20
-37.78227383717293
 30
0.0
  0
VERTEX
  5
F78
  8
COUCHE_1
 10
106.8941752218429
 20
-37.89561809564606
 30
0.0
  0
VERTEX
  5
F79
  8
COUCHE_1
 10
107.3436589189995
 20
-37.99386020170503
 30
0.0
  0
VERTEX
  5
F7A
  8
COUCHE_1
 10
107.8047539892073
 20
-38.07620342058539
 30
0.0
  0
VERTEX
  5
F7B
  8
COUCHE_1
 10
108.2769969258017
 20
-38.14185435812157
 30
0.0
  0
VERTEX
  5
F7C
  8
COUCHE_1
 10
108.7599466559183
 20
-38.19001931012428
 30
0.0
  0
VERTEX
  5
F7D
  8
COUCHE_1
 10
109.2531844656387
 20
-38.21990051259995
 30
0.0
  0
VERTEX
  5
F7E
  8
COUCHE_1
 10
109.7563131605646
 20
-38.23069239044537
 30
0.0
  0
VERTEX
  5
F7F
  8
COUCHE_1
 10
110.2689554075706
 20
-38.22157793172114
 30
0.0
  0
VERTEX
  5
F80
  8
COUCHE_1
 10
110.7907512435803
 20
-38.1917253368219
 30
0.0
  0
VERTEX
  5
F81
  8
COUCHE_1
 10
111.3213547873258
 20
-38.14028510298455
 30
0.0
  0
VERTEX
  5
F82
  8
COUCHE_1
 10
111.8604302458329
 20
-38.06638770149456
 30
0.0
  0
VERTEX
  5
F83
  8
COUCHE_1
 10
112.4076473629855
 20
-37.96914198596539
 30
0.0
  0
VERTEX
  5
F84
  8
COUCHE_1
 10
112.9626765063009
 20
-37.8476344354473
 30
0.0
  0
VERTEX
  5
F85
  8
COUCHE_1
 10
113.5251836235417
 20
-37.70092928837408
 30
0.0
  0
VERTEX
  5
F86
  8
COUCHE_1
 10
114.0948253177838
 20
-37.52806956708255
 30
0.0
  0
VERTEX
  5
F87
  8
COUCHE_1
 10
114.6712442851738
 20
-37.32807893395493
 30
0.0
  0
VERTEX
  5
F88
  8
COUCHE_1
 10
115.2540653337957
 20
-37.0999642657949
 30
0.0
  0
VERTEX
  5
F89
  8
COUCHE_1
 10
115.8428921577402
 20
-36.84271878900356
 30
0.0
  0
VERTEX
  5
F8A
  8
COUCHE_1
 10
116.4373049830215
 20
-36.55532558908653
 30
0.0
  0
VERTEX
  5
F8B
  8
COUCHE_1
 10
117.0368591382557
 20
-36.23676129635904
 30
0.0
  0
VERTEX
  5
F8C
  8
COUCHE_1
 10
117.6410845402203
 20
-35.88599975537407
 30
0.0
  0
VERTEX
  5
F8D
  8
COUCHE_1
 10
118.2494860288575
 20
-35.50201550627202
 30
0.0
  0
VERTEX
  5
F8E
  8
COUCHE_1
 10
118.8615444426954
 20
-35.08378693805702
 30
0.0
  0
VERTEX
  5
F8F
  8
COUCHE_1
 10
119.4767182965401
 20
-34.63029901204334
 30
0.0
  0
VERTEX
  5
F90
  8
COUCHE_1
 10
120.0944459090816
 20
-34.14054549370343
 30
0.0
  0
VERTEX
  5
F91
  8
COUCHE_1
 10
120.7141478273796
 20
-33.61353066888401
 30
0.0
  0
VERTEX
  5
F92
  8
COUCHE_1
 10
121.3352294054849
 20
-33.04827055282215
 30
0.0
  0
VERTEX
  5
F93
  8
COUCHE_1
 10
121.9570834124759
 20
-32.44379362594201
 30
0.0
  0
VERTEX
  5
F94
  8
COUCHE_1
 10
122.5790925677393
 20
-31.79914114831693
 30
0.0
  0
VERTEX
  5
F95
  8
COUCHE_1
 10
123.200631925482
 20
-31.11336711535704
 30
0.0
  0
VERTEX
  5
F96
  8
COUCHE_1
 10
124.4262282159652
 20
-29.67563580685992
 30
0.0
  0
VERTEX
  5
F97
  8
COUCHE_1
 10
125.96497078053
 20
-30.19714890441409
 30
0.0
  0
VERTEX
  5
F98
  8
COUCHE_1
 10
126.5541588514071
 20
-30.37002316678979
 30
0.0
  0
VERTEX
  5
F99
  8
COUCHE_1
 10
127.1391260303304
 20
-30.5163391673696
 30
0.0
  0
VERTEX
  5
F9A
  8
COUCHE_1
 10
127.7193025869385
 20
-30.63755580489262
 30
0.0
  0
VERTEX
  5
F9B
  8
COUCHE_1
 10
128.2940813654926
 20
-30.73509430714202
 30
0.0
  0
VERTEX
  5
F9C
  8
COUCHE_1
 10
128.8628130005899
 20
-30.81034615935809
 30
0.0
  0
VERTEX
  5
F9D
  8
COUCHE_1
 10
129.4248038353266
 20
-30.86468122405607
 30
0.0
  0
VERTEX
  5
F9E
  8
COUCHE_1
 10
129.9793162510684
 20
-30.89945547445004
 30
0.0
  0
VERTEX
  5
F9F
  8
COUCHE_1
 10
130.5255709836162
 20
-30.91601791191197
 30
0.0
  0
VERTEX
  5
FA0
  8
COUCHE_1
 10
131.0525619381065
 20
-30.91572211447538
 30
0.0
  0
VERTEX
  5
FA1
  8
COUCHE_1
 10
132.1077165660517
 20
-30.86945508437672
 30
0.0
  0
VERTEX
  5
FA2
  8
COUCHE_1
 10
133.1045818630597
 20
-30.77255129692463
 30
0.0
  0
VERTEX
  5
FA3
  8
COUCHE_1
 10
134.0472987895464
 20
-30.63556638334319
 30
0.0
  0
VERTEX
  5
FA4
  8
COUCHE_1
 10
134.9284839886913
 20
-30.46970914175441
 30
0.0
  0
VERTEX
  5
FA5
  8
COUCHE_1
 10
135.7409264232447
 20
-30.28628271863118
 30
0.0
  0
VERTEX
  5
FA6
  8
COUCHE_1
 10
136.4779064987111
 20
-30.0965721005097
 30
0.0
  0
VERTEX
  5
FA7
  8
COUCHE_1
 10
137.1337705776903
 20
-29.91164124795668
 30
0.0
  0
VERTEX
  5
FA8
  8
COUCHE_1
 10
137.8497365345938
 20
-29.69899160010094
 30
0.0
  0
VERTEX
  5
FA9
  8
COUCHE_1
 10
137.7980987966252
 20
-29.58586591195839
 30
0.0
  0
VERTEX
  5
FAA
  8
COUCHE_1
 10
137.5981242706964
 20
-29.19115410335548
 30
0.0
  0
VERTEX
  5
FAB
  8
COUCHE_1
 10
137.3921234862209
 20
-28.82177242729314
 30
0.0
  0
VERTEX
  5
FAC
  8
COUCHE_1
 10
136.9344577093772
 20
-28.10155094922102
 30
0.0
  0
VERTEX
  5
FAD
  8
COUCHE_1
 10
136.4508060307786
 20
-27.45029493914556
 30
0.0
  0
VERTEX
  5
FAE
  8
COUCHE_1
 10
135.9434757155886
 20
-26.85549645779768
 30
0.0
  0
VERTEX
  5
FAF
  8
COUCHE_1
 10
135.4209466428123
 20
-26.31450820497729
 30
0.0
  0
VERTEX
  5
FB0
  8
COUCHE_1
 10
134.891833345135
 20
-25.82489409664083
 30
0.0
  0
VERTEX
  5
FB1
  8
COUCHE_1
 10
134.3648735601936
 20
-25.38433420038098
 30
0.0
  0
VERTEX
  5
FB2
  8
COUCHE_1
 10
133.8488649901161
 20
-24.99052691847066
 30
0.0
  0
VERTEX
  5
FB3
  8
COUCHE_1
 10
133.3588202930948
 20
-24.64550413538572
 30
0.0
  0
VERTEX
  5
FB4
  8
COUCHE_1
 10
132.445246659701
 20
-24.06029521786125
 30
0.0
  0
VERTEX
  5
FB5
  8
COUCHE_1
 10
131.6979401856928
 20
-23.61253850094631
 30
0.0
  0
VERTEX
  5
FB6
  8
COUCHE_1
 10
129.1918086609231
 20
-21.94647701751847
 30
0.0
  0
VERTEX
  5
FB7
  8
COUCHE_1
 10
133.6706844839349
 20
-20.66268086643064
 30
0.0
  0
VERTEX
  5
FB8
  8
COUCHE_1
 10
135.5288792604156
 20
-20.08132723541519
 30
0.0
  0
VERTEX
  5
FB9
  8
COUCHE_1
 10
137.2203933656664
 20
-19.49850717963011
 30
0.0
  0
VERTEX
  5
FBA
  8
COUCHE_1
 10
138.7645706429773
 20
-18.90824367027093
 30
0.0
  0
VERTEX
  5
FBB
  8
COUCHE_1
 10
140.1813597626798
 20
-18.30436358056589
 30
0.0
  0
VERTEX
  5
FBC
  8
COUCHE_1
 10
141.4913597790567
 20
-17.6803218810271
 30
0.0
  0
VERTEX
  5
FBD
  8
COUCHE_1
 10
142.7157057523519
 20
-17.02904528719905
 30
0.0
  0
VERTEX
  5
FBE
  8
COUCHE_1
 10
143.8757754412594
 20
-16.34287972525231
 30
0.0
  0
VERTEX
  5
FBF
  8
COUCHE_1
 10
144.9927872316329
 20
-15.61370879411095
 30
0.0
  0
VERTEX
  5
FC0
  8
COUCHE_1
 10
146.0874304235723
 20
-14.83323513502028
 30
0.0
  0
VERTEX
  5
FC1
  8
COUCHE_1
 10
147.1796588839731
 20
-13.99332732612725
 30
0.0
  0
VERTEX
  5
FC2
  8
COUCHE_1
 10
148.2886904539711
 20
-13.08630146475738
 30
0.0
  0
VERTEX
  5
FC3
  8
COUCHE_1
 10
149.4331580597411
 20
-12.10505247496581
 30
0.0
  0
VERTEX
  5
FC4
  8
COUCHE_1
 10
150.6301986884427
 20
-11.04402338770198
 30
0.0
  0
VERTEX
  5
FC5
  8
COUCHE_1
 10
153.2715098070387
 20
-8.642870794540663
 30
0.0
  0
VERTEX
  5
FC6
  8
COUCHE_1
 10
154.0086494765856
 20
-7.997131157213665
 30
0.0
  0
VERTEX
  5
FC7
  8
COUCHE_1
 10
154.7640452848178
 20
-7.391268888071168
 30
0.0
  0
VERTEX
  5
FC8
  8
COUCHE_1
 10
155.5247669235364
 20
-6.834508161491273
 30
0.0
  0
VERTEX
  5
FC9
  8
COUCHE_1
 10
156.2892383157315
 20
-6.326136418189649
 30
0.0
  0
VERTEX
  5
FCA
  8
COUCHE_1
 10
157.0558790540919
 20
-5.865455448323361
 30
0.0
  0
VERTEX
  5
FCB
  8
COUCHE_1
 10
157.8231045701063
 20
-5.451782588472971
 30
0.0
  0
VERTEX
  5
FCC
  8
COUCHE_1
 10
158.58932623393
 20
-5.084452434642233
 30
0.0
  0
VERTEX
  5
FCD
  8
COUCHE_1
 10
159.3529512051724
 20
-4.76281918672747
 30
0.0
  0
VERTEX
  5
FCE
  8
COUCHE_1
 10
160.1123817789542
 20
-4.486259726652816
 30
0.0
  0
VERTEX
  5
FCF
  8
COUCHE_1
 10
160.8660138802536
 20
-4.254177499933627
 30
0.0
  0
VERTEX
  5
FD0
  8
COUCHE_1
 10
161.6122342506902
 20
-4.066007210565449
 30
0.0
  0
VERTEX
  5
FD1
  8
COUCHE_1
 10
162.3494157486685
 20
-3.92122023856124
 30
0.0
  0
VERTEX
  5
FD2
  8
COUCHE_1
 10
163.07591005323
 20
-3.819330531277195
 30
0.0
  0
VERTEX
  5
FD3
  8
COUCHE_1
 10
163.7900369417834
 20
-3.759900482221564
 30
0.0
  0
VERTEX
  5
FD4
  8
COUCHE_1
 10
164.490069236577
 20
-3.742545970234544
 30
0.0
  0
VERTEX
  5
FD5
  8
COUCHE_1
 10
165.1742125458861
 20
-3.766939267314085
 30
0.0
  0
VERTEX
  5
FD6
  8
COUCHE_1
 10
165.8405791610473
 20
-3.83280793187375
 30
0.0
  0
VERTEX
  5
FD7
  8
COUCHE_1
 10
166.4871560493383
 20
-3.939927125084348
 30
0.0
  0
VERTEX
  5
FD8
  8
COUCHE_1
 10
167.1117679776162
 20
-4.088102141418456
 30
0.0
  0
VERTEX
  5
FD9
  8
COUCHE_1
 10
167.7120385719217
 20
-4.277137580378609
 30
0.0
  0
VERTEX
  5
FDA
  8
COUCHE_1
 10
168.2853546064733
 20
-4.506789920769461
 30
0.0
  0
VERTEX
  5
FDB
  8
COUCHE_1
 10
168.8288417717647
 20
-4.776701851463311
 30
0.0
  0
VERTEX
  5
FDC
  8
COUCHE_1
 10
169.3393628363228
 20
-5.086320106749736
 30
0.0
  0
VERTEX
  5
FDD
  8
COUCHE_1
 10
169.8135500986414
 20
-5.434803910464344
 30
0.0
  0
VERTEX
  5
FDE
  8
COUCHE_1
 10
170.2478815208383
 20
-5.820937695616639
 30
0.0
  0
VERTEX
  5
FDF
  8
COUCHE_1
 10
170.6388025350375
 20
-6.243067443698615
 30
0.0
  0
VERTEX
  5
FE0
  8
COUCHE_1
 10
170.9828835366809
 20
-6.699081593621895
 30
0.0
  0
VERTEX
  5
FE1
  8
COUCHE_1
 10
171.2769896812728
 20
-7.186452086751017
 30
0.0
  0
VERTEX
  5
FE2
  8
COUCHE_1
 10
171.5184303918665
 20
-7.702338280874451
 30
0.0
  0
VERTEX
  5
FE3
  8
COUCHE_1
 10
171.7050564280471
 20
-8.243739717852693
 30
0.0
  0
VERTEX
  5
FE4
  8
COUCHE_1
 10
171.8352841119091
 20
-8.807669698517481
 30
0.0
  0
VERTEX
  5
FE5
  8
COUCHE_1
 10
171.917520819329
 20
-9.467323555164564
 30
0.0
  0
VERTEX
  5
FE6
  8
COUCHE_1
 10
171.8597048659529
 20
-9.940844334167474
 30
0.0
  0
VERTEX
  5
FE7
  8
COUCHE_1
 10
171.7638373337057
 20
-10.33403369444482
 30
0.0
  0
VERTEX
  5
FE8
  8
COUCHE_1
 10
171.6254207112168
 20
-10.70971320633221
 30
0.0
  0
VERTEX
  5
FE9
  8
COUCHE_1
 10
171.4487923797034
 20
-11.06541404557913
 30
0.0
  0
VERTEX
  5
FEA
  8
COUCHE_1
 10
171.2385803380504
 20
-11.3996673436752
 30
0.0
  0
VERTEX
  5
FEB
  8
COUCHE_1
 10
170.999288769469
 20
-11.71192676196508
 30
0.0
  0
VERTEX
  5
FEC
  8
COUCHE_1
 10
170.7350259317981
 20
-12.00235680383622
 30
0.0
  0
VERTEX
  5
FED
  8
COUCHE_1
 10
170.4493861794965
 20
-12.27158256247875
 30
0.0
  0
VERTEX
  5
FEE
  8
COUCHE_1
 10
170.1454488765643
 20
-12.52046744178758
 30
0.0
  0
VERTEX
  5
FEF
  8
COUCHE_1
 10
169.8114426728797
 20
-12.76028789087125
 30
0.0
  0
VERTEX
  5
FF0
  8
COUCHE_1
 10
169.1508570176164
 20
-13.15434364782698
 30
0.0
  0
VERTEX
  5
FF1
  8
COUCHE_1
 10
168.4341889782866
 20
-13.49072188694974
 30
0.0
  0
VERTEX
  5
FF2
  8
COUCHE_1
 10
167.6919881005558
 20
-13.76297544751529
 30
0.0
  0
VERTEX
  5
FF3
  8
COUCHE_1
 10
167.1383024861817
 20
-13.91704443287198
 30
0.0
  0
VERTEX
  5
FF4
  8
COUCHE_1
 10
167.7104576033942
 20
-14.08140203332062
 30
0.0
  0
VERTEX
  5
FF5
  8
COUCHE_1
 10
168.3238191769778
 20
-14.20851162626749
 30
0.0
  0
VERTEX
  5
FF6
  8
COUCHE_1
 10
168.9502034397215
 20
-14.29201009759291
 30
0.0
  0
VERTEX
  5
FF7
  8
COUCHE_1
 10
169.5873966146706
 20
-14.33296469964169
 30
0.0
  0
VERTEX
  5
FF8
  8
COUCHE_1
 10
170.2328143137773
 20
-14.33240711660332
 30
0.0
  0
VERTEX
  5
FF9
  8
COUCHE_1
 10
170.8835602746559
 20
-14.29141455036034
 30
0.0
  0
VERTEX
  5
FFA
  8
COUCHE_1
 10
171.5364958930836
 20
-14.21116205948161
 30
0.0
  0
VERTEX
  5
FFB
  8
COUCHE_1
 10
172.1883077639442
 20
-14.09295094615756
 30
0.0
  0
VERTEX
  5
FFC
  8
COUCHE_1
 10
172.8355663134213
 20
-13.93821995738591
 30
0.0
  0
VERTEX
  5
FFD
  8
COUCHE_1
 10
173.4747731331624
 20
-13.74854579022663
 30
0.0
  0
VERTEX
  5
FFE
  8
COUCHE_1
 10
174.1023974892947
 20
-13.52563808195316
 30
0.0
  0
VERTEX
  5
FFF
  8
COUCHE_1
 10
174.7149039744745
 20
-13.27133253125731
 30
0.0
  0
VERTEX
  5
1000
  8
COUCHE_1
 10
175.3087738731992
 20
-12.987584430783
 30
0.0
  0
VERTEX
  5
1001
  8
COUCHE_1
 10
175.8805229377384
 20
-12.67646380403567
 30
0.0
  0
VERTEX
  5
1002
  8
COUCHE_1
 10
176.4267182137121
 20
-12.34015248375111
 30
0.0
  0
VERTEX
  5
1003
  8
COUCHE_1
 10
176.9439964714618
 20
-11.98094272332584
 30
0.0
  0
VERTEX
  5
1004
  8
COUCHE_1
 10
177.4290867423313
 20
-11.60123614610469
 30
0.0
  0
VERTEX
  5
1005
  8
COUCHE_1
 10
177.8788393720164
 20
-11.20354084557995
 30
0.0
  0
VERTEX
  5
1006
  8
COUCHE_1
 10
178.2902637024365
 20
-10.79046309719088
 30
0.0
  0
VERTEX
  5
1007
  8
COUCHE_1
 10
178.6605756168078
 20
-10.36468833197499
 30
0.0
  0
VERTEX
  5
1008
  8
COUCHE_1
 10
178.9872541307486
 20
-9.928943837682501
 30
0.0
  0
VERTEX
  5
1009
  8
COUCHE_1
 10
179.2681021526654
 20
-9.485933604247151
 30
0.0
  0
VERTEX
  5
100A
  8
COUCHE_1
 10
179.5012996328582
 20
-9.03823513622146
 30
0.0
  0
VERTEX
  5
100B
  8
COUCHE_1
 10
179.685427475902
 20
-8.588151416368017
 30
0.0
  0
VERTEX
  5
100C
  8
COUCHE_1
 10
179.8194299656157
 20
-8.137522041289834
 30
0.0
  0
VERTEX
  5
100D
  8
COUCHE_1
 10
180.1974660145773
 20
-6.089109110149029
 30
0.0
  0
VERTEX
  5
100E
  8
COUCHE_1
 10
182.0156199174396
 20
-6.867937738919917
 30
0.0
  0
VERTEX
  5
100F
  8
COUCHE_1
 10
182.6010995897772
 20
-7.106722929287591
 30
0.0
  0
VERTEX
  5
1010
  8
COUCHE_1
 10
183.4782379383903
 20
-7.399986424120524
 30
0.0
  0
VERTEX
  5
1011
  8
COUCHE_1
 10
183.9823314061928
 20
-7.534261317563331
 30
0.0
  0
VERTEX
  5
1012
  8
COUCHE_1
 10
184.5447118493685
 20
-7.653915277680576
 30
0.0
  0
VERTEX
  5
1013
  8
COUCHE_1
 10
185.1436883728825
 20
-7.745653604929807
 30
0.0
  0
VERTEX
  5
1014
  8
COUCHE_1
 10
185.7700807483011
 20
-7.800008957749035
 30
0.0
  0
VERTEX
  5
1015
  8
COUCHE_1
 10
186.4152420198053
 20
-7.808128956520985
 30
0.0
  0
VERTEX
  5
1016
  8
COUCHE_1
 10
187.0895510819041
 20
-7.760437111688869
 30
0.0
  0
VERTEX
  5
1017
  8
COUCHE_1
 10
187.4041348763967
 20
-7.716489694143698
 30
0.0
  0
VERTEX
  5
1018
  8
COUCHE_1
 10
187.7352699986264
 20
-7.653641044947908
 30
0.0
  0
VERTEX
  5
1019
  8
COUCHE_1
 10
188.0666817741902
 20
-7.573014875116042
 30
0.0
  0
VERTEX
  5
101A
  8
COUCHE_1
 10
188.39808245783
 20
-7.473429831241889
 30
0.0
  0
VERTEX
  5
101B
  8
COUCHE_1
 10
188.7292943838449
 20
-7.353582636563931
 30
0.0
  0
VERTEX
  5
101C
  8
COUCHE_1
 10
189.0602145468401
 20
-7.212021896457328
 30
0.0
  0
VERTEX
  5
101D
  8
COUCHE_1
 10
189.1853765795461
 20
-7.149587380208902
 30
0.0
  0
VERTEX
  5
101E
  8
COUCHE_1
 10
189.1666706897481
 20
-7.091168087130837
 30
0.0
  0
VERTEX
  5
101F
  8
COUCHE_1
 10
189.1176643093178
 20
-6.977890379550466
 30
0.0
  0
VERTEX
  5
1020
  8
COUCHE_1
 10
188.9269635896645
 20
-6.6500338425713
 30
0.0
  0
VERTEX
  5
1021
  8
COUCHE_1
 10
188.6689986782388
 20
-6.306696118152449
 30
0.0
  0
VERTEX
  5
1022
  8
COUCHE_1
 10
188.3464025150424
 20
-5.944019627280588
 30
0.0
  0
VERTEX
  5
1023
  8
COUCHE_1
 10
187.9790146744498
 20
-5.575991895998596
 30
0.0
  0
VERTEX
  5
1024
  8
COUCHE_1
 10
187.5884611136504
 20
-5.213701003779684
 30
0.0
  0
VERTEX
  5
1025
  8
COUCHE_1
 10
186.7946684655981
 20
-4.513181056116201
 30
0.0
  0
VERTEX
  5
1026
  8
COUCHE_1
 10
186.125058979448
 20
-3.882027913214208
 30
0.0
  0
VERTEX
  5
1027
  8
COUCHE_1
 10
185.8286789515
 20
-3.511301160235645
 30
0.0
  0
VERTEX
  5
1028
  8
COUCHE_1
 10
185.6639593627858
 20
-3.192575850391373
 30
0.0
  0
VERTEX
  5
1029
  8
COUCHE_1
 10
185.5664786163106
 20
-2.738682362115457
 30
0.0
  0
VERTEX
  5
102A
  8
COUCHE_1
 10
185.7168373781855
 20
-2.135490096928855
 30
0.0
  0
VERTEX
  5
102B
  8
COUCHE_1
 10
186.1878155525088
 20
-1.675268530305878
 30
0.0
  0
VERTEX
  5
102C
  8
COUCHE_1
 10
186.6753445171344
 20
-1.481735060535735
 30
0.0
  0
VERTEX
  5
102D
  8
COUCHE_1
 10
186.9933515857831
 20
-1.432554196933995
 30
0.0
  0
VERTEX
  5
102E
  8
COUCHE_1
 10
187.7004299394243
 20
-1.352717462600843
 30
0.0
  0
VERTEX
  5
102F
  8
COUCHE_1
 10
188.2630197554024
 20
-1.250937999543328
 30
0.0
  0
VERTEX
  5
1030
  8
COUCHE_1
 10
188.7618926911683
 20
-1.124702215814349
 30
0.0
  0
VERTEX
  5
1031
  8
COUCHE_1
 10
189.2016274689351
 20
-0.9797421051820963
 30
0.0
  0
VERTEX
  5
1032
  8
COUCHE_1
 10
189.5867902767428
 20
-0.8213901079989437
 30
0.0
  0
VERTEX
  5
1033
  8
COUCHE_1
 10
189.9217729687446
 20
-0.6546091445617697
 30
0.0
  0
VERTEX
  5
1034
  8
COUCHE_1
 10
190.2106598871596
 20
-0.484072508928117
 30
0.0
  0
VERTEX
  5
1035
  8
COUCHE_1
 10
190.4571502906095
 20
-0.3142719734280703
 30
0.0
  0
VERTEX
  5
1036
  8
COUCHE_1
 10
190.6645488657061
 20
-0.1496227865403026
 30
0.0
  0
VERTEX
  5
1037
  8
COUCHE_1
 10
190.824018047443
 20
-0.0052204387594707
 30
0.0
  0
VERTEX
  5
1038
  8
COUCHE_1
 10
190.8297191995573
 20
0.0009262738991163
 30
0.0
  0
VERTEX
  5
1039
  8
COUCHE_1
 10
190.8240180474433
 20
0.0070729865574109
 30
0.0
  0
VERTEX
  5
103A
  8
COUCHE_1
 10
190.6645488657061
 20
0.1514753343391198
 30
0.0
  0
VERTEX
  5
103B
  8
COUCHE_1
 10
190.4571502906095
 20
0.3161245212263029
 30
0.0
  0
VERTEX
  5
103C
  8
COUCHE_1
 10
190.2106598871594
 20
0.4859250567266418
 30
0.0
  0
VERTEX
  5
103D
  8
COUCHE_1
 10
189.9217729687449
 20
0.6564616923600021
 30
0.0
  0
VERTEX
  5
103E
  8
COUCHE_1
 10
189.5867902767425
 20
0.823242655797469
 30
0.0
  0
VERTEX
  5
103F
  8
COUCHE_1
 10
189.2016274689353
 20
0.9815946529803292
 30
0.0
  0
VERTEX
  5
1040
  8
COUCHE_1
 10
188.7618926911683
 20
1.126554763612582
 30
0.0
  0
VERTEX
  5
1041
  8
COUCHE_1
 10
188.2630197554024
 20
1.252790547341853
 30
0.0
  0
VERTEX
  5
1042
  8
COUCHE_1
 10
187.7004299394243
 20
1.354570010399369
 30
0.0
  0
VERTEX
  5
1043
  8
COUCHE_1
 10
186.9933515857774
 20
1.434406744733105
 30
0.0
  0
VERTEX
  5
1044
  8
COUCHE_1
 10
186.675344517132
 20
1.483587608334845
 30
0.0
  0
VERTEX
  5
1045
  8
COUCHE_1
 10
186.1878155525077
 20
1.677121078104403
 30
0.0
  0
VERTEX
  5
1046
  8
COUCHE_1
 10
185.716837378185
 20
2.13734264472855
 30
0.0
  0
VERTEX
  5
1047
  8
COUCHE_1
 10
185.5664786163106
 20
2.740534909912814
 30
0.0
  0
VERTEX
  5
1048
  8
COUCHE_1
 10
185.6639593627847
 20
3.194428398187852
 30
0.0
  0
VERTEX
  5
1049
  8
COUCHE_1
 10
185.8286789514989
 20
3.513153708032709
 30
0.0
  0
VERTEX
  5
104A
  8
COUCHE_1
 10
186.1152840198785
 20
3.87165345959629
 30
0.0
  0
VERTEX
  5
104B
  8
COUCHE_1
 10
186.4467559090101
 20
4.200550617105343
 30
0.0
  0
VERTEX
  5
104C
  8
COUCHE_1
 10
186.8045734416072
 20
4.523774719484642
 30
0.0
  0
VERTEX
  5
104D
  8
COUCHE_1
 10
187.5794612373907
 20
5.207611184182638
 30
0.0
  0
VERTEX
  5
104E
  8
COUCHE_1
 10
188.3541497038439
 20
5.954581898160715
 30
0.0
  0
VERTEX
  5
104F
  8
COUCHE_1
 10
188.668998678239
 20
6.308548665950975
 30
0.0
  0
VERTEX
  5
1050
  8
COUCHE_1
 10
188.9269635896645
 20
6.651886390369533
 30
0.0
  0
VERTEX
  5
1051
  8
COUCHE_1
 10
189.1176643093181
 20
6.979742927349283
 30
0.0
  0
VERTEX
  5
1052
  8
COUCHE_1
 10
189.1666706897481
 20
7.093020634928487
 30
0.0
  0
VERTEX
  5
1053
  8
COUCHE_1
 10
189.1853765795461
 20
7.151439928007135
 30
0.0
  0
VERTEX
  5
1054
  8
COUCHE_1
 10
189.0602145468396
 20
7.213874444255853
 30
0.0
  0
VERTEX
  5
1055
  8
COUCHE_1
 10
188.7292943838449
 20
7.355435184362164
 30
0.0
  0
VERTEX
  5
1056
  8
COUCHE_1
 10
188.3980824578305
 20
7.475282379040123
 30
0.0
  0
VERTEX
  5
1057
  8
COUCHE_1
 10
188.0666817741902
 20
7.574867422914275
 30
0.0
  0
VERTEX
  5
1058
  8
COUCHE_1
 10
187.7352699986264
 20
7.655493592746433
 30
0.0
  0
VERTEX
  5
1059
  8
COUCHE_1
 10
187.4041348763967
 20
7.718342241942223
 30
0.0
  0
VERTEX
  5
105A
  8
COUCHE_1
 10
187.0736953030677
 20
7.764504714888008
 30
0.0
  0
VERTEX
  5
105B
  8
COUCHE_1
 10
186.7445084764456
 20
7.795015196338628
 30
0.0
  0
VERTEX
  5
105C
  8
COUCHE_1
 10
186.4315734446347
 20
7.810187051607154
 30
0.0
  0
VERTEX
  5
105D
  8
COUCHE_1
 10
185.7700807483011
 20
7.801861505547269
 30
0.0
  0
VERTEX
  5
105E
  8
COUCHE_1
 10
185.1436883728825
 20
7.747506152728334
 30
0.0
  0
VERTEX
  5
105F
  8
COUCHE_1
 10
184.5447118493685
 20
7.655767825478809
 30
0.0
  0
VERTEX
  5
1060
  8
COUCHE_1
 10
183.9823314061926
 20
7.536113865361564
 30
0.0
  0
VERTEX
  5
1061
  8
COUCHE_1
 10
183.4658751676195
 20
7.398545912528215
 30
0.0
  0
VERTEX
  5
1062
  8
COUCHE_1
 10
183.0045423521863
 20
7.253451874690601
 30
0.0
  0
VERTEX
  5
1063
  8
COUCHE_1
 10
182.6145391928985
 20
7.114056757378562
 30
0.0
  0
VERTEX
  5
1064
  8
COUCHE_1
 10
182.0156199174396
 20
6.86979028671815
 30
0.0
  0
VERTEX
  5
1065
  8
COUCHE_1
 10
180.197466014577
 20
6.090961657947263
 30
0.0
  0
VERTEX
  5
1066
  8
COUCHE_1
 10
179.8194299656157
 20
8.13937458908807
 30
0.0
  0
VERTEX
  5
1067
  8
COUCHE_1
 10
179.685427475902
 20
8.590003964166252
 30
0.0
  0
VERTEX
  5
1068
  8
COUCHE_1
 10
179.5012996328582
 20
9.040087684019985
 30
0.0
  0
VERTEX
  5
1069
  8
COUCHE_1
 10
179.268102152666
 20
9.487786152045093
 30
0.0
  0
VERTEX
  5
106A
  8
COUCHE_1
 10
178.9872541307486
 20
9.93079638548103
 30
0.0
  0
VERTEX
  5
106B
  8
COUCHE_1
 10
178.6605756168078
 20
10.36654087977323
 30
0.0
  0
VERTEX
  5
106C
  8
COUCHE_1
 10
178.2902637024363
 20
10.79231564498941
 30
0.0
  0
VERTEX
  5
106D
  8
COUCHE_1
 10
177.8788393720164
 20
11.20539339337819
 30
0.0
  0
VERTEX
  5
106E
  8
COUCHE_1
 10
177.4290867423313
 20
11.60308869390293
 30
0.0
  0
VERTEX
  5
106F
  8
COUCHE_1
 10
176.9439964714618
 20
11.98279527112408
 30
0.0
  0
VERTEX
  5
1070
  8
COUCHE_1
 10
176.4267182137121
 20
12.34200503154935
 30
0.0
  0
VERTEX
  5
1071
  8
COUCHE_1
 10
175.8805229377389
 20
12.67831635183391
 30
0.0
  0
VERTEX
  5
1072
  8
COUCHE_1
 10
175.3087738731998
 20
12.98943697858124
 30
0.0
  0
VERTEX
  5
1073
  8
COUCHE_1
 10
174.7149039744745
 20
13.27318507905584
 30
0.0
  0
VERTEX
  5
1074
  8
COUCHE_1
 10
174.1023974892947
 20
13.52749062975169
 30
0.0
  0
VERTEX
  5
1075
  8
COUCHE_1
 10
173.4747731331624
 20
13.75039833802516
 30
0.0
  0
VERTEX
  5
1076
  8
COUCHE_1
 10
172.8355663134213
 20
13.94007250518443
 30
0.0
  0
VERTEX
  5
1077
  8
COUCHE_1
 10
172.1883077639442
 20
14.0948034939558
 30
0.0
  0
VERTEX
  5
1078
  8
COUCHE_1
 10
171.5364958930836
 20
14.21301460728015
 30
0.0
  0
VERTEX
  5
1079
  8
COUCHE_1
 10
170.8835602746564
 20
14.29326709815857
 30
0.0
  0
VERTEX
  5
107A
  8
COUCHE_1
 10
170.2328143137768
 20
14.33425966440185
 30
0.0
  0
VERTEX
  5
107B
  8
COUCHE_1
 10
169.5873966146706
 20
14.33481724743993
 30
0.0
  0
VERTEX
  5
107C
  8
COUCHE_1
 10
168.9502034397218
 20
14.29386264539115
 30
0.0
  0
VERTEX
  5
107D
  8
COUCHE_1
 10
168.3238191769776
 20
14.21036417406573
 30
0.0
  0
VERTEX
  5
107E
  8
COUCHE_1
 10
167.7104576033942
 20
14.08325458111885
 30
0.0
  0
VERTEX
  5
107F
  8
COUCHE_1
 10
167.138302486182
 20
13.91889698067021
 30
0.0
  0
VERTEX
  5
1080
  8
COUCHE_1
 10
167.6919881005568
 20
13.76482799531324
 30
0.0
  0
VERTEX
  5
1081
  8
COUCHE_1
 10
168.4341889782858
 20
13.49257443474826
 30
0.0
  0
VERTEX
  5
1082
  8
COUCHE_1
 10
169.1508570176164
 20
13.15619619562551
 30
0.0
  0
VERTEX
  5
1083
  8
COUCHE_1
 10
169.8114426728831
 20
12.76214043866745
 30
0.0
  0
VERTEX
  5
1084
  8
COUCHE_1
 10
170.1454488765498
 20
12.52231998959605
 30
0.0
  0
VERTEX
  5
1085
  8
COUCHE_1
 10
170.4493861794914
 20
12.27343511028225
 30
0.0
  0
VERTEX
  5
1086
  8
COUCHE_1
 10
170.7350259317882
 20
12.00420935164527
 30
0.0
  0
VERTEX
  5
1087
  8
COUCHE_1
 10
170.9992887694628
 20
11.71377930976975
 30
0.0
  0
VERTEX
  5
1088
  8
COUCHE_1
 10
171.2385803380504
 20
11.40151989147461
 30
0.0
  0
VERTEX
  5
1089
  8
COUCHE_1
 10
171.4487923797026
 20
11.06726659337883
 30
0.0
  0
VERTEX
  5
108A
  8
COUCHE_1
 10
171.6254207112179
 20
10.71156575412927
 30
0.0
  0
VERTEX
  5
108B
  8
COUCHE_1
 10
171.763837333707
 20
10.33588624223633
 30
0.0
  0
VERTEX
  5
108C
  8
COUCHE_1
 10
171.8597048659516
 20
9.942696881971266
 30
0.0
  0
VERTEX
  5
108D
  8
COUCHE_1
 10
171.917520819329
 20
9.469176102967186
 30
0.0
  0
VERTEX
  5
108E
  8
COUCHE_1
 10
171.8352841119099
 20
8.809522246320396
 30
0.0
  0
VERTEX
  5
108F
  8
COUCHE_1
 10
171.7050564280489
 20
8.245592265657363
 30
0.0
  0
VERTEX
  5
1090
  8
COUCHE_1
 10
171.518430391867
 20
7.704190828674148
 30
0.0
  0
VERTEX
  5
1091
  8
COUCHE_1
 10
171.2769896812744
 20
7.188304634551884
 30
0.0
  0
VERTEX
  5
1092
  8
COUCHE_1
 10
170.982883536682
 20
6.7009341414213
 30
0.0
  0
VERTEX
  5
1093
  8
COUCHE_1
 10
170.6388025350321
 20
6.24491999149071
 30
0.0
  0
VERTEX
  5
1094
  8
COUCHE_1
 10
170.2478815208347
 20
5.822790243411074
 30
0.0
  0
VERTEX
  5
1095
  8
COUCHE_1
 10
169.8135500986391
 20
5.436656458260826
 30
0.0
  0
VERTEX
  5
1096
  8
COUCHE_1
 10
169.3393628363223
 20
5.088172654547679
 30
0.0
  0
VERTEX
  5
1097
  8
COUCHE_1
 10
168.828841771761
 20
4.778554399259792
 30
0.0
  0
VERTEX
  5
1098
  8
COUCHE_1
 10
168.2853546064738
 20
4.508642468567989
 30
0.0
  0
VERTEX
  5
1099
  8
COUCHE_1
 10
167.7120385719224
 20
4.278990128177136
 30
0.0
  0
VERTEX
  5
109A
  8
COUCHE_1
 10
167.1117679776144
 20
4.089954689216399
 30
0.0
  0
VERTEX
  5
109B
  8
COUCHE_1
 10
166.4871560493352
 20
3.941779672882292
 30
0.0
  0
VERTEX
  5
109C
  8
COUCHE_1
 10
165.8405791610471
 20
3.834660479671986
 30
0.0
  0
VERTEX
  5
109D
  8
COUCHE_1
 10
165.1742125458831
 20
3.76879181511203
 30
0.0
  0
VERTEX
  5
109E
  8
COUCHE_1
 10
164.4900692365742
 20
3.744398518032781
 30
0.0
  0
VERTEX
  5
109F
  8
COUCHE_1
 10
163.7900369417845
 20
3.761753030019801
 30
0.0
  0
VERTEX
  5
10A0
  8
COUCHE_1
 10
163.0759100532315
 20
3.821183079075432
 30
0.0
  0
VERTEX
  5
10A1
  8
COUCHE_1
 10
162.3494157486675
 20
3.923072786359476
 30
0.0
  0
VERTEX
  5
10A2
  8
COUCHE_1
 10
161.6122342506902
 20
4.067859758363686
 30
0.0
  0
VERTEX
  5
10A3
  8
COUCHE_1
 10
160.8660138802526
 20
4.256030047732157
 30
0.0
  0
VERTEX
  5
10A4
  8
COUCHE_1
 10
160.1123817789521
 20
4.488112274451929
 30
0.0
  0
VERTEX
  5
10A5
  8
COUCHE_1
 10
159.3529512051765
 20
4.764671734524245
 30
0.0
  0
VERTEX
  5
10A6
  8
COUCHE_1
 10
158.5893262339383
 20
5.086304982437254
 30
0.0
  0
VERTEX
  5
10A7
  8
COUCHE_1
 10
157.8231045701026
 20
5.453635136273253
 30
0.0
  0
VERTEX
  5
10A8
  8
COUCHE_1
 10
157.0558790540927
 20
5.867307996121307
 30
0.0
  0
VERTEX
  5
10A9
  8
COUCHE_1
 10
156.2892383157325
 20
6.327988965987594
 30
0.0
  0
VERTEX
  5
10AA
  8
COUCHE_1
 10
155.5247669235354
 20
6.83636070929068
 30
0.0
  0
VERTEX
  5
10AB
  8
COUCHE_1
 10
154.7640452848212
 20
7.393121435867359
 30
0.0
  0
VERTEX
  5
10AC
  8
COUCHE_1
 10
154.0086494765845
 20
7.998983705013073
 30
0.0
  0
VERTEX
  5
10AD
  8
COUCHE_1
 10
153.2715098070346
 20
8.64472334234212
 30
0.0
  0
VERTEX
  5
10AE
  8
COUCHE_1
 10
150.630198688443
 20
11.04587593549992
 30
0.0
  0
VERTEX
  5
10AF
  8
COUCHE_1
 10
149.4331580597411
 20
12.10690502276405
 30
0.0
  0
VERTEX
  5
10B0
  8
COUCHE_1
 10
148.2886904539711
 20
13.08815401255591
 30
0.0
  0
VERTEX
  5
10B1
  8
COUCHE_1
 10
147.1796588839731
 20
13.99517987392578
 30
0.0
  0
VERTEX
  5
10B2
  8
COUCHE_1
 10
146.0874304235723
 20
14.83508768281852
 30
0.0
  0
VERTEX
  5
10B3
  8
COUCHE_1
 10
144.9927872316329
 20
15.61556134190948
 30
0.0
  0
VERTEX
  5
10B4
  8
COUCHE_1
 10
143.8757754412594
 20
16.34473227305084
 30
0.0
  0
VERTEX
  5
10B5
  8
COUCHE_1
 10
142.7157057523519
 20
17.03089783499729
 30
0.0
  0
VERTEX
  5
10B6
  8
COUCHE_1
 10
141.4913597790567
 20
17.68217442882533
 30
0.0
  0
VERTEX
  5
10B7
  8
COUCHE_1
 10
140.1813597626798
 20
18.30621612836442
 30
0.0
  0
VERTEX
  5
10B8
  8
COUCHE_1
 10
138.7645706429773
 20
18.91009621806917
 30
0.0
  0
VERTEX
  5
10B9
  8
COUCHE_1
 10
137.2203933656664
 20
19.50035972742864
 30
0.0
  0
VERTEX
  5
10BA
  8
COUCHE_1
 10
135.5288792604156
 20
20.08317978321343
 30
0.0
  0
VERTEX
  5
10BB
  8
COUCHE_1
 10
133.6706844839349
 20
20.66453341422888
 30
0.0
  0
VERTEX
  5
10BC
  8
COUCHE_1
 10
129.3106424521977
 20
21.91426781190234
 30
0.0
  0
VERTEX
  5
10BD
  8
COUCHE_1
 10
131.4027122892271
 20
23.42969116217791
 30
0.0
  0
VERTEX
  5
10BE
  8
COUCHE_1
 10
131.7142131316551
 20
23.62414115945858
 30
0.0
  0
VERTEX
  5
10BF
  8
COUCHE_1
 10
132.445246659701
 20
24.06214776565949
 30
0.0
  0
VERTEX
  5
10C0
  8
COUCHE_1
 10
133.3588202930948
 20
24.64735668318425
 30
0.0
  0
VERTEX
  5
10C1
  8
COUCHE_1
 10
133.8488649901155
 20
24.9923794662689
 30
0.0
  0
VERTEX
  5
10C2
  8
COUCHE_1
 10
134.3648735601936
 20
25.38618674817951
 30
0.0
  0
VERTEX
  5
10C3
  8
COUCHE_1
 10
134.8918333451352
 20
25.82674664443937
 30
0.0
  0
VERTEX
  5
10C4
  8
COUCHE_1
 10
135.4209466428121
 20
26.31636075277523
 30
0.0
  0
VERTEX
  5
10C5
  8
COUCHE_1
 10
135.9434757155889
 20
26.85734900559622
 30
0.0
  0
VERTEX
  5
10C6
  8
COUCHE_1
 10
136.4508060307786
 20
27.4521474869438
 30
0.0
  0
VERTEX
  5
10C7
  8
COUCHE_1
 10
136.9344577093772
 20
28.10340349701925
 30
0.0
  0
VERTEX
  5
10C8
  8
COUCHE_1
 10
137.3860462505826
 20
28.81406132437592
 30
0.0
  0
VERTEX
  5
10C9
  8
COUCHE_1
 10
137.8026356129064
 20
29.59765751758441
 30
0.0
  0
VERTEX
  5
10CA
  8
COUCHE_1
 10
137.8497365345938
 20
29.70084414789918
 30
0.0
  0
VERTEX
  5
10CB
  8
COUCHE_1
 10
137.1420955738948
 20
29.91102118166748
 30
0.0
  0
VERTEX
  5
10CC
  8
COUCHE_1
 10
135.7333778580931
 20
30.28983951801288
 30
0.0
  0
VERTEX
  5
10CD
  8
COUCHE_1
 10
134.9284839886916
 20
30.47156168955265
 30
0.0
  0
VERTEX
  5
10CE
  8
COUCHE_1
 10
134.0472987895469
 20
30.63741893114143
 30
0.0
  0
VERTEX
  5
10CF
  8
COUCHE_1
 10
133.1045818630597
 20
30.77440384472316
 30
0.0
  0
VERTEX
  5
10D0
  8
COUCHE_1
 10
132.1077165660517
 20
30.87130763217495
 30
0.0
  0
VERTEX
  5
10D1
  8
COUCHE_1
 10
131.0525619381068
 20
30.91757466227391
 30
0.0
  0
VERTEX
  5
10D2
  8
COUCHE_1
 10
130.5255709836162
 20
30.9178704597105
 30
0.0
  0
VERTEX
  5
10D3
  8
COUCHE_1
 10
129.9793162510684
 20
30.90130802224856
 30
0.0
  0
VERTEX
  5
10D4
  8
COUCHE_1
 10
129.4248038353268
 20
30.86653377185431
 30
0.0
  0
VERTEX
  5
10D5
  8
COUCHE_1
 10
128.8628130005899
 20
30.81219870715661
 30
0.0
  0
VERTEX
  5
10D6
  8
COUCHE_1
 10
128.2940813654926
 20
30.73694685494055
 30
0.0
  0
VERTEX
  5
10D7
  8
COUCHE_1
 10
127.7193025869385
 20
30.63940835269085
 30
0.0
  0
VERTEX
  5
10D8
  8
COUCHE_1
 10
127.1391260303304
 20
30.51819171516813
 30
0.0
  0
VERTEX
  5
10D9
  8
COUCHE_1
 10
126.5541588514071
 20
30.37187571458833
 30
0.0
  0
VERTEX
  5
10DA
  8
COUCHE_1
 10
125.9649707805303
 20
30.19900145221233
 30
0.0
  0
VERTEX
  5
10DB
  8
COUCHE_1
 10
124.4262282159652
 20
29.67748835465816
 30
0.0
  0
VERTEX
  5
10DC
  8
COUCHE_1
 10
123.2006319254817
 20
31.11521966315557
 30
0.0
  0
VERTEX
  5
10DD
  8
COUCHE_1
 10
122.5790925677393
 20
31.80099369611576
 30
0.0
  0
VERTEX
  5
10DE
  8
COUCHE_1
 10
121.9570834124759
 20
32.44564617374056
 30
0.0
  0
VERTEX
  5
10DF
  8
COUCHE_1
 10
121.3352294054849
 20
33.05012310062039
 30
0.0
  0
VERTEX
  5
10E0
  8
COUCHE_1
 10
120.7141478273796
 20
33.61538321668226
 30
0.0
  0
VERTEX
  5
10E1
  8
COUCHE_1
 10
120.0944459090814
 20
34.14239804150198
 30
0.0
  0
VERTEX
  5
10E2
  8
COUCHE_1
 10
119.4767182965401
 20
34.63215155984158
 30
0.0
  0
VERTEX
  5
10E3
  8
COUCHE_1
 10
118.8615444426951
 20
35.08563948585585
 30
0.0
  0
VERTEX
  5
10E4
  8
COUCHE_1
 10
118.2494860288575
 20
35.50386805407027
 30
0.0
  0
VERTEX
  5
10E5
  8
COUCHE_1
 10
117.6410845402209
 20
35.88785230317232
 30
0.0
  0
VERTEX
  5
10E6
  8
COUCHE_1
 10
117.0368591382557
 20
36.23861384415729
 30
0.0
  0
VERTEX
  5
10E7
  8
COUCHE_1
 10
116.437304983022
 20
36.55717813688477
 30
0.0
  0
VERTEX
  5
10E8
  8
COUCHE_1
 10
115.8428921577402
 20
36.8445713368021
 30
0.0
  0
VERTEX
  5
10E9
  8
COUCHE_1
 10
115.2540653337954
 20
37.10181681359344
 30
0.0
  0
VERTEX
  5
10EA
  8
COUCHE_1
 10
114.6712442851733
 20
37.32993148175376
 30
0.0
  0
VERTEX
  5
10EB
  8
COUCHE_1
 10
114.0948253177838
 20
37.5299221148808
 30
0.0
  0
VERTEX
  5
10EC
  8
COUCHE_1
 10
113.5251836235415
 20
37.70278183617261
 30
0.0
  0
VERTEX
  5
10ED
  8
COUCHE_1
 10
112.9626765063006
 20
37.84948698324584
 30
0.0
  0
VERTEX
  5
10EE
  8
COUCHE_1
 10
112.4076473629855
 20
37.97099453376364
 30
0.0
  0
VERTEX
  5
10EF
  8
COUCHE_1
 10
111.8604302458329
 20
38.06824024929309
 30
0.0
  0
VERTEX
  5
10F0
  8
COUCHE_1
 10
111.3213547873258
 20
38.14213765078308
 30
0.0
  0
VERTEX
  5
10F1
  8
COUCHE_1
 10
110.79075124358
 20
38.19357788462014
 30
0.0
  0
VERTEX
  5
10F2
  8
COUCHE_1
 10
110.2689554075711
 20
38.22343047951938
 30
0.0
  0
VERTEX
  5
10F3
  8
COUCHE_1
 10
109.7563131605646
 20
38.2325449382439
 30
0.0
  0
VERTEX
  5
10F4
  8
COUCHE_1
 10
109.2531844656387
 20
38.2217530603982
 30
0.0
  0
VERTEX
  5
10F5
  8
COUCHE_1
 10
108.7599466559186
 20
38.19187185792253
 30
0.0
  0
VERTEX
  5
10F6
  8
COUCHE_1
 10
108.2769969258017
 20
38.14370690591982
 30
0.0
  0
VERTEX
  5
10F7
  8
COUCHE_1
 10
107.8047539892073
 20
38.07805596838364
 30
0.0
  0
VERTEX
  5
10F8
  8
COUCHE_1
 10
107.3436589189989
 20
37.99571274950328
 30
0.0
  0
VERTEX
  5
10F9
  8
COUCHE_1
 10
106.8941752218429
 20
37.89747064344461
 30
0.0
  0
VERTEX
  5
10FA
  8
COUCHE_1
 10
106.4567882302334
 20
37.78412638497147
 30
0.0
  0
VERTEX
  5
10FB
  8
COUCHE_1
 10
106.0320039075328
 20
37.65648353610753
 30
0.0
  0
VERTEX
  5
10FC
  8
COUCHE_1
 10
105.6203471630511
 20
37.51535577676115
 30
0.0
  0
VERTEX
  5
10FD
  8
COUCHE_1
 10
105.2223597639828
 20
37.36156999711912
 30
0.0
  0
VERTEX
  5
10FE
  8
COUCHE_1
 10
104.8385979112115
 20
37.19596921470951
 30
0.0
  0
VERTEX
  5
10FF
  8
COUCHE_1
 10
104.4817171074347
 20
37.02519935071436
 30
0.0
  0
VERTEX
  5
1100
  8
COUCHE_1
 10
103.7789151237144
 20
36.63636786437657
 30
0.0
  0
VERTEX
  5
1101
  8
COUCHE_1
 10
103.154047307801
 20
36.22119667056126
 30
0.0
  0
VERTEX
  5
1102
  8
COUCHE_1
 10
102.5999617990416
 20
35.78104064651914
 30
0.0
  0
VERTEX
  5
1103
  8
COUCHE_1
 10
102.1099211932471
 20
35.31373045930613
 30
0.0
  0
VERTEX
  5
1104
  8
COUCHE_1
 10
101.9094786964643
 20
35.09262703097633
 30
0.0
  0
VERTEX
  5
1105
  8
COUCHE_1
 10
101.719449664114
 20
34.86005861550768
 30
0.0
  0
VERTEX
  5
1106
  8
COUCHE_1
 10
101.5499378654442
 20
34.62803384867644
 30
0.0
  0
VERTEX
  5
1107
  8
COUCHE_1
 10
101.4011913336643
 20
34.3978266314285
 30
0.0
  0
VERTEX
  5
1108
  8
COUCHE_1
 10
101.2733418893409
 20
34.17073361894143
 30
0.0
  0
VERTEX
  5
1109
  8
COUCHE_1
 10
101.166379025525
 20
33.94805318915573
 30
0.0
  0
VERTEX
  5
110A
  8
COUCHE_1
 10
101.0801238153139
 20
33.7310521979005
 30
0.0
  0
VERTEX
  5
110B
  8
COUCHE_1
 10
101.014207429403
 20
33.52091707968337
 30
0.0
  0
VERTEX
  5
110C
  8
COUCHE_1
 10
100.9680618479672
 20
33.31868680338914
 30
0.0
  0
VERTEX
  5
110D
  8
COUCHE_1
 10
100.9409337118608
 20
33.12516804440778
 30
0.0
  0
VERTEX
  5
110E
  8
COUCHE_1
 10
100.9319347309395
 20
32.94083854684204
 30
0.0
  0
VERTEX
  5
110F
  8
COUCHE_1
 10
100.9401412946377
 20
32.76575322292769
 30
0.0
  0
VERTEX
  5
1110
  8
COUCHE_1
 10
100.964748801453
 20
32.59947748984516
 30
0.0
  0
VERTEX
  5
1111
  8
COUCHE_1
 10
101.0052705728106
 20
32.44107926564017
 30
0.0
  0
VERTEX
  5
1112
  8
COUCHE_1
 10
101.0617489404521
 20
32.28920816937744
 30
0.0
  0
VERTEX
  5
1113
  8
COUCHE_1
 10
101.1349258185125
 20
32.14227227642757
 30
0.0
  0
VERTEX
  5
1114
  8
COUCHE_1
 10
101.2032450083357
 20
32.03493671306522
 30
0.0
  0
VERTEX
  5
1115
  8
COUCHE_1
 10
101.5895233294905
 20
32.11414203883271
 30
0.0
  0
VERTEX
  5
1116
  8
COUCHE_1
 10
102.2624278719351
 20
32.20219244194886
 30
0.0
  0
VERTEX
  5
1117
  8
COUCHE_1
 10
102.9504453489818
 20
32.2453229999438
 30
0.0
  0
VERTEX
  5
1118
  8
COUCHE_1
 10
103.6505296548743
 20
32.24447325216467
 30
0.0
  0
VERTEX
  5
1119
  8
COUCHE_1
 10
104.3597210738537
 20
32.20030909683365
 30
0.0
  0
VERTEX
  5
111A
  8
COUCHE_1
 10
105.075071565746
 20
32.11326230046431
 30
0.0
  0
VERTEX
  5
111B
  8
COUCHE_1
 10
105.7935973728113
 20
31.98357041442443
 30
0.0
  0
VERTEX
  5
111C
  8
COUCHE_1
 10
106.5122491366811
 20
31.81131307019903
 30
0.0
  0
VERTEX
  5
111D
  8
COUCHE_1
 10
107.2278924641079
 20
31.59644383032646
 30
0.0
  0
VERTEX
  5
111E
  8
COUCHE_1
 10
107.9372943135406
 20
31.33881836436825
 30
0.0
  0
VERTEX
  5
111F
  8
COUCHE_1
 10
108.6371125047473
 20
31.03822039630889
 30
0.0
  0
VERTEX
  5
1120
  8
COUCHE_1
 10
109.3238871537726
 20
30.69438703613963
 30
0.0
  0
VERTEX
  5
1121
  8
COUCHE_1
 10
109.9940340298916
 20
30.3070349573417
 30
0.0
  0
VERTEX
  5
1122
  8
COUCHE_1
 10
110.6438408069059
 20
29.87588847466484
 30
0.0
  0
VERTEX
  5
1123
  8
COUCHE_1
 10
111.2694679491708
 20
29.40070990876404
 30
0.0
  0
VERTEX
  5
1124
  8
COUCHE_1
 10
111.8669564547277
 20
28.88133168592024
 30
0.0
  0
VERTEX
  5
1125
  8
COUCHE_1
 10
112.4322447146538
 20
28.31768845908246
 30
0.0
  0
VERTEX
  5
1126
  8
COUCHE_1
 10
112.9611961567545
 20
27.70984630313837
 30
0.0
  0
VERTEX
  5
1127
  8
COUCHE_1
 10
113.4496379961396
 20
27.0580250263425
 30
0.0
  0
VERTEX
  5
1128
  8
COUCHE_1
 10
113.8934093786548
 20
26.36260924532944
 30
0.0
  0
VERTEX
  5
1129
  8
COUCHE_1
 10
114.288414821183
 20
25.62414447642616
 30
0.0
  0
VERTEX
  5
112A
  8
COUCHE_1
 10
114.6306767622165
 20
24.84331627622654
 30
0.0
  0
VERTEX
  5
112B
  8
COUCHE_1
 10
114.9163799943856
 20
24.02091321380851
 30
0.0
  0
VERTEX
  5
112C
  8
COUCHE_1
 10
115.1419013338478
 20
23.15777753252851
 30
0.0
  0
VERTEX
  5
112D
  8
COUCHE_1
 10
115.303820163156
 20
22.25474986050856
 30
0.0
  0
VERTEX
  5
112E
  8
COUCHE_1
 10
115.3989089132511
 20
21.31261544953523
 30
0.0
  0
VERTEX
  5
112F
  8
COUCHE_1
 10
115.4241061309486
 20
20.33205881193718
 30
0.0
  0
VERTEX
  5
1130
  8
COUCHE_1
 10
115.3764774862866
 20
19.313631544861
 30
0.0
  0
VERTEX
  5
1131
  8
COUCHE_1
 10
115.2531712742415
 20
18.25773530868396
 30
0.0
  0
VERTEX
  5
1132
  8
COUCHE_1
 10
115.0513746052714
 20
17.16461921310992
 30
0.0
  0
VERTEX
  5
1133
  8
COUCHE_1
 10
114.2820450974089
 20
14.09319313591756
 30
0.0
  0
VERTEX
  5
1134
  8
COUCHE_1
 10
111.5936292530405
 20
16.2861945036962
 30
0.0
  0
VERTEX
  5
1135
  8
COUCHE_1
 10
110.5923209788395
 20
17.04309199278739
 30
0.0
  0
VERTEX
  5
1136
  8
COUCHE_1
 10
109.5893845514817
 20
17.74556021908304
 30
0.0
  0
VERTEX
  5
1137
  8
COUCHE_1
 10
108.5870886565881
 20
18.39585545382873
 30
0.0
  0
VERTEX
  5
1138
  8
COUCHE_1
 10
107.5877014093928
 20
18.99621008641103
 30
0.0
  0
VERTEX
  5
1139
  8
COUCHE_1
 10
106.5934944416453
 20
19.54883340086721
 30
0.0
  0
VERTEX
  5
113A
  8
COUCHE_1
 10
105.6067463910151
 20
20.05591306409547
 30
0.0
  0
VERTEX
  5
113B
  8
COUCHE_1
 10
104.6297456417903
 20
20.5196171769855
 30
0.0
  0
VERTEX
  5
113C
  8
COUCHE_1
 10
103.6647922166505
 20
20.94209672346134
 30
0.0
  0
VERTEX
  5
113D
  8
COUCHE_1
 10
102.7141987645157
 20
21.3254882523124
 30
0.0
  0
VERTEX
  5
113E
  8
COUCHE_1
 10
101.7802906222132
 20
21.67191664003422
 30
0.0
  0
VERTEX
  5
113F
  8
COUCHE_1
 10
100.8654049428876
 20
21.98349780596275
 30
0.0
  0
VERTEX
  5
1140
  8
COUCHE_1
 10
99.97188887678513
 20
22.26234128012192
 30
0.0
  0
VERTEX
  5
1141
  8
COUCHE_1
 10
99.10209675515733
 20
22.51055255614819
 30
0.0
  0
VERTEX
  5
1142
  8
COUCHE_1
 10
98.2583861575388
 20
22.73023519454694
 30
0.0
  0
VERTEX
  5
1143
  8
COUCHE_1
 10
97.44972942860839
 20
22.92192418652568
 30
0.0
  0
VERTEX
  5
1144
  8
COUCHE_1
 10
95.90580406131238
 20
23.23924904999203
 30
0.0
  0
VERTEX
  5
1145
  8
COUCHE_1
 10
94.51127334104783
 20
23.4745687640846
 30
0.0
  0
VERTEX
  5
1146
  8
COUCHE_1
 10
93.27562853673093
 20
23.64652279882306
 30
0.0
  0
VERTEX
  5
1147
  8
COUCHE_1
 10
92.20810363685786
 20
23.77306569561988
 30
0.0
  0
VERTEX
  5
1148
  8
COUCHE_1
 10
90.61940504870157
 20
23.96240139974964
 30
0.0
  0
VERTEX
  5
1149
  8
COUCHE_1
 10
89.97213242729254
 20
24.10605711915818
 30
0.0
  0
VERTEX
  5
114A
  8
COUCHE_1
 10
89.33705355911373
 20
24.43625955136874
 30
0.0
  0
VERTEX
  5
114B
  8
COUCHE_1
 10
89.00765001011779
 20
25.12530997043049
 30
0.0
  0
VERTEX
  5
114C
  8
COUCHE_1
 10
89.11706770203426
 20
26.12520114195694
 30
0.0
  0
VERTEX
  5
114D
  8
COUCHE_1
 10
89.17005893545448
 20
26.7937416245965
 30
0.0
  0
VERTEX
  5
114E
  8
COUCHE_1
 10
89.20154034157034
 20
27.44323511243178
 30
0.0
  0
VERTEX
  5
114F
  8
COUCHE_1
 10
89.2122817681915
 20
28.07396108110979
 30
0.0
  0
VERTEX
  5
1150
  8
COUCHE_1
 10
89.20305073121249
 20
28.68620839205598
 30
0.0
  0
VERTEX
  5
1151
  8
COUCHE_1
 10
89.17461107902453
 20
29.28027542732871
 30
0.0
  0
VERTEX
  5
1152
  8
COUCHE_1
 10
89.12772157923347
 20
29.85647001569115
 30
0.0
  0
VERTEX
  5
1153
  8
COUCHE_1
 10
89.06313446753637
 20
30.41510912354701
 30
0.0
  0
VERTEX
  5
1154
  8
COUCHE_1
 10
88.98159400684118
 20
30.95651829174051
 30
0.0
  0
VERTEX
  5
1155
  8
COUCHE_1
 10
88.88383511118728
 20
31.48103080908704
 30
0.0
  0
VERTEX
  5
1156
  8
COUCHE_1
 10
88.77058209289599
 20
31.98898662542549
 30
0.0
  0
VERTEX
  5
1157
  8
COUCHE_1
 10
88.64491507249163
 20
32.47163819535616
 30
0.0
  0
VERTEX
  5
1158
  8
COUCHE_1
 10
88.34437793484875
 20
33.41698868604738
 30
0.0
  0
VERTEX
  5
1159
  8
COUCHE_1
 10
87.9958285141422
 20
34.29263315064144
 30
0.0
  0
VERTEX
  5
115A
  8
COUCHE_1
 10
87.60162174370139
 20
35.11041481552939
 30
0.0
  0
VERTEX
  5
115B
  8
COUCHE_1
 10
87.16680664185435
 20
35.87302882263234
 30
0.0
  0
VERTEX
  5
115C
  8
COUCHE_1
 10
86.69628299070605
 20
36.58303952324859
 30
0.0
  0
VERTEX
  5
115D
  8
COUCHE_1
 10
86.19485236173668
 20
37.24284823950158
 30
0.0
  0
VERTEX
  5
115E
  8
COUCHE_1
 10
85.66727350941304
 20
37.85467932999052
 30
0.0
  0
VERTEX
  5
115F
  8
COUCHE_1
 10
85.11831421476715
 20
38.42058384174352
 30
0.0
  0
VERTEX
  5
1160
  8
COUCHE_1
 10
84.55279358672172
 20
38.94245721648192
 30
0.0
  0
VERTEX
  5
1161
  8
COUCHE_1
 10
83.97561159434031
 20
39.4220660585029
 30
0.0
  0
VERTEX
  5
1162
  8
COUCHE_1
 10
83.39176528157542
 20
39.86107888268737
 30
0.0
  0
VERTEX
  5
1163
  8
COUCHE_1
 10
82.80635307310952
 20
40.26109665792331
 30
0.0
  0
VERTEX
  5
1164
  8
COUCHE_1
 10
82.22456958036956
 20
40.62368032109669
 30
0.0
  0
VERTEX
  5
1165
  8
COUCHE_1
 10
81.65169343330409
 20
40.95037382052457
 30
0.0
  0
VERTEX
  5
1166
  8
COUCHE_1
 10
81.09307009820957
 20
41.24272240194216
 30
0.0
  0
VERTEX
  5
1167
  8
COUCHE_1
 10
80.56249387719328
 20
41.49823979750835
 30
0.0
  0
VERTEX
  5
1168
  8
COUCHE_1
 10
79.55415524131212
 20
41.93009147606321
 30
0.0
  0
VERTEX
  5
1169
  8
COUCHE_1
 10
78.69915599601774
 20
42.24592634143049
 30
0.0
  0
VERTEX
  5
116A
  8
COUCHE_1
 10
78.0245890845404
 20
42.46539013459082
 30
0.0
  0
VERTEX
  5
116B
  8
COUCHE_1
 10
77.52737161648601
 20
42.61574104204083
 30
0.0
  0
VERTEX
  5
116C
  8
COUCHE_1
 10
71.21331576067934
 20
44.94066697685936
 30
0.0
  0
VERTEX
  5
116D
  8
COUCHE_1
 10
110.2364317984133
 20
44.97459848188485
 30
0.0
  0
VERTEX
  5
116E
  8
COUCHE_1
 10
111.7096165070216
 20
44.99146024895369
 30
0.0
  0
VERTEX
  5
116F
  8
COUCHE_1
 10
113.210407799953
 20
44.95970510541878
 30
0.0
  0
VERTEX
  5
1170
  8
COUCHE_1
 10
114.70538059555
 20
44.87934297618639
 30
0.0
  0
VERTEX
  5
1171
  8
COUCHE_1
 10
116.1929649353694
 20
44.75074708879188
 30
0.0
  0
VERTEX
  5
1172
  8
COUCHE_1
 10
117.6715930405254
 20
44.57428908310776
 30
0.0
  0
VERTEX
  5
1173
  8
COUCHE_1
 10
119.1396985935719
 20
44.35033879346294
 30
0.0
  0
VERTEX
  5
1174
  8
COUCHE_1
 10
120.5957159973381
 20
44.07926413047437
 30
0.0
  0
VERTEX
  5
1175
  8
COUCHE_1
 10
122.0380796231132
 20
43.76143106365559
 30
0.0
  0
VERTEX
  5
1176
  8
COUCHE_1
 10
123.4652230595238
 20
43.39720370558915
 30
0.0
  0
VERTEX
  5
1177
  8
COUCHE_1
 10
124.8755783745463
 20
42.98694449792647
 30
0.0
  0
VERTEX
  5
1178
  8
COUCHE_1
 10
126.2675754022509
 20
42.53101449934351
 30
0.0
  0
VERTEX
  5
1179
  8
COUCHE_1
 10
127.6396410673005
 20
42.02977377496049
 30
0.0
  0
VERTEX
  5
117A
  8
COUCHE_1
 10
128.9901987610787
 20
41.48358188595468
 30
0.0
  0
VERTEX
  5
117B
  8
COUCHE_1
 10
130.3176677843871
 20
40.89279847695904
 30
0.0
  0
VERTEX
  5
117C
  8
COUCHE_1
 10
131.6204628727685
 20
40.25778395733939
 30
0.0
  0
VERTEX
  5
117D
  8
COUCHE_1
 10
132.9596948375269
 20
39.54555466530826
 30
0.0
  0
VERTEX
  5
117E
  8
COUCHE_1
 10
133.6142149531879
 20
39.06724440010007
 30
0.0
  0
VERTEX
  5
117F
  8
COUCHE_1
 10
134.1918117587754
 20
38.6190512472113
 30
0.0
  0
VERTEX
  5
1180
  8
COUCHE_1
 10
134.7528051418854
 20
38.15701039152128
 30
0.0
  0
VERTEX
  5
1181
  8
COUCHE_1
 10
135.2968798233521
 20
37.68146812750155
 30
0.0
  0
VERTEX
  5
1182
  8
COUCHE_1
 10
135.823720516875
 20
37.1927708580973
 30
0.0
  0
VERTEX
  5
1183
  8
COUCHE_1
 10
136.333011801867
 20
36.69126518076459
 30
0.0
  0
VERTEX
  5
1184
  8
COUCHE_1
 10
136.8244380091258
 20
36.17729799246021
 30
0.0
  0
VERTEX
  5
1185
  8
COUCHE_1
 10
137.2976831216713
 20
35.65121661278364
 30
0.0
  0
VERTEX
  5
1186
  8
COUCHE_1
 10
137.7524306929912
 20
35.11336892454494
 30
0.0
  0
VERTEX
  5
1187
  8
COUCHE_1
 10
138.188363786318
 20
34.56410352909332
 30
0.0
  0
VERTEX
  5
1188
  8
COUCHE_1
 10
138.6051649367263
 20
34.00376991526844
 30
0.0
  0
VERTEX
  5
1189
  8
COUCHE_1
 10
139.0025161386716
 20
33.43271863962938
 30
0.0
  0
VERTEX
  5
118A
  8
COUCHE_1
 10
139.3800988616445
 20
32.85130151471515
 30
0.0
  0
VERTEX
  5
118B
  8
COUCHE_1
 10
139.7375940950047
 20
32.25987180387215
 30
0.0
  0
VERTEX
  5
118C
  8
COUCHE_1
 10
140.0746824250756
 20
31.65878441730074
 30
0.0
  0
VERTEX
  5
118D
  8
COUCHE_1
 10
140.3825536364984
 20
31.06477769423007
 30
0.0
  0
VERTEX
  5
118E
  8
COUCHE_1
 10
140.49292323874
 20
30.72219730829067
 30
0.0
  0
VERTEX
  5
118F
  8
COUCHE_1
 10
140.5248280767984
 20
30.67935828893416
 30
0.0
  0
VERTEX
  5
1190
  8
COUCHE_1
 10
140.6012239018382
 20
30.57171444020922
 30
0.0
  0
VERTEX
  5
1191
  8
COUCHE_1
 10
140.6824342688815
 20
30.39990714467589
 30
0.0
  0
VERTEX
  5
1192
  8
COUCHE_1
 10
141.1052616540515
 20
29.4550001713263
 30
0.0
  0
VERTEX
  5
1193
  8
COUCHE_1
 10
141.4814421223166
 20
28.47975631999866
 30
0.0
  0
VERTEX
  5
1194
  8
COUCHE_1
 10
141.8034889393795
 20
27.49160572624274
 30
0.0
  0
VERTEX
  5
1195
  8
COUCHE_1
 10
142.0709805254989
 20
26.4922028514115
 30
0.0
  0
VERTEX
  5
1196
  8
COUCHE_1
 10
142.2835000824723
 20
25.48320471383358
 30
0.0
  0
VERTEX
  5
1197
  8
COUCHE_1
 10
142.4406356152306
 20
24.46627177791364
 30
0.0
  0
VERTEX
  5
1198
  8
COUCHE_1
 10
142.5029576550122
 20
23.83705174497866
 30
0.0
  0
VERTEX
  5
1199
  8
COUCHE_1
 10
142.8130709630501
 20
23.87752310738946
 30
0.0
  0
VERTEX
  5
119A
  8
COUCHE_1
 10
143.5706051238352
 20
23.92638599914762
 30
0.0
  0
VERTEX
  5
119B
  8
COUCHE_1
 10
144.424471172864
 20
23.91859608061829
 30
0.0
  0
VERTEX
  5
119C
  8
COUCHE_1
 10
145.3460400118789
 20
23.83511780268445
 30
0.0
  0
VERTEX
  5
119D
  8
COUCHE_1
 10
145.8582917372013
 20
23.75495666507885
 30
0.0
  0
VERTEX
  5
119E
  8
COUCHE_1
 10
146.3718997814044
 20
23.65031554013978
 30
0.0
  0
VERTEX
  5
119F
  8
COUCHE_1
 10
146.9001197038436
 20
23.51645824447907
 30
0.0
  0
VERTEX
  5
11A0
  8
COUCHE_1
 10
147.4411510117383
 20
23.35108042572933
 30
0.0
  0
VERTEX
  5
11A1
  8
COUCHE_1
 10
147.9931670943837
 20
23.15197080864408
 30
0.0
  0
VERTEX
  5
11A2
  8
COUCHE_1
 10
148.5543417733586
 20
22.91701503700062
 30
0.0
  0
VERTEX
  5
11A3
  8
COUCHE_1
 10
149.1228775431804
 20
22.64419257356249
 30
0.0
  0
VERTEX
  5
11A4
  8
COUCHE_1
 10
149.6970325014439
 20
22.33156659727009
 30
0.0
  0
VERTEX
  5
11A5
  8
COUCHE_1
 10
150.27514310283
 20
21.97726785868831
 30
0.0
  0
VERTEX
  5
11A6
  8
COUCHE_1
 10
150.8556405192882
 20
21.57947430826625
 30
0.0
  0
VERTEX
  5
11A7
  8
COUCHE_1
 10
151.4370593973952
 20
21.13638880642616
 30
0.0
  0
VERTEX
  5
11A8
  8
COUCHE_1
 10
152.018038929826
 20
20.64621727487784
 30
0.0
  0
VERTEX
  5
11A9
  8
COUCHE_1
 10
152.5973171524739
 20
20.10714929355703
 30
0.0
  0
VERTEX
  5
11AA
  8
COUCHE_1
 10
153.1737200595367
 20
19.51734252483455
 30
0.0
  0
VERTEX
  5
11AB
  8
COUCHE_1
 10
153.4612110978347
 20
19.19469351290592
 30
0.0
  0
VERTEX
  5
11AC
  8
COUCHE_1
 10
153.8380712537944
 20
19.46122360424206
 30
0.0
  0
VERTEX
  5
11AD
  8
COUCHE_1
 10
154.5657942923618
 20
19.94405542984985
 30
0.0
  0
VERTEX
  5
11AE
  8
COUCHE_1
 10
155.2906468253126
 20
20.39384615922668
 30
0.0
  0
VERTEX
  5
11AF
  8
COUCHE_1
 10
156.0124193805064
 20
20.81128328902097
 30
0.0
  0
VERTEX
  5
11B0
  8
COUCHE_1
 10
156.730884076158
 20
21.19704879787532
 30
0.0
  0
VERTEX
  5
11B1
  8
COUCHE_1
 10
157.4457929807431
 20
21.55182117417772
 30
0.0
  0
VERTEX
  5
11B2
  8
COUCHE_1
 10
158.1568768870467
 20
21.87627783512138
 30
0.0
  0
VERTEX
  5
11B3
  8
COUCHE_1
 10
158.8638446246667
 20
22.17109788065426
 30
0.0
  0
VERTEX
  5
11B4
  8
COUCHE_1
 10
159.5663830200151
 20
22.43696509312172
 30
0.0
  0
VERTEX
  5
11B5
  8
COUCHE_1
 10
160.2641575893743
 20
22.67457106429779
 30
0.0
  0
VERTEX
  5
11B6
  8
COUCHE_1
 10
160.9568140099114
 20
22.88461830564287
 30
0.0
  0
VERTEX
  5
11B7
  8
COUCHE_1
 10
161.6439803680338
 20
23.06782318335365
 30
0.0
  0
VERTEX
  5
11B8
  8
COUCHE_1
 10
162.3252701309965
 20
23.22491851685492
 30
0.0
  0
VERTEX
  5
11B9
  8
COUCHE_1
 10
163.0002857340517
 20
23.35665569106252
 30
0.0
  0
VERTEX
  5
11BA
  8
COUCHE_1
 10
163.6686226286165
 20
23.46380615894384
 30
0.0
  0
VERTEX
  5
11BB
  8
COUCHE_1
 10
164.3298736006873
 20
23.54716224909688
 30
0.0
  0
VERTEX
  5
11BC
  8
COUCHE_1
 10
164.9836331483784
 20
23.6075372397231
 30
0.0
  0
VERTEX
  5
11BD
  8
COUCHE_1
 10
165.6295017061394
 20
23.64576471041818
 30
0.0
  0
VERTEX
  5
11BE
  8
COUCHE_1
 10
166.2670895196006
 20
23.66269723087957
 30
0.0
  0
VERTEX
  5
11BF
  8
COUCHE_1
 10
166.8960200070027
 20
23.65920448596282
 30
0.0
  0
VERTEX
  5
11C0
  8
COUCHE_1
 10
167.5270352089023
 20
23.63575843212734
 30
0.0
  0
VERTEX
  5
11C1
  8
COUCHE_1
 10
168.7267735236809
 20
23.53563335252067
 30
0.0
  0
VERTEX
  5
11C2
  8
COUCHE_1
 10
169.8982574643903
 20
23.36723536992149
 30
0.0
  0
VERTEX
  5
11C3
  8
COUCHE_1
 10
171.0276244054405
 20
23.13887554759059
 30
0.0
  0
VERTEX
  5
11C4
  8
COUCHE_1
 10
172.112963617368
 20
22.85788643830698
 30
0.0
  0
VERTEX
  5
11C5
  8
COUCHE_1
 10
173.1526063577639
 20
22.53154238640209
 30
0.0
  0
VERTEX
  5
11C6
  8
COUCHE_1
 10
174.1450711745417
 20
22.16702681199137
 30
0.0
  0
VERTEX
  5
11C7
  8
COUCHE_1
 10
175.0890095783434
 20
21.77141733505074
 30
0.0
  0
VERTEX
  5
11C8
  8
COUCHE_1
 10
175.9831580426643
 20
21.35168430839496
 30
0.0
  0
VERTEX
  5
11C9
  8
COUCHE_1
 10
176.8262990188541
 20
20.9146981370141
 30
0.0
  0
VERTEX
  5
11CA
  8
COUCHE_1
 10
177.6172313118233
 20
20.46724150038073
 30
0.0
  0
VERTEX
  5
11CB
  8
COUCHE_1
 10
178.3547487807191
 20
20.01602367975349
 30
0.0
  0
VERTEX
  5
11CC
  8
COUCHE_1
 10
179.0376256612669
 20
19.56769528349125
 30
0.0
  0
VERTEX
  5
11CD
  8
COUCHE_1
 10
179.6711128523473
 20
19.12430878233361
 30
0.0
  0
VERTEX
  5
11CE
  8
COUCHE_1
 10
180.7442501878268
 20
18.30745422680578
 30
0.0
  0
VERTEX
  5
11CF
  8
COUCHE_1
 10
181.5853330952357
 20
17.60160349839623
 30
0.0
  0
VERTEX
  5
11D0
  8
COUCHE_1
 10
182.172980418719
 20
17.06711305644712
 30
0.0
  0
VERTEX
  5
11D1
  8
COUCHE_1
 10
182.5142395959509
 20
16.73865211079449
 30
0.0
  0
VERTEX
  5
11D2
  8
COUCHE_1
 10
183.1340875090063
 20
16.06206564268981
 30
0.0
  0
VERTEX
  5
11D3
  8
COUCHE_1
 10
183.6360729768208
 20
15.52589086492225
 30
0.0
  0
VERTEX
  5
11D4
  8
COUCHE_1
 10
184.3770477018765
 20
14.78231114319076
 30
0.0
  0
VERTEX
  5
11D5
  8
COUCHE_1
 10
185.4432639125441
 20
13.77327876202098
 30
0.0
  0
VERTEX
  5
11D6
  8
COUCHE_1
 10
186.9119292025127
 20
12.45070817505534
 30
0.0
  0
VERTEX
  5
11D7
  8
COUCHE_1
 10
188.8586528145604
 20
10.76796545287186
 30
0.0
  0
VERTEX
  5
11D8
  8
COUCHE_1
 10
191.492647280803
 20
8.566622339061116
 30
0.0
  0
VERTEX
  5
11D9
  8
COUCHE_1
 10
192.5830096470023
 20
6.991747059362794
 30
0.0
  0
VERTEX
  5
11DA
  8
COUCHE_1
 10
193.5560948000826
 20
5.608818845903907
 30
0.0
  0
VERTEX
  5
11DB
  8
COUCHE_1
 10
194.5131579989975
 20
4.331192921326853
 30
0.0
  0
VERTEX
  5
11DC
  8
COUCHE_1
 10
194.9774649009055
 20
3.75922501292755
 30
0.0
  0
VERTEX
  5
11DD
  8
COUCHE_1
 10
195.4404172194814
 20
3.229645691548133
 30
0.0
  0
VERTEX
  5
11DE
  8
COUCHE_1
 10
195.8968222375152
 20
2.753735993009524
 30
0.0
  0
VERTEX
  5
11DF
  8
COUCHE_1
 10
196.3444556390153
 20
2.337649253359143
 30
0.0
  0
VERTEX
  5
11E0
  8
COUCHE_1
 10
196.779912727812
 20
1.986829969509581
 30
0.0
  0
VERTEX
  5
11E1
  8
COUCHE_1
 10
197.1987003262977
 20
1.705190055037725
 30
0.0
  0
VERTEX
  5
11E2
  8
COUCHE_1
 10
197.6159065180221
 20
1.483374603786463
 30
0.0
  0
VERTEX
  5
11E3
  8
COUCHE_1
 10
197.7876736988183
 20
1.410846251201725
 30
0.0
  0
VERTEX
  5
11E4
  8
COUCHE_1
 10
197.9713541036825
 20
1.347030708591395
 30
0.0
  0
VERTEX
  5
11E5
  8
COUCHE_1
 10
198.149661044908
 20
1.298616088002009
 30
0.0
  0
VERTEX
  5
11E6
  8
COUCHE_1
 10
198.3238993980272
 20
1.264688517335225
 30
0.0
  0
VERTEX
  5
11E7
  8
COUCHE_1
 10
198.4960636528855
 20
1.244512917889042
 30
0.0
  0
VERTEX
  5
11E8
  8
COUCHE_1
 10
199.4811093514405
 20
1.205997886021166
 30
0.0
  0
VERTEX
  5
11E9
  8
COUCHE_1
 10
199.8509676284271
 20
0.576431870319874
 30
0.0
  0
VERTEX
  5
11EA
  8
COUCHE_1
 10
200.0
 20
0.0009262738991156
 30
0.0
  0
VERTEX
  5
11EB
  8
COUCHE_1
 10
199.8509676284271
 20
-0.5745793225213505
 30
0.0
  0
VERTEX
  5
11EC
  8
COUCHE_1
 10
199.4811093514405
 20
-1.204145338222642
 30
0.0
  0
VERTEX
  5
11ED
  8
COUCHE_1
 10
198.4960636528855
 20
-1.242660370090811
 30
0.0
  0
VERTEX
  5
11EE
  8
COUCHE_1
 10
198.3238993980272
 20
-1.262835969536993
 30
0.0
  0
VERTEX
  5
11EF
  8
COUCHE_1
 10
198.149661044908
 20
-1.296763540203777
 30
0.0
  0
VERTEX
  5
11F0
  8
COUCHE_1
 10
197.9713541036823
 20
-1.345178160793163
 30
0.0
  0
VERTEX
  5
11F1
  8
COUCHE_1
 10
197.7876736988183
 20
-1.408993703403493
 30
0.0
  0
VERTEX
  5
11F2
  8
COUCHE_1
 10
197.6159065180221
 20
-1.481522055987939
 30
0.0
  0
VERTEX
  5
11F3
  8
COUCHE_1
 10
197.1987003262977
 20
-1.703337507239493
 30
0.0
  0
VERTEX
  5
11F4
  8
COUCHE_1
 10
196.779912727812
 20
-1.984977421711348
 30
0.0
  0
VERTEX
  5
11F5
  8
COUCHE_1
 10
196.3444556390153
 20
-2.335796705560618
 30
0.0
  0
VERTEX
  5
11F6
  8
COUCHE_1
 10
195.8968222375157
 20
-2.751883445210708
 30
0.0
  0
VERTEX
  5
11F7
  8
COUCHE_1
 10
195.4404172194809
 20
-3.227793143750486
 30
0.0
  0
VERTEX
  5
11F8
  8
COUCHE_1
 10
194.9774649009061
 20
-3.757372465128149
 30
0.0
  0
VERTEX
  5
11F9
  8
COUCHE_1
 10
194.5131579989975
 20
-4.329340373528621
 30
0.0
  0
VERTEX
  5
11FA
  8
COUCHE_1
 10
193.5560948000813
 20
-5.606966298107138
 30
0.0
  0
VERTEX
  5
11FB
  8
COUCHE_1
 10
192.5830096470062
 20
-6.989894511559301
 30
0.0
  0
VERTEX
  5
11FC
  8
COUCHE_1
 10
191.492647280803
 20
-8.564769791262885
 30
0.0
  0
VERTEX
  5
11FD
  8
COUCHE_1
 10
188.8586528145601
 20
-10.76611290507392
 30
0.0
  0
VERTEX
  5
11FE
  8
COUCHE_1
 10
186.9119292025134
 20
-12.44885562725652
 30
0.0
  0
VERTEX
  5
11FF
  8
COUCHE_1
 10
185.4432639125436
 20
-13.77142621422304
 30
0.0
  0
VERTEX
  5
1200
  8
COUCHE_1
 10
184.3770477018762
 20
-14.78045859539282
 30
0.0
  0
VERTEX
  5
1201
  8
COUCHE_1
 10
183.6360729768208
 20
-15.52403831712343
 30
0.0
  0
VERTEX
  5
1202
  8
COUCHE_1
 10
183.1340875090071
 20
-16.06021309489041
 30
0.0
  0
VERTEX
  5
1203
  8
COUCHE_1
 10
182.5142395959522
 20
-16.73679956299392
 30
0.0
  0
VERTEX
  5
1204
  8
COUCHE_1
 10
182.1729804187084
 20
-17.06526050865824
 30
0.0
  0
VERTEX
  5
1205
  8
COUCHE_1
 10
181.5853330952565
 20
-17.59975095057928
 30
0.0
  0
VERTEX
  5
1206
  8
COUCHE_1
 10
180.7442501878252
 20
-18.30560167900901
 30
0.0
  0
VERTEX
  5
1207
  8
COUCHE_1
 10
179.6711128523455
 20
-19.12245623453596
 30
0.0
  0
VERTEX
  5
1208
  8
COUCHE_1
 10
179.0376256612851
 20
-19.56584273568162
 30
0.0
  0
VERTEX
  5
1209
  8
COUCHE_1
 10
178.3547487807041
 20
-20.01417113196403
 30
0.0
  0
VERTEX
  5
120A
  8
COUCHE_1
 10
177.617231311822
 20
-20.4653889525825
 30
0.0
  0
VERTEX
  5
120B
  8
COUCHE_1
 10
176.8262990188297
 20
-20.91284558922902
 30
0.0
  0
VERTEX
  5
120C
  8
COUCHE_1
 10
175.9831580426601
 20
-21.34983176059936
 30
0.0
  0
VERTEX
  5
120D
  8
COUCHE_1
 10
175.0890095783252
 20
-21.76956478726128
 30
0.0
  0
VERTEX
  5
120E
  8
COUCHE_1
 10
174.1450711745409
 20
-22.16517426419285
 30
0.0
  0
VERTEX
  5
120F
  8
COUCHE_1
 10
173.1526063577606
 20
-22.52968983860503
 30
0.0
  0
VERTEX
  5
1210
  8
COUCHE_1
 10
172.1129636173742
 20
-22.85603389050671
 30
0.0
  0
VERTEX
  5
1211
  8
COUCHE_1
 10
171.0276244054263
 20
-23.13702299979587
 30
0.0
  0
VERTEX
  5
1212
  8
COUCHE_1
 10
169.898257464389
 20
-23.36538282212355
 30
0.0
  0
VERTEX
  5
1213
  8
COUCHE_1
 10
168.7267735236809
 20
-23.53378080472244
 30
0.0
  0
VERTEX
  5
1214
  8
COUCHE_1
 10
167.5270352088966
 20
-23.63390588432999
 30
0.0
  0
VERTEX
  5
1215
  8
COUCHE_1
 10
166.8960200070235
 20
-23.65735193816313
 30
0.0
  0
VERTEX
  5
1216
  8
COUCHE_1
 10
166.2670895196401
 20
-23.66084468308163
 30
0.0
  0
VERTEX
  5
1217
  8
COUCHE_1
 10
165.6295017061545
 20
-23.64391216262053
 30
0.0
  0
VERTEX
  5
1218
  8
COUCHE_1
 10
164.9836331484125
 20
-23.60568469192719
 30
0.0
  0
VERTEX
  5
1219
  8
COUCHE_1
 10
164.3298736007104
 20
-23.54530970130098
 30
0.0
  0
VERTEX
  5
121A
  8
COUCHE_1
 10
163.6686226286012
 20
-23.46195361114297
 30
0.0
  0
VERTEX
  5
121B
  8
COUCHE_1
 10
163.0002857340525
 20
-23.35480314326399
 30
0.0
  0
VERTEX
  5
121C
  8
COUCHE_1
 10
162.325270131037
 20
-23.22306596906487
 30
0.0
  0
VERTEX
  5
121D
  8
COUCHE_1
 10
161.6439803680535
 20
-23.06597063556097
 30
0.0
  0
VERTEX
  5
121E
  8
COUCHE_1
 10
160.9568140099197
 20
-22.88276575784755
 30
0.0
  0
VERTEX
  5
121F
  8
COUCHE_1
 10
160.2641575893917
 20
-22.67271851650482
 30
0.0
  0
VERTEX
  5
1220
  8
COUCHE_1
 10
159.5663830200184
 20
-22.43511254532494
 30
0.0
  0
VERTEX
  5
1221
  8
COUCHE_1
 10
158.8638446246727
 20
-22.16924533285895
 30
0.0
  0
VERTEX
  5
1222
  8
COUCHE_1
 10
158.1568768870644
 20
-21.87442528733074
 30
0.0
  0
VERTEX
  5
1223
  8
COUCHE_1
 10
157.4457929807478
 20
-21.54996862638211
 30
0.0
  0
VERTEX
  5
1224
  8
COUCHE_1
 10
156.7308840761918
 20
-21.19519625009462
 30
0.0
  0
VERTEX
  5
1225
  8
COUCHE_1
 10
156.0124193805519
 20
-20.80943074124845
 30
0.0
  0
VERTEX
  5
1226
  8
COUCHE_1
 10
155.2906468253126
 20
-20.39199361142874
 30
0.0
  0
VERTEX
  5
1227
  8
COUCHE_1
 10
154.565794292372
 20
-19.94220288205775
 30
0.0
  0
VERTEX
  5
1228
  8
COUCHE_1
 10
153.8380712537811
 20
-19.45937105643506
 30
0.0
  0
VERTEX
  5
1229
  8
COUCHE_1
 10
153.4612110978347
 20
-19.1928409651074
 30
0.0
  0
VERTEX
  5
122A
  8
COUCHE_1
 10
153.1737200595378
 20
-19.51548997703544
 30
0.0
  0
VERTEX
  5
122B
  8
COUCHE_1
 10
152.597317152476
 20
-20.10529674575675
 30
0.0
  0
VERTEX
  5
122C
  8
COUCHE_1
 10
152.0180389298301
 20
-20.64436472707551
 30
0.0
  0
VERTEX
  5
122D
  8
COUCHE_1
 10
151.437059397408
 20
-21.1345362586171
 30
0.0
  0
VERTEX
  5
122E
  8
COUCHE_1
 10
150.8556405192971
 20
-21.57762176046216
 30
0.0
  0
VERTEX
  5
122F
  8
COUCHE_1
 10
150.2751431028095
 20
-21.97541531090235
 30
0.0
  0
VERTEX
  5
1230
  8
COUCHE_1
 10
149.697032501452
 20
-22.32971404946747
 30
0.0
  0
VERTEX
  5
1231
  8
COUCHE_1
 10
149.1228775431851
 20
-22.64234002576133
 30
0.0
  0
VERTEX
  5
1232
  8
COUCHE_1
 10
148.5543417733593
 20
-22.91516248920238
 30
0.0
  0
VERTEX
  5
1233
  8
COUCHE_1
 10
147.993167094383
 20
-23.15011826084702
 30
0.0
  0
VERTEX
  5
1234
  8
COUCHE_1
 10
147.4411510117482
 20
-23.34922787792729
 30
0.0
  0
VERTEX
  5
1235
  8
COUCHE_1
 10
146.9001197038308
 20
-23.51460569668463
 30
0.0
  0
VERTEX
  5
1236
  8
COUCHE_1
 10
146.3718997813893
 20
-23.64846299234476
 30
0.0
  0
VERTEX
  5
1237
  8
COUCHE_1
 10
145.8582917371997
 20
-23.75310411728062
 30
0.0
  0
VERTEX
  5
1238
  8
COUCHE_1
 10
145.3610477037003
 20
-23.83091673444228
 30
0.0
  0
VERTEX
  5
1239
  8
COUCHE_1
 10
144.8818553737196
 20
-23.88435783571103
 30
0.0
  0
VERTEX
  5
123A
  8
COUCHE_1
 10
144.4084782675522
 20
-23.91688943794161
 30
0.0
  0
VERTEX
  5
123B
  8
COUCHE_1
 10
143.5706051238056
 20
-23.92453345134821
 30
0.0
  0
VERTEX
  5
123C
  8
COUCHE_1
 10
142.8130709630511
 20
-23.87567055959034
 30
0.0
  0
VERTEX
  5
123D
  8
COUCHE_1
 10
142.5029576550122
 20
-23.83519919718013
 30
0.0
  0
VERTEX
  5
123E
  8
COUCHE_1
 10
142.4406356152317
 20
-24.46441923010897
 30
0.0
  0
VERTEX
  5
123F
  8
COUCHE_1
 10
142.2835000824715
 20
-25.4813521660368
 30
0.0
  0
VERTEX
  5
1240
  8
COUCHE_1
 10
142.0709805254997
 20
-26.4903503036077
 30
0.0
  0
VERTEX
  5
1241
  8
COUCHE_1
 10
141.8034889393828
 20
-27.48975317843106
 30
0.0
  0
VERTEX
  5
1242
  8
COUCHE_1
 10
141.4814421223148
 20
-28.47790377220393
 30
0.0
  0
VERTEX
  5
1243
  8
COUCHE_1
 10
141.1052616540554
 20
-29.45314762351724
 30
0.0
  0
VERTEX
  5
1244
  8
COUCHE_1
 10
140.6824342688713
 20
-30.39805459690191
 30
0.0
  0
VERTEX
  5
1245
  8
COUCHE_1
 10
140.6012239017985
 20
-30.56986189247939
 30
0.0
  0
VERTEX
  5
1246
  8
COUCHE_1
 10
140.5248280767981
 20
-30.67750574113622
 30
0.0
  0
SEQEND
  5
1247
  8
COUCHE_1
  0
POLYLINE
  5
61
  8
COUCHE_1
 66
     1
 10
0.0
 20
0.0
 30
0.0
 70
     1
  0
VERTEX
  5
1248
  8
COUCHE_1
 10
32.38232020092093
 20
-42.66949648742723
 30
0.0
  0
VERTEX
  5
1249
  8
COUCHE_1
 10
32.5155423943268
 20
-42.70777642185062
 30
0.0
  0
VERTEX
  5
124A
  8
COUCHE_1
 10
32.63849344514848
 20
-42.75465256301118
 30
0.0
  0
VERTEX
  5
124B
  8
COUCHE_1
 10
32.75127085147746
 20
-42.80948123688453
 30
0.0
  0
VERTEX
  5
124C
  8
COUCHE_1
 10
32.85397211140539
 20
-42.87161876944658
 30
0.0
  0
VERTEX
  5
124D
  8
COUCHE_1
 10
32.94669472302375
 20
-42.9404214866731
 30
0.0
  0
VERTEX
  5
124E
  8
COUCHE_1
 10
33.02953618442404
 20
-43.01524571453986
 30
0.0
  0
VERTEX
  5
124F
  8
COUCHE_1
 10
33.10259399369801
 20
-43.09544777902261
 30
0.0
  0
VERTEX
  5
1250
  8
COUCHE_1
 10
33.16596564893729
 20
-43.18038400609713
 30
0.0
  0
VERTEX
  5
1251
  8
COUCHE_1
 10
33.21974864823337
 20
-43.26941072173948
 30
0.0
  0
VERTEX
  5
1252
  8
COUCHE_1
 10
33.26404048967776
 20
-43.36188425192482
 30
0.0
  0
VERTEX
  5
1253
  8
COUCHE_1
 10
33.29893867136207
 20
-43.45716092262953
 30
0.0
  0
VERTEX
  5
1254
  8
COUCHE_1
 10
33.32454069137794
 20
-43.55459705982921
 30
0.0
  0
VERTEX
  5
1255
  8
COUCHE_1
 10
33.34094404781699
 20
-43.65354898949978
 30
0.0
  0
VERTEX
  5
1256
  8
COUCHE_1
 10
33.34824623877058
 20
-43.75337303761656
 30
0.0
  0
VERTEX
  5
1257
  8
COUCHE_1
 10
33.34654476233047
 20
-43.85342553015575
 30
0.0
  0
VERTEX
  5
1258
  8
COUCHE_1
 10
33.33593711658829
 20
-43.95306279309314
 30
0.0
  0
VERTEX
  5
1259
  8
COUCHE_1
 10
33.31652079963541
 20
-44.05164115240447
 30
0.0
  0
VERTEX
  5
125A
  8
COUCHE_1
 10
33.28839330956369
 20
-44.14851693406523
 30
0.0
  0
VERTEX
  5
125B
  8
COUCHE_1
 10
33.25165214446452
 20
-44.24304646405177
 30
0.0
  0
VERTEX
  5
125C
  8
COUCHE_1
 10
33.20639480242939
 20
-44.3345860683394
 30
0.0
  0
VERTEX
  5
125D
  8
COUCHE_1
 10
33.15271878155007
 20
-44.42249207290404
 30
0.0
  0
VERTEX
  5
125E
  8
COUCHE_1
 10
33.09072157991829
 20
-44.50612080372162
 30
0.0
  0
VERTEX
  5
125F
  8
COUCHE_1
 10
33.02050069562529
 20
-44.58482858676788
 30
0.0
  0
VERTEX
  5
1260
  8
COUCHE_1
 10
32.94215362676272
 20
-44.65797174801846
 30
0.0
  0
VERTEX
  5
1261
  8
COUCHE_1
 10
32.8557778714223
 20
-44.72490661344926
 30
0.0
  0
VERTEX
  5
1262
  8
COUCHE_1
 10
32.76147092769556
 20
-44.7849895090359
 30
0.0
  0
VERTEX
  5
1263
  8
COUCHE_1
 10
32.65933029367398
 20
-44.83757676075444
 30
0.0
  0
VERTEX
  5
1264
  8
COUCHE_1
 10
32.54945346744918
 20
-44.88202469458066
 30
0.0
  0
VERTEX
  5
1265
  8
COUCHE_1
 10
32.43193794711281
 20
-44.91768963649
 30
0.0
  0
VERTEX
  5
1266
  8
COUCHE_1
 10
32.30688123075646
 20
-44.94392791245856
 30
0.0
  0
VERTEX
  5
1267
  8
COUCHE_1
 10
32.17438081647165
 20
-44.96009584846207
 30
0.0
  0
VERTEX
  5
1268
  8
COUCHE_1
 10
32.03453420235013
 20
-44.96554977047631
 30
0.0
  0
VERTEX
  5
1269
  8
COUCHE_1
 10
3.219253177597562
 20
-44.94192455911318
 30
0.0
  0
VERTEX
  5
126A
  8
COUCHE_1
 10
17.45019443656975
 20
-32.45677874189099
 30
0.0
  0
VERTEX
  5
126B
  8
COUCHE_1
 10
23.25816068809394
 20
-32.63780517692574
 30
0.0
  0
VERTEX
  5
126C
  8
COUCHE_1
 10
23.79102449215388
 20
-32.75695075457531
 30
0.0
  0
VERTEX
  5
126D
  8
COUCHE_1
 10
24.36976279526705
 20
-32.63709047260269
 30
0.0
  0
VERTEX
  5
126E
  8
COUCHE_1
 10
36.36871266402024
 20
-32.63709047260269
 30
0.0
  0
VERTEX
  5
126F
  8
COUCHE_1
 10
36.36866652812798
 20
-17.04773192298474
 30
0.0
  0
VERTEX
  5
1270
  8
COUCHE_1
 10
53.1993172573038
 20
-1.035652029366226
 30
0.0
  0
VERTEX
  5
1271
  8
COUCHE_1
 10
54.8056492125389
 20
-2.07806263459193
 30
0.0
  0
VERTEX
  5
1272
  8
COUCHE_1
 10
55.53150312625746
 20
-2.57405930186543
 30
0.0
  0
VERTEX
  5
1273
  8
COUCHE_1
 10
56.43156664739342
 20
-3.228072061139994
 30
0.0
  0
VERTEX
  5
1274
  8
COUCHE_1
 10
57.44876611753712
 20
-4.024708820930215
 30
0.0
  0
VERTEX
  5
1275
  8
COUCHE_1
 10
58.51833265081686
 20
-4.942697852570498
 30
0.0
  0
VERTEX
  5
1276
  8
COUCHE_1
 10
59.06706321713055
 20
-5.453796771066806
 30
0.0
  0
VERTEX
  5
1277
  8
COUCHE_1
 10
59.60376006661131
 20
-5.986758344638682
 30
0.0
  0
VERTEX
  5
1278
  8
COUCHE_1
 10
60.12692391777737
 20
-6.545552017988951
 30
0.0
  0
VERTEX
  5
1279
  8
COUCHE_1
 10
61.44106971941095
 20
-8.071943038448463
 30
0.0
  0
VERTEX
  5
127A
  8
COUCHE_1
 10
59.58107911269114
 20
-9.242740764693163
 30
0.0
  0
VERTEX
  5
127B
  8
COUCHE_1
 10
58.86982227017762
 20
-9.713733851424207
 30
0.0
  0
VERTEX
  5
127C
  8
COUCHE_1
 10
58.17987820191225
 20
-10.19385366859116
 30
0.0
  0
VERTEX
  5
127D
  8
COUCHE_1
 10
57.51110580978323
 20
-10.68245011586442
 30
0.0
  0
VERTEX
  5
127E
  8
COUCHE_1
 10
56.86336700291027
 20
-11.17887183877128
 30
0.0
  0
VERTEX
  5
127F
  8
COUCHE_1
 10
56.23652653437936
 20
-11.68246596879019
 30
0.0
  0
VERTEX
  5
1280
  8
COUCHE_1
 10
55.63045181768961
 20
-12.19257788004063
 30
0.0
  0
VERTEX
  5
1281
  8
COUCHE_1
 10
55.05026681395243
 20
-12.70392030514113
 30
0.0
  0
VERTEX
  5
1282
  8
COUCHE_1
 10
53.93558456652624
 20
-13.75572266056882
 30
0.0
  0
VERTEX
  5
1283
  8
COUCHE_1
 10
52.90715402695887
 20
-14.8181063690351
 30
0.0
  0
VERTEX
  5
1284
  8
COUCHE_1
 10
51.95878368303052
 20
-15.8906486435439
 30
0.0
  0
VERTEX
  5
1285
  8
COUCHE_1
 10
51.08951626508311
 20
-16.96795384728968
 30
0.0
  0
VERTEX
  5
1286
  8
COUCHE_1
 10
50.29840455549072
 20
-18.04456922124286
 30
0.0
  0
VERTEX
  5
1287
  8
COUCHE_1
 10
49.58450349788312
 20
-19.11497695329144
 30
0.0
  0
VERTEX
  5
1288
  8
COUCHE_1
 10
48.94686157634996
 20
-20.17358389606106
 30
0.0
  0
VERTEX
  5
1289
  8
COUCHE_1
 10
48.38451063094722
 20
-21.21470763161163
 30
0.0
  0
VERTEX
  5
128A
  8
COUCHE_1
 10
47.89645268332445
 20
-22.23255715792098
 30
0.0
  0
VERTEX
  5
128B
  8
COUCHE_1
 10
47.48164138233936
 20
-23.22120586140163
 30
0.0
  0
VERTEX
  5
128C
  8
COUCHE_1
 10
47.13895403450334
 20
-24.17455358951359
 30
0.0
  0
VERTEX
  5
128D
  8
COUCHE_1
 10
46.85857890385935
 20
-25.1150144421533
 30
0.0
  0
VERTEX
  5
128E
  8
COUCHE_1
 10
46.71330070133673
 20
-25.60807047945609
 30
0.0
  0
VERTEX
  5
128F
  8
COUCHE_1
 10
46.53549473268499
 20
-26.11448032942175
 30
0.0
  0
VERTEX
  5
1290
  8
COUCHE_1
 10
46.33540462724855
 20
-26.60553486988564
 30
0.0
  0
VERTEX
  5
1291
  8
COUCHE_1
 10
46.11486232528993
 20
-27.08117044011222
 30
0.0
  0
VERTEX
  5
1292
  8
COUCHE_1
 10
45.87569689234047
 20
-27.54138333858998
 30
0.0
  0
VERTEX
  5
1293
  8
COUCHE_1
 10
45.61429570282516
 20
-27.99565754101447
 30
0.0
  0
VERTEX
  5
1294
  8
COUCHE_1
 10
45.06572809655175
 20
-28.8294815177714
 30
0.0
  0
VERTEX
  5
1295
  8
COUCHE_1
 10
44.46440360501241
 20
-29.61362161410798
 30
0.0
  0
VERTEX
  5
1296
  8
COUCHE_1
 10
43.83059288355767
 20
-30.33943543124953
 30
0.0
  0
VERTEX
  5
1297
  8
COUCHE_1
 10
43.17745425304093
 20
-31.00860755073474
 30
0.0
  0
VERTEX
  5
1298
  8
COUCHE_1
 10
42.51783718403874
 20
-31.6228086696867
 30
0.0
  0
VERTEX
  5
1299
  8
COUCHE_1
 10
41.86441871153013
 20
-32.18358011573531
 30
0.0
  0
VERTEX
  5
129A
  8
COUCHE_1
 10
41.22530055383005
 20
-32.69589709735212
 30
0.0
  0
VERTEX
  5
129B
  8
COUCHE_1
 10
40.07472423234888
 20
-33.55272748841475
 30
0.0
  0
VERTEX
  5
129C
  8
COUCHE_1
 10
39.1593358825583
 20
-34.20701858917788
 30
0.0
  0
VERTEX
  5
129D
  8
COUCHE_1
 10
38.61074624339869
 20
-34.63402292233793
 30
0.0
  0
VERTEX
  5
129E
  8
COUCHE_1
 10
38.15355099261193
 20
-35.10063022814761
 30
0.0
  0
VERTEX
  5
129F
  8
COUCHE_1
 10
37.5766923304984
 20
-35.59757221612811
 30
0.0
  0
VERTEX
  5
12A0
  8
COUCHE_1
 10
36.97606145701289
 20
-36.03091034121834
 30
0.0
  0
VERTEX
  5
12A1
  8
COUCHE_1
 10
36.35526736628911
 20
-36.40170906103306
 30
0.0
  0
VERTEX
  5
12A2
  8
COUCHE_1
 10
35.71859719967761
 20
-36.71139302537268
 30
0.0
  0
VERTEX
  5
12A3
  8
COUCHE_1
 10
35.07074975154028
 20
-36.9619803725792
 30
0.0
  0
VERTEX
  5
12A4
  8
COUCHE_1
 10
34.41651238599448
 20
-37.15618123408036
 30
0.0
  0
VERTEX
  5
12A5
  8
COUCHE_1
 10
33.76044487167663
 20
-37.29736200057363
 30
0.0
  0
VERTEX
  5
12A6
  8
COUCHE_1
 10
33.10664666096449
 20
-37.38940286413595
 30
0.0
  0
VERTEX
  5
12A7
  8
COUCHE_1
 10
32.4586439767
 20
-37.43650430178355
 30
0.0
  0
VERTEX
  5
12A8
  8
COUCHE_1
 10
31.81938899042683
 20
-37.44299799760958
 30
0.0
  0
VERTEX
  5
12A9
  8
COUCHE_1
 10
31.19133604672964
 20
-37.41319812532155
 30
0.0
  0
VERTEX
  5
12AA
  8
COUCHE_1
 10
30.57655411073075
 20
-37.35130531555644
 30
0.0
  0
VERTEX
  5
12AB
  8
COUCHE_1
 10
29.97684324999443
 20
-37.26135858336973
 30
0.0
  0
VERTEX
  5
12AC
  8
COUCHE_1
 10
29.39383624573456
 20
-37.14722267789155
 30
0.0
  0
VERTEX
  5
12AD
  8
COUCHE_1
 10
28.82907788916699
 20
-37.01259745672945
 30
0.0
  0
VERTEX
  5
12AE
  8
COUCHE_1
 10
28.28408187881406
 20
-36.86103851041903
 30
0.0
  0
VERTEX
  5
12AF
  8
COUCHE_1
 10
27.75090074084406
 20
-36.69299774121939
 30
0.0
  0
VERTEX
  5
12B0
  8
COUCHE_1
 10
26.78479854459557
 20
-36.33974793689053
 30
0.0
  0
VERTEX
  5
12B1
  8
COUCHE_1
 10
25.91168636371284
 20
-35.96760378468321
 30
0.0
  0
VERTEX
  5
12B2
  8
COUCHE_1
 10
25.15701459369375
 20
-35.6061614737314
 30
0.0
  0
VERTEX
  5
12B3
  8
COUCHE_1
 10
24.53610403030969
 20
-35.28085630210847
 30
0.0
  0
VERTEX
  5
12B4
  8
COUCHE_1
 10
24.27838293916331
 20
-35.13660547920979
 30
0.0
  0
VERTEX
  5
12B5
  8
COUCHE_1
 10
24.2440971636429
 20
-35.379384122694
 30
0.0
  0
VERTEX
  5
12B6
  8
COUCHE_1
 10
24.21651241407895
 20
-35.96170468595285
 30
0.0
  0
VERTEX
  5
12B7
  8
COUCHE_1
 10
24.24378978466245
 20
-36.50375479823892
 30
0.0
  0
VERTEX
  5
12B8
  8
COUCHE_1
 10
24.32059576780811
 20
-37.00876691838123
 30
0.0
  0
VERTEX
  5
12B9
  8
COUCHE_1
 10
24.44232609533947
 20
-37.48027529735351
 30
0.0
  0
VERTEX
  5
12BA
  8
COUCHE_1
 10
24.60518580377039
 20
-37.9218167854739
 30
0.0
  0
VERTEX
  5
12BB
  8
COUCHE_1
 10
24.80611099554147
 20
-38.33661886956313
 30
0.0
  0
VERTEX
  5
12BC
  8
COUCHE_1
 10
25.04255295347704
 20
-38.72735856421937
 30
0.0
  0
VERTEX
  5
12BD
  8
COUCHE_1
 10
25.31219319036811
 20
-39.09604660438066
 30
0.0
  0
VERTEX
  5
12BE
  8
COUCHE_1
 10
25.61267095572365
 20
-39.44404234699083
 30
0.0
  0
VERTEX
  5
12BF
  8
COUCHE_1
 10
25.94138213478587
 20
-39.77216401071672
 30
0.0
  0
VERTEX
  5
12C0
  8
COUCHE_1
 10
26.29537053003951
 20
-40.08084300875999
 30
0.0
  0
VERTEX
  5
12C1
  8
COUCHE_1
 10
26.67130093676673
 20
-40.37027818801978
 30
0.0
  0
VERTEX
  5
12C2
  8
COUCHE_1
 10
27.06548808868392
 20
-40.6405635449459
 30
0.0
  0
VERTEX
  5
12C3
  8
COUCHE_1
 10
27.47395453782384
 20
-40.89178015886761
 30
0.0
  0
VERTEX
  5
12C4
  8
COUCHE_1
 10
27.89249706587616
 20
-41.1240543582162
 30
0.0
  0
VERTEX
  5
12C5
  8
COUCHE_1
 10
28.3067946890579
 20
-41.33257885604638
 30
0.0
  0
VERTEX
  5
12C6
  8
COUCHE_1
 10
29.16685303215537
 20
-41.71018796298277
 30
0.0
  0
VERTEX
  5
12C7
  8
COUCHE_1
 10
29.98275556839242
 20
-42.01195903172886
 30
0.0
  0
VERTEX
  5
12C8
  8
COUCHE_1
 10
30.73080564736426
 20
-42.24815981175153
 30
0.0
  0
VERTEX
  5
12C9
  8
COUCHE_1
 10
31.37559908659251
 20
-42.42456381357722
 30
0.0
  0
VERTEX
  5
12CA
  8
COUCHE_1
 10
31.89668905418428
 20
-42.55100231702494
 30
0.0
  0
SEQEND
  5
12CB
  8
COUCHE_1
  0
POLYLINE
  5
62
  8
COUCHE_1
 66
     1
 10
0.0
 20
0.0
 30
0.0
 70
     1
  0
VERTEX
  5
12CC
  8
COUCHE_1
 10
133.9302430456425
 20
0.0009262738991202
 30
0.0
  0
VERTEX
  5
12CD
  8
COUCHE_1
 10
131.5910044683855
 20
2.564829729758993
 30
0.0
  0
VERTEX
  5
12CE
  8
COUCHE_1
 10
131.1315906934212
 20
3.086046469996598
 30
0.0
  0
VERTEX
  5
12CF
  8
COUCHE_1
 10
130.8475858898855
 20
3.433977998120991
 30
0.0
  0
VERTEX
  5
12D0
  8
COUCHE_1
 10
130.5360384830066
 20
3.84319562932012
 30
0.0
  0
VERTEX
  5
12D1
  8
COUCHE_1
 10
130.2153467076371
 20
4.301399620670166
 30
0.0
  0
VERTEX
  5
12D2
  8
COUCHE_1
 10
129.9002490866371
 20
4.800258091396715
 30
0.0
  0
VERTEX
  5
12D3
  8
COUCHE_1
 10
129.605240073557
 20
5.330956922234251
 30
0.0
  0
VERTEX
  5
12D4
  8
COUCHE_1
 10
129.3443016378616
 20
5.884187584979355
 30
0.0
  0
VERTEX
  5
12D5
  8
COUCHE_1
 10
129.130524457549
 20
6.450209553600886
 30
0.0
  0
VERTEX
  5
12D6
  8
COUCHE_1
 10
128.9713157531259
 20
7.03485453741783
 30
0.0
  0
VERTEX
  5
12D7
  8
COUCHE_1
 10
128.9214566410711
 20
7.304051504706794
 30
0.0
  0
VERTEX
  5
12D8
  8
COUCHE_1
 10
128.8872834763762
 20
7.584115440194782
 30
0.0
  0
VERTEX
  5
12D9
  8
COUCHE_1
 10
128.883885664058
 20
7.64632731113428
 30
0.0
  0
VERTEX
  5
12DA
  8
COUCHE_1
 10
129.0805149243076
 20
7.568571055699699
 30
0.0
  0
VERTEX
  5
12DB
  8
COUCHE_1
 10
129.6770596388279
 20
7.389092131202279
 30
0.0
  0
VERTEX
  5
12DC
  8
COUCHE_1
 10
130.2972053192602
 20
7.257894969631364
 30
0.0
  0
VERTEX
  5
12DD
  8
COUCHE_1
 10
130.9374566631824
 20
7.177452875938553
 30
0.0
  0
VERTEX
  5
12DE
  8
COUCHE_1
 10
131.5947291830136
 20
7.150121621472976
 30
0.0
  0
VERTEX
  5
12DF
  8
COUCHE_1
 10
132.2689968639996
 20
7.178967856901942
 30
0.0
  0
VERTEX
  5
12E0
  8
COUCHE_1
 10
132.9269368905495
 20
7.264041440735791
 30
0.0
  0
VERTEX
  5
12E1
  8
COUCHE_1
 10
133.5633663010815
 20
7.402684619350191
 30
0.0
  0
VERTEX
  5
12E2
  8
COUCHE_1
 10
134.1744994756633
 20
7.592190968951057
 30
0.0
  0
VERTEX
  5
12E3
  8
COUCHE_1
 10
134.75678042287
 20
7.829838215845466
 30
0.0
  0
VERTEX
  5
12E4
  8
COUCHE_1
 10
135.3068261568301
 20
8.112948914363301
 30
0.0
  0
VERTEX
  5
12E5
  8
COUCHE_1
 10
135.8213514246259
 20
8.438923817934844
 30
0.0
  0
VERTEX
  5
12E6
  8
COUCHE_1
 10
136.2970867783744
 20
8.805245631571664
 30
0.0
  0
VERTEX
  5
12E7
  8
COUCHE_1
 10
136.7307005984889
 20
9.20945316872061
 30
0.0
  0
VERTEX
  5
12E8
  8
COUCHE_1
 10
137.1187349694223
 20
9.649087281459563
 30
0.0
  0
VERTEX
  5
12E9
  8
COUCHE_1
 10
137.4575657904289
 20
10.12161150088262
 30
0.0
  0
VERTEX
  5
12EA
  8
COUCHE_1
 10
137.7433986111654
 20
10.62431340861302
 30
0.0
  0
VERTEX
  5
12EB
  8
COUCHE_1
 10
137.9723117415254
 20
11.15419818649283
 30
0.0
  0
VERTEX
  5
12EC
  8
COUCHE_1
 10
138.1403546545571
 20
11.70789316070618
 30
0.0
  0
VERTEX
  5
12ED
  8
COUCHE_1
 10
138.2437001413353
 20
12.28158905344294
 30
0.0
  0
VERTEX
  5
12EE
  8
COUCHE_1
 10
138.2788174080082
 20
12.87078879984196
 30
0.0
  0
VERTEX
  5
12EF
  8
COUCHE_1
 10
138.2437001413358
 20
13.45998854625238
 30
0.0
  0
VERTEX
  5
12F0
  8
COUCHE_1
 10
138.1403546545581
 20
14.03368443898474
 30
0.0
  0
VERTEX
  5
12F1
  8
COUCHE_1
 10
137.9723117415256
 20
14.58737941319868
 30
0.0
  0
VERTEX
  5
12F2
  8
COUCHE_1
 10
137.7433986111662
 20
15.11726419107966
 30
0.0
  0
VERTEX
  5
12F3
  8
COUCHE_1
 10
137.4575657904279
 20
15.61996609881269
 30
0.0
  0
VERTEX
  5
12F4
  8
COUCHE_1
 10
137.1187349694251
 20
16.09249031823049
 30
0.0
  0
VERTEX
  5
12F5
  8
COUCHE_1
 10
136.7307005984871
 20
16.53212443097529
 30
0.0
  0
VERTEX
  5
12F6
  8
COUCHE_1
 10
136.297086778372
 20
16.93633196812423
 30
0.0
  0
VERTEX
  5
12F7
  8
COUCHE_1
 10
135.821351424621
 20
17.30265378176281
 30
0.0
  0
VERTEX
  5
12F8
  8
COUCHE_1
 10
135.3068261568312
 20
17.62862868532996
 30
0.0
  0
VERTEX
  5
12F9
  8
COUCHE_1
 10
134.7567804228711
 20
17.91173938384809
 30
0.0
  0
VERTEX
  5
12FA
  8
COUCHE_1
 10
134.174499475669
 20
18.14938663074074
 30
0.0
  0
VERTEX
  5
12FB
  8
COUCHE_1
 10
133.5633663010823
 20
18.33889298034337
 30
0.0
  0
VERTEX
  5
12FC
  8
COUCHE_1
 10
132.9269368905518
 20
18.47753615895776
 30
0.0
  0
VERTEX
  5
12FD
  8
COUCHE_1
 10
132.2689968639975
 20
18.5626097427922
 30
0.0
  0
VERTEX
  5
12FE
  8
COUCHE_1
 10
131.6403146824637
 20
18.58950575861771
 30
0.0
  0
VERTEX
  5
12FF
  8
COUCHE_1
 10
131.091168193441
 20
18.65150512683494
 30
0.0
  0
VERTEX
  5
1300
  8
COUCHE_1
 10
130.4120234336946
 20
18.68338183347813
 30
0.0
  0
VERTEX
  5
1301
  8
COUCHE_1
 10
129.7350417957389
 20
18.6741311503791
 30
0.0
  0
VERTEX
  5
1302
  8
COUCHE_1
 10
129.0620391688912
 20
18.62734137966525
 30
0.0
  0
VERTEX
  5
1303
  8
COUCHE_1
 10
128.3944935077494
 20
18.54645504602492
 30
0.0
  0
VERTEX
  5
1304
  8
COUCHE_1
 10
127.7336591450496
 20
18.43473849599541
 30
0.0
  0
VERTEX
  5
1305
  8
COUCHE_1
 10
127.0806604958603
 20
18.29528130660234
 30
0.0
  0
VERTEX
  5
1306
  8
COUCHE_1
 10
126.4365616881805
 20
18.13101254109758
 30
0.0
  0
VERTEX
  5
1307
  8
COUCHE_1
 10
125.8024142794571
 20
17.9447243598421
 30
0.0
  0
VERTEX
  5
1308
  8
COUCHE_1
 10
125.1699893028282
 20
17.7360287036962
 30
0.0
  0
VERTEX
  5
1309
  8
COUCHE_1
 10
123.9718928125029
 20
17.28104365606992
 30
0.0
  0
VERTEX
  5
130A
  8
COUCHE_1
 10
122.8208549068565
 20
16.77488559895935
 30
0.0
  0
VERTEX
  5
130B
  8
COUCHE_1
 10
121.7378869481742
 20
16.24106137789036
 30
0.0
  0
VERTEX
  5
130C
  8
COUCHE_1
 10
120.7337198872761
 20
15.69858666982965
 30
0.0
  0
VERTEX
  5
130D
  8
COUCHE_1
 10
119.8134457474376
 20
15.16272392388839
 30
0.0
  0
VERTEX
  5
130E
  8
COUCHE_1
 10
118.3128789490677
 20
14.21057132390182
 30
0.0
  0
VERTEX
  5
130F
  8
COUCHE_1
 10
117.3232338605222
 20
13.53015808863618
 30
0.0
  0
VERTEX
  5
1310
  8
COUCHE_1
 10
116.2099197190489
 20
12.77195314399694
 30
0.0
  0
VERTEX
  5
1311
  8
COUCHE_1
 10
116.7443035181882
 20
11.27277518848211
 30
0.0
  0
VERTEX
  5
1312
  8
COUCHE_1
 10
117.0615129561618
 20
10.54808989295538
 30
0.0
  0
VERTEX
  5
1313
  8
COUCHE_1
 10
117.4232207687458
 20
9.852017108556522
 30
0.0
  0
VERTEX
  5
1314
  8
COUCHE_1
 10
117.825147440235
 20
9.184603516903135
 30
0.0
  0
VERTEX
  5
1315
  8
COUCHE_1
 10
118.2630730373881
 20
8.545711526330367
 30
0.0
  0
VERTEX
  5
1316
  8
COUCHE_1
 10
118.7328700736512
 20
7.93505563797435
 30
0.0
  0
VERTEX
  5
1317
  8
COUCHE_1
 10
119.2305202686584
 20
7.352241102125049
 30
0.0
  0
VERTEX
  5
1318
  8
COUCHE_1
 10
119.7521182514216
 20
6.796799993993918
 30
0.0
  0
VERTEX
  5
1319
  8
COUCHE_1
 10
120.2938660276187
 20
6.268221906176207
 30
0.0
  0
VERTEX
  5
131A
  8
COUCHE_1
 10
120.8520618411044
 20
5.765978183330438
 30
0.0
  0
VERTEX
  5
131B
  8
COUCHE_1
 10
121.4230863633318
 20
5.289539813771122
 30
0.0
  0
VERTEX
  5
131C
  8
COUCHE_1
 10
122.0033883010312
 20
4.83838976265375
 30
0.0
  0
VERTEX
  5
131D
  8
COUCHE_1
 10
122.5894707378718
 20
4.41203080528224
 30
0.0
  0
VERTEX
  5
131E
  8
COUCHE_1
 10
123.1846938487267
 20
4.00533350720741
 30
0.0
  0
VERTEX
  5
131F
  8
COUCHE_1
 10
124.3467060134465
 20
3.277548749898756
 30
0.0
  0
VERTEX
  5
1320
  8
COUCHE_1
 10
125.4854239815049
 20
2.636858665269252
 30
0.0
  0
VERTEX
  5
1321
  8
COUCHE_1
 10
126.5655904511381
 20
2.085560484070892
 30
0.0
  0
VERTEX
  5
1322
  8
COUCHE_1
 10
127.5602008963976
 20
1.621119632914071
 30
0.0
  0
VERTEX
  5
1323
  8
COUCHE_1
 10
128.4477875757121
 20
1.238851827817029
 30
0.0
  0
VERTEX
  5
1324
  8
COUCHE_1
 10
129.7425197562591
 20
0.7335297726777322
 30
0.0
  0
VERTEX
  5
1325
  8
COUCHE_1
 10
131.7240219524213
 20
0.0009262738991203
 30
0.0
  0
VERTEX
  5
1326
  8
COUCHE_1
 10
129.7425197562596
 20
-0.7316772248794914
 30
0.0
  0
VERTEX
  5
1327
  8
COUCHE_1
 10
128.4477875757124
 20
-1.236999280018495
 30
0.0
  0
VERTEX
  5
1328
  8
COUCHE_1
 10
127.5602008963971
 20
-1.619267085115537
 30
0.0
  0
VERTEX
  5
1329
  8
COUCHE_1
 10
126.5655904511394
 20
-2.083707936272066
 30
0.0
  0
VERTEX
  5
132A
  8
COUCHE_1
 10
125.4854239815054
 20
-2.635006117470718
 30
0.0
  0
VERTEX
  5
132B
  8
COUCHE_1
 10
124.346706013447
 20
-3.275696202100221
 30
0.0
  0
VERTEX
  5
132C
  8
COUCHE_1
 10
123.1846938487228
 20
-4.003480959411799
 30
0.0
  0
VERTEX
  5
132D
  8
COUCHE_1
 10
122.5894707378681
 20
-4.410178257486337
 30
0.0
  0
VERTEX
  5
132E
  8
COUCHE_1
 10
122.0033883010318
 20
-4.836537214855509
 30
0.0
  0
VERTEX
  5
132F
  8
COUCHE_1
 10
121.4230863633259
 20
-5.287687265977557
 30
0.0
  0
VERTEX
  5
1330
  8
COUCHE_1
 10
120.8520618411005
 20
-5.764125635535411
 30
0.0
  0
VERTEX
  5
1331
  8
COUCHE_1
 10
120.2938660276187
 20
-6.266369358377379
 30
0.0
  0
VERTEX
  5
1332
  8
COUCHE_1
 10
119.7521182514218
 20
-6.794947446195384
 30
0.0
  0
VERTEX
  5
1333
  8
COUCHE_1
 10
119.2305202686571
 20
-7.350388554328561
 30
0.0
  0
VERTEX
  5
1334
  8
COUCHE_1
 10
118.7328700736481
 20
-7.933203090179615
 30
0.0
  0
VERTEX
  5
1335
  8
COUCHE_1
 10
118.263073037387
 20
-8.543858978533292
 30
0.0
  0
VERTEX
  5
1336
  8
COUCHE_1
 10
117.825147440235
 20
-9.182750969104305
 30
0.0
  0
VERTEX
  5
1337
  8
COUCHE_1
 10
117.4232207687447
 20
-9.85016456075974
 30
0.0
  0
VERTEX
  5
1338
  8
COUCHE_1
 10
117.0615129561613
 20
-10.54623734515889
 30
0.0
  0
VERTEX
  5
1339
  8
COUCHE_1
 10
116.744303518188
 20
-11.27092264068358
 30
0.0
  0
VERTEX
  5
133A
  8
COUCHE_1
 10
116.2099197190489
 20
-12.7701005961984
 30
0.0
  0
VERTEX
  5
133B
  8
COUCHE_1
 10
117.3232338605222
 20
-13.52830554083765
 30
0.0
  0
VERTEX
  5
133C
  8
COUCHE_1
 10
118.3061961107986
 20
-14.20412410710539
 30
0.0
  0
VERTEX
  5
133D
  8
COUCHE_1
 10
119.0074122041237
 20
-14.66129239474229
 30
0.0
  0
VERTEX
  5
133E
  8
COUCHE_1
 10
119.819636653279
 20
-15.16447625387687
 30
0.0
  0
VERTEX
  5
133F
  8
COUCHE_1
 10
120.733719887267
 20
-15.69673412202644
 30
0.0
  0
VERTEX
  5
1340
  8
COUCHE_1
 10
121.7378869481833
 20
-16.2392088300968
 30
0.0
  0
VERTEX
  5
1341
  8
COUCHE_1
 10
122.8208549068619
 20
-16.77303305116346
 30
0.0
  0
VERTEX
  5
1342
  8
COUCHE_1
 10
123.9718928125006
 20
-17.27919110827051
 30
0.0
  0
VERTEX
  5
1343
  8
COUCHE_1
 10
125.1699893028253
 20
-17.73417615589709
 30
0.0
  0
VERTEX
  5
1344
  8
COUCHE_1
 10
125.8024142794441
 20
-17.94287181203947
 30
0.0
  0
VERTEX
  5
1345
  8
COUCHE_1
 10
126.4365616881693
 20
-18.12915999329642
 30
0.0
  0
VERTEX
  5
1346
  8
COUCHE_1
 10
127.0806604958662
 20
-18.29342875880497
 30
0.0
  0
VERTEX
  5
1347
  8
COUCHE_1
 10
127.7336591450587
 20
-18.43288594819892
 30
0.0
  0
VERTEX
  5
1348
  8
COUCHE_1
 10
128.3944935077553
 20
-18.54460249822755
 30
0.0
  0
VERTEX
  5
1349
  8
COUCHE_1
 10
129.0620391688971
 20
-18.6254888318673
 30
0.0
  0
VERTEX
  5
134A
  8
COUCHE_1
 10
129.7350417957446
 20
-18.67227860258116
 30
0.0
  0
VERTEX
  5
134B
  8
COUCHE_1
 10
130.4120234336842
 20
-18.68152928568018
 30
0.0
  0
VERTEX
  5
134C
  8
COUCHE_1
 10
131.091168193442
 20
-18.64965257903641
 30
0.0
  0
VERTEX
  5
134D
  8
COUCHE_1
 10
131.6403146824619
 20
-18.58765321082006
 30
0.0
  0
VERTEX
  5
134E
  8
COUCHE_1
 10
132.2689968640059
 20
-18.56075719499337
 30
0.0
  0
VERTEX
  5
134F
  8
COUCHE_1
 10
132.9269368905492
 20
-18.47568361115982
 30
0.0
  0
VERTEX
  5
1350
  8
COUCHE_1
 10
133.5633663010815
 20
-18.33704043254513
 30
0.0
  0
VERTEX
  5
1351
  8
COUCHE_1
 10
134.1744994756645
 20
-18.14753408294426
 30
0.0
  0
VERTEX
  5
1352
  8
COUCHE_1
 10
134.7567804228692
 20
-17.90988683605073
 30
0.0
  0
VERTEX
  5
1353
  8
COUCHE_1
 10
135.3068261568223
 20
-17.62677613753699
 30
0.0
  0
VERTEX
  5
1354
  8
COUCHE_1
 10
135.8213514246275
 20
-17.30080123395931
 30
0.0
  0
VERTEX
  5
1355
  8
COUCHE_1
 10
136.2970867783772
 20
-16.93447942032132
 30
0.0
  0
VERTEX
  5
1356
  8
COUCHE_1
 10
136.7307005984839
 20
-16.53027188317968
 30
0.0
  0
VERTEX
  5
1357
  8
COUCHE_1
 10
137.1187349694243
 20
-16.09063777043371
 30
0.0
  0
VERTEX
  5
1358
  8
COUCHE_1
 10
137.4575657904289
 20
-15.6181135510127
 30
0.0
  0
VERTEX
  5
1359
  8
COUCHE_1
 10
137.7433986111656
 20
-15.11541164328259
 30
0.0
  0
VERTEX
  5
135A
  8
COUCHE_1
 10
137.972311741523
 20
-14.58552686540804
 30
0.0
  0
VERTEX
  5
135B
  8
COUCHE_1
 10
138.1403546545571
 20
-14.03183189119118
 30
0.0
  0
VERTEX
  5
135C
  8
COUCHE_1
 10
138.2437001413348
 20
-13.45813599845648
 30
0.0
  0
VERTEX
  5
135D
  8
COUCHE_1
 10
138.2788174080082
 20
-12.86893625204634
 30
0.0
  0
VERTEX
  5
135E
  8
COUCHE_1
 10
138.2437001413358
 20
-12.27973650564762
 30
0.0
  0
VERTEX
  5
135F
  8
COUCHE_1
 10
138.1403546545565
 20
-11.70604061290443
 30
0.0
  0
VERTEX
  5
1360
  8
COUCHE_1
 10
137.9723117415243
 20
-11.15234563869225
 30
0.0
  0
VERTEX
  5
1361
  8
COUCHE_1
 10
137.7433986111635
 20
-10.62246086081097
 30
0.0
  0
VERTEX
  5
1362
  8
COUCHE_1
 10
137.4575657904281
 20
-10.11975895308292
 30
0.0
  0
VERTEX
  5
1363
  8
COUCHE_1
 10
137.1187349694248
 20
-9.647234733663952
 30
0.0
  0
VERTEX
  5
1364
  8
COUCHE_1
 10
136.7307005984855
 20
-9.20760062091886
 30
0.0
  0
VERTEX
  5
1365
  8
COUCHE_1
 10
136.2970867783759
 20
-8.803393083774884
 30
0.0
  0
VERTEX
  5
1366
  8
COUCHE_1
 10
135.8213514246262
 20
-8.437071270136894
 30
0.0
  0
VERTEX
  5
1367
  8
COUCHE_1
 10
135.3068261568291
 20
-8.111096366563888
 30
0.0
  0
VERTEX
  5
1368
  8
COUCHE_1
 10
134.756780422868
 20
-7.827985668046058
 30
0.0
  0
VERTEX
  5
1369
  8
COUCHE_1
 10
134.1744994756653
 20
-7.590338421153109
 30
0.0
  0
VERTEX
  5
136A
  8
COUCHE_1
 10
133.5633663010745
 20
-7.400832071549906
 30
0.0
  0
VERTEX
  5
136B
  8
COUCHE_1
 10
132.9269368905441
 20
-7.262188892936674
 30
0.0
  0
VERTEX
  5
136C
  8
COUCHE_1
 10
132.2689968640004
 20
-7.17711530910341
 30
0.0
  0
VERTEX
  5
136D
  8
COUCHE_1
 10
131.5947291830224
 20
-7.148269073674736
 30
0.0
  0
VERTEX
  5
136E
  8
COUCHE_1
 10
130.9374566631819
 20
-7.17560032814002
 30
0.0
  0
VERTEX
  5
136F
  8
COUCHE_1
 10
130.2972053192588
 20
-7.256042421833417
 30
0.0
  0
VERTEX
  5
1370
  8
COUCHE_1
 10
129.677059638824
 20
-7.387239583405209
 30
0.0
  0
VERTEX
  5
1371
  8
COUCHE_1
 10
129.0805149243029
 20
-7.566718507902921
 30
0.0
  0
VERTEX
  5
1372
  8
COUCHE_1
 10
128.883885664058
 20
-7.64447476333604
 30
0.0
  0
VERTEX
  5
1373
  8
COUCHE_1
 10
128.8872834763759
 20
-7.582262892398003
 30
0.0
  0
VERTEX
  5
1374
  8
COUCHE_1
 10
128.9214566410711
 20
-7.302198956908262
 30
0.0
  0
VERTEX
  5
1375
  8
COUCHE_1
 10
128.9713157531259
 20
-7.033001989619884
 30
0.0
  0
VERTEX
  5
1376
  8
COUCHE_1
 10
129.130524457549
 20
-6.448357005802354
 30
0.0
  0
VERTEX
  5
1377
  8
COUCHE_1
 10
129.3443016378616
 20
-5.882335037180822
 30
0.0
  0
VERTEX
  5
1378
  8
COUCHE_1
 10
129.605240073557
 20
-5.32910437443601
 30
0.0
  0
VERTEX
  5
1379
  8
COUCHE_1
 10
129.9002490866371
 20
-4.798405543598182
 30
0.0
  0
VERTEX
  5
137A
  8
COUCHE_1
 10
130.2153467076374
 20
-4.299547072871634
 30
0.0
  0
VERTEX
  5
137B
  8
COUCHE_1
 10
130.5307172103494
 20
-3.848946108970187
 30
0.0
  0
VERTEX
  5
137C
  8
COUCHE_1
 10
131.1386613234564
 20
-3.076172110621705
 30
0.0
  0
VERTEX
  5
137D
  8
COUCHE_1
 10
131.5910044683855
 20
-2.562977181960459
 30
0.0
  0
SEQEND
  5
137E
  8
COUCHE_1
  0
POLYLINE
  5
63
  8
COUCHE_1
 66
     1
 10
0.0
 20
0.0
 30
0.0
 70
     1
  0
VERTEX
  5
137F
  8
COUCHE_1
 10
15.36611917595857
 20
-8.753166356677161
 30
0.0
  0
VERTEX
  5
1380
  8
COUCHE_1
 10
15.3600493774287
 20
-8.95654093240365
 30
0.0
  0
VERTEX
  5
1381
  8
COUCHE_1
 10
15.34203538297068
 20
-9.15724577587177
 30
0.0
  0
VERTEX
  5
1382
  8
COUCHE_1
 10
15.31237029428284
 20
-9.355032563674976
 30
0.0
  0
VERTEX
  5
1383
  8
COUCHE_1
 10
15.27134721306298
 20
-9.54965297240672
 30
0.0
  0
VERTEX
  5
1384
  8
COUCHE_1
 10
15.21925924100892
 20
-9.740858678660459
 30
0.0
  0
VERTEX
  5
1385
  8
COUCHE_1
 10
15.15639947981884
 20
-9.928401359030081
 30
0.0
  0
VERTEX
  5
1386
  8
COUCHE_1
 10
15.08306103119068
 20
-10.11203269010861
 30
0.0
  0
VERTEX
  5
1387
  8
COUCHE_1
 10
14.99953699682225
 20
-10.29150434848992
 30
0.0
  0
VERTEX
  5
1388
  8
COUCHE_1
 10
14.9061204784116
 20
-10.46656801076719
 30
0.0
  0
VERTEX
  5
1389
  8
COUCHE_1
 10
14.80310457765681
 20
-10.63697535353402
 30
0.0
  0
VERTEX
  5
138A
  8
COUCHE_1
 10
14.69078239625567
 20
-10.802478053384
 30
0.0
  0
VERTEX
  5
138B
  8
COUCHE_1
 10
14.56944703590626
 20
-10.96282778691074
 30
0.0
  0
VERTEX
  5
138C
  8
COUCHE_1
 10
14.4393915983065
 20
-11.11777623070768
 30
0.0
  0
VERTEX
  5
138D
  8
COUCHE_1
 10
14.30090918515433
 20
-11.26707506136799
 30
0.0
  0
VERTEX
  5
138E
  8
COUCHE_1
 10
14.15429289814769
 20
-11.41047595548572
 30
0.0
  0
VERTEX
  5
138F
  8
COUCHE_1
 10
13.99983583898452
 20
-11.54773058965401
 30
0.0
  0
VERTEX
  5
1390
  8
COUCHE_1
 10
13.83783110936286
 20
-11.67859064046633
 30
0.0
  0
VERTEX
  5
1391
  8
COUCHE_1
 10
13.66857181098067
 20
-11.80280778451626
 30
0.0
  0
VERTEX
  5
1392
  8
COUCHE_1
 10
13.49235104553587
 20
-11.92013369839758
 30
0.0
  0
VERTEX
  5
1393
  8
COUCHE_1
 10
13.30946191472641
 20
-12.03032005870356
 30
0.0
  0
VERTEX
  5
1394
  8
COUCHE_1
 10
13.1201975202502
 20
-12.13311854202783
 30
0.0
  0
VERTEX
  5
1395
  8
COUCHE_1
 10
12.92485096380545
 20
-12.22828082496354
 30
0.0
  0
VERTEX
  5
1396
  8
COUCHE_1
 10
12.72371534708984
 20
-12.31555858410457
 30
0.0
  0
VERTEX
  5
1397
  8
COUCHE_1
 10
12.51708377180155
 20
-12.39470349604425
 30
0.0
  0
VERTEX
  5
1398
  8
COUCHE_1
 10
12.30524933963853
 20
-12.46546723737617
 30
0.0
  0
VERTEX
  5
1399
  8
COUCHE_1
 10
12.08850515229844
 20
-12.52760148469378
 30
0.0
  0
VERTEX
  5
139A
  8
COUCHE_1
 10
11.86714431147961
 20
-12.58085791459053
 30
0.0
  0
VERTEX
  5
139B
  8
COUCHE_1
 10
11.64145991887972
 20
-12.62498820366004
 30
0.0
  0
VERTEX
  5
139C
  8
COUCHE_1
 10
11.41174507619684
 20
-12.65974402849589
 30
0.0
  0
VERTEX
  5
139D
  8
COUCHE_1
 10
11.17829288512914
 20
-12.68487706569139
 30
0.0
  0
VERTEX
  5
139E
  8
COUCHE_1
 10
10.94139644737418
 20
-12.70013899184015
 30
0.0
  0
VERTEX
  5
139F
  8
COUCHE_1
 10
10.7013488646303
 20
-12.70528148353548
 30
0.0
  0
VERTEX
  5
13A0
  8
COUCHE_1
 10
10.4613012818864
 20
-12.70013899184015
 30
0.0
  0
VERTEX
  5
13A1
  8
COUCHE_1
 10
10.22440484413145
 20
-12.68487706569139
 30
0.0
  0
VERTEX
  5
13A2
  8
COUCHE_1
 10
9.990952653063756
 20
-12.65974402849589
 30
0.0
  0
VERTEX
  5
13A3
  8
COUCHE_1
 10
9.761237810380997
 20
-12.62498820366004
 30
0.0
  0
VERTEX
  5
13A4
  8
COUCHE_1
 10
9.535553417781236
 20
-12.58085791459053
 30
0.0
  0
VERTEX
  5
13A5
  8
COUCHE_1
 10
9.31419257696241
 20
-12.52760148469378
 30
0.0
  0
VERTEX
  5
13A6
  8
COUCHE_1
 10
9.09744838962232
 20
-12.46546723737617
 30
0.0
  0
VERTEX
  5
13A7
  8
COUCHE_1
 10
8.885613957459297
 20
-12.39470349604425
 30
0.0
  0
VERTEX
  5
13A8
  8
COUCHE_1
 10
8.67898238217101
 20
-12.31555858410457
 30
0.0
  0
VERTEX
  5
13A9
  8
COUCHE_1
 10
8.477846765455396
 20
-12.22828082496354
 30
0.0
  0
VERTEX
  5
13AA
  8
COUCHE_1
 10
8.28250020901065
 20
-12.13311854202783
 30
0.0
  0
VERTEX
  5
13AB
  8
COUCHE_1
 10
8.093235814534575
 20
-12.03032005870356
 30
0.0
  0
VERTEX
  5
13AC
  8
COUCHE_1
 10
7.910346683725234
 20
-11.92013369839758
 30
0.0
  0
VERTEX
  5
13AD
  8
COUCHE_1
 10
7.734125918280437
 20
-11.80280778451626
 30
0.0
  0
VERTEX
  5
13AE
  8
COUCHE_1
 10
7.564866619898244
 20
-11.67859064046633
 30
0.0
  0
VERTEX
  5
13AF
  8
COUCHE_1
 10
7.40286189027659
 20
-11.54773058965401
 30
0.0
  0
VERTEX
  5
13B0
  8
COUCHE_1
 10
7.248404831113413
 20
-11.41047595548572
 30
0.0
  0
VERTEX
  5
13B1
  8
COUCHE_1
 10
7.101788544106772
 20
-11.26707506136799
 30
0.0
  0
VERTEX
  5
13B2
  8
COUCHE_1
 10
6.963306130954478
 20
-11.11777623070768
 30
0.0
  0
VERTEX
  5
13B3
  8
COUCHE_1
 10
6.833250693354723
 20
-10.96282778691074
 30
0.0
  0
VERTEX
  5
13B4
  8
COUCHE_1
 10
6.711915333005178
 20
-10.802478053384
 30
0.0
  0
VERTEX
  5
13B5
  8
COUCHE_1
 10
6.599593151604042
 20
-10.63697535353402
 30
0.0
  0
VERTEX
  5
13B6
  8
COUCHE_1
 10
6.496577250849248
 20
-10.46656801076719
 30
0.0
  0
VERTEX
  5
13B7
  8
COUCHE_1
 10
6.4031607324386
 20
-10.29150434848992
 30
0.0
  0
VERTEX
  5
13B8
  8
COUCHE_1
 10
6.319636698070164
 20
-10.1120326901086
 30
0.0
  0
VERTEX
  5
13B9
  8
COUCHE_1
 10
6.246298249442005
 20
-9.928401359030081
 30
0.0
  0
VERTEX
  5
13BA
  8
COUCHE_1
 10
6.183438488251927
 20
-9.740858678660457
 30
0.0
  0
VERTEX
  5
13BB
  8
COUCHE_1
 10
6.131350516197863
 20
-9.54965297240672
 30
0.0
  0
VERTEX
  5
13BC
  8
COUCHE_1
 10
6.090327434978009
 20
-9.355032563674975
 30
0.0
  0
VERTEX
  5
13BD
  8
COUCHE_1
 10
6.060662346290171
 20
-9.15724577587177
 30
0.0
  0
VERTEX
  5
13BE
  8
COUCHE_1
 10
6.042648351832151
 20
-8.956540932403648
 30
0.0
  0
VERTEX
  5
13BF
  8
COUCHE_1
 10
6.036578553302274
 20
-8.75316635667716
 30
0.0
  0
VERTEX
  5
13C0
  8
COUCHE_1
 10
6.042648351832151
 20
-8.54979178095067
 30
0.0
  0
VERTEX
  5
13C1
  8
COUCHE_1
 10
6.060662346290171
 20
-8.349086937482548
 30
0.0
  0
VERTEX
  5
13C2
  8
COUCHE_1
 10
6.09032743497801
 20
-8.151300149679342
 30
0.0
  0
VERTEX
  5
13C3
  8
COUCHE_1
 10
6.131350516197864
 20
-7.956679740947598
 30
0.0
  0
VERTEX
  5
13C4
  8
COUCHE_1
 10
6.183438488251927
 20
-7.76547403469386
 30
0.0
  0
VERTEX
  5
13C5
  8
COUCHE_1
 10
6.246298249442006
 20
-7.577931354324237
 30
0.0
  0
VERTEX
  5
13C6
  8
COUCHE_1
 10
6.319636698070166
 20
-7.394300023245713
 30
0.0
  0
VERTEX
  5
13C7
  8
COUCHE_1
 10
6.403160732438602
 20
-7.214828364864396
 30
0.0
  0
VERTEX
  5
13C8
  8
COUCHE_1
 10
6.496577250849249
 20
-7.039764702587125
 30
0.0
  0
VERTEX
  5
13C9
  8
COUCHE_1
 10
6.599593151604044
 20
-6.869357359820299
 30
0.0
  0
VERTEX
  5
13CA
  8
COUCHE_1
 10
6.711915333005179
 20
-6.703854659970319
 30
0.0
  0
VERTEX
  5
13CB
  8
COUCHE_1
 10
6.833250693354723
 20
-6.543504926443584
 30
0.0
  0
VERTEX
  5
13CC
  8
COUCHE_1
 10
6.963306130954479
 20
-6.388556482646639
 30
0.0
  0
VERTEX
  5
13CD
  8
COUCHE_1
 10
7.101788544106774
 20
-6.239257651986326
 30
0.0
  0
VERTEX
  5
13CE
  8
COUCHE_1
 10
7.248404831113413
 20
-6.095856757868603
 30
0.0
  0
VERTEX
  5
13CF
  8
COUCHE_1
 10
7.402861890276592
 20
-5.958602123700311
 30
0.0
  0
VERTEX
  5
13D0
  8
COUCHE_1
 10
7.564866619898244
 20
-5.827742072887848
 30
0.0
  0
VERTEX
  5
13D1
  8
COUCHE_1
 10
7.734125918280437
 20
-5.703524928837761
 30
0.0
  0
VERTEX
  5
13D2
  8
COUCHE_1
 10
7.910346683725236
 20
-5.586199014956451
 30
0.0
  0
VERTEX
  5
13D3
  8
COUCHE_1
 10
8.093235814534575
 20
-5.476012654650463
 30
0.0
  0
VERTEX
  5
13D4
  8
COUCHE_1
 10
8.282500209010651
 20
-5.373214171326343
 30
0.0
  0
VERTEX
  5
13D5
  8
COUCHE_1
 10
8.477846765455398
 20
-5.278051888390639
 30
0.0
  0
VERTEX
  5
13D6
  8
COUCHE_1
 10
8.678982382171013
 20
-5.190774129249456
 30
0.0
  0
VERTEX
  5
13D7
  8
COUCHE_1
 10
8.885613957459299
 20
-5.111629217309924
 30
0.0
  0
VERTEX
  5
13D8
  8
COUCHE_1
 10
9.097448389622322
 20
-5.040865475978154
 30
0.0
  0
VERTEX
  5
13D9
  8
COUCHE_1
 10
9.31419257696241
 20
-4.978731228660252
 30
0.0
  0
VERTEX
  5
13DA
  8
COUCHE_1
 10
9.535553417781236
 20
-4.925474798763496
 30
0.0
  0
VERTEX
  5
13DB
  8
COUCHE_1
 10
9.761237810380997
 20
-4.881344509693992
 30
0.0
  0
VERTEX
  5
13DC
  8
COUCHE_1
 10
9.990952653063756
 20
-4.846588684858141
 30
0.0
  0
VERTEX
  5
13DD
  8
COUCHE_1
 10
10.22440484413145
 20
-4.821455647662634
 30
0.0
  0
VERTEX
  5
13DE
  8
COUCHE_1
 10
10.4613012818864
 20
-4.806193721513873
 30
0.0
  0
VERTEX
  5
13DF
  8
COUCHE_1
 10
10.7013488646303
 20
-4.801051229818549
 30
0.0
  0
VERTEX
  5
13E0
  8
COUCHE_1
 10
10.94139644737418
 20
-4.806193721513873
 30
0.0
  0
VERTEX
  5
13E1
  8
COUCHE_1
 10
11.17829288512914
 20
-4.821455647662634
 30
0.0
  0
VERTEX
  5
13E2
  8
COUCHE_1
 10
11.41174507619684
 20
-4.846588684858141
 30
0.0
  0
VERTEX
  5
13E3
  8
COUCHE_1
 10
11.64145991887972
 20
-4.881344509693992
 30
0.0
  0
VERTEX
  5
13E4
  8
COUCHE_1
 10
11.86714431147961
 20
-4.925474798763496
 30
0.0
  0
VERTEX
  5
13E5
  8
COUCHE_1
 10
12.08850515229844
 20
-4.978731228660252
 30
0.0
  0
VERTEX
  5
13E6
  8
COUCHE_1
 10
12.30524933963853
 20
-5.040865475978154
 30
0.0
  0
VERTEX
  5
13E7
  8
COUCHE_1
 10
12.51708377180155
 20
-5.111629217309924
 30
0.0
  0
VERTEX
  5
13E8
  8
COUCHE_1
 10
12.72371534708984
 20
-5.190774129249456
 30
0.0
  0
VERTEX
  5
13E9
  8
COUCHE_1
 10
12.92485096380545
 20
-5.278051888390639
 30
0.0
  0
VERTEX
  5
13EA
  8
COUCHE_1
 10
13.1201975202502
 20
-5.373214171326344
 30
0.0
  0
VERTEX
  5
13EB
  8
COUCHE_1
 10
13.30946191472641
 20
-5.476012654650464
 30
0.0
  0
VERTEX
  5
13EC
  8
COUCHE_1
 10
13.49235104553587
 20
-5.586199014956453
 30
0.0
  0
VERTEX
  5
13ED
  8
COUCHE_1
 10
13.66857181098067
 20
-5.703524928837763
 30
0.0
  0
VERTEX
  5
13EE
  8
COUCHE_1
 10
13.83783110936286
 20
-5.827742072887849
 30
0.0
  0
VERTEX
  5
13EF
  8
COUCHE_1
 10
13.99983583898452
 20
-5.958602123700311
 30
0.0
  0
VERTEX
  5
13F0
  8
COUCHE_1
 10
14.15429289814769
 20
-6.095856757868604
 30
0.0
  0
VERTEX
  5
13F1
  8
COUCHE_1
 10
14.30090918515433
 20
-6.239257651986327
 30
0.0
  0
VERTEX
  5
13F2
  8
COUCHE_1
 10
14.4393915983065
 20
-6.388556482646639
 30
0.0
  0
VERTEX
  5
13F3
  8
COUCHE_1
 10
14.56944703590626
 20
-6.543504926443585
 30
0.0
  0
VERTEX
  5
13F4
  8
COUCHE_1
 10
14.69078239625567
 20
-6.70385465997032
 30
0.0
  0
VERTEX
  5
13F5
  8
COUCHE_1
 10
14.80310457765681
 20
-6.869357359820301
 30
0.0
  0
VERTEX
  5
13F6
  8
COUCHE_1
 10
14.9061204784116
 20
-7.039764702587125
 30
0.0
  0
VERTEX
  5
13F7
  8
COUCHE_1
 10
14.99953699682225
 20
-7.214828364864398
 30
0.0
  0
VERTEX
  5
13F8
  8
COUCHE_1
 10
15.08306103119068
 20
-7.394300023245714
 30
0.0
  0
VERTEX
  5
13F9
  8
COUCHE_1
 10
15.15639947981884
 20
-7.577931354324239
 30
0.0
  0
VERTEX
  5
13FA
  8
COUCHE_1
 10
15.21925924100892
 20
-7.765474034693861
 30
0.0
  0
VERTEX
  5
13FB
  8
COUCHE_1
 10
15.27134721306298
 20
-7.9566797409476
 30
0.0
  0
VERTEX
  5
13FC
  8
COUCHE_1
 10
15.31237029428284
 20
-8.151300149679344
 30
0.0
  0
VERTEX
  5
13FD
  8
COUCHE_1
 10
15.34203538297068
 20
-8.34908693748255
 30
0.0
  0
VERTEX
  5
13FE
  8
COUCHE_1
 10
15.3600493774287
 20
-8.54979178095067
 30
0.0
  0
SEQEND
  5
13FF
  8
COUCHE_1
  0
POLYLINE
  5
64
  8
COUCHE_1
 66
     1
 10
0.0
 20
0.0
 30
0.0
 70
     1
  0
VERTEX
  5
1400
  8
COUCHE_1
 10
17.71006484935054
 20
-15.58955228622603
 30
0.0
  0
VERTEX
  5
1401
  8
COUCHE_1
 10
18.00268177363011
 20
-15.69539084217598
 30
0.0
  0
VERTEX
  5
1402
  8
COUCHE_1
 10
18.29623653050132
 20
-15.78066000816967
 30
0.0
  0
VERTEX
  5
1403
  8
COUCHE_1
 10
18.58993727188624
 20
-15.84596287106885
 30
0.0
  0
VERTEX
  5
1404
  8
COUCHE_1
 10
18.88299214970702
 20
-15.89190251773472
 30
0.0
  0
VERTEX
  5
1405
  8
COUCHE_1
 10
19.17460931588585
 20
-15.91908203502961
 30
0.0
  0
VERTEX
  5
1406
  8
COUCHE_1
 10
19.46399692234452
 20
-15.92810450981471
 30
0.0
  0
VERTEX
  5
1407
  8
COUCHE_1
 10
19.75036312100546
 20
-15.91957302895208
 30
0.0
  0
VERTEX
  5
1408
  8
COUCHE_1
 10
20.03291606379072
 20
-15.89409067930305
 30
0.0
  0
VERTEX
  5
1409
  8
COUCHE_1
 10
20.31086390262233
 20
-15.85226054772939
 30
0.0
  0
VERTEX
  5
140A
  8
COUCHE_1
 10
20.58341478942236
 20
-15.79468572109286
 30
0.0
  0
VERTEX
  5
140B
  8
COUCHE_1
 10
20.84977687611296
 20
-15.72196928625479
 30
0.0
  0
VERTEX
  5
140C
  8
COUCHE_1
 10
21.1091583146162
 20
-15.63471433007724
 30
0.0
  0
VERTEX
  5
140D
  8
COUCHE_1
 10
21.3607672568541
 20
-15.53352393942168
 30
0.0
  0
VERTEX
  5
140E
  8
COUCHE_1
 10
21.60381185474899
 20
-15.41900120114988
 30
0.0
  0
VERTEX
  5
140F
  8
COUCHE_1
 10
21.83750026022278
 20
-15.29174920212346
 30
0.0
  0
VERTEX
  5
1410
  8
COUCHE_1
 10
22.06104062519789
 20
-15.15237102920405
 30
0.0
  0
VERTEX
  5
1411
  8
COUCHE_1
 10
22.27364110159586
 20
-15.00146976925325
 30
0.0
  0
VERTEX
  5
1412
  8
COUCHE_1
 10
22.47450984133938
 20
-14.83964850913285
 30
0.0
  0
VERTEX
  5
1413
  8
COUCHE_1
 10
22.66285499635011
 20
-14.6675103357046
 30
0.0
  0
VERTEX
  5
1414
  8
COUCHE_1
 10
22.83788471855048
 20
-14.48565833582983
 30
0.0
  0
VERTEX
  5
1415
  8
COUCHE_1
 10
22.99880715986242
 20
-14.29469559637061
 30
0.0
  0
VERTEX
  5
1416
  8
COUCHE_1
 10
23.14483047220822
 20
-14.09522520418826
 30
0.0
  0
VERTEX
  5
1417
  8
COUCHE_1
 10
23.27516280750967
 20
-13.88785024614454
 30
0.0
  0
VERTEX
  5
1418
  8
COUCHE_1
 10
23.38901231768907
 20
-13.67317380910123
 30
0.0
  0
VERTEX
  5
1419
  8
COUCHE_1
 10
23.48558715466848
 20
-13.45179897991994
 30
0.0
  0
VERTEX
  5
141A
  8
COUCHE_1
 10
23.56409547036993
 20
-13.2243288454623
 30
0.0
  0
VERTEX
  5
141B
  8
COUCHE_1
 10
23.62374541671574
 20
-12.99136649258993
 30
0.0
  0
VERTEX
  5
141C
  8
COUCHE_1
 10
23.66374514562781
 20
-12.75351500816459
 30
0.0
  0
VERTEX
  5
141D
  8
COUCHE_1
 10
23.68330280902846
 20
-12.5113774790479
 30
0.0
  0
VERTEX
  5
141E
  8
COUCHE_1
 10
23.68162655883934
 20
-12.26555699210177
 30
0.0
  0
VERTEX
  5
141F
  8
COUCHE_1
 10
23.65792454698301
 20
-12.0166566341874
 30
0.0
  0
VERTEX
  5
1420
  8
COUCHE_1
 10
23.61140492538153
 20
-11.76527949216683
 30
0.0
  0
VERTEX
  5
1421
  8
COUCHE_1
 10
23.71298592760215
 20
-11.92609958761429
 30
0.0
  0
VERTEX
  5
1422
  8
COUCHE_1
 10
23.82389950327896
 20
-12.08061769594072
 30
0.0
  0
VERTEX
  5
1423
  8
COUCHE_1
 10
23.9437169087815
 20
-12.2287253005258
 30
0.0
  0
VERTEX
  5
1424
  8
COUCHE_1
 10
24.07200940047948
 20
-12.37031388474877
 30
0.0
  0
VERTEX
  5
1425
  8
COUCHE_1
 10
24.20834823474246
 20
-12.50527493198889
 30
0.0
  0
VERTEX
  5
1426
  8
COUCHE_1
 10
24.35230466794
 20
-12.63349992562526
 30
0.0
  0
VERTEX
  5
1427
  8
COUCHE_1
 10
24.50344995644167
 20
-12.75488034903728
 30
0.0
  0
VERTEX
  5
1428
  8
COUCHE_1
 10
24.66135535661703
 20
-12.8693076856042
 30
0.0
  0
VERTEX
  5
1429
  8
COUCHE_1
 10
24.99573151746759
 20
-13.07686903172019
 30
0.0
  0
VERTEX
  5
142A
  8
COUCHE_1
 10
25.35200320144818
 20
-13.2553158310072
 30
0.0
  0
VERTEX
  5
142B
  8
COUCHE_1
 10
25.72674045951584
 20
-13.40377995049969
 30
0.0
  0
VERTEX
  5
142C
  8
COUCHE_1
 10
26.11651334262733
 20
-13.5213932572318
 30
0.0
  0
VERTEX
  5
142D
  8
COUCHE_1
 10
26.51789190173916
 20
-13.60728761823798
 30
0.0
  0
VERTEX
  5
142E
  8
COUCHE_1
 10
26.92744618780809
 20
-13.66059490055221
 30
0.0
  0
VERTEX
  5
142F
  8
COUCHE_1
 10
27.34174625179114
 20
-13.6804469712091
 30
0.0
  0
VERTEX
  5
1430
  8
COUCHE_1
 10
27.75736214464484
 20
-13.66597569724293
 30
0.0
  0
VERTEX
  5
1431
  8
COUCHE_1
 10
28.17086391732594
 20
-13.61631294568785
 30
0.0
  0
VERTEX
  5
1432
  8
COUCHE_1
 10
28.57882162079146
 20
-13.53059058357815
 30
0.0
  0
VERTEX
  5
1433
  8
COUCHE_1
 10
28.77964958749214
 20
-13.47393575701365
 30
0.0
  0
VERTEX
  5
1434
  8
COUCHE_1
 10
28.97780530599793
 20
-13.40794047794799
 30
0.0
  0
VERTEX
  5
1435
  8
COUCHE_1
 10
29.17286003267802
 20
-13.332496229761
 30
0.0
  0
VERTEX
  5
1436
  8
COUCHE_1
 10
29.36438502390223
 20
-13.2474944958315
 30
0.0
  0
VERTEX
  5
1437
  8
COUCHE_1
 10
29.36195123069613
 20
-27.2934834877787
 30
0.0
  0
VERTEX
  5
1438
  8
COUCHE_1
 10
14.15246763061123
 20
-27.29365531887107
 30
0.0
  0
VERTEX
  5
1439
  8
COUCHE_1
 10
14.34596129907141
 20
-27.16606609450843
 30
0.0
  0
VERTEX
  5
143A
  8
COUCHE_1
 10
14.52756395141147
 20
-27.03040553352565
 30
0.0
  0
VERTEX
  5
143B
  8
COUCHE_1
 10
14.69724337151151
 20
-26.88719402172947
 30
0.0
  0
VERTEX
  5
143C
  8
COUCHE_1
 10
14.85496734325242
 20
-26.73695194492675
 30
0.0
  0
VERTEX
  5
143D
  8
COUCHE_1
 10
15.00070365051456
 20
-26.58019968892467
 30
0.0
  0
VERTEX
  5
143E
  8
COUCHE_1
 10
15.13442007717829
 20
-26.4174576395301
 30
0.0
  0
VERTEX
  5
143F
  8
COUCHE_1
 10
15.25608440712423
 20
-26.24924618255005
 30
0.0
  0
VERTEX
  5
1440
  8
COUCHE_1
 10
15.36566442423315
 20
-26.07608570379157
 30
0.0
  0
VERTEX
  5
1441
  8
COUCHE_1
 10
15.46312791238539
 20
-25.89849658906165
 30
0.0
  0
VERTEX
  5
1442
  8
COUCHE_1
 10
15.54844265546133
 20
-25.71699922416735
 30
0.0
  0
VERTEX
  5
1443
  8
COUCHE_1
 10
15.62157643734158
 20
-25.5321139949158
 30
0.0
  0
VERTEX
  5
1444
  8
COUCHE_1
 10
15.68249704190677
 20
-25.34436128711345
 30
0.0
  0
VERTEX
  5
1445
  8
COUCHE_1
 10
15.73117225303739
 20
-25.15426148656792
 30
0.0
  0
VERTEX
  5
1446
  8
COUCHE_1
 10
15.76756985461394
 20
-24.96233497908578
 30
0.0
  0
VERTEX
  5
1447
  8
COUCHE_1
 10
15.79165763051677
 20
-24.76910215047419
 30
0.0
  0
VERTEX
  5
1448
  8
COUCHE_1
 10
15.80340336462665
 20
-24.57508338654019
 30
0.0
  0
VERTEX
  5
1449
  8
COUCHE_1
 10
15.80277484082406
 20
-24.3807990730908
 30
0.0
  0
VERTEX
  5
144A
  8
COUCHE_1
 10
15.78973984298936
 20
-24.18676959593273
 30
0.0
  0
VERTEX
  5
144B
  8
COUCHE_1
 10
15.76426615500331
 20
-23.99351534087332
 30
0.0
  0
VERTEX
  5
144C
  8
COUCHE_1
 10
15.72632156074627
 20
-23.80155669371942
 30
0.0
  0
VERTEX
  5
144D
  8
COUCHE_1
 10
15.67587384409886
 20
-23.61141404027792
 30
0.0
  0
VERTEX
  5
144E
  8
COUCHE_1
 10
15.61289078894132
 20
-23.42360776635614
 30
0.0
  0
VERTEX
  5
144F
  8
COUCHE_1
 10
15.5373401791544
 20
-23.2386582577608
 30
0.0
  0
VERTEX
  5
1450
  8
COUCHE_1
 10
15.44918979861885
 20
-23.05708590029892
 30
0.0
  0
VERTEX
  5
1451
  8
COUCHE_1
 10
15.34840743121491
 20
-22.87941107977753
 30
0.0
  0
VERTEX
  5
1452
  8
COUCHE_1
 10
15.23496086082307
 20
-22.70615418200379
 30
0.0
  0
VERTEX
  5
1453
  8
COUCHE_1
 10
15.10881787132381
 20
-22.53783559278428
 30
0.0
  0
VERTEX
  5
1454
  8
COUCHE_1
 10
14.9699462465979
 20
-22.37497569792648
 30
0.0
  0
VERTEX
  5
1455
  8
COUCHE_1
 10
14.81831377052569
 20
-22.21809488323724
 30
0.0
  0
VERTEX
  5
1456
  8
COUCHE_1
 10
14.65388822698781
 20
-22.06771353452331
 30
0.0
  0
VERTEX
  5
1457
  8
COUCHE_1
 10
14.47663739986475
 20
-21.92435203759199
 30
0.0
  0
VERTEX
  5
1458
  8
COUCHE_1
 10
14.28652907303688
 20
-21.78853077825002
 30
0.0
  0
VERTEX
  5
1459
  8
COUCHE_1
 10
14.64865183254454
 20
-21.78698048612512
 30
0.0
  0
VERTEX
  5
145A
  8
COUCHE_1
 10
15.00072782343556
 20
-21.7632330547333
 30
0.0
  0
VERTEX
  5
145B
  8
COUCHE_1
 10
15.34211567569096
 20
-21.71826840583488
 30
0.0
  0
VERTEX
  5
145C
  8
COUCHE_1
 10
15.67217401929189
 20
-21.65306646119064
 30
0.0
  0
VERTEX
  5
145D
  8
COUCHE_1
 10
15.99026148421913
 20
-21.56860714256107
 30
0.0
  0
VERTEX
  5
145E
  8
COUCHE_1
 10
16.29573670045368
 20
-21.4658703717068
 30
0.0
  0
VERTEX
  5
145F
  8
COUCHE_1
 10
16.58795829797685
 20
-21.34583607038847
 30
0.0
  0
VERTEX
  5
1460
  8
COUCHE_1
 10
16.86628490676939
 20
-21.20948416036624
 30
0.0
  0
VERTEX
  5
1461
  8
COUCHE_1
 10
17.13007515681258
 20
-21.05779456340108
 30
0.0
  0
VERTEX
  5
1462
  8
COUCHE_1
 10
17.37868767808745
 20
-20.89174720125344
 30
0.0
  0
VERTEX
  5
1463
  8
COUCHE_1
 10
17.61148110057502
 20
-20.71232199568398
 30
0.0
  0
VERTEX
  5
1464
  8
COUCHE_1
 10
17.82781405425606
 20
-20.52049886845315
 30
0.0
  0
VERTEX
  5
1465
  8
COUCHE_1
 10
18.02704516911198
 20
-20.31725774132147
 30
0.0
  0
VERTEX
  5
1466
  8
COUCHE_1
 10
18.20853307512354
 20
-20.10357853604955
 30
0.0
  0
VERTEX
  5
1467
  8
COUCHE_1
 10
18.3716364022719
 20
-19.88044117439803
 30
0.0
  0
VERTEX
  5
1468
  8
COUCHE_1
 10
18.51571378053821
 20
-19.64882557812753
 30
0.0
  0
VERTEX
  5
1469
  8
COUCHE_1
 10
18.64012383990336
 20
-19.40971166899855
 30
0.0
  0
VERTEX
  5
146A
  8
COUCHE_1
 10
18.74422521034838
 20
-19.16407936877143
 30
0.0
  0
VERTEX
  5
146B
  8
COUCHE_1
 10
18.82737652185441
 20
-18.91290859920694
 30
0.0
  0
VERTEX
  5
146C
  8
COUCHE_1
 10
18.88893640440237
 20
-18.65717928206571
 30
0.0
  0
VERTEX
  5
146D
  8
COUCHE_1
 10
18.92826348797339
 20
-18.39787133910822
 30
0.0
  0
VERTEX
  5
146E
  8
COUCHE_1
 10
18.94471640254838
 20
-18.13596469209497
 30
0.0
  0
VERTEX
  5
146F
  8
COUCHE_1
 10
18.93765377810847
 20
-17.87243926278673
 30
0.0
  0
VERTEX
  5
1470
  8
COUCHE_1
 10
18.90643424463484
 20
-17.60827497294399
 30
0.0
  0
VERTEX
  5
1471
  8
COUCHE_1
 10
18.85041643210837
 20
-17.34445174432723
 30
0.0
  0
VERTEX
  5
1472
  8
COUCHE_1
 10
18.76895897050996
 20
-17.08194949869708
 30
0.0
  0
VERTEX
  5
1473
  8
COUCHE_1
 10
18.66142048982089
 20
-16.82174815781403
 30
0.0
  0
VERTEX
  5
1474
  8
COUCHE_1
 10
18.52715962002218
 20
-16.5648276434387
 30
0.0
  0
VERTEX
  5
1475
  8
COUCHE_1
 10
18.3655349910946
 20
-16.3121678773316
 30
0.0
  0
VERTEX
  5
1476
  8
COUCHE_1
 10
18.17590523301943
 20
-16.06474878125348
 30
0.0
  0
VERTEX
  5
1477
  8
COUCHE_1
 10
17.95762897577782
 20
-15.8235502769647
 30
0.0
  0
SEQEND
  5
1478
  8
COUCHE_1
  0
POLYLINE
  5
65
  8
COUCHE_1
 66
     1
 10
0.0
 20
0.0
 30
0.0
 70
     1
  0
VERTEX
  5
1479
  8
COUCHE_1
 10
15.36611917595857
 20
8.75501890447571
 30
0.0
  0
VERTEX
  5
147A
  8
COUCHE_1
 10
15.3600493774287
 20
8.958393480202199
 30
0.0
  0
VERTEX
  5
147B
  8
COUCHE_1
 10
15.34203538297068
 20
9.159098323670174
 30
0.0
  0
VERTEX
  5
147C
  8
COUCHE_1
 10
15.31237029428284
 20
9.356885111473526
 30
0.0
  0
VERTEX
  5
147D
  8
COUCHE_1
 10
15.27134721306298
 20
9.551505520205271
 30
0.0
  0
VERTEX
  5
147E
  8
COUCHE_1
 10
15.21925924100892
 20
9.742711226459008
 30
0.0
  0
VERTEX
  5
147F
  8
COUCHE_1
 10
15.15639947981884
 20
9.930253906828632
 30
0.0
  0
VERTEX
  5
1480
  8
COUCHE_1
 10
15.08306103119068
 20
10.11388523790716
 30
0.0
  0
VERTEX
  5
1481
  8
COUCHE_1
 10
14.99953699682225
 20
10.29335689628818
 30
0.0
  0
VERTEX
  5
1482
  8
COUCHE_1
 10
14.9061204784116
 20
10.4684205585656
 30
0.0
  0
VERTEX
  5
1483
  8
COUCHE_1
 10
14.80310457765681
 20
10.63882790133257
 30
0.0
  0
VERTEX
  5
1484
  8
COUCHE_1
 10
14.69078239625567
 20
10.80433060118255
 30
0.0
  0
VERTEX
  5
1485
  8
COUCHE_1
 10
14.56944703590626
 20
10.96468033470929
 30
0.0
  0
VERTEX
  5
1486
  8
COUCHE_1
 10
14.4393915983065
 20
11.11962877850623
 30
0.0
  0
VERTEX
  5
1487
  8
COUCHE_1
 10
14.30090918515433
 20
11.26892760916655
 30
0.0
  0
VERTEX
  5
1488
  8
COUCHE_1
 10
14.15429289814769
 20
11.41232850328397
 30
0.0
  0
VERTEX
  5
1489
  8
COUCHE_1
 10
13.99983583898452
 20
11.54958313745227
 30
0.0
  0
VERTEX
  5
148A
  8
COUCHE_1
 10
13.83783110936286
 20
11.68044318826473
 30
0.0
  0
VERTEX
  5
148B
  8
COUCHE_1
 10
13.66857181098067
 20
11.80466033231482
 30
0.0
  0
VERTEX
  5
148C
  8
COUCHE_1
 10
13.49235104553587
 20
11.92198624619613
 30
0.0
  0
VERTEX
  5
148D
  8
COUCHE_1
 10
13.30946191472641
 20
12.03217260650212
 30
0.0
  0
VERTEX
  5
148E
  8
COUCHE_1
 10
13.1201975202502
 20
12.13497108982624
 30
0.0
  0
VERTEX
  5
148F
  8
COUCHE_1
 10
12.92485096380545
 20
12.23013337276194
 30
0.0
  0
VERTEX
  5
1490
  8
COUCHE_1
 10
12.72371534708984
 20
12.31741113190312
 30
0.0
  0
VERTEX
  5
1491
  8
COUCHE_1
 10
12.51708377180155
 20
12.39655604384266
 30
0.0
  0
VERTEX
  5
1492
  8
COUCHE_1
 10
12.30524933963853
 20
12.46731978517442
 30
0.0
  0
VERTEX
  5
1493
  8
COUCHE_1
 10
12.08850515229844
 20
12.52945403249233
 30
0.0
  0
VERTEX
  5
1494
  8
COUCHE_1
 10
11.86714431147961
 20
12.58271046238908
 30
0.0
  0
VERTEX
  5
1495
  8
COUCHE_1
 10
11.64145991887972
 20
12.62684075145859
 30
0.0
  0
VERTEX
  5
1496
  8
COUCHE_1
 10
11.41174507619684
 20
12.66159657629444
 30
0.0
  0
VERTEX
  5
1497
  8
COUCHE_1
 10
11.17829288512914
 20
12.68672961348994
 30
0.0
  0
VERTEX
  5
1498
  8
COUCHE_1
 10
10.94139644737418
 20
12.70199153963871
 30
0.0
  0
VERTEX
  5
1499
  8
COUCHE_1
 10
10.7013488646303
 20
12.70713403133403
 30
0.0
  0
VERTEX
  5
149A
  8
COUCHE_1
 10
10.4613012818864
 20
12.70199153963871
 30
0.0
  0
VERTEX
  5
149B
  8
COUCHE_1
 10
10.22440484413145
 20
12.68672961348994
 30
0.0
  0
VERTEX
  5
149C
  8
COUCHE_1
 10
9.990952653063756
 20
12.66159657629444
 30
0.0
  0
VERTEX
  5
149D
  8
COUCHE_1
 10
9.761237810380997
 20
12.62684075145859
 30
0.0
  0
VERTEX
  5
149E
  8
COUCHE_1
 10
9.535553417781236
 20
12.58271046238908
 30
0.0
  0
VERTEX
  5
149F
  8
COUCHE_1
 10
9.31419257696241
 20
12.52945403249233
 30
0.0
  0
VERTEX
  5
14A0
  8
COUCHE_1
 10
9.097448389622324
 20
12.46731978517442
 30
0.0
  0
VERTEX
  5
14A1
  8
COUCHE_1
 10
8.885613957459299
 20
12.39655604384266
 30
0.0
  0
VERTEX
  5
14A2
  8
COUCHE_1
 10
8.678982382171013
 20
12.31741113190312
 30
0.0
  0
VERTEX
  5
14A3
  8
COUCHE_1
 10
8.477846765455398
 20
12.23013337276194
 30
0.0
  0
VERTEX
  5
14A4
  8
COUCHE_1
 10
8.282500209010653
 20
12.13497108982624
 30
0.0
  0
VERTEX
  5
14A5
  8
COUCHE_1
 10
8.093235814534577
 20
12.03217260650212
 30
0.0
  0
VERTEX
  5
14A6
  8
COUCHE_1
 10
7.910346683725237
 20
11.92198624619613
 30
0.0
  0
VERTEX
  5
14A7
  8
COUCHE_1
 10
7.734125918280438
 20
11.80466033231482
 30
0.0
  0
VERTEX
  5
14A8
  8
COUCHE_1
 10
7.564866619898246
 20
11.68044318826473
 30
0.0
  0
VERTEX
  5
14A9
  8
COUCHE_1
 10
7.402861890276593
 20
11.54958313745227
 30
0.0
  0
VERTEX
  5
14AA
  8
COUCHE_1
 10
7.248404831113413
 20
11.41232850328397
 30
0.0
  0
VERTEX
  5
14AB
  8
COUCHE_1
 10
7.101788544106775
 20
11.26892760916655
 30
0.0
  0
VERTEX
  5
14AC
  8
COUCHE_1
 10
6.96330613095448
 20
11.11962877850623
 30
0.0
  0
VERTEX
  5
14AD
  8
COUCHE_1
 10
6.833250693354723
 20
10.96468033470929
 30
0.0
  0
VERTEX
  5
14AE
  8
COUCHE_1
 10
6.71191533300518
 20
10.80433060118255
 30
0.0
  0
VERTEX
  5
14AF
  8
COUCHE_1
 10
6.599593151604044
 20
10.63882790133257
 30
0.0
  0
VERTEX
  5
14B0
  8
COUCHE_1
 10
6.496577250849249
 20
10.4684205585656
 30
0.0
  0
VERTEX
  5
14B1
  8
COUCHE_1
 10
6.403160732438604
 20
10.29335689628818
 30
0.0
  0
VERTEX
  5
14B2
  8
COUCHE_1
 10
6.319636698070167
 20
10.11388523790716
 30
0.0
  0
VERTEX
  5
14B3
  8
COUCHE_1
 10
6.246298249442007
 20
9.930253906828632
 30
0.0
  0
VERTEX
  5
14B4
  8
COUCHE_1
 10
6.183438488251928
 20
9.74271122645901
 30
0.0
  0
VERTEX
  5
14B5
  8
COUCHE_1
 10
6.131350516197864
 20
9.551505520205271
 30
0.0
  0
VERTEX
  5
14B6
  8
COUCHE_1
 10
6.090327434978011
 20
9.356885111473527
 30
0.0
  0
VERTEX
  5
14B7
  8
COUCHE_1
 10
6.060662346290171
 20
9.159098323670175
 30
0.0
  0
VERTEX
  5
14B8
  8
COUCHE_1
 10
6.042648351832151
 20
8.9583934802022
 30
0.0
  0
VERTEX
  5
14B9
  8
COUCHE_1
 10
6.036578553302274
 20
8.755018904475712
 30
0.0
  0
VERTEX
  5
14BA
  8
COUCHE_1
 10
6.042648351832151
 20
8.551644328749223
 30
0.0
  0
VERTEX
  5
14BB
  8
COUCHE_1
 10
6.060662346290171
 20
8.350939485280955
 30
0.0
  0
VERTEX
  5
14BC
  8
COUCHE_1
 10
6.09032743497801
 20
8.153152697477895
 30
0.0
  0
VERTEX
  5
14BD
  8
COUCHE_1
 10
6.131350516197864
 20
7.958532288746002
 30
0.0
  0
VERTEX
  5
14BE
  8
COUCHE_1
 10
6.183438488251927
 20
7.767326582492118
 30
0.0
  0
VERTEX
  5
14BF
  8
COUCHE_1
 10
6.246298249442006
 20
7.579783902122496
 30
0.0
  0
VERTEX
  5
14C0
  8
COUCHE_1
 10
6.319636698070166
 20
7.396152571043971
 30
0.0
  0
VERTEX
  5
14C1
  8
COUCHE_1
 10
6.403160732438602
 20
7.216680912662801
 30
0.0
  0
VERTEX
  5
14C2
  8
COUCHE_1
 10
6.496577250849249
 20
7.041617250385529
 30
0.0
  0
VERTEX
  5
14C3
  8
COUCHE_1
 10
6.599593151604044
 20
6.871209907618558
 30
0.0
  0
VERTEX
  5
14C4
  8
COUCHE_1
 10
6.711915333005179
 20
6.705707207768577
 30
0.0
  0
VERTEX
  5
14C5
  8
COUCHE_1
 10
6.833250693354723
 20
6.545357474241841
 30
0.0
  0
VERTEX
  5
14C6
  8
COUCHE_1
 10
6.963306130954479
 20
6.390409030444896
 30
0.0
  0
VERTEX
  5
14C7
  8
COUCHE_1
 10
7.101788544106774
 20
6.241110199784583
 30
0.0
  0
VERTEX
  5
14C8
  8
COUCHE_1
 10
7.248404831113413
 20
6.097709305666862
 30
0.0
  0
VERTEX
  5
14C9
  8
COUCHE_1
 10
7.402861890276592
 20
5.960454671498569
 30
0.0
  0
VERTEX
  5
14CA
  8
COUCHE_1
 10
7.564866619898244
 20
5.829594620686252
 30
0.0
  0
VERTEX
  5
14CB
  8
COUCHE_1
 10
7.734125918280437
 20
5.705377476636312
 30
0.0
  0
VERTEX
  5
14CC
  8
COUCHE_1
 10
7.910346683725236
 20
5.588051562755002
 30
0.0
  0
VERTEX
  5
14CD
  8
COUCHE_1
 10
8.093235814534575
 20
5.477865202449014
 30
0.0
  0
VERTEX
  5
14CE
  8
COUCHE_1
 10
8.282500209010651
 20
5.375066719124748
 30
0.0
  0
VERTEX
  5
14CF
  8
COUCHE_1
 10
8.477846765455398
 20
5.279904436189041
 30
0.0
  0
VERTEX
  5
14D0
  8
COUCHE_1
 10
8.678982382171013
 20
5.192626677048003
 30
0.0
  0
VERTEX
  5
14D1
  8
COUCHE_1
 10
8.885613957459299
 20
5.113481765108327
 30
0.0
  0
VERTEX
  5
14D2
  8
COUCHE_1
 10
9.097448389622322
 20
5.042718023776412
 30
0.0
  0
VERTEX
  5
14D3
  8
COUCHE_1
 10
9.31419257696241
 20
4.980583776458802
 30
0.0
  0
VERTEX
  5
14D4
  8
COUCHE_1
 10
9.535553417781236
 20
4.927327346562045
 30
0.0
  0
VERTEX
  5
14D5
  8
COUCHE_1
 10
9.761237810380997
 20
4.883197057492541
 30
0.0
  0
VERTEX
  5
14D6
  8
COUCHE_1
 10
9.990952653063756
 20
4.84844123265669
 30
0.0
  0
VERTEX
  5
14D7
  8
COUCHE_1
 10
10.22440484413145
 20
4.823308195461184
 30
0.0
  0
VERTEX
  5
14D8
  8
COUCHE_1
 10
10.4613012818864
 20
4.808046269312422
 30
0.0
  0
VERTEX
  5
14D9
  8
COUCHE_1
 10
10.7013488646303
 20
4.802903777617099
 30
0.0
  0
VERTEX
  5
14DA
  8
COUCHE_1
 10
10.94139644737418
 20
4.808046269312422
 30
0.0
  0
VERTEX
  5
14DB
  8
COUCHE_1
 10
11.17829288512914
 20
4.823308195461184
 30
0.0
  0
VERTEX
  5
14DC
  8
COUCHE_1
 10
11.41174507619684
 20
4.84844123265669
 30
0.0
  0
VERTEX
  5
14DD
  8
COUCHE_1
 10
11.64145991887972
 20
4.883197057492541
 30
0.0
  0
VERTEX
  5
14DE
  8
COUCHE_1
 10
11.86714431147961
 20
4.927327346562045
 30
0.0
  0
VERTEX
  5
14DF
  8
COUCHE_1
 10
12.08850515229844
 20
4.980583776458802
 30
0.0
  0
VERTEX
  5
14E0
  8
COUCHE_1
 10
12.30524933963853
 20
5.042718023776412
 30
0.0
  0
VERTEX
  5
14E1
  8
COUCHE_1
 10
12.51708377180155
 20
5.113481765108327
 30
0.0
  0
VERTEX
  5
14E2
  8
COUCHE_1
 10
12.72371534708984
 20
5.192626677048003
 30
0.0
  0
VERTEX
  5
14E3
  8
COUCHE_1
 10
12.92485096380545
 20
5.279904436189041
 30
0.0
  0
VERTEX
  5
14E4
  8
COUCHE_1
 10
13.1201975202502
 20
5.375066719124746
 30
0.0
  0
VERTEX
  5
14E5
  8
COUCHE_1
 10
13.30946191472641
 20
5.477865202449013
 30
0.0
  0
VERTEX
  5
14E6
  8
COUCHE_1
 10
13.49235104553587
 20
5.588051562755001
 30
0.0
  0
VERTEX
  5
14E7
  8
COUCHE_1
 10
13.66857181098067
 20
5.705377476636311
 30
0.0
  0
VERTEX
  5
14E8
  8
COUCHE_1
 10
13.83783110936286
 20
5.829594620686252
 30
0.0
  0
VERTEX
  5
14E9
  8
COUCHE_1
 10
13.99983583898452
 20
5.960454671498568
 30
0.0
  0
VERTEX
  5
14EA
  8
COUCHE_1
 10
14.15429289814769
 20
6.09770930566686
 30
0.0
  0
VERTEX
  5
14EB
  8
COUCHE_1
 10
14.30090918515433
 20
6.241110199784583
 30
0.0
  0
VERTEX
  5
14EC
  8
COUCHE_1
 10
14.4393915983065
 20
6.390409030444896
 30
0.0
  0
VERTEX
  5
14ED
  8
COUCHE_1
 10
14.56944703590626
 20
6.545357474241841
 30
0.0
  0
VERTEX
  5
14EE
  8
COUCHE_1
 10
14.69078239625567
 20
6.705707207768576
 30
0.0
  0
VERTEX
  5
14EF
  8
COUCHE_1
 10
14.80310457765681
 20
6.871209907618556
 30
0.0
  0
VERTEX
  5
14F0
  8
COUCHE_1
 10
14.9061204784116
 20
7.041617250385529
 30
0.0
  0
VERTEX
  5
14F1
  8
COUCHE_1
 10
14.99953699682225
 20
7.2166809126628
 30
0.0
  0
VERTEX
  5
14F2
  8
COUCHE_1
 10
15.08306103119068
 20
7.39615257104397
 30
0.0
  0
VERTEX
  5
14F3
  8
COUCHE_1
 10
15.15639947981884
 20
7.579783902122494
 30
0.0
  0
VERTEX
  5
14F4
  8
COUCHE_1
 10
15.21925924100892
 20
7.767326582492117
 30
0.0
  0
VERTEX
  5
14F5
  8
COUCHE_1
 10
15.27134721306298
 20
7.958532288746002
 30
0.0
  0
VERTEX
  5
14F6
  8
COUCHE_1
 10
15.31237029428284
 20
8.153152697477895
 30
0.0
  0
VERTEX
  5
14F7
  8
COUCHE_1
 10
15.34203538297068
 20
8.350939485280954
 30
0.0
  0
VERTEX
  5
14F8
  8
COUCHE_1
 10
15.3600493774287
 20
8.551644328749221
 30
0.0
  0
SEQEND
  5
14F9
  8
COUCHE_1
  0
POLYLINE
  5
66
  8
COUCHE_1
 66
     1
 10
0.0
 20
0.0
 30
0.0
 70
     1
  0
VERTEX
  5
14FA
  8
COUCHE_1
 10
17.71006484935054
 20
15.59140483402457
 30
0.0
  0
VERTEX
  5
14FB
  8
COUCHE_1
 10
18.00268177363011
 20
15.69724338997453
 30
0.0
  0
VERTEX
  5
14FC
  8
COUCHE_1
 10
18.29623653050132
 20
15.78251255596822
 30
0.0
  0
VERTEX
  5
14FD
  8
COUCHE_1
 10
18.58993727188624
 20
15.8478154188674
 30
0.0
  0
VERTEX
  5
14FE
  8
COUCHE_1
 10
18.88299214970702
 20
15.89375506553326
 30
0.0
  0
VERTEX
  5
14FF
  8
COUCHE_1
 10
19.17460931588585
 20
15.92093458282815
 30
0.0
  0
VERTEX
  5
1500
  8
COUCHE_1
 10
19.46399692234452
 20
15.92995705761326
 30
0.0
  0
VERTEX
  5
1501
  8
COUCHE_1
 10
19.75036312100546
 20
15.92142557675063
 30
0.0
  0
VERTEX
  5
1502
  8
COUCHE_1
 10
20.03291606379072
 20
15.8959432271016
 30
0.0
  0
VERTEX
  5
1503
  8
COUCHE_1
 10
20.31086390262233
 20
15.85411309552794
 30
0.0
  0
VERTEX
  5
1504
  8
COUCHE_1
 10
20.58341478942236
 20
15.79653826889141
 30
0.0
  0
VERTEX
  5
1505
  8
COUCHE_1
 10
20.84977687611296
 20
15.72382183405333
 30
0.0
  0
VERTEX
  5
1506
  8
COUCHE_1
 10
21.1091583146162
 20
15.63656687787578
 30
0.0
  0
VERTEX
  5
1507
  8
COUCHE_1
 10
21.3607672568541
 20
15.53537648722022
 30
0.0
  0
VERTEX
  5
1508
  8
COUCHE_1
 10
21.60381185474899
 20
15.42085374894843
 30
0.0
  0
VERTEX
  5
1509
  8
COUCHE_1
 10
21.83750026022278
 20
15.29360174992187
 30
0.0
  0
VERTEX
  5
150A
  8
COUCHE_1
 10
22.06104062519789
 20
15.15422357700245
 30
0.0
  0
VERTEX
  5
150B
  8
COUCHE_1
 10
22.27364110159586
 20
15.0033223170518
 30
0.0
  0
VERTEX
  5
150C
  8
COUCHE_1
 10
22.47450984133938
 20
14.84150105693125
 30
0.0
  0
VERTEX
  5
150D
  8
COUCHE_1
 10
22.66285499635011
 20
14.66936288350285
 30
0.0
  0
VERTEX
  5
150E
  8
COUCHE_1
 10
22.83788471855048
 20
14.48751088362823
 30
0.0
  0
VERTEX
  5
150F
  8
COUCHE_1
 10
22.99880715986242
 20
14.29654814416886
 30
0.0
  0
VERTEX
  5
1510
  8
COUCHE_1
 10
23.14483047220822
 20
14.09707775198651
 30
0.0
  0
VERTEX
  5
1511
  8
COUCHE_1
 10
23.27516280750967
 20
13.8897027939428
 30
0.0
  0
VERTEX
  5
1512
  8
COUCHE_1
 10
23.38901231768907
 20
13.67502635689948
 30
0.0
  0
VERTEX
  5
1513
  8
COUCHE_1
 10
23.48558715466848
 20
13.4536515277182
 30
0.0
  0
VERTEX
  5
1514
  8
COUCHE_1
 10
23.56409547036993
 20
13.22618139326056
 30
0.0
  0
VERTEX
  5
1515
  8
COUCHE_1
 10
23.62374541671574
 20
12.99321904038833
 30
0.0
  0
VERTEX
  5
1516
  8
COUCHE_1
 10
23.66374514562781
 20
12.75536755596313
 30
0.0
  0
VERTEX
  5
1517
  8
COUCHE_1
 10
23.68330280902846
 20
12.51323002684644
 30
0.0
  0
VERTEX
  5
1518
  8
COUCHE_1
 10
23.68162655883934
 20
12.26740953990017
 30
0.0
  0
VERTEX
  5
1519
  8
COUCHE_1
 10
23.65792454698301
 20
12.01850918198594
 30
0.0
  0
VERTEX
  5
151A
  8
COUCHE_1
 10
23.61140492538153
 20
11.76713203996538
 30
0.0
  0
VERTEX
  5
151B
  8
COUCHE_1
 10
23.71298592760215
 20
11.92795213541284
 30
0.0
  0
VERTEX
  5
151C
  8
COUCHE_1
 10
23.82389950327896
 20
12.08247024373927
 30
0.0
  0
VERTEX
  5
151D
  8
COUCHE_1
 10
23.9437169087815
 20
12.23057784832434
 30
0.0
  0
VERTEX
  5
151E
  8
COUCHE_1
 10
24.07200940047948
 20
12.37216643254732
 30
0.0
  0
VERTEX
  5
151F
  8
COUCHE_1
 10
24.20834823474246
 20
12.50712747978744
 30
0.0
  0
VERTEX
  5
1520
  8
COUCHE_1
 10
24.35230466794
 20
12.63535247342381
 30
0.0
  0
VERTEX
  5
1521
  8
COUCHE_1
 10
24.50344995644167
 20
12.75673289683583
 30
0.0
  0
VERTEX
  5
1522
  8
COUCHE_1
 10
24.66135535661703
 20
12.87116023340275
 30
0.0
  0
VERTEX
  5
1523
  8
COUCHE_1
 10
24.99573151746759
 20
13.07872157951873
 30
0.0
  0
VERTEX
  5
1524
  8
COUCHE_1
 10
25.35200320144818
 20
13.25716837880575
 30
0.0
  0
VERTEX
  5
1525
  8
COUCHE_1
 10
25.72674045951584
 20
13.40563249829824
 30
0.0
  0
VERTEX
  5
1526
  8
COUCHE_1
 10
26.11651334262733
 20
13.52324580503035
 30
0.0
  0
VERTEX
  5
1527
  8
COUCHE_1
 10
26.51789190173916
 20
13.60914016603652
 30
0.0
  0
VERTEX
  5
1528
  8
COUCHE_1
 10
26.92744618780809
 20
13.66244744835076
 30
0.0
  0
VERTEX
  5
1529
  8
COUCHE_1
 10
27.34174625179114
 20
13.68229951900765
 30
0.0
  0
VERTEX
  5
152A
  8
COUCHE_1
 10
27.75736214464484
 20
13.66782824504148
 30
0.0
  0
VERTEX
  5
152B
  8
COUCHE_1
 10
28.17086391732594
 20
13.61816549348625
 30
0.0
  0
VERTEX
  5
152C
  8
COUCHE_1
 10
28.57882162079146
 20
13.53244313137641
 30
0.0
  0
VERTEX
  5
152D
  8
COUCHE_1
 10
28.77964958749214
 20
13.47578830481191
 30
0.0
  0
VERTEX
  5
152E
  8
COUCHE_1
 10
28.97780530599793
 20
13.40979302574625
 30
0.0
  0
VERTEX
  5
152F
  8
COUCHE_1
 10
29.17286003267802
 20
13.33434877755926
 30
0.0
  0
VERTEX
  5
1530
  8
COUCHE_1
 10
29.36438502390223
 20
13.24934704362976
 30
0.0
  0
VERTEX
  5
1531
  8
COUCHE_1
 10
29.36195123069613
 20
27.29533603557725
 30
0.0
  0
VERTEX
  5
1532
  8
COUCHE_1
 10
14.15246763061123
 20
27.29550786666962
 30
0.0
  0
VERTEX
  5
1533
  8
COUCHE_1
 10
14.34596129907141
 20
27.16791864230698
 30
0.0
  0
VERTEX
  5
1534
  8
COUCHE_1
 10
14.52756395141147
 20
27.0322580813242
 30
0.0
  0
VERTEX
  5
1535
  8
COUCHE_1
 10
14.69724337151151
 20
26.88904656952802
 30
0.0
  0
VERTEX
  5
1536
  8
COUCHE_1
 10
14.85496734325242
 20
26.73880449272515
 30
0.0
  0
VERTEX
  5
1537
  8
COUCHE_1
 10
15.00070365051456
 20
26.58205223672292
 30
0.0
  0
VERTEX
  5
1538
  8
COUCHE_1
 10
15.13442007717829
 20
26.41931018732835
 30
0.0
  0
VERTEX
  5
1539
  8
COUCHE_1
 10
15.25608440712424
 20
26.25109873034846
 30
0.0
  0
VERTEX
  5
153A
  8
COUCHE_1
 10
15.36566442423315
 20
26.07793825158997
 30
0.0
  0
VERTEX
  5
153B
  8
COUCHE_1
 10
15.4631279123854
 20
25.90034913686006
 30
0.0
  0
VERTEX
  5
153C
  8
COUCHE_1
 10
15.54844265546133
 20
25.71885177196589
 30
0.0
  0
VERTEX
  5
153D
  8
COUCHE_1
 10
15.62157643734158
 20
25.53396654271405
 30
0.0
  0
VERTEX
  5
153E
  8
COUCHE_1
 10
15.68249704190678
 20
25.34621383491186
 30
0.0
  0
VERTEX
  5
153F
  8
COUCHE_1
 10
15.7311722530374
 20
25.15611403436618
 30
0.0
  0
VERTEX
  5
1540
  8
COUCHE_1
 10
15.76756985461395
 20
24.96418752688418
 30
0.0
  0
VERTEX
  5
1541
  8
COUCHE_1
 10
15.79165763051678
 20
24.7709546982726
 30
0.0
  0
VERTEX
  5
1542
  8
COUCHE_1
 10
15.80340336462665
 20
24.57693593433859
 30
0.0
  0
VERTEX
  5
1543
  8
COUCHE_1
 10
15.80277484082406
 20
24.38265162088905
 30
0.0
  0
VERTEX
  5
1544
  8
COUCHE_1
 10
15.78973984298936
 20
24.18862214373113
 30
0.0
  0
VERTEX
  5
1545
  8
COUCHE_1
 10
15.76426615500331
 20
23.99536788867186
 30
0.0
  0
VERTEX
  5
1546
  8
COUCHE_1
 10
15.72632156074627
 20
23.80340924151797
 30
0.0
  0
VERTEX
  5
1547
  8
COUCHE_1
 10
15.67587384409887
 20
23.61326658807647
 30
0.0
  0
VERTEX
  5
1548
  8
COUCHE_1
 10
15.61289078894133
 20
23.42546031415469
 30
0.0
  0
VERTEX
  5
1549
  8
COUCHE_1
 10
15.53734017915441
 20
23.24051080555935
 30
0.0
  0
VERTEX
  5
154A
  8
COUCHE_1
 10
15.44918979861886
 20
23.05893844809732
 30
0.0
  0
VERTEX
  5
154B
  8
COUCHE_1
 10
15.34840743121492
 20
22.88126362757578
 30
0.0
  0
VERTEX
  5
154C
  8
COUCHE_1
 10
15.23496086082307
 20
22.70800672980204
 30
0.0
  0
VERTEX
  5
154D
  8
COUCHE_1
 10
15.10881787132382
 20
22.53968814058254
 30
0.0
  0
VERTEX
  5
154E
  8
COUCHE_1
 10
14.9699462465979
 20
22.37682824572473
 30
0.0
  0
VERTEX
  5
154F
  8
COUCHE_1
 10
14.81831377052569
 20
22.2199474310355
 30
0.0
  0
VERTEX
  5
1550
  8
COUCHE_1
 10
14.65388822698782
 20
22.06956608232156
 30
0.0
  0
VERTEX
  5
1551
  8
COUCHE_1
 10
14.47663739986476
 20
21.92620458539024
 30
0.0
  0
VERTEX
  5
1552
  8
COUCHE_1
 10
14.28652907303689
 20
21.79038332604827
 30
0.0
  0
VERTEX
  5
1553
  8
COUCHE_1
 10
14.64865183254454
 20
21.78883303392338
 30
0.0
  0
VERTEX
  5
1554
  8
COUCHE_1
 10
15.00072782343556
 20
21.76508560253156
 30
0.0
  0
VERTEX
  5
1555
  8
COUCHE_1
 10
15.34211567569096
 20
21.72012095363328
 30
0.0
  0
VERTEX
  5
1556
  8
COUCHE_1
 10
15.67217401929189
 20
21.65491900898904
 30
0.0
  0
VERTEX
  5
1557
  8
COUCHE_1
 10
15.99026148421913
 20
21.57045969035947
 30
0.0
  0
VERTEX
  5
1558
  8
COUCHE_1
 10
16.29573670045369
 20
21.4677229195052
 30
0.0
  0
VERTEX
  5
1559
  8
COUCHE_1
 10
16.58795829797685
 20
21.34768861818672
 30
0.0
  0
VERTEX
  5
155A
  8
COUCHE_1
 10
16.86628490676939
 20
21.2113367081648
 30
0.0
  0
VERTEX
  5
155B
  8
COUCHE_1
 10
17.13007515681259
 20
21.05964711119963
 30
0.0
  0
VERTEX
  5
155C
  8
COUCHE_1
 10
17.37868767808746
 20
20.89359974905199
 30
0.0
  0
VERTEX
  5
155D
  8
COUCHE_1
 10
17.61148110057503
 20
20.71417454348252
 30
0.0
  0
VERTEX
  5
155E
  8
COUCHE_1
 10
17.82781405425607
 20
20.5223514162517
 30
0.0
  0
VERTEX
  5
155F
  8
COUCHE_1
 10
18.02704516911198
 20
20.31911028912001
 30
0.0
  0
VERTEX
  5
1560
  8
COUCHE_1
 10
18.20853307512354
 20
20.10543108384809
 30
0.0
  0
VERTEX
  5
1561
  8
COUCHE_1
 10
18.3716364022719
 20
19.88229372219657
 30
0.0
  0
VERTEX
  5
1562
  8
COUCHE_1
 10
18.51571378053821
 20
19.65067812592608
 30
0.0
  0
VERTEX
  5
1563
  8
COUCHE_1
 10
18.64012383990336
 20
19.4115642167971
 30
0.0
  0
VERTEX
  5
1564
  8
COUCHE_1
 10
18.74422521034838
 20
19.16593191656997
 30
0.0
  0
VERTEX
  5
1565
  8
COUCHE_1
 10
18.82737652185441
 20
18.91476114700548
 30
0.0
  0
VERTEX
  5
1566
  8
COUCHE_1
 10
18.88893640440237
 20
18.65903182986425
 30
0.0
  0
VERTEX
  5
1567
  8
COUCHE_1
 10
18.92826348797339
 20
18.39972388690677
 30
0.0
  0
VERTEX
  5
1568
  8
COUCHE_1
 10
18.94471640254838
 20
18.13781723989351
 30
0.0
  0
VERTEX
  5
1569
  8
COUCHE_1
 10
18.93765377810847
 20
17.87429181058528
 30
0.0
  0
VERTEX
  5
156A
  8
COUCHE_1
 10
18.90643424463484
 20
17.61012752074253
 30
0.0
  0
VERTEX
  5
156B
  8
COUCHE_1
 10
18.85041643210837
 20
17.34630429212577
 30
0.0
  0
VERTEX
  5
156C
  8
COUCHE_1
 10
18.76895897050996
 20
17.08380204649562
 30
0.0
  0
VERTEX
  5
156D
  8
COUCHE_1
 10
18.66142048982089
 20
16.82360070561257
 30
0.0
  0
VERTEX
  5
156E
  8
COUCHE_1
 10
18.52715962002218
 20
16.56668019123725
 30
0.0
  0
VERTEX
  5
156F
  8
COUCHE_1
 10
18.3655349910946
 20
16.31402042513014
 30
0.0
  0
VERTEX
  5
1570
  8
COUCHE_1
 10
18.17590523301943
 20
16.06660132905203
 30
0.0
  0
VERTEX
  5
1571
  8
COUCHE_1
 10
17.95762897577782
 20
15.82540282476325
 30
0.0
  0
SEQEND
  5
1572
  8
COUCHE_1
  0
POLYLINE
  5
67
  8
COUCHE_1
 66
     1
 10
0.0
 20
0.0
 30
0.0
 70
     1
  0
VERTEX
  5
1573
  8
COUCHE_1
 10
14.5796997462987
 20
0.0009262738991284
 30
0.0
  0
VERTEX
  5
1574
  8
COUCHE_1
 10
14.7347972934833
 20
-0.0824269036675359
 30
0.0
  0
VERTEX
  5
1575
  8
COUCHE_1
 10
15.11981387660509
 20
-0.2869946857937223
 30
0.0
  0
VERTEX
  5
1576
  8
COUCHE_1
 10
15.7118202343187
 20
-0.5845466211181859
 30
0.0
  0
VERTEX
  5
1577
  8
COUCHE_1
 10
16.4878871052786
 20
-0.9468522582795356
 30
0.0
  0
VERTEX
  5
1578
  8
COUCHE_1
 10
16.93777783905555
 20
-1.143465698998407
 30
0.0
  0
VERTEX
  5
1579
  8
COUCHE_1
 10
17.42508522813939
 20
-1.34568114591638
 30
0.0
  0
VERTEX
  5
157A
  8
COUCHE_1
 10
17.94694311486203
 20
-1.54996979261277
 30
0.0
  0
VERTEX
  5
157B
  8
COUCHE_1
 10
18.50048534155531
 20
-1.752802832667621
 30
0.0
  0
VERTEX
  5
157C
  8
COUCHE_1
 10
19.082845750551
 20
-1.950651459660541
 30
0.0
  0
VERTEX
  5
157D
  8
COUCHE_1
 10
19.69115818418096
 20
-2.139986867171576
 30
0.0
  0
VERTEX
  5
157E
  8
COUCHE_1
 10
20.32255648477694
 20
-2.317280248780477
 30
0.0
  0
VERTEX
  5
157F
  8
COUCHE_1
 10
20.97417449467094
 20
-2.479002798066998
 30
0.0
  0
VERTEX
  5
1580
  8
COUCHE_1
 10
21.64314605619446
 20
-2.621625708611184
 30
0.0
  0
VERTEX
  5
1581
  8
COUCHE_1
 10
22.32660501167975
 20
-2.741620173992643
 30
0.0
  0
VERTEX
  5
1582
  8
COUCHE_1
 10
23.02168520345816
 20
-2.835457387791419
 30
0.0
  0
VERTEX
  5
1583
  8
COUCHE_1
 10
23.72552047386172
 20
-2.899608543586974
 30
0.0
  0
VERTEX
  5
1584
  8
COUCHE_1
 10
24.43524466522215
 20
-2.930544834959499
 30
0.0
  0
VERTEX
  5
1585
  8
COUCHE_1
 10
24.79141943199005
 20
-2.932454654480752
 30
0.0
  0
VERTEX
  5
1586
  8
COUCHE_1
 10
25.14799161987146
 20
-2.924737455488746
 30
0.0
  0
VERTEX
  5
1587
  8
COUCHE_1
 10
25.5046029591581
 20
-2.906952137180896
 30
0.0
  0
VERTEX
  5
1588
  8
COUCHE_1
 10
25.86089518014128
 20
-2.87865759875447
 30
0.0
  0
VERTEX
  5
1589
  8
COUCHE_1
 10
26.21651001311258
 20
-2.839412739407174
 30
0.0
  0
VERTEX
  5
158A
  8
COUCHE_1
 10
26.57108918836334
 20
-2.788776458336422
 30
0.0
  0
VERTEX
  5
158B
  8
COUCHE_1
 10
26.92427443618526
 20
-2.726307654739776
 30
0.0
  0
VERTEX
  5
158C
  8
COUCHE_1
 10
27.27570748686965
 20
-2.651565227814649
 30
0.0
  0
VERTEX
  5
158D
  8
COUCHE_1
 10
27.62503007070811
 20
-2.564108076758456
 30
0.0
  0
VERTEX
  5
158E
  8
COUCHE_1
 10
27.97188391799196
 20
-2.463495100768757
 30
0.0
  0
VERTEX
  5
158F
  8
COUCHE_1
 10
28.31591075901277
 20
-2.349285199042967
 30
0.0
  0
VERTEX
  5
1590
  8
COUCHE_1
 10
28.65675232406213
 20
-2.221037270778792
 30
0.0
  0
VERTEX
  5
1591
  8
COUCHE_1
 10
28.9940503434315
 20
-2.0783102151735
 30
0.0
  0
VERTEX
  5
1592
  8
COUCHE_1
 10
29.32744654741205
 20
-1.920662931424506
 30
0.0
  0
VERTEX
  5
1593
  8
COUCHE_1
 10
29.65658266629552
 20
-1.74765431872937
 30
0.0
  0
VERTEX
  5
1594
  8
COUCHE_1
 10
29.98110043037333
 20
-1.558843276285653
 30
0.0
  0
VERTEX
  5
1595
  8
COUCHE_1
 10
30.30064156993696
 20
-1.353788703290622
 30
0.0
  0
VERTEX
  5
1596
  8
COUCHE_1
 10
30.61484781527784
 20
-1.132049498942132
 30
0.0
  0
VERTEX
  5
1597
  8
COUCHE_1
 10
30.92336089668757
 20
-0.8931845624374485
 30
0.0
  0
VERTEX
  5
1598
  8
COUCHE_1
 10
31.22582254445746
 20
-0.6367527929738415
 30
0.0
  0
VERTEX
  5
1599
  8
COUCHE_1
 10
31.5218744888791
 20
-0.3623130897490168
 30
0.0
  0
VERTEX
  5
159A
  8
COUCHE_1
 10
31.81115846024393
 20
-0.0694243519603891
 30
0.0
  0
VERTEX
  5
159B
  8
COUCHE_1
 10
32.03830307321701
 20
-0.2252582895337393
 30
0.0
  0
VERTEX
  5
159C
  8
COUCHE_1
 10
32.2540606016665
 20
-0.3865192596444467
 30
0.0
  0
VERTEX
  5
159D
  8
COUCHE_1
 10
32.45868142611648
 20
-0.5529571985769481
 30
0.0
  0
VERTEX
  5
159E
  8
COUCHE_1
 10
32.65241592709085
 20
-0.7243220426156807
 30
0.0
  0
VERTEX
  5
159F
  8
COUCHE_1
 10
32.83551448511358
 20
-0.9003637280452272
 30
0.0
  0
VERTEX
  5
15A0
  8
COUCHE_1
 10
33.00822748070882
 20
-1.080832191150317
 30
0.0
  0
VERTEX
  5
15A1
  8
COUCHE_1
 10
33.1708052944004
 20
-1.265477368215388
 30
0.0
  0
VERTEX
  5
15A2
  8
COUCHE_1
 10
33.3234983067121
 20
-1.454049195525022
 30
0.0
  0
VERTEX
  5
15A3
  8
COUCHE_1
 10
33.46655689816824
 20
-1.646297609363803
 30
0.0
  0
VERTEX
  5
15A4
  8
COUCHE_1
 10
33.60023144929237
 20
-1.841972546016022
 30
0.0
  0
VERTEX
  5
15A5
  8
COUCHE_1
 10
33.7247723406088
 20
-2.040823941766407
 30
0.0
  0
VERTEX
  5
15A6
  8
COUCHE_1
 10
33.84042995264132
 20
-2.242601732899688
 30
0.0
  0
VERTEX
  5
15A7
  8
COUCHE_1
 10
34.04609686095066
 20
-2.653936246452541
 30
0.0
  0
VERTEX
  5
15A8
  8
COUCHE_1
 10
34.21923521841207
 20
-3.073975576951245
 30
0.0
  0
VERTEX
  5
15A9
  8
COUCHE_1
 10
34.36184806921725
 20
-3.500719214671589
 30
0.0
  0
VERTEX
  5
15AA
  8
COUCHE_1
 10
34.47593845755814
 20
-3.932166649890529
 30
0.0
  0
VERTEX
  5
15AB
  8
COUCHE_1
 10
34.56350942762591
 20
-4.366317372884147
 30
0.0
  0
VERTEX
  5
15AC
  8
COUCHE_1
 10
34.62656402361278
 20
-4.801170873928959
 30
0.0
  0
VERTEX
  5
15AD
  8
COUCHE_1
 10
34.66710528971019
 20
-5.234726643301341
 30
0.0
  0
VERTEX
  5
15AE
  8
COUCHE_1
 10
34.68713627010981
 20
-5.664984171277958
 30
0.0
  0
VERTEX
  5
15AF
  8
COUCHE_1
 10
34.68866000900336
 20
-6.089942948134887
 30
0.0
  0
VERTEX
  5
15B0
  8
COUCHE_1
 10
34.67367955058276
 20
-6.50760246414865
 30
0.0
  0
VERTEX
  5
15B1
  8
COUCHE_1
 10
34.64419793903946
 20
-6.915962209595764
 30
0.0
  0
VERTEX
  5
15B2
  8
COUCHE_1
 10
34.60221821856529
 20
-7.31302167475231
 30
0.0
  0
VERTEX
  5
15B3
  8
COUCHE_1
 10
34.54974343335193
 20
-7.696780349895102
 30
0.0
  0
VERTEX
  5
15B4
  8
COUCHE_1
 10
34.48877662759093
 20
-8.065237725300362
 30
0.0
  0
VERTEX
  5
15B5
  8
COUCHE_1
 10
34.34937913119322
 20
-8.748246538004077
 30
0.0
  0
VERTEX
  5
15B6
  8
COUCHE_1
 10
34.20005008290596
 20
-9.34604403507429
 30
0.0
  0
VERTEX
  5
15B7
  8
COUCHE_1
 10
34.05681383626254
 20
-9.842626138722569
 30
0.0
  0
VERTEX
  5
15B8
  8
COUCHE_1
 10
33.93569474479664
 20
-10.22198877116034
 30
0.0
  0
VERTEX
  5
15B9
  8
COUCHE_1
 10
33.85271716204178
 20
-10.46812785459871
 30
0.0
  0
VERTEX
  5
15BA
  8
COUCHE_1
 10
33.82390544153163
 20
-10.56503931124898
 30
0.0
  0
VERTEX
  5
15BB
  8
COUCHE_1
 10
46.2061326007512
 20
0.0009262738991262
 30
0.0
  0
VERTEX
  5
15BC
  8
COUCHE_1
 10
33.82390544153163
 20
10.56689185904753
 30
0.0
  0
VERTEX
  5
15BD
  8
COUCHE_1
 10
33.93569474479664
 20
10.22384131895888
 30
0.0
  0
VERTEX
  5
15BE
  8
COUCHE_1
 10
34.05681383626254
 20
9.844478686521116
 30
0.0
  0
VERTEX
  5
15BF
  8
COUCHE_1
 10
34.20005008290596
 20
9.347896582872837
 30
0.0
  0
VERTEX
  5
15C0
  8
COUCHE_1
 10
34.34937913119322
 20
8.750099085802622
 30
0.0
  0
VERTEX
  5
15C1
  8
COUCHE_1
 10
34.42132084547413
 20
8.418245839043157
 30
0.0
  0
VERTEX
  5
15C2
  8
COUCHE_1
 10
34.48877662759093
 20
8.067090273098907
 30
0.0
  0
VERTEX
  5
15C3
  8
COUCHE_1
 10
34.54974343335193
 20
7.698632897693646
 30
0.0
  0
VERTEX
  5
15C4
  8
COUCHE_1
 10
34.60221821856529
 20
7.314874222550857
 30
0.0
  0
VERTEX
  5
15C5
  8
COUCHE_1
 10
34.64419793903946
 20
6.917814757394164
 30
0.0
  0
VERTEX
  5
15C6
  8
COUCHE_1
 10
34.67367955058276
 20
6.509455011947195
 30
0.0
  0
VERTEX
  5
15C7
  8
COUCHE_1
 10
34.68866000900336
 20
6.091795495933433
 30
0.0
  0
VERTEX
  5
15C8
  8
COUCHE_1
 10
34.68713627010981
 20
5.666836719076503
 30
0.0
  0
VERTEX
  5
15C9
  8
COUCHE_1
 10
34.66710528971019
 20
5.236579191099887
 30
0.0
  0
VERTEX
  5
15CA
  8
COUCHE_1
 10
34.62656402361278
 20
4.803023421727359
 30
0.0
  0
VERTEX
  5
15CB
  8
COUCHE_1
 10
34.56350942762591
 20
4.368169920682401
 30
0.0
  0
VERTEX
  5
15CC
  8
COUCHE_1
 10
34.47593845755814
 20
3.934019197688784
 30
0.0
  0
VERTEX
  5
15CD
  8
COUCHE_1
 10
34.36184806921725
 20
3.502571762469843
 30
0.0
  0
VERTEX
  5
15CE
  8
COUCHE_1
 10
34.21923521841207
 20
3.0758281247495
 30
0.0
  0
VERTEX
  5
15CF
  8
COUCHE_1
 10
34.04609686095066
 20
2.655788794251088
 30
0.0
  0
VERTEX
  5
15D0
  8
COUCHE_1
 10
33.84042995264132
 20
2.244454280698235
 30
0.0
  0
VERTEX
  5
15D1
  8
COUCHE_1
 10
33.7247723406088
 20
2.042676489564954
 30
0.0
  0
VERTEX
  5
15D2
  8
COUCHE_1
 10
33.60023144929237
 20
1.843825093814422
 30
0.0
  0
VERTEX
  5
15D3
  8
COUCHE_1
 10
33.46655689816824
 20
1.648150157162204
 30
0.0
  0
VERTEX
  5
15D4
  8
COUCHE_1
 10
33.3234983067121
 20
1.455901743323423
 30
0.0
  0
VERTEX
  5
15D5
  8
COUCHE_1
 10
33.1708052944004
 20
1.267329916013789
 30
0.0
  0
VERTEX
  5
15D6
  8
COUCHE_1
 10
33.00822748070882
 20
1.082684738948864
 30
0.0
  0
VERTEX
  5
15D7
  8
COUCHE_1
 10
32.83551448511358
 20
0.9022162758437741
 30
0.0
  0
VERTEX
  5
15D8
  8
COUCHE_1
 10
32.65241592709085
 20
0.7261745904140811
 30
0.0
  0
VERTEX
  5
15D9
  8
COUCHE_1
 10
32.45868142611648
 20
0.5548097463753486
 30
0.0
  0
VERTEX
  5
15DA
  8
COUCHE_1
 10
32.2540606016665
 20
0.3883718074429934
 30
0.0
  0
VERTEX
  5
15DB
  8
COUCHE_1
 10
32.03830307321701
 20
0.2271108373322861
 30
0.0
  0
VERTEX
  5
15DC
  8
COUCHE_1
 10
31.81115846024393
 20
0.0712768997589359
 30
0.0
  0
VERTEX
  5
15DD
  8
COUCHE_1
 10
31.5218744888791
 20
0.3641656375475637
 30
0.0
  0
VERTEX
  5
15DE
  8
COUCHE_1
 10
31.22582254445746
 20
0.6386053407723883
 30
0.0
  0
VERTEX
  5
15DF
  8
COUCHE_1
 10
30.92336089668757
 20
0.8950371102359955
 30
0.0
  0
VERTEX
  5
15E0
  8
COUCHE_1
 10
30.61484781527784
 20
1.133902046740679
 30
0.0
  0
VERTEX
  5
15E1
  8
COUCHE_1
 10
30.30064156993696
 20
1.35564125108917
 30
0.0
  0
VERTEX
  5
15E2
  8
COUCHE_1
 10
29.98110043037333
 20
1.5606958240842
 30
0.0
  0
VERTEX
  5
15E3
  8
COUCHE_1
 10
29.65658266629552
 20
1.749506866527917
 30
0.0
  0
VERTEX
  5
15E4
  8
COUCHE_1
 10
29.32744654741205
 20
1.922515479223053
 30
0.0
  0
VERTEX
  5
15E5
  8
COUCHE_1
 10
28.9940503434315
 20
2.080162762972047
 30
0.0
  0
VERTEX
  5
15E6
  8
COUCHE_1
 10
28.65675232406213
 20
2.222889818577339
 30
0.0
  0
VERTEX
  5
15E7
  8
COUCHE_1
 10
28.31591075901277
 20
2.351137746841514
 30
0.0
  0
VERTEX
  5
15E8
  8
COUCHE_1
 10
27.97188391799196
 20
2.465347648567305
 30
0.0
  0
VERTEX
  5
15E9
  8
COUCHE_1
 10
27.62503007070811
 20
2.565960624557003
 30
0.0
  0
VERTEX
  5
15EA
  8
COUCHE_1
 10
27.27570748686965
 20
2.653417775613051
 30
0.0
  0
VERTEX
  5
15EB
  8
COUCHE_1
 10
26.92427443618526
 20
2.728160202538178
 30
0.0
  0
VERTEX
  5
15EC
  8
COUCHE_1
 10
26.57108918836334
 20
2.790629006134824
 30
0.0
  0
VERTEX
  5
15ED
  8
COUCHE_1
 10
26.21651001311258
 20
2.841265287205576
 30
0.0
  0
VERTEX
  5
15EE
  8
COUCHE_1
 10
25.86089518014128
 20
2.880510146552872
 30
0.0
  0
VERTEX
  5
15EF
  8
COUCHE_1
 10
25.5046029591581
 20
2.908804684979152
 30
0.0
  0
VERTEX
  5
15F0
  8
COUCHE_1
 10
25.14799161987146
 20
2.926590003287002
 30
0.0
  0
VERTEX
  5
15F1
  8
COUCHE_1
 10
24.43524466522215
 20
2.932397382757754
 30
0.0
  0
VERTEX
  5
15F2
  8
COUCHE_1
 10
23.72552047386172
 20
2.90146109138523
 30
0.0
  0
VERTEX
  5
15F3
  8
COUCHE_1
 10
23.02168520345816
 20
2.837309935589675
 30
0.0
  0
VERTEX
  5
15F4
  8
COUCHE_1
 10
22.32660501167975
 20
2.743472721791045
 30
0.0
  0
VERTEX
  5
15F5
  8
COUCHE_1
 10
21.64314605619446
 20
2.623478256409733
 30
0.0
  0
VERTEX
  5
15F6
  8
COUCHE_1
 10
20.97417449467094
 20
2.480855345865546
 30
0.0
  0
VERTEX
  5
15F7
  8
COUCHE_1
 10
20.32255648477694
 20
2.319132796579025
 30
0.0
  0
VERTEX
  5
15F8
  8
COUCHE_1
 10
19.69115818418096
 20
2.141839414970124
 30
0.0
  0
VERTEX
  5
15F9
  8
COUCHE_1
 10
19.082845750551
 20
1.95250400745909
 30
0.0
  0
VERTEX
  5
15FA
  8
COUCHE_1
 10
18.50048534155531
 20
1.754655380466171
 30
0.0
  0
VERTEX
  5
15FB
  8
COUCHE_1
 10
17.94694311486203
 20
1.551822340411319
 30
0.0
  0
VERTEX
  5
15FC
  8
COUCHE_1
 10
17.42508522813939
 20
1.347533693714929
 30
0.0
  0
VERTEX
  5
15FD
  8
COUCHE_1
 10
16.4878871052786
 20
0.9487048060779383
 30
0.0
  0
VERTEX
  5
15FE
  8
COUCHE_1
 10
15.7118202343187
 20
0.5863991689164425
 30
0.0
  0
VERTEX
  5
15FF
  8
COUCHE_1
 10
15.11981387660509
 20
0.288847233591979
 30
0.0
  0
VERTEX
  5
1600
  8
COUCHE_1
 10
14.7347972934833
 20
0.0842794514657927
 30
0.0
  0
SEQEND
  5
1601
  8
COUCHE_1
  0
POLYLINE
  5
68
  8
COUCHE_1
 66
     1
 10
0.0
 20
0.0
 30
0.0
 70
     1
  0
VERTEX
  5
1602
  8
COUCHE_1
 10
83.58005806660519
 20
-0.0002425120263728
 30
0.0
  0
VERTEX
  5
1603
  8
COUCHE_1
 10
77.76187163583742
 20
1.587602484444381
 30
0.0
  0
VERTEX
  5
1604
  8
COUCHE_1
 10
75.97084595376974
 20
2.058769761929644
 30
0.0
  0
VERTEX
  5
1605
  8
COUCHE_1
 10
73.86757115890599
 20
2.634257466964384
 30
0.0
  0
VERTEX
  5
1606
  8
COUCHE_1
 10
71.66019174141103
 20
3.277377204962204
 30
0.0
  0
VERTEX
  5
1607
  8
COUCHE_1
 10
70.59510417517669
 20
3.608964236640421
 30
0.0
  0
VERTEX
  5
1608
  8
COUCHE_1
 10
69.5866870216593
 20
3.942045600744502
 30
0.0
  0
VERTEX
  5
1609
  8
COUCHE_1
 10
68.66886631102322
 20
4.269020293055376
 30
0.0
  0
VERTEX
  5
160A
  8
COUCHE_1
 10
67.87495855374043
 20
4.58153911287353
 30
0.0
  0
VERTEX
  5
160B
  8
COUCHE_1
 10
67.24483369374525
 20
4.866308482555775
 30
0.0
  0
VERTEX
  5
160C
  8
COUCHE_1
 10
65.78905051472087
 20
5.674228115467992
 30
0.0
  0
VERTEX
  5
160D
  8
COUCHE_1
 10
64.2588418571792
 20
4.093313798707888
 30
0.0
  0
VERTEX
  5
160E
  8
COUCHE_1
 10
63.52720084306821
 20
3.372151283894274
 30
0.0
  0
VERTEX
  5
160F
  8
COUCHE_1
 10
62.85538539725864
 20
2.743200891194829
 30
0.0
  0
VERTEX
  5
1610
  8
COUCHE_1
 10
62.24817108352177
 20
2.206806303480972
 30
0.0
  0
VERTEX
  5
1611
  8
COUCHE_1
 10
61.71137310569736
 20
1.763824743505004
 30
0.0
  0
VERTEX
  5
1612
  8
COUCHE_1
 10
61.25296004169672
 20
1.416056698178689
 30
0.0
  0
VERTEX
  5
1613
  8
COUCHE_1
 10
60.88593327931549
 20
1.167144000307599
 30
0.0
  0
VERTEX
  5
1614
  8
COUCHE_1
 10
58.8530071275724
 20
-0.0002425120263711
 30
0.0
  0
VERTEX
  5
1615
  8
COUCHE_1
 10
60.88593327931549
 20
-1.167629024360342
 30
0.0
  0
VERTEX
  5
1616
  8
COUCHE_1
 10
61.25296004169672
 20
-1.416541722231139
 30
0.0
  0
VERTEX
  5
1617
  8
COUCHE_1
 10
61.71137310569736
 20
-1.764309767557454
 30
0.0
  0
VERTEX
  5
1618
  8
COUCHE_1
 10
62.24817108352177
 20
-2.207291327533714
 30
0.0
  0
VERTEX
  5
1619
  8
COUCHE_1
 10
62.85538539725864
 20
-2.74368591524728
 30
0.0
  0
VERTEX
  5
161A
  8
COUCHE_1
 10
63.52720084306821
 20
-3.372636307946725
 30
0.0
  0
VERTEX
  5
161B
  8
COUCHE_1
 10
64.2588418571792
 20
-4.093798822760339
 30
0.0
  0
VERTEX
  5
161C
  8
COUCHE_1
 10
65.78905051472087
 20
-5.674713139520736
 30
0.0
  0
VERTEX
  5
161D
  8
COUCHE_1
 10
67.24483369374525
 20
-4.866793506608227
 30
0.0
  0
VERTEX
  5
161E
  8
COUCHE_1
 10
67.87495855374043
 20
-4.582024136926274
 30
0.0
  0
VERTEX
  5
161F
  8
COUCHE_1
 10
68.66886631102322
 20
-4.269505317107828
 30
0.0
  0
VERTEX
  5
1620
  8
COUCHE_1
 10
69.5866870216593
 20
-3.942530624796953
 30
0.0
  0
VERTEX
  5
1621
  8
COUCHE_1
 10
70.59510417517669
 20
-3.609449260693165
 30
0.0
  0
VERTEX
  5
1622
  8
COUCHE_1
 10
71.66019174141103
 20
-3.277862229014656
 30
0.0
  0
VERTEX
  5
1623
  8
COUCHE_1
 10
73.86757115890599
 20
-2.634742491017128
 30
0.0
  0
VERTEX
  5
1624
  8
COUCHE_1
 10
75.97084595376974
 20
-2.059254785982388
 30
0.0
  0
VERTEX
  5
1625
  8
COUCHE_1
 10
77.76187163583742
 20
-1.588087508496834
 30
0.0
  0
SEQEND
  5
1626
  8
COUCHE_1
  0
POLYLINE
  5
69
  8
COUCHE_1
 66
     1
 10
0.0
 20
0.0
 30
0.0
 70
     1
  0
VERTEX
  5
1627
  8
COUCHE_1
 10
0.0000000000009762
 20
31.59111334738001
 30
0.0
  0
VERTEX
  5
1628
  8
COUCHE_1
 10
0.2760427286008461
 20
31.64270882116702
 30
0.0
  0
VERTEX
  5
1629
  8
COUCHE_1
 10
0.8946130347015782
 20
31.76568702517955
 30
0.0
  0
VERTEX
  5
162A
  8
COUCHE_1
 10
1.32615333241672
 20
31.83655776503207
 30
0.0
  0
VERTEX
  5
162B
  8
COUCHE_1
 10
1.835894288229548
 20
31.9044099242551
 30
0.0
  0
VERTEX
  5
162C
  8
COUCHE_1
 10
2.421358823380682
 20
31.96228874845311
 30
0.0
  0
VERTEX
  5
162D
  8
COUCHE_1
 10
3.080069859111131
 20
32.003239483231
 30
0.0
  0
VERTEX
  5
162E
  8
COUCHE_1
 10
3.809550316661512
 20
32.02030737419311
 30
0.0
  0
VERTEX
  5
162F
  8
COUCHE_1
 10
4.607323117272573
 20
32.00653766694433
 30
0.0
  0
VERTEX
  5
1630
  8
COUCHE_1
 10
5.470911182185453
 20
31.95497560708927
 30
0.0
  0
VERTEX
  5
1631
  8
COUCHE_1
 10
5.926611851642849
 20
31.912849084186
 30
0.0
  0
VERTEX
  5
1632
  8
COUCHE_1
 10
6.397837432640639
 20
31.8586664402327
 30
0.0
  0
VERTEX
  5
1633
  8
COUCHE_1
 10
6.884278290334226
 20
31.79155833093028
 30
0.0
  0
VERTEX
  5
1634
  8
COUCHE_1
 10
7.385624789879009
 20
31.71065541197909
 30
0.0
  0
VERTEX
  5
1635
  8
COUCHE_1
 10
7.901567296429616
 20
31.6150883390799
 30
0.0
  0
VERTEX
  5
1636
  8
COUCHE_1
 10
8.431796175141445
 20
31.50398776793305
 30
0.0
  0
VERTEX
  5
1637
  8
COUCHE_1
 10
8.976001791169379
 20
31.37648435423946
 30
0.0
  0
VERTEX
  5
1638
  8
COUCHE_1
 10
9.533874509668559
 20
31.23170875369948
 30
0.0
  0
VERTEX
  5
1639
  8
COUCHE_1
 10
10.10510469579426
 20
31.06879162201373
 30
0.0
  0
VERTEX
  5
163A
  8
COUCHE_1
 10
10.68938271470137
 20
30.886863614883
 30
0.0
  0
VERTEX
  5
163B
  8
COUCHE_1
 10
0.0000000000009766
 20
40.12768202139405
 30
0.0
  0
VERTEX
  5
163C
  8
COUCHE_1
 10
-10.68938271469915
 20
30.886863614883
 30
0.0
  0
VERTEX
  5
163D
  8
COUCHE_1
 10
-10.10510469579205
 20
31.06879162201373
 30
0.0
  0
VERTEX
  5
163E
  8
COUCHE_1
 10
-9.533874509666346
 20
31.23170875369948
 30
0.0
  0
VERTEX
  5
163F
  8
COUCHE_1
 10
-8.976001791167166
 20
31.37648435423946
 30
0.0
  0
VERTEX
  5
1640
  8
COUCHE_1
 10
-8.431796175139231
 20
31.50398776793305
 30
0.0
  0
VERTEX
  5
1641
  8
COUCHE_1
 10
-7.901567296427533
 20
31.6150883390799
 30
0.0
  0
VERTEX
  5
1642
  8
COUCHE_1
 10
-7.385624789876927
 20
31.71065541197909
 30
0.0
  0
VERTEX
  5
1643
  8
COUCHE_1
 10
-6.884278290332272
 20
31.79155833093028
 30
0.0
  0
VERTEX
  5
1644
  8
COUCHE_1
 10
-6.397837432638555
 20
31.8586664402327
 30
0.0
  0
VERTEX
  5
1645
  8
COUCHE_1
 10
-5.926611851640637
 20
31.912849084186
 30
0.0
  0
VERTEX
  5
1646
  8
COUCHE_1
 10
-5.47091118218337
 20
31.95497560708927
 30
0.0
  0
VERTEX
  5
1647
  8
COUCHE_1
 10
-4.60732311727062
 20
32.00653766694433
 30
0.0
  0
VERTEX
  5
1648
  8
COUCHE_1
 10
-3.80955031665943
 20
32.02030737419311
 30
0.0
  0
VERTEX
  5
1649
  8
COUCHE_1
 10
-3.080069859109049
 20
32.003239483231
 30
0.0
  0
VERTEX
  5
164A
  8
COUCHE_1
 10
-2.42135882337873
 20
31.96228874845311
 30
0.0
  0
VERTEX
  5
164B
  8
COUCHE_1
 10
-1.835894288227466
 20
31.9044099242551
 30
0.0
  0
VERTEX
  5
164C
  8
COUCHE_1
 10
-1.326153332414767
 20
31.83655776503207
 30
0.0
  0
VERTEX
  5
164D
  8
COUCHE_1
 10
-0.8946130346996256
 20
31.76568702517955
 30
0.0
  0
VERTEX
  5
164E
  8
COUCHE_1
 10
-0.2760427285988937
 20
31.64270882116702
 30
0.0
  0
VERTEX
  5
164F
  8
COUCHE_1
 10
-0.0939668777318063
 20
31.60451086579778
 30
0.0
  0
SEQEND
  5
1650
  8
COUCHE_1
  0
POLYLINE
  5
6A
  8
COUCHE_1
 66
     1
 10
0.0
 20
0.0
 30
0.0
 70
     1
  0
VERTEX
  5
1651
  8
COUCHE_1
 10
0.0000000000009752
 20
12.97604969105304
 30
0.0
  0
VERTEX
  5
1652
  8
COUCHE_1
 10
0.1701030167133215
 20
13.07548210616021
 30
0.0
  0
VERTEX
  5
1653
  8
COUCHE_1
 10
0.5837217630940239
 20
13.308990723332
 30
0.0
  0
VERTEX
  5
1654
  8
COUCHE_1
 10
1.18381421087913
 20
13.67551598741619
 30
0.0
  0
VERTEX
  5
1655
  8
COUCHE_1
 10
1.535962438966182
 20
13.90832875106535
 30
0.0
  0
VERTEX
  5
1656
  8
COUCHE_1
 10
1.913338331805336
 20
14.17399834326082
 30
0.0
  0
VERTEX
  5
1657
  8
COUCHE_1
 10
2.308811635863941
 20
14.47239231960845
 30
0.0
  0
VERTEX
  5
1658
  8
COUCHE_1
 10
2.715252097609081
 20
14.80337823571393
 30
0.0
  0
VERTEX
  5
1659
  8
COUCHE_1
 10
3.125529463507716
 20
15.16682364718355
 30
0.0
  0
VERTEX
  5
165A
  8
COUCHE_1
 10
3.532513480026802
 20
15.56259610962343
 30
0.0
  0
VERTEX
  5
165B
  8
COUCHE_1
 10
3.929073893633686
 20
15.99056317863943
 30
0.0
  0
VERTEX
  5
165C
  8
COUCHE_1
 10
4.12121704511583
 20
16.21657830174022
 30
0.0
  0
VERTEX
  5
165D
  8
COUCHE_1
 10
4.308080450795194
 20
16.45059240983738
 30
0.0
  0
VERTEX
  5
165E
  8
COUCHE_1
 10
4.48877282897989
 20
16.69258894738179
 30
0.0
  0
VERTEX
  5
165F
  8
COUCHE_1
 10
4.662402897978416
 20
16.94255135882371
 30
0.0
  0
VERTEX
  5
1660
  8
COUCHE_1
 10
4.828079376099013
 20
17.2004630886143
 30
0.0
  0
VERTEX
  5
1661
  8
COUCHE_1
 10
4.984910981650438
 20
17.46630758120411
 30
0.0
  0
VERTEX
  5
1662
  8
COUCHE_1
 10
5.132006432940674
 20
17.74006828104402
 30
0.0
  0
VERTEX
  5
1663
  8
COUCHE_1
 10
5.268474448278347
 20
18.02172863258458
 30
0.0
  0
VERTEX
  5
1664
  8
COUCHE_1
 10
5.3934237459717
 20
18.3112720802768
 30
0.0
  0
VERTEX
  5
1665
  8
COUCHE_1
 10
5.5059630443291
 20
18.60868206857124
 30
0.0
  0
VERTEX
  5
1666
  8
COUCHE_1
 10
5.605201061659178
 20
18.91394204191862
 30
0.0
  0
VERTEX
  5
1667
  8
COUCHE_1
 10
5.690246516269914
 20
19.22703544476994
 30
0.0
  0
VERTEX
  5
1668
  8
COUCHE_1
 10
5.760208126469937
 20
19.54794572157577
 30
0.0
  0
VERTEX
  5
1669
  8
COUCHE_1
 10
5.814194610567746
 20
19.87665631678667
 30
0.0
  0
VERTEX
  5
166A
  8
COUCHE_1
 10
5.851314686871582
 20
20.21315067485364
 30
0.0
  0
VERTEX
  5
166B
  8
COUCHE_1
 10
5.870677073689684
 20
20.55741224022755
 30
0.0
  0
VERTEX
  5
166C
  8
COUCHE_1
 10
5.871390489330552
 20
20.90942445735897
 30
0.0
  0
VERTEX
  5
166D
  8
COUCHE_1
 10
5.852563652102815
 20
21.26917077069859
 30
0.0
  0
VERTEX
  5
166E
  8
COUCHE_1
 10
5.813305280314454
 20
21.63663462469743
 30
0.0
  0
VERTEX
  5
166F
  8
COUCHE_1
 10
5.752724092274097
 20
22.0117994638059
 30
0.0
  0
VERTEX
  5
1670
  8
COUCHE_1
 10
5.669928806290113
 20
22.39464873247502
 30
0.0
  0
VERTEX
  5
1671
  8
COUCHE_1
 10
5.564028140670744
 20
22.78516587515534
 30
0.0
  0
VERTEX
  5
1672
  8
COUCHE_1
 10
5.434130813724619
 20
23.18333433629773
 30
0.0
  0
VERTEX
  5
1673
  8
COUCHE_1
 10
5.279345543759717
 20
23.5891375603529
 30
0.0
  0
VERTEX
  5
1674
  8
COUCHE_1
 10
5.098781049084796
 20
24.00255899177155
 30
0.0
  0
VERTEX
  5
1675
  8
COUCHE_1
 10
4.891546048008101
 20
24.42358207500455
 30
0.0
  0
VERTEX
  5
1676
  8
COUCHE_1
 10
4.656749258837865
 20
24.85219025450246
 30
0.0
  0
VERTEX
  5
1677
  8
COUCHE_1
 10
4.393499399882853
 20
25.28836697471614
 30
0.0
  0
VERTEX
  5
1678
  8
COUCHE_1
 10
4.100905189451302
 20
25.73209568009645
 30
0.0
  0
VERTEX
  5
1679
  8
COUCHE_1
 10
3.778075345851321
 20
26.1833598150941
 30
0.0
  0
VERTEX
  5
167A
  8
COUCHE_1
 10
3.424118587391542
 20
26.64214282415981
 30
0.0
  0
VERTEX
  5
167B
  8
COUCHE_1
 10
3.038143632380203
 20
27.10842815174414
 30
0.0
  0
VERTEX
  5
167C
  8
COUCHE_1
 10
2.619259199125803
 20
27.58219924229793
 30
0.0
  0
VERTEX
  5
167D
  8
COUCHE_1
 10
2.166574005936714
 20
28.06343954027221
 30
0.0
  0
VERTEX
  5
167E
  8
COUCHE_1
 10
1.679196771121304
 20
28.55213249011739
 30
0.0
  0
VERTEX
  5
167F
  8
COUCHE_1
 10
1.156236212987943
 20
29.04826153628447
 30
0.0
  0
VERTEX
  5
1680
  8
COUCHE_1
 10
0.5968010498450004
 20
29.55181012322403
 30
0.0
  0
VERTEX
  5
1681
  8
COUCHE_1
 10
0.0000000000009761
 20
30.06276169538691
 30
0.0
  0
VERTEX
  5
1682
  8
COUCHE_1
 10
-0.5968010498430482
 20
29.55181012322403
 30
0.0
  0
VERTEX
  5
1683
  8
COUCHE_1
 10
-1.156236212985991
 20
29.04826153628447
 30
0.0
  0
VERTEX
  5
1684
  8
COUCHE_1
 10
-1.679196771119352
 20
28.55213249011739
 30
0.0
  0
VERTEX
  5
1685
  8
COUCHE_1
 10
-2.166574005934762
 20
28.06343954027221
 30
0.0
  0
VERTEX
  5
1686
  8
COUCHE_1
 10
-2.619259199123851
 20
27.58219924229793
 30
0.0
  0
VERTEX
  5
1687
  8
COUCHE_1
 10
-3.038143632378251
 20
27.10842815174414
 30
0.0
  0
VERTEX
  5
1688
  8
COUCHE_1
 10
-3.424118587389589
 20
26.64214282415981
 30
0.0
  0
VERTEX
  5
1689
  8
COUCHE_1
 10
-3.778075345849369
 20
26.1833598150941
 30
0.0
  0
VERTEX
  5
168A
  8
COUCHE_1
 10
-4.10090518944935
 20
25.73209568009645
 30
0.0
  0
VERTEX
  5
168B
  8
COUCHE_1
 10
-4.393499399880901
 20
25.28836697471614
 30
0.0
  0
VERTEX
  5
168C
  8
COUCHE_1
 10
-4.656749258835915
 20
24.85219025450246
 30
0.0
  0
VERTEX
  5
168D
  8
COUCHE_1
 10
-4.891546048006149
 20
24.42358207500455
 30
0.0
  0
VERTEX
  5
168E
  8
COUCHE_1
 10
-5.098781049082846
 20
24.00255899177155
 30
0.0
  0
VERTEX
  5
168F
  8
COUCHE_1
 10
-5.279345543757766
 20
23.5891375603529
 30
0.0
  0
VERTEX
  5
1690
  8
COUCHE_1
 10
-5.434130813722668
 20
23.18333433629773
 30
0.0
  0
VERTEX
  5
1691
  8
COUCHE_1
 10
-5.564028140668793
 20
22.78516587515534
 30
0.0
  0
VERTEX
  5
1692
  8
COUCHE_1
 10
-5.669928806288162
 20
22.39464873247502
 30
0.0
  0
VERTEX
  5
1693
  8
COUCHE_1
 10
-5.752724092272146
 20
22.0117994638059
 30
0.0
  0
VERTEX
  5
1694
  8
COUCHE_1
 10
-5.813305280312502
 20
21.63663462469743
 30
0.0
  0
VERTEX
  5
1695
  8
COUCHE_1
 10
-5.852563652100865
 20
21.26917077069859
 30
0.0
  0
VERTEX
  5
1696
  8
COUCHE_1
 10
-5.871390489328602
 20
20.90942445735897
 30
0.0
  0
VERTEX
  5
1697
  8
COUCHE_1
 10
-5.870677073687734
 20
20.55741224022755
 30
0.0
  0
VERTEX
  5
1698
  8
COUCHE_1
 10
-5.851314686869632
 20
20.21315067485364
 30
0.0
  0
VERTEX
  5
1699
  8
COUCHE_1
 10
-5.814194610565796
 20
19.87665631678667
 30
0.0
  0
VERTEX
  5
169A
  8
COUCHE_1
 10
-5.760208126467986
 20
19.54794572157577
 30
0.0
  0
VERTEX
  5
169B
  8
COUCHE_1
 10
-5.690246516267964
 20
19.22703544476994
 30
0.0
  0
VERTEX
  5
169C
  8
COUCHE_1
 10
-5.605201061657228
 20
18.91394204191862
 30
0.0
  0
VERTEX
  5
169D
  8
COUCHE_1
 10
-5.505963044327149
 20
18.60868206857124
 30
0.0
  0
VERTEX
  5
169E
  8
COUCHE_1
 10
-5.393423745969748
 20
18.3112720802768
 30
0.0
  0
VERTEX
  5
169F
  8
COUCHE_1
 10
-5.268474448276397
 20
18.02172863258458
 30
0.0
  0
VERTEX
  5
16A0
  8
COUCHE_1
 10
-5.132006432938723
 20
17.74006828104402
 30
0.0
  0
VERTEX
  5
16A1
  8
COUCHE_1
 10
-4.984910981648487
 20
17.46630758120411
 30
0.0
  0
VERTEX
  5
16A2
  8
COUCHE_1
 10
-4.828079376097062
 20
17.2004630886143
 30
0.0
  0
VERTEX
  5
16A3
  8
COUCHE_1
 10
-4.662402897976466
 20
16.94255135882371
 30
0.0
  0
VERTEX
  5
16A4
  8
COUCHE_1
 10
-4.48877282897794
 20
16.69258894738179
 30
0.0
  0
VERTEX
  5
16A5
  8
COUCHE_1
 10
-4.308080450793244
 20
16.45059240983738
 30
0.0
  0
VERTEX
  5
16A6
  8
COUCHE_1
 10
-3.929073893631735
 20
15.99056317863943
 30
0.0
  0
VERTEX
  5
16A7
  8
COUCHE_1
 10
-3.532513480024851
 20
15.56259610962343
 30
0.0
  0
VERTEX
  5
16A8
  8
COUCHE_1
 10
-3.125529463505765
 20
15.16682364718355
 30
0.0
  0
VERTEX
  5
16A9
  8
COUCHE_1
 10
-2.715252097607131
 20
14.80337823571393
 30
0.0
  0
VERTEX
  5
16AA
  8
COUCHE_1
 10
-2.30881163586199
 20
14.47239231960845
 30
0.0
  0
VERTEX
  5
16AB
  8
COUCHE_1
 10
-1.913338331803386
 20
14.17399834326082
 30
0.0
  0
VERTEX
  5
16AC
  8
COUCHE_1
 10
-1.535962438964231
 20
13.90832875106535
 30
0.0
  0
VERTEX
  5
16AD
  8
COUCHE_1
 10
-1.183814210877179
 20
13.67551598741619
 30
0.0
  0
VERTEX
  5
16AE
  8
COUCHE_1
 10
-0.5837217630920734
 20
13.308990723332
 30
0.0
  0
VERTEX
  5
16AF
  8
COUCHE_1
 10
-0.1701030167113712
 20
13.07548210616021
 30
0.0
  0
SEQEND
  5
16B0
  8
COUCHE_1
  0
POLYLINE
  5
6B
  8
COUCHE_1
 66
     1
 10
0.0
 20
0.0
 30
0.0
 70
     1
  0
VERTEX
  5
16B1
  8
COUCHE_1
 10
0.0000000000009728
 20
-30.06090914758837
 30
0.0
  0
VERTEX
  5
16B2
  8
COUCHE_1
 10
0.596801049844997
 20
-29.54995757542548
 30
0.0
  0
VERTEX
  5
16B3
  8
COUCHE_1
 10
1.15623621298794
 20
-29.04640898848593
 30
0.0
  0
VERTEX
  5
16B4
  8
COUCHE_1
 10
1.679196771121301
 20
-28.55027994231884
 30
0.0
  0
VERTEX
  5
16B5
  8
COUCHE_1
 10
2.166574005936711
 20
-28.06158699247366
 30
0.0
  0
VERTEX
  5
16B6
  8
COUCHE_1
 10
2.6192591991258
 20
-27.58034669449938
 30
0.0
  0
VERTEX
  5
16B7
  8
COUCHE_1
 10
3.0381436323802
 20
-27.10657560394559
 30
0.0
  0
VERTEX
  5
16B8
  8
COUCHE_1
 10
3.424118587391539
 20
-26.64029027636126
 30
0.0
  0
VERTEX
  5
16B9
  8
COUCHE_1
 10
3.778075345851319
 20
-26.18150726729571
 30
0.0
  0
VERTEX
  5
16BA
  8
COUCHE_1
 10
4.100905189451299
 20
-25.7302431322982
 30
0.0
  0
VERTEX
  5
16BB
  8
COUCHE_1
 10
4.39349939988285
 20
-25.28651442691789
 30
0.0
  0
VERTEX
  5
16BC
  8
COUCHE_1
 10
4.656749258837864
 20
-24.85033770670406
 30
0.0
  0
VERTEX
  5
16BD
  8
COUCHE_1
 10
4.891546048008099
 20
-24.421729527206
 30
0.0
  0
VERTEX
  5
16BE
  8
COUCHE_1
 10
5.098781049084796
 20
-24.000706443973
 30
0.0
  0
VERTEX
  5
16BF
  8
COUCHE_1
 10
5.279345543759714
 20
-23.58728501255435
 30
0.0
  0
VERTEX
  5
16C0
  8
COUCHE_1
 10
5.434130813724616
 20
-23.18148178849918
 30
0.0
  0
VERTEX
  5
16C1
  8
COUCHE_1
 10
5.564028140670743
 20
-22.78331332735694
 30
0.0
  0
VERTEX
  5
16C2
  8
COUCHE_1
 10
5.669928806290111
 20
-22.39279618467662
 30
0.0
  0
VERTEX
  5
16C3
  8
COUCHE_1
 10
5.752724092274094
 20
-22.0099469160075
 30
0.0
  0
VERTEX
  5
16C4
  8
COUCHE_1
 10
5.813305280314452
 20
-21.63478207689917
 30
0.0
  0
VERTEX
  5
16C5
  8
COUCHE_1
 10
5.852563652102813
 20
-21.26731822290033
 30
0.0
  0
VERTEX
  5
16C6
  8
COUCHE_1
 10
5.87139048933055
 20
-20.90757190956071
 30
0.0
  0
VERTEX
  5
16C7
  8
COUCHE_1
 10
5.870677073689683
 20
-20.55555969242929
 30
0.0
  0
VERTEX
  5
16C8
  8
COUCHE_1
 10
5.85131468687158
 20
-20.21129812705539
 30
0.0
  0
VERTEX
  5
16C9
  8
COUCHE_1
 10
5.814194610567744
 20
-19.87480376898841
 30
0.0
  0
VERTEX
  5
16CA
  8
COUCHE_1
 10
5.760208126469935
 20
-19.54609317377751
 30
0.0
  0
VERTEX
  5
16CB
  8
COUCHE_1
 10
5.690246516269912
 20
-19.22518289697168
 30
0.0
  0
VERTEX
  5
16CC
  8
COUCHE_1
 10
5.605201061659177
 20
-18.91208949412037
 30
0.0
  0
VERTEX
  5
16CD
  8
COUCHE_1
 10
5.505963044329098
 20
-18.60682952077299
 30
0.0
  0
VERTEX
  5
16CE
  8
COUCHE_1
 10
5.393423745971698
 20
-18.30941953247854
 30
0.0
  0
VERTEX
  5
16CF
  8
COUCHE_1
 10
5.268474448278345
 20
-18.01987608478633
 30
0.0
  0
VERTEX
  5
16D0
  8
COUCHE_1
 10
5.132006432940671
 20
-17.73821573324576
 30
0.0
  0
VERTEX
  5
16D1
  8
COUCHE_1
 10
4.984910981650437
 20
-17.46445503340586
 30
0.0
  0
VERTEX
  5
16D2
  8
COUCHE_1
 10
4.828079376099011
 20
-17.19861054081604
 30
0.0
  0
VERTEX
  5
16D3
  8
COUCHE_1
 10
4.662402897978415
 20
-16.94069881102545
 30
0.0
  0
VERTEX
  5
16D4
  8
COUCHE_1
 10
4.488772828979889
 20
-16.69073639958354
 30
0.0
  0
VERTEX
  5
16D5
  8
COUCHE_1
 10
4.308080450795193
 20
-16.44873986203913
 30
0.0
  0
VERTEX
  5
16D6
  8
COUCHE_1
 10
3.929073893633683
 20
-15.98871063084117
 30
0.0
  0
VERTEX
  5
16D7
  8
COUCHE_1
 10
3.5325134800268
 20
-15.56074356182518
 30
0.0
  0
VERTEX
  5
16D8
  8
COUCHE_1
 10
3.125529463507714
 20
-15.16497109938529
 30
0.0
  0
VERTEX
  5
16D9
  8
COUCHE_1
 10
2.715252097609079
 20
-14.80152568791552
 30
0.0
  0
VERTEX
  5
16DA
  8
COUCHE_1
 10
2.308811635863939
 20
-14.47053977180989
 30
0.0
  0
VERTEX
  5
16DB
  8
COUCHE_1
 10
1.913338331805335
 20
-14.17214579546241
 30
0.0
  0
VERTEX
  5
16DC
  8
COUCHE_1
 10
1.53596243896618
 20
-13.90647620326708
 30
0.0
  0
VERTEX
  5
16DD
  8
COUCHE_1
 10
1.183814210879128
 20
-13.67366343961779
 30
0.0
  0
VERTEX
  5
16DE
  8
COUCHE_1
 10
0.5837217630940224
 20
-13.30713817553345
 30
0.0
  0
VERTEX
  5
16DF
  8
COUCHE_1
 10
0.1701030167133201
 20
-13.07362955836165
 30
0.0
  0
VERTEX
  5
16E0
  8
COUCHE_1
 10
0.0000000000009738
 20
-12.97419714325449
 30
0.0
  0
VERTEX
  5
16E1
  8
COUCHE_1
 10
-0.1701030167113726
 20
-13.07362955836165
 30
0.0
  0
VERTEX
  5
16E2
  8
COUCHE_1
 10
-0.5837217630920749
 20
-13.30713817553345
 30
0.0
  0
VERTEX
  5
16E3
  8
COUCHE_1
 10
-1.183814210877181
 20
-13.67366343961779
 30
0.0
  0
VERTEX
  5
16E4
  8
COUCHE_1
 10
-1.535962438964233
 20
-13.90647620326708
 30
0.0
  0
VERTEX
  5
16E5
  8
COUCHE_1
 10
-1.913338331803387
 20
-14.17214579546241
 30
0.0
  0
VERTEX
  5
16E6
  8
COUCHE_1
 10
-2.308811635861992
 20
-14.47053977180989
 30
0.0
  0
VERTEX
  5
16E7
  8
COUCHE_1
 10
-2.715252097607132
 20
-14.80152568791552
 30
0.0
  0
VERTEX
  5
16E8
  8
COUCHE_1
 10
-3.125529463505767
 20
-15.16497109938529
 30
0.0
  0
VERTEX
  5
16E9
  8
COUCHE_1
 10
-3.532513480024853
 20
-15.56074356182518
 30
0.0
  0
VERTEX
  5
16EA
  8
COUCHE_1
 10
-3.929073893631737
 20
-15.98871063084117
 30
0.0
  0
VERTEX
  5
16EB
  8
COUCHE_1
 10
-4.121217045113881
 20
-16.21472575394196
 30
0.0
  0
VERTEX
  5
16EC
  8
COUCHE_1
 10
-4.308080450793246
 20
-16.44873986203913
 30
0.0
  0
VERTEX
  5
16ED
  8
COUCHE_1
 10
-4.488772828977942
 20
-16.69073639958354
 30
0.0
  0
VERTEX
  5
16EE
  8
COUCHE_1
 10
-4.662402897976468
 20
-16.94069881102545
 30
0.0
  0
VERTEX
  5
16EF
  8
COUCHE_1
 10
-4.828079376097064
 20
-17.19861054081604
 30
0.0
  0
VERTEX
  5
16F0
  8
COUCHE_1
 10
-4.98491098164849
 20
-17.46445503340586
 30
0.0
  0
VERTEX
  5
16F1
  8
COUCHE_1
 10
-5.132006432938724
 20
-17.73821573324576
 30
0.0
  0
VERTEX
  5
16F2
  8
COUCHE_1
 10
-5.268474448276398
 20
-18.01987608478633
 30
0.0
  0
VERTEX
  5
16F3
  8
COUCHE_1
 10
-5.39342374596975
 20
-18.30941953247854
 30
0.0
  0
VERTEX
  5
16F4
  8
COUCHE_1
 10
-5.50596304432715
 20
-18.60682952077299
 30
0.0
  0
VERTEX
  5
16F5
  8
COUCHE_1
 10
-5.60520106165723
 20
-18.91208949412037
 30
0.0
  0
VERTEX
  5
16F6
  8
COUCHE_1
 10
-5.690246516267965
 20
-19.22518289697168
 30
0.0
  0
VERTEX
  5
16F7
  8
COUCHE_1
 10
-5.760208126467988
 20
-19.54609317377751
 30
0.0
  0
VERTEX
  5
16F8
  8
COUCHE_1
 10
-5.814194610565797
 20
-19.87480376898841
 30
0.0
  0
VERTEX
  5
16F9
  8
COUCHE_1
 10
-5.851314686869633
 20
-20.21129812705539
 30
0.0
  0
VERTEX
  5
16FA
  8
COUCHE_1
 10
-5.870677073687735
 20
-20.55555969242929
 30
0.0
  0
VERTEX
  5
16FB
  8
COUCHE_1
 10
-5.871390489328603
 20
-20.90757190956071
 30
0.0
  0
VERTEX
  5
16FC
  8
COUCHE_1
 10
-5.852563652100867
 20
-21.26731822290033
 30
0.0
  0
VERTEX
  5
16FD
  8
COUCHE_1
 10
-5.813305280312504
 20
-21.63478207689917
 30
0.0
  0
VERTEX
  5
16FE
  8
COUCHE_1
 10
-5.752724092272147
 20
-22.0099469160075
 30
0.0
  0
VERTEX
  5
16FF
  8
COUCHE_1
 10
-5.669928806288165
 20
-22.39279618467662
 30
0.0
  0
VERTEX
  5
1700
  8
COUCHE_1
 10
-5.564028140668796
 20
-22.78331332735694
 30
0.0
  0
VERTEX
  5
1701
  8
COUCHE_1
 10
-5.434130813722669
 20
-23.18148178849918
 30
0.0
  0
VERTEX
  5
1702
  8
COUCHE_1
 10
-5.279345543757768
 20
-23.58728501255435
 30
0.0
  0
VERTEX
  5
1703
  8
COUCHE_1
 10
-5.098781049082849
 20
-24.000706443973
 30
0.0
  0
VERTEX
  5
1704
  8
COUCHE_1
 10
-4.891546048006152
 20
-24.421729527206
 30
0.0
  0
VERTEX
  5
1705
  8
COUCHE_1
 10
-4.656749258835917
 20
-24.85033770670406
 30
0.0
  0
VERTEX
  5
1706
  8
COUCHE_1
 10
-4.393499399880905
 20
-25.28651442691789
 30
0.0
  0
VERTEX
  5
1707
  8
COUCHE_1
 10
-4.100905189449352
 20
-25.7302431322982
 30
0.0
  0
VERTEX
  5
1708
  8
COUCHE_1
 10
-3.778075345849372
 20
-26.18150726729571
 30
0.0
  0
VERTEX
  5
1709
  8
COUCHE_1
 10
-3.424118587389593
 20
-26.64029027636126
 30
0.0
  0
VERTEX
  5
170A
  8
COUCHE_1
 10
-3.038143632378254
 20
-27.10657560394559
 30
0.0
  0
VERTEX
  5
170B
  8
COUCHE_1
 10
-2.619259199123855
 20
-27.58034669449938
 30
0.0
  0
VERTEX
  5
170C
  8
COUCHE_1
 10
-2.166574005934765
 20
-28.06158699247366
 30
0.0
  0
VERTEX
  5
170D
  8
COUCHE_1
 10
-1.679196771119355
 20
-28.55027994231884
 30
0.0
  0
VERTEX
  5
170E
  8
COUCHE_1
 10
-1.156236212985994
 20
-29.04640898848593
 30
0.0
  0
VERTEX
  5
170F
  8
COUCHE_1
 10
-0.5968010498430515
 20
-29.54995757542548
 30
0.0
  0
SEQEND
  5
1710
  8
COUCHE_1
  0
POLYLINE
  5
6C
  8
COUCHE_1
 66
     1
 10
0.0
 20
0.0
 30
0.0
 70
     1
  0
VERTEX
  5
1711
  8
COUCHE_1
 10
0.0000000000009723
 20
-40.12582947359579
 30
0.0
  0
VERTEX
  5
1712
  8
COUCHE_1
 10
10.68938271470136
 20
-30.88501106708445
 30
0.0
  0
VERTEX
  5
1713
  8
COUCHE_1
 10
10.10510469579426
 20
-31.06693907421518
 30
0.0
  0
VERTEX
  5
1714
  8
COUCHE_1
 10
9.533874509668555
 20
-31.22985620590093
 30
0.0
  0
VERTEX
  5
1715
  8
COUCHE_1
 10
8.976001791169374
 20
-31.37463180644091
 30
0.0
  0
VERTEX
  5
1716
  8
COUCHE_1
 10
8.431796175141441
 20
-31.5021352201345
 30
0.0
  0
VERTEX
  5
1717
  8
COUCHE_1
 10
7.901567296429612
 20
-31.61323579128135
 30
0.0
  0
VERTEX
  5
1718
  8
COUCHE_1
 10
7.385624789879007
 20
-31.70880286418054
 30
0.0
  0
VERTEX
  5
1719
  8
COUCHE_1
 10
6.88427829033422
 20
-31.78970578313174
 30
0.0
  0
VERTEX
  5
171A
  8
COUCHE_1
 10
6.397837432640634
 20
-31.85681389243415
 30
0.0
  0
VERTEX
  5
171B
  8
COUCHE_1
 10
5.926611851642845
 20
-31.9109965363876
 30
0.0
  0
VERTEX
  5
171C
  8
COUCHE_1
 10
5.470911182185449
 20
-31.95312305929101
 30
0.0
  0
VERTEX
  5
171D
  8
COUCHE_1
 10
4.607323117272569
 20
-32.00468511914606
 30
0.0
  0
VERTEX
  5
171E
  8
COUCHE_1
 10
3.809550316661508
 20
-32.01845482639484
 30
0.0
  0
VERTEX
  5
171F
  8
COUCHE_1
 10
3.080069859111128
 20
-32.0013869354326
 30
0.0
  0
VERTEX
  5
1720
  8
COUCHE_1
 10
2.421358823380679
 20
-31.96043620065485
 30
0.0
  0
VERTEX
  5
1721
  8
COUCHE_1
 10
1.835894288229545
 20
-31.90255737645684
 30
0.0
  0
VERTEX
  5
1722
  8
COUCHE_1
 10
1.326153332416716
 20
-31.83470521723381
 30
0.0
  0
VERTEX
  5
1723
  8
COUCHE_1
 10
0.8946130347015748
 20
-31.76383447738115
 30
0.0
  0
VERTEX
  5
1724
  8
COUCHE_1
 10
0.2760427286008426
 20
-31.64085627336847
 30
0.0
  0
VERTEX
  5
1725
  8
COUCHE_1
 10
0.0939668777337552
 20
-31.60265831799923
 30
0.0
  0
VERTEX
  5
1726
  8
COUCHE_1
 10
0.0000000000009727
 20
-31.58926079958146
 30
0.0
  0
VERTEX
  5
1727
  8
COUCHE_1
 10
-0.2760427285988971
 20
-31.64085627336847
 30
0.0
  0
VERTEX
  5
1728
  8
COUCHE_1
 10
-0.8946130346996294
 20
-31.76383447738115
 30
0.0
  0
VERTEX
  5
1729
  8
COUCHE_1
 10
-1.326153332414771
 20
-31.83470521723381
 30
0.0
  0
VERTEX
  5
172A
  8
COUCHE_1
 10
-1.835894288227469
 20
-31.90255737645684
 30
0.0
  0
VERTEX
  5
172B
  8
COUCHE_1
 10
-2.421358823378734
 20
-31.96043620065485
 30
0.0
  0
VERTEX
  5
172C
  8
COUCHE_1
 10
-3.080069859109052
 20
-32.0013869354326
 30
0.0
  0
VERTEX
  5
172D
  8
COUCHE_1
 10
-3.809550316659433
 20
-32.01845482639484
 30
0.0
  0
VERTEX
  5
172E
  8
COUCHE_1
 10
-4.607323117270623
 20
-32.00468511914606
 30
0.0
  0
VERTEX
  5
172F
  8
COUCHE_1
 10
-5.470911182183374
 20
-31.95312305929101
 30
0.0
  0
VERTEX
  5
1730
  8
COUCHE_1
 10
-5.926611851640639
 20
-31.9109965363876
 30
0.0
  0
VERTEX
  5
1731
  8
COUCHE_1
 10
-6.397837432638561
 20
-31.85681389243415
 30
0.0
  0
VERTEX
  5
1732
  8
COUCHE_1
 10
-6.884278290332276
 20
-31.78970578313174
 30
0.0
  0
VERTEX
  5
1733
  8
COUCHE_1
 10
-7.38562478987693
 20
-31.70880286418054
 30
0.0
  0
VERTEX
  5
1734
  8
COUCHE_1
 10
-7.901567296427537
 20
-31.61323579128135
 30
0.0
  0
VERTEX
  5
1735
  8
COUCHE_1
 10
-8.431796175139235
 20
-31.5021352201345
 30
0.0
  0
VERTEX
  5
1736
  8
COUCHE_1
 10
-8.97600179116717
 20
-31.37463180644091
 30
0.0
  0
VERTEX
  5
1737
  8
COUCHE_1
 10
-9.53387450966635
 20
-31.22985620590093
 30
0.0
  0
VERTEX
  5
1738
  8
COUCHE_1
 10
-10.10510469579205
 20
-31.06693907421518
 30
0.0
  0
VERTEX
  5
1739
  8
COUCHE_1
 10
-10.68938271469916
 20
-30.88501106708445
 30
0.0
  0
SEQEND
  5
173A
  8
COUCHE_1
  0
POLYLINE
  5
6D
  8
COUCHE_1
 66
     1
 10
0.0
 20
0.0
 30
0.0
 70
     1
  0
VERTEX
  5
173B
  8
COUCHE_1
 10
0.0000000000009741
 20
-6.935279313868389
 30
0.0
  0
VERTEX
  5
173C
  8
COUCHE_1
 10
0.0128368755814072
 20
-6.947554497536877
 30
0.0
  0
VERTEX
  5
173D
  8
COUCHE_1
 10
0.0398203811197549
 20
-6.951646225426471
 30
0.0
  0
VERTEX
  5
173E
  8
COUCHE_1
 10
0.0666117884972141
 20
-6.947554497536877
 30
0.0
  0
VERTEX
  5
173F
  8
COUCHE_1
 10
0.0788723695947215
 20
-6.935279313868389
 30
0.0
  0
VERTEX
  5
1740
  8
COUCHE_1
 10
0.0911124510138763
 20
-6.947554497536877
 30
0.0
  0
VERTEX
  5
1741
  8
COUCHE_1
 10
0.1177603606427377
 20
-6.951646225426471
 30
0.0
  0
VERTEX
  5
1742
  8
COUCHE_1
 10
0.1443543722918675
 20
-6.947554497536877
 30
0.0
  0
VERTEX
  5
1743
  8
COUCHE_1
 10
0.156432759772607
 20
-6.935279313868389
 30
0.0
  0
VERTEX
  5
1744
  8
COUCHE_1
 10
0.1618265455103935
 20
-6.709101761658101
 30
0.0
  0
VERTEX
  5
1745
  8
COUCHE_1
 10
0.1777817013107126
 20
-6.487190558493231
 30
0.0
  0
VERTEX
  5
1746
  8
COUCHE_1
 10
0.2039589250531595
 20
-6.269520219496543
 30
0.0
  0
VERTEX
  5
1747
  8
COUCHE_1
 10
0.2400189146179788
 20
-6.056065259790793
 30
0.0
  0
VERTEX
  5
1748
  8
COUCHE_1
 10
0.2856223678851553
 20
-5.846800194499037
 30
0.0
  0
VERTEX
  5
1749
  8
COUCHE_1
 10
0.340429982734674
 20
-5.64169953874389
 30
0.0
  0
VERTEX
  5
174A
  8
COUCHE_1
 10
0.4041024570462597
 20
-5.440737807648548
 30
0.0
  0
VERTEX
  5
174B
  8
COUCHE_1
 10
0.4763004887000273
 20
-5.243889516335336
 30
0.0
  0
VERTEX
  5
174C
  8
COUCHE_1
 10
0.6449160155543073
 20
-4.86243131354751
 30
0.0
  0
VERTEX
  5
174D
  8
COUCHE_1
 10
0.8435621463372627
 20
-4.497121051363666
 30
0.0
  0
VERTEX
  5
174E
  8
COUCHE_1
 10
1.069524464088383
 20
-4.147754850766327
 30
0.0
  0
VERTEX
  5
174F
  8
COUCHE_1
 10
1.320088551847806
 20
-3.814128832738455
 30
0.0
  0
VERTEX
  5
1750
  8
COUCHE_1
 10
1.59253999265515
 20
-3.496039118262721
 30
0.0
  0
VERTEX
  5
1751
  8
COUCHE_1
 10
1.884164369550296
 20
-3.193281828321793
 30
0.0
  0
VERTEX
  5
1752
  8
COUCHE_1
 10
2.19224726557312
 20
-2.905653083898487
 30
0.0
  0
VERTEX
  5
1753
  8
COUCHE_1
 10
2.514074263763503
 20
-2.632949005975766
 30
0.0
  0
VERTEX
  5
1754
  8
COUCHE_1
 10
2.846930947160933
 20
-2.3749657155363
 30
0.0
  0
VERTEX
  5
1755
  8
COUCHE_1
 10
3.188102898805548
 20
-2.131499333562755
 30
0.0
  0
VERTEX
  5
1756
  8
COUCHE_1
 10
3.534875701736969
 20
-1.902345981037951
 30
0.0
  0
VERTEX
  5
1757
  8
COUCHE_1
 10
3.884534938994941
 20
-1.687301778944995
 30
0.0
  0
VERTEX
  5
1758
  8
COUCHE_1
 10
4.234366193619347
 20
-1.486162848266409
 30
0.0
  0
VERTEX
  5
1759
  8
COUCHE_1
 10
4.581655048650322
 20
-1.298725309984718
 30
0.0
  0
VERTEX
  5
175A
  8
COUCHE_1
 10
5.257747892090072
 20
-0.9641388945441596
 30
0.0
  0
VERTEX
  5
175B
  8
COUCHE_1
 10
5.891098133632831
 20
-0.6819115004856993
 30
0.0
  0
VERTEX
  5
175C
  8
COUCHE_1
 10
6.459990437596976
 20
-0.4504120956714251
 30
0.0
  0
VERTEX
  5
175D
  8
COUCHE_1
 10
7.317539890063213
 20
-0.1330731252243714
 30
0.0
  0
VERTEX
  5
175E
  8
COUCHE_1
 10
7.562766367202328
 20
-0.0439714953162062
 30
0.0
  0
VERTEX
  5
175F
  8
COUCHE_1
 10
7.656673564036611
 20
0.0009262738991289
 30
0.0
  0
VERTEX
  5
1760
  8
COUCHE_1
 10
7.562766367202328
 20
0.045824043114464
 30
0.0
  0
VERTEX
  5
1761
  8
COUCHE_1
 10
7.317539890063213
 20
0.1349256730226292
 30
0.0
  0
VERTEX
  5
1762
  8
COUCHE_1
 10
6.94270946830089
 20
0.2698621957619751
 30
0.0
  0
VERTEX
  5
1763
  8
COUCHE_1
 10
6.459990437596976
 20
0.4522646434698291
 30
0.0
  0
VERTEX
  5
1764
  8
COUCHE_1
 10
5.891098133632831
 20
0.6837640482841033
 30
0.0
  0
VERTEX
  5
1765
  8
COUCHE_1
 10
5.257747892090072
 20
0.96599144234271
 30
0.0
  0
VERTEX
  5
1766
  8
COUCHE_1
 10
4.581655048650322
 20
1.300577857783269
 30
0.0
  0
VERTEX
  5
1767
  8
COUCHE_1
 10
4.234366193619347
 20
1.48801539606496
 30
0.0
  0
VERTEX
  5
1768
  8
COUCHE_1
 10
3.884534938994941
 20
1.689154326743546
 30
0.0
  0
VERTEX
  5
1769
  8
COUCHE_1
 10
3.534875701736969
 20
1.904198528836503
 30
0.0
  0
VERTEX
  5
176A
  8
COUCHE_1
 10
3.188102898805548
 20
2.133351881361307
 30
0.0
  0
VERTEX
  5
176B
  8
COUCHE_1
 10
2.846930947160933
 20
2.37681826333485
 30
0.0
  0
VERTEX
  5
176C
  8
COUCHE_1
 10
2.514074263763503
 20
2.634801553774317
 30
0.0
  0
VERTEX
  5
176D
  8
COUCHE_1
 10
2.19224726557312
 20
2.907505631697039
 30
0.0
  0
VERTEX
  5
176E
  8
COUCHE_1
 10
1.884164369550296
 20
3.195134376120198
 30
0.0
  0
VERTEX
  5
176F
  8
COUCHE_1
 10
1.592539992655151
 20
3.49789166606098
 30
0.0
  0
VERTEX
  5
1770
  8
COUCHE_1
 10
1.320088551847806
 20
3.815981380536861
 30
0.0
  0
VERTEX
  5
1771
  8
COUCHE_1
 10
1.069524464088383
 20
4.149607398564878
 30
0.0
  0
VERTEX
  5
1772
  8
COUCHE_1
 10
0.8435621463372632
 20
4.498973599162216
 30
0.0
  0
VERTEX
  5
1773
  8
COUCHE_1
 10
0.6449160155543079
 20
4.86428386134606
 30
0.0
  0
VERTEX
  5
1774
  8
COUCHE_1
 10
0.556684775576092
 20
5.05298172772571
 30
0.0
  0
VERTEX
  5
1775
  8
COUCHE_1
 10
0.4763004887000279
 20
5.245742064133593
 30
0.0
  0
VERTEX
  5
1776
  8
COUCHE_1
 10
0.4041024570462603
 20
5.442590355446806
 30
0.0
  0
VERTEX
  5
1777
  8
COUCHE_1
 10
0.3404299827346746
 20
5.643552086542147
 30
0.0
  0
VERTEX
  5
1778
  8
COUCHE_1
 10
0.2856223678851559
 20
5.848652742297295
 30
0.0
  0
VERTEX
  5
1779
  8
COUCHE_1
 10
0.2400189146179794
 20
6.057917807589051
 30
0.0
  0
VERTEX
  5
177A
  8
COUCHE_1
 10
0.2039589250531602
 20
6.2713727672948
 30
0.0
  0
VERTEX
  5
177B
  8
COUCHE_1
 10
0.1777817013107133
 20
6.48904310629149
 30
0.0
  0
VERTEX
  5
177C
  8
COUCHE_1
 10
0.1618265455103942
 20
6.710954309456359
 30
0.0
  0
VERTEX
  5
177D
  8
COUCHE_1
 10
0.1564327597726078
 20
6.937131861666646
 30
0.0
  0
VERTEX
  5
177E
  8
COUCHE_1
 10
0.1443543722918683
 20
6.949407045335136
 30
0.0
  0
VERTEX
  5
177F
  8
COUCHE_1
 10
0.1177603606427385
 20
6.953498773224728
 30
0.0
  0
VERTEX
  5
1780
  8
COUCHE_1
 10
0.0911124510138771
 20
6.949407045335136
 30
0.0
  0
VERTEX
  5
1781
  8
COUCHE_1
 10
0.0788723695947222
 20
6.937131861666646
 30
0.0
  0
VERTEX
  5
1782
  8
COUCHE_1
 10
0.0666117884972148
 20
6.949407045335136
 30
0.0
  0
VERTEX
  5
1783
  8
COUCHE_1
 10
0.0398203811197557
 20
6.953498773224728
 30
0.0
  0
VERTEX
  5
1784
  8
COUCHE_1
 10
0.012836875581408
 20
6.949407045335136
 30
0.0
  0
VERTEX
  5
1785
  8
COUCHE_1
 10
0.0000000000009748
 20
6.937131861666646
 30
0.0
  0
VERTEX
  5
1786
  8
COUCHE_1
 10
-0.0128368755794583
 20
6.949407045335136
 30
0.0
  0
VERTEX
  5
1787
  8
COUCHE_1
 10
-0.039820381117806
 20
6.953498773224728
 30
0.0
  0
VERTEX
  5
1788
  8
COUCHE_1
 10
-0.0666117884951352
 20
6.949407045335136
 30
0.0
  0
VERTEX
  5
1789
  8
COUCHE_1
 10
-0.0788723695925127
 20
6.937131861666646
 30
0.0
  0
VERTEX
  5
178A
  8
COUCHE_1
 10
-0.0911124510116675
 20
6.949407045335136
 30
0.0
  0
VERTEX
  5
178B
  8
COUCHE_1
 10
-0.1177603606405289
 20
6.953498773224728
 30
0.0
  0
VERTEX
  5
178C
  8
COUCHE_1
 10
-0.1443543722899185
 20
6.949407045335136
 30
0.0
  0
VERTEX
  5
178D
  8
COUCHE_1
 10
-0.1564327597706581
 20
6.937131861666646
 30
0.0
  0
VERTEX
  5
178E
  8
COUCHE_1
 10
-0.1618265455084446
 20
6.710954309456359
 30
0.0
  0
VERTEX
  5
178F
  8
COUCHE_1
 10
-0.1777817013087637
 20
6.48904310629149
 30
0.0
  0
VERTEX
  5
1790
  8
COUCHE_1
 10
-0.2039589250512106
 20
6.2713727672948
 30
0.0
  0
VERTEX
  5
1791
  8
COUCHE_1
 10
-0.2400189146160299
 20
6.057917807589051
 30
0.0
  0
VERTEX
  5
1792
  8
COUCHE_1
 10
-0.2856223678832064
 20
5.848652742297295
 30
0.0
  0
VERTEX
  5
1793
  8
COUCHE_1
 10
-0.3404299827327251
 20
5.643552086542147
 30
0.0
  0
VERTEX
  5
1794
  8
COUCHE_1
 10
-0.4041024570443107
 20
5.442590355446806
 30
0.0
  0
VERTEX
  5
1795
  8
COUCHE_1
 10
-0.4763004886980784
 20
5.245742064133593
 30
0.0
  0
VERTEX
  5
1796
  8
COUCHE_1
 10
-0.6449160155523584
 20
4.86428386134606
 30
0.0
  0
VERTEX
  5
1797
  8
COUCHE_1
 10
-0.8435621463353139
 20
4.498973599162216
 30
0.0
  0
VERTEX
  5
1798
  8
COUCHE_1
 10
-1.069524464086434
 20
4.149607398564878
 30
0.0
  0
VERTEX
  5
1799
  8
COUCHE_1
 10
-1.320088551845857
 20
3.815981380536861
 30
0.0
  0
VERTEX
  5
179A
  8
COUCHE_1
 10
-1.592539992653201
 20
3.49789166606098
 30
0.0
  0
VERTEX
  5
179B
  8
COUCHE_1
 10
-1.884164369548347
 20
3.195134376120198
 30
0.0
  0
VERTEX
  5
179C
  8
COUCHE_1
 10
-2.192247265571171
 20
2.907505631697039
 30
0.0
  0
VERTEX
  5
179D
  8
COUCHE_1
 10
-2.514074263761295
 20
2.634801553774317
 30
0.0
  0
VERTEX
  5
179E
  8
COUCHE_1
 10
-2.846930947158854
 20
2.376818263334851
 30
0.0
  0
VERTEX
  5
179F
  8
COUCHE_1
 10
-3.18810289880347
 20
2.133351881361307
 30
0.0
  0
VERTEX
  5
17A0
  8
COUCHE_1
 10
-3.53487570173476
 20
1.904198528836503
 30
0.0
  0
VERTEX
  5
17A1
  8
COUCHE_1
 10
-3.884534938992863
 20
1.689154326743546
 30
0.0
  0
VERTEX
  5
17A2
  8
COUCHE_1
 10
-4.234366193617397
 20
1.488015396064961
 30
0.0
  0
VERTEX
  5
17A3
  8
COUCHE_1
 10
-4.581655048648374
 20
1.30057785778327
 30
0.0
  0
VERTEX
  5
17A4
  8
COUCHE_1
 10
-5.257747892088124
 20
0.9659914423427108
 30
0.0
  0
VERTEX
  5
17A5
  8
COUCHE_1
 10
-5.89109813363088
 20
0.6837640482841042
 30
0.0
  0
VERTEX
  5
17A6
  8
COUCHE_1
 10
-6.459990437594897
 20
0.45226464346983
 30
0.0
  0
VERTEX
  5
17A7
  8
COUCHE_1
 10
-7.317539890061136
 20
0.1349256730226302
 30
0.0
  0
VERTEX
  5
17A8
  8
COUCHE_1
 10
-7.562766367200119
 20
0.0458240431144651
 30
0.0
  0
VERTEX
  5
17A9
  8
COUCHE_1
 10
-7.656673564034401
 20
0.00092627389913
 30
0.0
  0
VERTEX
  5
17AA
  8
COUCHE_1
 10
-7.562766367200119
 20
-0.0439714953162052
 30
0.0
  0
VERTEX
  5
17AB
  8
COUCHE_1
 10
-7.317539890061136
 20
-0.1330731252243704
 30
0.0
  0
VERTEX
  5
17AC
  8
COUCHE_1
 10
-6.942709468298943
 20
-0.268009647963424
 30
0.0
  0
VERTEX
  5
17AD
  8
COUCHE_1
 10
-6.459990437594897
 20
-0.4504120956714242
 30
0.0
  0
VERTEX
  5
17AE
  8
COUCHE_1
 10
-5.89109813363088
 20
-0.6819115004856985
 30
0.0
  0
VERTEX
  5
17AF
  8
COUCHE_1
 10
-5.257747892088124
 20
-0.9641388945441588
 30
0.0
  0
VERTEX
  5
17B0
  8
COUCHE_1
 10
-4.581655048648374
 20
-1.298725309984718
 30
0.0
  0
VERTEX
  5
17B1
  8
COUCHE_1
 10
-4.234366193617397
 20
-1.486162848266409
 30
0.0
  0
VERTEX
  5
17B2
  8
COUCHE_1
 10
-3.884534938992863
 20
-1.687301778944994
 30
0.0
  0
VERTEX
  5
17B3
  8
COUCHE_1
 10
-3.53487570173476
 20
-1.902345981037951
 30
0.0
  0
VERTEX
  5
17B4
  8
COUCHE_1
 10
-3.18810289880347
 20
-2.131499333562755
 30
0.0
  0
VERTEX
  5
17B5
  8
COUCHE_1
 10
-2.846930947158854
 20
-2.374965715536299
 30
0.0
  0
VERTEX
  5
17B6
  8
COUCHE_1
 10
-2.514074263761295
 20
-2.632949005975766
 30
0.0
  0
VERTEX
  5
17B7
  8
COUCHE_1
 10
-2.192247265571172
 20
-2.905653083898487
 30
0.0
  0
VERTEX
  5
17B8
  8
COUCHE_1
 10
-1.884164369548347
 20
-3.193281828321793
 30
0.0
  0
VERTEX
  5
17B9
  8
COUCHE_1
 10
-1.592539992653202
 20
-3.496039118262721
 30
0.0
  0
VERTEX
  5
17BA
  8
COUCHE_1
 10
-1.320088551845857
 20
-3.814128832738455
 30
0.0
  0
VERTEX
  5
17BB
  8
COUCHE_1
 10
-1.069524464086434
 20
-4.147754850766327
 30
0.0
  0
VERTEX
  5
17BC
  8
COUCHE_1
 10
-0.8435621463353145
 20
-4.497121051363666
 30
0.0
  0
VERTEX
  5
17BD
  8
COUCHE_1
 10
-0.6449160155523589
 20
-4.86243131354751
 30
0.0
  0
VERTEX
  5
17BE
  8
COUCHE_1
 10
-0.5566847755741432
 20
-5.051129179927305
 30
0.0
  0
VERTEX
  5
17BF
  8
COUCHE_1
 10
-0.4763004886980789
 20
-5.243889516335336
 30
0.0
  0
VERTEX
  5
17C0
  8
COUCHE_1
 10
-0.4041024570443115
 20
-5.440737807648548
 30
0.0
  0
VERTEX
  5
17C1
  8
COUCHE_1
 10
-0.3404299827327257
 20
-5.64169953874389
 30
0.0
  0
VERTEX
  5
17C2
  8
COUCHE_1
 10
-0.285622367883207
 20
-5.846800194499037
 30
0.0
  0
VERTEX
  5
17C3
  8
COUCHE_1
 10
-0.2400189146160305
 20
-6.056065259790793
 30
0.0
  0
VERTEX
  5
17C4
  8
COUCHE_1
 10
-0.2039589250512112
 20
-6.269520219496543
 30
0.0
  0
VERTEX
  5
17C5
  8
COUCHE_1
 10
-0.1777817013087644
 20
-6.487190558493231
 30
0.0
  0
VERTEX
  5
17C6
  8
COUCHE_1
 10
-0.1618265455084453
 20
-6.709101761658101
 30
0.0
  0
VERTEX
  5
17C7
  8
COUCHE_1
 10
-0.1564327597706588
 20
-6.935279313868389
 30
0.0
  0
VERTEX
  5
17C8
  8
COUCHE_1
 10
-0.1443543722899193
 20
-6.947554497536877
 30
0.0
  0
VERTEX
  5
17C9
  8
COUCHE_1
 10
-0.1177603606405297
 20
-6.951646225426471
 30
0.0
  0
VERTEX
  5
17CA
  8
COUCHE_1
 10
-0.0911124510116683
 20
-6.947554497536877
 30
0.0
  0
VERTEX
  5
17CB
  8
COUCHE_1
 10
-0.0788723695925134
 20
-6.935279313868389
 30
0.0
  0
VERTEX
  5
17CC
  8
COUCHE_1
 10
-0.066611788495136
 20
-6.947554497536877
 30
0.0
  0
VERTEX
  5
17CD
  8
COUCHE_1
 10
-0.0398203811178068
 20
-6.951646225426471
 30
0.0
  0
VERTEX
  5
17CE
  8
COUCHE_1
 10
-0.012836875579459
 20
-6.947554497536877
 30
0.0
  0
SEQEND
  5
17CF
  8
COUCHE_1
  0
ENDSEC
  0
EOF
