  0
SECTION
  2
HEADER
  9
$ACADVER
  1
AC1015
  9
$ACADMAINTVER
 70
    20
  9
$DWGCODEPAGE
  3
ANSI_1252
  9
$INSBASE
 10
0.0
 20
0.0
 30
0.0
  9
$EXTMIN
 10
38.67737525302812
 20
67.69195134356857
 30
-0.0015258207003583
  9
$EXTMAX
 10
88.68340652666944
 20
129.0287378248279
 30
0.0000000349246037
  9
$LIMMIN
 10
0.0
 20
0.0
  9
$LIMMAX
 10
12.0
 20
9.0
  9
$ORTHOMODE
 70
     0
  9
$REGENMODE
 70
     1
  9
$FILLMODE
 70
     1
  9
$QTEXTMODE
 70
     0
  9
$MIRRTEXT
 70
     1
  9
$LTSCALE
 40
1.0
  9
$ATTMODE
 70
     1
  9
$TEXTSIZE
 40
0.2
  9
$TRACEWID
 40
0.05
  9
$TEXTSTYLE
  7
STANDARD
  9
$CLAYER
  8
0
  9
$CELTYPE
  6
ByLayer
  9
$CECOLOR
 62
   256
  9
$CELTSCALE
 40
1.0
  9
$DISPSILH
 70
     0
  9
$DIMSCALE
 40
1.0
  9
$DIMASZ
 40
0.18
  9
$DIMEXO
 40
0.0625
  9
$DIMDLI
 40
0.38
  9
$DIMRND
 40
0.0
  9
$DIMDLE
 40
0.0
  9
$DIMEXE
 40
0.18
  9
$DIMTP
 40
0.0
  9
$DIMTM
 40
0.0
  9
$DIMTXT
 40
0.18
  9
$DIMCEN
 40
0.09
  9
$DIMTSZ
 40
0.0
  9
$DIMTOL
 70
     0
  9
$DIMLIM
 70
     0
  9
$DIMTIH
 70
     1
  9
$DIMTOH
 70
     1
  9
$DIMSE1
 70
     0
  9
$DIMSE2
 70
     0
  9
$DIMTAD
 70
     0
  9
$DIMZIN
 70
     0
  9
$DIMBLK
  1

  9
$DIMASO
 70
     1
  9
$DIMSHO
 70
     1
  9
$DIMPOST
  1

  9
$DIMAPOST
  1

  9
$DIMALT
 70
     0
  9
$DIMALTD
 70
     2
  9
$DIMALTF
 40
25.4
  9
$DIMLFAC
 40
1.0
  9
$DIMTOFL
 70
     0
  9
$DIMTVP
 40
0.0
  9
$DIMTIX
 70
     0
  9
$DIMSOXD
 70
     0
  9
$DIMSAH
 70
     0
  9
$DIMBLK1
  1

  9
$DIMBLK2
  1

  9
$DIMSTYLE
  2
STANDARD
  9
$DIMCLRD
 70
     0
  9
$DIMCLRE
 70
     0
  9
$DIMCLRT
 70
     0
  9
$DIMTFAC
 40
1.0
  9
$DIMGAP
 40
0.09
  9
$DIMJUST
 70
     0
  9
$DIMSD1
 70
     0
  9
$DIMSD2
 70
     0
  9
$DIMTOLJ
 70
     1
  9
$DIMTZIN
 70
     0
  9
$DIMALTZ
 70
     0
  9
$DIMALTTZ
 70
     0
  9
$DIMUPT
 70
     0
  9
$DIMDEC
 70
     4
  9
$DIMTDEC
 70
     4
  9
$DIMALTU
 70
     2
  9
$DIMALTTD
 70
     2
  9
$DIMTXSTY
  7
STANDARD
  9
$DIMAUNIT
 70
     0
  9
$DIMADEC
 70
     0
  9
$DIMALTRND
 40
0.0
  9
$DIMAZIN
 70
     0
  9
$DIMDSEP
 70
    46
  9
$DIMATFIT
 70
     3
  9
$DIMFRAC
 70
     0
  9
$DIMLDRBLK
  1

  9
$DIMLUNIT
 70
     2
  9
$DIMLWD
 70
    -2
  9
$DIMLWE
 70
    -2
  9
$DIMTMOVE
 70
     0
  9
$LUNITS
 70
     2
  9
$LUPREC
 70
     4
  9
$SKETCHINC
 40
0.1
  9
$FILLETRAD
 40
0.5
  9
$AUNITS
 70
     0
  9
$AUPREC
 70
     0
  9
$MENU
  1
.
  9
$ELEVATION
 40
0.0
  9
$PELEVATION
 40
0.0
  9
$THICKNESS
 40
0.0
  9
$LIMCHECK
 70
     0
  9
$CHAMFERA
 40
0.5
  9
$CHAMFERB
 40
0.5
  9
$CHAMFERC
 40
0.0
  9
$CHAMFERD
 40
0.0
  9
$SKPOLY
 70
     0
  9
$TDCREATE
 40
2454910.500000000
  9
$TDUCREATE
 40
2454910.458333334
  9
$TDUPDATE
 40
2457348.724631736
  9
$TDUUPDATE
 40
2457348.682965069
  9
$TDINDWG
 40
0.0005552894
  9
$TDUSRTIMER
 40
0.0005551736
  9
$USRTIMER
 70
     1
  9
$ANGBASE
 50
0.0
  9
$ANGDIR
 70
     0
  9
$PDMODE
 70
     0
  9
$PDSIZE
 40
0.0
  9
$PLINEWID
 40
0.0
  9
$SPLFRAME
 70
     0
  9
$SPLINETYPE
 70
     6
  9
$SPLINESEGS
 70
     8
  9
$HANDSEED
  5
2520
  9
$SURFTAB1
 70
     6
  9
$SURFTAB2
 70
     6
  9
$SURFTYPE
 70
     6
  9
$SURFU
 70
     6
  9
$SURFV
 70
     6
  9
$UCSBASE
  2

  9
$UCSNAME
  2

  9
$UCSORG
 10
0.0
 20
0.0
 30
0.0
  9
$UCSXDIR
 10
1.0
 20
0.0
 30
0.0
  9
$UCSYDIR
 10
0.0
 20
1.0
 30
0.0
  9
$UCSORTHOREF
  2

  9
$UCSORTHOVIEW
 70
     0
  9
$UCSORGTOP
 10
0.0
 20
0.0
 30
0.0
  9
$UCSORGBOTTOM
 10
0.0
 20
0.0
 30
0.0
  9
$UCSORGLEFT
 10
0.0
 20
0.0
 30
0.0
  9
$UCSORGRIGHT
 10
0.0
 20
0.0
 30
0.0
  9
$UCSORGFRONT
 10
0.0
 20
0.0
 30
0.0
  9
$UCSORGBACK
 10
0.0
 20
0.0
 30
0.0
  9
$PUCSBASE
  2

  9
$PUCSNAME
  2

  9
$PUCSORG
 10
0.0
 20
0.0
 30
0.0
  9
$PUCSXDIR
 10
1.0
 20
0.0
 30
0.0
  9
$PUCSYDIR
 10
0.0
 20
1.0
 30
0.0
  9
$PUCSORTHOREF
  2

  9
$PUCSORTHOVIEW
 70
     0
  9
$PUCSORGTOP
 10
0.0
 20
0.0
 30
0.0
  9
$PUCSORGBOTTOM
 10
0.0
 20
0.0
 30
0.0
  9
$PUCSORGLEFT
 10
0.0
 20
0.0
 30
0.0
  9
$PUCSORGRIGHT
 10
0.0
 20
0.0
 30
0.0
  9
$PUCSORGFRONT
 10
0.0
 20
0.0
 30
0.0
  9
$PUCSORGBACK
 10
0.0
 20
0.0
 30
0.0
  9
$USERI1
 70
     0
  9
$USERI2
 70
     0
  9
$USERI3
 70
     0
  9
$USERI4
 70
     0
  9
$USERI5
 70
     0
  9
$USERR1
 40
0.0
  9
$USERR2
 40
0.0
  9
$USERR3
 40
0.0
  9
$USERR4
 40
0.0
  9
$USERR5
 40
0.0
  9
$WORLDVIEW
 70
     1
  9
$SHADEDGE
 70
     3
  9
$SHADEDIF
 70
    70
  9
$TILEMODE
 70
     1
  9
$MAXACTVP
 70
    64
  9
$PINSBASE
 10
0.0
 20
0.0
 30
0.0
  9
$PLIMCHECK
 70
     0
  9
$PEXTMIN
 10
1.000000000000000E+20
 20
1.000000000000000E+20
 30
1.000000000000000E+20
  9
$PEXTMAX
 10
-1.000000000000000E+20
 20
-1.000000000000000E+20
 30
-1.000000000000000E+20
  9
$PLIMMIN
 10
0.0
 20
0.0
  9
$PLIMMAX
 10
12.0
 20
9.0
  9
$UNITMODE
 70
     0
  9
$VISRETAIN
 70
     1
  9
$PLINEGEN
 70
     0
  9
$PSLTSCALE
 70
     1
  9
$TREEDEPTH
 70
  3020
  9
$CMLSTYLE
  2
Standard
  9
$CMLJUST
 70
     0
  9
$CMLSCALE
 40
1.0
  9
$PROXYGRAPHICS
 70
     1
  9
$MEASUREMENT
 70
     0
  9
$CELWEIGHT
370
    -1
  9
$ENDCAPS
280
     0
  9
$JOINSTYLE
280
     0
  9
$LWDISPLAY
290
     0
  9
$INSUNITS
 70
     0
  9
$HYPERLINKBASE
  1

  9
$STYLESHEET
  1

  9
$XEDIT
290
     1
  9
$CEPSNTYPE
380
     0
  9
$PSTYLEMODE
290
     1
  9
$FINGERPRINTGUID
  2
{3023E63F-322D-498F-A2AC-F346A52140B3}
  9
$VERSIONGUID
  2
{D687DA1B-A898-486C-9289-E0E952A3F20E}
  9
$EXTNAMES
290
     1
  9
$PSVPSCALE
 40
0.0
  9
$OLESTARTUP
290
     0
  0
ENDSEC
  0
SECTION
  2
CLASSES
  0
CLASS
  1
ACDBDICTIONARYWDFLT
  2
AcDbDictionaryWithDefault
  3
ObjectDBX Classes
 90
        0
280
     0
281
     0
  0
CLASS
  1
MATERIAL
  2
AcDbMaterial
  3
ObjectDBX Classes
 90
     1153
280
     0
281
     0
  0
CLASS
  1
VISUALSTYLE
  2
AcDbVisualStyle
  3
ObjectDBX Classes
 90
     4095
280
     0
281
     0
  0
CLASS
  1
SCALE
  2
AcDbScale
  3
ObjectDBX Classes
 90
     1153
280
     0
281
     0
  0
CLASS
  1
TABLESTYLE
  2
AcDbTableStyle
  3
ObjectDBX Classes
 90
     4095
280
     0
281
     0
  0
CLASS
  1
MLEADERSTYLE
  2
AcDbMLeaderStyle
  3
ACDB_MLEADERSTYLE_CLASS
 90
     4095
280
     0
281
     0
  0
CLASS
  1
DICTIONARYVAR
  2
AcDbDictionaryVar
  3
ObjectDBX Classes
 90
        0
280
     0
281
     0
  0
CLASS
  1
CELLSTYLEMAP
  2
AcDbCellStyleMap
  3
ObjectDBX Classes
 90
     1152
280
     0
281
     0
  0
CLASS
  1
ACDBPLACEHOLDER
  2
AcDbPlaceHolder
  3
ObjectDBX Classes
 90
        0
280
     0
281
     0
  0
CLASS
  1
LAYOUT
  2
AcDbLayout
  3
ObjectDBX Classes
 90
        0
280
     0
281
     0
  0
ENDSEC
  0
SECTION
  2
TABLES
  0
TABLE
  2
VPORT
  5
2490
330
0
100
AcDbSymbolTable
 70
     1
  0
VPORT
  5
2500
330
2490
100
AcDbSymbolTableRecord
100
AcDbViewportTableRecord
  2
*ACTIVE
 70
     0
 10
0.0
 20
0.0
 11
1.0
 21
1.0
 12
32.27408254984533
 22
91.42477574622644
 13
0.0
 23
0.0
 14
0.5
 24
0.5
 15
0.5
 25
0.5
 16
0.0
 26
0.0
 36
1.0
 17
0.0
 27
0.0
 37
0.0
 40
175.1254858940427
 41
2.520958083832335
 42
50.0
 43
0.0
 44
0.0
 50
0.0
 51
0.0
 71
     0
 72
   100
 73
     1
 74
     3
 75
     0
 76
     0
 77
     0
 78
     0
281
     0
 65
     1
110
0.0
120
0.0
130
0.0
111
1.0
121
0.0
131
0.0
112
0.0
122
1.0
132
0.0
 79
     0
146
0.0
  0
ENDTAB
  0
TABLE
  2
LTYPE
  5
248D
330
0
100
AcDbSymbolTable
 70
     2
  0
LTYPE
  5
24EA
330
248D
100
AcDbSymbolTableRecord
100
AcDbLinetypeTableRecord
  2
ByBlock
 70
     0
  3

 72
    65
 73
     0
 40
0.0
  0
LTYPE
  5
24EB
330
248D
100
AcDbSymbolTableRecord
100
AcDbLinetypeTableRecord
  2
ByLayer
 70
     0
  3

 72
    65
 73
     0
 40
0.0
  0
LTYPE
  5
24EC
330
248D
100
AcDbSymbolTableRecord
100
AcDbLinetypeTableRecord
  2
CONTINUOUS
 70
     0
  3
Solid line
 72
    65
 73
     0
 40
0.0
  0
LTYPE
  5
2501
330
248D
100
AcDbSymbolTableRecord
100
AcDbLinetypeTableRecord
  2
CONTINUOUS2
 70
     0
  3
Solid Line
 72
    65
 73
     0
 40
0.0
  0
ENDTAB
  0
TABLE
  2
LAYER
  5
248A
330
0
100
AcDbSymbolTable
 70
     2
  0
LAYER
  5
24E4
102
{ACAD_XDICTIONARY
360
2509
102
}
330
248A
100
AcDbSymbolTableRecord
100
AcDbLayerTableRecord
  2
0
 70
     0
 62
     7
  6
CONTINUOUS
370
    -3
390
2497
  0
LAYER
  5
2502
102
{ACAD_XDICTIONARY
360
250B
102
}
330
248A
100
AcDbSymbolTableRecord
100
AcDbLayerTableRecord
  2
LAYER_1
 70
     0
 62
    18
  6
CONTINUOUS
370
    -3
390
2497
  0
ENDTAB
  0
TABLE
  2
STYLE
  5
248B
330
0
100
AcDbSymbolTable
 70
     2
  0
STYLE
  5
24E5
330
248B
100
AcDbSymbolTableRecord
100
AcDbTextStyleTableRecord
  2
STANDARD
 70
     0
 40
0.0
 41
1.0
 50
0.0
 71
     0
 42
0.2
  3
txt
  4

  0
STYLE
  5
24E9
330
248B
100
AcDbSymbolTableRecord
100
AcDbTextStyleTableRecord
  2
Annotative
 70
     0
 40
0.0
 41
1.0
 50
0.0
 71
     0
 42
0.2
  3
txt
  4

1001
AcadAnnotative
1000
AnnotativeData
1002
{
1070
     1
1070
     1
1002
}
  0
ENDTAB
  0
TABLE
  2
VIEW
  5
248E
330
0
100
AcDbSymbolTable
 70
     0
  0
ENDTAB
  0
TABLE
  2
UCS
  5
248F
330
0
100
AcDbSymbolTable
 70
     0
  0
ENDTAB
  0
TABLE
  2
APPID
  5
2491
330
0
100
AcDbSymbolTable
 70
     3
  0
APPID
  5
24E6
330
2491
100
AcDbSymbolTableRecord
100
AcDbRegAppTableRecord
  2
ACAD
 70
     0
  0
APPID
  5
24ED
330
2491
100
AcDbSymbolTableRecord
100
AcDbRegAppTableRecord
  2
AcadAnnotative
 70
     0
  0
APPID
  5
24F7
330
2491
100
AcDbSymbolTableRecord
100
AcDbRegAppTableRecord
  2
ACAD_MLEADERVER
 70
     0
  0
ENDTAB
  0
TABLE
  2
DIMSTYLE
  5
2492
330
0
100
AcDbSymbolTable
 70
     2
100
AcDbDimStyleTable
 71
     0
  0
DIMSTYLE
105
24E7
330
2492
100
AcDbSymbolTableRecord
100
AcDbDimStyleTableRecord
  2
STANDARD
 70
     0
279
     2
340
24E5
  0
DIMSTYLE
105
24E8
330
2492
100
AcDbSymbolTableRecord
100
AcDbDimStyleTableRecord
  2
Annotative
 70
     0
340
24E5
1001
AcadAnnotative
1000
AnnotativeData
1002
{
1070
     1
1070
     1
1002
}
  0
ENDTAB
  0
TABLE
  2
BLOCK_RECORD
  5
2489
330
0
100
AcDbSymbolTable
 70
     2
  0
BLOCK_RECORD
  5
24FC
330
2489
100
AcDbSymbolTableRecord
100
AcDbBlockTableRecord
  2
*Model_Space
340
24FF
  0
BLOCK_RECORD
  5
24F8
330
2489
100
AcDbSymbolTableRecord
100
AcDbBlockTableRecord
  2
*Paper_Space
340
24FB
  0
BLOCK_RECORD
  5
2504
330
2489
100
AcDbSymbolTableRecord
100
AcDbBlockTableRecord
  2
$MODEL_SPACE
340
0
  0
BLOCK_RECORD
  5
2506
330
2489
100
AcDbSymbolTableRecord
100
AcDbBlockTableRecord
  2
$PAPER_SPACE
340
0
  0
ENDTAB
  0
ENDSEC
  0
SECTION
  2
BLOCKS
  0
BLOCK
  5
24FD
330
24FC
100
AcDbEntity
  8
0
100
AcDbBlockBegin
  2
*Model_Space
 70
     0
 10
0.0
 20
0.0
 30
0.0
  3
*Model_Space
  1

  0
ENDBLK
  5
24FE
330
24FC
100
AcDbEntity
  8
0
100
AcDbBlockEnd
  0
BLOCK
  5
24F9
330
24F8
100
AcDbEntity
 67
     1
  8
0
100
AcDbBlockBegin
  2
*Paper_Space
 70
     0
 10
0.0
 20
0.0
 30
0.0
  3
*Paper_Space
  1

  0
ENDBLK
  5
24FA
330
24F8
100
AcDbEntity
 67
     1
  8
0
100
AcDbBlockEnd
  0
BLOCK
  5
2505
330
2504
100
AcDbEntity
  8
0
100
AcDbBlockBegin
  2
$MODEL_SPACE
 70
     0
 10
0.0
 20
0.0
 30
0.0
  3
$MODEL_SPACE
  1

  0
ENDBLK
  5
21
330
2504
100
AcDbEntity
  8
0
100
AcDbBlockEnd
  0
BLOCK
  5
2507
330
2506
100
AcDbEntity
  8
0
100
AcDbBlockBegin
  2
$PAPER_SPACE
 70
     0
 10
0.0
 20
0.0
 30
0.0
  3
$PAPER_SPACE
  1

  0
ENDBLK
  5
1D
330
2506
100
AcDbEntity
  8
0
100
AcDbBlockEnd
  0
ENDSEC
  0
SECTION
  2
ENTITIES
  0
LWPOLYLINE
  5
41
330
24FC
100
AcDbEntity
  8
LAYER_1
100
AcDbPolyline
 90
        4
 70
     1
 43
0.0
 10
38.6807
 20
129.0248
 10
88.68070000000001
 20
129.0248
 10
88.68070000000001
 20
79.0247
 10
38.6807
 20
79.0247
  0
LWPOLYLINE
  5
43
330
24FC
100
AcDbEntity
  8
LAYER_1
100
AcDbPolyline
 90
     1296
 70
     1
 43
0.0
 10
84.94200000000001
 20
125.2865
 10
84.9479
 20
125.2889
 10
84.93070000000001
 20
125.2722
 10
84.83550678100586
 20
125.0821842803955
 10
84.74464448242187
 20
124.8887437744141
 10
84.6580547668457
 20
124.6919259613037
 10
84.57567929687499
 20
124.4917783203125
 10
84.49745973510744
 20
124.2883483306885
 10
84.42333774414064
 20
124.0816834716797
 10
84.35325498657226
 20
123.8718312225342
 10
84.28715312499997
 20
123.6588390625
 10
84.22497382202148
 20
123.4427544708252
 10
84.16665874023436
 20
123.2236249267578
 10
84.1121495422363
 20
123.0014979095459
 10
84.06138789062501
 20
122.7764208984375
 10
84.01431544799804
 20
122.5484413726807
 10
83.97087387695313
 20
122.3176068115234
 10
83.9310048400879
 20
122.0839646942139
 10
83.89464999999999
 20
121.8475625
 10
83.86175101928712
 20
121.6084477081299
 10
83.83224956054688
 20
121.3666677978516
 10
83.80608728637694
 20
121.1222702484131
 10
83.78320585937499
 20
120.8753025390625
 10
83.76354694213867
 20
120.6258121490478
 10
83.74705219726562
 20
120.3738465576172
 10
83.73366328735352
 20
120.1194532440186
 10
83.72332187500003
 20
119.8626796875
 10
83.71596962280277
 20
119.6035733673096
 10
83.71154819335938
 20
119.3421817626953
 10
83.7099992492676
 20
119.0785523529053
 10
83.711264453125
 20
118.8127326171875
 10
83.7152854675293
 20
118.54477003479
 10
83.72200395507812
 20
118.2747120849609
 10
83.73136157836915
 20
118.0026062469482
 10
83.7433
 20
117.7285
 10
83.75364427490236
 20
117.4433489624023
 10
83.75647763671876
 20
117.1616592773437
 10
83.75194151611328
 20
116.8833667114258
 10
83.74017734375
 20
116.60840703125
 10
83.72132655029295
 20
116.336716003418
 10
83.69553056640624
 20
116.0682293945312
 10
83.6629308227539
 20
115.8028829711914
 10
83.62366875000002
 20
115.5406125
 10
83.57788577880858
 20
115.2813537475586
 10
83.52572333984374
 20
115.0250424804687
 10
83.46732286376955
 20
114.771614465332
 10
83.40282578125
 20
114.52100546875
 10
83.3323735229492
 20
114.2731512573242
 10
83.25610751953126
 20
114.0279875976562
 10
83.17416920166015
 20
113.7854502563477
 10
83.08670000000002
 20
113.545475
 10
82.99384134521485
 20
113.3079975952148
 10
82.89573466796875
 20
113.0729538085938
 10
82.7925213989258
 20
112.8402794067383
 10
82.68434296874998
 20
112.60991015625
 10
82.57134080810544
 20
112.3817818237305
 10
82.45365634765624
 20
112.1558301757812
 10
82.33143101806641
 20
111.9319909790039
 10
82.20480624999998
 20
111.7102
 10
82.07392347412108
 20
111.4903930053711
 10
81.93892412109375
 20
111.2725057617188
 10
81.79994962158202
 20
111.0564740356445
 10
81.65714140624997
 20
110.84223359375
 10
81.51064090576172
 20
110.6297202026367
 10
81.36058955078123
 20
110.4188696289063
 10
81.20712877197266
 20
110.2096176391602
 10
81.0504
 20
110.0019
 10
80.79101136169432
 20
109.7526204833984
 10
80.53043347167967
 20
109.5090279296875
 10
80.26865774230955
 20
109.2711538330078
 10
80.00567558593749
 20
109.0390296875
 10
79.74147841491699
 20
108.8126869873047
 10
79.47605764160155
 20
108.5921572265625
 10
79.20940467834474
 20
108.3774718994141
 10
78.9415109375
 20
108.1686625
 10
78.67236783142091
 20
107.965760522461
 10
78.40196677246094
 20
107.7687974609375
 10
78.13029917297363
 20
107.5778048095703
 10
77.8573564453125
 20
107.3928140625
 10
77.58313000183105
 20
107.2138567138672
 10
77.30761125488282
 20
107.0409642578125
 10
77.0307916168213
 20
106.8741681884766
 10
76.75266249999999
 20
106.7135
 10
76.47321531677246
 20
106.5589911865234
 10
76.19244147949219
 20
106.4106732421875
 10
75.9103324005127
 20
106.2685776611328
 10
75.6268794921875
 20
106.1327359375
 10
75.34207416687009
 20
106.0031795654297
 10
75.05590783691406
 20
105.8799400390625
 10
74.76837191467284
 20
105.7630488525391
 10
74.4794578125
 20
105.6525375
 10
74.189156942749
 20
105.5484374755859
 10
73.89746071777344
 20
105.4507802734375
 10
73.60436054992677
 20
105.3595973876953
 10
73.30984785156252
 20
105.2749203125
 10
73.01391403503419
 20
105.1967805419922
 10
72.71655051269529
 20
105.1252095703125
 10
72.41774869689942
 20
105.0602388916016
 10
72.11750000000001
 20
105.0019
 10
72.08599135742187
 20
105.2037071777344
 10
72.059090234375
 20
105.406002734375
 10
72.03687133789063
 20
105.6087852050781
 10
72.01940937500002
 20
105.812053125
 10
72.00677905273437
 20
106.0158050292969
 10
71.99905507812499
 20
106.220039453125
 10
71.99631215820312
 20
106.4247549316406
 10
71.998625
 20
106.62995
 10
72.00606831054688
 20
106.8356231933594
 10
72.01871679687499
 20
107.041773046875
 10
72.03664516601563
 20
107.2483980957031
 10
72.05992812499999
 20
107.455496875
 10
72.08864038085938
 20
107.6630679199219
 10
72.122856640625
 20
107.871109765625
 10
72.16265161132813
 20
108.0796209472655
 10
72.2081
 20
108.2886
 10
72.27929122314453
 20
108.1836161987305
 10
72.35072509765625
 20
108.0840428710938
 10
72.42240755615235
 20
107.9899596313477
 10
72.49434453125002
 20
107.90144609375
 10
72.56654195556641
 20
107.8185818725586
 10
72.63900576171876
 20
107.7414465820312
 10
72.71174188232421
 20
107.6701198364258
 10
72.78475625
 20
107.60468125
 10
72.85805479736329
 20
107.5452104370117
 10
72.93164345703127
 20
107.4917870117188
 10
73.0055281616211
 20
107.4444905883789
 10
73.07971484374999
 20
107.40340078125
 10
73.15420943603516
 20
107.3685972045898
 10
73.22901787109377
 20
107.3401594726563
 10
73.30414608154298
 20
107.318167199707
 10
73.37960000000002
 20
107.3027
 10
73.45538555908203
 20
107.293837487793
 10
73.53150869140623
 20
107.2916592773438
 10
73.60797532958982
 20
107.2962449829102
 10
73.68479140625
 20
107.30767421875
 10
73.76196285400391
 20
107.3260265991211
 10
73.83949560546877
 20
107.3513817382812
 10
73.91739559326172
 20
107.3838192504883
 10
73.99566874999999
 20
107.42341875
 10
74.0743210083008
 20
107.4702598510742
 10
74.15335830078125
 20
107.5244221679688
 10
74.2327865600586
 20
107.5859853149414
 10
74.31261171874997
 20
107.65502890625
 10
74.39283970947265
 20
107.7316325561523
 10
74.47347646484377
 20
107.8158758789063
 10
74.55452791748047
 20
107.9078384887695
 10
74.63600000000001
 20
108.0076
 10
74.52029151916504
 20
108.1433870025635
 10
74.40875441894529
 20
108.2811303955078
 10
74.30163371276856
 20
108.4208412567139
 10
74.1991744140625
 20
108.5625306640625
 10
74.10162153625487
 20
108.7062096954346
 10
74.00922009277343
 20
108.8518894287109
 10
73.92221509704589
 20
108.9995809417725
 10
73.84085156249998
 20
109.1492953125
 10
73.76537450256346
 20
109.3010436187744
 10
73.69602893066406
 20
109.4548369384766
 10
73.63305986022948
 20
109.6106863494873
 10
73.5767123046875
 20
109.7686029296875
 10
73.52723127746582
 20
109.928597756958
 10
73.48486179199219
 20
110.0906819091797
 10
73.44984886169432
 20
110.2548664642334
 10
73.4224375
 20
110.4211625
 10
73.41165897407531
 20
110.5051057849884
 10
73.4028727203369
 20
110.5895810943603
 10
73.39610936546326
 20
110.6745898128509
 10
73.39139953613281
 20
110.7601333251953
 10
73.38877385902404
 20
110.8462130161285
 10
73.38826296081542
 20
110.9328302703857
 10
73.38989746818542
 20
111.019986472702
 10
73.3937080078125
 20
111.1076830078125
 10
73.39972520637513
 20
111.1959212604523
 10
73.40797969055177
 20
111.2847026153565
 10
73.41850208702087
 20
111.3740284572601
 10
73.43132302246094
 20
111.4639001708984
 10
73.4464731235504
 20
111.5543191410065
 10
73.46398301696776
 20
111.6452867523193
 10
73.48388332939148
 20
111.7368043895721
 10
73.50620468749998
 20
111.8288734375
 10
73.5309777179718
 20
111.921495280838
 10
73.55823304748536
 20
112.0146713043213
 10
73.58800130271909
 20
112.1084028926849
 10
73.62031311035156
 20
112.2026914306641
 10
73.65519909706115
 20
112.2975383029938
 10
73.69268988952637
 20
112.3929448944092
 10
73.73281611442568
 20
112.4889125896454
 10
73.77560839843749
 20
112.5854427734375
 10
73.82109736824038
 20
112.6825368305206
 10
73.86931365051271
 20
112.7801961456299
 10
73.92028787193298
 20
112.8784221035004
 10
73.97405065917968
 20
112.9772160888672
 10
74.03063263893128
 20
113.0765794864654
 10
74.0900644378662
 20
113.1765136810303
 10
74.15237668266296
 20
113.2770200572968
 10
74.2176
 20
113.3781
 10
74.31500465393066
 20
113.5233376708984
 10
74.41430051269531
 20
113.6650771484375
 10
74.51543229675293
 20
113.8032175048828
 10
74.61834472656249
 20
113.9376578125
 10
74.72298252258302
 20
114.0682971435547
 10
74.82929040527344
 20
114.1950345703125
 10
74.93721309509275
 20
114.3177691650391
 10
75.04669531250001
 20
114.4364
 10
75.15768177795411
 20
114.5508261474609
 10
75.27011721191406
 20
114.6609466796875
 10
75.38394633483888
 20
114.7666606689453
 10
75.49911386718751
 20
114.8678671875
 10
75.61556452941896
 20
114.9644653076172
 10
75.73324304199221
 20
115.0563541015625
 10
75.85209412536622
 20
115.1434326416016
 10
75.97206250000001
 20
115.2256
 10
76.09309288635255
 20
115.3027552490234
 10
76.21513000488281
 20
115.3747974609375
 10
76.33811857604981
 20
115.4416257080078
 10
76.4620033203125
 20
115.5031390625
 10
76.5867289581299
 20
115.5592365966797
 10
76.71224020996096
 20
115.6098173828125
 10
76.83848179626465
 20
115.6547804931641
 10
76.96539843750001
 20
115.694025
 10
77.09293485412598
 20
115.7274499755859
 10
77.22103576660156
 20
115.7549544921875
 10
77.34964589538575
 20
115.7764376220703
 10
77.47870996093752
 20
115.7917984375
 10
77.60817268371581
 20
115.8009360107422
 10
77.7379787841797
 20
115.8037494140625
 10
77.86807298278809
 20
115.8001377197266
 10
77.9984
 20
115.79
 10
78.07773037834166
 20
115.7811551368713
 10
78.15627564392089
 20
115.7701699035645
 10
78.23399980506898
 20
115.757080834198
 10
78.31086687011718
 20
115.7419244628905
 10
78.38684084739684
 20
115.724737323761
 10
78.46188574523925
 20
115.7055559509277
 10
78.53596557197569
 20
115.6844168785095
 10
78.60904433593752
 20
115.661356640625
 10
78.68108604545594
 20
115.6364117713928
 10
78.75205470886228
 20
115.6096188049317
 10
78.8219143344879
 20
115.5810142753601
 10
78.89062893066405
 20
115.5506347167969
 10
78.95816250572204
 20
115.5185166633606
 10
79.02447906799316
 20
115.4846966491699
 10
79.08954262580872
 20
115.4492112083435
 10
79.1533171875
 20
115.412096875
 10
79.21576676139832
 20
115.3733901832581
 10
79.27685535583496
 20
115.3331276672363
 10
79.33654697914123
 20
115.2913458610535
 10
79.39480563964844
 20
115.2480812988281
 10
79.45159534568786
 20
115.203370514679
 10
79.50688010559081
 20
115.1572500427246
 10
79.5606239276886
 20
115.1097564170837
 10
79.6127908203125
 20
115.060926171875
 10
79.66334479179382
 20
115.010795841217
 10
79.71224985046386
 20
114.9594019592285
 10
79.75947000465393
 20
114.9067810600281
 10
79.8049692626953
 20
114.8529696777344
 10
79.84871163291929
 20
114.7980043464661
 10
79.89066112365721
 20
114.7419216003418
 10
79.93078174324034
 20
114.6847579734802
 10
79.96903749999998
 20
114.62655
 10
80.00539240226746
 20
114.5673342140198
 10
80.03981045837402
 20
114.5071471496582
 10
80.07225567665102
 20
114.4460253410339
 10
80.1026920654297
 20
114.3840053222656
 10
80.13108363304137
 20
114.3211236274719
 10
80.15739438781739
 20
114.2574167907715
 10
80.18158833808898
 20
114.192921346283
 10
80.2036294921875
 20
114.127673828125
 10
80.22348185844421
 20
114.0617107704163
 10
80.24110944519044
 20
113.9950687072754
 10
80.25647626075745
 20
113.927784172821
 10
80.26954631347654
 20
113.8598937011719
 10
80.28028361167905
 20
113.7914338264465
 10
80.28865216369629
 20
113.7224410827637
 10
80.2946159778595
 20
113.6529520042419
 10
80.2981390625
 20
113.583003125
 10
80.29918542594909
 20
113.5126309791565
 10
80.2977190765381
 20
113.4418721008301
 10
80.29370402259827
 20
113.3707630241394
 10
80.28710427246094
 20
113.2993402832031
 10
80.27788383445741
 20
113.2276404121399
 10
80.26600671691895
 20
113.1556999450684
 10
80.25143692817689
 20
113.0835554161072
 10
80.2341384765625
 20
113.011243359375
 10
80.2140753704071
 20
112.9388003089905
 10
80.19121161804198
 20
112.8662627990723
 10
80.16551122779844
 20
112.793667363739
 10
80.1369382080078
 20
112.7210505371094
 10
80.10545656700134
 20
112.648448853302
 10
80.07103031311036
 20
112.5758988464355
 10
80.03362345466612
 20
112.5034370506287
 10
79.9932
 20
112.4311
 10
79.94190195045472
 20
112.346748922348
 10
79.88918620910644
 20
112.2659773162842
 10
79.8351281993866
 20
112.1887529346466
 10
79.77980334472656
 20
112.1150435302734
 10
79.72328706855773
 20
112.0448168560028
 10
79.6656547943115
 20
111.9780406646728
 10
79.6069819454193
 20
111.9146827091217
 10
79.5473439453125
 20
111.8547107421875
 10
79.48681621742249
 20
111.7980925167084
 10
79.42547418518066
 20
111.7447957855225
 10
79.36339327201844
 20
111.6947883014679
 10
79.30064890136718
 20
111.6480378173828
 10
79.23731649665834
 20
111.6045120861054
 10
79.17347148132325
 20
111.5641788604736
 10
79.10918927879333
 20
111.5270058933258
 10
79.0445453125
 20
111.4929609375
 10
78.97961500587465
 20
111.4620117458343
 10
78.91447378234864
 20
111.434126071167
 10
78.84919706535341
 20
111.4092716663361
 10
78.78386027832032
 20
111.3874162841797
 10
78.71853884468079
 20
111.368527677536
 10
78.65330818786621
 20
111.3525735992432
 10
78.588243731308
 20
111.3395218021393
 10
78.52342089843752
 20
111.3293400390625
 10
78.45891511268617
 20
111.3219960628509
 10
78.39480179748536
 20
111.3174576263428
 10
78.33115637626649
 20
111.3156924823761
 10
78.26805427246094
 20
111.3166683837891
 10
78.20557090950014
 20
111.3203530834198
 10
78.14378171081544
 20
111.3267143341064
 10
78.08276209983826
 20
111.3357198886871
 10
78.0225875
 20
111.3473375
 10
77.96333333473207
 20
111.3615349208832
 10
77.90507502746581
 20
111.3782799041748
 10
77.84788800163269
 20
111.397540202713
 10
77.79184768066406
 20
111.4192835693359
 10
77.73702948799133
 20
111.4434777568817
 10
77.68350884704592
 20
111.4700905181885
 10
77.63136118125918
 20
111.4990896060944
 10
77.58066191406247
 20
111.5304427734375
 10
77.53148646888735
 20
111.564117773056
 10
77.48391026916505
 20
111.6000823577881
 10
77.43800873832704
 20
111.6383042804718
 10
77.39385729980471
 20
111.6787512939453
 10
77.35153137702943
 20
111.7213911510468
 10
77.31110639343262
 20
111.7661916046142
 10
77.27265777244568
 20
111.813120407486
 10
77.2362609375
 20
111.8621453125
 10
77.20199131202699
 20
111.9132340724945
 10
77.16992431945801
 20
111.9663544403076
 10
77.14013538322449
 20
112.0214741687775
 10
77.11269992675781
 20
112.0785610107422
 10
77.08769337348941
 20
112.1375827190399
 10
77.06519114685059
 20
112.1985070465088
 10
77.04526867027283
 20
112.2613017459869
 10
77.02800136718749
 20
112.3259345703125
 10
77.013464661026
 20
112.3923732723236
 10
77.00173397521972
 20
112.4605856048584
 10
76.99288473320006
 20
112.530539320755
 10
76.98699235839844
 20
112.6022021728515
 10
76.98413227424622
 20
112.6755419139862
 10
76.98437990417481
 20
112.7505262969971
 10
76.98781067161559
 20
112.8271230747223
 10
76.9945
 20
112.9053
 10
77.01322208251953
 20
112.8582127288818
 10
77.03364697265627
 20
112.8133170654297
 10
77.05571263427734
 20
112.7705997344971
 10
77.07935703124999
 20
112.7300474609375
 10
77.10451812744141
 20
112.6916469696045
 10
77.13113388671873
 20
112.6553849853516
 10
77.15914227294923
 20
112.6212482330322
 10
77.18848125
 20
112.5892234375
 10
77.21908878173827
 20
112.5592973236084
 10
77.25090283203122
 20
112.5314566162109
 10
77.28386136474608
 20
112.5056880401611
 10
77.31790234374997
 20
112.4819783203125
 10
77.35296373291017
 20
112.4603141815186
 10
77.38898349609373
 20
112.4406823486328
 10
77.42589959716797
 20
112.4230695465088
 10
77.46365
 20
112.4074625
 10
77.50217266845705
 20
112.39384793396
 10
77.54140556640625
 20
112.3822125732422
 10
77.58128665771484
 20
112.3725431427002
 10
77.62175390625
 20
112.3648263671875
 10
77.70419873046877
 20
112.3551976806641
 10
77.78824375000001
 20
112.3532203125
 10
77.87339267578125
 20
112.3587880615234
 10
77.95914921875
 20
112.3717947265625
 10
78.04501708984375
 20
112.3921341064453
 10
78.1305
 20
112.4197
 10
78.17473401184081
 20
112.448269631958
 10
78.21698654785156
 20
112.4786058837891
 10
78.25720210876465
 20
112.5106466644287
 10
78.2953251953125
 20
112.5443298828125
 10
78.33130030822755
 20
112.579593447876
 10
78.36507194824219
 20
112.6163752685547
 10
78.39658461608886
 20
112.6546132537842
 10
78.4257828125
 20
112.6942453125
 10
78.45261103820802
 20
112.7352093536377
 10
78.47701379394528
 20
112.7774432861328
 10
78.49893558044434
 20
112.8208850189209
 10
78.51832089843752
 20
112.8654724609375
 10
78.53511424865722
 20
112.9111435211182
 10
78.54926013183593
 20
112.9578361083984
 10
78.56070304870605
 20
113.0054881317139
 10
78.56938750000001
 20
113.0540375
 10
78.57525798645021
 20
113.1034221221924
 10
78.57825900878906
 20
113.1535799072266
 10
78.57833506774901
 20
113.2044487640381
 10
78.57543066406249
 20
113.2559666015625
 10
78.5694902984619
 20
113.3080713287354
 10
78.56045847167968
 20
113.3607008544922
 10
78.54827968444825
 20
113.4137930877686
 10
78.53289843749999
 20
113.4672859375
 10
78.51425923156738
 20
113.5211173126221
 10
78.4923065673828
 20
113.5752251220703
 10
78.46698494567871
 20
113.6295472747803
 10
78.43823886718749
 20
113.6840216796875
 10
78.4060128326416
 20
113.7385862457275
 10
78.37025134277344
 20
113.7931788818359
 10
78.33089889831544
 20
113.8477374969482
 10
78.28789999999999
 20
113.9022
 10
78.23792773437498
 20
113.9608976287842
 10
78.18601718749999
 20
114.0167790771484
 10
78.132224609375
 20
114.0697803131103
 10
78.07660625
 20
114.1198373046875
 10
78.01921835937497
 20
114.1668860198974
 10
77.9601171875
 20
114.2108624267578
 10
77.899358984375
 20
114.2517024932861
 10
77.837
 20
114.2893421875
 10
77.773096484375
 20
114.323717477417
 10
77.7077046875
 20
114.3547643310547
 10
77.640880859375
 20
114.3824187164306
 10
77.57268125
 20
114.4066166015625
 10
77.503162109375
 20
114.4272939544678
 10
77.4323796875
 20
114.4443867431641
 10
77.360390234375
 20
114.4578309356689
 10
77.28725
 20
114.4675625
 10
77.21301523437498
 20
114.4735174041748
 10
77.1377421875
 20
114.4756316162109
 10
77.06148710937502
 20
114.473841104126
 10
76.98430625
 20
114.4680818359375
 10
76.90625585937502
 20
114.4582897796631
 10
76.82739218750002
 20
114.4444009033203
 10
76.74777148437499
 20
114.4263511749268
 10
76.66744999999997
 20
114.4040765625
 10
76.58648398437499
 20
114.3775130340576
 10
76.5049296875
 20
114.3465965576172
 10
76.42284335937502
 20
114.3112631011963
 10
76.34028125
 20
114.2714486328125
 10
76.25729960937499
 20
114.2270891204834
 10
76.1739546875
 20
114.1781205322266
 10
76.09030273437499
 20
114.1244788360596
 10
76.0064
 20
114.0661
 10
75.96222028808593
 20
114.0321374816894
 10
75.92014042968748
 20
113.9970299316406
 10
75.88011809082032
 20
113.9608223571777
 10
75.84211093749999
 20
113.923559765625
 10
75.80607663574219
 20
113.8852871643066
 10
75.77197285156252
 20
113.8460495605469
 10
75.7093875
 20
113.764859375
 10
75.6540162109375
 20
113.6803492675781
 10
75.60552031249997
 20
113.592879296875
 10
75.5635611328125
 20
113.5028095214844
 10
75.52779999999998
 20
113.4105
 10
75.4978982421875
 20
113.3163107910156
 10
75.47351718750002
 20
113.220601953125
 10
75.45431816406249
 20
113.1237335449219
 10
75.43996249999999
 20
113.026065625
 10
75.43011152343748
 20
112.9279582519531
 10
75.4244265625
 20
112.829771484375
 10
75.4225689453125
 20
112.7318653808594
 10
75.42419999999999
 20
112.6346
 10
75.43254243164063
 20
112.4522328643799
 10
75.44771484375001
 20
112.2753222900391
 10
75.46961616210937
 20
112.1039389007568
 10
75.4981453125
 20
111.9381533203125
 10
75.53320122070312
 20
111.7780361724854
 10
75.5746828125
 20
111.6236580810547
 10
75.62248901367188
 20
111.4750896697998
 10
75.67651874999999
 20
111.3324015625
 10
75.73667094726561
 20
111.1956643829346
 10
75.76901138305664
 20
111.1295494609833
 10
75.80284453125
 20
111.0649487548828
 10
75.83815775756834
 20
111.0018710926056
 10
75.87493842773437
 20
110.940325302124
 10
75.91317390747068
 20
110.8803202114105
 10
75.9528515625
 20
110.8218646484375
 10
75.9939587585449
 20
110.7649674411774
 10
76.03648286132811
 20
110.7096374176026
 10
76.08041123657226
 20
110.6558834056854
 10
76.12573124999999
 20
110.6037142333984
 10
76.17243026733397
 20
110.553138728714
 10
76.22049565429687
 20
110.5041657196045
 10
76.26991477661132
 20
110.4568040340424
 10
76.32067499999998
 20
110.4110625
 10
76.37276369018555
 20
110.3669499454498
 10
76.42616821289063
 20
110.3244751983643
 10
76.48087593383791
 20
110.2836470867157
 10
76.53687421875
 20
110.2444744384766
 10
76.59415043334961
 20
110.2069660816193
 10
76.65269194335937
 20
110.1711308441162
 10
76.71248611450195
 20
110.1369775539398
 10
76.77352031249999
 20
110.1045150390625
 10
76.83578190307615
 20
110.0737521274567
 10
76.89925825195309
 20
110.0446976470947
 10
76.96393672485349
 20
110.0173604259491
 10
77.02980468749998
 20
109.9917492919922
 10
77.09684950561521
 20
109.9678730731964
 10
77.16505854492186
 20
109.9457405975342
 10
77.23441917114257
 20
109.9253606929779
 10
77.30491875
 20
109.9067421875
 10
77.44928422851562
 20
109.874824685669
 10
77.59805390625001
 20
109.8500587158203
 10
77.7511267089844
 20
109.8325149017334
 10
77.9084015625
 20
109.8222638671875
 10
78.06977739257813
 20
109.8193762359619
 10
78.23515312499999
 20
109.8239226318359
 10
78.40442768554687
 20
109.8359736785889
 10
78.5775
 20
109.8556
 10
78.76517521438599
 20
109.884584595871
 10
78.94673159790041
 20
109.9194656341553
 10
79.12221057357789
 20
109.96008242836
 10
79.29165356445316
 20
110.0062742919922
 10
79.45510199356082
 20
110.057880538559
 10
79.61259728393557
 20
110.1147404815674
 10
79.76418085861209
 20
110.1766934345246
 10
79.909894140625
 20
110.2435787109375
 10
80.04977855300902
 20
110.3152356243133
 10
80.18387551879881
 20
110.3915034881592
 10
80.31222646102904
 20
110.4722216159821
 10
80.43487280273437
 20
110.5572293212891
 10
80.55185596694945
 20
110.6463659175873
 10
80.66321737670898
 20
110.7394707183838
 10
80.7689984550476
 20
110.8363830371857
 10
80.86924062500001
 20
110.9369421875
 10
80.96398530960083
 20
111.0409874828339
 10
81.05327393188476
 20
111.1483582366943
 10
81.13714791488648
 20
111.2588937625885
 10
81.21564868164064
 20
111.3724333740235
 10
81.28881765518189
 20
111.4888163845062
 10
81.35669625854495
 20
111.607882107544
 10
81.41932591476439
 20
111.7294698566437
 10
81.476748046875
 20
111.8534189453125
 10
81.52900407791138
 20
111.9795686870575
 10
81.57613543090821
 20
112.1077583953857
 10
81.61818352890016
 20
112.2378273838043
 10
81.65518979492189
 20
112.3696149658203
 10
81.68719565200808
 20
112.5029604549408
 10
81.71424252319337
 20
112.6377031646729
 10
81.73637183151244
 20
112.7736824085236
 10
81.753625
 20
112.9107375
 10
81.76604345169067
 20
113.0487077526093
 10
81.77366860961914
 20
113.1874324798584
 10
81.77654189682007
 20
113.3267509952545
 10
81.77470473632812
 20
113.4665026123047
 10
81.76819855117797
 20
113.606526644516
 10
81.7570647644043
 20
113.7466624053955
 10
81.74134479904173
 20
113.8867492084504
 10
81.721080078125
 20
114.0266263671875
 10
81.69631202468872
 20
114.1661331951141
 10
81.66708206176755
 20
114.3051090057373
 10
81.63343161239623
 20
114.4433931125641
 10
81.59540209960937
 20
114.5808248291016
 10
81.55303494644163
 20
114.7172434688568
 10
81.50637157592774
 20
114.8524883453369
 10
81.45545341110228
 20
114.986398772049
 10
81.40032187500001
 20
115.1188140625
 10
81.34101839065548
 20
115.2495735301972
 10
81.27758438110349
 20
115.3785164886475
 10
81.21006126937864
 20
115.5054822513581
 10
81.13849047851562
 20
115.630310131836
 10
81.06291343154909
 20
115.7528394435882
 10
80.98337155151368
 20
115.8729095001221
 10
80.89990626144409
 20
115.9903596149445
 10
80.812558984375
 20
116.1050291015625
 10
80.72137114334106
 20
116.2167572734833
 10
80.62638416137694
 20
116.3253834442139
 10
80.52763946151731
 20
116.4307469272614
 10
80.42517846679684
 20
116.5326870361328
 10
80.31904260025022
 20
116.6310430843353
 10
80.20927328491209
 20
116.725654385376
 10
80.09591194381711
 20
116.8163602527619
 10
79.979
 20
116.903
 10
80.10723452262876
 20
116.9593751583099
 10
80.23316836853025
 20
117.0173154266357
 10
80.35678601722715
 20
117.0768101825714
 10
80.47807194824217
 20
117.1378488037109
 10
80.597010641098
 20
117.2004206676483
 10
80.71358657531737
 20
117.2645151519775
 10
80.82778423042297
 20
117.3301216342926
 10
80.9395880859375
 20
117.3972294921875
 10
81.04898262138368
 20
117.4658281032562
 10
81.15595231628418
 20
117.5359068450928
 10
81.26048165016175
 20
117.6074550952911
 10
81.36255510253906
 20
117.6804622314453
 10
81.46215715293882
 20
117.7549176311493
 10
81.55927228088378
 20
117.830810671997
 10
81.6538849658966
 20
117.9081307315826
 10
81.74597968749997
 20
117.9868671875
 10
81.83554092521665
 20
118.0670094173431
 10
81.92255315856932
 20
118.1485467987061
 10
82.00700086708069
 20
118.2314687091827
 10
82.08886853027344
 20
118.3157645263672
 10
82.16814062767028
 20
118.4014236278534
 10
82.24480163879393
 20
118.4884353912354
 10
82.31883604316712
 20
118.5767891941071
 10
82.39022832031247
 20
118.6664744140625
 10
82.45896294975279
 20
118.7574804286956
 10
82.52502441101071
 20
118.8497966156005
 10
82.58839718360897
 20
118.9434123523712
 10
82.6490657470703
 20
119.0383170166015
 10
82.70701458091734
 20
119.1344999858856
 10
82.76222816467283
 20
119.2319506378174
 10
82.81469097785949
 20
119.3306583499908
 10
82.86438749999998
 20
119.4306125
 10
82.91130221061704
 20
119.5318024654388
 10
82.95541958923342
 20
119.6342176239014
 10
82.99672411537169
 20
119.7378473529816
 10
83.03520026855469
 20
119.8426810302734
 10
83.07083252830505
 20
119.948708033371
 10
83.10360537414551
 20
120.0559177398682
 10
83.13350328559875
 20
120.164299527359
 10
83.1605107421875
 20
120.2738427734375
 10
83.18461222343444
 20
120.3845368556976
 10
83.20579220886228
 20
120.4963711517334
 10
83.22403517799378
 20
120.6093350391388
 10
83.23932561035155
 20
120.7234178955078
 10
83.25164798545838
 20
120.8386090984344
 10
83.2609867828369
 20
120.9548980255127
 10
83.26732648200989
 20
121.0722740543365
 10
83.2706515625
 20
121.1907265625
 10
83.27094650382996
 20
121.310244927597
 10
83.26819578552246
 20
121.4308185272217
 10
83.2623838871002
 20
121.5524367389679
 10
83.25349528808594
 20
121.6750889404297
 10
83.24151446800231
 20
121.798764509201
 10
83.22642590637206
 20
121.923452822876
 10
83.20821408271788
 20
122.0491432590485
 10
83.1868634765625
 20
122.1758251953125
 10
83.16235856742862
 20
122.303488009262
 10
83.13468383483888
 20
122.4321210784912
 10
83.10382375831606
 20
122.5617137805938
 10
83.06976281738281
 20
122.6922554931641
 10
83.03248549156192
 20
122.8237355937958
 10
82.99197626037599
 20
122.956143460083
 10
82.94821960334779
 20
123.0894684696197
 10
82.90119999999999
 20
123.2237
 10
82.9132
 20
123.2355
 10
82.91349999999999
 20
123.2355
 10
82.9132
 20
123.2355
 10
82.9077
 20
123.2357
 10
82.9044
 20
123.236
 10
82.90139999999999
 20
123.234
 10
82.9001
 20
123.2373
 10
82.89649999999999
 20
123.2385
 10
82.8988
 20
123.2414
 10
82.8987
 20
123.2429
 10
82.8973
 20
123.243
 10
82.89419999999999
 20
123.2407
 10
82.8932
 20
123.2443
 10
82.8898
 20
123.2456
 10
82.89190000000001
 20
123.2486
 10
82.89140000000001
 20
123.2521
 10
82.89149999999999
 20
123.2576
 10
82.89140000000001
 20
123.2576
 10
82.89149999999999
 20
123.2576
 10
82.8795
 20
123.2454
 10
82.74527308425907
 20
123.2924150623321
 10
82.61195254516605
 20
123.3361674713135
 10
82.4795490074158
 20
123.3766727474213
 10
82.34807309570316
 20
123.4139464111328
 10
82.21753543472294
 20
123.4480039829254
 10
82.08794664916993
 20
123.4788609832764
 10
81.95931736373903
 20
123.506532932663
 10
81.83165820312501
 20
123.5310353515625
 10
81.70497979202274
 20
123.5523837604523
 10
81.57929275512698
 20
123.5705936798096
 10
81.45460771713256
 20
123.5856806301117
 10
81.33093530273439
 20
123.5976601318359
 10
81.20828613662721
 20
123.6065477054596
 10
81.08667084350585
 20
123.61235887146
 10
80.96610004806519
 20
123.6151091503143
 10
80.84658437499998
 20
123.6148140625
 10
80.72813444900512
 20
123.6114891284943
 10
80.61076089477536
 20
123.6051498687744
 10
80.4944743370056
 20
123.5958118038177
 10
80.37928540039059
 20
123.5834904541016
 10
80.26520470962521
 20
123.5682013401032
 10
80.15224288940428
 20
123.5499599822998
 10
80.04041056442259
 20
123.5287819011688
 10
79.92971835937497
 20
123.5046826171875
 10
79.82017689895627
 20
123.4776776508331
 10
79.7117968078613
 20
123.447782522583
 10
79.60458871078486
 20
123.4150127529144
 10
79.49856323242184
 20
123.3793838623047
 10
79.393730997467
 20
123.3409113712311
 10
79.2901026306152
 20
123.2996108001709
 10
79.18768875656123
 20
123.2554976696014
 10
79.0865
 20
123.2085875
 10
78.98654698562626
 20
123.1588958118439
 10
78.88784033813481
 20
123.1064381256104
 10
78.79039068222049
 20
123.0512299617767
 10
78.69420864257815
 20
122.9932868408203
 10
78.59930484390263
 20
122.9326242832184
 10
78.50568991088869
 20
122.8692578094483
 10
78.4133744682312
 20
122.8032029399872
 10
78.32236914062502
 20
122.7344751953125
 10
78.2326845527649
 20
122.6630900959015
 10
78.14433132934571
 20
122.5890631622315
 10
78.05732009506226
 20
122.5124099147797
 10
77.97166147460938
 20
122.4331458740234
 10
77.8873660926819
 20
122.3512865604401
 10
77.80444457397459
 20
122.2668474945068
 10
77.72290754318238
 20
122.1798441967011
 10
77.64276562499998
 20
122.0902921875
 10
77.56402944412231
 20
121.998206987381
 10
77.48670962524416
 20
121.9036041168213
 10
77.41081679306029
 20
121.8064990962982
 10
77.33636157226563
 20
121.7069074462891
 10
77.26335458755494
 20
121.6048446872711
 10
77.19180646362302
 20
121.5003263397217
 10
77.12172782516478
 20
121.393367924118
 10
77.05312929687498
 20
121.2839849609375
 10
76.98602150344846
 20
121.1721929706573
 10
76.92041506958005
 20
121.0580074737548
 10
76.85632061996456
 20
120.9414439907074
 10
76.79374877929685
 20
120.8225180419922
 10
76.73271017227169
 20
120.7012451480865
 10
76.67321542358397
 20
120.5776408294677
 10
76.61527515792844
 20
120.4517206066131
 10
76.55889999999999
 20
120.3235
 10
76.47225563850406
 20
120.4403984600067
 10
76.38154530334474
 20
120.5537474456787
 10
76.28692968101503
 20
120.6635054904937
 10
76.18856945800783
 20
120.7696311279297
 10
76.08662532081606
 20
120.8720828914642
 10
75.98125795593263
 20
120.9708193145752
 10
75.87262804985048
 20
121.0657989307403
 10
75.76089628906252
 20
121.1569802734375
 10
75.64622336006165
 20
121.2443218761444
 10
75.52876994934083
 20
121.3277822723389
 10
75.40869674339295
 20
121.4073199954987
 10
75.28616442871096
 20
121.4828935791016
 10
75.16133369178771
 20
121.5544615566254
 10
75.0343652191162
 20
121.6219824615478
 10
74.90541969718932
 20
121.6854148273468
 10
74.77465781249998
 20
121.7447171875
 10
74.64224025154113
 20
121.7998480754852
 10
74.50832770080565
 20
121.8507660247803
 10
74.37308084678647
 20
121.8974295688629
 10
74.23666037597652
 20
121.9397972412109
 10
74.09922697486874
 20
121.9778275753021
 10
73.96094132995601
 20
122.0114791046143
 10
73.82196412773129
 20
122.0407103626251
 10
73.6824560546875
 20
122.0654798828125
 10
73.54257779731756
 20
122.0857461986542
 10
73.40249004211431
 20
122.1014678436279
 10
73.26235347557072
 20
122.1126033512115
 10
73.12232878417972
 20
122.1191112548828
 10
72.98257665443422
 20
122.1209500881195
 10
72.84325777282719
 20
122.1180783843994
 10
72.70453282585148
 20
122.1104546772003
 10
72.56656250000003
 20
122.0980375
 10
72.42950748176577
 20
122.0807853862762
 10
72.29352845764161
 20
122.0586568695068
 10
72.15878611412049
 20
122.0316104831696
 10
72.02544113769531
 20
121.9996047607422
 10
71.89365421485901
 20
121.9625982357025
 10
71.7635860321045
 20
121.9205494415283
 10
71.63539727592469
 20
121.8734169116974
 10
71.5092486328125
 20
121.8211591796875
 10
71.38530078926084
 20
121.7637347789764
 10
71.26371443176267
 20
121.701102243042
 10
71.1446502468109
 20
121.6332201053619
 10
71.02826892089841
 20
121.560046899414
 10
70.91473114051817
 20
121.4815411586761
 10
70.80419759216304
 20
121.397661416626
 10
70.69682896232601
 20
121.3083662067413
 10
70.59278593750002
 20
121.2136140625
 10
70.4922292041779
 20
121.1133635173798
 10
70.39531944885258
 20
121.0075731048584
 10
70.302217358017
 20
120.8962013584137
 10
70.2130836181641
 20
120.7792068115235
 10
70.12807891578678
 20
120.6565479976655
 10
70.04736393737795
 20
120.5281834503174
 10
69.97109936943056
 20
120.3940717029572
 10
69.89944589843751
 20
120.2541712890625
 10
69.83256421089172
 20
120.1084407421112
 10
69.77061499328614
 20
119.9568385955811
 10
69.71375893211366
 20
119.7993233829499
 10
69.66215671386719
 20
119.6358536376953
 10
69.61596902503966
 20
119.4663878932953
 10
69.57535655212402
 20
119.2908846832275
 10
69.54047998161314
 20
119.1093025409698
 10
69.5115
 20
118.9216
 10
69.49185550537109
 20
118.7485540832519
 10
69.47978740234375
 20
118.5793025878906
 10
69.47522501220703
 20
118.4139467712402
 10
69.47809765625
 20
118.252587890625
 10
69.4883346557617
 20
118.0953272033691
 10
69.50586533203125
 20
117.9422659667968
 10
69.53061900634764
 20
117.7935054382324
 10
69.56252499999999
 20
117.649146875
 10
69.58113802947998
 20
117.5786499732971
 10
69.60151263427732
 20
117.5092915344238
 10
69.62363997955321
 20
117.4410842155457
 10
69.64751123046873
 20
117.3740406738281
 10
69.67311755218506
 20
117.3081735664368
 10
69.70045010986327
 20
117.2434955505371
 10
69.72950006866454
 20
117.1800192832947
 10
69.76025859374999
 20
117.117757421875
 10
69.79271685028075
 20
117.0567226234436
 10
69.82686600341796
 20
116.996927545166
 10
69.86269721832275
 20
116.9383848442078
 10
69.90020166015624
 20
116.8811071777344
 10
69.93937049407958
 20
116.8251072029114
 10
69.98019488525391
 20
116.7703975769043
 10
70.02266599884034
 20
116.7169909568787
 10
70.06677500000001
 20
116.6649
 10
70.11251305389404
 20
116.6141373634338
 10
70.15987132568359
 20
116.5647157043457
 10
70.20884098052978
 20
116.5166476799011
 10
70.25941318359375
 20
116.4699459472656
 10
70.31157910003662
 20
116.4246231636047
 10
70.36532989501954
 20
116.380691986084
 10
70.42065673370363
 20
116.3381650718689
 10
70.47755078125002
 20
116.297055078125
 10
70.53600320281984
 20
116.2573746620178
 10
70.59600516357424
 20
116.2191364807129
 10
70.65754782867434
 20
116.1823531913757
 10
70.72062236328126
 20
116.1470374511719
 10
70.78521993255617
 20
116.1132019172668
 10
70.85133170166017
 20
116.0808592468262
 10
70.98806250000001
 20
116.020703125
 10
71.13074407958982
 20
115.9666703430176
 10
71.27930576171873
 20
115.9188621582031
 10
71.43367686767575
 20
115.8773798278809
 10
71.59378671874998
 20
115.842324609375
 10
71.75956463623045
 20
115.8137977600098
 10
71.93093994140624
 20
115.7919005371094
 10
72.10784195556638
 20
115.776734197998
 10
72.2902
 20
115.7684
 10
72.38749729003905
 20
115.7667524902344
 10
72.4854251953125
 20
115.768598046875
 10
72.58362526855471
 20
115.7742750488281
 10
72.6817390625
 20
115.784121875
 10
72.77940812988281
 20
115.7984769042969
 10
72.8762740234375
 20
115.817678515625
 10
72.97197829589844
 20
115.8420650878906
 10
73.06616250000001
 20
115.871975
 10
73.15846818847657
 20
115.9077466308594
 10
73.2485369140625
 20
115.949718359375
 10
73.33601022949219
 20
115.9982285644531
 10
73.4205296875
 20
116.053615625
 10
73.50173684082031
 20
116.1162179199219
 10
73.54098628845216
 20
116.1503305236816
 10
73.57927324218753
 20
116.186373828125
 10
73.61655289611817
 20
116.2243901306152
 10
73.65278044433596
 20
116.2644217285156
 10
73.68791108093263
 20
116.3065109191895
 10
73.7219
 20
116.3507
 10
73.78028792114256
 20
116.4346291290283
 10
73.83393813476563
 20
116.5183041259766
 10
73.88291469116211
 20
116.6016689056396
 10
73.927281640625
 20
116.6846673828125
 10
73.96710303344725
 20
116.7672434722899
 10
74.00244291992187
 20
116.8493410888672
 10
74.03336535034179
 20
116.9309041473389
 10
74.05993437500002
 20
117.0118765625
 10
74.08221404418945
 20
117.0922022491455
 10
74.10026840820312
 20
117.1718251220703
 10
74.11416151733398
 20
117.2506890960693
 10
74.12395742187498
 20
117.3287380859375
 10
74.12972017211913
 20
117.4059160064697
 10
74.13151381835938
 20
117.482166772461
 10
74.12940241088866
 20
117.5574342987061
 10
74.12344999999998
 20
117.6316625
 10
74.11372063598633
 20
117.7047952911377
 10
74.10027836914062
 20
117.7767765869141
 10
74.08318724975588
 20
117.847550302124
 10
74.06251132812499
 20
117.9170603515625
 10
74.03831465454103
 20
117.9852506500244
 10
74.01066127929687
 20
118.0520651123047
 10
73.97961525268555
 20
118.1174476531983
 10
73.945240625
 20
118.1813421875
 10
73.9076014465332
 20
118.2436926300049
 10
73.86676176757813
 20
118.3044428955078
 10
73.82278563842773
 20
118.3635368988037
 10
73.775737109375
 20
118.4209185546875
 10
73.72568023071291
 20
118.4765317779541
 10
73.67267905273438
 20
118.5303204833984
 10
73.6167976257324
 20
118.5822285858154
 10
73.55809999999999
 20
118.6322
 10
73.50362869262695
 20
118.6751807281494
 10
73.44906235351563
 20
118.7145161376953
 10
73.39446298217772
 20
118.7502616912842
 10
73.339892578125
 20
118.7824728515625
 10
73.28541314086914
 20
118.8112050811768
 10
73.23108666992185
 20
118.8365138427734
 10
73.17697516479492
 20
118.858454598999
 10
73.12314062499997
 20
118.8770828125
 10
73.06964505004881
 20
118.8924539459229
 10
73.01655043945313
 20
118.9046234619141
 10
72.96391879272459
 20
118.9136468231201
 10
72.91181210937501
 20
118.9195794921875
 10
72.86029238891602
 20
118.9224769317627
 10
72.80942163085938
 20
118.9223946044922
 10
72.75926183471681
 20
118.9193879730225
 10
72.70987500000003
 20
118.9135125
 10
72.66132312622071
 20
118.9048236480713
 10
72.61366821289063
 20
118.8933768798828
 10
72.56697225952148
 20
118.8792276580811
 10
72.52129726562499
 20
118.8624314453125
 10
72.47670523071287
 20
118.8430437042236
 10
72.43325815429688
 20
118.8211198974609
 10
72.39101803588865
 20
118.7967154876709
 10
72.350046875
 20
118.7698859375
 10
72.3104066711426
 20
118.7406867095947
 10
72.27215942382812
 20
118.7091732666016
 10
72.23536713256838
 20
118.675401071167
 10
72.20009179687501
 20
118.6394255859375
 10
72.16639541625976
 20
118.6013022735596
 10
72.13433999023438
 20
118.5610865966797
 10
72.10398751831056
 20
118.5188340179443
 10
72.0754
 20
118.4746
 10
72.04785166015625
 20
118.3891182128906
 10
72.02752734375
 20
118.303253515625
 10
72.01453310546873
 20
118.2175019042969
 10
72.00897499999998
 20
118.132359375
 10
72.01095908203125
 20
118.0483219238281
 10
72.02059140625
 20
117.965885546875
 10
72.02830880126953
 20
117.9254227600098
 10
72.03797802734375
 20
117.8855462402344
 10
72.04961234130859
 20
117.8463179870605
 10
72.063225
 20
117.8078
 10
72.07882926025391
 20
117.7700542785644
 10
72.09643837890627
 20
117.7331428222656
 10
72.11606561279296
 20
117.6971276306152
 10
72.13772421875003
 20
117.662070703125
 10
72.1614274536133
 20
117.6280340393066
 10
72.18718857421875
 20
117.5950796386719
 10
72.21502083740237
 20
117.5632695007324
 10
72.24493749999997
 20
117.532665625
 10
72.27695181884765
 20
117.5033300109863
 10
72.31107705078125
 20
117.4753246582031
 10
72.34732645263672
 20
117.4487115661621
 10
72.38571328124997
 20
117.423552734375
 10
72.42625079345703
 20
117.3999101623535
 10
72.46895224609374
 20
117.3778458496094
 10
72.5138308959961
 20
117.3574217956543
 10
72.5609
 20
117.3387
 10
72.48273230323791
 20
117.3320064174652
 10
72.40614446105955
 20
117.3285722381592
 10
72.33116872062684
 20
117.3283220020294
 10
72.25783732910155
 20
117.3311802490234
 10
72.18618253364562
 20
117.3370715190887
 10
72.11623658142089
 20
117.3459203521729
 10
72.04803171958921
 20
117.3576512882233
 10
71.98160019531248
 20
117.3721888671875
 10
71.91697425575255
 20
117.3894576290131
 10
71.85418614807128
 20
117.4093821136475
 10
71.79326811943051
 20
117.4318868610382
 10
71.73425241699217
 20
117.4568964111328
 10
71.67717128791806
 20
117.4843353038788
 10
71.6220569793701
 20
117.5141280792236
 10
71.56894173851009
 20
117.5461992771149
 10
71.5178578125
 20
117.5804734375
 10
71.4688374485016
 20
117.6168751003265
 10
71.42191289367676
 20
117.655328805542
 10
71.37711639518738
 20
117.6957590930939
 10
71.33448020019532
 20
117.7380905029297
 10
71.29403655586243
 20
117.7822475749969
 10
71.2558177093506
 20
117.8281548492432
 10
71.21985590782165
 20
117.8757368656158
 10
71.18618339843751
 20
117.9249181640625
 10
71.15483242835998
 20
117.9756232845306
 10
71.12583524475097
 20
118.0277767669678
 10
71.09922409477235
 20
118.0813031513214
 10
71.07503122558593
 20
118.1361269775391
 10
71.05328888435363
 20
118.1921727855682
 10
71.0340293182373
 20
118.2493651153565
 10
71.01728477439879
 20
118.3076285068512
 10
71.00308749999998
 20
118.3668875
 10
70.99146974220275
 20
118.4270666347504
 10
70.98246374816894
 20
118.4880904510498
 10
70.97610176506042
 20
118.5498834888459
 10
70.97241604003906
 20
118.612370288086
 10
70.97143882026673
 20
118.6754753887177
 10
70.97320235290529
 20
118.7391233306885
 10
70.97773888511658
 20
118.803238653946
 10
70.9850806640625
 20
118.8677458984375
 10
70.9952599369049
 20
118.9325696041107
 10
71.00830895080566
 20
118.9976343109131
 10
71.02425995292662
 20
119.0628645587921
 10
71.04314519042967
 20
119.1281848876953
 10
71.06499691047668
 20
119.1935198375702
 10
71.08984736022948
 20
119.2587939483642
 10
71.11772878684996
 20
119.323931760025
 10
71.14867343749999
 20
119.3888578125
 10
71.18271355934142
 20
119.4534966457367
 10
71.21988139953612
 20
119.5177727996826
 10
71.26020920524597
 20
119.5816108142853
 10
71.30372922363282
 20
119.6449352294922
 10
71.35047370185851
 20
119.7076705852509
 10
71.40047488708496
 20
119.7697414215088
 10
71.453765026474
 20
119.8310722782135
 10
71.51037636718752
 20
119.8915876953125
 10
71.57034115638734
 20
119.9512122127533
 10
71.63369164123536
 20
120.0098703704834
 10
71.70046006889345
 20
120.0674867084503
 10
71.77067868652345
 20
120.1239857666016
 10
71.84437974128726
 20
120.1792920848847
 10
71.9215954803467
 20
120.2333302032471
 10
72.00235815086367
 20
120.2860246616364
 10
72.08669999999999
 20
120.3373
 10
72.15904635200496
 20
120.3777326114654
 10
72.23151730041498
 20
120.4151481964111
 10
72.30407630882261
 20
120.449582755661
 10
72.37668684082028
 20
120.4810722900391
 10
72.44931236000059
 20
120.5096528003693
 10
72.52191632995604
 20
120.5353602874756
 10
72.59446221427916
 20
120.558230752182
 10
72.66691347656247
 20
120.5783001953125
 10
72.73923358039855
 20
120.595604617691
 10
72.81138598937987
 20
120.6101800201416
 10
72.88333416709898
 20
120.6220624034882
 10
72.95504157714842
 20
120.6312877685547
 10
73.02647168312072
 20
120.6378921161652
 10
73.09758794860839
 20
120.6419114471436
 10
73.16835383720399
 20
120.6433817623138
 10
73.23873281249998
 20
120.6423390625
 10
73.30868833808898
 20
120.638819348526
 10
73.37818387756349
 20
120.6328586212158
 10
73.447182894516
 20
120.6244928813934
 10
73.51564885253906
 20
120.6137581298828
 10
73.58354521522525
 20
120.6006903675079
 10
73.65083544616701
 20
120.5853255950928
 10
73.71748300895692
 20
120.5676998134613
 10
73.78345136718753
 20
120.5478490234375
 10
73.84870398445129
 20
120.5258092258453
 10
73.91320432434084
 20
120.5016164215088
 10
73.97691585044864
 20
120.4753066112518
 10
74.03980202636721
 20
120.4469157958984
 10
74.10182631568911
 20
120.4164799762726
 10
74.16295218200686
 20
120.3840351531982
 10
74.22314308891298
 20
120.3496173274994
 10
74.28236250000001
 20
120.3132625
 10
74.34057387886046
 20
120.2750066715241
 10
74.3977406890869
 20
120.2348858428955
 10
74.45382639427184
 20
120.1929360149384
 10
74.50879445800779
 20
120.1491931884766
 10
74.5626083438873
 20
120.1036933643341
 10
74.61523151550291
 20
120.056472543335
 10
74.66662743644713
 20
120.0075667263031
 10
74.71675957031248
 20
119.9570119140625
 10
74.76559138069152
 20
119.9048441074371
 10
74.81308633117675
 20
119.851099307251
 10
74.8592078853607
 20
119.795813514328
 10
74.90391950683593
 20
119.7390227294922
 10
74.94718465919493
 20
119.6807629535675
 10
74.98896680603028
 20
119.6210701873779
 10
75.02922941093446
 20
119.5599804317474
 10
75.0679359375
 20
119.4975296875
 10
75.10504984931944
 20
119.4337539554596
 10
75.14053460998534
 20
119.3686892364502
 10
75.17435368309022
 20
119.3023715312958
 10
75.20647053222657
 20
119.2348368408203
 10
75.23684862098696
 20
119.1661211658478
 10
75.26545141296387
 20
119.0962605072021
 10
75.2922423717499
 20
119.0252908657074
 10
75.31718496093752
 20
118.9532482421875
 10
75.34024264411925
 20
118.8801686374664
 10
75.3613788848877
 20
118.8060880523682
 10
75.38055714683533
 20
118.7310424877166
 10
75.39774089355471
 20
118.6550679443359
 10
75.41289358863831
 20
118.5782004230499
 10
75.42597869567872
 20
118.5004759246826
 10
75.43695967826844
 20
118.421930450058
 10
75.4458
 20
118.3426
 10
75.4559374359131
 20
118.2122641906738
 10
75.45954831542968
 20
118.0821623535156
 10
75.45673362121583
 20
117.9523497497559
 10
75.4475943359375
 20
117.822881640625
 10
75.43223144226075
 20
117.6938132873535
 10
75.41074592285156
 20
117.5651999511719
 10
75.38323876037596
 20
117.4370968933106
 10
75.34981093750002
 20
117.309559375
 10
75.31056343688963
 20
117.1826426574707
 10
75.26559724121094
 20
117.0564020019531
 10
75.21501333312987
 20
116.9308926696777
 10
75.15891269531249
 20
116.806169921875
 10
75.09739631042482
 20
116.6822890197754
 10
75.03056516113282
 20
116.5593052246094
 10
74.95852023010255
 20
116.4372737976074
 10
74.88136250000002
 20
116.31625
 10
74.7991929534912
 20
116.1962890930176
 10
74.71211257324219
 20
116.0774463378906
 10
74.62022234191896
 20
115.9597769958496
 10
74.5236232421875
 20
115.843336328125
 10
74.42241625671385
 20
115.7281795959473
 10
74.31670236816406
 20
115.6143620605469
 10
74.20658255920407
 20
115.5019389831543
 10
74.09215781250001
 20
115.390965625
 10
73.97352911071779
 20
115.2814972473145
 10
73.85079743652345
 20
115.1735891113281
 10
73.72406377258302
 20
115.0672964782715
 10
73.5934291015625
 20
114.962674609375
 10
73.45899440612794
 20
114.8597787658692
 10
73.32086066894532
 20
114.7586642089844
 10
73.17912887268064
 20
114.6593861999512
 10
73.0339
 20
114.562
 10
72.93282012977598
 20
114.4967629116058
 10
72.8323139678955
 20
114.4344374725342
 10
72.73238012504577
 20
114.3749930469513
 10
72.63301721191403
 20
114.3183989990234
 10
72.53422383918762
 20
114.2646246929169
 10
72.4359986175537
 20
114.2136394927978
 10
72.33834015769957
 20
114.1654127628326
 10
72.2412470703125
 20
114.1199138671875
 10
72.1447179660797
 20
114.0771121700287
 10
72.04875145568846
 20
114.0369770355224
 10
71.95334614982603
 20
113.9994778278351
 10
71.85850065917965
 20
113.9645839111328
 10
71.76421359443661
 20
113.9322646495819
 10
71.67048356628416
 20
113.9024894073486
 10
71.5773091854095
 20
113.8752275485992
 10
71.48468906249999
 20
113.8504484375
 10
71.39262180824285
 20
113.8281214382172
 10
71.30110603332524
 20
113.808215914917
 10
71.21014034843449
 20
113.7907012317658
 10
71.11972336425783
 20
113.7755467529297
 10
71.02985369148256
 20
113.7627218425751
 10
70.94052994079591
 20
113.7521958648682
 10
70.85175072288516
 20
113.7439381839752
 10
70.76351464843752
 20
113.7379181640625
 10
70.67582032814027
 20
113.7341051692963
 10
70.58866637268067
 20
113.7324685638428
 10
70.50205139274599
 20
113.7329777118683
 10
70.41597399902345
 20
113.735601977539
 10
70.33043280220032
 20
113.7403107250214
 10
70.24542641296386
 20
113.7470733184814
 10
70.16095344200135
 20
113.7558591220856
 10
70.0770125
 20
113.7666375
 10
69.91072114562988
 20
113.7940494354248
 10
69.74654123535154
 20
113.8290640380859
 10
69.58446165466307
 20
113.8714362213135
 10
69.42447128906248
 20
113.9209208984375
 10
69.26655902404784
 20
113.9772729827881
 10
69.11071374511715
 20
114.0402473876953
 10
68.95692433776854
 20
114.1095990264893
 10
68.8051796875
 20
114.1850828125
 10
68.65546867980959
 20
114.2664536590576
 10
68.50778020019534
 20
114.3534664794922
 10
68.36210313415529
 20
114.4458761871338
 10
68.2184263671875
 20
114.5434376953125
 10
68.07673878479005
 20
114.6459059173584
 10
67.93702927246096
 20
114.7530357666016
 10
67.79928671569826
 20
114.8645821563721
 10
67.6635
 20
114.9803
 10
67.56372940368652
 20
114.8988100402832
 10
67.47175827636718
 20
114.8177424316406
 10
67.38750698547363
 20
114.737091204834
 10
67.31089589843749
 20
114.656850390625
 10
67.24184538269041
 20
114.5770140197754
 10
67.18027580566404
 20
114.4975761230469
 10
67.12610753479002
 20
114.4185307312012
 10
67.0792609375
 20
114.339871875
 10
67.03965638122558
 20
114.2615935852051
 10
67.00721423339844
 20
114.1836898925781
 10
66.98185486145018
 20
114.1061548278809
 10
66.9634986328125
 20
114.028982421875
 10
66.95206591491698
 20
113.9521667053223
 10
66.94747707519531
 20
113.8757017089844
 10
66.9496524810791
 20
113.799581463623
 10
66.95851250000001
 20
113.7238
 10
66.97397749938966
 20
113.648351348877
 10
66.99596784667969
 20
113.5732295410156
 10
67.02440390930178
 20
113.4984286071777
 10
67.05920605468749
 20
113.423942578125
 10
67.10029465026855
 20
113.3497654846191
 10
67.14759006347657
 20
113.2758913574219
 10
67.20101266174315
 20
113.2023142272949
 10
67.2604828125
 20
113.129028125
 10
67.32592088317872
 20
113.0560270812988
 10
67.39724724121096
 20
112.9833051269531
 10
67.47438225402833
 20
112.9108562927246
 10
67.55724628906252
 20
112.838674609375
 10
67.64575971374513
 20
112.766754107666
 10
67.73984289550783
 20
112.6950888183594
 10
67.83941620178225
 20
112.6236727722168
 10
67.9444
 20
112.5525
 10
67.73540336914064
 20
112.5069988769531
 10
67.52687695312501
 20
112.467158203125
 10
67.31882221679686
 20
112.4329032714844
 10
67.11124062499999
 20
112.404159375
 10
66.90413364257811
 20
112.3808518066406
 10
66.69750273437499
 20
112.362905859375
 10
66.49134936523437
 20
112.3502468261719
 10
66.28567499999999
 20
112.3428
 10
66.08048110351564
 20
112.3404906738281
 10
65.87576914062501
 20
112.343244140625
 10
65.67154057617189
 20
112.3509856933594
 10
65.467796875
 20
112.363640625
 10
65.2645395019531
 20
112.3811342285156
 10
65.061769921875
 20
112.403391796875
 10
64.85948959960936
 20
112.4303386230469
 10
64.6577
 20
112.4619
 10
64.71603888854978
 20
112.7621308074951
 10
64.78100954589843
 20
113.0609163818359
 10
64.85258045959473
 20
113.3582652008056
 10
64.93072011718751
 20
113.6541857421875
 10
65.01539700622557
 20
113.9486864837646
 10
65.10657961425781
 20
114.2417759033203
 10
65.20423642883301
 20
114.5334624786377
 10
65.3083359375
 20
114.8237546875
 10
65.41884662780761
 20
115.1126610076905
 10
65.5357369873047
 20
115.4001899169922
 10
65.65897550354006
 20
115.6863498931885
 10
65.7885306640625
 20
115.9711494140625
 10
65.92437095642087
 20
116.2545969573974
 10
66.06646486816405
 20
116.5367010009765
 10
66.2147808868408
 20
116.817470022583
 10
66.36928749999999
 20
117.0969125
 10
66.52995319519042
 20
117.3750369110107
 10
66.69674645996093
 20
117.6518517333984
 10
66.86963578186035
 20
117.9273654449463
 10
67.04858964843751
 20
118.2015865234375
 10
67.23357654724122
 20
118.4745234466553
 10
67.42456496582033
 20
118.7461846923828
 10
67.62152339172367
 20
119.0165787384034
 10
67.82442031249999
 20
119.2857140625
 10
68.03322421569821
 20
119.553599142456
 10
68.24790358886716
 20
119.8202424560546
 10
68.46842691955564
 20
120.0856524810791
 10
68.69476269531247
 20
120.3498376953125
 10
68.9268794036865
 20
120.6128065765381
 10
69.16474553222656
 20
120.874567602539
 10
69.40832956848145
 20
121.1351292510986
 10
69.6576
 20
121.3945
 10
69.86532672119141
 20
121.5512378540039
 10
70.07458720703127
 20
121.7047071289063
 10
70.28544569091798
 20
121.854766394043
 10
70.49796640625001
 20
122.00127421875
 10
70.7122135864258
 20
122.1440891723633
 10
70.92825146484378
 20
122.2830698242188
 10
71.14614427490237
 20
122.4180747436524
 10
71.36595624999999
 20
122.5489625
 10
71.58775162353511
 20
122.6755916625976
 10
71.81159462890621
 20
122.7978208007812
 10
72.03754949951168
 20
122.9155084838867
 10
72.26568046874998
 20
123.02851328125
 10
72.4960517700195
 20
123.136693762207
 10
72.72872763671873
 20
123.2399084960937
 10
72.96377230224607
 20
123.3380160522461
 10
73.20125
 20
123.430875
 10
73.4412249633789
 20
123.5183439086914
 10
73.68376142578127
 20
123.6002813476562
 10
73.92892362060547
 20
123.6765458862305
 10
74.17677578125003
 20
123.74699609375
 10
74.42738214111331
 20
123.8114905395508
 10
74.6808069335938
 20
123.8698877929688
 10
74.93711439208991
 20
123.9220464233399
 10
75.19636875
 20
123.967825
 10
75.45863424072263
 20
124.0070820922851
 10
75.72397509765621
 20
124.0396762695312
 10
75.99245555419919
 20
124.0654661010742
 10
76.26413984374997
 20
124.08431015625
 10
76.53909219970701
 20
124.0960670043945
 10
76.81737685546874
 20
124.1005952148438
 10
77.09905804443359
 20
124.0977533569336
 10
77.38420000000001
 20
124.0874
 10
77.65832441711427
 20
124.0754621490479
 10
77.93044729003908
 20
124.0661061767578
 10
78.2005211761475
 20
124.0593903289795
 10
78.46849863281255
 20
124.0553728515625
 10
78.73433221740727
 20
124.0541119903564
 10
78.99797448730476
 20
124.0556659912109
 10
79.25937799987798
 20
124.0600930999756
 10
79.51849531250002
 20
124.0674515625
 10
79.77527898254392
 20
124.0777996246338
 10
80.0296815673828
 20
124.0911955322266
 10
80.28165562438964
 20
124.1076975311279
 10
80.53115371093751
 20
124.1273638671875
 10
80.77812838439943
 20
124.1502527862549
 10
81.02253220214846
 20
124.1764225341797
 10
81.26431772155767
 20
124.2059313568115
 10
81.50343750000002
 20
124.2388375
 10
81.73984409484869
 20
124.2751992095947
 10
81.97349006347659
 20
124.3150747314453
 10
82.20432796325688
 20
124.3585223114014
 10
82.43231035156252
 20
124.4056001953125
 10
82.65738978576656
 20
124.4563666290283
 10
82.87951882324216
 20
124.5108798583984
 10
83.09865002136229
 20
124.5691981292725
 10
83.31473593750001
 20
124.6313796875
 10
83.52772912902834
 20
124.6974827789307
 10
83.73758215332031
 20
124.7675656494141
 10
83.94424756774903
 20
124.8416865447998
 10
84.14767792968751
 20
124.9199037109375
 10
84.34782579650882
 20
125.0022753936768
 10
84.54464372558595
 20
125.0888598388672
 10
84.73808427429201
 20
125.1797152923584
 10
84.9281
 20
125.2749
 10
84.94469999999999
 20
125.2921
  0
LWPOLYLINE
  5
44
330
24FC
100
AcDbEntity
  8
LAYER_1
100
AcDbPolyline
 90
      128
 70
     1
 43
0.0
 10
81.50249999999999
 20
121.8467
 10
81.5118
 20
121.8467
 10
81.5158
 20
121.8516
 10
81.5158
 20
121.8467
 10
81.5207
 20
121.8466
 10
81.516
 20
121.8425
 10
81.51743472938539
 20
121.7464193786621
 10
81.51651728820802
 20
121.6510775878905
 10
81.51324804496766
 20
121.5564747375488
 10
81.50762736816403
 20
121.4626109375
 10
81.499655626297
 20
121.3694862976074
 10
81.48933318786623
 20
121.2771009277344
 10
81.47666042137144
 20
121.1854549377442
 10
81.4616376953125
 20
121.0945484375
 10
81.4442653781891
 20
121.0043815368652
 10
81.42454383850099
 20
120.914954345703
 10
81.40247344474794
 20
120.826266973877
 10
81.3780545654297
 20
120.73831953125
 10
81.35128756904601
 20
120.6511121276855
 10
81.32217282409667
 20
120.5646448730469
 10
81.29071069908144
 20
120.4789178771973
 10
81.2569015625
 20
120.39393125
 10
81.2207457828522
 20
120.3096851013184
 10
81.18224372863769
 20
120.2261795410155
 10
81.14139576835631
 20
120.1434146789551
 10
81.0982022705078
 20
120.061390625
 10
81.05266360359193
 20
119.9801074890137
 10
81.00478013610841
 20
119.8995653808594
 10
80.95455223655699
 20
119.8197644104004
 10
80.90198027343751
 20
119.7407046875
 10
80.84706461524964
 20
119.6623863220215
 10
80.78980563049315
 20
119.5848094238281
 10
80.73020368766785
 20
119.5079741027832
 10
80.66825915527344
 20
119.43188046875
 10
80.60397240180968
 20
119.3565286315918
 10
80.53734379577639
 20
119.2819187011719
 10
80.46837370567322
 20
119.2080507873535
 10
80.39706249999998
 20
119.134925
 10
80.32341054725646
 20
119.0625414489746
 10
80.24741821594238
 20
118.9909002441406
 10
80.1690858745575
 20
118.9200014953613
 10
80.08841389160156
 20
118.8498453125
 10
80.00540263557434
 20
118.7804318054199
 10
79.92005247497559
 20
118.7117610839844
 10
79.83236377830504
 20
118.6438332580566
 10
79.74233691406247
 20
118.5766484375
 10
79.55527015686036
 20
118.444508251953
 10
79.35885515136721
 20
118.31534140625
 10
79.15309484558107
 20
118.1891487792969
 10
78.9379921875
 20
118.06593125
 10
78.71355012512208
 20
117.9456896972656
 10
78.47977160644531
 20
117.828425
 10
78.23665957946778
 20
117.7141380371094
 10
77.98421699218749
 20
117.6028296875
 10
77.72244679260255
 20
117.4945008300781
 10
77.45135192871096
 20
117.38915234375
 10
77.17093534851075
 20
117.2867851074219
 10
76.88120000000001
 20
117.1874
 10
76.8759
 20
117.1816
 10
76.8745
 20
117.1816
 10
76.87609999999999
 20
117.185
 10
76.8724
 20
117.1834
 10
76.8724
 20
117.185
 10
76.878
 20
117.1906
 10
76.89350000000001
 20
117.2378
 10
76.84619999999999
 20
117.2221
 10
76.8407
 20
117.2167
 10
76.8393
 20
117.2166
 10
76.8408
 20
117.2203
 10
76.83710000000001
 20
117.2186
 10
76.8374
 20
117.2201
 10
76.8429
 20
117.2253
 10
76.94231236267089
 20
117.5150529449463
 10
77.04470515136718
 20
117.7954848876953
 10
77.15007754211426
 20
118.0665929901123
 10
77.25842871093752
 20
118.3283744140625
 10
77.36975783386229
 20
118.5808263214111
 10
77.48406408691406
 20
118.8239458740234
 10
77.60134664611816
 20
119.0577302337646
 10
77.7216046875
 20
119.2821765625
 10
77.84483738708498
 20
119.4972820220948
 10
77.97104392089845
 20
119.7030437744141
 10
78.10022346496584
 20
119.8994589813233
 10
78.23237519531251
 20
120.0865248046875
 10
78.2995653728485
 20
120.1765508106232
 10
78.36749828796385
 20
120.2642384063721
 10
78.43617383766172
 20
120.3495872371674
 10
78.50559191894531
 20
120.4325969482422
 10
78.57575242881775
 20
120.5132671848297
 10
78.64665526428223
 20
120.5915975921631
 10
78.71830032234193
 20
120.6675878154755
 10
78.7906875
 20
120.7412375
 10
78.86381669425965
 20
120.8125462909699
 10
78.93768780212403
 20
120.8815138336182
 10
79.01230072059632
 20
120.9481397731781
 10
79.08765534667971
 20
121.0124237548828
 10
79.16375157737736
 20
121.0743654239655
 10
79.24058930969239
 20
121.1339644256592
 10
79.31816844062805
 20
121.1912204051972
 10
79.39648886718751
 20
121.2461330078125
 10
79.47555048637389
 20
121.2987018787384
 10
79.55535319519043
 20
121.348926663208
 10
79.63589689064026
 20
121.3968070064545
 10
79.71718146972657
 20
121.4423425537109
 10
79.79920682945252
 20
121.4855329502106
 10
79.8819728668213
 20
121.5263778411865
 10
79.96547947883605
 20
121.5648768718719
 10
80.04972656250002
 20
121.6010296875
 10
80.13471401481629
 20
121.6348359333038
 10
80.22044173278809
 20
121.6662952545166
 10
80.30690961341859
 20
121.6954072963715
 10
80.39411755371094
 20
121.7221717041016
 10
80.48206545066832
 20
121.7465881229401
 10
80.57075320129394
 20
121.7686561981201
 10
80.66018070259096
 20
121.7883755748749
 10
80.75034785156249
 20
121.8057458984375
 10
80.8412545452118
 20
121.8207668140411
 10
80.93290068054198
 20
121.833437966919
 10
81.02528615455629
 20
121.8437590023041
 10
81.11841086425782
 20
121.8517295654297
 10
81.2122747066498
 20
121.8573493015289
 10
81.30687757873536
 20
121.860617855835
 10
81.40221937751769
 20
121.8615348735809
 10
81.49829999999999
 20
121.8601
 10
81.5024
 20
121.8649
 10
81.5024
 20
121.8601
 10
81.50730000000001
 20
121.86
 10
81.50249999999999
 20
121.8559
  0
LWPOLYLINE
  5
45
330
24FC
100
AcDbEntity
  8
LAYER_1
100
AcDbPolyline
 90
     1296
 70
     1
 43
0.0
 10
42.4194
 20
125.2865
 10
42.41349999999999
 20
125.2889
 10
42.4307
 20
125.2722
 10
42.52589321899414
 20
125.0821842803955
 10
42.61675551757813
 20
124.8887437744141
 10
42.70334523315429
 20
124.6919259613037
 10
42.785720703125
 20
124.4917783203125
 10
42.86394026489257
 20
124.2883483306885
 10
42.93806225585936
 20
124.0816834716797
 10
43.00814501342774
 20
123.8718312225342
 10
43.07424687500001
 20
123.6588390625
 10
43.1364261779785
 20
123.4427544708252
 10
43.19474125976563
 20
123.2236249267578
 10
43.24925045776367
 20
123.0014979095459
 10
43.30001210937499
 20
122.7764208984375
 10
43.34708455200195
 20
122.5484413726807
 10
43.39052612304688
 20
122.3176068115234
 10
43.4303951599121
 20
122.0839646942139
 10
43.46675
 20
121.8475625
 10
43.49964898071289
 20
121.6084477081299
 10
43.52915043945313
 20
121.3666677978516
 10
43.55531271362305
 20
121.1222702484131
 10
43.57819414062499
 20
120.8753025390625
 10
43.59785305786132
 20
120.6258121490478
 10
43.61434780273438
 20
120.3738465576172
 10
43.62773671264649
 20
120.1194532440186
 10
43.638078125
 20
119.8626796875
 10
43.64543037719726
 20
119.6035733673096
 10
43.64985180664061
 20
119.3421817626953
 10
43.65140075073242
 20
119.0785523529053
 10
43.65013554687499
 20
118.8127326171875
 10
43.64611453247071
 20
118.54477003479
 10
43.63939604492187
 20
118.2747120849609
 10
43.63003842163085
 20
118.0026062469482
 10
43.6181
 20
117.7285
 10
43.60775572509765
 20
117.4433489624023
 10
43.60492236328124
 20
117.1616592773437
 10
43.60945848388671
 20
116.8833667114258
 10
43.62122265624999
 20
116.60840703125
 10
43.64007344970703
 20
116.336716003418
 10
43.66586943359375
 20
116.0682293945312
 10
43.6984691772461
 20
115.8028829711914
 10
43.73773125
 20
115.5406125
 10
43.7835142211914
 20
115.2813537475586
 10
43.83567666015625
 20
115.0250424804687
 10
43.89407713623046
 20
114.771614465332
 10
43.95857421875
 20
114.52100546875
 10
44.02902647705078
 20
114.2731512573242
 10
44.10529248046874
 20
114.0279875976562
 10
44.18723079833985
 20
113.7854502563477
 10
44.2747
 20
113.545475
 10
44.36755865478516
 20
113.3079975952148
 10
44.46566533203125
 20
113.0729538085938
 10
44.56887860107421
 20
112.8402794067383
 10
44.67705703125
 20
112.60991015625
 10
44.79005919189454
 20
112.3817818237305
 10
44.90774365234375
 20
112.1558301757812
 10
45.02996898193361
 20
111.9319909790039
 10
45.15659375
 20
111.7102
 10
45.28747652587891
 20
111.4903930053711
 10
45.42247587890624
 20
111.2725057617188
 10
45.56145037841797
 20
111.0564740356445
 10
45.70425859374999
 20
110.84223359375
 10
45.85075909423828
 20
110.6297202026367
 10
46.00081044921874
 20
110.4188696289063
 10
46.15427122802734
 20
110.2096176391602
 10
46.311
 20
110.0019
 10
46.57038863830567
 20
109.7526204833984
 10
46.83096652832032
 20
109.5090279296875
 10
47.09274225769043
 20
109.2711538330078
 10
47.3557244140625
 20
109.0390296875
 10
47.619921585083
 20
108.8126869873047
 10
47.88534235839843
 20
108.5921572265625
 10
48.15199532165527
 20
108.3774718994141
 10
48.4198890625
 20
108.1686625
 10
48.6890321685791
 20
107.965760522461
 10
48.95943322753907
 20
107.7687974609375
 10
49.23110082702636
 20
107.5778048095703
 10
49.50404355468749
 20
107.3928140625
 10
49.77826999816894
 20
107.2138567138672
 10
50.05378874511718
 20
107.0409642578125
 10
50.33060838317871
 20
106.8741681884766
 10
50.60873749999999
 20
106.7135
 10
50.88818468322753
 20
106.5589911865234
 10
51.16895852050781
 20
106.4106732421875
 10
51.45106759948729
 20
106.2685776611328
 10
51.7345205078125
 20
106.1327359375
 10
52.01932583312988
 20
106.0031795654297
 10
52.30549216308594
 20
105.8799400390625
 10
52.59302808532715
 20
105.7630488525391
 10
52.8819421875
 20
105.6525375
 10
53.17224305725097
 20
105.5484374755859
 10
53.46393928222654
 20
105.4507802734375
 10
53.75703945007324
 20
105.3595973876953
 10
54.05155214843748
 20
105.2749203125
 10
54.34748596496581
 20
105.1967805419922
 10
54.64484948730468
 20
105.1252095703125
 10
54.94365130310058
 20
105.0602388916016
 10
55.2439
 20
105.0019
 10
55.27540864257812
 20
105.2037071777344
 10
55.30230976562499
 20
105.406002734375
 10
55.32452866210936
 20
105.6087852050781
 10
55.341990625
 20
105.812053125
 10
55.35462094726561
 20
106.0158050292969
 10
55.36234492187499
 20
106.220039453125
 10
55.36508784179688
 20
106.4247549316406
 10
55.362775
 20
106.62995
 10
55.35533168945311
 20
106.8356231933594
 10
55.342683203125
 20
107.041773046875
 10
55.32475483398436
 20
107.2483980957031
 10
55.30147187499999
 20
107.455496875
 10
55.27275961914061
 20
107.6630679199219
 10
55.238543359375
 20
107.871109765625
 10
55.19874838867186
 20
108.0796209472655
 10
55.1533
 20
108.2886
 10
55.08210877685547
 20
108.1836161987305
 10
55.01067490234375
 20
108.0840428710938
 10
54.93899244384766
 20
107.9899596313477
 10
54.86705546875001
 20
107.90144609375
 10
54.7948580444336
 20
107.8185818725586
 10
54.72239423828124
 20
107.7414465820312
 10
54.64965811767578
 20
107.6701198364258
 10
54.57664375
 20
107.60468125
 10
54.50334520263671
 20
107.5452104370117
 10
54.42975654296875
 20
107.4917870117188
 10
54.3558718383789
 20
107.4444905883789
 10
54.28168515624999
 20
107.40340078125
 10
54.20719056396484
 20
107.3685972045898
 10
54.13238212890625
 20
107.3401594726563
 10
54.05725391845702
 20
107.318167199707
 10
53.9818
 20
107.3027
 10
53.90601444091797
 20
107.293837487793
 10
53.82989130859375
 20
107.2916592773438
 10
53.75342467041015
 20
107.2962449829102
 10
53.67660859375
 20
107.30767421875
 10
53.59943714599609
 20
107.3260265991211
 10
53.52190439453124
 20
107.3513817382812
 10
53.44400440673828
 20
107.3838192504883
 10
53.36573125000001
 20
107.42341875
 10
53.28707899169922
 20
107.4702598510742
 10
53.20804169921874
 20
107.5244221679688
 10
53.12861343994139
 20
107.5859853149414
 10
53.04878828125
 20
107.65502890625
 10
52.96856029052734
 20
107.7316325561523
 10
52.88792353515624
 20
107.8158758789063
 10
52.80687208251953
 20
107.9078384887695
 10
52.7254
 20
108.0076
 10
52.84110848083496
 20
108.1433870025635
 10
52.95264558105468
 20
108.2811303955078
 10
53.05976628723144
 20
108.4208412567139
 10
53.1622255859375
 20
108.5625306640625
 10
53.2597784637451
 20
108.7062096954346
 10
53.35217990722656
 20
108.8518894287109
 10
53.4391849029541
 20
108.9995809417725
 10
53.5205484375
 20
109.1492953125
 10
53.59602549743652
 20
109.3010436187744
 10
53.66537106933594
 20
109.4548369384766
 10
53.72834013977051
 20
109.6106863494873
 10
53.7846876953125
 20
109.7686029296875
 10
53.83416872253417
 20
109.928597756958
 10
53.87653820800782
 20
110.0906819091797
 10
53.91155113830567
 20
110.2548664642334
 10
53.9389625
 20
110.4211625
 10
53.94974102592468
 20
110.5051057849884
 10
53.95852727966307
 20
110.5895810943603
 10
53.96529063453674
 20
110.6745898128509
 10
53.97000046386718
 20
110.7601333251953
 10
53.97262614097595
 20
110.8462130161285
 10
53.97313703918457
 20
110.9328302703857
 10
53.97150253181457
 20
111.019986472702
 10
53.96769199218749
 20
111.1076830078125
 10
53.96167479362486
 20
111.1959212604523
 10
53.95342030944824
 20
111.2847026153565
 10
53.94289791297911
 20
111.3740284572601
 10
53.93007697753907
 20
111.4639001708984
 10
53.91492687644958
 20
111.5543191410065
 10
53.89741698303223
 20
111.6452867523193
 10
53.87751667060852
 20
111.7368043895721
 10
53.85519531249999
 20
111.8288734375
 10
53.83042228202821
 20
111.921495280838
 10
53.80316695251464
 20
112.0146713043213
 10
53.77339869728088
 20
112.1084028926849
 10
53.74108688964843
 20
112.2026914306641
 10
53.70620090293885
 20
112.2975383029938
 10
53.66871011047364
 20
112.3929448944092
 10
53.62858388557435
 20
112.4889125896454
 10
53.58579160156249
 20
112.5854427734375
 10
53.54030263175964
 20
112.6825368305206
 10
53.4920863494873
 20
112.7801961456299
 10
53.44111212806702
 20
112.8784221035004
 10
53.38734934082031
 20
112.9772160888672
 10
53.33076736106872
 20
113.0765794864654
 10
53.27133556213379
 20
113.1765136810303
 10
53.20902331733703
 20
113.2770200572968
 10
53.14379999999999
 20
113.3781
 10
53.04639534606932
 20
113.5233376708984
 10
52.94709948730469
 20
113.6650771484375
 10
52.84596770324707
 20
113.8032175048828
 10
52.7430552734375
 20
113.9376578125
 10
52.63841747741699
 20
114.0682971435547
 10
52.53210959472657
 20
114.1950345703125
 10
52.42418690490723
 20
114.3177691650391
 10
52.3147046875
 20
114.4364
 10
52.20371822204588
 20
114.5508261474609
 10
52.09128278808594
 20
114.6609466796875
 10
51.97745366516114
 20
114.7666606689453
 10
51.86228613281251
 20
114.8678671875
 10
51.74583547058106
 20
114.9644653076172
 10
51.62815695800781
 20
115.0563541015625
 10
51.50930587463378
 20
115.1434326416016
 10
51.3893375
 20
115.2256
 10
51.26830711364746
 20
115.3027552490234
 10
51.14626999511719
 20
115.3747974609375
 10
51.02328142395019
 20
115.4416257080078
 10
50.89939667968749
 20
115.5031390625
 10
50.77467104187011
 20
115.5592365966797
 10
50.64915979003906
 20
115.6098173828125
 10
50.52291820373535
 20
115.6547804931641
 10
50.39600156249999
 20
115.694025
 10
50.26846514587402
 20
115.7274499755859
 10
50.14036423339844
 20
115.7549544921875
 10
50.01175410461424
 20
115.7764376220703
 10
49.8826900390625
 20
115.7917984375
 10
49.75322731628416
 20
115.8009360107422
 10
49.62342121582032
 20
115.8037494140625
 10
49.49332701721193
 20
115.8001377197266
 10
49.363
 20
115.79
 10
49.28366962165832
 20
115.7811551368713
 10
49.20512435607911
 20
115.7701699035645
 10
49.12740019493103
 20
115.757080834198
 10
49.05053312988282
 20
115.7419244628905
 10
48.97455915260315
 20
115.724737323761
 10
48.89951425476073
 20
115.7055559509277
 10
48.82543442802429
 20
115.6844168785095
 10
48.75235566406249
 20
115.661356640625
 10
48.68031395454405
 20
115.6364117713928
 10
48.60934529113769
 20
115.6096188049317
 10
48.5394856655121
 20
115.5810142753601
 10
48.47077106933594
 20
115.5506347167969
 10
48.40323749427795
 20
115.5185166633606
 10
48.33692093200682
 20
115.4846966491699
 10
48.27185737419128
 20
115.4492112083435
 10
48.2080828125
 20
115.412096875
 10
48.14563323860168
 20
115.3733901832581
 10
48.08454464416504
 20
115.3331276672363
 10
48.02485302085876
 20
115.2913458610535
 10
47.96659436035156
 20
115.2480812988281
 10
47.90980465431213
 20
115.203370514679
 10
47.85451989440918
 20
115.1572500427246
 10
47.80077607231141
 20
115.1097564170837
 10
47.74860917968751
 20
115.060926171875
 10
47.69805520820617
 20
115.010795841217
 10
47.64915014953614
 20
114.9594019592285
 10
47.60192999534607
 20
114.9067810600281
 10
47.55643073730468
 20
114.8529696777344
 10
47.5126883670807
 20
114.7980043464661
 10
47.47073887634278
 20
114.7419216003418
 10
47.43061825675964
 20
114.6847579734802
 10
47.3923625
 20
114.62655
 10
47.35600759773254
 20
114.5673342140198
 10
47.32158954162597
 20
114.5071471496582
 10
47.28914432334899
 20
114.4460253410339
 10
47.25870793457032
 20
114.3840053222656
 10
47.23031636695862
 20
114.3211236274719
 10
47.20400561218261
 20
114.2574167907715
 10
47.179811661911
 20
114.192921346283
 10
47.1577705078125
 20
114.127673828125
 10
47.13791814155578
 20
114.0617107704163
 10
47.12029055480956
 20
113.9950687072754
 10
47.10492373924254
 20
113.927784172821
 10
47.09185368652343
 20
113.8598937011719
 10
47.08111638832092
 20
113.7914338264465
 10
47.07274783630371
 20
113.7224410827637
 10
47.0667840221405
 20
113.6529520042419
 10
47.06326093749999
 20
113.583003125
 10
47.0622145740509
 20
113.5126309791565
 10
47.06368092346192
 20
113.4418721008301
 10
47.06769597740172
 20
113.3707630241394
 10
47.07429572753907
 20
113.2993402832031
 10
47.0835161655426
 20
113.2276404121399
 10
47.09539328308106
 20
113.1556999450684
 10
47.10996307182312
 20
113.0835554161072
 10
47.1272615234375
 20
113.011243359375
 10
47.14732462959289
 20
112.9388003089905
 10
47.17018838195801
 20
112.8662627990723
 10
47.19588877220153
 20
112.793667363739
 10
47.22446179199217
 20
112.7210505371094
 10
47.25594343299865
 20
112.648448853302
 10
47.29036968688965
 20
112.5758988464355
 10
47.32777654533386
 20
112.5034370506287
 10
47.3682
 20
112.4311
 10
47.41949804954527
 20
112.346748922348
 10
47.47221379089356
 20
112.2659773162842
 10
47.52627180061339
 20
112.1887529346466
 10
47.58159665527343
 20
112.1150435302734
 10
47.63811293144227
 20
112.0448168560028
 10
47.69574520568848
 20
111.9780406646728
 10
47.75441805458068
 20
111.9146827091217
 10
47.81405605468749
 20
111.8547107421875
 10
47.8745837825775
 20
111.7980925167084
 10
47.93592581481933
 20
111.7447957855225
 10
47.99800672798157
 20
111.6947883014679
 10
48.06075109863281
 20
111.6480378173828
 10
48.12408350334167
 20
111.6045120861054
 10
48.18792851867675
 20
111.5641788604736
 10
48.25221072120665
 20
111.5270058933258
 10
48.31685468749999
 20
111.4929609375
 10
48.38178499412537
 20
111.4620117458343
 10
48.44692621765137
 20
111.434126071167
 10
48.51220293464661
 20
111.4092716663361
 10
48.57753972167969
 20
111.3874162841797
 10
48.6428611553192
 20
111.368527677536
 10
48.70809181213378
 20
111.3525735992432
 10
48.77315626869201
 20
111.3395218021393
 10
48.8379791015625
 20
111.3293400390625
 10
48.90248488731383
 20
111.3219960628509
 10
48.96659820251464
 20
111.3174576263428
 10
49.03024362373352
 20
111.3156924823761
 10
49.09334572753905
 20
111.3166683837891
 10
49.15582909049987
 20
111.3203530834198
 10
49.21761828918457
 20
111.3267143341064
 10
49.27863790016174
 20
111.3357198886871
 10
49.3388125
 20
111.3473375
 10
49.39806666526795
 20
111.3615349208832
 10
49.45632497253417
 20
111.3782799041748
 10
49.5135119983673
 20
111.397540202713
 10
49.56955231933594
 20
111.4192835693359
 10
49.62437051200866
 20
111.4434777568817
 10
49.6778911529541
 20
111.4700905181885
 10
49.73003881874085
 20
111.4990896060944
 10
49.7807380859375
 20
111.5304427734375
 10
49.82991353111267
 20
111.564117773056
 10
49.87748973083498
 20
111.6000823577881
 10
49.92339126167298
 20
111.6383042804718
 10
49.96754270019531
 20
111.6787512939453
 10
50.00986862297057
 20
111.7213911510468
 10
50.05029360656738
 20
111.7661916046142
 10
50.08874222755432
 20
111.813120407486
 10
50.12513906249999
 20
111.8621453125
 10
50.15940868797303
 20
111.9132340724945
 10
50.19147568054199
 20
111.9663544403076
 10
50.2212646167755
 20
112.0214741687775
 10
50.24870007324219
 20
112.0785610107422
 10
50.27370662651062
 20
112.1375827190399
 10
50.29620885314942
 20
112.1985070465088
 10
50.31613132972717
 20
112.2613017459869
 10
50.33339863281249
 20
112.3259345703125
 10
50.34793533897399
 20
112.3923732723236
 10
50.35966602478027
 20
112.4605856048584
 10
50.36851526679992
 20
112.530539320755
 10
50.37440764160156
 20
112.6022021728515
 10
50.37726772575379
 20
112.6755419139862
 10
50.37702009582519
 20
112.7505262969971
 10
50.3735893283844
 20
112.8271230747223
 10
50.3669
 20
112.9053
 10
50.34817791748047
 20
112.8582127288818
 10
50.32775302734375
 20
112.8133170654297
 10
50.30568736572265
 20
112.7705997344971
 10
50.28204296874999
 20
112.7300474609375
 10
50.25688187255859
 20
112.6916469696045
 10
50.23026611328125
 20
112.6553849853516
 10
50.20225772705079
 20
112.6212482330322
 10
50.17291874999999
 20
112.5892234375
 10
50.14231121826171
 20
112.5592973236084
 10
50.11049716796875
 20
112.5314566162109
 10
50.0775386352539
 20
112.5056880401611
 10
50.04349765625
 20
112.4819783203125
 10
50.00843626708984
 20
112.4603141815186
 10
49.97241650390625
 20
112.4406823486328
 10
49.93550040283203
 20
112.4230695465088
 10
49.89775
 20
112.4074625
 10
49.85922733154296
 20
112.39384793396
 10
49.81999443359375
 20
112.3822125732422
 10
49.78011334228515
 20
112.3725431427002
 10
49.73964609374999
 20
112.3648263671875
 10
49.65720126953125
 20
112.3551976806641
 10
49.57315624999999
 20
112.3532203125
 10
49.48800732421875
 20
112.3587880615234
 10
49.40225078124999
 20
112.3717947265625
 10
49.31638291015625
 20
112.3921341064453
 10
49.2309
 20
112.4197
 10
49.18666598815917
 20
112.448269631958
 10
49.14441345214843
 20
112.4786058837891
 10
49.10419789123535
 20
112.5106466644287
 10
49.0660748046875
 20
112.5443298828125
 10
49.03009969177246
 20
112.579593447876
 10
48.99632805175781
 20
112.6163752685547
 10
48.96481538391114
 20
112.6546132537842
 10
48.9356171875
 20
112.6942453125
 10
48.90878896179199
 20
112.7352093536377
 10
48.88438620605469
 20
112.7774432861328
 10
48.86246441955566
 20
112.8208850189209
 10
48.84307910156248
 20
112.8654724609375
 10
48.82628575134277
 20
112.9111435211182
 10
48.81213986816406
 20
112.9578361083984
 10
48.80069695129393
 20
113.0054881317139
 10
48.7920125
 20
113.0540375
 10
48.78614201354979
 20
113.1034221221924
 10
48.78314099121094
 20
113.1535799072266
 10
48.78306493225096
 20
113.2044487640381
 10
48.7859693359375
 20
113.2559666015625
 10
48.79190970153807
 20
113.3080713287354
 10
48.80094152832032
 20
113.3607008544922
 10
48.81312031555175
 20
113.4137930877686
 10
48.8285015625
 20
113.4672859375
 10
48.84714076843262
 20
113.5211173126221
 10
48.86909343261718
 20
113.5752251220703
 10
48.89441505432128
 20
113.6295472747803
 10
48.92316113281251
 20
113.6840216796875
 10
48.95538716735839
 20
113.7385862457275
 10
48.99114865722656
 20
113.7931788818359
 10
49.03050110168457
 20
113.8477374969482
 10
49.0735
 20
113.9022
 10
49.12347226562499
 20
113.9608976287842
 10
49.17538281249999
 20
114.0167790771484
 10
49.229175390625
 20
114.0697803131103
 10
49.28479375
 20
114.1198373046875
 10
49.342181640625
 20
114.1668860198974
 10
49.4012828125
 20
114.2108624267578
 10
49.462041015625
 20
114.2517024932861
 10
49.52439999999999
 20
114.2893421875
 10
49.588303515625
 20
114.323717477417
 10
49.6536953125
 20
114.3547643310547
 10
49.72051914062499
 20
114.3824187164306
 10
49.78871875
 20
114.4066166015625
 10
49.85823789062501
 20
114.4272939544678
 10
49.92902031249999
 20
114.4443867431641
 10
50.00100976562499
 20
114.4578309356689
 10
50.07415
 20
114.4675625
 10
50.148384765625
 20
114.4735174041748
 10
50.2236578125
 20
114.4756316162109
 10
50.299912890625
 20
114.473841104126
 10
50.37709375
 20
114.4680818359375
 10
50.455144140625
 20
114.4582897796631
 10
50.5340078125
 20
114.4444009033203
 10
50.613628515625
 20
114.4263511749268
 10
50.69395
 20
114.4040765625
 10
50.774916015625
 20
114.3775130340576
 10
50.85647031249999
 20
114.3465965576172
 10
50.93855664062498
 20
114.3112631011963
 10
51.02111875
 20
114.2714486328125
 10
51.104100390625
 20
114.2270891204834
 10
51.1874453125
 20
114.1781205322266
 10
51.271097265625
 20
114.1244788360596
 10
51.355
 20
114.0661
 10
51.39917971191406
 20
114.0321374816894
 10
51.4412595703125
 20
113.9970299316406
 10
51.48128190917968
 20
113.9608223571777
 10
51.51928906249999
 20
113.923559765625
 10
51.55532336425781
 20
113.8852871643066
 10
51.5894271484375
 20
113.8460495605469
 10
51.65201249999999
 20
113.764859375
 10
51.7073837890625
 20
113.6803492675781
 10
51.7558796875
 20
113.592879296875
 10
51.79783886718749
 20
113.5028095214844
 10
51.8336
 20
113.4105
 10
51.8635017578125
 20
113.3163107910156
 10
51.8878828125
 20
113.220601953125
 10
51.90708183593749
 20
113.1237335449219
 10
51.9214375
 20
113.026065625
 10
51.93128847656249
 20
112.9279582519531
 10
51.9369734375
 20
112.829771484375
 10
51.93883105468749
 20
112.7318653808594
 10
51.93719999999999
 20
112.6346
 10
51.92885756835936
 20
112.4522328643799
 10
51.91368515625
 20
112.2753222900391
 10
51.89178383789061
 20
112.1039389007568
 10
51.8632546875
 20
111.9381533203125
 10
51.82819877929686
 20
111.7780361724854
 10
51.7867171875
 20
111.6236580810547
 10
51.73891098632814
 20
111.4750896697998
 10
51.68488124999999
 20
111.3324015625
 10
51.62472905273436
 20
111.1956643829346
 10
51.59238861694336
 20
111.1295494609833
 10
51.55855546875
 20
111.0649487548828
 10
51.52324224243164
 20
111.0018710926056
 10
51.48646157226563
 20
110.940325302124
 10
51.4482260925293
 20
110.8803202114105
 10
51.40854843750001
 20
110.8218646484375
 10
51.3674412414551
 20
110.7649674411774
 10
51.32491713867189
 20
110.7096374176026
 10
51.28098876342774
 20
110.6558834056854
 10
51.23566875000001
 20
110.6037142333984
 10
51.18896973266602
 20
110.553138728714
 10
51.14090434570313
 20
110.5041657196045
 10
51.09148522338868
 20
110.4568040340424
 10
51.040725
 20
110.4110625
 10
50.98863630981445
 20
110.3669499454498
 10
50.93523178710936
 20
110.3244751983643
 10
50.88052406616211
 20
110.2836470867157
 10
50.82452578125
 20
110.2444744384766
 10
50.76724956665039
 20
110.2069660816193
 10
50.70870805664061
 20
110.1711308441162
 10
50.64891388549804
 20
110.1369775539398
 10
50.5878796875
 20
110.1045150390625
 10
50.52561809692384
 20
110.0737521274567
 10
50.46214174804689
 20
110.0446976470947
 10
50.39746327514651
 20
110.0173604259491
 10
50.3315953125
 20
109.9917492919922
 10
50.26455049438478
 20
109.9678730731964
 10
50.19634145507813
 20
109.9457405975342
 10
50.12698082885743
 20
109.9253606929779
 10
50.05648125
 20
109.9067421875
 10
49.91211577148437
 20
109.874824685669
 10
49.76334609375
 20
109.8500587158203
 10
49.61027329101561
 20
109.8325149017334
 10
49.4529984375
 20
109.8222638671875
 10
49.29162260742189
 20
109.8193762359619
 10
49.12624687500001
 20
109.8239226318359
 10
48.95697231445313
 20
109.8359736785889
 10
48.7839
 20
109.8556
 10
48.59622478561401
 20
109.884584595871
 10
48.4146684020996
 20
109.9194656341553
 10
48.23918942642211
 20
109.96008242836
 10
48.06974643554685
 20
110.0062742919922
 10
47.90629800643919
 20
110.057880538559
 10
47.74880271606443
 20
110.1147404815674
 10
47.59721914138791
 20
110.1766934345246
 10
47.451505859375
 20
110.2435787109375
 10
47.31162144699097
 20
110.3152356243133
 10
47.17752448120118
 20
110.3915034881592
 10
47.04917353897095
 20
110.4722216159821
 10
46.92652719726564
 20
110.5572293212891
 10
46.80954403305054
 20
110.6463659175873
 10
46.69818262329102
 20
110.7394707183838
 10
46.59240154495239
 20
110.8363830371857
 10
46.49215937499999
 20
110.9369421875
 10
46.39741469039916
 20
111.0409874828339
 10
46.30812606811521
 20
111.1483582366943
 10
46.22425208511351
 20
111.2588937625885
 10
46.14575131835936
 20
111.3724333740235
 10
46.0725823448181
 20
111.4888163845062
 10
46.00470374145506
 20
111.607882107544
 10
45.94207408523558
 20
111.7294698566437
 10
45.88465195312499
 20
111.8534189453125
 10
45.83239592208863
 20
111.9795686870575
 10
45.78526456909179
 20
112.1077583953857
 10
45.74321647109985
 20
112.2378273838043
 10
45.70621020507814
 20
112.3696149658203
 10
45.67420434799195
 20
112.5029604549408
 10
45.64715747680664
 20
112.6377031646729
 10
45.62502816848755
 20
112.7736824085236
 10
45.60777499999999
 20
112.9107375
 10
45.59535654830932
 20
113.0487077526093
 10
45.58773139038086
 20
113.1874324798584
 10
45.58485810317993
 20
113.3267509952545
 10
45.58669526367189
 20
113.4665026123047
 10
45.59320144882202
 20
113.606526644516
 10
45.60433523559571
 20
113.7466624053955
 10
45.62005520095826
 20
113.8867492084504
 10
45.640319921875
 20
114.0266263671875
 10
45.66508797531127
 20
114.1661331951141
 10
45.69431793823242
 20
114.3051090057373
 10
45.72796838760376
 20
114.4433931125641
 10
45.76599790039061
 20
114.5808248291016
 10
45.80836505355835
 20
114.7172434688568
 10
45.85502842407227
 20
114.8524883453369
 10
45.90594658889771
 20
114.986398772049
 10
45.961078125
 20
115.1188140625
 10
46.02038160934449
 20
115.2495735301972
 10
46.08381561889649
 20
115.3785164886475
 10
46.15133873062134
 20
115.5054822513581
 10
46.22290952148438
 20
115.630310131836
 10
46.29848656845092
 20
115.7528394435882
 10
46.37802844848632
 20
115.8729095001221
 10
46.4614937385559
 20
115.9903596149445
 10
46.54884101562498
 20
116.1050291015625
 10
46.64002885665893
 20
116.2167572734833
 10
46.73501583862305
 20
116.3253834442139
 10
46.83376053848268
 20
116.4307469272614
 10
46.93622153320315
 20
116.5326870361328
 10
47.04235739974977
 20
116.6310430843353
 10
47.1521267150879
 20
116.725654385376
 10
47.26548805618286
 20
116.8163602527619
 10
47.3824
 20
116.903
 10
47.25416547737122
 20
116.9593751583099
 10
47.12823163146974
 20
117.0173154266357
 10
47.00461398277282
 20
117.0768101825714
 10
46.88332805175781
 20
117.1378488037109
 10
46.76438935890198
 20
117.2004206676483
 10
46.64781342468262
 20
117.2645151519775
 10
46.53361576957703
 20
117.3301216342926
 10
46.42181191406248
 20
117.3972294921875
 10
46.31241737861632
 20
117.4658281032562
 10
46.20544768371581
 20
117.5359068450928
 10
46.10091834983824
 20
117.6074550952911
 10
45.99884489746095
 20
117.6804622314453
 10
45.89924284706117
 20
117.7549176311493
 10
45.80212771911623
 20
117.830810671997
 10
45.7075150341034
 20
117.9081307315826
 10
45.61542031250001
 20
117.9868671875
 10
45.52585907478333
 20
118.0670094173431
 10
45.43884684143067
 20
118.1485467987061
 10
45.35439913291932
 20
118.2314687091827
 10
45.27253146972657
 20
118.3157645263672
 10
45.19325937232971
 20
118.4014236278534
 10
45.11659836120606
 20
118.4884353912354
 10
45.04256395683288
 20
118.5767891941071
 10
44.97117167968751
 20
118.6664744140625
 10
44.9024370502472
 20
118.7574804286956
 10
44.83637558898927
 20
118.8497966156005
 10
44.77300281639101
 20
118.9434123523712
 10
44.71233425292971
 20
119.0383170166015
 10
44.65438541908265
 20
119.1344999858856
 10
44.59917183532716
 20
119.2319506378174
 10
44.5467090221405
 20
119.3306583499908
 10
44.49701249999999
 20
119.4306125
 10
44.45009778938294
 20
119.5318024654388
 10
44.4059804107666
 20
119.6342176239014
 10
44.36467588462829
 20
119.7378473529816
 10
44.32619973144531
 20
119.8426810302734
 10
44.29056747169493
 20
119.948708033371
 10
44.25779462585449
 20
120.0559177398682
 10
44.22789671440124
 20
120.164299527359
 10
44.20088925781249
 20
120.2738427734375
 10
44.17678777656553
 20
120.3845368556976
 10
44.1556077911377
 20
120.4963711517334
 10
44.13736482200622
 20
120.6093350391388
 10
44.12207438964844
 20
120.7234178955078
 10
44.10975201454163
 20
120.8386090984344
 10
44.10041321716309
 20
120.9548980255127
 10
44.09407351799011
 20
121.0722740543365
 10
44.0907484375
 20
121.1907265625
 10
44.09045349617003
 20
121.310244927597
 10
44.09320421447754
 20
121.4308185272217
 10
44.09901611289978
 20
121.5524367389679
 10
44.10790471191406
 20
121.6750889404297
 10
44.11988553199767
 20
121.798764509201
 10
44.13497409362792
 20
121.923452822876
 10
44.1531859172821
 20
122.0491432590485
 10
44.1745365234375
 20
122.1758251953125
 10
44.1990414325714
 20
122.303488009262
 10
44.22671616516113
 20
122.4321210784912
 10
44.25757624168396
 20
122.5617137805938
 10
44.29163718261718
 20
122.6922554931641
 10
44.3289145084381
 20
122.8237355937958
 10
44.36942373962403
 20
122.956143460083
 10
44.41318039665222
 20
123.0894684696197
 10
44.46019999999999
 20
123.2237
 10
44.44819999999999
 20
123.2355
 10
44.4479
 20
123.2355
 10
44.44819999999999
 20
123.2355
 10
44.45369999999999
 20
123.2357
 10
44.457
 20
123.236
 10
44.46
 20
123.234
 10
44.4613
 20
123.2373
 10
44.46489999999999
 20
123.2385
 10
44.4626
 20
123.2414
 10
44.4627
 20
123.2429
 10
44.4641
 20
123.243
 10
44.4672
 20
123.2407
 10
44.4682
 20
123.2443
 10
44.4716
 20
123.2456
 10
44.4695
 20
123.2486
 10
44.47
 20
123.2521
 10
44.4699
 20
123.2576
 10
44.47
 20
123.2576
 10
44.4699
 20
123.2576
 10
44.4819
 20
123.2454
 10
44.61612691574091
 20
123.2924150623321
 10
44.74944745483393
 20
123.3361674713135
 10
44.88185099258418
 20
123.3766727474213
 10
45.01332690429682
 20
123.4139464111328
 10
45.14386456527706
 20
123.4480039829254
 10
45.27345335083005
 20
123.4788609832764
 10
45.40208263626095
 20
123.506532932663
 10
45.52974179687497
 20
123.5310353515625
 10
45.65642020797727
 20
123.5523837604523
 10
45.78210724487302
 20
123.5705936798096
 10
45.9067922828674
 20
123.5856806301117
 10
46.0304646972656
 20
123.5976601318359
 10
46.15311386337279
 20
123.6065477054596
 10
46.27472915649413
 20
123.61235887146
 10
46.39529995193481
 20
123.6151091503143
 10
46.51481562499999
 20
123.6148140625
 10
46.63326555099488
 20
123.6114891284943
 10
46.7506391052246
 20
123.6051498687744
 10
46.8669256629944
 20
123.5958118038177
 10
46.9821145996094
 20
123.5834904541016
 10
47.09619529037477
 20
123.5682013401032
 10
47.20915711059572
 20
123.5499599822998
 10
47.3209894355774
 20
123.5287819011688
 10
47.43168164062502
 20
123.5046826171875
 10
47.54122310104372
 20
123.4776776508331
 10
47.64960319213869
 20
123.447782522583
 10
47.75681128921511
 20
123.4150127529144
 10
47.86283676757814
 20
123.3793838623047
 10
47.96766900253298
 20
123.3409113712311
 10
48.07129736938479
 20
123.2996108001709
 10
48.17371124343876
 20
123.2554976696014
 10
48.2749
 20
123.2085875
 10
48.37485301437374
 20
123.1588958118439
 10
48.4735596618652
 20
123.1064381256104
 10
48.57100931777951
 20
123.0512299617767
 10
48.66719135742185
 20
122.9932868408203
 10
48.7620951560974
 20
122.9326242832184
 10
48.85571008911131
 20
122.8692578094483
 10
48.94802553176877
 20
122.8032029399872
 10
49.03903085937498
 20
122.7344751953125
 10
49.12871544723509
 20
122.6630900959015
 10
49.21706867065428
 20
122.5890631622315
 10
49.30407990493772
 20
122.5124099147797
 10
49.3897385253906
 20
122.4331458740234
 10
49.4740339073181
 20
122.3512865604401
 10
49.55695542602538
 20
122.2668474945068
 10
49.63849245681764
 20
122.1798441967011
 10
49.718634375
 20
122.0902921875
 10
49.79737055587768
 20
121.998206987381
 10
49.87469037475586
 20
121.9036041168213
 10
49.95058320693971
 20
121.8064990962982
 10
50.02503842773439
 20
121.7069074462891
 10
50.09804541244507
 20
121.6048446872711
 10
50.16959353637696
 20
121.5003263397217
 10
50.23967217483521
 20
121.393367924118
 10
50.30827070312501
 20
121.2839849609375
 10
50.37537849655153
 20
121.1721929706573
 10
50.44098493041994
 20
121.0580074737548
 10
50.50507938003542
 20
120.9414439907074
 10
50.56765122070314
 20
120.8225180419922
 10
50.62868982772829
 20
120.7012451480865
 10
50.68818457641603
 20
120.5776408294677
 10
50.74612484207154
 20
120.4517206066131
 10
50.8025
 20
120.3235
 10
50.88914436149593
 20
120.4403984600067
 10
50.97985469665525
 20
120.5537474456787
 10
51.07447031898495
 20
120.6635054904937
 10
51.17283054199216
 20
120.7696311279297
 10
51.27477467918393
 20
120.8720828914642
 10
51.38014204406736
 20
120.9708193145752
 10
51.48877195014953
 20
121.0657989307403
 10
51.60050371093748
 20
121.1569802734375
 10
51.71517663993834
 20
121.2443218761444
 10
51.83263005065917
 20
121.3277822723389
 10
51.95270325660704
 20
121.4073199954987
 10
52.07523557128906
 20
121.4828935791016
 10
52.20006630821227
 20
121.5544615566254
 10
52.32703478088379
 20
121.6219824615478
 10
52.45598030281068
 20
121.6854148273468
 10
52.58674218750001
 20
121.7447171875
 10
52.71915974845888
 20
121.7998480754852
 10
52.85307229919435
 20
121.8507660247803
 10
52.98831915321353
 20
121.8974295688629
 10
53.12473962402346
 20
121.9397972412109
 10
53.26217302513125
 20
121.9778275753021
 10
53.40045867004399
 20
122.0114791046143
 10
53.53943587226872
 20
122.0407103626251
 10
53.67894394531249
 20
122.0654798828125
 10
53.81882220268242
 20
122.0857461986542
 10
53.95890995788569
 20
122.1014678436279
 10
54.09904652442928
 20
122.1126033512115
 10
54.23907121582027
 20
122.1191112548828
 10
54.37882334556576
 20
122.1209500881195
 10
54.51814222717282
 20
122.1180783843994
 10
54.65686717414852
 20
122.1104546772003
 10
54.79483749999997
 20
122.0980375
 10
54.93189251823422
 20
122.0807853862762
 10
55.06787154235838
 20
122.0586568695068
 10
55.2026138858795
 20
122.0316104831696
 10
55.33595886230468
 20
121.9996047607422
 10
55.46774578514097
 20
121.9625982357025
 10
55.59781396789549
 20
121.9205494415283
 10
55.7260027240753
 20
121.8734169116974
 10
55.8521513671875
 20
121.8211591796875
 10
55.97609921073914
 20
121.7637347789764
 10
56.09768556823732
 20
121.701102243042
 10
56.2167497531891
 20
121.6332201053619
 10
56.33313107910158
 20
121.560046899414
 10
56.44666885948183
 20
121.4815411586761
 10
56.55720240783695
 20
121.397661416626
 10
56.66457103767398
 20
121.3083662067413
 10
56.76861406249999
 20
121.2136140625
 10
56.86917079582209
 20
121.1133635173798
 10
56.96608055114742
 20
121.0075731048584
 10
57.05918264198301
 20
120.8962013584137
 10
57.14831638183589
 20
120.7792068115235
 10
57.23332108421321
 20
120.6565479976655
 10
57.31403606262205
 20
120.5281834503174
 10
57.39030063056943
 20
120.3940717029572
 10
57.46195410156248
 20
120.2541712890625
 10
57.52883578910825
 20
120.1084407421112
 10
57.59078500671385
 20
119.9568385955811
 10
57.64764106788634
 20
119.7993233829499
 10
57.69924328613281
 20
119.6358536376953
 10
57.74543097496031
 20
119.4663878932953
 10
57.78604344787597
 20
119.2908846832275
 10
57.82092001838684
 20
119.1093025409698
 10
57.8499
 20
118.9216
 10
57.86954449462889
 20
118.7485540832519
 10
57.88161259765624
 20
118.5793025878906
 10
57.88617498779297
 20
118.4139467712402
 10
57.88330234375
 20
118.252587890625
 10
57.87306534423827
 20
118.0953272033691
 10
57.85553466796874
 20
117.9422659667968
 10
57.83078099365234
 20
117.7935054382324
 10
57.798875
 20
117.649146875
 10
57.78026197052002
 20
117.5786499732971
 10
57.75988736572266
 20
117.5092915344238
 10
57.73776002044678
 20
117.4410842155457
 10
57.71388876953126
 20
117.3740406738281
 10
57.68828244781495
 20
117.3081735664368
 10
57.66094989013672
 20
117.2434955505371
 10
57.63189993133544
 20
117.1800192832947
 10
57.60114140625
 20
117.117757421875
 10
57.56868314971924
 20
117.0567226234436
 10
57.53453399658203
 20
116.996927545166
 10
57.49870278167724
 20
116.9383848442078
 10
57.46119833984375
 20
116.8811071777344
 10
57.42202950592041
 20
116.8251072029114
 10
57.38120511474609
 20
116.7703975769043
 10
57.33873400115966
 20
116.7169909568787
 10
57.294625
 20
116.6649
 10
57.24888694610595
 20
116.6141373634338
 10
57.2015286743164
 20
116.5647157043457
 10
57.15255901947021
 20
116.5166476799011
 10
57.10198681640624
 20
116.4699459472656
 10
57.04982089996337
 20
116.4246231636047
 10
56.99607010498045
 20
116.380691986084
 10
56.94074326629639
 20
116.3381650718689
 10
56.88384921874999
 20
116.297055078125
 10
56.82539679718015
 20
116.2573746620178
 10
56.76539483642576
 20
116.2191364807129
 10
56.70385217132565
 20
116.1823531913757
 10
56.64077763671873
 20
116.1470374511719
 10
56.57618006744382
 20
116.1132019172668
 10
56.51006829833982
 20
116.0808592468262
 10
56.37333750000001
 20
116.020703125
 10
56.23065592041019
 20
115.9666703430176
 10
56.08209423828127
 20
115.9188621582031
 10
55.92772313232424
 20
115.8773798278809
 10
55.76761328125001
 20
115.842324609375
 10
55.60183536376953
 20
115.8137977600098
 10
55.43046005859376
 20
115.7919005371094
 10
55.25355804443361
 20
115.776734197998
 10
55.0712
 20
115.7684
 10
54.97390270996092
 20
115.7667524902344
 10
54.87597480468749
 20
115.768598046875
 10
54.77777473144531
 20
115.7742750488281
 10
54.6796609375
 20
115.784121875
 10
54.58199187011718
 20
115.7984769042969
 10
54.4851259765625
 20
115.817678515625
 10
54.38942170410157
 20
115.8420650878906
 10
54.2952375
 20
115.871975
 10
54.20293181152342
 20
115.9077466308594
 10
54.1128630859375
 20
115.949718359375
 10
54.02538977050781
 20
115.9982285644531
 10
53.9408703125
 20
116.053615625
 10
53.85966315917968
 20
116.1162179199219
 10
53.82041371154785
 20
116.1503305236816
 10
53.7821267578125
 20
116.186373828125
 10
53.74484710388182
 20
116.2243901306152
 10
53.70861955566406
 20
116.2644217285156
 10
53.67348891906736
 20
116.3065109191895
 10
53.63949999999999
 20
116.3507
 10
53.58111207885743
 20
116.4346291290283
 10
53.52746186523439
 20
116.5183041259766
 10
53.4784853088379
 20
116.6016689056396
 10
53.434118359375
 20
116.6846673828125
 10
53.39429696655274
 20
116.7672434722899
 10
53.35895708007813
 20
116.8493410888672
 10
53.3280346496582
 20
116.9309041473389
 10
53.301465625
 20
117.0118765625
 10
53.27918595581054
 20
117.0922022491455
 10
53.26113159179688
 20
117.1718251220703
 10
53.247238482666
 20
117.2506890960693
 10
53.23744257812499
 20
117.3287380859375
 10
53.23167982788085
 20
117.4059160064697
 10
53.22988618164061
 20
117.482166772461
 10
53.23199758911131
 20
117.5574342987061
 10
53.23795
 20
117.6316625
 10
53.24767936401367
 20
117.7047952911377
 10
53.26112163085936
 20
117.7767765869141
 10
53.27821275024414
 20
117.847550302124
 10
53.29888867187499
 20
117.9170603515625
 10
53.32308534545898
 20
117.9852506500244
 10
53.35073872070311
 20
118.0520651123047
 10
53.38178474731446
 20
118.1174476531983
 10
53.416159375
 20
118.1813421875
 10
53.4537985534668
 20
118.2436926300049
 10
53.49463823242189
 20
118.3044428955078
 10
53.53861436157226
 20
118.3635368988037
 10
53.585662890625
 20
118.4209185546875
 10
53.63571976928712
 20
118.4765317779541
 10
53.68872094726564
 20
118.5303204833984
 10
53.7446023742676
 20
118.5822285858154
 10
53.8033
 20
118.6322
 10
53.85777130737303
 20
118.6751807281494
 10
53.91233764648436
 20
118.7145161376953
 10
53.96693701782226
 20
118.7502616912842
 10
54.02150742187499
 20
118.7824728515625
 10
54.07598685913086
 20
118.8112050811768
 10
54.13031333007811
 20
118.8365138427734
 10
54.1844248352051
 20
118.858454598999
 10
54.23825937500001
 20
118.8770828125
 10
54.29175494995118
 20
118.8924539459229
 10
54.34484956054689
 20
118.9046234619141
 10
54.39748120727539
 20
118.9136468231201
 10
54.449587890625
 20
118.9195794921875
 10
54.50110761108397
 20
118.9224769317627
 10
54.5519783691406
 20
118.9223946044922
 10
54.60213816528319
 20
118.9193879730225
 10
54.65152499999999
 20
118.9135125
 10
54.70007687377929
 20
118.9048236480713
 10
54.74773178710936
 20
118.8933768798828
 10
54.7944277404785
 20
118.8792276580811
 10
54.840102734375
 20
118.8624314453125
 10
54.88469476928711
 20
118.8430437042236
 10
54.92814184570313
 20
118.8211198974609
 10
54.97038196411132
 20
118.7967154876709
 10
55.011353125
 20
118.7698859375
 10
55.05099332885742
 20
118.7406867095947
 10
55.08924057617186
 20
118.7091732666016
 10
55.12603286743163
 20
118.675401071167
 10
55.16130820312501
 20
118.6394255859375
 10
55.19500458374024
 20
118.6013022735596
 10
55.22706000976564
 20
118.5610865966797
 10
55.25741248168944
 20
118.5188340179443
 10
55.286
 20
118.4746
 10
55.31354833984376
 20
118.3891182128906
 10
55.33387265625
 20
118.303253515625
 10
55.34686689453125
 20
118.2175019042969
 10
55.35242499999999
 20
118.132359375
 10
55.35044091796875
 20
118.0483219238281
 10
55.34080859374999
 20
117.965885546875
 10
55.33309119873047
 20
117.9254227600098
 10
55.32342197265625
 20
117.8855462402344
 10
55.31178765869139
 20
117.8463179870605
 10
55.298175
 20
117.8078
 10
55.28257073974609
 20
117.7700542785644
 10
55.26496162109374
 20
117.7331428222656
 10
55.24533438720703
 20
117.6971276306152
 10
55.22367578125
 20
117.662070703125
 10
55.19997254638671
 20
117.6280340393066
 10
55.17421142578124
 20
117.5950796386719
 10
55.14637916259765
 20
117.5632695007324
 10
55.1164625
 20
117.532665625
 10
55.08444818115235
 20
117.5033300109863
 10
55.05032294921875
 20
117.4753246582031
 10
55.01407354736329
 20
117.4487115661621
 10
54.97568671875
 20
117.423552734375
 10
54.93514920654297
 20
117.3999101623535
 10
54.89244775390624
 20
117.3778458496094
 10
54.84756910400389
 20
117.3574217956543
 10
54.8005
 20
117.3387
 10
54.87866769676209
 20
117.3320064174652
 10
54.95525553894043
 20
117.3285722381592
 10
55.03023127937317
 20
117.3283220020294
 10
55.10356267089844
 20
117.3311802490234
 10
55.17521746635438
 20
117.3370715190887
 10
55.24516341857911
 20
117.3459203521729
 10
55.31336828041078
 20
117.3576512882233
 10
55.37979980468752
 20
117.3721888671875
 10
55.44442574424746
 20
117.3894576290131
 10
55.50721385192873
 20
117.4093821136475
 10
55.56813188056946
 20
117.4318868610382
 10
55.62714758300783
 20
117.4568964111328
 10
55.68422871208192
 20
117.4843353038788
 10
55.73934302062991
 20
117.5141280792236
 10
55.79245826148988
 20
117.5461992771149
 10
55.8435421875
 20
117.5804734375
 10
55.89256255149839
 20
117.6168751003265
 10
55.93948710632322
 20
117.655328805542
 10
55.98428360481261
 20
117.6957590930939
 10
56.02691979980468
 20
117.7380905029297
 10
56.06736344413757
 20
117.7822475749969
 10
56.1055822906494
 20
117.8281548492432
 10
56.14154409217834
 20
117.8757368656158
 10
56.17521660156249
 20
117.9249181640625
 10
56.20656757164002
 20
117.9756232845306
 10
56.23556475524902
 20
118.0277767669678
 10
56.26217590522765
 20
118.0813031513214
 10
56.28636877441406
 20
118.1361269775391
 10
56.30811111564636
 20
118.1921727855682
 10
56.3273706817627
 20
118.2493651153565
 10
56.34411522560118
 20
118.3076285068512
 10
56.35831249999999
 20
118.3668875
 10
56.36993025779724
 20
118.4270666347504
 10
56.37893625183107
 20
118.4880904510498
 10
56.38529823493957
 20
118.5498834888459
 10
56.38898395996092
 20
118.612370288086
 10
56.38996117973328
 20
118.6754753887177
 10
56.38819764709473
 20
118.7391233306885
 10
56.38366111488342
 20
118.803238653946
 10
56.3763193359375
 20
118.8677458984375
 10
56.3661400630951
 20
118.9325696041107
 10
56.35309104919435
 20
118.9976343109131
 10
56.33714004707336
 20
119.0628645587921
 10
56.31825480957032
 20
119.1281848876953
 10
56.29640308952332
 20
119.1935198375702
 10
56.27155263977051
 20
119.2587939483642
 10
56.24367121315003
 20
119.323931760025
 10
56.2127265625
 20
119.3888578125
 10
56.17868644065857
 20
119.4534966457367
 10
56.14151860046387
 20
119.5177727996826
 10
56.10119079475403
 20
119.5816108142853
 10
56.05767077636719
 20
119.6449352294922
 10
56.01092629814147
 20
119.7076705852509
 10
55.96092511291504
 20
119.7697414215088
 10
55.907634973526
 20
119.8310722782135
 10
55.8510236328125
 20
119.8915876953125
 10
55.79105884361267
 20
119.9512122127533
 10
55.72770835876464
 20
120.0098703704834
 10
55.66093993110655
 20
120.0674867084503
 10
55.59072131347654
 20
120.1239857666016
 10
55.51702025871274
 20
120.1792920848847
 10
55.43980451965329
 20
120.2333302032471
 10
55.35904184913633
 20
120.2860246616364
 10
55.2747
 20
120.3373
 10
55.20235364799503
 20
120.3777326114654
 10
55.12988269958499
 20
120.4151481964111
 10
55.05732369117739
 20
120.449582755661
 10
54.98471315917971
 20
120.4810722900391
 10
54.91208763999942
 20
120.5096528003693
 10
54.83948367004396
 20
120.5353602874756
 10
54.76693778572084
 20
120.558230752182
 10
54.69448652343751
 20
120.5783001953125
 10
54.62216641960147
 20
120.595604617691
 10
54.55001401062014
 20
120.6101800201416
 10
54.47806583290101
 20
120.6220624034882
 10
54.40635842285157
 20
120.6312877685547
 10
54.33492831687928
 20
120.6378921161652
 10
54.2638120513916
 20
120.6419114471436
 10
54.19304616279602
 20
120.6433817623138
 10
54.1226671875
 20
120.6423390625
 10
54.05271166191101
 20
120.638819348526
 10
53.98321612243652
 20
120.6328586212158
 10
53.914217105484
 20
120.6244928813934
 10
53.84575114746093
 20
120.6137581298828
 10
53.77785478477477
 20
120.6006903675079
 10
53.710564553833
 20
120.5853255950928
 10
53.64391699104308
 20
120.5676998134613
 10
53.57794863281249
 20
120.5478490234375
 10
53.51269601554868
 20
120.5258092258453
 10
53.44819567565916
 20
120.5016164215088
 10
53.38448414955138
 20
120.4753066112518
 10
53.32159797363279
 20
120.4469157958984
 10
53.25957368431089
 20
120.4164799762726
 10
53.19844781799314
 20
120.3840351531982
 10
53.138256911087
 20
120.3496173274994
 10
53.0790375
 20
120.3132625
 10
53.02082612113954
 20
120.2750066715241
 10
52.96365931091311
 20
120.2348858428955
 10
52.90757360572817
 20
120.1929360149384
 10
52.8526055419922
 20
120.1491931884766
 10
52.79879165611268
 20
120.1036933643341
 10
52.74616848449708
 20
120.056472543335
 10
52.69477256355287
 20
120.0075667263031
 10
52.64464042968751
 20
119.9570119140625
 10
52.59580861930848
 20
119.9048441074371
 10
52.54831366882325
 20
119.851099307251
 10
52.50219211463929
 20
119.795813514328
 10
52.45748049316406
 20
119.7390227294922
 10
52.41421534080505
 20
119.6807629535675
 10
52.37243319396973
 20
119.6210701873779
 10
52.33217058906556
 20
119.5599804317474
 10
52.29346406250001
 20
119.4975296875
 10
52.25635015068053
 20
119.4337539554596
 10
52.22086539001463
 20
119.3686892364502
 10
52.18704631690979
 20
119.3023715312958
 10
52.15492946777343
 20
119.2348368408203
 10
52.12455137901306
 20
119.1661211658478
 10
52.09594858703614
 20
119.0962605072021
 10
52.06915762825011
 20
119.0252908657074
 10
52.0442150390625
 20
118.9532482421875
 10
52.02115735588073
 20
118.8801686374664
 10
52.0000211151123
 20
118.8060880523682
 10
51.98084285316467
 20
118.7310424877166
 10
51.96365910644531
 20
118.6550679443359
 10
51.94850641136167
 20
118.5782004230499
 10
51.93542130432128
 20
118.5004759246826
 10
51.92444032173156
 20
118.421930450058
 10
51.91559999999999
 20
118.3426
 10
51.90546256408691
 20
118.2122641906738
 10
51.90185168457031
 20
118.0821623535156
 10
51.90466637878418
 20
117.9523497497559
 10
51.91380566406249
 20
117.822881640625
 10
51.92916855773924
 20
117.6938132873535
 10
51.95065407714843
 20
117.5651999511719
 10
51.97816123962402
 20
117.4370968933106
 10
52.0115890625
 20
117.309559375
 10
52.05083656311035
 20
117.1826426574707
 10
52.09580275878907
 20
117.0564020019531
 10
52.14638666687013
 20
116.9308926696777
 10
52.2024873046875
 20
116.806169921875
 10
52.26400368957517
 20
116.6822890197754
 10
52.33083483886717
 20
116.5593052246094
 10
52.40287976989745
 20
116.4372737976074
 10
52.48003749999998
 20
116.31625
 10
52.56220704650878
 20
116.1962890930176
 10
52.64928742675781
 20
116.0774463378906
 10
52.74117765808107
 20
115.9597769958496
 10
52.83777675781252
 20
115.843336328125
 10
52.93898374328614
 20
115.7281795959473
 10
53.04469763183596
 20
115.6143620605469
 10
53.1548174407959
 20
115.5019389831543
 10
53.26924218749999
 20
115.390965625
 10
53.38787088928221
 20
115.2814972473145
 10
53.51060256347654
 20
115.1735891113281
 10
53.63733622741698
 20
115.0672964782715
 10
53.76797089843748
 20
114.962674609375
 10
53.90240559387206
 20
114.8597787658692
 10
54.04053933105468
 20
114.7586642089844
 10
54.18227112731933
 20
114.6593861999512
 10
54.3275
 20
114.562
 10
54.42857987022399
 20
114.4967629116058
 10
54.52908603210449
 20
114.4344374725342
 10
54.62901987495422
 20
114.3749930469513
 10
54.72838278808594
 20
114.3183989990234
 10
54.82717616081238
 20
114.2646246929169
 10
54.92540138244629
 20
114.2136394927978
 10
55.02305984230043
 20
114.1654127628326
 10
55.12015292968753
 20
114.1199138671875
 10
55.21668203392032
 20
114.0771121700287
 10
55.31264854431154
 20
114.0369770355224
 10
55.40805385017398
 20
113.9994778278351
 10
55.50289934082034
 20
113.9645839111328
 10
55.59718640556338
 20
113.9322646495819
 10
55.69091643371585
 20
113.9024894073486
 10
55.78409081459049
 20
113.8752275485992
 10
55.8767109375
 20
113.8504484375
 10
55.96877819175717
 20
113.8281214382172
 10
56.06029396667477
 20
113.808215914917
 10
56.15125965156552
 20
113.7907012317658
 10
56.24167663574216
 20
113.7755467529297
 10
56.33154630851742
 20
113.7627218425751
 10
56.42087005920409
 20
113.7521958648682
 10
56.50964927711484
 20
113.7439381839752
 10
56.59788535156248
 20
113.7379181640625
 10
56.68557967185972
 20
113.7341051692963
 10
56.77273362731932
 20
113.7324685638428
 10
56.85934860725402
 20
113.7329777118683
 10
56.94542600097655
 20
113.735601977539
 10
57.03096719779968
 20
113.7403107250214
 10
57.11597358703611
 20
113.7470733184814
 10
57.20044655799864
 20
113.7558591220856
 10
57.28438749999998
 20
113.7666375
 10
57.45067885437012
 20
113.7940494354248
 10
57.61485876464846
 20
113.8290640380859
 10
57.77693834533693
 20
113.8714362213135
 10
57.93692871093752
 20
113.9209208984375
 10
58.09484097595216
 20
113.9772729827881
 10
58.25068625488285
 20
114.0402473876953
 10
58.40447566223147
 20
114.1095990264893
 10
58.5562203125
 20
114.1850828125
 10
58.7059313201904
 20
114.2664536590576
 10
58.85361979980467
 20
114.3534664794922
 10
58.99929686584471
 20
114.4458761871338
 10
59.14297363281248
 20
114.5434376953125
 10
59.28466121520995
 20
114.6459059173584
 10
59.42437072753906
 20
114.7530357666016
 10
59.56211328430175
 20
114.8645821563721
 10
59.69789999999999
 20
114.9803
 10
59.79767059631347
 20
114.8988100402832
 10
59.88964172363282
 20
114.8177424316406
 10
59.97389301452638
 20
114.737091204834
 10
60.0505041015625
 20
114.656850390625
 10
60.11955461730958
 20
114.5770140197754
 10
60.18112419433595
 20
114.4975761230469
 10
60.23529246520997
 20
114.4185307312012
 10
60.2821390625
 20
114.339871875
 10
60.32174361877441
 20
114.2615935852051
 10
60.35418576660156
 20
114.1836898925781
 10
60.37954513854979
 20
114.1061548278809
 10
60.3979013671875
 20
114.028982421875
 10
60.40933408508301
 20
113.9521667053223
 10
60.41392292480469
 20
113.8757017089844
 10
60.41174751892089
 20
113.799581463623
 10
60.4028875
 20
113.7238
 10
60.38742250061035
 20
113.648351348877
 10
60.36543215332031
 20
113.5732295410156
 10
60.33699609069824
 20
113.4984286071777
 10
60.3021939453125
 20
113.423942578125
 10
60.26110534973145
 20
113.3497654846191
 10
60.21380993652344
 20
113.2758913574219
 10
60.16038733825684
 20
113.2023142272949
 10
60.1009171875
 20
113.129028125
 10
60.03547911682129
 20
113.0560270812988
 10
59.96415275878906
 20
112.9833051269531
 10
59.88701774597168
 20
112.9108562927246
 10
59.8041537109375
 20
112.838674609375
 10
59.71564028625486
 20
112.766754107666
 10
59.62155710449217
 20
112.6950888183594
 10
59.52198379821775
 20
112.6236727722168
 10
59.417
 20
112.5525
 10
59.62599663085935
 20
112.5069988769531
 10
59.83452304687498
 20
112.467158203125
 10
60.04257778320312
 20
112.4329032714844
 10
60.250159375
 20
112.404159375
 10
60.45726635742189
 20
112.3808518066406
 10
60.66389726562501
 20
112.362905859375
 10
60.87005063476564
 20
112.3502468261719
 10
61.07572499999999
 20
112.3428
 10
61.28091889648436
 20
112.3404906738281
 10
61.485630859375
 20
112.343244140625
 10
61.68985942382811
 20
112.3509856933594
 10
61.89360312499999
 20
112.363640625
 10
62.09686049804687
 20
112.3811342285156
 10
62.29963007812501
 20
112.403391796875
 10
62.50191040039063
 20
112.4303386230469
 10
62.70369999999999
 20
112.4619
 10
62.64536111145021
 20
112.7621308074951
 10
62.58039045410157
 20
113.0609163818359
 10
62.50881954040528
 20
113.3582652008056
 10
62.43067988281251
 20
113.6541857421875
 10
62.3460029937744
 20
113.9486864837646
 10
62.25482038574218
 20
114.2417759033203
 10
62.15716357116699
 20
114.5334624786377
 10
62.05306406249999
 20
114.8237546875
 10
61.94255337219236
 20
115.1126610076905
 10
61.82566301269529
 20
115.4001899169922
 10
61.70242449645994
 20
115.6863498931885
 10
61.57286933593749
 20
115.9711494140625
 10
61.43702904357913
 20
116.2545969573974
 10
61.29493513183596
 20
116.5367010009765
 10
61.1466191131592
 20
116.817470022583
 10
60.99211250000001
 20
117.0969125
 10
60.83144680480958
 20
117.3750369110107
 10
60.66465354003907
 20
117.6518517333984
 10
60.49176421813965
 20
117.9273654449463
 10
60.3128103515625
 20
118.2015865234375
 10
60.12782345275878
 20
118.4745234466553
 10
59.93683503417966
 20
118.7461846923828
 10
59.73987660827635
 20
119.0165787384034
 10
59.53697968750001
 20
119.2857140625
 10
59.32817578430181
 20
119.553599142456
 10
59.11349641113286
 20
119.8202424560546
 10
58.89297308044438
 20
120.0856524810791
 10
58.66663730468753
 20
120.3498376953125
 10
58.43452059631349
 20
120.6128065765381
 10
58.19665446777346
 20
120.874567602539
 10
57.95307043151856
 20
121.1351292510986
 10
57.7038
 20
121.3945
 10
57.49607327880859
 20
121.5512378540039
 10
57.28681279296875
 20
121.7047071289063
 10
57.07595430908201
 20
121.854766394043
 10
56.86343359374998
 20
122.00127421875
 10
56.64918641357419
 20
122.1440891723633
 10
56.43314853515621
 20
122.2830698242188
 10
56.2152557250976
 20
122.4180747436524
 10
55.99544375
 20
122.5489625
 10
55.77364837646488
 20
122.6755916625976
 10
55.54980537109377
 20
122.7978208007812
 10
55.32385050048831
 20
122.9155084838867
 10
55.09571953125002
 20
123.02851328125
 10
54.86534822998048
 20
123.136693762207
 10
54.63267236328126
 20
123.2399084960937
 10
54.3976276977539
 20
123.3380160522461
 10
54.16015
 20
123.430875
 10
53.9201750366211
 20
123.5183439086914
 10
53.67763857421874
 20
123.6002813476562
 10
53.43247637939452
 20
123.6765458862305
 10
53.18462421874998
 20
123.74699609375
 10
52.93401785888669
 20
123.8114905395508
 10
52.68059306640621
 20
123.8698877929688
 10
52.42428560791011
 20
123.9220464233399
 10
52.16503125
 20
123.967825
 10
51.9027657592774
 20
124.0070820922851
 10
51.63742490234379
 20
124.0396762695312
 10
51.36894444580082
 20
124.0654661010742
 10
51.09726015625003
 20
124.08431015625
 10
50.82230780029299
 20
124.0960670043945
 10
50.54402314453127
 20
124.1005952148438
 10
50.26234195556643
 20
124.0977533569336
 10
49.97720000000001
 20
124.0874
 10
49.70307558288574
 20
124.0754621490479
 10
49.43095270996092
 20
124.0661061767578
 10
49.16087882385252
 20
124.0593903289795
 10
48.89290136718747
 20
124.0553728515625
 10
48.62706778259273
 20
124.0541119903564
 10
48.36342551269526
 20
124.0556659912109
 10
48.102022000122
 20
124.0600930999756
 10
47.84290468749999
 20
124.0674515625
 10
47.58612101745609
 20
124.0777996246338
 10
47.33171843261721
 20
124.0911955322266
 10
47.07974437561037
 20
124.1076975311279
 10
46.83024628906251
 20
124.1273638671875
 10
46.58327161560059
 20
124.1502527862549
 10
46.33886779785156
 20
124.1764225341797
 10
46.09708227844236
 20
124.2059313568115
 10
45.85796249999997
 20
124.2388375
 10
45.62155590515135
 20
124.2751992095947
 10
45.3879099365234
 20
124.3150747314453
 10
45.15707203674311
 20
124.3585223114014
 10
44.92908964843749
 20
124.4056001953125
 10
44.70401021423342
 20
124.4563666290283
 10
44.48188117675785
 20
124.5108798583984
 10
44.26274997863771
 20
124.5691981292725
 10
44.0466640625
 20
124.6313796875
 10
43.83367087097169
 20
124.6974827789307
 10
43.62381784667968
 20
124.7675656494141
 10
43.41715243225096
 20
124.8416865447998
 10
43.21372207031248
 20
124.9199037109375
 10
43.01357420349119
 20
125.0022753936768
 10
42.81675627441403
 20
125.0888598388672
 10
42.62331572570797
 20
125.1797152923584
 10
42.4333
 20
125.2749
 10
42.4167
 20
125.2921
  0
LWPOLYLINE
  5
46
330
24FC
100
AcDbEntity
  8
LAYER_1
100
AcDbPolyline
 90
      128
 70
     1
 43
0.0
 10
45.8589
 20
121.8467
 10
45.8496
 20
121.8467
 10
45.84559999999999
 20
121.8516
 10
45.84559999999999
 20
121.8467
 10
45.84069999999999
 20
121.8466
 10
45.84539999999999
 20
121.8425
 10
45.84396527061461
 20
121.7464193786621
 10
45.844882711792
 20
121.6510775878905
 10
45.84815195503234
 20
121.5564747375488
 10
45.85377263183594
 20
121.4626109375
 10
45.861744373703
 20
121.3694862976074
 10
45.8720668121338
 20
121.2771009277344
 10
45.88473957862854
 20
121.1854549377442
 10
45.89976230468749
 20
121.0945484375
 10
45.9171346218109
 20
121.0043815368652
 10
45.93685616149902
 20
120.914954345703
 10
45.95892655525206
 20
120.826266973877
 10
45.9833454345703
 20
120.73831953125
 10
46.01011243095398
 20
120.6511121276855
 10
46.03922717590331
 20
120.5646448730469
 10
46.07068930091856
 20
120.4789178771973
 10
46.10449843749999
 20
120.39393125
 10
46.14065421714783
 20
120.3096851013184
 10
46.17915627136231
 20
120.2261795410155
 10
46.22000423164368
 20
120.1434146789551
 10
46.26319772949218
 20
120.061390625
 10
46.30873639640809
 20
119.9801074890137
 10
46.35661986389161
 20
119.8995653808594
 10
46.406847763443
 20
119.8197644104004
 10
46.4594197265625
 20
119.7407046875
 10
46.51433538475036
 20
119.6623863220215
 10
46.57159436950684
 20
119.5848094238281
 10
46.63119631233215
 20
119.5079741027832
 10
46.69314084472656
 20
119.43188046875
 10
46.75742759819032
 20
119.3565286315918
 10
46.82405620422364
 20
119.2819187011719
 10
46.89302629432678
 20
119.2080507873535
 10
46.9643375
 20
119.134925
 10
47.03798945274352
 20
119.0625414489746
 10
47.11398178405761
 20
118.9909002441406
 10
47.1923141254425
 20
118.9200014953613
 10
47.27298610839845
 20
118.8498453125
 10
47.35599736442566
 20
118.7804318054199
 10
47.4413475250244
 20
118.7117610839844
 10
47.52903622169496
 20
118.6438332580566
 10
47.6190630859375
 20
118.5766484375
 10
47.80612984313965
 20
118.444508251953
 10
48.00254484863282
 20
118.31534140625
 10
48.20830515441895
 20
118.1891487792969
 10
48.4234078125
 20
118.06593125
 10
48.64784987487793
 20
117.9456896972656
 10
48.8816283935547
 20
117.828425
 10
49.12474042053222
 20
117.7141380371094
 10
49.37718300781249
 20
117.6028296875
 10
49.63895320739747
 20
117.4945008300781
 10
49.91004807128906
 20
117.38915234375
 10
50.19046465148925
 20
117.2867851074219
 10
50.48020000000001
 20
117.1874
 10
50.4855
 20
117.1816
 10
50.4869
 20
117.1816
 10
50.4853
 20
117.185
 10
50.48899999999999
 20
117.1834
 10
50.48899999999999
 20
117.185
 10
50.4834
 20
117.1906
 10
50.4679
 20
117.2378
 10
50.5152
 20
117.2221
 10
50.5207
 20
117.2167
 10
50.5221
 20
117.2166
 10
50.5206
 20
117.2203
 10
50.5243
 20
117.2186
 10
50.52399999999999
 20
117.2201
 10
50.5185
 20
117.2253
 10
50.4190876373291
 20
117.5150529449463
 10
50.31669484863281
 20
117.7954848876953
 10
50.21132245788574
 20
118.0665929901123
 10
50.1029712890625
 20
118.3283744140625
 10
49.9916421661377
 20
118.5808263214111
 10
49.87733591308593
 20
118.8239458740234
 10
49.76005335388184
 20
119.0577302337646
 10
49.6397953125
 20
119.2821765625
 10
49.51656261291503
 20
119.4972820220948
 10
49.39035607910154
 20
119.7030437744141
 10
49.26117653503417
 20
119.8994589813233
 10
49.1290248046875
 20
120.0865248046875
 10
49.06183462715149
 20
120.1765508106232
 10
48.99390171203613
 20
120.2642384063721
 10
48.92522616233826
 20
120.3495872371674
 10
48.85580808105467
 20
120.4325969482422
 10
48.78564757118225
 20
120.5132671848297
 10
48.71474473571777
 20
120.5915975921631
 10
48.64309967765807
 20
120.6675878154755
 10
48.57071249999999
 20
120.7412375
 10
48.49758330574035
 20
120.8125462909699
 10
48.42371219787596
 20
120.8815138336182
 10
48.34909927940366
 20
120.9481397731781
 10
48.27374465332029
 20
121.0124237548828
 10
48.19764842262265
 20
121.0743654239655
 10
48.1208106903076
 20
121.1339644256592
 10
48.04323155937193
 20
121.1912204051972
 10
47.96491113281248
 20
121.2461330078125
 10
47.8858495136261
 20
121.2987018787384
 10
47.80604680480957
 20
121.348926663208
 10
47.72550310935974
 20
121.3968070064545
 10
47.64421853027342
 20
121.4423425537109
 10
47.56219317054747
 20
121.4855329502106
 10
47.4794271331787
 20
121.5263778411865
 10
47.39592052116393
 20
121.5648768718719
 10
47.31167343749998
 20
121.6010296875
 10
47.2266859851837
 20
121.6348359333038
 10
47.14095826721189
 20
121.6662952545166
 10
47.0544903865814
 20
121.6954072963715
 10
46.96728244628906
 20
121.7221717041016
 10
46.87933454933167
 20
121.7465881229401
 10
46.79064679870606
 20
121.7686561981201
 10
46.70121929740907
 20
121.7883755748749
 10
46.61105214843749
 20
121.8057458984375
 10
46.5201454547882
 20
121.8207668140411
 10
46.428499319458
 20
121.833437966919
 10
46.33611384544372
 20
121.8437590023041
 10
46.24298913574218
 20
121.8517295654297
 10
46.14912529335021
 20
121.8573493015289
 10
46.05452242126463
 20
121.860617855835
 10
45.95918062248229
 20
121.8615348735809
 10
45.8631
 20
121.8601
 10
45.85899999999999
 20
121.8649
 10
45.85899999999999
 20
121.8601
 10
45.8541
 20
121.86
 10
45.8589
 20
121.8559
  0
LWPOLYLINE
  5
47
330
24FC
100
AcDbEntity
  8
LAYER_1
100
AcDbPolyline
 90
       84
 70
     1
 43
0.0
 10
63.68069999980964
 20
116.0168000008202
 10
63.75820321655274
 20
116.3550154663086
 10
63.83198393554686
 20
116.6861143554687
 10
63.90191438598633
 20
117.010016027832
 10
63.967866796875
 20
117.32663984375
 10
64.0297133972168
 20
117.6359051635742
 10
64.08732641601559
 20
117.9377313476563
 10
64.14057808227538
 20
118.2320377563477
 10
64.18934062499999
 20
118.51874375
 10
64.23348627319334
 20
118.7977686889649
 10
64.27288725585936
 20
119.0690319335937
 10
64.30741580200197
 20
119.3324528442383
 10
64.336944140625
 20
119.58795078125
 10
64.3613445007324
 20
119.8354451049805
 10
64.38048911132813
 20
120.0748551757813
 10
64.394250201416
 20
120.3061003540039
 10
64.4025
 20
120.5291
 10
64.40511073608397
 20
120.7437734741211
 10
64.40195463867187
 20
120.9500401367187
 10
64.39290393676756
 20
121.1478193481445
 10
64.377830859375
 20
121.33703046875
 10
64.35660763549805
 20
121.5175928588867
 10
64.32910649414061
 20
121.6894258789062
 10
64.31296177597045
 20
121.7720436752319
 10
64.29519966430664
 20
121.8524488891602
 10
64.27580418777465
 20
121.9306314407349
 10
64.25475937499999
 20
122.00658125
 10
64.23204925460815
 20
122.0802882369995
 10
64.20765785522461
 20
122.1517423217773
 10
64.18156920547485
 20
122.2209334243774
 10
64.15376733398439
 20
122.2878514648437
 10
64.12423626937867
 20
122.3524863632202
 10
64.0929600402832
 20
122.4148280395508
 10
64.05992267532349
 20
122.4748664138794
 10
64.025108203125
 20
122.53259140625
 10
63.98850065231322
 20
122.5879929367065
 10
63.95008405151369
 20
122.641060925293
 10
63.90984242935182
 20
122.6917852920532
 10
63.86775981445311
 20
122.7401559570312
 10
63.82382023544312
 20
122.786162840271
 10
63.77800772094727
 20
122.8297958618164
 10
63.73030629959107
 20
122.8710449417114
 10
63.6807
 20
122.9099
 10
63.63109370041623
 20
122.8710449417174
 10
63.58339227906675
 20
122.8297958618291
 10
63.53757976457707
 20
122.7861628402912
 10
63.49364018557268
 20
122.7401559570596
 10
63.45155757067907
 20
122.6917852920904
 10
63.41131594852171
 20
122.6410609253397
 10
63.37289934772615
 20
122.5879929367635
 10
63.33629179691785
 20
122.5325914063179
 10
63.3014773247223
 20
122.4748664139589
 10
63.26843995976503
 20
122.4148280396426
 10
63.2371637306715
 20
122.352486363325
 10
63.20763266606721
 20
122.2878514649621
 10
63.17983079457768
 20
122.2209334245102
 10
63.15374214482838
 20
122.151742321925
 10
63.12935074544482
 20
122.0802882371628
 10
63.10664062505249
 20
122.0065812501796
 10
63.0855958122769
 20
121.9306314409314
 10
63.0662003357435
 20
121.8524488893743
 10
63.04843822407786
 20
121.7720436754642
 10
63.0322935059054
 20
121.6894258791574
 10
63.00479236454211
 20
121.5175928591775
 10
62.98356914065763
 20
121.3370304690828
 10
62.9684960632559
 20
121.1478193485219
 10
62.9594453613409
 20
120.950040137143
 10
62.95628926391658
 20
120.7437734745947
 10
62.95889999998692
 20
120.5291000005252
 10
62.96714979855587
 20
120.3061003545831
 10
62.98091088862738
 20
120.0748551764167
 10
63.00005549920546
 20
119.8354451056744
 10
63.02445585929405
 20
119.5879507820045
 10
63.05398419789709
 20
119.3324528450556
 10
63.08851274401857
 20
119.069031934476
 10
63.12791372666246
 20
118.7977686899141
 10
63.17205937483269
 20
118.5187437510184
 10
63.22082191753326
 20
118.2320377574371
 10
63.2740735837681
 20
117.9377313488188
 10
63.33168660254121
 20
117.6359051648117
 10
63.39353320285654
 20
117.3266398450644
 10
63.45948561371804
 20
117.0100160292252
 10
63.52941606412968
 20
116.6861143569426
 10
63.60319678309543
 20
116.3550154678648
  0
LWPOLYLINE
  5
48
330
24FC
100
AcDbEntity
  8
LAYER_1
100
AcDbPolyline
 90
     1296
 70
     1
 43
0.0
 10
84.94200000000001
 20
82.76329999999999
 10
84.9479
 20
82.76090000000001
 10
84.93070000000001
 20
82.77739999999999
 10
84.83550678100586
 20
82.96741571960449
 10
84.74464448242187
 20
83.16085622558594
 10
84.6580547668457
 20
83.35767403869629
 10
84.57567929687499
 20
83.55782167968747
 10
84.49745973510744
 20
83.76125166931151
 10
84.42333774414064
 20
83.96791652832032
 10
84.35325498657226
 20
84.17776877746581
 10
84.28715312499997
 20
84.39076093749998
 10
84.22497382202148
 20
84.60684552917479
 10
84.16665874023436
 20
84.8259750732422
 10
84.1121495422363
 20
85.04810209045409
 10
84.06138789062501
 20
85.2731791015625
 10
84.01431544799804
 20
85.50115862731933
 10
83.97087387695313
 20
85.73199318847654
 10
83.9310048400879
 20
85.96563530578613
 10
83.89464999999999
 20
86.20203749999999
 10
83.86175101928712
 20
86.44115229187011
 10
83.83224956054688
 20
86.68293220214843
 10
83.80608728637694
 20
86.92732975158691
 10
83.78320585937499
 20
87.17429746093749
 10
83.76354694213867
 20
87.42378785095215
 10
83.74705219726562
 20
87.67575344238281
 10
83.73366328735352
 20
87.93014675598143
 10
83.72332187500003
 20
88.18692031249998
 10
83.71596962280277
 20
88.44602663269043
 10
83.71154819335938
 20
88.70741823730471
 10
83.7099992492676
 20
88.97104764709473
 10
83.711264453125
 20
89.23686738281251
 10
83.7152854675293
 20
89.50482996520996
 10
83.72200395507812
 20
89.77488791503906
 10
83.73136157836915
 20
90.04699375305175
 10
83.7433
 20
90.32110000000001
 10
83.75364427490236
 20
90.60626920776366
 10
83.75647763671876
 20
90.88797592773437
 10
83.75194151611328
 20
91.16628442993164
 10
83.74017734375
 20
91.44125898437499
 10
83.72132655029295
 20
91.712963861084
 10
83.69553056640624
 20
91.98146333007812
 10
83.6629308227539
 20
92.24682166137695
 10
83.62366875000002
 20
92.509103125
 10
83.57788577880858
 20
92.7683719909668
 10
83.52572333984374
 20
93.02469252929688
 10
83.46732286376955
 20
93.27812901000976
 10
83.40282578125
 20
93.52874570312499
 10
83.3323735229492
 20
93.77660687866212
 10
83.25610751953126
 20
94.02177680664063
 10
83.17416920166015
 20
94.26431975708007
 10
83.08670000000002
 20
94.5043
 10
82.99384134521485
 20
94.74178180541992
 10
82.89573466796875
 20
94.97682944335938
 10
82.7925213989258
 20
95.20950718383787
 10
82.68434296874998
 20
95.43987929687501
 10
82.57134080810544
 20
95.66801005249024
 10
82.45365634765624
 20
95.89396372070313
 10
82.33143101806641
 20
96.1178045715332
 10
82.20480624999998
 20
96.339596875
 10
82.07392347412108
 20
96.55940490112305
 10
81.93892412109375
 20
96.77729291992188
 10
81.79994962158202
 20
96.993325201416
 10
81.65714140624997
 20
97.207566015625
 10
81.51064090576172
 20
97.42007963256837
 10
81.36058955078123
 20
97.63093032226564
 10
81.20712877197266
 20
97.84018235473631
 10
81.0504
 20
98.0479
 10
80.79101136169432
 20
98.2971619140625
 10
80.53043347167967
 20
98.5407390625
 10
80.26865774230955
 20
98.7785998046875
 10
80.00567558593749
 20
99.01071250000001
 10
79.74147841491699
 20
99.2370455078125
 10
79.47605764160155
 20
99.45756718750001
 10
79.20940467834474
 20
99.6722458984375
 10
78.9415109375
 20
99.88105
 10
78.67236783142091
 20
100.0839478515625
 10
78.40196677246094
 20
100.2809078125
 10
78.13029917297363
 20
100.4718982421875
 10
77.8573564453125
 20
100.6568875
 10
77.58313000183105
 20
100.8358439453125
 10
77.30761125488282
 20
101.0087359375
 10
77.0307916168213
 20
101.1755318359375
 10
76.75266249999999
 20
101.3362
 10
76.47321531677246
 20
101.4907087890625
 10
76.19244147949219
 20
101.6390265625
 10
75.9103324005127
 20
101.7811216796875
 10
75.6268794921875
 20
101.9169625
 10
75.34207416687009
 20
102.0465173828125
 10
75.05590783691406
 20
102.1697546875
 10
74.76837191467284
 20
102.2866427734375
 10
74.4794578125
 20
102.39715
 10
74.189156942749
 20
102.5012447265625
 10
73.89746071777344
 20
102.5988953125
 10
73.60436054992677
 20
102.6900701171875
 10
73.30984785156252
 20
102.7747375
 10
73.01391403503419
 20
102.8528658203125
 10
72.71655051269529
 20
102.9244234375
 10
72.41774869689942
 20
102.9893787109375
 10
72.11750000000001
 20
103.0477
 10
72.08599135742187
 20
102.8459280273437
 10
72.059090234375
 20
102.64366328125
 10
72.03687133789063
 20
102.4409075195312
 10
72.01940937500002
 20
102.2376625
 10
72.00677905273437
 20
102.0339299804688
 10
71.99905507812499
 20
101.82971171875
 10
71.99631215820312
 20
101.6250094726562
 10
71.998625
 20
101.419825
 10
72.00606831054688
 20
101.2141600585937
 10
72.01871679687499
 20
101.00801640625
 10
72.03664516601563
 20
100.8013958007813
 10
72.05992812499999
 20
100.5943
 10
72.08864038085938
 20
100.3867307617188
 10
72.122856640625
 20
100.17868984375
 10
72.16265161132813
 20
99.97017900390623
 10
72.2081
 20
99.76120000000001
 10
72.27929122314453
 20
99.86616591491699
 10
72.35072509765625
 20
99.96572302246097
 10
72.42240755615235
 20
100.0597916168213
 10
72.49434453125002
 20
100.1482919921875
 10
72.56654195556641
 20
100.231144442749
 10
72.63900576171876
 20
100.3082692626953
 10
72.71174188232421
 20
100.3795867462158
 10
72.78475625
 20
100.4450171875
 10
72.85805479736329
 20
100.5044808807373
 10
72.93164345703127
 20
100.5578981201172
 10
73.0055281616211
 20
100.6051891998291
 10
73.07971484374999
 20
100.6462744140625
 10
73.15420943603516
 20
100.6810740570068
 10
73.22901787109377
 20
100.7095084228516
 10
73.30414608154298
 20
100.7314978057861
 10
73.37960000000002
 20
100.7469625
 10
73.45538555908203
 20
100.7558227996826
 10
73.53150869140623
 20
100.7579989990234
 10
73.60797532958982
 20
100.7534113922119
 10
73.68479140625
 20
100.7419802734375
 10
73.76196285400391
 20
100.7236259368896
 10
73.83949560546877
 20
100.6982686767578
 10
73.91739559326172
 20
100.6658287872314
 10
73.99566874999999
 20
100.6262265625
 10
74.0743210083008
 20
100.5793822967529
 10
74.15335830078125
 20
100.5252162841797
 10
74.2327865600586
 20
100.4636488189697
 10
74.31261171874997
 20
100.3946001953125
 10
74.39283970947265
 20
100.3179907073975
 10
74.47347646484377
 20
100.2337406494141
 10
74.55452791748047
 20
100.1417703155518
 10
74.63600000000001
 20
100.042
 10
74.52029151916504
 20
99.90621300354005
 10
74.40875441894529
 20
99.76846965332031
 10
74.30163371276856
 20
99.62875890808106
 10
74.1991744140625
 20
99.4870697265625
 10
74.10162153625487
 20
99.34339106750488
 10
74.00922009277343
 20
99.19771188964844
 10
73.92221509704589
 20
99.0500211517334
 10
73.84085156249998
 20
98.90030781250001
 10
73.76537450256346
 20
98.74856083068848
 10
73.69602893066406
 20
98.59476916503904
 10
73.63305986022948
 20
98.438921774292
 10
73.5767123046875
 20
98.28100761718751
 10
73.52723127746582
 20
98.12101565246585
 10
73.48486179199219
 20
97.95893483886722
 10
73.44984886169432
 20
97.79475413513184
 10
73.4224375
 20
97.6284625
 10
73.41165897407531
 20
97.54452163276672
 10
73.4028727203369
 20
97.46004889221191
 10
73.39610936546326
 20
97.37504289817813
 10
73.39139953613281
 20
97.28950227050781
 10
73.38877385902404
 20
97.20342562904358
 10
73.38826296081542
 20
97.11681159362793
 10
73.38989746818542
 20
97.02965878410342
 10
73.3937080078125
 20
96.94196582031253
 10
73.39972520637513
 20
96.85373132209781
 10
73.40797969055177
 20
96.76495390930176
 10
73.41850208702087
 20
96.67563220176695
 10
73.43132302246094
 20
96.58576481933595
 10
73.4464731235504
 20
96.49535038185121
 10
73.46398301696776
 20
96.40438750915528
 10
73.48388332939148
 20
96.31287482109073
 10
73.50620468749998
 20
96.22081093750001
 10
73.5309777179718
 20
96.12819447822573
 10
73.55823304748536
 20
96.03502406311037
 10
73.58800130271909
 20
95.94129831199646
 10
73.62031311035156
 20
95.84701584472655
 10
73.65519909706115
 20
95.7521752811432
 10
73.69268988952637
 20
95.65677524108886
 10
73.73281611442568
 20
95.56081434440615
 10
73.77560839843749
 20
95.46429121093749
 10
73.82109736824038
 20
95.36720446052552
 10
73.86931365051271
 20
95.2695527130127
 10
73.92028787193298
 20
95.17133458824156
 10
73.97405065917968
 20
95.0725487060547
 10
74.03063263893128
 20
94.97319368629455
 10
74.0900644378662
 20
94.87326814880372
 10
74.15237668266296
 20
94.77277071342468
 10
74.2176
 20
94.67170000000001
 10
74.31500465393066
 20
94.52646232910156
 10
74.41430051269531
 20
94.38472285156251
 10
74.51543229675293
 20
94.2465824951172
 10
74.61834472656249
 20
94.1121421875
 10
74.72298252258302
 20
93.98150285644531
 10
74.82929040527344
 20
93.85476542968751
 10
74.93721309509275
 20
93.73203083496095
 10
75.04669531250001
 20
93.6134
 10
75.15768177795411
 20
93.49897385253909
 10
75.27011721191406
 20
93.38885332031251
 10
75.38394633483888
 20
93.28313933105471
 10
75.49911386718751
 20
93.1819328125
 10
75.61556452941896
 20
93.08533469238282
 10
75.73324304199221
 20
92.9934458984375
 10
75.85209412536622
 20
92.90636735839845
 10
75.97206250000001
 20
92.82420000000001
 10
76.09309288635255
 20
92.74704475097655
 10
76.21513000488281
 20
92.6750025390625
 10
76.33811857604981
 20
92.60817429199221
 10
76.4620033203125
 20
92.5466609375
 10
76.5867289581299
 20
92.4905634033203
 10
76.71224020996096
 20
92.43998261718749
 10
76.83848179626465
 20
92.39501950683594
 10
76.96539843750001
 20
92.35577499999999
 10
77.09293485412598
 20
92.32235002441406
 10
77.22103576660156
 20
92.29484550781249
 10
77.34964589538575
 20
92.2733623779297
 10
77.47870996093752
 20
92.2580015625
 10
77.60817268371581
 20
92.2488639892578
 10
77.7379787841797
 20
92.2460505859375
 10
77.86807298278809
 20
92.24966228027344
 10
77.9984
 20
92.25979999999999
 10
78.07773037834166
 20
92.26863577880859
 10
78.15627564392089
 20
92.27961249999998
 10
78.23399980506898
 20
92.29269361572264
 10
78.31086687011718
 20
92.307842578125
 10
78.38684084739684
 20
92.32502283935549
 10
78.46188574523925
 20
92.3441978515625
 10
78.53596557197569
 20
92.36533106689451
 10
78.60904433593752
 20
92.38838593750001
 10
78.68108604545594
 20
92.41332591552733
 10
78.75205470886228
 20
92.440114453125
 10
78.8219143344879
 20
92.46871500244139
 10
78.89062893066405
 20
92.49909101562499
 10
78.95816250572204
 20
92.53120594482423
 10
79.02447906799316
 20
92.56502324218748
 10
79.08954262580872
 20
92.60050635986328
 10
79.1533171875
 20
92.63761875
 10
79.21576676139832
 20
92.67632386474609
 10
79.27685535583496
 20
92.71658515625
 10
79.33654697914123
 20
92.75836607666015
 10
79.39480563964844
 20
92.801630078125
 10
79.45159534568786
 20
92.84634061279295
 10
79.50688010559081
 20
92.89246113281249
 10
79.5606239276886
 20
92.93995509033205
 10
79.6127908203125
 20
92.9887859375
 10
79.66334479179382
 20
93.03891712646484
 10
79.71224985046386
 20
93.09031210937501
 10
79.75947000465393
 20
93.14293433837892
 10
79.8049692626953
 20
93.19674726562501
 10
79.84871163291929
 20
93.25171434326172
 10
79.89066112365721
 20
93.30779902343749
 10
79.93078174324034
 20
93.36496475830079
 10
79.96903749999998
 20
93.423175
 10
80.00539240226746
 20
93.48239320068358
 10
80.03981045837402
 20
93.5425828125
 10
80.07225567665102
 20
93.60370728759766
 10
80.1026920654297
 20
93.66573007812499
 10
80.13108363304137
 20
93.72861463623044
 10
80.15739438781739
 20
93.79232441406248
 10
80.18158833808898
 20
93.85682286376955
 10
80.2036294921875
 20
93.92207343749999
 10
80.22348185844421
 20
93.98803958740234
 10
80.24110944519044
 20
94.054684765625
 10
80.25647626075745
 20
94.12197242431641
 10
80.26954631347654
 20
94.18986601562499
 10
80.28028361167905
 20
94.25832899169922
 10
80.28865216369629
 20
94.3273248046875
 10
80.2946159778595
 20
94.39681690673827
 10
80.2981390625
 20
94.46676874999999
 10
80.29918542594909
 20
94.53714378662109
 10
80.2977190765381
 20
94.60790546875001
 10
80.29370402259827
 20
94.67901724853517
 10
80.28710427246094
 20
94.750442578125
 10
80.27788383445741
 20
94.82214490966795
 10
80.26600671691895
 20
94.8940876953125
 10
80.25143692817689
 20
94.96623438720705
 10
80.2341384765625
 20
95.0385484375
 10
80.2140753704071
 20
95.11099329833987
 10
80.19121161804198
 20
95.18353242187499
 10
80.16551122779844
 20
95.2561292602539
 10
80.1369382080078
 20
95.328747265625
 10
80.10545656700134
 20
95.40134989013671
 10
80.07103031311036
 20
95.4739005859375
 10
80.03362345466612
 20
95.54636280517581
 10
79.9932
 20
95.6187
 10
79.94190195045472
 20
95.70305107688904
 10
79.88918620910644
 20
95.78382267761231
 10
79.8351281993866
 20
95.86104704475404
 10
79.77980334472656
 20
95.93475642089844
 10
79.72328706855773
 20
96.00498304862975
 10
79.6656547943115
 20
96.07175917053224
 10
79.6069819454193
 20
96.13511702919007
 10
79.5473439453125
 20
96.19508886718749
 10
79.48681621742249
 20
96.25170692710877
 10
79.42547418518066
 20
96.30500345153809
 10
79.36339327201844
 20
96.35501068305972
 10
79.30064890136718
 20
96.4017608642578
 10
79.23731649665834
 20
96.4452862377167
 10
79.17347148132325
 20
96.4856190460205
 10
79.10918927879333
 20
96.52279153175355
 10
79.0445453125
 20
96.5568359375
 10
78.97961500587465
 20
96.58778450584412
 10
78.91447378234864
 20
96.61566947937011
 10
78.84919706535341
 20
96.64052310066225
 10
78.78386027832032
 20
96.66237761230471
 10
78.71853884468079
 20
96.68126525688172
 10
78.65330818786621
 20
96.69721827697754
 10
78.588243731308
 20
96.71026891517641
 10
78.52342089843752
 20
96.72044941406248
 10
78.45891511268617
 20
96.72779201622008
 10
78.39480179748536
 20
96.73232896423341
 10
78.33115637626649
 20
96.73409250068665
 10
78.26805427246094
 20
96.73311486816409
 10
78.20557090950014
 20
96.72942830924988
 10
78.14378171081544
 20
96.72306506652832
 10
78.08276209983826
 20
96.71405738258362
 10
78.0225875
 20
96.7024375
 10
77.96333333473207
 20
96.68823766136171
 10
77.90507502746581
 20
96.67149010925292
 10
77.84788800163269
 20
96.65222708625794
 10
77.79184768066406
 20
96.63048083496093
 10
77.73702948799133
 20
96.60628359794614
 10
77.68350884704592
 20
96.57966761779785
 10
77.63136118125918
 20
96.5506651371002
 10
77.58066191406247
 20
96.5193083984375
 10
77.53148646888735
 20
96.48562964439392
 10
77.48391026916505
 20
96.44966111755373
 10
77.43800873832704
 20
96.41143506050108
 10
77.39385729980471
 20
96.37098371582032
 10
77.35153137702943
 20
96.3283393260956
 10
77.31110639343262
 20
96.28353413391113
 10
77.27265777244568
 20
96.2366003818512
 10
77.2362609375
 20
96.1875703125
 10
77.20199131202699
 20
96.13647616844177
 10
77.16992431945801
 20
96.08335019226075
 10
77.14013538322449
 20
96.02822462654112
 10
77.11269992675781
 20
95.9711317138672
 10
77.08769337348941
 20
95.91210369682313
 10
77.06519114685059
 20
95.85117281799316
 10
77.04526867027283
 20
95.78837131996158
 10
77.02800136718749
 20
95.72373144531249
 10
77.013464661026
 20
95.65728543663023
 10
77.00173397521972
 20
95.58906553649903
 10
76.99288473320006
 20
95.51910398750306
 10
76.98699235839844
 20
95.44743303222656
 10
76.98413227424622
 20
95.37408491325377
 10
76.98437990417481
 20
95.29909187316894
 10
76.98781067161559
 20
95.22248615455628
 10
76.9945
 20
95.1443
 10
77.01322208251953
 20
95.19138727111815
 10
77.03364697265627
 20
95.23628293457029
 10
77.05571263427734
 20
95.27900026550293
 10
77.07935703124999
 20
95.3195525390625
 10
77.10451812744141
 20
95.35795303039551
 10
77.13113388671873
 20
95.39421501464843
 10
77.15914227294923
 20
95.42835176696778
 10
77.18848125
 20
95.4603765625
 10
77.21908878173827
 20
95.4903026763916
 10
77.25090283203122
 20
95.51814338378909
 10
77.28386136474608
 20
95.54391195983887
 10
77.31790234374997
 20
95.56762167968747
 10
77.35296373291017
 20
95.58928581848144
 10
77.38898349609373
 20
95.60891765136721
 10
77.42589959716797
 20
95.6265304534912
 10
77.46365
 20
95.6421375
 10
77.50217266845705
 20
95.65575206604004
 10
77.54140556640625
 20
95.66738742675786
 10
77.58128665771484
 20
95.67705685729981
 10
77.62175390625
 20
95.68477363281251
 10
77.70419873046877
 20
95.69440231933596
 10
77.78824375000001
 20
95.69637968749999
 10
77.87339267578125
 20
95.69081193847656
 10
77.95914921875
 20
95.67780527343749
 10
78.04501708984375
 20
95.65746589355468
 10
78.1305
 20
95.6299
 10
78.17473401184081
 20
95.60133093566895
 10
78.21698654785156
 20
95.57099631347655
 10
78.25720210876465
 20
95.53895811462401
 10
78.2953251953125
 20
95.50527832031249
 10
78.33130030822755
 20
95.47001891174316
 10
78.36507194824219
 20
95.4332418701172
 10
78.39658461608886
 20
95.39500917663573
 10
78.4257828125
 20
95.3553828125
 10
78.45261103820802
 20
95.31442475891113
 10
78.47701379394528
 20
95.2721969970703
 10
78.49893558044434
 20
95.2287615081787
 10
78.51832089843752
 20
95.1841802734375
 10
78.53511424865722
 20
95.13851527404785
 10
78.54926013183593
 20
95.09182849121096
 10
78.56070304870605
 20
95.04418190612794
 10
78.56938750000001
 20
94.9956375
 10
78.57525798645021
 20
94.94625725402832
 10
78.57825900878906
 20
94.89610314941407
 10
78.57833506774901
 20
94.84523716735841
 10
78.57543066406249
 20
94.7937212890625
 10
78.5694902984619
 20
94.74161749572754
 10
78.56045847167968
 20
94.68898776855471
 10
78.54827968444825
 20
94.63589408874511
 10
78.53289843749999
 20
94.5823984375
 10
78.51425923156738
 20
94.5285627960205
 10
78.4923065673828
 20
94.47444914550782
 10
78.46698494567871
 20
94.42011946716309
 10
78.43823886718749
 20
94.3656357421875
 10
78.4060128326416
 20
94.31105995178223
 10
78.37025134277344
 20
94.25645407714844
 10
78.33089889831544
 20
94.20188009948731
 10
78.28789999999999
 20
94.1474
 10
78.23792773437498
 20
94.08870237121584
 10
78.18601718749999
 20
94.03282092285156
 10
78.132224609375
 20
93.97981968688965
 10
78.07660625
 20
93.92976269531251
 10
78.01921835937497
 20
93.88271398010257
 10
77.9601171875
 20
93.83873757324218
 10
77.899358984375
 20
93.79789750671386
 10
77.837
 20
93.7602578125
 10
77.773096484375
 20
93.72588252258301
 10
77.7077046875
 20
93.69483566894531
 10
77.640880859375
 20
93.66718128356934
 10
77.57268125
 20
93.64298339843752
 10
77.503162109375
 20
93.62230604553223
 10
77.4323796875
 20
93.60521325683594
 10
77.360390234375
 20
93.59176906433106
 10
77.28725
 20
93.58203749999999
 10
77.21301523437498
 20
93.57608259582519
 10
77.1377421875
 20
93.57396838378909
 10
77.06148710937502
 20
93.57575889587405
 10
76.98430625
 20
93.5815181640625
 10
76.90625585937502
 20
93.59131022033691
 10
76.82739218750002
 20
93.60519909667971
 10
76.74777148437499
 20
93.62324882507325
 10
76.66744999999997
 20
93.6455234375
 10
76.58648398437499
 20
93.67208696594238
 10
76.5049296875
 20
93.70300344238279
 10
76.42284335937502
 20
93.7383368988037
 10
76.34028125
 20
93.7781513671875
 10
76.25729960937499
 20
93.8225108795166
 10
76.1739546875
 20
93.87147946777345
 10
76.09030273437499
 20
93.92512116394042
 10
76.0064
 20
93.9835
 10
75.96222028808593
 20
94.01748011474609
 10
75.92014042968748
 20
94.05260302734376
 10
75.88011809082032
 20
94.08882384033205
 10
75.84211093749999
 20
94.12609765624999
 10
75.80607663574219
 20
94.16437957763672
 10
75.77197285156252
 20
94.20362470703123
 10
75.7093875
 20
94.28482499999999
 10
75.6540162109375
 20
94.36933935546877
 10
75.60552031249997
 20
94.45680859375
 10
75.5635611328125
 20
94.54687353515623
 10
75.52779999999998
 20
94.63917499999999
 10
75.4978982421875
 20
94.73335380859378
 10
75.47351718750002
 20
94.82905078125
 10
75.45431816406249
 20
94.92590673828127
 10
75.43996249999999
 20
95.0235625
 10
75.43011152343748
 20
95.12165888671876
 10
75.4244265625
 20
95.21983671875
 10
75.4225689453125
 20
95.31773681640627
 10
75.42419999999999
 20
95.415
 10
75.43254243164063
 20
95.59736770324708
 10
75.44771484375001
 20
95.77427990722656
 10
75.46961616210937
 20
95.94566587829589
 10
75.4981453125
 20
96.11145488281252
 10
75.53320122070312
 20
96.27157618713379
 10
75.5746828125
 20
96.42595905761719
 10
75.62248901367188
 20
96.5745327606201
 10
75.67651874999999
 20
96.7172265625
 10
75.73667094726561
 20
96.85396972961424
 10
75.76901138305664
 20
96.92008772087099
 10
75.80284453125
 20
96.98469152832032
 10
75.83815775756834
 20
97.04777231025696
 10
75.87493842773437
 20
97.1093212249756
 10
75.91317390747068
 20
97.16932943077088
 10
75.9528515625
 20
97.22778808593748
 10
75.9939587585449
 20
97.28468834877013
 10
76.03648286132811
 20
97.34002137756347
 10
76.08041123657226
 20
97.39377833061217
 10
76.12573124999999
 20
97.44595036621092
 10
76.17243026733397
 20
97.4965286426544
 10
76.22049565429687
 20
97.5455043182373
 10
76.26991477661132
 20
97.59286855125427
 10
76.32067499999998
 20
97.63861249999999
 10
76.37276369018555
 20
97.68272732276917
 10
76.42616821289063
 20
97.72520417785644
 10
76.48087593383791
 20
97.76603422355652
 10
76.53687421875
 20
97.80520861816405
 10
76.59415043334961
 20
97.84271851997377
 10
76.65269194335937
 20
97.87855508728029
 10
76.71248611450195
 20
97.9127094783783
 10
76.77352031249999
 20
97.94517285156247
 10
76.83578190307615
 20
97.97593636512758
 10
76.89925825195309
 20
98.00499117736817
 10
76.96393672485349
 20
98.03232844657896
 10
77.02980468749998
 20
98.05793933105469
 10
77.09684950561521
 20
98.08181498908995
 10
77.16505854492186
 20
98.10394657897949
 10
77.23441917114257
 20
98.12432525901796
 10
77.30491875
 20
98.14294218749999
 10
77.44928422851562
 20
98.17485542297363
 10
77.59805390625001
 20
98.19961555175785
 10
77.7511267089844
 20
98.21715184020996
 10
77.9084015625
 20
98.22739355468749
 10
78.06977739257813
 20
98.23026996154785
 10
78.23515312499999
 20
98.22571032714844
 10
78.40442768554687
 20
98.21364391784669
 10
78.5775
 20
98.19400000000001
 10
78.76517521438599
 20
98.16502463264466
 10
78.94673159790041
 20
98.13015252990723
 10
79.12221057357789
 20
98.08954437828063
 10
79.29165356445316
 20
98.04336086425779
 10
79.45510199356082
 20
97.99176267433164
 10
79.61259728393557
 20
97.93491049499513
 10
79.76418085861209
 20
97.87296501274107
 10
79.909894140625
 20
97.80608691406248
 10
80.04977855300902
 20
97.73443688545228
 10
80.18387551879881
 20
97.65817561340332
 10
80.31222646102904
 20
97.57746378440856
 10
80.43487280273437
 20
97.49246208496092
 10
80.55185596694945
 20
97.40333120155334
 10
80.66321737670898
 20
97.31023182067872
 10
80.7689984550476
 20
97.21332462882996
 10
80.86924062500001
 20
97.1127703125
 10
80.96398530960083
 20
97.00872955818176
 10
81.05327393188476
 20
96.90136305236817
 10
81.13714791488648
 20
96.79083148155209
 10
81.21564868164064
 20
96.67729553222654
 10
81.28881765518189
 20
96.56091589088436
 10
81.35669625854495
 20
96.44185324401853
 10
81.41932591476439
 20
96.32026827812193
 10
81.476748046875
 20
96.19632167968749
 10
81.52900407791138
 20
96.07017413520814
 10
81.57613543090821
 20
95.94198633117676
 10
81.61818352890016
 20
95.81191895408631
 10
81.65518979492189
 20
95.68013269042969
 10
81.68719565200808
 20
95.54678822669984
 10
81.71424252319337
 20
95.41204624938965
 10
81.73637183151244
 20
95.27606744499205
 10
81.753625
 20
95.13901249999998
 10
81.76604345169067
 20
95.00104210090634
 10
81.77366860961914
 20
94.86231693420409
 10
81.77654189682007
 20
94.72299768638606
 10
81.77470473632812
 20
94.58324504394527
 10
81.76819855117797
 20
94.4432196933746
 10
81.7570647644043
 20
94.30308232116695
 10
81.74134479904173
 20
94.16299361381527
 10
81.721080078125
 20
94.02311425781247
 10
81.69631202468872
 20
93.8836049396515
 10
81.66708206176755
 20
93.74462634582519
 10
81.63343161239623
 20
93.60633916282651
 10
81.59540209960937
 20
93.46890407714843
 10
81.55303494644163
 20
93.3324817752838
 10
81.50637157592774
 20
93.19723294372556
 10
81.45545341110228
 20
93.06331826896665
 10
81.40032187500001
 20
92.93089843749998
 10
81.34101839065548
 20
92.80013413581848
 10
81.27758438110349
 20
92.67118605041501
 10
81.21006126937864
 20
92.54421486778255
 10
81.13849047851562
 20
92.41938127441406
 10
81.06291343154909
 20
92.2968459568024
 10
80.98337155151368
 20
92.17676960144043
 10
80.89990626144409
 20
92.05931289482114
 10
80.812558984375
 20
91.94463652343749
 10
80.72137114334106
 20
91.83290117378236
 10
80.62638416137694
 20
91.72426753234864
 10
80.52763946151731
 20
91.61889628562928
 10
80.42517846679684
 20
91.51694812011719
 10
80.31904260025022
 20
91.41858372230528
 10
80.20927328491209
 20
91.3239637786865
 10
80.09591194381711
 20
91.23324897575377
 10
79.979
 20
91.1466
 10
80.10723452262876
 20
91.0902249145508
 10
80.23316836853025
 20
91.03228486328125
 10
80.35678601722715
 20
90.97279046630859
 10
80.47807194824217
 20
90.91175234374999
 10
80.597010641098
 20
90.84918111572269
 10
80.71358657531737
 20
90.78508740234376
 10
80.82778423042297
 20
90.71948182373049
 10
80.9395880859375
 20
90.652375
 10
81.04898262138368
 20
90.58377755126951
 10
81.15595231628418
 20
90.51370009765623
 10
81.26048165016175
 20
90.44215325927735
 10
81.36255510253906
 20
90.36914765624999
 10
81.46215715293882
 20
90.29469390869143
 10
81.55927228088378
 20
90.21880263671876
 10
81.6538849658966
 20
90.14148446044924
 10
81.74597968749997
 20
90.06275000000002
 10
81.83554092521665
 20
89.9826098754883
 10
81.92255315856932
 20
89.90107470703128
 10
82.00700086708069
 20
89.81815511474609
 10
82.08886853027344
 20
89.73386171875002
 10
82.16814062767028
 20
89.64820513916015
 10
82.24480163879393
 20
89.56119599609378
 10
82.31883604316712
 20
89.47284490966797
 10
82.39022832031247
 20
89.38316250000003
 10
82.45896294975279
 20
89.29215938720707
 10
82.52502441101071
 20
89.19984619140629
 10
82.58839718360897
 20
89.10623353271487
 10
82.6490657470703
 20
89.01133203125002
 10
82.70701458091734
 20
88.91515230712895
 10
82.76222816467283
 20
88.81770498046879
 10
82.81469097785949
 20
88.71900067138673
 10
82.86438749999998
 20
88.61905000000001
 10
82.91130221061704
 20
88.51786358642581
 10
82.95541958923342
 20
88.41545205078125
 10
82.99672411537169
 20
88.31182601318358
 10
83.03520026855469
 20
88.20699609375001
 10
83.07083252830505
 20
88.10097291259765
 10
83.10360537414551
 20
87.99376708984373
 10
83.13350328559875
 20
87.88538924560546
 10
83.1605107421875
 20
87.77585
 10
83.18461222343444
 20
87.66515997314455
 10
83.20579220886228
 20
87.5533297851563
 10
83.22403517799378
 20
87.44037005615236
 10
83.23932561035155
 20
87.32629140625002
 10
83.25164798545838
 20
87.21110445556639
 10
83.2609867828369
 20
87.09481982421877
 10
83.26732648200989
 20
86.97744813232423
 10
83.2706515625
 20
86.85900000000001
 10
83.27094650382996
 20
86.73948604736329
 10
83.26819578552246
 20
86.61891689453126
 10
83.2623838871002
 20
86.49730316162109
 10
83.25349528808594
 20
86.37465546874997
 10
83.24151446800231
 20
86.25098443603514
 10
83.22642590637206
 20
86.12630068359372
 10
83.20821408271788
 20
86.00061483154295
 10
83.1868634765625
 20
85.8739375
 10
83.16235856742862
 20
85.74627930908205
 10
83.13468383483888
 20
85.61765087890627
 10
83.10382375831606
 20
85.48806282958986
 10
83.06976281738281
 20
85.35752578125
 10
83.03248549156192
 20
85.22605035400394
 10
82.99197626037599
 20
85.09364716796875
 10
82.94821960334779
 20
84.9603268432617
 10
82.90119999999999
 20
84.82609999999999
 10
82.9132
 20
84.8141
 10
82.91349999999999
 20
84.8141
 10
82.9132
 20
84.8141
 10
82.9077
 20
84.8141
 10
82.9044
 20
84.8136
 10
82.90139999999999
 20
84.81579999999999
 10
82.9001
 20
84.8123
 10
82.89649999999999
 20
84.81109999999999
 10
82.8988
 20
84.80819999999999
 10
82.8987
 20
84.8069
 10
82.8973
 20
84.80679999999999
 10
82.89419999999999
 20
84.80909999999999
 10
82.8932
 20
84.80549999999999
 10
82.8898
 20
84.80400000000001
 10
82.89190000000001
 20
84.80119999999999
 10
82.89140000000001
 20
84.7977
 10
82.89149999999999
 20
84.792
 10
82.89140000000001
 20
84.792
 10
82.89149999999999
 20
84.792
 10
82.8795
 20
84.80439999999999
 10
82.74527308425907
 20
84.75737585258485
 10
82.61195254516605
 20
84.71361492614748
 10
82.4795490074158
 20
84.67310168190005
 10
82.34807309570316
 20
84.63582058105471
 10
82.21753543472294
 20
84.60175608482364
 10
82.08794664916993
 20
84.57089265441895
 10
81.95931736373903
 20
84.54321475105286
 10
81.83165820312501
 20
84.51870683593751
 10
81.70497979202274
 20
84.49735337028505
 10
81.57929275512698
 20
84.47913881530762
 10
81.45460771713256
 20
84.46404763221741
 10
81.33093530273439
 20
84.45206428222656
 10
81.20828613662721
 20
84.44317322654724
 10
81.08667084350585
 20
84.43735892639159
 10
80.96610004806519
 20
84.43460584297179
 10
80.84658437499998
 20
84.43489843750002
 10
80.72813444900512
 20
84.43822117118836
 10
80.61076089477536
 20
84.44455850524903
 10
80.4944743370056
 20
84.45389490089416
 10
80.37928540039059
 20
84.46621481933593
 10
80.26520470962521
 20
84.48150272178649
 10
80.15224288940428
 20
84.49974306945799
 10
80.04041056442259
 20
84.52092032356262
 10
79.92971835937497
 20
84.54501894531251
 10
79.82017689895627
 20
84.57202339591979
 10
79.7117968078613
 20
84.60191813659669
 10
79.60458871078486
 20
84.63468762855532
 10
79.49856323242184
 20
84.67031633300782
 10
79.393730997467
 20
84.70878871116639
 10
79.2901026306152
 20
84.75008922424319
 10
79.18768875656123
 20
84.79420233345033
 10
79.0865
 20
84.84111249999999
 10
78.98654698562626
 20
84.89080418510434
 10
78.88784033813481
 20
84.94326184997557
 10
78.79039068222049
 20
84.99846995582577
 10
78.69420864257815
 20
85.05641296386718
 10
78.59930484390263
 20
85.11707533531186
 10
78.50568991088869
 20
85.18044153137205
 10
78.4133744682312
 20
85.24649601325988
 10
78.32236914062502
 20
85.31522324218748
 10
78.2326845527649
 20
85.38660767936704
 10
78.14433132934571
 20
85.46063378601074
 10
78.05732009506226
 20
85.5372860233307
 10
77.97166147460938
 20
85.61654885253906
 10
77.8873660926819
 20
85.69840673484801
 10
77.80444457397459
 20
85.78284413146972
 10
77.72290754318238
 20
85.86984550361632
 10
77.64276562499998
 20
85.95939531250001
 10
77.56402944412231
 20
86.0514780193329
 10
77.48670962524416
 20
86.14607808532715
 10
77.41081679306029
 20
86.24317997169494
 10
77.33636157226563
 20
86.34276813964843
 10
77.26335458755494
 20
86.4448270503998
 10
77.19180646362302
 20
86.54934116516114
 10
77.12172782516478
 20
86.65629494514467
 10
77.05312929687498
 20
86.7656728515625
 10
76.98602150344846
 20
86.87745934562684
 10
76.92041506958005
 20
86.99163888854984
 10
76.85632061996456
 20
87.10819594154362
 10
76.79374877929685
 20
87.22711496582034
 10
76.73271017227169
 20
87.3483804225922
 10
76.67321542358397
 20
87.47197677307134
 10
76.61527515792844
 20
87.59788847846991
 10
76.55889999999999
 20
87.7261
 10
76.47225563850406
 20
87.60920168418889
 10
76.38154530334474
 20
87.49585312194829
 10
76.28692968101503
 20
87.38609576606753
 10
76.18856945800783
 20
87.27997106933598
 10
76.08662532081606
 20
87.17752048454286
 10
75.98125795593263
 20
87.07878546447757
 10
75.87262804985048
 20
86.98380746192935
 10
75.76089628906252
 20
86.89262792968751
 10
75.64622336006165
 20
86.80528832054141
 10
75.52876994934083
 20
86.72183008728026
 10
75.40869674339295
 20
86.64229468269347
 10
75.28616442871096
 20
86.56672355957031
 10
75.16133369178771
 20
86.49515817070009
 10
75.0343652191162
 20
86.42763996887207
 10
74.90541969718932
 20
86.36421040687558
 10
74.77465781249998
 20
86.3049109375
 10
74.64224025154113
 20
86.24978301353454
 10
74.50832770080565
 20
86.19886808776856
 10
74.37308084678647
 20
86.15220761299132
 10
74.23666037597652
 20
86.10984304199218
 10
74.09922697486874
 20
86.07181582756039
 10
73.96094132995601
 20
86.03816742248536
 10
73.82196412773129
 20
86.00893927955628
 10
73.6824560546875
 20
85.9841728515625
 10
73.54257779731756
 20
85.96390959129333
 10
73.40249004211431
 20
85.94819095153807
 10
73.26235347557072
 20
85.93705838508606
 10
73.12232878417972
 20
85.93055334472657
 10
72.98257665443422
 20
85.9287172832489
 10
72.84325777282719
 20
85.93159165344237
 10
72.70453282585148
 20
85.93921790809629
 10
72.56656250000003
 20
85.95163750000001
 10
72.42950748176577
 20
85.96889188194275
 10
72.29352845764161
 20
85.99102250671386
 10
72.15878611412049
 20
86.01807082710266
 10
72.02544113769531
 20
86.05007829589844
 10
71.89365421485901
 20
86.08708636589049
 10
71.7635860321045
 20
86.12913648986816
 10
71.63539727592469
 20
86.17627012062072
 10
71.5092486328125
 20
86.22852871093753
 10
71.38530078926084
 20
86.28595371360779
 10
71.26371443176267
 20
86.34858658142091
 10
71.1446502468109
 20
86.41646876716615
 10
71.02826892089841
 20
86.48964172363283
 10
70.91473114051817
 20
86.56814690361022
 10
70.80419759216304
 20
86.6520257598877
 10
70.69682896232601
 20
86.74131974525456
 10
70.59278593750002
 20
86.83607031249998
 10
70.4922292041779
 20
86.93631891441341
 10
70.39531944885258
 20
87.04210700378412
 10
70.302217358017
 20
87.15347603340143
 10
70.2130836181641
 20
87.27046745605465
 10
70.12807891578678
 20
87.39312272453304
 10
70.04736393737795
 20
87.52148329162594
 10
69.97109936943056
 20
87.65559061012265
 10
69.89944589843751
 20
87.79548613281246
 10
69.83256421089172
 20
87.9412113124847
 10
69.77061499328614
 20
88.09280760192869
 10
69.71375893211366
 20
88.25031645393369
 10
69.66215671386719
 20
88.41377932128905
 10
69.61596902503966
 20
88.58323765678404
 10
69.57535655212402
 20
88.758732913208
 10
69.54047998161314
 20
88.94030654335022
 10
69.5115
 20
89.12799999999998
 10
69.49185550537109
 20
89.30104591674805
 10
69.47978740234375
 20
89.47029741210938
 10
69.47522501220703
 20
89.63565322875977
 10
69.47809765625
 20
89.79701210937502
 10
69.4883346557617
 20
89.95427279663088
 10
69.50586533203125
 20
90.10733403320315
 10
69.53061900634764
 20
90.25609456176759
 10
69.56252499999999
 20
90.400453125
 10
69.58113802947998
 20
90.47095002670284
 10
69.60151263427732
 20
90.54030846557614
 10
69.62363997955321
 20
90.60851578445431
 10
69.64751123046873
 20
90.67555932617183
 10
69.67311755218506
 20
90.74142643356323
 10
69.70045010986327
 20
90.80610444946286
 10
69.72950006866454
 20
90.8695807167053
 10
69.76025859374999
 20
90.93184257812501
 10
69.79271685028075
 20
90.99287737655641
 10
69.82686600341796
 20
91.05267245483398
 10
69.86269721832275
 20
91.11121515579222
 10
69.90020166015624
 20
91.16849282226562
 10
69.93937049407958
 20
91.22449279708865
 10
69.98019488525391
 20
91.27920242309572
 10
70.02266599884034
 20
91.33260904312134
 10
70.06677500000001
 20
91.38469999999999
 10
70.11251305389404
 20
91.43546263656615
 10
70.15987132568359
 20
91.4848842956543
 10
70.20884098052978
 20
91.53295232009886
 10
70.25941318359375
 20
91.57965405273436
 10
70.31157910003662
 20
91.62497683639527
 10
70.36532989501954
 20
91.668908013916
 10
70.42065673370363
 20
91.71143492813113
 10
70.47755078125002
 20
91.752544921875
 10
70.53600320281984
 20
91.7922253379822
 10
70.59600516357424
 20
91.83046351928712
 10
70.65754782867434
 20
91.86724680862429
 10
70.72062236328126
 20
91.90256254882815
 10
70.78521993255617
 20
91.93639808273319
 10
70.85133170166017
 20
91.96874075317385
 10
70.98806250000001
 20
92.02889687500002
 10
71.13074407958982
 20
92.08292965698241
 10
71.27930576171873
 20
92.13073784179687
 10
71.43367686767575
 20
92.17222017211915
 10
71.59378671874998
 20
92.20727539062499
 10
71.75956463623045
 20
92.23580223999023
 10
71.93093994140624
 20
92.25769946289064
 10
72.10784195556638
 20
92.27286580200196
 10
72.2902
 20
92.2812
 10
72.38749729003905
 20
92.28284975585935
 10
72.4854251953125
 20
92.28101054687499
 10
72.58362526855471
 20
92.27534340820312
 10
72.6817390625
 20
92.26550937499998
 10
72.77940812988281
 20
92.25116948242186
 10
72.8762740234375
 20
92.23198476562499
 10
72.97197829589844
 20
92.20761625976564
 10
73.06616250000001
 20
92.17772499999998
 10
73.15846818847657
 20
92.14197202148435
 10
73.2485369140625
 20
92.100018359375
 10
73.33601022949219
 20
92.05152504882812
 10
73.4205296875
 20
91.996153125
 10
73.50173684082031
 20
91.93356362304689
 10
73.54098628845216
 20
91.89945635375975
 10
73.57927324218753
 20
91.86341757812499
 10
73.61655289611817
 20
91.82540492553709
 10
73.65278044433596
 20
91.78537602539064
 10
73.68791108093263
 20
91.74328850708008
 10
73.7219
 20
91.69909999999999
 10
73.78028792114256
 20
91.61515327453612
 10
73.83393813476563
 20
91.53146291503908
 10
73.88291469116211
 20
91.44808489685059
 10
73.927281640625
 20
91.36507519531249
 10
73.96710303344725
 20
91.2824897857666
 10
74.00244291992187
 20
91.20038464355468
 10
74.03336535034179
 20
91.11881574401854
 10
74.05993437500002
 20
91.03783906249999
 10
74.08221404418945
 20
90.95751057434084
 10
74.10026840820312
 20
90.87788625488279
 10
74.11416151733398
 20
90.79902207946778
 10
74.12395742187498
 20
90.72097402343748
 10
74.12972017211913
 20
90.64379806213377
 10
74.13151381835938
 20
90.56755017089839
 10
74.12940241088866
 20
90.49228632507322
 10
74.12344999999998
 20
90.4180625
 10
74.11372063598633
 20
90.3449346710205
 10
74.10027836914062
 20
90.27295881347656
 10
74.08318724975588
 20
90.20219090270996
 10
74.06251132812499
 20
90.13268691406251
 10
74.03831465454103
 20
90.06450282287598
 10
74.01066127929687
 20
89.99769460449218
 10
73.97961525268555
 20
89.93231823425293
 10
73.945240625
 20
89.8684296875
 10
73.9076014465332
 20
89.8060849395752
 10
73.86676176757813
 20
89.7453399658203
 10
73.82278563842773
 20
89.68625074157715
 10
73.775737109375
 20
89.62887324218749
 10
73.72568023071291
 20
89.57326344299316
 10
73.67267905273438
 20
89.51947731933593
 10
73.6167976257324
 20
89.46757084655759
 10
73.55809999999999
 20
89.4176
 10
73.50362869262695
 20
89.37460110168457
 10
73.44906235351563
 20
89.33524865722656
 10
73.39446298217772
 20
89.2994871673584
 10
73.339892578125
 20
89.26726113281249
 10
73.28541314086914
 20
89.23851505432129
 10
73.23108666992185
 20
89.21319343261719
 10
73.17697516479492
 20
89.19124076843258
 10
73.12314062499997
 20
89.17260156249998
 10
73.06964505004881
 20
89.15722031555175
 10
73.01655043945313
 20
89.14504152832028
 10
72.96391879272459
 20
89.13600970153808
 10
72.91181210937501
 20
89.1300693359375
 10
72.86029238891602
 20
89.12716493225097
 10
72.80942163085938
 20
89.12724099121094
 10
72.75926183471681
 20
89.1302420135498
 10
72.70987500000003
 20
89.1361125
 10
72.66132312622071
 20
89.14479695129394
 10
72.61366821289063
 20
89.15623986816406
 10
72.56697225952148
 20
89.17038575134277
 10
72.52129726562499
 20
89.18717910156248
 10
72.47670523071287
 20
89.20656441955566
 10
72.43325815429688
 20
89.22848620605471
 10
72.39101803588865
 20
89.252888961792
 10
72.350046875
 20
89.27971718749999
 10
72.3104066711426
 20
89.30891538391113
 10
72.27215942382812
 20
89.34042805175781
 10
72.23536713256838
 20
89.37419969177247
 10
72.20009179687501
 20
89.41017480468749
 10
72.16639541625976
 20
89.44829789123536
 10
72.13433999023438
 20
89.48851345214844
 10
72.10398751831056
 20
89.53076598815917
 10
72.0754
 20
89.57500000000001
 10
72.04785166015625
 20
89.66048403320312
 10
72.02752734375
 20
89.746355078125
 10
72.01453310546873
 20
89.83211655273439
 10
72.00897499999998
 20
89.91727187500002
 10
72.01095908203125
 20
90.00132446289063
 10
72.02059140625
 20
90.083777734375
 10
72.02830880126953
 20
90.12424944458008
 10
72.03797802734375
 20
90.16413510742188
 10
72.04961234130859
 20
90.20337265014649
 10
72.063225
 20
90.2419
 10
72.07882926025391
 20
90.2796550842285
 10
72.09643837890627
 20
90.31657583007811
 10
72.11606561279296
 20
90.35260016479494
 10
72.13772421875003
 20
90.387666015625
 10
72.1614274536133
 20
90.42171130981449
 10
72.18718857421875
 20
90.45467397460937
 10
72.21502083740237
 20
90.48649193725585
 10
72.24493749999997
 20
90.517103125
 10
72.27695181884765
 20
90.54644546508788
 10
72.31107705078125
 20
90.57445688476558
 10
72.34732645263672
 20
90.60107531127931
 10
72.38571328124997
 20
90.62623867187502
 10
72.42625079345703
 20
90.64988489379883
 10
72.46895224609374
 20
90.67195190429687
 10
72.5138308959961
 20
90.69237763061524
 10
72.5609
 20
90.7111
 10
72.48273230323791
 20
90.71778435325622
 10
72.40614446105955
 20
90.72120959167481
 10
72.33116872062684
 20
90.72145117073059
 10
72.25783732910155
 20
90.71858454589843
 10
72.18618253364562
 20
90.7126851726532
 10
72.11623658142089
 20
90.70382850646973
 10
72.04803171958921
 20
90.69209000282288
 10
71.98160019531248
 20
90.67754511718748
 10
71.91697425575255
 20
90.66026930503843
 10
71.85418614807128
 20
90.64033802185058
 10
71.79326811943051
 20
90.61782672309872
 10
71.73425241699217
 20
90.5928108642578
 10
71.67717128791806
 20
90.56536590080259
 10
71.6220569793701
 20
90.53556728820801
 10
71.56894173851009
 20
90.50349048194886
 10
71.5178578125
 20
90.46921093749999
 10
71.4688374485016
 20
90.43280411033631
 10
71.42191289367676
 20
90.39434545593262
 10
71.37711639518738
 20
90.3539104297638
 10
71.33448020019532
 20
90.31157448730471
 10
71.29403655586243
 20
90.26741308403016
 10
71.2558177093506
 20
90.22150167541504
 10
71.21985590782165
 20
90.17391571693421
 10
71.18618339843751
 20
90.12473066406249
 10
71.15483242835998
 20
90.07402197227477
 10
71.12583524475097
 20
90.02186509704591
 10
71.09922409477235
 20
89.96833549385071
 10
71.07503122558593
 20
89.91350861816405
 10
71.05328888435363
 20
89.85745992546082
 10
71.0340293182373
 20
89.80026487121582
 10
71.01728477439879
 20
89.74199891090393
 10
71.00308749999998
 20
89.68273749999999
 10
70.99146974220275
 20
89.62255609397889
 10
70.98246374816894
 20
89.5615301483154
 10
70.97610176506042
 20
89.49973511848448
 10
70.97241604003906
 20
89.43724645996089
 10
70.97143882026673
 20
89.37413962821958
 10
70.97320235290529
 20
89.3104900787353
 10
70.97773888511658
 20
89.24637326698297
 10
70.9850806640625
 20
89.18186464843747
 10
70.9952599369049
 20
89.11703967857363
 10
71.00830895080566
 20
89.05197381286621
 10
71.02425995292662
 20
88.98674250679018
 10
71.04314519042967
 20
88.92142121582031
 10
71.06499691047668
 20
88.85608539543154
 10
71.08984736022948
 20
88.79081050109865
 10
71.11772878684996
 20
88.72567198829651
 10
71.14867343749999
 20
88.66074531249999
 10
71.18271355934142
 20
88.59610592918397
 10
71.21988139953612
 20
88.53182929382324
 10
71.26020920524597
 20
88.46799086189269
 10
71.30372922363282
 20
88.40466608886719
 10
71.35047370185851
 20
88.34193043022153
 10
71.40047488708496
 20
88.27985934143066
 10
71.453765026474
 20
88.21852827796936
 10
71.51037636718752
 20
88.15801269531247
 10
71.57034115638734
 20
88.09838804893493
 10
71.63369164123536
 20
88.03972979431152
 10
71.70046006889345
 20
87.98211338691709
 10
71.77067868652345
 20
87.92561428222654
 10
71.84437974128726
 20
87.87030793571471
 10
71.9215954803467
 20
87.81626980285643
 10
72.00235815086367
 20
87.76357533912658
 10
72.08669999999999
 20
87.7123
 10
72.15904635200496
 20
87.67186753349305
 10
72.23151730041498
 20
87.63445237731934
 10
72.30407630882261
 20
87.60001852149965
 10
72.37668684082028
 20
87.56852995605468
 10
72.44931236000059
 20
87.53995067100527
 10
72.52191632995604
 20
87.51424465637207
 10
72.59446221427916
 20
87.49137590217591
 10
72.66691347656247
 20
87.4713083984375
 10
72.73923358039855
 20
87.45400613517764
 10
72.81138598937987
 20
87.439433102417
 10
72.88333416709898
 20
87.42755329017638
 10
72.95504157714842
 20
87.41833068847656
 10
73.02647168312072
 20
87.41172928733826
 10
73.09758794860839
 20
87.40771307678222
 10
73.16835383720399
 20
87.40624604682921
 10
73.23873281249998
 20
87.40729218750001
 10
73.30868833808898
 20
87.41081548881529
 10
73.37818387756349
 20
87.41677994079591
 10
73.447182894516
 20
87.42514953346253
 10
73.51564885253906
 20
87.43588825683593
 10
73.58354521522525
 20
87.44896010093688
 10
73.65083544616701
 20
87.46432905578613
 10
73.71748300895692
 20
87.48195911140442
 10
73.78345136718753
 20
87.50181425781251
 10
73.84870398445129
 20
87.52385848503113
 10
73.91320432434084
 20
87.54805578308106
 10
73.97691585044864
 20
87.57437014198306
 10
74.03980202636721
 20
87.60276555175783
 10
74.10182631568911
 20
87.63320600242614
 10
74.16295218200686
 20
87.6656554840088
 10
74.22314308891298
 20
87.70007798652651
 10
74.28236250000001
 20
87.73643750000003
 10
74.34057387886046
 20
87.77469801445006
 10
74.3977406890869
 20
87.81482351989746
 10
74.45382639427184
 20
87.85677800636291
 10
74.50879445800779
 20
87.90052546386716
 10
74.5626083438873
 20
87.946029882431
 10
74.61523151550291
 20
87.99325525207519
 10
74.66662743644713
 20
88.04216556282042
 10
74.71675957031248
 20
88.09272480468747
 10
74.76559138069152
 20
88.14489696769715
 10
74.81308633117675
 20
88.19864604187008
 10
74.8592078853607
 20
88.25393601722719
 10
74.90391950683593
 20
88.31073088378905
 10
74.94718465919493
 20
88.36899463157655
 10
74.98896680603028
 20
88.42869125061035
 10
75.02922941093446
 20
88.48978473091126
 10
75.0679359375
 20
88.55223906249998
 10
75.10504984931944
 20
88.61601823539734
 10
75.14053460998534
 20
88.68108623962402
 10
75.17435368309022
 20
88.7474070652008
 10
75.20647053222657
 20
88.81494470214844
 10
75.23684862098696
 20
88.88366314048766
 10
75.26545141296387
 20
88.95352637023925
 10
75.2922423717499
 20
89.02449838142395
 10
75.31718496093752
 20
89.09654316406252
 10
75.34024264411925
 20
89.16962470817567
 10
75.3613788848877
 20
89.24370700378419
 10
75.38055714683533
 20
89.31875404090886
 10
75.39774089355471
 20
89.39472980957031
 10
75.41289358863831
 20
89.47159829978945
 10
75.42597869567872
 20
89.54932350158694
 10
75.43695967826844
 20
89.62786940498356
 10
75.4458
 20
89.7072
 10
75.4559374359131
 20
89.83751820678707
 10
75.45954831542968
 20
89.96760463867182
 10
75.45673362121583
 20
90.09740388793943
 10
75.4475943359375
 20
90.226860546875
 10
75.43223144226075
 20
90.35591920776365
 10
75.41074592285156
 20
90.48452446289061
 10
75.38323876037596
 20
90.61262090454102
 10
75.34981093750002
 20
90.740153125
 10
75.31056343688963
 20
90.86706571655273
 10
75.26559724121094
 20
90.99330327148441
 10
75.21501333312987
 20
91.11881038208009
 10
75.15891269531249
 20
91.24353164062499
 10
75.09739631042482
 20
91.36741163940428
 10
75.03056516113282
 20
91.4903949707031
 10
74.95852023010255
 20
91.61242622680662
 10
74.88136250000002
 20
91.73345000000001
 10
74.7991929534912
 20
91.85341088256835
 10
74.71211257324219
 20
91.97225346679687
 10
74.62022234191896
 20
92.0899223449707
 10
74.5236232421875
 20
92.20636210937499
 10
74.42241625671385
 20
92.32151735229491
 10
74.31670236816406
 20
92.43533266601565
 10
74.20658255920407
 20
92.54775264282228
 10
74.09215781250001
 20
92.65872187499999
 10
73.97352911071779
 20
92.76818495483395
 10
73.85079743652345
 20
92.87608647460935
 10
73.72406377258302
 20
92.98237102661129
 10
73.5934291015625
 20
93.08698320312499
 10
73.45899440612794
 20
93.1898675964355
 10
73.32086066894532
 20
93.29096879882813
 10
73.17912887268064
 20
93.39023140258792
 10
73.0339
 20
93.4876
 10
72.93282012977598
 20
93.55283723258972
 10
72.8323139678955
 20
93.61516309509276
 10
72.73238012504577
 20
93.67460820960999
 10
72.63301721191403
 20
93.73120319824222
 10
72.53422383918762
 20
93.78497868309022
 10
72.4359986175537
 20
93.83596528625488
 10
72.33834015769957
 20
93.88419362983706
 10
72.2412470703125
 20
93.92969433593751
 10
72.1447179660797
 20
93.97249802665712
 10
72.04875145568846
 20
94.01263532409668
 10
71.95334614982603
 20
94.05013685035704
 10
71.85850065917965
 20
94.08503322753908
 10
71.76421359443661
 20
94.11735507774356
 10
71.67048356628416
 20
94.14713302307129
 10
71.5773091854095
 20
94.17439768562319
 10
71.48468906249999
 20
94.1991796875
 10
71.39262180824285
 20
94.22150965080259
 10
71.30110603332524
 20
94.24141819763184
 10
71.21014034843449
 20
94.25893595008849
 10
71.11972336425783
 20
94.27409353027343
 10
71.02985369148256
 20
94.28692156028748
 10
70.94052994079591
 20
94.29745066223144
 10
70.85175072288516
 20
94.3057114582062
 10
70.76351464843752
 20
94.31173457031249
 10
70.67582032814027
 20
94.31555062065122
 10
70.58866637268067
 20
94.31719023132323
 10
70.50205139274599
 20
94.31668402442932
 10
70.41597399902345
 20
94.31406262207032
 10
70.33043280220032
 20
94.30935664634708
 10
70.24542641296386
 20
94.30259671936035
 10
70.16095344200135
 20
94.29381346321108
 10
70.0770125
 20
94.28303750000001
 10
69.91072114562988
 20
94.25562994079589
 10
69.74654123535154
 20
94.22061901855469
 10
69.58446165466307
 20
94.178249710083
 10
69.42447128906248
 20
94.12876699218749
 10
69.26655902404784
 20
94.07241584167481
 10
69.11071374511715
 20
94.00944123535156
 10
68.95692433776854
 20
93.94008815002441
 10
68.8051796875
 20
93.8646015625
 10
68.65546867980959
 20
93.78322644958496
 10
68.50778020019534
 20
93.69620778808593
 10
68.36210313415529
 20
93.60379055480956
 10
68.2184263671875
 20
93.5062197265625
 10
68.07673878479005
 20
93.40374028015137
 10
67.93702927246096
 20
93.29659719238282
 10
67.79928671569826
 20
93.18503544006347
 10
67.6635
 20
93.06929999999999
 10
67.56372940368652
 20
93.15079053344728
 10
67.47175827636718
 20
93.23185981445313
 10
67.38750698547363
 20
93.3125137390137
 10
67.31089589843749
 20
93.39275820312499
 10
67.24184538269041
 20
93.47259910278323
 10
67.18027580566404
 20
93.55204233398442
 10
67.12610753479002
 20
93.63109379272463
 10
67.0792609375
 20
93.709759375
 10
67.03965638122558
 20
93.78804497680665
 10
67.00721423339844
 20
93.8659564941406
 10
66.98185486145018
 20
93.94349982299806
 10
66.9634986328125
 20
94.020680859375
 10
66.95206591491698
 20
94.09750549926755
 10
66.94747707519531
 20
94.17397963867188
 10
66.9496524810791
 20
94.25010917358401
 10
66.95851250000001
 20
94.32590000000002
 10
66.97397749938966
 20
94.40135801391601
 10
66.99596784667969
 20
94.47648911132814
 10
67.02440390930178
 20
94.55129918823244
 10
67.05920605468749
 20
94.62579414062501
 10
67.10029465026855
 20
94.69997986450193
 10
67.14759006347657
 20
94.77386225585936
 10
67.20101266174315
 20
94.84744721069336
 10
67.2604828125
 20
94.920740625
 10
67.32592088317872
 20
94.99374839477537
 10
67.39724724121096
 20
95.06647641601562
 10
67.47438225402833
 20
95.1389305847168
 10
67.55724628906252
 20
95.211116796875
 10
67.64575971374513
 20
95.2830409484863
 10
67.73984289550783
 20
95.35470893554691
 10
67.83941620178225
 20
95.42612665405274
 10
67.9444
 20
95.4973
 10
67.73540336914064
 20
95.54276596679684
 10
67.52687695312501
 20
95.582576171875
 10
67.31882221679686
 20
95.61680532226562
 10
67.11124062499999
 20
95.645528125
 10
66.90413364257811
 20
95.66881928710936
 10
66.69750273437499
 20
95.686753515625
 10
66.49134936523437
 20
95.69940551757813
 10
66.28567499999999
 20
95.70685
 10
66.08048110351564
 20
95.70916166992187
 10
65.87576914062501
 20
95.70641523437499
 10
65.67154057617189
 20
95.69868540039063
 10
65.467796875
 20
95.686046875
 10
65.2645395019531
 20
95.66857436523438
 10
65.061769921875
 20
95.646342578125
 10
64.85948959960936
 20
95.61942622070311
 10
64.6577
 20
95.5879
 10
64.71603888854978
 20
95.28766918640142
 10
64.78100954589843
 20
94.98888356933598
 10
64.85258045959473
 20
94.69153463439942
 10
64.93072011718751
 20
94.39561386718752
 10
65.01539700622557
 20
94.10111275329592
 10
65.10657961425781
 20
93.8080227783203
 10
65.20423642883301
 20
93.51633542785645
 10
65.3083359375
 20
93.22604218749999
 10
65.41884662780761
 20
92.93713454284663
 10
65.5357369873047
 20
92.64960397949215
 10
65.65897550354006
 20
92.36344198303219
 10
65.7885306640625
 20
92.07864003906252
 10
65.92437095642087
 20
91.7951896331788
 10
66.06646486816405
 20
91.51308225097659
 10
66.2147808868408
 20
91.2323093780518
 10
66.36928749999999
 20
90.95286250000004
 10
66.52995319519042
 20
90.674733102417
 10
66.69674645996093
 20
90.39791267089844
 10
66.86963578186035
 20
90.12239269104004
 10
67.04858964843751
 20
89.84816464843747
 10
67.23357654724122
 20
89.57522002868653
 10
67.42456496582033
 20
89.3035503173828
 10
67.62152339172367
 20
89.03314700012206
 10
67.82442031249999
 20
88.76400156250001
 10
68.03322421569821
 20
88.49610549011236
 10
68.24790358886716
 20
88.22945026855473
 10
68.46842691955564
 20
87.96402738342289
 10
68.69476269531247
 20
87.69982832031253
 10
68.9268794036865
 20
87.43684456481934
 10
69.16474553222656
 20
87.17506760253909
 10
69.40832956848145
 20
86.91448891906738
 10
69.6576
 20
86.65510000000001
 10
69.86532672119141
 20
86.4983803100586
 10
70.07458720703127
 20
86.34492802734376
 10
70.28544569091798
 20
86.1948845825195
 10
70.49796640625001
 20
86.04839140624997
 10
70.7122135864258
 20
85.9055899291992
 10
70.92825146484378
 20
85.76662158203124
 10
71.14614427490237
 20
85.63162779541015
 10
71.36595624999999
 20
85.50074999999999
 10
71.58775162353511
 20
85.37412962646488
 10
71.81159462890621
 20
85.25190810546877
 10
72.03754949951168
 20
85.13422686767581
 10
72.26568046874998
 20
85.02122734375001
 10
72.4960517700195
 20
84.91305096435549
 10
72.72872763671873
 20
84.80983916015627
 10
72.96377230224607
 20
84.71173336181641
 10
73.20125
 20
84.61887500000001
 10
73.4412249633789
 20
84.53140550537106
 10
73.68376142578127
 20
84.44946630859373
 10
73.92892362060547
 20
84.373198840332
 10
74.17677578125003
 20
84.30274453124999
 10
74.42738214111331
 20
84.23824481201171
 10
74.6808069335938
 20
84.17984111328122
 10
74.93711439208991
 20
84.12767486572265
 10
75.19636875
 20
84.08188749999998
 10
75.45863424072263
 20
84.04262044677734
 10
75.72397509765621
 20
84.01001513671875
 10
75.99245555419919
 20
83.98421300048829
 10
76.26413984374997
 20
83.96535546875
 10
76.53909219970701
 20
83.95358397216794
 10
76.81737685546874
 20
83.94903994140626
 10
77.09905804443359
 20
83.9518648071289
 10
77.38420000000001
 20
83.96219999999999
 10
77.65832441711427
 20
83.97413785705564
 10
77.93044729003908
 20
83.98349387207032
 10
78.2005211761475
 20
83.99020983581541
 10
78.46849863281255
 20
83.99422753906248
 10
78.73433221740727
 20
83.995488772583
 10
78.99797448730476
 20
83.99393532714844
 10
79.25937799987798
 20
83.98950899353026
 10
79.51849531250002
 20
83.9821515625
 10
79.77527898254392
 20
83.97180482482909
 10
80.0296815673828
 20
83.95841057128906
 10
80.28165562438964
 20
83.94191059265136
 10
80.53115371093751
 20
83.92224667968747
 10
80.77812838439943
 20
83.89936062316897
 10
81.02253220214846
 20
83.87319421386719
 10
81.26431772155767
 20
83.84368924255371
 10
81.50343750000002
 20
83.81078749999998
 10
81.73984409484869
 20
83.77443077697753
 10
81.97349006347659
 20
83.73456086425779
 10
82.20432796325688
 20
83.6911195526123
 10
82.43231035156252
 20
83.64404863281249
 10
82.65738978576656
 20
83.59328989562991
 10
82.87951882324216
 20
83.53878513183593
 10
83.09865002136229
 20
83.48047613220215
 10
83.31473593750001
 20
83.41830468750002
 10
83.52772912902834
 20
83.35221258850099
 10
83.73758215332031
 20
83.28214162597657
 10
83.94424756774903
 20
83.20803359069826
 10
84.14767792968751
 20
83.12983027343747
 10
84.34782579650882
 20
83.04747346496581
 10
84.54464372558595
 20
82.96090495605469
 10
84.73808427429201
 20
82.87006653747557
 10
84.9281
 20
82.7749
 10
84.94469999999999
 20
82.75769999999999
  0
LWPOLYLINE
  5
49
330
24FC
100
AcDbEntity
  8
LAYER_1
100
AcDbPolyline
 90
      128
 70
     1
 43
0.0
 10
81.50249999999999
 20
86.20310000000001
 10
81.5118
 20
86.20310000000001
 10
81.5158
 20
86.1982
 10
81.5158
 20
86.20310000000001
 10
81.5207
 20
86.20319999999999
 10
81.516
 20
86.2073
 10
81.51743472938539
 20
86.30338047714234
 10
81.51651728820802
 20
86.39872184448242
 10
81.51324804496766
 20
86.49332400588992
 10
81.50762736816403
 20
86.58718686523437
 10
81.499655626297
 20
86.6803103263855
 10
81.48933318786623
 20
86.77269429321286
 10
81.47666042137144
 20
86.86433866958617
 10
81.4616376953125
 20
86.955243359375
 10
81.4442653781891
 20
87.04540826644898
 10
81.42454383850099
 20
87.13483329467774
 10
81.40247344474794
 20
87.22351834793091
 10
81.3780545654297
 20
87.31146333007812
 10
81.35128756904601
 20
87.39866814498901
 10
81.32217282409667
 20
87.4851326965332
 10
81.29071069908144
 20
87.57085688858031
 10
81.2569015625
 20
87.65584062500002
 10
81.2207457828522
 20
87.74008380966188
 10
81.18224372863769
 20
87.82358634643555
 10
81.14139576835631
 20
87.90634813919069
 10
81.0982022705078
 20
87.98836909179687
 10
81.05266360359193
 20
88.06964910812379
 10
81.00478013610841
 20
88.15018809204103
 10
80.95455223655699
 20
88.2299859474182
 10
80.90198027343751
 20
88.309042578125
 10
80.84706461524964
 20
88.387357888031
 10
80.78980563049315
 20
88.46493178100587
 10
80.73020368766785
 20
88.54176416091918
 10
80.66825915527344
 20
88.61785493164061
 10
80.60397240180968
 20
88.69320399703978
 10
80.53734379577639
 20
88.76781126098631
 10
80.46837370567322
 20
88.84167662734986
 10
80.39706249999998
 20
88.91480000000001
 10
80.32341054725646
 20
88.98718128280641
 10
80.24741821594238
 20
89.05882037963868
 10
80.1690858745575
 20
89.12971719436646
 10
80.08841389160156
 20
89.19987163085938
 10
80.00540263557434
 20
89.26928359298706
 10
79.92005247497559
 20
89.33795298461914
 10
79.83236377830504
 20
89.40587970962523
 10
79.74233691406247
 20
89.47306367187499
 10
79.55527015686036
 20
89.60520292358395
 10
79.35885515136721
 20
89.73436997070313
 10
79.15309484558107
 20
89.86056404418945
 10
78.9379921875
 20
89.98378437500001
 10
78.71355012512208
 20
90.1040301940918
 10
78.47977160644531
 20
90.22130073242188
 10
78.23665957946778
 20
90.33559522094723
 10
77.98421699218749
 20
90.446912890625
 10
77.72244679260255
 20
90.55525297241208
 10
77.45135192871096
 20
90.66061469726564
 10
77.17093534851075
 20
90.76299729614255
 10
76.88120000000001
 20
90.8624
 10
76.8759
 20
90.86820000000001
 10
76.8745
 20
90.86820000000001
 10
76.87609999999999
 20
90.86479999999999
 10
76.8724
 20
90.86620000000001
 10
76.8724
 20
90.86479999999999
 10
76.878
 20
90.85919999999999
 10
76.89350000000001
 20
90.81180000000001
 10
76.84619999999999
 20
90.8275
 10
76.8407
 20
90.83289999999999
 10
76.8393
 20
90.8332
 10
76.8408
 20
90.8295
 10
76.83710000000001
 20
90.83099999999999
 10
76.8374
 20
90.82970000000001
 10
76.8429
 20
90.8243
 10
76.94231236267089
 20
90.53456465148924
 10
77.04470515136718
 20
90.25414807128903
 10
77.15007754211426
 20
89.98305320739744
 10
77.25842871093752
 20
89.72128300781248
 10
77.36975783386229
 20
89.46884042053225
 10
77.48406408691406
 20
89.22572839355469
 10
77.60134664611816
 20
88.99194987487794
 10
77.7216046875
 20
88.76750781250001
 10
77.84483738708498
 20
88.55240515441892
 10
77.97104392089845
 20
88.3466448486328
 10
78.10022346496584
 20
88.15022984313962
 10
78.23237519531251
 20
87.96316308593748
 10
78.2995653728485
 20
87.87313622169495
 10
78.36749828796385
 20
87.7854475250244
 10
78.43617383766172
 20
87.70009736442565
 10
78.50559191894531
 20
87.61708610839843
 10
78.57575242881775
 20
87.53641412544251
 10
78.64665526428223
 20
87.45808178405761
 10
78.71830032234193
 20
87.38208945274353
 10
78.7906875
 20
87.30843749999998
 10
78.86381669425965
 20
87.23712629432675
 10
78.93768780212403
 20
87.16815620422364
 10
79.01230072059632
 20
87.10152759819029
 10
79.08765534667971
 20
87.03724084472653
 10
79.16375157737736
 20
86.97529631233214
 10
79.24058930969239
 20
86.91569436950683
 10
79.31816844062805
 20
86.85843538475035
 10
79.39648886718751
 20
86.80351972656248
 10
79.47555048637389
 20
86.750947763443
 10
79.55535319519043
 20
86.7007198638916
 10
79.63589689064026
 20
86.65283639640808
 10
79.71718146972657
 20
86.60729772949219
 10
79.79920682945252
 20
86.5641042316437
 10
79.8819728668213
 20
86.5232562713623
 10
79.96547947883605
 20
86.48475421714781
 10
80.04972656250002
 20
86.44859843749999
 10
80.13471401481629
 20
86.41478930091855
 10
80.22044173278809
 20
86.3833271759033
 10
80.30690961341859
 20
86.35421243095397
 10
80.39411755371094
 20
86.32744543457031
 10
80.48206545066832
 20
86.30302655525206
 10
80.57075320129394
 20
86.28095616149902
 10
80.66018070259096
 20
86.26123462181091
 10
80.75034785156249
 20
86.24386230468749
 10
80.8412545452118
 20
86.22883957862853
 10
80.93290068054198
 20
86.2161668121338
 10
81.02528615455629
 20
86.20584437370299
 10
81.11841086425782
 20
86.19787263183594
 10
81.2122747066498
 20
86.19225195503235
 10
81.30687757873536
 20
86.18898271179199
 10
81.40221937751769
 20
86.18806527061463
 10
81.49829999999999
 20
86.18949999999999
 10
81.5024
 20
86.18489999999999
 10
81.5024
 20
86.18949999999999
 10
81.50730000000001
 20
86.1898
 10
81.50249999999999
 20
86.19370000000001
  0
LWPOLYLINE
  5
4A
330
24FC
100
AcDbEntity
  8
LAYER_1
100
AcDbPolyline
 90
     1296
 70
     1
 43
0.0
 10
42.4194
 20
82.76329999999999
 10
42.41349999999999
 20
82.76090000000001
 10
42.4307
 20
82.77739999999999
 10
42.52589321899414
 20
82.96741571960449
 10
42.61675551757813
 20
83.16085622558594
 10
42.70334523315429
 20
83.35767403869629
 10
42.785720703125
 20
83.55782167968747
 10
42.86394026489257
 20
83.76125166931151
 10
42.93806225585936
 20
83.96791652832032
 10
43.00814501342774
 20
84.17776877746581
 10
43.07424687500001
 20
84.39076093749998
 10
43.1364261779785
 20
84.60684552917479
 10
43.19474125976563
 20
84.8259750732422
 10
43.24925045776367
 20
85.04810209045409
 10
43.30001210937499
 20
85.2731791015625
 10
43.34708455200195
 20
85.50115862731933
 10
43.39052612304688
 20
85.73199318847654
 10
43.4303951599121
 20
85.96563530578613
 10
43.46675
 20
86.20203749999999
 10
43.49964898071289
 20
86.44115229187011
 10
43.52915043945313
 20
86.68293220214843
 10
43.55531271362305
 20
86.92732975158691
 10
43.57819414062499
 20
87.17429746093749
 10
43.59785305786132
 20
87.42378785095215
 10
43.61434780273438
 20
87.67575344238281
 10
43.62773671264649
 20
87.93014675598143
 10
43.638078125
 20
88.18692031249998
 10
43.64543037719726
 20
88.44602663269043
 10
43.64985180664061
 20
88.70741823730471
 10
43.65140075073242
 20
88.97104764709473
 10
43.65013554687499
 20
89.23686738281251
 10
43.64611453247071
 20
89.50482996520996
 10
43.63939604492187
 20
89.77488791503906
 10
43.63003842163085
 20
90.04699375305175
 10
43.6181
 20
90.32110000000001
 10
43.60775572509765
 20
90.60626920776366
 10
43.60492236328124
 20
90.88797592773437
 10
43.60945848388671
 20
91.16628442993164
 10
43.62122265624999
 20
91.44125898437499
 10
43.64007344970703
 20
91.712963861084
 10
43.66586943359375
 20
91.98146333007812
 10
43.6984691772461
 20
92.24682166137695
 10
43.73773125
 20
92.509103125
 10
43.7835142211914
 20
92.7683719909668
 10
43.83567666015625
 20
93.02469252929688
 10
43.89407713623046
 20
93.27812901000976
 10
43.95857421875
 20
93.52874570312499
 10
44.02902647705078
 20
93.77660687866212
 10
44.10529248046874
 20
94.02177680664063
 10
44.18723079833985
 20
94.26431975708007
 10
44.2747
 20
94.5043
 10
44.36755865478516
 20
94.74178180541992
 10
44.46566533203125
 20
94.97682944335938
 10
44.56887860107421
 20
95.20950718383787
 10
44.67705703125
 20
95.43987929687501
 10
44.79005919189454
 20
95.66801005249024
 10
44.90774365234375
 20
95.89396372070313
 10
45.02996898193361
 20
96.1178045715332
 10
45.15659375
 20
96.339596875
 10
45.28747652587891
 20
96.55940490112305
 10
45.42247587890624
 20
96.77729291992188
 10
45.56145037841797
 20
96.993325201416
 10
45.70425859374999
 20
97.207566015625
 10
45.85075909423828
 20
97.42007963256837
 10
46.00081044921874
 20
97.63093032226564
 10
46.15427122802734
 20
97.84018235473631
 10
46.311
 20
98.0479
 10
46.57038863830567
 20
98.2971619140625
 10
46.83096652832032
 20
98.5407390625
 10
47.09274225769043
 20
98.7785998046875
 10
47.3557244140625
 20
99.01071250000001
 10
47.619921585083
 20
99.2370455078125
 10
47.88534235839843
 20
99.45756718750001
 10
48.15199532165527
 20
99.6722458984375
 10
48.4198890625
 20
99.88105
 10
48.6890321685791
 20
100.0839478515625
 10
48.95943322753907
 20
100.2809078125
 10
49.23110082702636
 20
100.4718982421875
 10
49.50404355468749
 20
100.6568875
 10
49.77826999816894
 20
100.8358439453125
 10
50.05378874511718
 20
101.0087359375
 10
50.33060838317871
 20
101.1755318359375
 10
50.60873749999999
 20
101.3362
 10
50.88818468322753
 20
101.4907087890625
 10
51.16895852050781
 20
101.6390265625
 10
51.45106759948729
 20
101.7811216796875
 10
51.7345205078125
 20
101.9169625
 10
52.01932583312988
 20
102.0465173828125
 10
52.30549216308594
 20
102.1697546875
 10
52.59302808532715
 20
102.2866427734375
 10
52.8819421875
 20
102.39715
 10
53.17224305725097
 20
102.5012447265625
 10
53.46393928222654
 20
102.5988953125
 10
53.75703945007324
 20
102.6900701171875
 10
54.05155214843748
 20
102.7747375
 10
54.34748596496581
 20
102.8528658203125
 10
54.64484948730468
 20
102.9244234375
 10
54.94365130310058
 20
102.9893787109375
 10
55.2439
 20
103.0477
 10
55.27540864257812
 20
102.8459280273437
 10
55.30230976562499
 20
102.64366328125
 10
55.32452866210936
 20
102.4409075195312
 10
55.341990625
 20
102.2376625
 10
55.35462094726561
 20
102.0339299804688
 10
55.36234492187499
 20
101.82971171875
 10
55.36508784179688
 20
101.6250094726562
 10
55.362775
 20
101.419825
 10
55.35533168945311
 20
101.2141600585937
 10
55.342683203125
 20
101.00801640625
 10
55.32475483398436
 20
100.8013958007813
 10
55.30147187499999
 20
100.5943
 10
55.27275961914061
 20
100.3867307617188
 10
55.238543359375
 20
100.17868984375
 10
55.19874838867186
 20
99.97017900390623
 10
55.1533
 20
99.76120000000001
 10
55.08210877685547
 20
99.86616591491699
 10
55.01067490234375
 20
99.96572302246097
 10
54.93899244384766
 20
100.0597916168213
 10
54.86705546875001
 20
100.1482919921875
 10
54.7948580444336
 20
100.231144442749
 10
54.72239423828124
 20
100.3082692626953
 10
54.64965811767578
 20
100.3795867462158
 10
54.57664375
 20
100.4450171875
 10
54.50334520263671
 20
100.5044808807373
 10
54.42975654296875
 20
100.5578981201172
 10
54.3558718383789
 20
100.6051891998291
 10
54.28168515624999
 20
100.6462744140625
 10
54.20719056396484
 20
100.6810740570068
 10
54.13238212890625
 20
100.7095084228516
 10
54.05725391845702
 20
100.7314978057861
 10
53.9818
 20
100.7469625
 10
53.90601444091797
 20
100.7558227996826
 10
53.82989130859375
 20
100.7579989990234
 10
53.75342467041015
 20
100.7534113922119
 10
53.67660859375
 20
100.7419802734375
 10
53.59943714599609
 20
100.7236259368896
 10
53.52190439453124
 20
100.6982686767578
 10
53.44400440673828
 20
100.6658287872314
 10
53.36573125000001
 20
100.6262265625
 10
53.28707899169922
 20
100.5793822967529
 10
53.20804169921874
 20
100.5252162841797
 10
53.12861343994139
 20
100.4636488189697
 10
53.04878828125
 20
100.3946001953125
 10
52.96856029052734
 20
100.3179907073975
 10
52.88792353515624
 20
100.2337406494141
 10
52.80687208251953
 20
100.1417703155518
 10
52.7254
 20
100.042
 10
52.84110848083496
 20
99.90621300354005
 10
52.95264558105468
 20
99.76846965332031
 10
53.05976628723144
 20
99.62875890808106
 10
53.1622255859375
 20
99.4870697265625
 10
53.2597784637451
 20
99.34339106750488
 10
53.35217990722656
 20
99.19771188964844
 10
53.4391849029541
 20
99.0500211517334
 10
53.5205484375
 20
98.90030781250001
 10
53.59602549743652
 20
98.74856083068848
 10
53.66537106933594
 20
98.59476916503904
 10
53.72834013977051
 20
98.438921774292
 10
53.7846876953125
 20
98.28100761718751
 10
53.83416872253417
 20
98.12101565246585
 10
53.87653820800782
 20
97.95893483886722
 10
53.91155113830567
 20
97.79475413513184
 10
53.9389625
 20
97.6284625
 10
53.94974102592468
 20
97.54452163276672
 10
53.95852727966307
 20
97.46004889221191
 10
53.96529063453674
 20
97.37504289817813
 10
53.97000046386718
 20
97.28950227050781
 10
53.97262614097595
 20
97.20342562904358
 10
53.97313703918457
 20
97.11681159362793
 10
53.97150253181457
 20
97.02965878410342
 10
53.96769199218749
 20
96.94196582031253
 10
53.96167479362486
 20
96.85373132209781
 10
53.95342030944824
 20
96.76495390930176
 10
53.94289791297911
 20
96.67563220176695
 10
53.93007697753907
 20
96.58576481933595
 10
53.91492687644958
 20
96.49535038185121
 10
53.89741698303223
 20
96.40438750915528
 10
53.87751667060852
 20
96.31287482109073
 10
53.85519531249999
 20
96.22081093750001
 10
53.83042228202821
 20
96.12819447822573
 10
53.80316695251464
 20
96.03502406311037
 10
53.77339869728088
 20
95.94129831199646
 10
53.74108688964843
 20
95.84701584472655
 10
53.70620090293885
 20
95.7521752811432
 10
53.66871011047364
 20
95.65677524108886
 10
53.62858388557435
 20
95.56081434440615
 10
53.58579160156249
 20
95.46429121093749
 10
53.54030263175964
 20
95.36720446052552
 10
53.4920863494873
 20
95.2695527130127
 10
53.44111212806702
 20
95.17133458824156
 10
53.38734934082031
 20
95.0725487060547
 10
53.33076736106872
 20
94.97319368629455
 10
53.27133556213379
 20
94.87326814880372
 10
53.20902331733703
 20
94.77277071342468
 10
53.14379999999999
 20
94.67170000000001
 10
53.04639534606932
 20
94.52646232910156
 10
52.94709948730469
 20
94.38472285156251
 10
52.84596770324707
 20
94.2465824951172
 10
52.7430552734375
 20
94.1121421875
 10
52.63841747741699
 20
93.98150285644531
 10
52.53210959472657
 20
93.85476542968751
 10
52.42418690490723
 20
93.73203083496095
 10
52.3147046875
 20
93.6134
 10
52.20371822204588
 20
93.49897385253909
 10
52.09128278808594
 20
93.38885332031251
 10
51.97745366516114
 20
93.28313933105471
 10
51.86228613281251
 20
93.1819328125
 10
51.74583547058106
 20
93.08533469238282
 10
51.62815695800781
 20
92.9934458984375
 10
51.50930587463378
 20
92.90636735839845
 10
51.3893375
 20
92.82420000000001
 10
51.26830711364746
 20
92.74704475097655
 10
51.14626999511719
 20
92.6750025390625
 10
51.02328142395019
 20
92.60817429199221
 10
50.89939667968749
 20
92.5466609375
 10
50.77467104187011
 20
92.4905634033203
 10
50.64915979003906
 20
92.43998261718749
 10
50.52291820373535
 20
92.39501950683594
 10
50.39600156249999
 20
92.35577499999999
 10
50.26846514587402
 20
92.32235002441406
 10
50.14036423339844
 20
92.29484550781249
 10
50.01175410461424
 20
92.2733623779297
 10
49.8826900390625
 20
92.2580015625
 10
49.75322731628416
 20
92.2488639892578
 10
49.62342121582032
 20
92.2460505859375
 10
49.49332701721193
 20
92.24966228027344
 10
49.363
 20
92.25979999999999
 10
49.28366962165832
 20
92.26863577880859
 10
49.20512435607911
 20
92.27961249999998
 10
49.12740019493103
 20
92.29269361572264
 10
49.05053312988282
 20
92.307842578125
 10
48.97455915260315
 20
92.32502283935549
 10
48.89951425476073
 20
92.3441978515625
 10
48.82543442802429
 20
92.36533106689451
 10
48.75235566406249
 20
92.38838593750001
 10
48.68031395454405
 20
92.41332591552733
 10
48.60934529113769
 20
92.440114453125
 10
48.5394856655121
 20
92.46871500244139
 10
48.47077106933594
 20
92.49909101562499
 10
48.40323749427795
 20
92.53120594482423
 10
48.33692093200682
 20
92.56502324218748
 10
48.27185737419128
 20
92.60050635986328
 10
48.2080828125
 20
92.63761875
 10
48.14563323860168
 20
92.67632386474609
 10
48.08454464416504
 20
92.71658515625
 10
48.02485302085876
 20
92.75836607666015
 10
47.96659436035156
 20
92.801630078125
 10
47.90980465431213
 20
92.84634061279295
 10
47.85451989440918
 20
92.89246113281249
 10
47.80077607231141
 20
92.93995509033205
 10
47.74860917968751
 20
92.9887859375
 10
47.69805520820617
 20
93.03891712646484
 10
47.64915014953614
 20
93.09031210937501
 10
47.60192999534607
 20
93.14293433837892
 10
47.55643073730468
 20
93.19674726562501
 10
47.5126883670807
 20
93.25171434326172
 10
47.47073887634278
 20
93.30779902343749
 10
47.43061825675964
 20
93.36496475830079
 10
47.3923625
 20
93.423175
 10
47.35600759773254
 20
93.48239320068358
 10
47.32158954162597
 20
93.5425828125
 10
47.28914432334899
 20
93.60370728759766
 10
47.25870793457032
 20
93.66573007812499
 10
47.23031636695862
 20
93.72861463623044
 10
47.20400561218261
 20
93.79232441406248
 10
47.179811661911
 20
93.85682286376955
 10
47.1577705078125
 20
93.92207343749999
 10
47.13791814155578
 20
93.98803958740234
 10
47.12029055480956
 20
94.054684765625
 10
47.10492373924254
 20
94.12197242431641
 10
47.09185368652343
 20
94.18986601562499
 10
47.08111638832092
 20
94.25832899169922
 10
47.07274783630371
 20
94.3273248046875
 10
47.0667840221405
 20
94.39681690673827
 10
47.06326093749999
 20
94.46676874999999
 10
47.0622145740509
 20
94.53714378662109
 10
47.06368092346192
 20
94.60790546875001
 10
47.06769597740172
 20
94.67901724853517
 10
47.07429572753907
 20
94.750442578125
 10
47.0835161655426
 20
94.82214490966795
 10
47.09539328308106
 20
94.8940876953125
 10
47.10996307182312
 20
94.96623438720705
 10
47.1272615234375
 20
95.0385484375
 10
47.14732462959289
 20
95.11099329833987
 10
47.17018838195801
 20
95.18353242187499
 10
47.19588877220153
 20
95.2561292602539
 10
47.22446179199217
 20
95.328747265625
 10
47.25594343299865
 20
95.40134989013671
 10
47.29036968688965
 20
95.4739005859375
 10
47.32777654533386
 20
95.54636280517581
 10
47.3682
 20
95.6187
 10
47.41949804954527
 20
95.70305107688904
 10
47.47221379089356
 20
95.78382267761231
 10
47.52627180061339
 20
95.86104704475404
 10
47.58159665527343
 20
95.93475642089844
 10
47.63811293144227
 20
96.00498304862975
 10
47.69574520568848
 20
96.07175917053224
 10
47.75441805458068
 20
96.13511702919007
 10
47.81405605468749
 20
96.19508886718749
 10
47.8745837825775
 20
96.25170692710877
 10
47.93592581481933
 20
96.30500345153809
 10
47.99800672798157
 20
96.35501068305972
 10
48.06075109863281
 20
96.4017608642578
 10
48.12408350334167
 20
96.4452862377167
 10
48.18792851867675
 20
96.4856190460205
 10
48.25221072120665
 20
96.52279153175355
 10
48.31685468749999
 20
96.5568359375
 10
48.38178499412537
 20
96.58778450584412
 10
48.44692621765137
 20
96.61566947937011
 10
48.51220293464661
 20
96.64052310066225
 10
48.57753972167969
 20
96.66237761230471
 10
48.6428611553192
 20
96.68126525688172
 10
48.70809181213378
 20
96.69721827697754
 10
48.77315626869201
 20
96.71026891517641
 10
48.8379791015625
 20
96.72044941406248
 10
48.90248488731383
 20
96.72779201622008
 10
48.96659820251464
 20
96.73232896423341
 10
49.03024362373352
 20
96.73409250068665
 10
49.09334572753905
 20
96.73311486816409
 10
49.15582909049987
 20
96.72942830924988
 10
49.21761828918457
 20
96.72306506652832
 10
49.27863790016174
 20
96.71405738258362
 10
49.3388125
 20
96.7024375
 10
49.39806666526795
 20
96.68823766136171
 10
49.45632497253417
 20
96.67149010925292
 10
49.5135119983673
 20
96.65222708625794
 10
49.56955231933594
 20
96.63048083496093
 10
49.62437051200866
 20
96.60628359794614
 10
49.6778911529541
 20
96.57966761779785
 10
49.73003881874085
 20
96.5506651371002
 10
49.7807380859375
 20
96.5193083984375
 10
49.82991353111267
 20
96.48562964439392
 10
49.87748973083498
 20
96.44966111755373
 10
49.92339126167298
 20
96.41143506050108
 10
49.96754270019531
 20
96.37098371582032
 10
50.00986862297057
 20
96.3283393260956
 10
50.05029360656738
 20
96.28353413391113
 10
50.08874222755432
 20
96.2366003818512
 10
50.12513906249999
 20
96.1875703125
 10
50.15940868797303
 20
96.13647616844177
 10
50.19147568054199
 20
96.08335019226075
 10
50.2212646167755
 20
96.02822462654112
 10
50.24870007324219
 20
95.9711317138672
 10
50.27370662651062
 20
95.91210369682313
 10
50.29620885314942
 20
95.85117281799316
 10
50.31613132972717
 20
95.78837131996158
 10
50.33339863281249
 20
95.72373144531249
 10
50.34793533897399
 20
95.65728543663023
 10
50.35966602478027
 20
95.58906553649903
 10
50.36851526679992
 20
95.51910398750306
 10
50.37440764160156
 20
95.44743303222656
 10
50.37726772575379
 20
95.37408491325377
 10
50.37702009582519
 20
95.29909187316894
 10
50.3735893283844
 20
95.22248615455628
 10
50.3669
 20
95.1443
 10
50.34817791748047
 20
95.19138727111815
 10
50.32775302734375
 20
95.23628293457029
 10
50.30568736572265
 20
95.27900026550293
 10
50.28204296874999
 20
95.3195525390625
 10
50.25688187255859
 20
95.35795303039551
 10
50.23026611328125
 20
95.39421501464843
 10
50.20225772705079
 20
95.42835176696778
 10
50.17291874999999
 20
95.4603765625
 10
50.14231121826171
 20
95.4903026763916
 10
50.11049716796875
 20
95.51814338378909
 10
50.0775386352539
 20
95.54391195983887
 10
50.04349765625
 20
95.56762167968747
 10
50.00843626708984
 20
95.58928581848144
 10
49.97241650390625
 20
95.60891765136721
 10
49.93550040283203
 20
95.6265304534912
 10
49.89775
 20
95.6421375
 10
49.85922733154296
 20
95.65575206604004
 10
49.81999443359375
 20
95.66738742675786
 10
49.78011334228515
 20
95.67705685729981
 10
49.73964609374999
 20
95.68477363281251
 10
49.65720126953125
 20
95.69440231933596
 10
49.57315624999999
 20
95.69637968749999
 10
49.48800732421875
 20
95.69081193847656
 10
49.40225078124999
 20
95.67780527343749
 10
49.31638291015625
 20
95.65746589355468
 10
49.2309
 20
95.6299
 10
49.18666598815917
 20
95.60133093566895
 10
49.14441345214843
 20
95.57099631347655
 10
49.10419789123535
 20
95.53895811462401
 10
49.0660748046875
 20
95.50527832031249
 10
49.03009969177246
 20
95.47001891174316
 10
48.99632805175781
 20
95.4332418701172
 10
48.96481538391114
 20
95.39500917663573
 10
48.9356171875
 20
95.3553828125
 10
48.90878896179199
 20
95.31442475891113
 10
48.88438620605469
 20
95.2721969970703
 10
48.86246441955566
 20
95.2287615081787
 10
48.84307910156248
 20
95.1841802734375
 10
48.82628575134277
 20
95.13851527404785
 10
48.81213986816406
 20
95.09182849121096
 10
48.80069695129393
 20
95.04418190612794
 10
48.7920125
 20
94.9956375
 10
48.78614201354979
 20
94.94625725402832
 10
48.78314099121094
 20
94.89610314941407
 10
48.78306493225096
 20
94.84523716735841
 10
48.7859693359375
 20
94.7937212890625
 10
48.79190970153807
 20
94.74161749572754
 10
48.80094152832032
 20
94.68898776855471
 10
48.81312031555175
 20
94.63589408874511
 10
48.8285015625
 20
94.5823984375
 10
48.84714076843262
 20
94.5285627960205
 10
48.86909343261718
 20
94.47444914550782
 10
48.89441505432128
 20
94.42011946716309
 10
48.92316113281251
 20
94.3656357421875
 10
48.95538716735839
 20
94.31105995178223
 10
48.99114865722656
 20
94.25645407714844
 10
49.03050110168457
 20
94.20188009948731
 10
49.0735
 20
94.1474
 10
49.12347226562499
 20
94.08870237121584
 10
49.17538281249999
 20
94.03282092285156
 10
49.229175390625
 20
93.97981968688965
 10
49.28479375
 20
93.92976269531251
 10
49.342181640625
 20
93.88271398010257
 10
49.4012828125
 20
93.83873757324218
 10
49.462041015625
 20
93.79789750671386
 10
49.52439999999999
 20
93.7602578125
 10
49.588303515625
 20
93.72588252258301
 10
49.6536953125
 20
93.69483566894531
 10
49.72051914062499
 20
93.66718128356934
 10
49.78871875
 20
93.64298339843752
 10
49.85823789062501
 20
93.62230604553223
 10
49.92902031249999
 20
93.60521325683594
 10
50.00100976562499
 20
93.59176906433106
 10
50.07415
 20
93.58203749999999
 10
50.148384765625
 20
93.57608259582519
 10
50.2236578125
 20
93.57396838378909
 10
50.299912890625
 20
93.57575889587405
 10
50.37709375
 20
93.5815181640625
 10
50.455144140625
 20
93.59131022033691
 10
50.5340078125
 20
93.60519909667971
 10
50.613628515625
 20
93.62324882507325
 10
50.69395
 20
93.6455234375
 10
50.774916015625
 20
93.67208696594238
 10
50.85647031249999
 20
93.70300344238279
 10
50.93855664062498
 20
93.7383368988037
 10
51.02111875
 20
93.7781513671875
 10
51.104100390625
 20
93.8225108795166
 10
51.1874453125
 20
93.87147946777345
 10
51.271097265625
 20
93.92512116394042
 10
51.355
 20
93.9835
 10
51.39917971191406
 20
94.01748011474609
 10
51.4412595703125
 20
94.05260302734376
 10
51.48128190917968
 20
94.08882384033205
 10
51.51928906249999
 20
94.12609765624999
 10
51.55532336425781
 20
94.16437957763672
 10
51.5894271484375
 20
94.20362470703123
 10
51.65201249999999
 20
94.28482499999999
 10
51.7073837890625
 20
94.36933935546877
 10
51.7558796875
 20
94.45680859375
 10
51.79783886718749
 20
94.54687353515623
 10
51.8336
 20
94.63917499999999
 10
51.8635017578125
 20
94.73335380859378
 10
51.8878828125
 20
94.82905078125
 10
51.90708183593749
 20
94.92590673828127
 10
51.9214375
 20
95.0235625
 10
51.93128847656249
 20
95.12165888671876
 10
51.9369734375
 20
95.21983671875
 10
51.93883105468749
 20
95.31773681640627
 10
51.93719999999999
 20
95.415
 10
51.92885756835936
 20
95.59736770324708
 10
51.91368515625
 20
95.77427990722656
 10
51.89178383789061
 20
95.94566587829589
 10
51.8632546875
 20
96.11145488281252
 10
51.82819877929686
 20
96.27157618713379
 10
51.7867171875
 20
96.42595905761719
 10
51.73891098632814
 20
96.5745327606201
 10
51.68488124999999
 20
96.7172265625
 10
51.62472905273436
 20
96.85396972961424
 10
51.59238861694336
 20
96.92008772087099
 10
51.55855546875
 20
96.98469152832032
 10
51.52324224243164
 20
97.04777231025696
 10
51.48646157226563
 20
97.1093212249756
 10
51.4482260925293
 20
97.16932943077088
 10
51.40854843750001
 20
97.22778808593748
 10
51.3674412414551
 20
97.28468834877013
 10
51.32491713867189
 20
97.34002137756347
 10
51.28098876342774
 20
97.39377833061217
 10
51.23566875000001
 20
97.44595036621092
 10
51.18896973266602
 20
97.4965286426544
 10
51.14090434570313
 20
97.5455043182373
 10
51.09148522338868
 20
97.59286855125427
 10
51.040725
 20
97.63861249999999
 10
50.98863630981445
 20
97.68272732276917
 10
50.93523178710936
 20
97.72520417785644
 10
50.88052406616211
 20
97.76603422355652
 10
50.82452578125
 20
97.80520861816405
 10
50.76724956665039
 20
97.84271851997377
 10
50.70870805664061
 20
97.87855508728029
 10
50.64891388549804
 20
97.9127094783783
 10
50.5878796875
 20
97.94517285156247
 10
50.52561809692384
 20
97.97593636512758
 10
50.46214174804689
 20
98.00499117736817
 10
50.39746327514651
 20
98.03232844657896
 10
50.3315953125
 20
98.05793933105469
 10
50.26455049438478
 20
98.08181498908995
 10
50.19634145507813
 20
98.10394657897949
 10
50.12698082885743
 20
98.12432525901796
 10
50.05648125
 20
98.14294218749999
 10
49.91211577148437
 20
98.17485542297363
 10
49.76334609375
 20
98.19961555175785
 10
49.61027329101561
 20
98.21715184020996
 10
49.4529984375
 20
98.22739355468749
 10
49.29162260742189
 20
98.23026996154785
 10
49.12624687500001
 20
98.22571032714844
 10
48.95697231445313
 20
98.21364391784669
 10
48.7839
 20
98.19400000000001
 10
48.59622478561401
 20
98.16502463264466
 10
48.4146684020996
 20
98.13015252990723
 10
48.23918942642211
 20
98.08954437828063
 10
48.06974643554685
 20
98.04336086425779
 10
47.90629800643919
 20
97.99176267433164
 10
47.74880271606443
 20
97.93491049499513
 10
47.59721914138791
 20
97.87296501274107
 10
47.451505859375
 20
97.80608691406248
 10
47.31162144699097
 20
97.73443688545228
 10
47.17752448120118
 20
97.65817561340332
 10
47.04917353897095
 20
97.57746378440856
 10
46.92652719726564
 20
97.49246208496092
 10
46.80954403305054
 20
97.40333120155334
 10
46.69818262329102
 20
97.31023182067872
 10
46.59240154495239
 20
97.21332462882996
 10
46.49215937499999
 20
97.1127703125
 10
46.39741469039916
 20
97.00872955818176
 10
46.30812606811521
 20
96.90136305236817
 10
46.22425208511351
 20
96.79083148155209
 10
46.14575131835936
 20
96.67729553222654
 10
46.0725823448181
 20
96.56091589088436
 10
46.00470374145506
 20
96.44185324401853
 10
45.94207408523558
 20
96.32026827812193
 10
45.88465195312499
 20
96.19632167968749
 10
45.83239592208863
 20
96.07017413520814
 10
45.78526456909179
 20
95.94198633117676
 10
45.74321647109985
 20
95.81191895408631
 10
45.70621020507814
 20
95.68013269042969
 10
45.67420434799195
 20
95.54678822669984
 10
45.64715747680664
 20
95.41204624938965
 10
45.62502816848755
 20
95.27606744499205
 10
45.60777499999999
 20
95.13901249999998
 10
45.59535654830932
 20
95.00104210090634
 10
45.58773139038086
 20
94.86231693420409
 10
45.58485810317993
 20
94.72299768638606
 10
45.58669526367189
 20
94.58324504394527
 10
45.59320144882202
 20
94.4432196933746
 10
45.60433523559571
 20
94.30308232116695
 10
45.62005520095826
 20
94.16299361381527
 10
45.640319921875
 20
94.02311425781247
 10
45.66508797531127
 20
93.8836049396515
 10
45.69431793823242
 20
93.74462634582519
 10
45.72796838760376
 20
93.60633916282651
 10
45.76599790039061
 20
93.46890407714843
 10
45.80836505355835
 20
93.3324817752838
 10
45.85502842407227
 20
93.19723294372556
 10
45.90594658889771
 20
93.06331826896665
 10
45.961078125
 20
92.93089843749998
 10
46.02038160934449
 20
92.80013413581848
 10
46.08381561889649
 20
92.67118605041501
 10
46.15133873062134
 20
92.54421486778255
 10
46.22290952148438
 20
92.41938127441406
 10
46.29848656845092
 20
92.2968459568024
 10
46.37802844848632
 20
92.17676960144043
 10
46.4614937385559
 20
92.05931289482114
 10
46.54884101562498
 20
91.94463652343749
 10
46.64002885665893
 20
91.83290117378236
 10
46.73501583862305
 20
91.72426753234864
 10
46.83376053848268
 20
91.61889628562928
 10
46.93622153320315
 20
91.51694812011719
 10
47.04235739974977
 20
91.41858372230528
 10
47.1521267150879
 20
91.3239637786865
 10
47.26548805618286
 20
91.23324897575377
 10
47.3824
 20
91.1466
 10
47.25416547737122
 20
91.0902249145508
 10
47.12823163146974
 20
91.03228486328125
 10
47.00461398277282
 20
90.97279046630859
 10
46.88332805175781
 20
90.91175234374999
 10
46.76438935890198
 20
90.84918111572269
 10
46.64781342468262
 20
90.78508740234376
 10
46.53361576957703
 20
90.71948182373049
 10
46.42181191406248
 20
90.652375
 10
46.31241737861632
 20
90.58377755126951
 10
46.20544768371581
 20
90.51370009765623
 10
46.10091834983824
 20
90.44215325927735
 10
45.99884489746095
 20
90.36914765624999
 10
45.89924284706117
 20
90.29469390869143
 10
45.80212771911623
 20
90.21880263671876
 10
45.7075150341034
 20
90.14148446044924
 10
45.61542031250001
 20
90.06275000000002
 10
45.52585907478333
 20
89.9826098754883
 10
45.43884684143067
 20
89.90107470703128
 10
45.35439913291932
 20
89.81815511474609
 10
45.27253146972657
 20
89.73386171875002
 10
45.19325937232971
 20
89.64820513916015
 10
45.11659836120606
 20
89.56119599609378
 10
45.04256395683288
 20
89.47284490966797
 10
44.97117167968751
 20
89.38316250000003
 10
44.9024370502472
 20
89.29215938720707
 10
44.83637558898927
 20
89.19984619140629
 10
44.77300281639101
 20
89.10623353271487
 10
44.71233425292971
 20
89.01133203125002
 10
44.65438541908265
 20
88.91515230712895
 10
44.59917183532716
 20
88.81770498046879
 10
44.5467090221405
 20
88.71900067138673
 10
44.49701249999999
 20
88.61905000000001
 10
44.45009778938294
 20
88.51786358642581
 10
44.4059804107666
 20
88.41545205078125
 10
44.36467588462829
 20
88.31182601318358
 10
44.32619973144531
 20
88.20699609375001
 10
44.29056747169493
 20
88.10097291259765
 10
44.25779462585449
 20
87.99376708984373
 10
44.22789671440124
 20
87.88538924560546
 10
44.20088925781249
 20
87.77585
 10
44.17678777656553
 20
87.66515997314455
 10
44.1556077911377
 20
87.5533297851563
 10
44.13736482200622
 20
87.44037005615236
 10
44.12207438964844
 20
87.32629140625002
 10
44.10975201454163
 20
87.21110445556639
 10
44.10041321716309
 20
87.09481982421877
 10
44.09407351799011
 20
86.97744813232423
 10
44.0907484375
 20
86.85900000000001
 10
44.09045349617003
 20
86.73948604736329
 10
44.09320421447754
 20
86.61891689453126
 10
44.09901611289978
 20
86.49730316162109
 10
44.10790471191406
 20
86.37465546874997
 10
44.11988553199767
 20
86.25098443603514
 10
44.13497409362792
 20
86.12630068359372
 10
44.1531859172821
 20
86.00061483154295
 10
44.1745365234375
 20
85.8739375
 10
44.1990414325714
 20
85.74627930908205
 10
44.22671616516113
 20
85.61765087890627
 10
44.25757624168396
 20
85.48806282958986
 10
44.29163718261718
 20
85.35752578125
 10
44.3289145084381
 20
85.22605035400394
 10
44.36942373962403
 20
85.09364716796875
 10
44.41318039665222
 20
84.9603268432617
 10
44.46019999999999
 20
84.82609999999999
 10
44.44819999999999
 20
84.8141
 10
44.4479
 20
84.8141
 10
44.44819999999999
 20
84.8141
 10
44.45369999999999
 20
84.8141
 10
44.457
 20
84.8136
 10
44.46
 20
84.81579999999999
 10
44.4613
 20
84.8123
 10
44.46489999999999
 20
84.81109999999999
 10
44.4626
 20
84.80819999999999
 10
44.4627
 20
84.8069
 10
44.4641
 20
84.80679999999999
 10
44.4672
 20
84.80909999999999
 10
44.4682
 20
84.80549999999999
 10
44.4716
 20
84.80400000000001
 10
44.4695
 20
84.80119999999999
 10
44.47
 20
84.7977
 10
44.4699
 20
84.792
 10
44.47
 20
84.792
 10
44.4699
 20
84.792
 10
44.4819
 20
84.80439999999999
 10
44.61612691574091
 20
84.75737585258485
 10
44.74944745483393
 20
84.71361492614748
 10
44.88185099258418
 20
84.67310168190005
 10
45.01332690429682
 20
84.63582058105471
 10
45.14386456527706
 20
84.60175608482364
 10
45.27345335083005
 20
84.57089265441895
 10
45.40208263626095
 20
84.54321475105286
 10
45.52974179687497
 20
84.51870683593751
 10
45.65642020797727
 20
84.49735337028505
 10
45.78210724487302
 20
84.47913881530762
 10
45.9067922828674
 20
84.46404763221741
 10
46.0304646972656
 20
84.45206428222656
 10
46.15311386337279
 20
84.44317322654724
 10
46.27472915649413
 20
84.43735892639159
 10
46.39529995193481
 20
84.43460584297179
 10
46.51481562499999
 20
84.43489843750002
 10
46.63326555099488
 20
84.43822117118836
 10
46.7506391052246
 20
84.44455850524903
 10
46.8669256629944
 20
84.45389490089416
 10
46.9821145996094
 20
84.46621481933593
 10
47.09619529037477
 20
84.48150272178649
 10
47.20915711059572
 20
84.49974306945799
 10
47.3209894355774
 20
84.52092032356262
 10
47.43168164062502
 20
84.54501894531251
 10
47.54122310104372
 20
84.57202339591979
 10
47.64960319213869
 20
84.60191813659669
 10
47.75681128921511
 20
84.63468762855532
 10
47.86283676757814
 20
84.67031633300782
 10
47.96766900253298
 20
84.70878871116639
 10
48.07129736938479
 20
84.75008922424319
 10
48.17371124343876
 20
84.79420233345033
 10
48.2749
 20
84.84111249999999
 10
48.37485301437374
 20
84.89080418510434
 10
48.4735596618652
 20
84.94326184997557
 10
48.57100931777951
 20
84.99846995582577
 10
48.66719135742185
 20
85.05641296386718
 10
48.7620951560974
 20
85.11707533531186
 10
48.85571008911131
 20
85.18044153137205
 10
48.94802553176877
 20
85.24649601325988
 10
49.03903085937498
 20
85.31522324218748
 10
49.12871544723509
 20
85.38660767936704
 10
49.21706867065428
 20
85.46063378601074
 10
49.30407990493772
 20
85.5372860233307
 10
49.3897385253906
 20
85.61654885253906
 10
49.4740339073181
 20
85.69840673484801
 10
49.55695542602538
 20
85.78284413146972
 10
49.63849245681764
 20
85.86984550361632
 10
49.718634375
 20
85.95939531250001
 10
49.79737055587768
 20
86.0514780193329
 10
49.87469037475586
 20
86.14607808532715
 10
49.95058320693971
 20
86.24317997169494
 10
50.02503842773439
 20
86.34276813964843
 10
50.09804541244507
 20
86.4448270503998
 10
50.16959353637696
 20
86.54934116516114
 10
50.23967217483521
 20
86.65629494514467
 10
50.30827070312501
 20
86.7656728515625
 10
50.37537849655153
 20
86.87745934562684
 10
50.44098493041994
 20
86.99163888854984
 10
50.50507938003542
 20
87.10819594154362
 10
50.56765122070314
 20
87.22711496582034
 10
50.62868982772829
 20
87.3483804225922
 10
50.68818457641603
 20
87.47197677307134
 10
50.74612484207154
 20
87.59788847846991
 10
50.8025
 20
87.7261
 10
50.88914436149593
 20
87.60920168418889
 10
50.97985469665525
 20
87.49585312194829
 10
51.07447031898495
 20
87.38609576606753
 10
51.17283054199216
 20
87.27997106933598
 10
51.27477467918393
 20
87.17752048454286
 10
51.38014204406736
 20
87.07878546447757
 10
51.48877195014953
 20
86.98380746192935
 10
51.60050371093748
 20
86.89262792968751
 10
51.71517663993834
 20
86.80528832054141
 10
51.83263005065917
 20
86.72183008728026
 10
51.95270325660704
 20
86.64229468269347
 10
52.07523557128906
 20
86.56672355957031
 10
52.20006630821227
 20
86.49515817070009
 10
52.32703478088379
 20
86.42763996887207
 10
52.45598030281068
 20
86.36421040687558
 10
52.58674218750001
 20
86.3049109375
 10
52.71915974845888
 20
86.24978301353454
 10
52.85307229919435
 20
86.19886808776856
 10
52.98831915321353
 20
86.15220761299132
 10
53.12473962402346
 20
86.10984304199218
 10
53.26217302513125
 20
86.07181582756039
 10
53.40045867004399
 20
86.03816742248536
 10
53.53943587226872
 20
86.00893927955628
 10
53.67894394531249
 20
85.9841728515625
 10
53.81882220268242
 20
85.96390959129333
 10
53.95890995788569
 20
85.94819095153807
 10
54.09904652442928
 20
85.93705838508606
 10
54.23907121582027
 20
85.93055334472657
 10
54.37882334556576
 20
85.9287172832489
 10
54.51814222717282
 20
85.93159165344237
 10
54.65686717414852
 20
85.93921790809629
 10
54.79483749999997
 20
85.95163750000001
 10
54.93189251823422
 20
85.96889188194275
 10
55.06787154235838
 20
85.99102250671386
 10
55.2026138858795
 20
86.01807082710266
 10
55.33595886230468
 20
86.05007829589844
 10
55.46774578514097
 20
86.08708636589049
 10
55.59781396789549
 20
86.12913648986816
 10
55.7260027240753
 20
86.17627012062072
 10
55.8521513671875
 20
86.22852871093753
 10
55.97609921073914
 20
86.28595371360779
 10
56.09768556823732
 20
86.34858658142091
 10
56.2167497531891
 20
86.41646876716615
 10
56.33313107910158
 20
86.48964172363283
 10
56.44666885948183
 20
86.56814690361022
 10
56.55720240783695
 20
86.6520257598877
 10
56.66457103767398
 20
86.74131974525456
 10
56.76861406249999
 20
86.83607031249998
 10
56.86917079582209
 20
86.93631891441341
 10
56.96608055114742
 20
87.04210700378412
 10
57.05918264198301
 20
87.15347603340143
 10
57.14831638183589
 20
87.27046745605465
 10
57.23332108421321
 20
87.39312272453304
 10
57.31403606262205
 20
87.52148329162594
 10
57.39030063056943
 20
87.65559061012265
 10
57.46195410156248
 20
87.79548613281246
 10
57.52883578910825
 20
87.9412113124847
 10
57.59078500671385
 20
88.09280760192869
 10
57.64764106788634
 20
88.25031645393369
 10
57.69924328613281
 20
88.41377932128905
 10
57.74543097496031
 20
88.58323765678404
 10
57.78604344787597
 20
88.758732913208
 10
57.82092001838684
 20
88.94030654335022
 10
57.8499
 20
89.12799999999998
 10
57.86954449462889
 20
89.30104591674805
 10
57.88161259765624
 20
89.47029741210938
 10
57.88617498779297
 20
89.63565322875977
 10
57.88330234375
 20
89.79701210937502
 10
57.87306534423827
 20
89.95427279663088
 10
57.85553466796874
 20
90.10733403320315
 10
57.83078099365234
 20
90.25609456176759
 10
57.798875
 20
90.400453125
 10
57.78026197052002
 20
90.47095002670284
 10
57.75988736572266
 20
90.54030846557614
 10
57.73776002044678
 20
90.60851578445431
 10
57.71388876953126
 20
90.67555932617183
 10
57.68828244781495
 20
90.74142643356323
 10
57.66094989013672
 20
90.80610444946286
 10
57.63189993133544
 20
90.8695807167053
 10
57.60114140625
 20
90.93184257812501
 10
57.56868314971924
 20
90.99287737655641
 10
57.53453399658203
 20
91.05267245483398
 10
57.49870278167724
 20
91.11121515579222
 10
57.46119833984375
 20
91.16849282226562
 10
57.42202950592041
 20
91.22449279708865
 10
57.38120511474609
 20
91.27920242309572
 10
57.33873400115966
 20
91.33260904312134
 10
57.294625
 20
91.38469999999999
 10
57.24888694610595
 20
91.43546263656615
 10
57.2015286743164
 20
91.4848842956543
 10
57.15255901947021
 20
91.53295232009886
 10
57.10198681640624
 20
91.57965405273436
 10
57.04982089996337
 20
91.62497683639527
 10
56.99607010498045
 20
91.668908013916
 10
56.94074326629639
 20
91.71143492813113
 10
56.88384921874999
 20
91.752544921875
 10
56.82539679718015
 20
91.7922253379822
 10
56.76539483642576
 20
91.83046351928712
 10
56.70385217132565
 20
91.86724680862429
 10
56.64077763671873
 20
91.90256254882815
 10
56.57618006744382
 20
91.93639808273319
 10
56.51006829833982
 20
91.96874075317385
 10
56.37333750000001
 20
92.02889687500002
 10
56.23065592041019
 20
92.08292965698241
 10
56.08209423828127
 20
92.13073784179687
 10
55.92772313232424
 20
92.17222017211915
 10
55.76761328125001
 20
92.20727539062499
 10
55.60183536376953
 20
92.23580223999023
 10
55.43046005859376
 20
92.25769946289064
 10
55.25355804443361
 20
92.27286580200196
 10
55.0712
 20
92.2812
 10
54.97390270996092
 20
92.28284975585935
 10
54.87597480468749
 20
92.28101054687499
 10
54.77777473144531
 20
92.27534340820312
 10
54.6796609375
 20
92.26550937499998
 10
54.58199187011718
 20
92.25116948242186
 10
54.4851259765625
 20
92.23198476562499
 10
54.38942170410157
 20
92.20761625976564
 10
54.2952375
 20
92.17772499999998
 10
54.20293181152342
 20
92.14197202148435
 10
54.1128630859375
 20
92.100018359375
 10
54.02538977050781
 20
92.05152504882812
 10
53.9408703125
 20
91.996153125
 10
53.85966315917968
 20
91.93356362304689
 10
53.82041371154785
 20
91.89945635375975
 10
53.7821267578125
 20
91.86341757812499
 10
53.74484710388182
 20
91.82540492553709
 10
53.70861955566406
 20
91.78537602539064
 10
53.67348891906736
 20
91.74328850708008
 10
53.63949999999999
 20
91.69909999999999
 10
53.58111207885743
 20
91.61515327453612
 10
53.52746186523439
 20
91.53146291503908
 10
53.4784853088379
 20
91.44808489685059
 10
53.434118359375
 20
91.36507519531249
 10
53.39429696655274
 20
91.2824897857666
 10
53.35895708007813
 20
91.20038464355468
 10
53.3280346496582
 20
91.11881574401854
 10
53.301465625
 20
91.03783906249999
 10
53.27918595581054
 20
90.95751057434084
 10
53.26113159179688
 20
90.87788625488279
 10
53.247238482666
 20
90.79902207946778
 10
53.23744257812499
 20
90.72097402343748
 10
53.23167982788085
 20
90.64379806213377
 10
53.22988618164061
 20
90.56755017089839
 10
53.23199758911131
 20
90.49228632507322
 10
53.23795
 20
90.4180625
 10
53.24767936401367
 20
90.3449346710205
 10
53.26112163085936
 20
90.27295881347656
 10
53.27821275024414
 20
90.20219090270996
 10
53.29888867187499
 20
90.13268691406251
 10
53.32308534545898
 20
90.06450282287598
 10
53.35073872070311
 20
89.99769460449218
 10
53.38178474731446
 20
89.93231823425293
 10
53.416159375
 20
89.8684296875
 10
53.4537985534668
 20
89.8060849395752
 10
53.49463823242189
 20
89.7453399658203
 10
53.53861436157226
 20
89.68625074157715
 10
53.585662890625
 20
89.62887324218749
 10
53.63571976928712
 20
89.57326344299316
 10
53.68872094726564
 20
89.51947731933593
 10
53.7446023742676
 20
89.46757084655759
 10
53.8033
 20
89.4176
 10
53.85777130737303
 20
89.37460110168457
 10
53.91233764648436
 20
89.33524865722656
 10
53.96693701782226
 20
89.2994871673584
 10
54.02150742187499
 20
89.26726113281249
 10
54.07598685913086
 20
89.23851505432129
 10
54.13031333007811
 20
89.21319343261719
 10
54.1844248352051
 20
89.19124076843258
 10
54.23825937500001
 20
89.17260156249998
 10
54.29175494995118
 20
89.15722031555175
 10
54.34484956054689
 20
89.14504152832028
 10
54.39748120727539
 20
89.13600970153808
 10
54.449587890625
 20
89.1300693359375
 10
54.50110761108397
 20
89.12716493225097
 10
54.5519783691406
 20
89.12724099121094
 10
54.60213816528319
 20
89.1302420135498
 10
54.65152499999999
 20
89.1361125
 10
54.70007687377929
 20
89.14479695129394
 10
54.74773178710936
 20
89.15623986816406
 10
54.7944277404785
 20
89.17038575134277
 10
54.840102734375
 20
89.18717910156248
 10
54.88469476928711
 20
89.20656441955566
 10
54.92814184570313
 20
89.22848620605471
 10
54.97038196411132
 20
89.252888961792
 10
55.011353125
 20
89.27971718749999
 10
55.05099332885742
 20
89.30891538391113
 10
55.08924057617186
 20
89.34042805175781
 10
55.12603286743163
 20
89.37419969177247
 10
55.16130820312501
 20
89.41017480468749
 10
55.19500458374024
 20
89.44829789123536
 10
55.22706000976564
 20
89.48851345214844
 10
55.25741248168944
 20
89.53076598815917
 10
55.286
 20
89.57500000000001
 10
55.31354833984376
 20
89.66048403320312
 10
55.33387265625
 20
89.746355078125
 10
55.34686689453125
 20
89.83211655273439
 10
55.35242499999999
 20
89.91727187500002
 10
55.35044091796875
 20
90.00132446289063
 10
55.34080859374999
 20
90.083777734375
 10
55.33309119873047
 20
90.12424944458008
 10
55.32342197265625
 20
90.16413510742188
 10
55.31178765869139
 20
90.20337265014649
 10
55.298175
 20
90.2419
 10
55.28257073974609
 20
90.2796550842285
 10
55.26496162109374
 20
90.31657583007811
 10
55.24533438720703
 20
90.35260016479494
 10
55.22367578125
 20
90.387666015625
 10
55.19997254638671
 20
90.42171130981449
 10
55.17421142578124
 20
90.45467397460937
 10
55.14637916259765
 20
90.48649193725585
 10
55.1164625
 20
90.517103125
 10
55.08444818115235
 20
90.54644546508788
 10
55.05032294921875
 20
90.57445688476558
 10
55.01407354736329
 20
90.60107531127931
 10
54.97568671875
 20
90.62623867187502
 10
54.93514920654297
 20
90.64988489379883
 10
54.89244775390624
 20
90.67195190429687
 10
54.84756910400389
 20
90.69237763061524
 10
54.8005
 20
90.7111
 10
54.87866769676209
 20
90.71778435325622
 10
54.95525553894043
 20
90.72120959167481
 10
55.03023127937317
 20
90.72145117073059
 10
55.10356267089844
 20
90.71858454589843
 10
55.17521746635438
 20
90.7126851726532
 10
55.24516341857911
 20
90.70382850646973
 10
55.31336828041078
 20
90.69209000282288
 10
55.37979980468752
 20
90.67754511718748
 10
55.44442574424746
 20
90.66026930503843
 10
55.50721385192873
 20
90.64033802185058
 10
55.56813188056946
 20
90.61782672309872
 10
55.62714758300783
 20
90.5928108642578
 10
55.68422871208192
 20
90.56536590080259
 10
55.73934302062991
 20
90.53556728820801
 10
55.79245826148988
 20
90.50349048194886
 10
55.8435421875
 20
90.46921093749999
 10
55.89256255149839
 20
90.43280411033631
 10
55.93948710632322
 20
90.39434545593262
 10
55.98428360481261
 20
90.3539104297638
 10
56.02691979980468
 20
90.31157448730471
 10
56.06736344413757
 20
90.26741308403016
 10
56.1055822906494
 20
90.22150167541504
 10
56.14154409217834
 20
90.17391571693421
 10
56.17521660156249
 20
90.12473066406249
 10
56.20656757164002
 20
90.07402197227477
 10
56.23556475524902
 20
90.02186509704591
 10
56.26217590522765
 20
89.96833549385071
 10
56.28636877441406
 20
89.91350861816405
 10
56.30811111564636
 20
89.85745992546082
 10
56.3273706817627
 20
89.80026487121582
 10
56.34411522560118
 20
89.74199891090393
 10
56.35831249999999
 20
89.68273749999999
 10
56.36993025779724
 20
89.62255609397889
 10
56.37893625183107
 20
89.5615301483154
 10
56.38529823493957
 20
89.49973511848448
 10
56.38898395996092
 20
89.43724645996089
 10
56.38996117973328
 20
89.37413962821958
 10
56.38819764709473
 20
89.3104900787353
 10
56.38366111488342
 20
89.24637326698297
 10
56.3763193359375
 20
89.18186464843747
 10
56.3661400630951
 20
89.11703967857363
 10
56.35309104919435
 20
89.05197381286621
 10
56.33714004707336
 20
88.98674250679018
 10
56.31825480957032
 20
88.92142121582031
 10
56.29640308952332
 20
88.85608539543154
 10
56.27155263977051
 20
88.79081050109865
 10
56.24367121315003
 20
88.72567198829651
 10
56.2127265625
 20
88.66074531249999
 10
56.17868644065857
 20
88.59610592918397
 10
56.14151860046387
 20
88.53182929382324
 10
56.10119079475403
 20
88.46799086189269
 10
56.05767077636719
 20
88.40466608886719
 10
56.01092629814147
 20
88.34193043022153
 10
55.96092511291504
 20
88.27985934143066
 10
55.907634973526
 20
88.21852827796936
 10
55.8510236328125
 20
88.15801269531247
 10
55.79105884361267
 20
88.09838804893493
 10
55.72770835876464
 20
88.03972979431152
 10
55.66093993110655
 20
87.98211338691709
 10
55.59072131347654
 20
87.92561428222654
 10
55.51702025871274
 20
87.87030793571471
 10
55.43980451965329
 20
87.81626980285643
 10
55.35904184913633
 20
87.76357533912658
 10
55.2747
 20
87.7123
 10
55.20235364799503
 20
87.67186753349305
 10
55.12988269958499
 20
87.63445237731934
 10
55.05732369117739
 20
87.60001852149965
 10
54.98471315917971
 20
87.56852995605468
 10
54.91208763999942
 20
87.53995067100527
 10
54.83948367004396
 20
87.51424465637207
 10
54.76693778572084
 20
87.49137590217591
 10
54.69448652343751
 20
87.4713083984375
 10
54.62216641960147
 20
87.45400613517764
 10
54.55001401062014
 20
87.439433102417
 10
54.47806583290101
 20
87.42755329017638
 10
54.40635842285157
 20
87.41833068847656
 10
54.33492831687928
 20
87.41172928733826
 10
54.2638120513916
 20
87.40771307678222
 10
54.19304616279602
 20
87.40624604682921
 10
54.1226671875
 20
87.40729218750001
 10
54.05271166191101
 20
87.41081548881529
 10
53.98321612243652
 20
87.41677994079591
 10
53.914217105484
 20
87.42514953346253
 10
53.84575114746093
 20
87.43588825683593
 10
53.77785478477477
 20
87.44896010093688
 10
53.710564553833
 20
87.46432905578613
 10
53.64391699104308
 20
87.48195911140442
 10
53.57794863281249
 20
87.50181425781251
 10
53.51269601554868
 20
87.52385848503113
 10
53.44819567565916
 20
87.54805578308106
 10
53.38448414955138
 20
87.57437014198306
 10
53.32159797363279
 20
87.60276555175783
 10
53.25957368431089
 20
87.63320600242614
 10
53.19844781799314
 20
87.6656554840088
 10
53.138256911087
 20
87.70007798652651
 10
53.0790375
 20
87.73643750000003
 10
53.02082612113954
 20
87.77469801445006
 10
52.96365931091311
 20
87.81482351989746
 10
52.90757360572817
 20
87.85677800636291
 10
52.8526055419922
 20
87.90052546386716
 10
52.79879165611268
 20
87.946029882431
 10
52.74616848449708
 20
87.99325525207519
 10
52.69477256355287
 20
88.04216556282042
 10
52.64464042968751
 20
88.09272480468747
 10
52.59580861930848
 20
88.14489696769715
 10
52.54831366882325
 20
88.19864604187008
 10
52.50219211463929
 20
88.25393601722719
 10
52.45748049316406
 20
88.31073088378905
 10
52.41421534080505
 20
88.36899463157655
 10
52.37243319396973
 20
88.42869125061035
 10
52.33217058906556
 20
88.48978473091126
 10
52.29346406250001
 20
88.55223906249998
 10
52.25635015068053
 20
88.61601823539734
 10
52.22086539001463
 20
88.68108623962402
 10
52.18704631690979
 20
88.7474070652008
 10
52.15492946777343
 20
88.81494470214844
 10
52.12455137901306
 20
88.88366314048766
 10
52.09594858703614
 20
88.95352637023925
 10
52.06915762825011
 20
89.02449838142395
 10
52.0442150390625
 20
89.09654316406252
 10
52.02115735588073
 20
89.16962470817567
 10
52.0000211151123
 20
89.24370700378419
 10
51.98084285316467
 20
89.31875404090886
 10
51.96365910644531
 20
89.39472980957031
 10
51.94850641136167
 20
89.47159829978945
 10
51.93542130432128
 20
89.54932350158694
 10
51.92444032173156
 20
89.62786940498356
 10
51.91559999999999
 20
89.7072
 10
51.90546256408691
 20
89.83751820678707
 10
51.90185168457031
 20
89.96760463867182
 10
51.90466637878418
 20
90.09740388793943
 10
51.91380566406249
 20
90.226860546875
 10
51.92916855773924
 20
90.35591920776365
 10
51.95065407714843
 20
90.48452446289061
 10
51.97816123962402
 20
90.61262090454102
 10
52.0115890625
 20
90.740153125
 10
52.05083656311035
 20
90.86706571655273
 10
52.09580275878907
 20
90.99330327148441
 10
52.14638666687013
 20
91.11881038208009
 10
52.2024873046875
 20
91.24353164062499
 10
52.26400368957517
 20
91.36741163940428
 10
52.33083483886717
 20
91.4903949707031
 10
52.40287976989745
 20
91.61242622680662
 10
52.48003749999998
 20
91.73345000000001
 10
52.56220704650878
 20
91.85341088256835
 10
52.64928742675781
 20
91.97225346679687
 10
52.74117765808107
 20
92.0899223449707
 10
52.83777675781252
 20
92.20636210937499
 10
52.93898374328614
 20
92.32151735229491
 10
53.04469763183596
 20
92.43533266601565
 10
53.1548174407959
 20
92.54775264282228
 10
53.26924218749999
 20
92.65872187499999
 10
53.38787088928221
 20
92.76818495483395
 10
53.51060256347654
 20
92.87608647460935
 10
53.63733622741698
 20
92.98237102661129
 10
53.76797089843748
 20
93.08698320312499
 10
53.90240559387206
 20
93.1898675964355
 10
54.04053933105468
 20
93.29096879882813
 10
54.18227112731933
 20
93.39023140258792
 10
54.3275
 20
93.4876
 10
54.42857987022399
 20
93.55283723258972
 10
54.52908603210449
 20
93.61516309509276
 10
54.62901987495422
 20
93.67460820960999
 10
54.72838278808594
 20
93.73120319824222
 10
54.82717616081238
 20
93.78497868309022
 10
54.92540138244629
 20
93.83596528625488
 10
55.02305984230043
 20
93.88419362983706
 10
55.12015292968753
 20
93.92969433593751
 10
55.21668203392032
 20
93.97249802665712
 10
55.31264854431154
 20
94.01263532409668
 10
55.40805385017398
 20
94.05013685035704
 10
55.50289934082034
 20
94.08503322753908
 10
55.59718640556338
 20
94.11735507774356
 10
55.69091643371585
 20
94.14713302307129
 10
55.78409081459049
 20
94.17439768562319
 10
55.8767109375
 20
94.1991796875
 10
55.96877819175717
 20
94.22150965080259
 10
56.06029396667477
 20
94.24141819763184
 10
56.15125965156552
 20
94.25893595008849
 10
56.24167663574216
 20
94.27409353027343
 10
56.33154630851742
 20
94.28692156028748
 10
56.42087005920409
 20
94.29745066223144
 10
56.50964927711484
 20
94.3057114582062
 10
56.59788535156248
 20
94.31173457031249
 10
56.68557967185972
 20
94.31555062065122
 10
56.77273362731932
 20
94.31719023132323
 10
56.85934860725402
 20
94.31668402442932
 10
56.94542600097655
 20
94.31406262207032
 10
57.03096719779968
 20
94.30935664634708
 10
57.11597358703611
 20
94.30259671936035
 10
57.20044655799864
 20
94.29381346321108
 10
57.28438749999998
 20
94.28303750000001
 10
57.45067885437012
 20
94.25562994079589
 10
57.61485876464846
 20
94.22061901855469
 10
57.77693834533693
 20
94.178249710083
 10
57.93692871093752
 20
94.12876699218749
 10
58.09484097595216
 20
94.07241584167481
 10
58.25068625488285
 20
94.00944123535156
 10
58.40447566223147
 20
93.94008815002441
 10
58.5562203125
 20
93.8646015625
 10
58.7059313201904
 20
93.78322644958496
 10
58.85361979980467
 20
93.69620778808593
 10
58.99929686584471
 20
93.60379055480956
 10
59.14297363281248
 20
93.5062197265625
 10
59.28466121520995
 20
93.40374028015137
 10
59.42437072753906
 20
93.29659719238282
 10
59.56211328430175
 20
93.18503544006347
 10
59.69789999999999
 20
93.06929999999999
 10
59.79767059631347
 20
93.15079053344728
 10
59.88964172363282
 20
93.23185981445313
 10
59.97389301452638
 20
93.3125137390137
 10
60.0505041015625
 20
93.39275820312499
 10
60.11955461730958
 20
93.47259910278323
 10
60.18112419433595
 20
93.55204233398442
 10
60.23529246520997
 20
93.63109379272463
 10
60.2821390625
 20
93.709759375
 10
60.32174361877441
 20
93.78804497680665
 10
60.35418576660156
 20
93.8659564941406
 10
60.37954513854979
 20
93.94349982299806
 10
60.3979013671875
 20
94.020680859375
 10
60.40933408508301
 20
94.09750549926755
 10
60.41392292480469
 20
94.17397963867188
 10
60.41174751892089
 20
94.25010917358401
 10
60.4028875
 20
94.32590000000002
 10
60.38742250061035
 20
94.40135801391601
 10
60.36543215332031
 20
94.47648911132814
 10
60.33699609069824
 20
94.55129918823244
 10
60.3021939453125
 20
94.62579414062501
 10
60.26110534973145
 20
94.69997986450193
 10
60.21380993652344
 20
94.77386225585936
 10
60.16038733825684
 20
94.84744721069336
 10
60.1009171875
 20
94.920740625
 10
60.03547911682129
 20
94.99374839477537
 10
59.96415275878906
 20
95.06647641601562
 10
59.88701774597168
 20
95.1389305847168
 10
59.8041537109375
 20
95.211116796875
 10
59.71564028625486
 20
95.2830409484863
 10
59.62155710449217
 20
95.35470893554691
 10
59.52198379821775
 20
95.42612665405274
 10
59.417
 20
95.4973
 10
59.62599663085935
 20
95.54276596679684
 10
59.83452304687498
 20
95.582576171875
 10
60.04257778320312
 20
95.61680532226562
 10
60.250159375
 20
95.645528125
 10
60.45726635742189
 20
95.66881928710936
 10
60.66389726562501
 20
95.686753515625
 10
60.87005063476564
 20
95.69940551757813
 10
61.07572499999999
 20
95.70685
 10
61.28091889648436
 20
95.70916166992187
 10
61.485630859375
 20
95.70641523437499
 10
61.68985942382811
 20
95.69868540039063
 10
61.89360312499999
 20
95.686046875
 10
62.09686049804687
 20
95.66857436523438
 10
62.29963007812501
 20
95.646342578125
 10
62.50191040039063
 20
95.61942622070311
 10
62.70369999999999
 20
95.5879
 10
62.64536111145021
 20
95.28766918640142
 10
62.58039045410157
 20
94.98888356933598
 10
62.50881954040528
 20
94.69153463439942
 10
62.43067988281251
 20
94.39561386718752
 10
62.3460029937744
 20
94.10111275329592
 10
62.25482038574218
 20
93.8080227783203
 10
62.15716357116699
 20
93.51633542785645
 10
62.05306406249999
 20
93.22604218749999
 10
61.94255337219236
 20
92.93713454284663
 10
61.82566301269529
 20
92.64960397949215
 10
61.70242449645994
 20
92.36344198303219
 10
61.57286933593749
 20
92.07864003906252
 10
61.43702904357913
 20
91.7951896331788
 10
61.29493513183596
 20
91.51308225097659
 10
61.1466191131592
 20
91.2323093780518
 10
60.99211250000001
 20
90.95286250000004
 10
60.83144680480958
 20
90.674733102417
 10
60.66465354003907
 20
90.39791267089844
 10
60.49176421813965
 20
90.12239269104004
 10
60.3128103515625
 20
89.84816464843747
 10
60.12782345275878
 20
89.57522002868653
 10
59.93683503417966
 20
89.3035503173828
 10
59.73987660827635
 20
89.03314700012206
 10
59.53697968750001
 20
88.76400156250001
 10
59.32817578430181
 20
88.49610549011236
 10
59.11349641113286
 20
88.22945026855473
 10
58.89297308044438
 20
87.96402738342289
 10
58.66663730468753
 20
87.69982832031253
 10
58.43452059631349
 20
87.43684456481934
 10
58.19665446777346
 20
87.17506760253909
 10
57.95307043151856
 20
86.91448891906738
 10
57.7038
 20
86.65510000000001
 10
57.49607327880859
 20
86.4983803100586
 10
57.28681279296875
 20
86.34492802734376
 10
57.07595430908201
 20
86.1948845825195
 10
56.86343359374998
 20
86.04839140624997
 10
56.64918641357419
 20
85.9055899291992
 10
56.43314853515621
 20
85.76662158203124
 10
56.2152557250976
 20
85.63162779541015
 10
55.99544375
 20
85.50074999999999
 10
55.77364837646488
 20
85.37412962646488
 10
55.54980537109377
 20
85.25190810546877
 10
55.32385050048831
 20
85.13422686767581
 10
55.09571953125002
 20
85.02122734375001
 10
54.86534822998048
 20
84.91305096435549
 10
54.63267236328126
 20
84.80983916015627
 10
54.3976276977539
 20
84.71173336181641
 10
54.16015
 20
84.61887500000001
 10
53.9201750366211
 20
84.53140550537106
 10
53.67763857421874
 20
84.44946630859373
 10
53.43247637939452
 20
84.373198840332
 10
53.18462421874998
 20
84.30274453124999
 10
52.93401785888669
 20
84.23824481201171
 10
52.68059306640621
 20
84.17984111328122
 10
52.42428560791011
 20
84.12767486572265
 10
52.16503125
 20
84.08188749999998
 10
51.9027657592774
 20
84.04262044677734
 10
51.63742490234379
 20
84.01001513671875
 10
51.36894444580082
 20
83.98421300048829
 10
51.09726015625003
 20
83.96535546875
 10
50.82230780029299
 20
83.95358397216794
 10
50.54402314453127
 20
83.94903994140626
 10
50.26234195556643
 20
83.9518648071289
 10
49.97720000000001
 20
83.96219999999999
 10
49.70307558288574
 20
83.97413785705564
 10
49.43095270996092
 20
83.98349387207032
 10
49.16087882385252
 20
83.99020983581541
 10
48.89290136718747
 20
83.99422753906248
 10
48.62706778259273
 20
83.995488772583
 10
48.36342551269526
 20
83.99393532714844
 10
48.102022000122
 20
83.98950899353026
 10
47.84290468749999
 20
83.9821515625
 10
47.58612101745609
 20
83.97180482482909
 10
47.33171843261721
 20
83.95841057128906
 10
47.07974437561037
 20
83.94191059265136
 10
46.83024628906251
 20
83.92224667968747
 10
46.58327161560059
 20
83.89936062316897
 10
46.33886779785156
 20
83.87319421386719
 10
46.09708227844236
 20
83.84368924255371
 10
45.85796249999997
 20
83.81078749999998
 10
45.62155590515135
 20
83.77443077697753
 10
45.3879099365234
 20
83.73456086425779
 10
45.15707203674311
 20
83.6911195526123
 10
44.92908964843749
 20
83.64404863281249
 10
44.70401021423342
 20
83.59328989562991
 10
44.48188117675785
 20
83.53878513183593
 10
44.26274997863771
 20
83.48047613220215
 10
44.0466640625
 20
83.41830468750002
 10
43.83367087097169
 20
83.35221258850099
 10
43.62381784667968
 20
83.28214162597657
 10
43.41715243225096
 20
83.20803359069826
 10
43.21372207031248
 20
83.12983027343747
 10
43.01357420349119
 20
83.04747346496581
 10
42.81675627441403
 20
82.96090495605469
 10
42.62331572570797
 20
82.87006653747557
 10
42.4333
 20
82.7749
 10
42.4167
 20
82.75769999999999
  0
LWPOLYLINE
  5
4B
330
24FC
100
AcDbEntity
  8
LAYER_1
100
AcDbPolyline
 90
      128
 70
     1
 43
0.0
 10
45.8589
 20
86.20310000000001
 10
45.8496
 20
86.20310000000001
 10
45.84559999999999
 20
86.1982
 10
45.84559999999999
 20
86.20310000000001
 10
45.84069999999999
 20
86.20319999999999
 10
45.84539999999999
 20
86.2073
 10
45.84396527061461
 20
86.30338047714234
 10
45.844882711792
 20
86.39872184448242
 10
45.84815195503234
 20
86.49332400588992
 10
45.85377263183594
 20
86.58718686523437
 10
45.861744373703
 20
86.6803103263855
 10
45.8720668121338
 20
86.77269429321286
 10
45.88473957862854
 20
86.86433866958617
 10
45.89976230468749
 20
86.955243359375
 10
45.9171346218109
 20
87.04540826644898
 10
45.93685616149902
 20
87.13483329467774
 10
45.95892655525206
 20
87.22351834793091
 10
45.9833454345703
 20
87.31146333007812
 10
46.01011243095398
 20
87.39866814498901
 10
46.03922717590331
 20
87.4851326965332
 10
46.07068930091856
 20
87.57085688858031
 10
46.10449843749999
 20
87.65584062500002
 10
46.14065421714783
 20
87.74008380966188
 10
46.17915627136231
 20
87.82358634643555
 10
46.22000423164368
 20
87.90634813919069
 10
46.26319772949218
 20
87.98836909179687
 10
46.30873639640809
 20
88.06964910812379
 10
46.35661986389161
 20
88.15018809204103
 10
46.406847763443
 20
88.2299859474182
 10
46.4594197265625
 20
88.309042578125
 10
46.51433538475036
 20
88.387357888031
 10
46.57159436950684
 20
88.46493178100587
 10
46.63119631233215
 20
88.54176416091918
 10
46.69314084472656
 20
88.61785493164061
 10
46.75742759819032
 20
88.69320399703978
 10
46.82405620422364
 20
88.76781126098631
 10
46.89302629432678
 20
88.84167662734986
 10
46.9643375
 20
88.91480000000001
 10
47.03798945274352
 20
88.98718128280641
 10
47.11398178405761
 20
89.05882037963868
 10
47.1923141254425
 20
89.12971719436646
 10
47.27298610839845
 20
89.19987163085938
 10
47.35599736442566
 20
89.26928359298706
 10
47.4413475250244
 20
89.33795298461914
 10
47.52903622169496
 20
89.40587970962523
 10
47.6190630859375
 20
89.47306367187499
 10
47.80612984313965
 20
89.60520292358395
 10
48.00254484863282
 20
89.73436997070313
 10
48.20830515441895
 20
89.86056404418945
 10
48.4234078125
 20
89.98378437500001
 10
48.64784987487793
 20
90.1040301940918
 10
48.8816283935547
 20
90.22130073242188
 10
49.12474042053222
 20
90.33559522094723
 10
49.37718300781249
 20
90.446912890625
 10
49.63895320739747
 20
90.55525297241208
 10
49.91004807128906
 20
90.66061469726564
 10
50.19046465148925
 20
90.76299729614255
 10
50.48020000000001
 20
90.8624
 10
50.4855
 20
90.86820000000001
 10
50.4869
 20
90.86820000000001
 10
50.4853
 20
90.86479999999999
 10
50.48899999999999
 20
90.86620000000001
 10
50.48899999999999
 20
90.86479999999999
 10
50.4834
 20
90.85919999999999
 10
50.4679
 20
90.81180000000001
 10
50.5152
 20
90.8275
 10
50.5207
 20
90.83289999999999
 10
50.5221
 20
90.8332
 10
50.5206
 20
90.8295
 10
50.5243
 20
90.83099999999999
 10
50.52399999999999
 20
90.82970000000001
 10
50.5185
 20
90.8243
 10
50.4190876373291
 20
90.53456465148924
 10
50.31669484863281
 20
90.25414807128903
 10
50.21132245788574
 20
89.98305320739744
 10
50.1029712890625
 20
89.72128300781248
 10
49.9916421661377
 20
89.46884042053225
 10
49.87733591308593
 20
89.22572839355469
 10
49.76005335388184
 20
88.99194987487794
 10
49.6397953125
 20
88.76750781250001
 10
49.51656261291503
 20
88.55240515441892
 10
49.39035607910154
 20
88.3466448486328
 10
49.26117653503417
 20
88.15022984313962
 10
49.1290248046875
 20
87.96316308593748
 10
49.06183462715149
 20
87.87313622169495
 10
48.99390171203613
 20
87.7854475250244
 10
48.92522616233826
 20
87.70009736442565
 10
48.85580808105467
 20
87.61708610839843
 10
48.78564757118225
 20
87.53641412544251
 10
48.71474473571777
 20
87.45808178405761
 10
48.64309967765807
 20
87.38208945274353
 10
48.57071249999999
 20
87.30843749999998
 10
48.49758330574035
 20
87.23712629432675
 10
48.42371219787596
 20
87.16815620422364
 10
48.34909927940366
 20
87.10152759819029
 10
48.27374465332029
 20
87.03724084472653
 10
48.19764842262265
 20
86.97529631233214
 10
48.1208106903076
 20
86.91569436950683
 10
48.04323155937193
 20
86.85843538475035
 10
47.96491113281248
 20
86.80351972656248
 10
47.8858495136261
 20
86.750947763443
 10
47.80604680480957
 20
86.7007198638916
 10
47.72550310935974
 20
86.65283639640808
 10
47.64421853027342
 20
86.60729772949219
 10
47.56219317054747
 20
86.5641042316437
 10
47.4794271331787
 20
86.5232562713623
 10
47.39592052116393
 20
86.48475421714781
 10
47.31167343749998
 20
86.44859843749999
 10
47.2266859851837
 20
86.41478930091855
 10
47.14095826721189
 20
86.3833271759033
 10
47.0544903865814
 20
86.35421243095397
 10
46.96728244628906
 20
86.32744543457031
 10
46.87933454933167
 20
86.30302655525206
 10
46.79064679870606
 20
86.28095616149902
 10
46.70121929740907
 20
86.26123462181091
 10
46.61105214843749
 20
86.24386230468749
 10
46.5201454547882
 20
86.22883957862853
 10
46.428499319458
 20
86.2161668121338
 10
46.33611384544372
 20
86.20584437370299
 10
46.24298913574218
 20
86.19787263183594
 10
46.14912529335021
 20
86.19225195503235
 10
46.05452242126463
 20
86.18898271179199
 10
45.95918062248229
 20
86.18806527061463
 10
45.8631
 20
86.18949999999999
 10
45.85899999999999
 20
86.18489999999999
 10
45.85899999999999
 20
86.18949999999999
 10
45.8541
 20
86.1898
 10
45.8589
 20
86.19370000000001
  0
LWPOLYLINE
  5
4C
330
24FC
100
AcDbEntity
  8
LAYER_1
100
AcDbPolyline
 90
       84
 70
     1
 43
0.0
 10
63.68069999980964
 20
92.03279999917985
 10
63.75820321655274
 20
91.6946026977539
 10
63.83198393554686
 20
91.36352080078124
 10
63.90191438598633
 20
91.03963494873042
 10
63.967866796875
 20
90.72302578125
 10
64.0297133972168
 20
90.41377393798828
 10
64.08732641601559
 20
90.11196005859373
 10
64.14057808227538
 20
89.81766478271484
 10
64.18934062499999
 20
89.53096874999999
 10
64.23348627319334
 20
89.25195260009765
 10
64.27288725585936
 20
88.98069697265624
 10
64.30741580200197
 20
88.7172825073242
 10
64.336944140625
 20
88.46178984375002
 10
64.3613445007324
 20
88.21429962158203
 10
64.38048911132813
 20
87.97489248046876
 10
64.394250201416
 20
87.74364906005859
 10
64.4025
 20
87.52064999999998
 10
64.40511073608397
 20
87.3059759399414
 10
64.40195463867187
 20
87.09970751953125
 10
64.39290393676756
 20
86.90192537841797
 10
64.377830859375
 20
86.71271015625
 10
64.35660763549805
 20
86.53214249267575
 10
64.32910649414061
 20
86.36030302734374
 10
64.31296177597045
 20
86.27768156890869
 10
64.29519966430664
 20
86.19727239990234
 10
64.27580418777465
 20
86.11908560028075
 10
64.25475937499999
 20
86.04313125
 10
64.23204925460815
 20
85.96941942901612
 10
64.20765785522461
 20
85.89796021728515
 10
64.18156920547485
 20
85.82876369476318
 10
64.15376733398439
 20
85.76183994140626
 10
64.12423626937867
 20
85.69719903717041
 10
64.0929600402832
 20
85.63485106201172
 10
64.05992267532349
 20
85.57480609588624
 10
64.025108203125
 20
85.51707421875002
 10
63.98850065231322
 20
85.46166551055909
 10
63.95008405151369
 20
85.40859005126952
 10
63.90984242935182
 20
85.35785792083741
 10
63.86775981445311
 20
85.30947919921876
 10
63.82382023544312
 20
85.26346396636965
 10
63.77800772094727
 20
85.2198223022461
 10
63.73030629959107
 20
85.17856428680421
 10
63.6807
 20
85.1397
 10
63.63109370041623
 20
85.1785642867982
 10
63.58339227906675
 20
85.21982230223336
 10
63.53757976457707
 20
85.26346396634945
 10
63.49364018557268
 20
85.30947919919043
 10
63.45155757067907
 20
85.35785792080025
 10
63.41131594852171
 20
85.40859005122284
 10
63.37289934772615
 20
85.46166551050212
 10
63.33629179691785
 20
85.51707421868211
 10
63.3014773247223
 20
85.57480609580672
 10
63.26843995976503
 20
85.63485106191993
 10
63.2371637306715
 20
85.69719903706564
 10
63.20763266606721
 20
85.76183994128784
 10
63.17983079457768
 20
85.82876369463047
 10
63.15374214482838
 20
85.89796021713747
 10
63.12935074544482
 20
85.9694194288528
 10
63.10664062505249
 20
86.0431312498204
 10
63.0855958122769
 20
86.11908560008421
 10
63.0662003357435
 20
86.19727239968824
 10
63.04843822407786
 20
86.27768156867636
 10
63.0322935059054
 20
86.36030302709256
 10
63.00479236454211
 20
86.53214249238502
 10
62.98356914065763
 20
86.71271015591718
 10
62.9684960632559
 20
86.90192537804062
 10
62.9594453613409
 20
87.09970751910695
 10
62.95628926391658
 20
87.30597593946782
 10
62.95889999998692
 20
87.52064999947476
 10
62.96714979855587
 20
87.7436490594794
 10
62.98091088862738
 20
87.97489247983333
 10
63.00005549920546
 20
88.21429962088817
 10
63.02445585929405
 20
88.46178984299548
 10
63.05398419789709
 20
88.71728250650688
 10
63.08851274401857
 20
88.98069697177401
 10
63.12791372666246
 20
89.25195259914842
 10
63.17205937483269
 20
89.5309687489817
 10
63.22082191753326
 20
89.81766478162544
 10
63.2740735837681
 20
90.11196005743128
 10
63.33168660254121
 20
90.4137739367508
 10
63.39353320285654
 20
90.72302577993564
 10
63.45948561371804
 20
91.03963494733731
 10
63.52941606412968
 20
91.3635207993075
 10
63.60319678309543
 20
91.69460269619776
  0
LWPOLYLINE
  5
4D
330
24FC
100
AcDbEntity
  8
LAYER_1
100
AcDbPolyline
 90
      100
 70
     1
 43
0.0
 10
51.688
 20
104.0249
 10
51.6884
 20
104.025
 10
51.6887
 20
104.025
 10
51.68849999999999
 20
104.025
 10
51.6887
 20
104.0254
 10
51.6884
 20
104.0254
 10
51.35023961181641
 20
104.102857522583
 10
51.01919345703124
 20
104.1765949462891
 10
50.69534217529295
 20
104.2464845550537
 10
50.37876640624999
 20
104.3123986328125
 10
50.06954678955079
 20
104.374209463501
 10
49.76776396484375
 20
104.4317893310547
 10
49.47349857177736
 20
104.4850105194092
 10
49.18683125
 20
104.5337453125
 10
48.90784263916017
 20
104.5778659942627
 10
48.63661337890625
 20
104.6172448486328
 10
48.37322410888671
 20
104.6517541595459
 10
48.11775546875
 20
104.6812662109375
 10
47.87028809814454
 20
104.7056532867432
 10
47.63090263671873
 20
104.7247876708984
 10
47.39967972412109
 20
104.7385416473389
 10
47.1767
 20
104.7467875
 10
46.96204410400389
 20
104.7493975128174
 10
46.75579267578124
 20
104.7462439697266
 10
46.55802635498047
 20
104.7371991546631
 10
46.36882578125
 20
104.7221353515625
 10
46.18827159423829
 20
104.7009248443604
 10
46.01644443359375
 20
104.6734399169922
 10
45.93382868804932
 20
104.6573046344757
 10
45.85342493896486
 20
104.6395528533936
 10
45.77524326629638
 20
104.6201686092377
 10
45.69929375
 20
104.5991359375
 10
45.62558647003174
 20
104.5764388736725
 10
45.55413150634764
 20
104.5520614532471
 10
45.4849389389038
 20
104.5259877117157
 10
45.41801884765624
 20
104.4982016845703
 10
45.35338131256103
 20
104.4686874073029
 10
45.29103641357422
 20
104.4374289154053
 10
45.23099423065185
 20
104.4044102443695
 10
45.17326484375
 20
104.3696154296875
 10
45.11785833282471
 20
104.3330285068512
 10
45.06478477783203
 20
104.2946335113525
 10
45.01405425872802
 20
104.2544144786835
 10
44.96567685546875
 20
104.2123554443359
 10
44.91966264801025
 20
104.1684404438019
 10
44.8760217163086
 20
104.1226535125733
 10
44.83476414031982
 20
104.074978686142
 10
44.7959
 20
104.0254
 10
44.7956
 20
104.0254
 10
44.7959
 20
104.025
 10
44.7956
 20
104.0249
 10
44.7959
 20
104.0246
 10
44.7956
 20
104.0244
 10
44.7959
 20
104.0244
 10
44.83476414031982
 20
103.974812229538
 10
44.8760217163086
 20
103.9271288909912
 10
44.91966264801025
 20
103.8813340061188
 10
44.96567685546875
 20
103.8374115966797
 10
45.01405425872802
 20
103.795345684433
 10
45.06478477783203
 20
103.7551202911377
 10
45.11785833282471
 20
103.7167194385529
 10
45.17326484375
 20
103.6801271484375
 10
45.23099423065185
 20
103.6453274425507
 10
45.29103641357422
 20
103.6123043426514
 10
45.35338131256103
 20
103.5810418704987
 10
45.41801884765624
 20
103.5515240478516
 10
45.48493893890381
 20
103.5237348964691
 10
45.55413150634767
 20
103.4976584381103
 10
45.62558647003174
 20
103.4732786945343
 10
45.69929375
 20
103.4505796875
 10
45.77524326629638
 20
103.4295454387665
 10
45.85342493896484
 20
103.4101599700928
 10
45.93382868804932
 20
103.3924073032379
 10
46.01644443359375
 20
103.3762714599609
 10
46.18827159423829
 20
103.3487863311768
 10
46.36882578125002
 20
103.3275767578125
 10
46.55802635498047
 20
103.3125149139404
 10
46.75579267578127
 20
103.3034729736328
 10
46.9620441040039
 20
103.3003231109619
 10
47.1767
 20
103.3029375
 10
47.39967972412111
 20
103.3111883148193
 10
47.63090263671876
 20
103.3249477294922
 10
47.87028809814454
 20
103.3440879180908
 10
48.11775546875
 20
103.3684810546875
 10
48.37322410888673
 20
103.3979993133545
 10
48.63661337890625
 20
103.4325148681641
 10
48.90784263916014
 20
103.4718998931885
 10
49.18683125
 20
103.5160265625
 10
49.47349857177736
 20
103.5647670501709
 10
49.76776396484374
 20
103.6179935302734
 10
50.06954678955076
 20
103.6755781768799
 10
50.37876640624999
 20
103.7373931640625
 10
50.69534217529297
 20
103.8033106658936
 10
51.01919345703126
 20
103.8732028564453
 10
51.35023961181643
 20
103.94694190979
 10
51.6884
 20
104.0244
 10
51.6887
 20
104.0244
 10
51.68849999999999
 20
104.0246
 10
51.6887
 20
104.0246
 10
51.6884
 20
104.0246
  0
LWPOLYLINE
  5
4E
330
24FC
100
AcDbEntity
  8
LAYER_1
100
AcDbPolyline
 90
      100
 70
     1
 43
0.0
 10
82.56579999999999
 20
104.0249
 10
82.5655
 20
104.025
 10
82.56579999999999
 20
104.0254
 10
82.5655
 20
104.0254
 10
82.52663585968019
 20
104.074978686142
 10
82.48537828369142
 20
104.1226535125733
 10
82.44173735198973
 20
104.1684404438019
 10
82.39572314453125
 20
104.2123554443359
 10
82.34734574127198
 20
104.2544144786835
 10
82.29661522216797
 20
104.2946335113525
 10
82.2435416671753
 20
104.3330285068512
 10
82.18813515624999
 20
104.3696154296875
 10
82.13040576934814
 20
104.4044102443695
 10
82.07036358642579
 20
104.4374289154053
 10
82.00801868743894
 20
104.4686874073029
 10
81.94338115234375
 20
104.4982016845703
 10
81.87646106109621
 20
104.5259877117157
 10
81.80726849365234
 20
104.5520614532471
 10
81.73581352996826
 20
104.5764388736725
 10
81.66210625000003
 20
104.5991359375
 10
81.58615673370361
 20
104.6201686092377
 10
81.50797506103515
 20
104.6395528533936
 10
81.42757131195068
 20
104.6573046344757
 10
81.34495556640628
 20
104.6734399169922
 10
81.17312840576174
 20
104.7009248443603
 10
80.99257421875002
 20
104.7221353515625
 10
80.80337364501954
 20
104.7371991546631
 10
80.60560732421876
 20
104.7462439697265
 10
80.39935589599609
 20
104.7493975128174
 10
80.1847
 20
104.7467875
 10
79.9617202758789
 20
104.7385416473389
 10
79.73049736328123
 20
104.7247876708984
 10
79.49111190185549
 20
104.7056532867432
 10
79.24364453125001
 20
104.6812662109375
 10
78.9881758911133
 20
104.6517541595459
 10
78.72478662109377
 20
104.6172448486328
 10
78.45355736083984
 20
104.5778659942627
 10
78.17456875000001
 20
104.5337453125
 10
77.88790142822266
 20
104.4850105194092
 10
77.59363603515625
 20
104.4317893310547
 10
77.29185321044922
 20
104.374209463501
 10
76.98263359374999
 20
104.3123986328125
 10
76.66605782470701
 20
104.2464845550537
 10
76.34220654296875
 20
104.1765949462891
 10
76.0111603881836
 20
104.102857522583
 10
75.673
 20
104.0254
 10
75.6727
 20
104.0254
 10
75.67289999999999
 20
104.025
 10
75.6727
 20
104.025
 10
75.673
 20
104.025
 10
75.6734
 20
104.0249
 10
75.673
 20
104.0246
 10
75.6727
 20
104.0246
 10
75.67289999999999
 20
104.0246
 10
75.6727
 20
104.0244
 10
75.673
 20
104.0244
 10
76.01116038818357
 20
103.94694190979
 10
76.34220654296875
 20
103.8732028564453
 10
76.66605782470701
 20
103.8033106658936
 10
76.98263359375002
 20
103.7373931640625
 10
77.29185321044923
 20
103.6755781768799
 10
77.59363603515625
 20
103.6179935302734
 10
77.88790142822266
 20
103.5647670501709
 10
78.17456875000001
 20
103.5160265625
 10
78.45355736083984
 20
103.4718998931885
 10
78.72478662109377
 20
103.4325148681641
 10
78.98817589111326
 20
103.3979993133545
 10
79.24364453125
 20
103.3684810546875
 10
79.49111190185549
 20
103.3440879180908
 10
79.73049736328123
 20
103.3249477294922
 10
79.96172027587888
 20
103.3111883148193
 10
80.18469999999998
 20
103.3029375
 10
80.39935589599609
 20
103.3003231109619
 10
80.60560732421873
 20
103.3034729736328
 10
80.80337364501952
 20
103.3125149139404
 10
80.99257421875
 20
103.3275767578125
 10
81.17312840576172
 20
103.3487863311768
 10
81.34495556640628
 20
103.3762714599609
 10
81.42757131195068
 20
103.3924073032379
 10
81.50797506103515
 20
103.4101599700928
 10
81.58615673370361
 20
103.4295454387665
 10
81.66210624999999
 20
103.4505796875
 10
81.73581352996825
 20
103.4732786945343
 10
81.80726849365234
 20
103.4976584381103
 10
81.87646106109619
 20
103.5237348964691
 10
81.94338115234375
 20
103.5515240478516
 10
82.00801868743894
 20
103.5810418704987
 10
82.07036358642579
 20
103.6123043426514
 10
82.13040576934814
 20
103.6453274425507
 10
82.18813515624999
 20
103.6801271484375
 10
82.2435416671753
 20
103.7167194385529
 10
82.29661522216797
 20
103.7551202911377
 10
82.34734574127198
 20
103.795345684433
 10
82.39572314453125
 20
103.8374115966797
 10
82.44173735198973
 20
103.8813340061188
 10
82.48537828369141
 20
103.9271288909912
 10
82.52663585968019
 20
103.974812229538
 10
82.5655
 20
104.0244
 10
82.56579999999999
 20
104.0244
 10
82.5655
 20
104.0246
  0
LWPOLYLINE
  5
4F
330
24FC
100
AcDbEntity
  8
LAYER_1
100
AcDbPolyline
 90
       64
 70
     1
 43
0.0
 10
68.38689999990932
 20
99.33200000028195
 10
68.2698565612793
 20
99.37083370056152
 10
68.15416616210936
 20
99.41284030761714
 10
68.03996367797849
 20
99.45793432922364
 10
67.92738398437498
 20
99.50603027343751
 10
67.81656195678711
 20
99.55704264831544
 10
67.70763247070313
 20
99.61088596191407
 10
67.60073040161133
 20
99.66747472229004
 10
67.49599062499999
 20
99.7267234375
 10
67.39354801635743
 20
99.78854661560058
 10
67.29353745117187
 20
99.85285876464843
 10
67.19609380493164
 20
99.9195743927002
 10
67.101351953125
 20
99.98860800781251
 10
67.00944677124022
 20
100.059874118042
 10
66.92051313476563
 20
100.1332872314453
 10
66.83468591918945
 20
100.2087618560791
 10
66.75209999999999
 20
100.2862125
 10
66.67289025268553
 20
100.3655536712646
 10
66.59719155273437
 20
100.4466998779297
 10
66.52513877563477
 20
100.5295656280518
 10
66.456866796875
 20
100.6140654296875
 10
66.39251049194337
 20
100.7001137908936
 10
66.3322047363281
 20
100.7876252197266
 10
66.27608440551758
 20
100.8765142242432
 10
66.22428437499999
 20
100.9666953125
 10
66.17693952026368
 20
101.0580829925537
 10
66.13418471679688
 20
101.1505917724609
 10
66.09615484008789
 20
101.2441361602783
 10
66.06298476562499
 20
101.3386306640625
 10
66.03480936889649
 20
101.4339897918701
 10
66.01176352539062
 20
101.5301280517578
 10
65.99398211059571
 20
101.6269599517822
 10
65.9816
 20
101.7244
 10
66.07901603392097
 20
101.7128583709738
 10
66.17586850583041
 20
101.6958743896543
 10
66.27207022090414
 20
101.6735844146841
 10
66.36753398431796
 20
101.6461248047055
 10
66.4621726012477
 20
101.6136319183612
 10
66.55589887686921
 20
101.5762421142936
 10
66.64862561635827
 20
101.5340917511453
 10
66.74026562489071
 20
101.4873171875588
 10
66.83073170764237
 20
101.4360547821767
 10
66.91993666978905
 20
101.3804408936413
 10
67.00779331650659
 20
101.3206118805953
 10
67.09421445297079
 20
101.2567041016811
 10
67.17911288435748
 20
101.1888539155413
 10
67.26240141584248
 20
101.1171976808184
 10
67.3439928526016
 20
101.0418717561549
 10
67.42379999981068
 20
100.9630125001934
 10
67.50173566264551
 20
100.8807562715763
 10
67.57771264628195
 20
100.7952394289461
 10
67.65164375589582
 20
100.7065983309454
 10
67.7234417966629
 20
100.6149693362167
 10
67.79301957375904
 20
100.5204888034025
 10
67.86028989236005
 20
100.4232930911454
 10
67.92516555764175
 20
100.3235185580878
 10
67.98755937477995
 20
100.2213015628722
 10
68.0473841489505
 20
100.1167784641412
 10
68.10455268532921
 20
100.0100856205373
 10
68.15897778909189
 20
99.90135939070306
 10
68.21057226541437
 20
99.7907361332809
 10
68.25924891947247
 20
99.67835220691341
 10
68.30492055644199
 20
99.56434397024306
 10
68.34749998149878
 20
99.44884778191237
  0
LWPOLYLINE
  5
50
330
24FC
100
AcDbEntity
  8
LAYER_1
100
AcDbPolyline
 90
      116
 70
     1
 43
0.0
 10
64.37490000032537
 20
104.0254000002064
 10
64.4896302734375
 20
103.9500392578125
 10
64.63928593750001
 20
103.8479703125
 10
65.0245625
 20
103.5864375
 10
65.2507779296875
 20
103.4383384765625
 10
65.49310781250001
 20
103.2862609375
 10
65.61884606933594
 20
103.2105059814453
 10
65.7468494140625
 20
103.1358873046875
 10
65.87653000488282
 20
103.0631152099609
 10
66.0073
 20
102.9929
 10
65.80152675781249
 20
103.049509765625
 10
65.59492031249999
 20
103.101715625
 10
65.3876130859375
 20
103.150157421875
 10
65.17973749999999
 20
103.195475
 10
64.7628109375
 20
103.279296875
 10
64.3452
 20
103.3583
 10
64.4264171875
 20
102.938175
 10
64.51216249999998
 20
102.51985
 10
64.5583005859375
 20
102.3119015625
 10
64.60745156249998
 20
102.10505
 10
64.66024238281248
 20
101.8995109375
 10
64.71729999999999
 20
101.6955
 10
64.64567546386719
 20
101.8254778076172
 10
64.57170527343748
 20
101.9544599609375
 10
64.41952343749999
 20
102.2070296875
 10
64.2663455078125
 20
102.4483939453125
 10
64.11776249999999
 20
102.6737375
 10
63.8567453125
 20
103.0571015625
 10
63.7554931640625
 20
103.2054916015625
 10
63.6812
 20
103.3186
 10
63.60678281249999
 20
103.2054916015625
 10
63.5054125
 20
103.0571015625
 10
63.24435
 20
102.6737375
 10
63.0959265625
 20
102.4483939453125
 10
62.94308749999999
 20
102.2070296875
 10
62.79146718749999
 20
101.9544599609375
 10
62.71787480468749
 20
101.8254778076172
 10
62.6467
 20
101.6955
 10
62.7031716796875
 20
101.8995109375
 10
62.7552921875
 20
102.10505
 10
62.8037447265625
 20
102.3119015625
 10
62.8492125
 20
102.51985
 10
62.93392656249999
 20
102.938175
 10
63.0149
 20
103.3583
 10
62.598265625
 20
103.279296875
 10
62.1818
 20
103.195475
 10
61.974069921875
 20
103.150157421875
 10
61.766909375
 20
103.101715625
 10
61.56049414062501
 20
103.049509765625
 10
61.355
 20
102.9929
 10
61.48586081542967
 20
103.0631152099609
 10
61.61562402343749
 20
103.1358873046875
 10
61.74369826660156
 20
103.2105059814453
 10
61.8694921875
 20
103.2862609375
 10
62.1118736328125
 20
103.4383384765625
 10
62.33803750000001
 20
103.5864375
 10
62.72278906249999
 20
103.8479703125
 10
62.8719150390625
 20
103.9500392578125
 10
62.9859
 20
104.0254
 10
62.8719150390625
 20
104.1012330078125
 10
62.7227890625
 20
104.2035328125
 10
62.33803749999999
 20
104.4648875
 10
62.1118736328125
 20
104.6126197265625
 10
61.8694921875
 20
104.7641734375
 10
61.74369826660156
 20
104.8396141845703
 10
61.6156240234375
 20
104.9138873046875
 10
61.48586081542967
 20
104.9862851318359
 10
61.355
 20
105.0561
 10
61.56049414062501
 20
105.000498828125
 10
61.766909375
 20
104.948978125
 10
61.974069921875
 20
104.900987109375
 10
62.1818
 20
104.855975
 10
62.598265625
 20
104.772684375
 10
63.0149
 20
104.6947
 10
62.93392656249999
 20
105.1134140625
 10
62.8492125
 20
105.5310125
 10
62.8037447265625
 20
105.7387400390625
 10
62.7552921875
 20
105.9454046875
 10
62.7031716796875
 20
106.1507451171875
 10
62.6467
 20
106.3545
 10
62.71787480468749
 20
106.2247399169922
 10
62.79146718749999
 20
106.0959599609375
 10
62.94308749999999
 20
105.8437421875
 10
63.0959265625
 20
105.6026501953125
 10
63.24435
 20
105.3774875
 10
63.50541249999999
 20
104.9941640625
 10
63.60678281249999
 20
104.8456103515625
 10
63.6812
 20
104.7322
 10
63.7554931640625
 20
104.8456103515625
 10
63.8567453125
 20
104.9941640625
 10
64.11776249999999
 20
105.3774875
 10
64.2663455078125
 20
105.6026501953125
 10
64.4195234375
 20
105.8437421875
 10
64.57170527343748
 20
106.0959599609375
 10
64.64567546386719
 20
106.2247399169922
 10
64.71729999999999
 20
106.3545
 10
64.66024238281248
 20
106.1507451171875
 10
64.6074515625
 20
105.9454046875
 10
64.5583005859375
 20
105.7387400390625
 10
64.51216249999998
 20
105.5310125
 10
64.4264171875
 20
105.1134140625
 10
64.3452
 20
104.6947
 10
64.7628109375
 20
104.772684375
 10
65.17973750000002
 20
104.855975
 10
65.3876130859375
 20
104.900987109375
 10
65.59492031250001
 20
104.948978125
 10
65.80152675781249
 20
105.000498828125
 10
66.0073
 20
105.0561
 10
65.87653000499358
 20
104.9862851318965
 10
65.7468494142817
 20
104.9138873048124
 10
65.61884606965971
 20
104.8396141847615
 10
65.49310781292298
 20
104.7641734377577
 10
65.25077793028689
 20
104.6126197269465
 10
65.02456250073641
 20
104.4648875004894
 10
64.6392859383443
 20
104.2035328130796
 10
64.4896302742287
 20
104.1012330083481
  0
LWPOLYLINE
  5
51
330
24FC
100
AcDbEntity
  8
LAYER_1
100
AcDbPolyline
 90
       65
 70
     1
 43
0.0
 10
60.60739999975687
 20
104.0256000002416
 10
60.5292060546875
 20
103.9526191802979
 10
60.446708984375
 20
103.8847889892578
 10
60.3601109375
 20
103.8220622039795
 10
60.26961406249999
 20
103.7643916015625
 10
60.1754205078125
 20
103.7117299591064
 10
60.077732421875
 20
103.6640300537109
 10
59.976751953125
 20
103.6212446624756
 10
59.87268124999999
 20
103.5833265625
 10
59.7657224609375
 20
103.5502285308838
 10
59.65607773437501
 20
103.5219033447266
 10
59.54394921875
 20
103.4983037811279
 10
59.4295390625
 20
103.4793826171875
 10
59.31304941406249
 20
103.4650926300049
 10
59.194682421875
 20
103.4553865966797
 10
59.074640234375
 20
103.4502172943115
 10
58.953125
 20
103.4495375
 10
58.8303388671875
 20
103.4532999908447
 10
58.70648398437499
 20
103.4614575439453
 10
58.5817625
 20
103.4739629364014
 10
58.4563765625
 20
103.4907689453125
 10
58.3305283203125
 20
103.5118283477783
 10
58.20441992187499
 20
103.5370939208984
 10
58.07825351562499
 20
103.5665184417725
 10
57.95223124999999
 20
103.6000546875
 10
57.8265552734375
 20
103.6376554351807
 10
57.701427734375
 20
103.6792734619141
 10
57.57705078125
 20
103.7248615447998
 10
57.4536265625
 20
103.7743724609375
 10
57.3313572265625
 20
103.8277589874268
 10
57.210444921875
 20
103.8849739013672
 10
57.09109179687501
 20
103.9459699798584
 10
56.9735
 20
104.0107
 10
56.9735
 20
104.0401
 10
57.09109179685129
 20
104.1047937042111
 10
57.21044492182692
 20
104.1657558837654
 10
57.33135722648953
 20
104.2229393890049
 10
57.45362656240168
 20
104.2762970702714
 10
57.57705078112607
 20
104.3257817779066
 10
57.70142773422525
 20
104.3713463622524
 10
57.8265552732619
 20
104.4129436736506
 10
57.95223124979859
 20
104.4505265624431
 10
58.07825351539797
 20
104.4840478789717
 10
58.20441992162265
 20
104.5134604735781
 10
58.33052832003527
 20
104.5387171966043
 10
58.45637656219843
 20
104.5597708983921
 10
58.58176249967478
 20
104.5765744292832
 10
58.70648398402689
 20
104.5890806396195
 10
58.83033886681743
 20
104.5972423797428
 10
58.953124999609
 20
104.601012499995
 10
59.07464023396422
 20
104.6003438507179
 10
59.19468242144574
 20
104.5951892822532
 10
59.31304941361614
 20
104.585501644943
 10
59.42953906203807
 20
104.5712337891288
 10
59.54394921827414
 20
104.5523385651526
 10
59.65607773388696
 20
104.5287688233562
 10
59.76572246043915
 20
104.5004774140815
 10
59.87268124949337
 20
104.4674171876702
 10
59.97675195261219
 20
104.4295409944642
 10
60.07773242135828
 20
104.3868016848053
 10
60.17542050729423
 20
104.3391521090353
 10
60.26961406198267
 20
104.2865451174961
 10
60.36011093698622
 20
104.2289335605294
 10
60.44670898386752
 20
104.1662702884772
 10
60.52920605418914
 20
104.0985081516811
  0
LWPOLYLINE
  5
52
330
24FC
100
AcDbEntity
  8
LAYER_1
100
AcDbPolyline
 90
       65
 70
     1
 43
0.0
 10
70.3879
 20
104.0101
 10
70.27010385742186
 20
103.9454244903564
 10
70.150568359375
 20
103.8844795166016
 10
70.02949477539063
 20
103.827312411499
 10
69.907084375
 20
103.7739705078125
 10
69.78353842773437
 20
103.7245011383057
 10
69.65905820312501
 20
103.6789516357422
 10
69.53384497070313
 20
103.6373693328857
 10
69.40810000000002
 20
103.5998015625
 10
69.2820245605469
 20
103.5662956573486
 10
69.15581992187499
 20
103.5368989501953
 10
69.02968735351564
 20
103.5116587738037
 10
68.903828125
 20
103.4906224609375
 10
68.7784435058594
 20
103.4738373443603
 10
68.65373476562499
 20
103.4613507568359
 10
68.52990317382813
 20
103.4532100311279
 10
68.40715
 20
103.4494625
 10
68.28567651367186
 20
103.4501554962158
 10
68.165683984375
 20
103.4553363525391
 10
68.04737368164062
 20
103.4650524017334
 10
67.930946875
 20
103.4793509765625
 10
67.81660483398437
 20
103.49827940979
 10
67.704548828125
 20
103.5218850341797
 10
67.59498012695312
 20
103.5502151824951
 10
67.4881
 20
103.5833171875
 10
67.38410971679687
 20
103.621238381958
 10
67.283210546875
 20
103.6640260986328
 10
67.18560375976564
 20
103.7117276702881
 10
67.091490625
 20
103.7643904296875
 10
67.00107241210938
 20
103.8220617095947
 10
66.91455039062501
 20
103.8847888427734
 10
66.83212583007814
 20
103.9526191619873
 10
66.75399999999999
 20
104.0256
 10
66.83212583007814
 20
104.0984729644775
 10
66.91455039062501
 20
104.1662044189453
 10
67.00107241210938
 20
104.2288413299561
 10
67.091490625
 20
104.2864306640625
 10
67.18560375976564
 20
104.3390193878174
 10
67.283210546875
 20
104.3866544677734
 10
67.38410971679687
 20
104.4293828704834
 10
67.4881
 20
104.4672515625
 10
67.59498012695312
 20
104.500307510376
 10
67.704548828125
 20
104.5285976806641
 10
67.81660483398437
 20
104.552169039917
 10
67.930946875
 20
104.5710685546875
 10
68.04737368164062
 20
104.5853431915283
 10
68.165683984375
 20
104.5950399169922
 10
68.28567651367186
 20
104.6002056976318
 10
68.40715
 20
104.6008875
 10
68.52990317382813
 20
104.5971322906494
 10
68.65373476562499
 20
104.5889870361328
 10
68.7784435058594
 20
104.5764987030029
 10
68.903828125
 20
104.5597142578125
 10
69.02968735351564
 20
104.5386806671143
 10
69.15581992187499
 20
104.5134448974609
 10
69.2820245605469
 20
104.4840539154053
 10
69.40810000000002
 20
104.4505546875
 10
69.53384497070313
 20
104.4129941802978
 10
69.65905820312501
 20
104.3714193603516
 10
69.78353842773437
 20
104.3258771942139
 10
69.907084375
 20
104.2764146484375
 10
70.02949477539063
 20
104.2230786895752
 10
70.150568359375
 20
104.1659162841797
 10
70.27010385742186
 20
104.1049743988037
 10
70.3879
 20
104.0403
  0
LWPOLYLINE
  5
53
330
24FC
100
AcDbEntity
  8
LAYER_1
100
AcDbPolyline
 90
       65
 70
     1
 43
0.0
 10
63.68119999975463
 20
100.9466999997607
 10
63.75514198303221
 20
100.8696743774414
 10
63.82396047363281
 20
100.7882821289062
 10
63.8877005340576
 20
100.7027251831055
 10
63.94640722656249
 20
100.61320546875
 10
64.00012561340331
 20
100.5199249145508
 10
64.04890075683593
 20
100.4230854492187
 10
64.09277771911622
 20
100.3228890014648
 10
64.13180156249999
 20
100.2195375
 10
64.16601734924315
 20
100.1132328735352
 10
64.19547014160156
 20
100.0041770507813
 10
64.22020500183105
 20
99.89257196044924
 10
64.2402669921875
 20
99.77861953125
 10
64.25570117492677
 20
99.66252169189456
 10
64.26655261230471
 20
99.54448037109377
 10
64.27286636657715
 20
99.4246974975586
 10
64.2746875
 20
99.303375
 10
64.27206107482909
 20
99.18071480712892
 10
64.26503215332029
 20
99.05691884765623
 10
64.25364579772949
 20
98.93218905029295
 10
64.23794707031248
 20
98.80672734375
 10
64.2179810333252
 20
98.68073565673828
 10
64.19379274902343
 20
98.55441591796873
 10
64.16542727966309
 20
98.42797005615237
 10
64.13292968749999
 20
98.30159999999999
 10
64.09634503479003
 20
98.17550767822266
 10
64.05571838378905
 20
98.04989501953123
 10
64.01109479675293
 20
97.92496395263672
 10
63.9625193359375
 20
97.80091640625
 10
63.91003706359864
 20
97.67795430908206
 10
63.85369304199219
 20
97.55627958984376
 10
63.79353233337402
 20
97.43609417724607
 10
63.72959999999999
 20
97.31760000000001
 10
63.6326
 20
97.31760000000001
 10
63.56846985474877
 20
97.43609417722222
 10
63.508127978539
 20
97.55627958979538
 10
63.4516190857261
 20
97.67795430900861
 10
63.39898789066554
 20
97.80091640615117
 10
63.35027910771274
 20
97.9249639525122
 10
63.30553745122317
 20
98.04989501938088
 10
63.26480763555224
 20
98.17550767804641
 10
63.2281343750554
 20
98.30159999979798
 10
63.19556238408811
 20
98.42797005592476
 10
63.1671363770058
 20
98.55441591771594
 10
63.14290106816391
 20
98.68073565646069
 10
63.12290117191789
 20
98.80672734344816
 10
63.10718140262316
 20
98.93218904996764
 10
63.09578647463518
 20
99.05691884730821
 10
63.0887611023094
 20
99.18071480675912
 10
63.08615000000123
 20
99.3033749996095
 10
63.08799788206616
 20
99.42469749714859
 10
63.09434946285961
 20
99.54448037066557
 10
63.10524945673699
 20
99.66252169144954
 10
63.12074257805378
 20
99.77861953078976
 10
63.14087354116541
 20
99.89257195997542
 10
63.16568706042732
 20
100.0041770502957
 10
63.19522785019497
 20
100.1132328730397
 10
63.22954062482377
 20
100.2195374994967
 10
63.26867009866918
 20
100.3228890009558
 10
63.31266098608665
 20
100.4230854487063
 10
63.36155800143162
 20
100.5199249140373
 10
63.41540585905949
 20
100.613205468238
 10
63.47424927332578
 20
100.7027251825975
 10
63.53813295858586
 20
100.7882821284052
 10
63.60710162919521
 20
100.8696743769501
  0
LWPOLYLINE
  5
54
330
24FC
100
AcDbEntity
  8
LAYER_1
100
AcDbPolyline
 90
       64
 70
     1
 43
0.0
 10
58.97600000009035
 20
99.33200000028195
 10
59.09287198486329
 20
99.37083370056152
 10
59.20840400390625
 20
99.41284030761714
 10
59.32246077880859
 20
99.45793432922364
 10
59.43490703125
 20
99.50603027343751
 10
59.54560748291015
 20
99.55704264831544
 10
59.65442685546875
 20
99.61088596191407
 10
59.76122987060547
 20
99.66747472229004
 10
59.86588125
 20
99.7267234375
 10
59.96824571533203
 20
99.78854661560058
 10
60.06818798828125
 20
99.85285876464843
 10
60.16557279052734
 20
99.9195743927002
 10
60.26026484375
 20
99.98860800781251
 10
60.35212886962891
 20
100.059874118042
 10
60.44102958984375
 20
100.1332872314453
 10
60.52683172607422
 20
100.2087618560791
 10
60.6094
 20
100.2862125
 10
60.68859913330078
 20
100.3655536712646
 10
60.76429384765624
 20
100.4466998779297
 10
60.83634886474609
 20
100.5295656280518
 10
60.90462890625
 20
100.6140654296875
 10
60.96899869384766
 20
100.7001137908936
 10
61.02932294921875
 20
100.7876252197266
 10
61.08546639404297
 20
100.8765142242432
 10
61.13729375
 20
100.9666953125
 10
61.18466973876953
 20
101.0580829925537
 10
61.22745908203125
 20
101.1505917724609
 10
61.26552650146486
 20
101.2441361602783
 10
61.29873671874999
 20
101.3386306640625
 10
61.32695445556639
 20
101.4339897918701
 10
61.35004443359375
 20
101.5301280517578
 10
61.36787137451172
 20
101.6269599517822
 10
61.3803
 20
101.7244
 10
61.2827945953515
 20
101.7128583709738
 10
61.18586145022429
 20
101.6958743896543
 10
61.08958766788984
 20
101.6735844146841
 10
60.99406035161957
 20
101.6461248047055
 10
60.89936660468493
 20
101.6136319183612
 10
60.80559353035739
 20
101.5762421142936
 10
60.71282823190836
 20
101.5340917511453
 10
60.62115781260931
 20
101.4873171875588
 10
60.53066937573166
 20
101.4360547821767
 10
60.4414500245469
 20
101.3804408936413
 10
60.35358686232642
 20
101.3206118805953
 10
60.2671669923417
 20
101.2567041016811
 10
60.18227751786418
 20
101.1888539155413
 10
60.0990055421653
 20
101.1171976808184
 10
60.0174381685165
 20
101.0418717561549
 10
59.93766250018924
 20
100.9630125001934
 10
59.85976564045496
 20
100.8807562715763
 10
59.7838346925851
 20
100.7952394289461
 10
59.7099567598511
 20
100.7065983309454
 10
59.63821894552441
 20
100.6149693362167
 10
59.56870835287649
 20
100.5204888034025
 10
59.50151208517877
 20
100.4232930911454
 10
59.4367172457027
 20
100.3235185580878
 10
59.37441093771972
 20
100.2213015628722
 10
59.31468026450128
 20
100.1167784641412
 10
59.25761232931882
 20
100.0100856205373
 10
59.20329423544379
 20
99.90135939070306
 10
59.15181308614763
 20
99.7907361332809
 10
59.10325598470182
 20
99.67835220691341
 10
59.05771003437775
 20
99.56434397024306
 10
59.01526233844687
 20
99.44884778191237
  0
LWPOLYLINE
  5
55
330
24FC
100
AcDbEntity
  8
LAYER_1
100
AcDbPolyline
 90
       64
 70
     1
 43
0.0
 10
68.38689999990932
 20
108.7178999997181
 10
68.2698565612793
 20
108.6791926696777
 10
68.15416616210936
 20
108.6373030761719
 10
68.03996367797849
 20
108.5923173156738
 10
67.92738398437498
 20
108.544321484375
 10
67.81656195678711
 20
108.4934016784668
 10
67.70763247070313
 20
108.4396439941406
 10
67.60073040161133
 20
108.3831345275879
 10
67.49599062499999
 20
108.323959375
 10
67.39354801635743
 20
108.2622046325684
 10
67.29353745117187
 20
108.1979563964844
 10
67.19609380493164
 20
108.1313007629395
 10
67.101351953125
 20
108.062323828125
 10
67.00944677124022
 20
107.9911116882324
 10
66.92051313476563
 20
107.9177504394531
 10
66.83468591918945
 20
107.8423261779785
 10
66.75209999999999
 20
107.764925
 10
66.67289025268553
 20
107.685633001709
 10
66.59719155273437
 20
107.6045362792969
 10
66.52513877563477
 20
107.5217209289551
 10
66.456866796875
 20
107.437273046875
 10
66.39251049194337
 20
107.3512787292481
 10
66.3322047363281
 20
107.2638240722656
 10
66.27608440551758
 20
107.1749951721192
 10
66.22428437499999
 20
107.084878125
 10
66.17693952026368
 20
106.9935590270996
 10
66.13418471679688
 20
106.9011239746094
 10
66.09615484008789
 20
106.8076590637207
 10
66.06298476562499
 20
106.713250390625
 10
66.03480936889649
 20
106.6179840515137
 10
66.01176352539062
 20
106.5219461425781
 10
65.99398211059571
 20
106.4252227600098
 10
65.9816
 20
106.3279
 10
66.07901603392097
 20
106.3393033386209
 10
66.17586850583041
 20
106.3561536621035
 10
66.27207022090414
 20
106.3783145568736
 10
66.36753398431796
 20
106.4056496093571
 10
66.4621726012477
 20
106.4380224059797
 10
66.55589887686921
 20
106.4752965331674
 10
66.64862561635827
 20
106.517335577346
 10
66.74026562489071
 20
106.5640031249413
 10
66.83073170764237
 20
106.6151627623791
 10
66.91993666978905
 20
106.6706780760854
 10
67.00779331650659
 20
106.7304126524859
 10
67.09421445297079
 20
106.7942300780065
 10
67.17911288435748
 20
106.8619939390731
 10
67.26240141584248
 20
106.9335678221114
 10
67.3439928526016
 20
107.0088153135474
 10
67.42379999981068
 20
107.0875999998068
 10
67.50173566264551
 20
107.1697854673155
 10
67.57771264628195
 20
107.2552353024994
 10
67.65164375589582
 20
107.3438130917842
 10
67.7234417966629
 20
107.4353824215959
 10
67.79301957375904
 20
107.5298068783603
 10
67.86028989236005
 20
107.6269500485032
 10
67.92516555764175
 20
107.7266755184505
 10
67.98755937477995
 20
107.8288468746279
 10
68.0473841489505
 20
107.9333277034615
 10
68.10455268532921
 20
108.0399815913769
 10
68.15897778909189
 20
108.1486721248
 10
68.21057226541437
 20
108.2592628901567
 10
68.25924891947247
 20
108.3716174738728
 10
68.30492055644199
 20
108.4855994623743
 10
68.34749998149878
 20
108.6010724420867
  0
LWPOLYLINE
  5
56
330
24FC
100
AcDbEntity
  8
LAYER_1
100
AcDbPolyline
 90
       65
 70
     1
 43
0.0
 10
63.68119999975484
 20
107.1046000002389
 10
63.75508922729492
 20
107.181506942749
 10
63.82386186523437
 20
107.2627867919922
 10
63.88756284790038
 20
107.3482374542236
 10
63.946237109375
 20
107.4376568359375
 10
63.99992958374022
 20
107.5308428436279
 10
64.04868520507811
 20
107.6275933837891
 10
64.0925489074707
 20
107.727706362915
 10
64.13156562499999
 20
107.8309796875
 10
64.16578029174804
 20
107.9372112640381
 10
64.19523784179687
 20
108.0461989990234
 10
64.2199832092285
 20
108.1577407989502
 10
64.240061328125
 20
108.2716345703125
 10
64.25551713256836
 20
108.3876782196045
 10
64.26639555664063
 20
108.5056696533203
 10
64.27274153442382
 20
108.6254067779541
 10
64.27459999999999
 20
108.7466875
 10
64.27201588745117
 20
108.8693097259521
 10
64.26503413085939
 20
108.9930713623047
 10
64.25369966430664
 20
109.1177703155518
 10
64.238057421875
 20
109.2432044921875
 10
64.2181523376465
 20
109.369171798706
 10
64.1940293457031
 20
109.4954701416016
 10
64.16573338012695
 20
109.6218974273682
 10
64.13330937499999
 20
109.7482515625
 10
64.09680226440428
 20
109.8743304534912
 10
64.05625698242187
 20
109.9999320068359
 10
64.01171846313475
 20
110.1248541290283
 10
63.963231640625
 20
110.2488947265625
 10
63.91084144897461
 20
110.3718517059326
 10
63.85459282226562
 20
110.4935229736328
 10
63.79453069458008
 20
110.6137064361572
 10
63.7307
 20
110.7322
 10
63.63089999999999
 20
110.7322
 10
63.56692628785421
 20
110.6137064361811
 10
63.50673491213268
 20
110.4935229736812
 10
63.45037051394868
 20
110.371851706006
 10
63.39787773441543
 20
110.2488947266613
 10
63.34930121464622
 20
110.1248541291528
 10
63.30468559575425
 20
109.9999320069863
 10
63.26407551885286
 20
109.8743304536674
 10
63.22751562505523
 20
109.748251562702
 10
63.19505055547464
 20
109.6218974275957
 10
63.16672495122436
 20
109.4954701418544
 10
63.14258345341761
 20
109.3691717989836
 10
63.12267070316767
 20
109.2432044924893
 10
63.1070313415878
 20
109.117770315877
 10
63.09571000979123
 20
108.9930713626526
 10
63.08875134889124
 20
108.8693097263218
 10
63.08620000000106
 20
108.7466875003904
 10
63.08810060423396
 20
108.6254067783639
 10
63.0944978027032
 20
108.5056696537483
 10
63.10543623652201
 20
108.3876782200493
 10
63.12096054680367
 20
108.2716345707725
 10
63.14111537466143
 20
108.1577407994238
 10
63.16594536120851
 20
108.0461989995087
 10
63.19549514755822
 20
107.9372112645332
 10
63.22980937482378
 20
107.830979688003
 10
63.26893268411845
 20
107.7277063634237
 10
63.3129097165555
 20
107.6275933843011
 10
63.36178511324814
 20
107.5308428441409
 10
63.41560351530968
 20
107.437656836449
 10
63.47440956385336
 20
107.3482374547309
 10
63.5382478999924
 20
107.2627867924926
 10
63.60716316484009
 20
107.1815069432396
  0
LWPOLYLINE
  5
57
330
24FC
100
AcDbEntity
  8
LAYER_1
100
AcDbPolyline
 90
       64
 70
     1
 43
0.0
 10
58.97600000009035
 20
108.7178999997181
 10
59.09287198486329
 20
108.6791926696777
 10
59.20840400390625
 20
108.6373030761719
 10
59.32246077880859
 20
108.5923173156738
 10
59.43490703125
 20
108.544321484375
 10
59.54560748291015
 20
108.4934016784668
 10
59.65442685546875
 20
108.4396439941406
 10
59.76122987060547
 20
108.3831345275879
 10
59.86588125
 20
108.323959375
 10
59.96824571533203
 20
108.2622046325684
 10
60.06818798828125
 20
108.1979563964844
 10
60.16557279052734
 20
108.1313007629395
 10
60.26026484375
 20
108.062323828125
 10
60.35212886962891
 20
107.9911116882324
 10
60.44102958984375
 20
107.9177504394531
 10
60.52683172607422
 20
107.8423261779785
 10
60.6094
 20
107.764925
 10
60.68859913330078
 20
107.685633001709
 10
60.76429384765624
 20
107.6045362792969
 10
60.83634886474609
 20
107.5217209289551
 10
60.90462890625
 20
107.437273046875
 10
60.96899869384766
 20
107.3512787292481
 10
61.02932294921875
 20
107.2638240722656
 10
61.08546639404297
 20
107.1749951721192
 10
61.13729375
 20
107.084878125
 10
61.18466973876953
 20
106.9935590270996
 10
61.22745908203125
 20
106.9011239746094
 10
61.26552650146486
 20
106.8076590637207
 10
61.29873671874999
 20
106.713250390625
 10
61.32695445556639
 20
106.6179840515137
 10
61.35004443359375
 20
106.5219461425781
 10
61.36787137451172
 20
106.4252227600098
 10
61.3803
 20
106.3279
 10
61.2827945953515
 20
106.3393033386209
 10
61.18586145022429
 20
106.3561536621035
 10
61.08958766788984
 20
106.3783145568736
 10
60.99406035161957
 20
106.4056496093571
 10
60.89936660468493
 20
106.4380224059797
 10
60.80559353035739
 20
106.4752965331674
 10
60.71282823190836
 20
106.517335577346
 10
60.62115781260931
 20
106.5640031249413
 10
60.53066937573166
 20
106.6151627623791
 10
60.4414500245469
 20
106.6706780760854
 10
60.35358686232642
 20
106.7304126524859
 10
60.2671669923417
 20
106.7942300780065
 10
60.18227751786418
 20
106.8619939390731
 10
60.0990055421653
 20
106.9335678221114
 10
60.0174381685165
 20
107.0088153135474
 10
59.93766250018924
 20
107.0875999998068
 10
59.85976564045496
 20
107.1697854673155
 10
59.7838346925851
 20
107.2552353024994
 10
59.7099567598511
 20
107.3438130917842
 10
59.63821894552441
 20
107.4353824215959
 10
59.56870835287649
 20
107.5298068783603
 10
59.50151208517877
 20
107.6269500485032
 10
59.4367172457027
 20
107.7266755184505
 10
59.37441093771972
 20
107.8288468746279
 10
59.31468026450128
 20
107.9333277034615
 10
59.25761232931882
 20
108.0399815913769
 10
59.20329423544379
 20
108.1486721248
 10
59.15181308614763
 20
108.2592628901567
 10
59.10325598470182
 20
108.3716174738728
 10
59.05771003437775
 20
108.4855994623743
 10
59.01526233844687
 20
108.6010724420867
  0
LWPOLYLINE
  5
58
330
24FC
100
AcDbEntity
  8
LAYER_1
100
AcDbPolyline
 90
      218
 70
     1
 43
0.0
 10
56.97219999995244
 20
103.0236999962801
 10
57.08170180053711
 20
102.9635380584717
 10
57.19372573242186
 20
102.9070017333984
 10
57.30805584106445
 20
102.8540527740479
 10
57.424476171875
 20
102.8046529296875
 10
57.54277077026367
 20
102.758763949585
 10
57.66272368164061
 20
102.7163475830078
 10
57.78411895141601
 20
102.6773655792236
 10
57.90674062499999
 20
102.6417796875
 10
58.03037274780274
 20
102.6095516571045
 10
58.15479936523437
 20
102.5806432373047
 10
58.27980452270508
 20
102.5550161773682
 10
58.405172265625
 20
102.5326322265625
 10
58.53068663940429
 20
102.5134531341553
 10
58.65613168945313
 20
102.4974406494141
 10
58.78129146118165
 20
102.4845565216064
 10
58.90595
 20
102.4747625
 10
59.02989135131835
 20
102.4680203338623
 10
59.15289956054689
 20
102.4642917724609
 10
59.27475867309571
 20
102.4635385650635
 10
59.39525273437499
 20
102.4657224609375
 10
59.51416578979492
 20
102.4708052093506
 10
59.63128188476563
 20
102.4787485595703
 10
59.74638506469726
 20
102.4895142608643
 10
59.859259375
 20
102.5030640625
 10
59.96968886108399
 20
102.5193597137451
 10
60.07745756835938
 20
102.5383629638672
 10
60.18234954223633
 20
102.5600355621338
 10
60.28414882812501
 20
102.5843392578125
 10
60.38263947143555
 20
102.6112358001709
 10
60.47760551757813
 20
102.6406869384766
 10
60.56883101196289
 20
102.6726544219971
 10
60.6561
 20
102.7071
 10
60.5303966003418
 20
102.6502757965088
 10
60.40486147460939
 20
102.5892821533203
 10
60.279785357666
 20
102.5240593963623
 10
60.155458984375
 20
102.4545478515625
 10
60.0321730895996
 20
102.3806878448486
 10
59.91021840820313
 20
102.3024197021484
 10
59.78988567504883
 20
102.2196837493897
 10
59.671465625
 20
102.1324203125
 10
59.55524899291992
 20
102.0405697174072
 10
59.44152651367186
 20
101.9440722900391
 10
59.33058892211914
 20
101.8428683563233
 10
59.222726953125
 20
101.7368982421875
 10
59.11823134155274
 20
101.6261022735596
 10
59.01739282226563
 20
101.5104207763672
 10
58.92050213012696
 20
101.389794076538
 10
58.82785
 20
101.2641625
 10
58.73972716674805
 20
101.1334663726807
 10
58.65642436523438
 20
100.9976460205078
 10
58.57823233032226
 20
100.8566417694092
 10
58.50544179687499
 20
100.7103939453125
 10
58.43834349975586
 20
100.5588428741455
 10
58.37722817382811
 20
100.4019288818359
 10
58.32238655395507
 20
100.2395922943115
 10
58.27410937499998
 20
100.0717734375
 10
58.25252330551148
 20
99.985789509964
 10
58.23268737182617
 20
99.89841263732911
 10
58.214637915802
 20
99.8096353603363
 10
58.19841127929688
 20
99.71945021972658
 10
58.1840438041687
 20
99.62784975624085
 10
58.17157183227539
 20
99.5348265106201
 10
58.16103170547485
 20
99.44037302360531
 10
58.152459765625
 20
99.34448183593751
 10
58.14589235458374
 20
99.24714548835753
 10
58.141365814209
 20
99.14835652160645
 10
58.13891648635865
 20
99.04810747642516
 10
58.13858071289064
 20
98.9463908935547
 10
58.14039483566285
 20
98.84319931373596
 10
58.1443951965332
 20
98.73852527770997
 10
58.15061813735962
 20
98.63236132621764
 10
58.1591
 20
98.5247
 10
58.26687593307497
 20
98.51550311508178
 10
58.37315863647461
 20
98.50857872924807
 10
58.47795546646118
 20
98.50389030838012
 10
58.58127377929688
 20
98.50140131835935
 10
58.6831209312439
 20
98.50107522506714
 10
58.78350427856445
 20
98.50287549438476
 10
58.88243117752075
 20
98.50676559219358
 10
58.979908984375
 20
98.51270898437499
 10
59.0759450553894
 20
98.5206691368103
 10
59.17054674682618
 20
98.53060951538084
 10
59.26372141494751
 20
98.54249358596803
 10
59.35547641601563
 20
98.55628481445313
 10
59.44581910629272
 20
98.57194666671755
 10
59.53475684204103
 20
98.58944260864261
 10
59.6222969795227
 20
98.60873610610962
 10
59.708446875
 20
98.629790625
 10
59.87660536499022
 20
98.67703659057616
 10
60.03929116210938
 20
98.73088823242188
 10
60.19656311645507
 20
98.79105327758788
 10
60.348480078125
 20
98.857239453125
 10
60.49510089721678
 20
98.929154486084
 10
60.63648442382811
 20
99.00650610351565
 10
60.77268950805664
 20
99.08900203247071
 10
60.903775
 20
99.17635
 10
61.02979974975585
 20
99.2682577331543
 10
61.15082260742187
 20
99.36443295898435
 10
61.2669024230957
 20
99.46458340454102
 10
61.378098046875
 20
99.56841679687499
 10
61.48446832885742
 20
99.67564086303713
 10
61.58607211914062
 20
99.78596333007812
 10
61.68296826782225
 20
99.89909192504885
 10
61.77521562499999
 20
100.014734375
 10
61.86287304077147
 20
100.1325984069824
 10
61.94599936523436
 20
100.2523917480469
 10
62.02465344848633
 20
100.3738221252441
 10
62.09889414062499
 20
100.496597265625
 10
62.16878029174804
 20
100.6204248962402
 10
62.23437075195311
 20
100.7450127441406
 10
62.29572437133789
 20
100.8700685363769
 10
62.35289999999999
 20
100.9953
 10
62.31787656249999
 20
100.9084693664551
 10
62.28532109375
 20
100.8176768066406
 10
62.255274609375
 20
100.7231369567871
 10
62.22777812499999
 20
100.625064453125
 10
62.20287265624999
 20
100.5236739318848
 10
62.18059921874999
 20
100.4191800292969
 10
62.160998828125
 20
100.3117973815918
 10
62.14411249999999
 20
100.201740625
 10
62.12998125
 20
100.089224395752
 10
62.11864609375
 20
99.97446333007813
 10
62.110148046875
 20
99.85767206420899
 10
62.10452812499998
 20
99.739065234375
 10
62.10182734375
 20
99.61885747680664
 10
62.10208671875
 20
99.49726342773436
 10
62.10534726562499
 20
99.37449772338869
 10
62.11165
 20
99.250775
 10
62.1210359375
 20
99.12630989379881
 10
62.13354609375
 20
99.00131704101562
 10
62.149221484375
 20
98.87601107788086
 10
62.16810312499998
 20
98.750606640625
 10
62.19023203125
 20
98.6253183654785
 10
62.21564921875
 20
98.50036088867184
 10
62.244395703125
 20
98.37594884643557
 10
62.2765125
 20
98.252296875
 10
62.312040625
 20
98.12961961059571
 10
62.35102109375
 20
98.00813168945312
 10
62.393494921875
 20
97.88804774780272
 10
62.439503125
 20
97.769582421875
 10
62.48908671875
 20
97.65295034790042
 10
62.54228671875
 20
97.53836616210936
 10
62.599144140625
 20
97.42604450073242
 10
62.6597
 20
97.31619999999999
 10
62.38738566894531
 20
97.31030010986327
 10
62.11616660156249
 20
97.30021845703124
 10
61.84605056152342
 20
97.28590706787109
 10
61.5770453125
 20
97.26731796875
 10
61.30915861816406
 20
97.24440318603514
 10
61.0423982421875
 20
97.21711474609373
 10
60.77677194824218
 20
97.18540467529294
 10
60.5122875
 20
97.149225
 10
60.24895266113281
 20
97.10852774658206
 10
59.98677519531249
 20
97.06326494140624
 10
59.72576286621094
 20
97.01338861083984
 10
59.4659234375
 20
96.95885078125002
 10
59.20726467285156
 20
96.8996034790039
 10
58.9497943359375
 20
96.83559873046878
 10
58.69352019042969
 20
96.76678856201171
 10
58.43845
 20
96.693125
 10
58.18459152832031
 20
96.61456007080078
 10
57.9319525390625
 20
96.53104580078128
 10
57.68054079589844
 20
96.44253421630859
 10
57.43036406249999
 20
96.34897734375
 10
57.18143010253907
 20
96.25032720947267
 10
56.9337466796875
 20
96.14653583984377
 10
56.68732155761719
 20
96.0375552612305
 10
56.4421625
 20
95.92333749999999
 10
56.19827727050781
 20
95.80383458251951
 10
55.95567363281249
 20
95.67899853515623
 10
55.71435935058594
 20
95.5487813842773
 10
55.47434218749999
 20
95.41313515624999
 10
55.23562990722655
 20
95.2720118774414
 10
54.9982302734375
 20
95.12536357421877
 10
54.76215104980468
 20
94.97314227294921
 10
54.5274
 20
94.81529999999999
 10
54.51509999999999
 20
94.8028
 10
54.52
 20
94.8103
 10
54.5124
 20
94.80500000000001
 10
54.5247
 20
94.81759999999999
 10
54.6355
 20
94.9796
 10
54.4735
 20
94.8689
 10
54.4609
 20
94.8568
 10
54.4662
 20
94.86369999999999
 10
54.4587
 20
94.8586
 10
54.4714
 20
94.8713
 10
54.62962144457008
 20
95.10658125895469
 10
54.78219304173759
 20
95.3432008540888
 10
54.92916318627784
 20
95.58115063720894
 10
55.07058027296607
 20
95.82042246012173
 10
55.20649269657756
 20
96.06100817463392
 10
55.33694885188757
 20
96.30289963255213
 10
55.46199713367137
 20
96.54608868568296
 10
55.58168593670423
 20
96.79056718583318
 10
55.69606365576142
 20
97.03632698480939
 10
55.80517868561819
 20
97.28335993441827
 10
55.90907942104982
 20
97.53165788646645
 10
56.00781425683158
 20
97.78121269276066
 10
56.10143158773874
 20
98.03201620510749
 10
56.18997980854656
 20
98.28406027531364
 10
56.2735073140303
 20
98.53733675518576
 10
56.35206249896525
 20
98.7918374965305
 10
56.42569375812665
 20
99.04755435115456
 10
56.49444948628978
 20
99.30447917086453
 10
56.5583780782299
 20
99.56260380746716
 10
56.61752792872229
 20
99.82192011276906
 10
56.67194743254222
 20
100.0824199385769
 10
56.72168498446494
 20
100.3440951366973
 10
56.76678897926572
 20
100.606937558937
 10
56.80730781171986
 20
100.8709390571026
 10
56.84328987660258
 20
101.1360914830008
 10
56.87478356868915
 20
101.4023866884383
 10
56.90183728275489
 20
101.6698165252216
 10
56.92449941357502
 20
101.9383728451575
 10
56.94281835592481
 20
102.2080475000527
 10
56.95684250457953
 20
102.4788323417137
 10
56.96662025431447
 20
102.7507192219473
  0
LWPOLYLINE
  5
59
330
24FC
100
AcDbEntity
  8
LAYER_1
100
AcDbPolyline
 90
      218
 70
     1
 43
0.0
 10
62.65909999628963
 20
110.7338000000516
 10
62.59858218994139
 20
110.6240545593262
 10
62.54176376953125
 20
110.5118239746094
 10
62.48860350341796
 20
110.3973231018066
 10
62.43906015625
 20
110.280766796875
 10
62.39309249267578
 20
110.1623699157715
 10
62.35065927734374
 20
110.0423473144531
 10
62.31171927490234
 20
109.9209138488769
 10
62.27623125
 20
109.798284375
 10
62.24415396728516
 20
109.6746737487793
 10
62.21544619140625
 20
109.5502968261719
 10
62.19006668701172
 20
109.4253684631348
 10
62.16797421875
 20
109.300103515625
 10
62.14912755126952
 20
109.1747168395996
 10
62.13348544921875
 20
109.0494232910156
 10
62.12100667724609
 20
108.9244377258301
 10
62.11165
 20
108.799975
 10
62.1053741821289
 20
108.6762499694824
 10
62.10213798828124
 20
108.5534774902344
 10
62.10190018310547
 20
108.4318724182129
 10
62.10461953124998
 20
108.311649609375
 10
62.11025479736328
 20
108.1930239196777
 10
62.11876474609375
 20
108.0762102050781
 10
62.13010814208985
 20
107.9614233215332
 10
62.14424375
 20
107.848878125
 10
62.16113033447264
 20
107.7387894714356
 10
62.18072666015626
 20
107.6313722167969
 10
62.20299149169921
 20
107.526841217041
 10
62.22788359375
 20
107.425411328125
 10
62.25536173095703
 20
107.3272974060059
 10
62.28538466796875
 20
107.2327143066406
 10
62.31791116943359
 20
107.1418768859863
 10
62.35289999999999
 20
107.055
 10
62.29572437133788
 20
107.1803026855469
 10
62.23437075195311
 20
107.305422265625
 10
62.16878029174804
 20
107.4300666503906
 10
62.09889414062499
 20
107.55394375
 10
62.02465344848633
 20
107.6767614746094
 10
61.94599936523436
 20
107.798227734375
 10
61.86287304077147
 20
107.9180504394531
 10
61.775215625
 20
108.0359375
 10
61.68296826782225
 20
108.1515968261719
 10
61.58607211914062
 20
108.264736328125
 10
61.48446832885742
 20
108.3750639160156
 10
61.378098046875
 20
108.4822875
 10
61.2669024230957
 20
108.5861149902344
 10
61.15082260742187
 20
108.686254296875
 10
61.02979974975585
 20
108.7824133300781
 10
60.903775
 20
108.8743
 10
60.77268950805664
 20
108.9616222167969
 10
60.63648442382811
 20
109.044087890625
 10
60.49510089721678
 20
109.1214049316405
 10
60.348480078125
 20
109.19328125
 10
60.19656311645508
 20
109.2594247558594
 10
60.03929116210938
 20
109.319543359375
 10
59.87660536499022
 20
109.3733449707031
 10
59.708446875
 20
109.4205375
 10
59.6222969795227
 20
109.4415640808106
 10
59.53475684204103
 20
109.4608288574219
 10
59.44581910629272
 20
109.4782953186035
 10
59.35547641601563
 20
109.493926953125
 10
59.26372141494751
 20
109.5076872497558
 10
59.17054674682618
 20
109.5195396972655
 10
59.0759450553894
 20
109.5294477844238
 10
58.979908984375
 20
109.537375
 10
58.88243117752075
 20
109.5432848327637
 10
58.78350427856445
 20
109.5471407714844
 10
58.6831209312439
 20
109.5489063049316
 10
58.58127377929688
 20
109.548544921875
 10
58.47795546646118
 20
109.546020111084
 10
58.37315863647461
 20
109.5412953613281
 10
58.26687593307497
 20
109.5343341613769
 10
58.1591
 20
109.5251
 10
58.15061813735962
 20
109.417457352066
 10
58.1443951965332
 20
109.3113119415283
 10
58.14039483566285
 20
109.2066563182831
 10
58.13858071289064
 20
109.1034830322266
 10
58.13891648635865
 20
109.001784633255
 10
58.141365814209
 20
108.9015536712647
 10
58.14589235458374
 20
108.8027826961517
 10
58.152459765625
 20
108.7054642578125
 10
58.16103170547485
 20
108.6095909061432
 10
58.17157183227539
 20
108.51515519104
 10
58.1840438041687
 20
108.4221496623993
 10
58.19841127929688
 20
108.3305668701172
 10
58.214637915802
 20
108.24039936409
 10
58.23268737182617
 20
108.1516396942139
 10
58.25252330551148
 20
108.0642804103851
 10
58.27410937499998
 20
107.9783140625
 10
58.32238655395507
 20
107.8105303741455
 10
58.37722817382811
 20
107.6482290283203
 10
58.43834349975586
 20
107.4913504241943
 10
58.50544179687499
 20
107.3398349609375
 10
58.57823233032226
 20
107.1936230377197
 10
58.65642436523438
 20
107.0526550537109
 10
58.73972716674805
 20
106.9168714080811
 10
58.82785
 20
106.7862125
 10
58.92050213012696
 20
106.6606187286377
 10
59.01739282226563
 20
106.5400304931641
 10
59.11823134155272
 20
106.424388192749
 10
59.222726953125
 20
106.3136322265625
 10
59.33058892211914
 20
106.2077029937744
 10
59.44152651367186
 20
106.1065408935547
 10
59.55524899291992
 20
106.0100863250732
 10
59.671465625
 20
105.9182796875
 10
59.78988567504883
 20
105.8310613800049
 10
59.91021840820313
 20
105.7483718017578
 10
60.0321730895996
 20
105.6701513519287
 10
60.155458984375
 20
105.5963404296875
 10
60.279785357666
 20
105.5268794342041
 10
60.40486147460939
 20
105.4617087646484
 10
60.5303966003418
 20
105.4007688201904
 10
60.6561
 20
105.344
 10
60.56883100891113
 20
105.3784558074951
 10
60.47760549316406
 20
105.4104351318359
 10
60.3826393890381
 20
105.4398995758057
 10
60.2841486328125
 20
105.4668107421875
 10
60.1823491607666
 20
105.4911302337646
 10
60.07745690917968
 20
105.5128196533203
 10
59.96968781433104
 20
105.5318406036377
 10
59.85925781249999
 20
105.5481546875
 10
59.74638283996583
 20
105.5617235076904
 10
59.63127883300781
 20
105.5725086669922
 10
59.51416172790528
 20
105.5804717681885
 10
59.39524746093749
 20
105.5855744140625
 10
59.27475196838379
 20
105.5877782073975
 10
59.15289118652344
 20
105.5870447509766
 10
59.02988105163574
 20
105.583335647583
 10
58.90593749999999
 20
105.5766125
 10
58.7812764678955
 20
105.5668369110107
 10
58.65611389160156
 20
105.5539704833984
 10
58.53066570739746
 20
105.5379748199463
 10
58.4051478515625
 20
105.5188115234375
 10
58.27977626037597
 20
105.4964421966553
 10
58.15476687011718
 20
105.4708284423828
 10
58.03033561706543
 20
105.4419318634033
 10
57.90669843749999
 20
105.4097140625
 10
57.78407126770018
 20
105.3741366424561
 10
57.66267004394531
 20
105.3351612060547
 10
57.54271070251465
 20
105.2927493560791
 10
57.4244091796875
 20
105.2468626953125
 10
57.30798141174315
 20
105.1974628265381
 10
57.19364333496092
 20
105.1445113525391
 10
57.08161088562011
 20
105.0879698760986
 10
56.9721
 20
105.0278
 10
56.96648421325683
 20
105.3007324707031
 10
56.95667331542967
 20
105.572568359375
 10
56.94261887512205
 20
105.8432997558594
 10
56.92427246093749
 20
106.11291875
 10
56.90158564147949
 20
106.3814174316406
 10
56.87450998535157
 20
106.648787890625
 10
56.84299706115723
 20
106.9150222167969
 10
56.8069984375
 20
107.1801125
 10
56.76646568298338
 20
107.4440508300781
 10
56.72135036621092
 20
107.706829296875
 10
56.67160405578613
 20
107.9684399902344
 10
56.61717832031249
 20
108.228875
 10
56.55802472839354
 20
108.4881264160156
 10
56.49409484863281
 20
108.746186328125
 10
56.42534024963378
 20
109.0030468261719
 10
56.35171249999999
 20
109.2587
 10
56.27316316833496
 20
109.5131379394531
 10
56.18964382324218
 20
109.766352734375
 10
56.10110603332518
 20
110.0183364746094
 10
56.0075013671875
 20
110.26908125
 10
55.90878139343262
 20
110.5185791503906
 10
55.80489768066406
 20
110.766822265625
 10
55.69580179748535
 20
111.0138026855469
 10
55.5814453125
 20
111.2595125
 10
55.46177979431153
 20
111.5039437988281
 10
55.33675681152343
 20
111.747088671875
 10
55.20632793273925
 20
111.9889392089844
 10
55.0704447265625
 20
112.2294875
 10
54.92905876159667
 20
112.4687256347656
 10
54.78212160644532
 20
112.706645703125
 10
54.62958482971192
 20
112.9432397949219
 10
54.4714
 20
113.1785
 10
54.4587
 20
113.191
 10
54.4662
 20
113.1855
 10
54.4609
 20
113.193
 10
54.4735
 20
113.1809
 10
54.6355
 20
113.07
 10
54.5247
 20
113.232
 10
54.5124
 20
113.2446
 10
54.52
 20
113.2393
 10
54.51509999999999
 20
113.247
 10
54.5274
 20
113.2343
 10
54.762115270796
 20
113.0764668214208
 10
54.99816201131634
 20
112.9242541018165
 10
55.23553223816256
 20
112.7776139407966
 10
55.47421796793623
 20
112.6364984379705
 10
55.71421121723897
 20
112.5008596929477
 10
55.95550400267235
 20
112.3706498053378
 10
56.19808834083795
 20
112.2458208747503
 10
56.44195624833735
 20
112.1263250007946
 10
56.68709974177214
 20
112.0121142830802
 10
56.93351083774389
 20
111.9031408212167
 10
57.1811815528542
 20
111.7993567148135
 10
57.43010390370463
 20
111.7007140634801
 10
57.68026990689679
 20
111.6071649668261
 10
57.93167157903225
 20
111.5186615244609
 10
58.1843009367126
 20
111.435155835994
 10
58.4381499965394
 20
111.3566000010349
 10
58.69321077511425
 20
111.2829461191932
 10
58.94947528903872
 20
111.2141462900782
 10
59.20693555491443
 20
111.1501526132996
 10
59.46558358934293
 20
111.0909171884668
 10
59.7254114089258
 20
111.0363921151893
 10
59.98641103026465
 20
110.9865294930766
 10
60.24857446996104
 20
110.9412814217382
 10
60.51189374461654
 20
110.9006000007837
 10
60.77636087083277
 20
110.8644373298223
 10
61.04196786521129
 20
110.8327455084638
 10
61.30870674435371
 20
110.8054766363176
 10
61.57656952486156
 20
110.7825828129932
 10
61.84554822333645
 20
110.7640161381
 10
62.11563485637998
 20
110.7497287112477
 10
62.38682144059373
 20
110.7396726320456
  0
LWPOLYLINE
  5
5A
330
24FC
100
AcDbEntity
  8
LAYER_1
100
AcDbPolyline
 90
      218
 70
     1
 43
0.0
 10
70.38930000004808
 20
105.0278000037193
 10
70.27979911193847
 20
105.0879698760986
 10
70.16777805175781
 20
105.1445113525391
 10
70.05345297546387
 20
105.1974628265381
 10
69.93704003906249
 20
105.2468626953125
 10
69.81875539855957
 20
105.2927493560791
 10
69.69881520996094
 20
105.3351612060547
 10
69.57743562927247
 20
105.3741366424561
 10
69.4548328125
 20
105.4097140625
 10
69.33122291564941
 20
105.4419318634033
 10
69.20682209472656
 20
105.4708284423828
 10
69.08184650573729
 20
105.4964421966553
 10
68.9565123046875
 20
105.5188115234375
 10
68.831035647583
 20
105.5379748199463
 10
68.70563269042971
 20
105.5539704833984
 10
68.5805195892334
 20
105.5668369110107
 10
68.45591250000001
 20
105.5766125
 10
68.33202757873535
 20
105.583335647583
 10
68.20908098144532
 20
105.5870447509766
 10
68.08728886413574
 20
105.5877782073975
 10
67.96686738281249
 20
105.5855744140625
 10
67.84803269348144
 20
105.5804717681885
 10
67.73100095214847
 20
105.5725086669922
 10
67.61598831481936
 20
105.5617235076904
 10
67.50321093749999
 20
105.5481546875
 10
67.39288497619629
 20
105.5318406036377
 10
67.28522658691407
 20
105.5128196533203
 10
67.18045192565918
 20
105.4911302337646
 10
67.0787771484375
 20
105.4668107421875
 10
66.98041841125489
 20
105.4398995758057
 10
66.88559187011721
 20
105.4104351318359
 10
66.79451368103027
 20
105.3784558074951
 10
66.70740000000001
 20
105.344
 10
66.83303696289063
 20
105.4007688201904
 10
66.95850429687499
 20
105.4617087646484
 10
67.08351166992189
 20
105.5268794342041
 10
67.20776875000002
 20
105.5963404296875
 10
67.33098520507812
 20
105.6701513519287
 10
67.452870703125
 20
105.7483718017578
 10
67.57313491210938
 20
105.8310613800049
 10
67.69148749999999
 20
105.9182796875
 10
67.80763813476564
 20
106.0100863250732
 10
67.92129648437501
 20
106.1065408935547
 10
68.03217221679688
 20
106.2077029937744
 10
68.13997500000001
 20
106.3136322265625
 10
68.24441450195313
 20
106.424388192749
 10
68.345200390625
 20
106.5400304931641
 10
68.44204233398439
 20
106.6606187286377
 10
68.53465000000001
 20
106.7862125
 10
68.62273305664064
 20
106.9168714080811
 10
68.706001171875
 20
107.0526550537109
 10
68.78416401367187
 20
107.1936230377197
 10
68.85693125
 20
107.3398349609375
 10
68.92401254882813
 20
107.4913504241943
 10
68.98511757812499
 20
107.6482290283203
 10
69.03995600585936
 20
107.8105303741455
 10
69.0882375
 20
107.9783140625
 10
69.10982866821289
 20
108.0642804103851
 10
69.12967172851563
 20
108.1516396942139
 10
69.14773038940428
 20
108.24039936409
 10
69.16396835937501
 20
108.3305668701172
 10
69.17834934692383
 20
108.4221496623993
 10
69.19083706054687
 20
108.51515519104
 10
69.20139520874023
 20
108.6095909061432
 10
69.20998749999999
 20
108.7054642578125
 10
69.21657764282226
 20
108.8027826961517
 10
69.22112934570313
 20
108.9015536712647
 10
69.22360631713864
 20
109.001784633255
 10
69.22397226562499
 20
109.1034830322265
 10
69.2221908996582
 20
109.2066563182831
 10
69.21822592773437
 20
109.3113119415283
 10
69.21204105834959
 20
109.417457352066
 10
69.20359999999999
 20
109.5251
 10
69.09573652915954
 20
109.5343341613769
 10
68.9893692840576
 20
109.5412953613281
 10
68.88449082832337
 20
109.546020111084
 10
68.78109372558594
 20
109.548544921875
 10
68.67917053947448
 20
109.5489063049316
 10
68.57871383361814
 20
109.5471407714844
 10
68.47971617164612
 20
109.5432848327637
 10
68.3821701171875
 20
109.537375
 10
68.28606823387146
 20
109.5294477844238
 10
68.19140308532714
 20
109.5195396972655
 10
68.09816723518371
 20
109.5076872497558
 10
68.0063532470703
 20
109.493926953125
 10
67.91595368461608
 20
109.4782953186035
 10
67.82696111145019
 20
109.4608288574219
 10
67.73936809120178
 20
109.4415640808106
 10
67.6531671875
 20
109.4205375
 10
67.48491198425293
 20
109.3733449707031
 10
67.32213601074218
 20
109.319543359375
 10
67.16477977600097
 20
109.2594247558594
 10
67.01278378906249
 20
109.19328125
 10
66.86608855895996
 20
109.1214049316405
 10
66.72463459472656
 20
109.044087890625
 10
66.5883624053955
 20
108.9616222167969
 10
66.45721250000001
 20
108.8743
 10
66.33112538757325
 20
108.7824133300781
 10
66.21004157714843
 20
108.686254296875
 10
66.0939015777588
 20
108.5861149902344
 10
65.9826458984375
 20
108.4822875
 10
65.87621504821777
 20
108.3750639160156
 10
65.77454953613281
 20
108.264736328125
 10
65.67758987121582
 20
108.1515968261719
 10
65.58527656250001
 20
108.0359375
 10
65.49755011901857
 20
107.9180504394531
 10
65.41435104980471
 20
107.798227734375
 10
65.33561986389161
 20
107.6767614746094
 10
65.26129707031251
 20
107.55394375
 10
65.19132317810056
 20
107.4300666503906
 10
65.12563869628905
 20
107.305422265625
 10
65.06418413391113
 20
107.1803026855469
 10
65.0069
 20
107.055
 10
65.04201803894043
 20
107.1418768859863
 10
65.07466970214844
 20
107.2327143066406
 10
65.1048138092041
 20
107.3272974060059
 10
65.1324091796875
 20
107.425411328125
 10
65.15741463317872
 20
107.526841217041
 10
65.17978898925782
 20
107.6313722167969
 10
65.19949106750487
 20
107.7387894714356
 10
65.21647968750001
 20
107.848878125
 10
65.23071366882323
 20
107.9614233215332
 10
65.24215183105468
 20
108.0762102050781
 10
65.2507529937744
 20
108.1930239196777
 10
65.2564759765625
 20
108.311649609375
 10
65.25927959899902
 20
108.4318724182129
 10
65.25912268066405
 20
108.5534774902344
 10
65.2559640411377
 20
108.6762499694824
 10
65.2497625
 20
108.799975
 10
65.24047687683104
 20
108.9244377258301
 10
65.22806599121094
 20
109.0494232910156
 10
65.21248866271972
 20
109.1747168395996
 10
65.19370371093749
 20
109.300103515625
 10
65.17166995544434
 20
109.4253684631348
 10
65.14634621582032
 20
109.5502968261719
 10
65.11769131164553
 20
109.6746737487793
 10
65.0856640625
 20
109.798284375
 10
65.05022328796387
 20
109.9209138488769
 10
65.01132780761719
 20
110.0423473144531
 10
64.96893644104004
 20
110.1623699157715
 10
64.92300800781251
 20
110.280766796875
 10
64.87350132751465
 20
110.3973231018066
 10
64.82037521972656
 20
110.5118239746094
 10
64.76358850402833
 20
110.6240545593262
 10
64.70310000000001
 20
110.7338
 10
64.97534106445314
 20
110.7396990264893
 10
65.246490234375
 20
110.7497781494141
 10
65.51653959960936
 20
110.76408543396
 10
65.78548125000001
 20
110.7826689453125
 10
66.05330727539062
 20
110.8055767486572
 10
66.320009765625
 20
110.8328569091797
 10
66.58558081054687
 20
110.8645574920654
 10
66.85001249999999
 20
110.9007265625
 10
67.11329692382813
 20
110.941412185669
 10
67.375426171875
 20
110.9866624267578
 10
67.63639233398439
 20
111.0365253509521
 10
67.89618750000001
 20
111.0910490234375
 10
68.1548037597656
 20
111.1502815093994
 10
68.412233203125
 20
111.2142708740234
 10
68.66846791992187
 20
111.2830651824951
 10
68.92349999999999
 20
111.3567125
 10
69.17732153320314
 20
111.4352608917236
 10
69.42992460937499
 20
111.5187584228516
 10
69.68130131835936
 20
111.6072531585693
 10
69.93144374999999
 20
111.7007931640625
 10
70.18034399414062
 20
111.7994265045166
 10
70.427994140625
 20
111.9032012451172
 10
70.67438627929687
 20
112.0121654510498
 10
70.91951249999998
 20
112.1263671875
 10
71.16336489257815
 20
112.2458545196533
 10
71.40593554687502
 20
112.3706755126953
 10
71.64721655273438
 20
112.5008782318115
 10
71.8872
 20
112.6365107421875
 10
72.12587797851563
 20
112.7776211090088
 10
72.36324257812499
 20
112.9242573974609
 10
72.59928588867187
 20
113.0764676727295
 10
72.834
 20
113.2343
 10
72.84629999999999
 20
113.247
 10
72.84139999999999
 20
113.2393
 10
72.84899999999999
 20
113.2446
 10
72.83669999999999
 20
113.232
 10
72.7259
 20
113.07
 10
72.8879
 20
113.1809
 10
72.90049999999999
 20
113.193
 10
72.8952
 20
113.1855
 10
72.90269999999999
 20
113.191
 10
72.89
 20
113.1785
 10
72.73181517042011
 20
112.9432397951224
 10
72.57927839380923
 20
112.7066457035283
 10
72.43234123877091
 20
112.468725635374
 10
72.29095527390882
 20
112.2294875008156
 10
72.15507206782662
 20
111.9889392100095
 10
72.0246431891279
 20
111.7470886731117
 10
71.89962020641639
 20
111.5039438002787
 10
71.77995468829561
 20
111.2595125016665
 10
71.6655982033693
 20
111.0138026874314
 10
71.55650232024105
 20
110.7668222677297
 10
71.45261860751448
 20
110.5185791527176
 10
71.35389863379327
 20
110.2690812525512
 10
71.26029396768105
 20
110.018336477387
 10
71.17175617778144
 20
109.7663527373809
 10
71.08823683269813
 20
109.5131379426894
 10
71.00968750103469
 20
109.2587000034686
 10
70.93605975139482
 20
109.0030468298748
 10
70.8673051523821
 20
108.7461863320642
 10
70.80337527260022
 20
108.4881264201929
 10
70.7442216806528
 20
108.2288750044174
 10
70.68979594514347
 20
107.9684399948937
 10
70.64004963467588
 20
107.7068293017781
 10
70.59493431785366
 20
107.4440508352268
 10
70.55440156328045
 20
107.1801125053961
 10
70.51840293955992
 20
106.9150222224422
 10
70.48689001529567
 20
106.6487878965214
 10
70.45981435909133
 20
106.3814174377898
 10
70.43712753955059
 20
106.1129187564036
 10
70.41878112527708
 20
105.8432997625192
 10
70.40472668487439
 20
105.5725683662928
 10
70.3949157869462
 20
105.3007324778805
  0
LWPOLYLINE
  5
5B
330
24FC
100
AcDbEntity
  8
LAYER_1
100
AcDbPolyline
 90
      218
 70
     1
 43
0.0
 10
64.70230000371039
 20
97.31619999994785
 10
64.76286175231931
 20
97.42604450073242
 10
64.81971823730467
 20
97.53836616210936
 10
64.87291067199706
 20
97.65295034790042
 10
64.92248027343748
 20
97.769582421875
 10
64.96846825866699
 20
97.88804774780272
 10
65.01091584472657
 20
98.00813168945312
 10
65.04986424865723
 20
98.12961961059571
 10
65.0853546875
 20
98.252296875
 10
65.1174283782959
 20
98.37594884643557
 10
65.14612653808594
 20
98.50036088867184
 10
65.17149038391114
 20
98.6253183654785
 10
65.19356113281251
 20
98.750606640625
 10
65.21238000183107
 20
98.87601107788086
 10
65.22798820800781
 20
99.00131704101562
 10
65.24042696838378
 20
99.12630989379881
 10
65.2497375
 20
99.250775
 10
65.25596101989747
 20
99.37449772338869
 10
65.25913874511721
 20
99.49726342773436
 10
65.25931189270021
 20
99.61885747680664
 10
65.2565216796875
 20
99.739065234375
 10
65.25080932312012
 20
99.85767206420899
 10
65.24221604003907
 20
99.97446333007813
 10
65.23078304748536
 20
100.089224395752
 10
65.21655156249998
 20
100.201740625
 10
65.19956280212402
 20
100.3117973815918
 10
65.17985798339843
 20
100.4191800292969
 10
65.15747832336426
 20
100.5236739318848
 10
65.13246503906251
 20
100.625064453125
 10
65.10485934753418
 20
100.7231369567871
 10
65.0747024658203
 20
100.8176768066406
 10
65.04203561096189
 20
100.9084693664551
 10
65.0069
 20
100.9953
 10
65.06418413391113
 20
100.8700685363769
 10
65.12563869628905
 20
100.7450127441406
 10
65.19132317810056
 20
100.6204248962402
 10
65.26129707031249
 20
100.496597265625
 10
65.33561986389161
 20
100.3738221252441
 10
65.41435104980471
 20
100.2523917480469
 10
65.49755011901857
 20
100.1325984069824
 10
65.58527656249999
 20
100.014734375
 10
65.67758987121582
 20
99.89909192504885
 10
65.77454953613281
 20
99.78596333007812
 10
65.87621504821777
 20
99.67564086303713
 10
65.9826458984375
 20
99.56841679687499
 10
66.0939015777588
 20
99.46458340454102
 10
66.21004157714843
 20
99.36443295898435
 10
66.33112538757325
 20
99.2682577331543
 10
66.45721250000001
 20
99.17635
 10
66.5883624053955
 20
99.08900203247071
 10
66.72463459472656
 20
99.00650610351565
 10
66.86608855895996
 20
98.929154486084
 10
67.01278378906249
 20
98.857239453125
 10
67.16477977600097
 20
98.79105327758788
 10
67.32213601074218
 20
98.73088823242188
 10
67.48491198425293
 20
98.67703659057619
 10
67.6531671875
 20
98.629790625
 10
67.73936809120178
 20
98.60873610610962
 10
67.82696111145019
 20
98.58944260864261
 10
67.91595368461608
 20
98.57194666671755
 10
68.0063532470703
 20
98.55628481445313
 10
68.09816723518371
 20
98.54249358596803
 10
68.19140308532714
 20
98.53060951538084
 10
68.28606823387146
 20
98.5206691368103
 10
68.3821701171875
 20
98.51270898437499
 10
68.47971617164612
 20
98.50676559219358
 10
68.57871383361814
 20
98.50287549438476
 10
68.67917053947448
 20
98.50107522506714
 10
68.78109372558594
 20
98.50140131835935
 10
68.88449082832337
 20
98.50389030838012
 10
68.9893692840576
 20
98.50857872924807
 10
69.09573652915954
 20
98.51550311508178
 10
69.20359999999999
 20
98.5247
 10
69.21204105834959
 20
98.63236132621764
 10
69.21822592773437
 20
98.73852527770997
 10
69.2221908996582
 20
98.84319931373596
 10
69.22397226562499
 20
98.9463908935547
 10
69.22360631713864
 20
99.04810747642516
 10
69.22112934570313
 20
99.14835652160645
 10
69.21657764282226
 20
99.24714548835753
 10
69.20998749999999
 20
99.34448183593751
 10
69.20139520874023
 20
99.44037302360531
 10
69.19083706054687
 20
99.5348265106201
 10
69.17834934692383
 20
99.62784975624085
 10
69.16396835937501
 20
99.71945021972658
 10
69.14773038940428
 20
99.8096353603363
 10
69.12967172851563
 20
99.89841263732911
 10
69.10982866821289
 20
99.985789509964
 10
69.0882375
 20
100.0717734375
 10
69.03995600585936
 20
100.2395922943115
 10
68.98511757812499
 20
100.4019288818359
 10
68.92401254882813
 20
100.5588428741455
 10
68.85693125
 20
100.7103939453125
 10
68.78416401367187
 20
100.8566417694092
 10
68.706001171875
 20
100.9976460205078
 10
68.62273305664064
 20
101.1334663726807
 10
68.53465000000001
 20
101.2641625
 10
68.44204233398439
 20
101.389794076538
 10
68.345200390625
 20
101.5104207763672
 10
68.24441450195313
 20
101.6261022735596
 10
68.13997500000001
 20
101.7368982421875
 10
68.03217221679688
 20
101.8428683563233
 10
67.92129648437501
 20
101.9440722900391
 10
67.80763813476564
 20
102.0405697174072
 10
67.69148750000001
 20
102.1324203125
 10
67.57313491210938
 20
102.2196837493897
 10
67.452870703125
 20
102.3024197021484
 10
67.33098520507812
 20
102.3806878448486
 10
67.20776875000002
 20
102.4545478515625
 10
67.08351166992189
 20
102.5240593963623
 10
66.95850429687499
 20
102.5892821533203
 10
66.83303696289063
 20
102.6502757965088
 10
66.70740000000001
 20
102.7071
 10
66.7945136779785
 20
102.6726544219971
 10
66.88559184570313
 20
102.6406869384766
 10
66.98041832885742
 20
102.6112358001709
 10
67.07877695312501
 20
102.5843392578125
 10
67.18045154418947
 20
102.5600355621338
 10
67.28522592773439
 20
102.5383629638672
 10
67.39288392944335
 20
102.5193597137451
 10
67.50320937500001
 20
102.5030640625
 10
67.6159860900879
 20
102.4895142608643
 10
67.73099790039063
 20
102.4787485595703
 10
67.8480286315918
 20
102.4708052093506
 10
67.966862109375
 20
102.4657224609375
 10
68.08728215942385
 20
102.4635385650635
 10
68.20907260742188
 20
102.4642917724609
 10
68.33201727905275
 20
102.4680203338623
 10
68.45590000000001
 20
102.4747625
 10
68.58050459594726
 20
102.4845565216065
 10
68.70561489257814
 20
102.4974406494141
 10
68.83101471557617
 20
102.5134531341553
 10
68.956487890625
 20
102.5326322265625
 10
69.08181824340821
 20
102.5550161773682
 10
69.20678959960937
 20
102.5806432373047
 10
69.33118578491212
 20
102.6095516571045
 10
69.454790625
 20
102.6417796875
 10
69.57738794555665
 20
102.6773655792236
 10
69.69876157226561
 20
102.7163475830078
 10
69.81869533081057
 20
102.758763949585
 10
69.936973046875
 20
102.8046529296875
 10
70.05337854614257
 20
102.8540527740479
 10
70.16769565429687
 20
102.9070017333984
 10
70.27970819702149
 20
102.9635380584717
 10
70.3892
 20
103.0237
 10
70.3947797454834
 20
102.750719229126
 10
70.40455749511719
 20
102.4788323486328
 10
70.41858164367678
 20
102.2080475067139
 10
70.4369005859375
 20
101.9383728515625
 10
70.45956271667479
 20
101.6698165313721
 10
70.48661643066406
 20
101.4023866943359
 10
70.51811012268067
 20
101.1360914886475
 10
70.5540921875
 20
100.8709390625
 10
70.59461101989747
 20
100.6069375640869
 10
70.63971501464843
 20
100.3440951416016
 10
70.68945256652833
 20
100.0824199432373
 10
70.7438720703125
 20
99.82192011718751
 10
70.80302192077637
 20
99.5626038116455
 10
70.86695051269531
 20
99.30447917480471
 10
70.93570624084472
 20
99.04755435485839
 10
71.00933749999999
 20
98.79183750000001
 10
71.08789268493652
 20
98.53733675842285
 10
71.17142019042969
 20
98.28406027832031
 10
71.25996841125488
 20
98.03201620788577
 10
71.3535857421875
 20
97.78121269531252
 10
71.45232057800294
 20
97.53165788879394
 10
71.55622131347655
 20
97.28335993652343
 10
71.6653363433838
 20
97.03632698669435
 10
71.77971406249998
 20
96.7905671875
 10
71.89940286560059
 20
96.54608868713379
 10
72.02445114746094
 20
96.30289963378908
 10
72.15490730285643
 20
96.06100817565918
 10
72.2908197265625
 20
95.82042246093749
 10
72.43223681335448
 20
95.58115063781739
 10
72.57920695800779
 20
95.34320085449218
 10
72.73177855529784
 20
95.10658125915528
 10
72.89
 20
94.8713
 10
72.90269999999999
 20
94.8586
 10
72.8952
 20
94.86369999999999
 10
72.90049999999999
 20
94.8568
 10
72.8879
 20
94.8689
 10
72.7259
 20
94.9796
 10
72.83669999999999
 20
94.81759999999999
 10
72.84899999999999
 20
94.80500000000001
 10
72.84139999999999
 20
94.8103
 10
72.84629999999999
 20
94.8028
 10
72.834
 20
94.81529999999999
 10
72.59928472920399
 20
94.97313319078621
 10
72.36323798868365
 20
95.12534599583972
 10
72.12586776183744
 20
95.27198638879328
 10
71.88718203206377
 20
95.41310234327951
 10
71.64718878276101
 20
95.5487418329312
 10
71.40589599732765
 20
95.67895283138092
 10
71.16331165916206
 20
95.80378331226144
 10
70.91944375166265
 20
95.92328124920543
 10
70.67430025822786
 20
96.03749461584556
 10
70.4278891622561
 20
96.14647138581457
 10
70.18021844714581
 20
96.25025953274509
 10
69.93129609629537
 20
96.34890703026986
 10
69.68113009310319
 20
96.44246185202153
 10
69.42972842096772
 20
96.53097197163281
 10
69.1770990632874
 20
96.6144853627364
 10
68.92325000346061
 20
96.69304999896496
 10
68.66818922488575
 20
96.7667138539512
 10
68.41192471096127
 20
96.83552490132782
 10
68.15446444508558
 20
96.8995311147275
 10
67.89581641065706
 20
96.95878046778291
 10
67.63598859107419
 20
97.01332093412679
 10
67.37498896973535
 20
97.06320048739179
 10
67.11282553003896
 20
97.1084671012106
 10
66.84950625538346
 20
97.14916874921593
 10
66.58503912916721
 20
97.18535340504043
 10
66.31943213478869
 20
97.21706904231687
 10
66.05269325564629
 20
97.24436363467786
 10
65.78483047513842
 20
97.26728515575613
 10
65.51585177666353
 20
97.28588157918437
 10
65.24576514361999
 20
97.30020087859523
 10
64.97457855940627
 20
97.31029102762144
  0
LWPOLYLINE
  5
5C
330
24FC
100
AcDbEntity
  8
LAYER_1
100
AcDbPolyline
 90
       32
 70
     1
 43
0.0
 10
41.1807
 20
119.4163
 10
41.3266671875
 20
121.131415625
 10
41.36132243652343
 20
121.5608866699219
 10
41.3939314453125
 20
121.990289453125
 10
41.42383840332031
 20
122.4194514160156
 10
41.45038750000001
 20
122.8482
 10
41.47292292480467
 20
123.2763626464844
 10
41.4907888671875
 20
123.703766796875
 10
41.50332951660157
 20
124.1302398925781
 10
41.5098890625
 20
124.555609375
 10
41.50981169433594
 20
124.9797026855469
 10
41.5024416015625
 20
125.402347265625
 10
41.49581684265136
 20
125.6130723571777
 10
41.48712297363281
 20
125.8233705566406
 10
41.47627801818846
 20
126.0332202941894
 10
41.4632
 20
126.2426
 10
41.67252546691895
 20
126.2295120391845
 10
41.88232482910156
 20
126.2186560791016
 10
42.09257627868652
 20
126.2099502532959
 10
42.3032580078125
 20
126.2033126953125
 10
42.72582507324218
 20
126.1959149169922
 10
43.14985156249999
 20
126.1958078125
 10
43.57516301269531
 20
126.2023364501953
 10
44.0015849609375
 20
126.2148458984375
 10
44.42894294433593
 20
126.2326812255859
 10
44.85706249999999
 20
126.2551875
 10
45.28576916503906
 20
126.2817097900391
 10
45.7148884765625
 20
126.3115931640625
 10
46.14424597167968
 20
126.3441826904297
 10
46.5736671875
 20
126.3788234375
 10
48.2885
 20
126.5248
 10
41.1807
 20
126.5248
  0
LWPOLYLINE
  5
5D
330
24FC
100
AcDbEntity
  8
LAYER_1
100
AcDbPolyline
 90
      163
 70
     1
 43
0.0
 10
41.1807
 20
95.06109999999999
 10
41.22241832885743
 20
95.31074504089355
 10
41.26889780273439
 20
95.55893181152343
 10
41.3203064025879
 20
95.80561590881348
 10
41.376812109375
 20
96.0507529296875
 10
41.43858290405274
 20
96.29429847106932
 10
41.50578676757813
 20
96.53620812988279
 10
41.5785916809082
 20
96.77643750305175
 10
41.657165625
 20
97.01494218749999
 10
41.74167658081055
 20
97.25167778015137
 10
41.83229252929688
 20
97.48659987792969
 10
41.92918145141603
 20
97.71966407775879
 10
42.03251132812499
 20
97.95082597656248
 10
42.14245014038086
 20
98.18004117126465
 10
42.25916586914063
 20
98.40726525878908
 10
42.38282649536133
 20
98.63245383605956
 10
42.5136
 20
98.8555625
 10
42.65165436401367
 20
99.07654684753417
 10
42.79715756835936
 20
99.29536247558592
 10
42.95027759399413
 20
99.51196498107911
 10
43.11118242187499
 20
99.7263099609375
 10
43.28004003295899
 20
99.93835301208497
 10
43.45701840820313
 20
100.1480497314453
 10
43.64228552856446
 20
100.3553557159424
 10
43.836009375
 20
100.5602265625
 10
44.03835792846678
 20
100.762617868042
 10
44.24949916992188
 20
100.9624852294922
 10
44.46960108032225
 20
101.1597842437744
 10
44.698831640625
 20
101.3544705078125
 10
44.9373588317871
 20
101.5464996185303
 10
45.18535063476561
 20
101.7358271728516
 10
45.44297503051756
 20
101.9224087677002
 10
45.71039999999999
 20
102.1062
 10
45.60134633636475
 20
102.0837284564972
 10
45.49401033935547
 20
102.063734487915
 10
45.3883919998169
 20
102.046178774643
 10
45.28449130859375
 20
102.0310219970703
 10
45.18230825653076
 20
102.0182248355865
 10
45.08184283447264
 20
102.0077479705811
 10
44.98309503326416
 20
101.9995520824432
 10
44.88606484375
 20
101.9935978515625
 10
44.79075225677489
 20
101.9898459583282
 10
44.69715726318359
 20
101.9882570831299
 10
44.6052798538208
 20
101.9887919063568
 10
44.51512001953125
 20
101.9914111083984
 10
44.42667775115967
 20
101.9960753696442
 10
44.33995303955078
 20
102.0027453704834
 10
44.25494587554932
 20
102.0113817913055
 10
44.17165624999999
 20
102.0219453125
 10
44.09008415374755
 20
102.0343966144562
 10
44.01022957763672
 20
102.0486963775635
 10
43.9320925125122
 20
102.0648052822113
 10
43.85567294921875
 20
102.0826840087891
 10
43.78097087860107
 20
102.1022932376862
 10
43.70798629150391
 20
102.123593649292
 10
43.63671917877197
 20
102.146545923996
 10
43.56716953124998
 20
102.1711107421875
 10
43.49933733978271
 20
102.197248784256
 10
43.43322259521484
 20
102.2249207305908
 10
43.36882528839111
 20
102.2540872615814
 10
43.30614541015624
 20
102.2847090576172
 10
43.24518295135498
 20
102.3167467990875
 10
43.18593790283203
 20
102.3501611663818
 10
43.12841025543213
 20
102.3849128398895
 10
43.07259999999998
 20
102.4209625
 10
42.96613162841796
 20
102.4967985015869
 10
42.86653271484374
 20
102.5773546142578
 10
42.77380318603515
 20
102.6623162811279
 10
42.68794296874999
 20
102.7513689453125
 10
42.60895198974609
 20
102.8441980499268
 10
42.53683017578125
 20
102.9404890380859
 10
42.47157745361327
 20
103.0399273529053
 10
42.41319374999999
 20
103.1421984375
 10
42.3616789916992
 20
103.2469877349854
 10
42.31703310546875
 20
103.3539806884766
 10
42.2792560180664
 20
103.4628627410889
 10
42.24834765625
 20
103.5733193359375
 10
42.22430794677734
 20
103.6850359161377
 10
42.20713681640624
 20
103.7976979248047
 10
42.19683419189453
 20
103.9109908050537
 10
42.19339999999999
 20
104.0246
 10
42.19339999999999
 20
104.0249
 10
42.19339999999999
 20
104.025
 10
42.19683419189453
 20
104.1386179931641
 10
42.20713681640624
 20
104.2519185546875
 10
42.22430794677734
 20
104.3645871826172
 10
42.24834765625
 20
104.476309375
 10
42.2792560180664
 20
104.5867706298828
 10
42.31703310546875
 20
104.6956564453125
 10
42.3616789916992
 20
104.8026523193359
 10
42.41319374999999
 20
104.90744375
 10
42.47157745361327
 20
105.0097162353516
 10
42.53683017578125
 20
105.1091552734375
 10
42.60895198974609
 20
105.2054463623047
 10
42.68794296874999
 20
105.298275
 10
42.77380318603515
 20
105.3873266845703
 10
42.86653271484374
 20
105.4722869140625
 10
42.96613162841796
 20
105.5528411865234
 10
43.07259999999998
 20
105.628675
 10
43.12841025543213
 20
105.6647234527588
 10
43.18593790283203
 20
105.6994738525391
 10
43.24518295135498
 20
105.7328868865967
 10
43.30614541015624
 20
105.7649232421875
 10
43.36882528839111
 20
105.7955436065674
 10
43.43322259521484
 20
105.8247086669922
 10
43.49933733978271
 20
105.8523791107178
 10
43.56716953124998
 20
105.878515625
 10
43.63671917877197
 20
105.9030788970947
 10
43.70798629150391
 20
105.9260296142578
 10
43.78097087860107
 20
105.9473284637451
 10
43.85567294921875
 20
105.9669361328125
 10
43.9320925125122
 20
105.9848133087158
 10
44.01022957763672
 20
106.0009206787109
 10
44.09008415374755
 20
106.0152189300537
 10
44.17165624999999
 20
106.02766875
 10
44.25494587554932
 20
106.0382308258057
 10
44.33995303955078
 20
106.0468658447266
 10
44.42667775115967
 20
106.0535344940185
 10
44.51512001953125
 20
106.0581974609375
 10
44.6052798538208
 20
106.0608154327393
 10
44.69715726318359
 20
106.0613490966797
 10
44.79075225677489
 20
106.0597591400146
 10
44.88606484375
 20
106.05600625
 10
44.98309503326416
 20
106.0500511138916
 10
45.08184283447264
 20
106.0418544189453
 10
45.18230825653076
 20
106.031376852417
 10
45.28449130859375
 20
106.0185791015625
 10
45.3883919998169
 20
106.0034218536377
 10
45.49401033935547
 20
105.9858657958984
 10
45.60134633636475
 20
105.9658716156006
 10
45.71039999999999
 20
105.9434
 10
45.44297531433104
 20
106.1271932403564
 10
45.18535173339843
 20
106.3137806884766
 10
44.93736122131346
 20
106.5031176849365
 10
44.6988357421875
 20
106.6951595703125
 10
44.46960726013184
 20
106.8898616851807
 10
44.24950773925782
 20
107.0871793701172
 10
44.03836914367675
 20
107.2870679656982
 10
43.8360234375
 20
107.4894828125
 10
43.64230258483886
 20
107.6943792510986
 10
43.45703854980468
 20
107.9017126220703
 10
43.28006329650878
 20
108.1114382659912
 10
43.11120878906248
 20
108.3235115234375
 10
42.95030699157715
 20
108.5378877349854
 10
42.79718986816406
 20
108.7545222412109
 10
42.65168938293457
 20
108.9733703826904
 10
42.5136375
 20
109.1943875
 10
42.38286618347167
 20
109.4175289337158
 10
42.25920739746093
 20
109.6427500244141
 10
42.1424931060791
 20
109.8700061126709
 10
42.0325552734375
 20
110.0992525390625
 10
41.92922586364746
 20
110.330444644165
 10
41.83233684082031
 20
110.5635377685547
 10
41.74172016906738
 20
110.7984872528076
 10
41.6572078125
 20
111.0352484375
 10
41.57863173522949
 20
111.273776663208
 10
41.50582390136718
 20
111.5140272705078
 10
41.43861627502442
 20
111.7559555999756
 10
41.3768408203125
 20
111.9995169921875
 10
41.32032950134278
 20
112.2446667877197
 10
41.26891428222656
 20
112.4913603271484
 10
41.2224271270752
 20
112.7395529510498
 10
41.1807
 20
112.9892
  0
LWPOLYLINE
  5
5E
330
24FC
100
AcDbEntity
  8
LAYER_1
100
AcDbPolyline
 90
       32
 70
     1
 43
0.0
 10
48.2885
 20
81.5248
 10
46.5736671875
 20
81.6708921875
 10
46.14424597167968
 20
81.70555231933594
 10
45.7148884765625
 20
81.7381580078125
 10
45.28576916503906
 20
81.76805461425779
 10
44.85706249999999
 20
81.7945875
 10
44.42894294433593
 20
81.81710202636718
 10
44.00158496093751
 20
81.8349435546875
 10
43.57516301269531
 20
81.84745744628905
 10
43.14985156249999
 20
81.8539890625
 10
42.72582507324218
 20
81.85388376464844
 10
42.3032580078125
 20
81.84648691406248
 10
42.09257627868652
 20
81.83984958190917
 10
41.88232482910156
 20
81.83114387207032
 10
41.67252546691895
 20
81.82028795471193
 10
41.4632
 20
81.80719999999999
 10
41.47627007141113
 20
82.01656353759766
 10
41.48710979003907
 20
82.22640205078125
 10
41.49580091247559
 20
82.43669364013673
 10
41.50242519531249
 20
82.64741640625
 10
41.50980026855467
 20
83.07006787109378
 10
41.5098890625
 20
83.49418124999999
 10
41.50334562988282
 20
83.91958134765625
 10
41.4908240234375
 20
84.34609296875001
 10
41.47297829589843
 20
84.77354091796874
 10
41.45046249999999
 20
85.20175000000001
 10
41.42393068847657
 20
85.63054501953125
 10
41.3940369140625
 20
86.05975078125
 10
41.36143522949218
 20
86.48919208984372
 10
41.3267796875
 20
86.91869375000001
 10
41.1807
 20
88.63379999999999
 10
41.1807
 20
81.5248
  0
LWPOLYLINE
  5
5F
330
24FC
100
AcDbEntity
  8
LAYER_1
100
AcDbPolyline
 90
      161
 70
     1
 43
0.0
 10
72.6435
 20
81.5248
 10
72.3938921661377
 20
81.56654500732422
 10
72.14574201660155
 20
81.61304833984372
 10
71.89909395446775
 20
81.6644780883789
 10
71.6539923828125
 20
81.72100234374999
 10
71.4104817047119
 20
81.78278919677735
 10
71.16860632324218
 20
81.85000673828126
 10
70.92841064147949
 20
81.922823059082
 10
70.6899390625
 20
82.00140625000001
 10
70.45323598937987
 20
82.08592440185546
 10
70.21834582519531
 20
82.17654560546874
 10
69.98531297302246
 20
82.27343795166015
 10
69.75418183593749
 20
82.37676953125001
 10
69.52499681701659
 20
82.48670843505859
 10
69.29780231933593
 20
82.60342275390623
 10
69.07264274597167
 20
82.72708057861327
 10
68.84956249999999
 20
82.85784999999998
 10
68.62860598449707
 20
82.99589910888672
 10
68.40981760253907
 20
83.14139599609374
 10
68.19324175720215
 20
83.29450875244143
 10
67.9789228515625
 20
83.45540546875
 10
67.76690528869629
 20
83.62425423583983
 10
67.55723347167971
 20
83.80122314453124
 10
67.34995180358886
 20
83.98648028564453
 10
67.14510468749999
 20
84.18019374999998
 10
66.94273652648925
 20
84.38253162841794
 10
66.74289172363282
 20
84.59366201171873
 10
66.54561468200684
 20
84.81375299072267
 10
66.3509498046875
 20
85.04297265625
 10
66.15894149475098
 20
85.28148909912109
 10
65.96963415527342
 20
85.52947041015626
 10
65.78307218933108
 20
85.78708468017579
 10
65.5993
 20
86.05450000000001
 10
65.62177161483764
 20
85.94544640884398
 10
65.64176578979493
 20
85.8381106262207
 10
65.65932183303832
 20
85.73249263839722
 10
65.67447905273437
 20
85.62859243164062
 10
65.68727675704955
 20
85.52640999221802
 10
65.69775425415038
 20
85.42594530639648
 10
65.70595085220337
 20
85.32719836044313
 10
65.711905859375
 20
85.230169140625
 10
65.71565858383178
 20
85.13485763320923
 10
65.71724833374023
 20
85.04126382446289
 10
65.71671441726684
 20
84.94938770065308
 10
65.71409614257813
 20
84.85922924804688
 10
65.70943281784058
 20
84.77078845291138
 10
65.7027637512207
 20
84.68406530151368
 10
65.69412825088502
 20
84.59905978012084
 10
65.68356562499999
 20
84.51577187499999
 10
65.67111518173217
 20
84.43420157241821
 10
65.65681622924805
 20
84.35434885864259
 10
65.6407080757141
 20
84.27621371994019
 10
65.62283002929688
 20
84.19979614257812
 10
65.60322139816284
 20
84.12509611282349
 10
65.58192149047852
 20
84.05211361694336
 10
65.5589696144104
 20
83.98084864120482
 10
65.53440507812499
 20
83.91130117187499
 10
65.50826718978882
 20
83.84347119522095
 10
65.48059525756837
 20
83.77735869750976
 10
65.45142858963014
 20
83.71296366500853
 10
65.42080649414064
 20
83.65028608398437
 10
65.38876827926635
 20
83.58932594070434
 10
65.35535325317383
 20
83.53008322143555
 10
65.32060072402955
 20
83.47255791244505
 10
65.28455000000001
 20
83.41675000000002
 10
65.20871119995117
 20
83.31028630981446
 10
65.12815131835937
 20
83.21069204101561
 10
65.04318482055665
 20
83.11796708374023
 10
64.95412617187501
 20
83.03211132812499
 10
64.86128983764648
 20
82.95312466430663
 10
64.76499028320311
 20
82.88100698242187
 10
64.66554197387694
 20
82.81575817260744
 10
64.563259375
 20
82.757378125
 10
64.45845695190429
 20
82.70586672973633
 10
64.35144916992188
 20
82.66122387695313
 10
64.24255049438476
 20
82.62344945678711
 10
64.13207539062499
 20
82.592543359375
 10
64.02033832397461
 20
82.56850547485351
 10
63.90765375976563
 20
82.55133569335937
 10
63.79433616333008
 20
82.5410339050293
 10
63.6807
 20
82.53759999999999
 10
63.56706383666992
 20
82.5410339050293
 10
63.45374624023436
 20
82.55133569335937
 10
63.34106167602539
 20
82.56850547485351
 10
63.22932460937501
 20
82.592543359375
 10
63.11884950561524
 20
82.62344945678711
 10
63.00995083007813
 20
82.66122387695313
 10
62.90294304809571
 20
82.70586672973633
 10
62.79814062499998
 20
82.757378125
 10
62.69585802612304
 20
82.81575817260742
 10
62.59640971679688
 20
82.88100698242187
 10
62.50011016235351
 20
82.95312466430663
 10
62.407273828125
 20
83.03211132812499
 10
62.31821517944336
 20
83.11796708374023
 10
62.23324868164063
 20
83.21069204101561
 10
62.15268880004883
 20
83.31028630981446
 10
62.07685
 20
83.41675
 10
62.04079927597046
 20
83.47255791244505
 10
62.00604674682617
 20
83.53008322143555
 10
61.97263172073365
 20
83.58932594070434
 10
61.94059350585938
 20
83.65028608398437
 10
61.90997141036988
 20
83.71296366500853
 10
61.88080474243164
 20
83.77735869750976
 10
61.85313281021119
 20
83.84347119522095
 10
61.82699492187501
 20
83.91130117187499
 10
61.8024303855896
 20
83.98084864120482
 10
61.7794785095215
 20
84.05211361694336
 10
61.75817860183716
 20
84.12509611282349
 10
61.73856997070313
 20
84.19979614257812
 10
61.72069192428589
 20
84.27621371994019
 10
61.70458377075195
 20
84.35434885864259
 10
61.69028481826781
 20
84.43420157241821
 10
61.677834375
 20
84.51577187499999
 10
61.66727174911499
 20
84.59905978012084
 10
61.65863624877929
 20
84.68406530151368
 10
61.65196718215942
 20
84.77078845291138
 10
61.64730385742187
 20
84.85922924804688
 10
61.64468558273314
 20
84.94938770065308
 10
61.64415166625976
 20
85.04126382446289
 10
61.64574141616821
 20
85.13485763320923
 10
61.64949414062498
 20
85.230169140625
 10
61.65544914779663
 20
85.32719836044309
 10
61.6636457458496
 20
85.42594530639648
 10
61.67412324295043
 20
85.52640999221802
 10
61.68692094726561
 20
85.62859243164062
 10
61.70207816696166
 20
85.7324926383972
 10
61.71963421020508
 20
85.8381106262207
 10
61.73962838516235
 20
85.94544640884398
 10
61.7621
 20
86.05450000000001
 10
61.57832781066895
 20
85.78708468017579
 10
61.39176584472656
 20
85.52947041015626
 10
61.20245850524902
 20
85.28148909912109
 10
61.0104501953125
 20
85.04297265625
 10
60.81578531799316
 20
84.81375299072267
 10
60.61850827636718
 20
84.59366201171874
 10
60.41866347351075
 20
84.38253162841794
 10
60.2162953125
 20
84.18019375000001
 10
60.01144819641113
 20
83.98648028564453
 10
59.80416652832031
 20
83.80122314453126
 10
59.59449471130371
 20
83.62425423583983
 10
59.38247714843749
 20
83.45540546875
 10
59.16815824279785
 20
83.29450875244143
 10
58.95158239746092
 20
83.14139599609374
 10
58.73279401550293
 20
82.99589910888672
 10
58.5118375
 20
82.85785000000002
 10
58.28875725402832
 20
82.72708057861327
 10
58.06359768066406
 20
82.60342275390623
 10
57.83640318298339
 20
82.48670843505859
 10
57.60721816406249
 20
82.37676953125001
 10
57.37608702697754
 20
82.27343795166015
 10
57.14305417480469
 20
82.17654560546874
 10
56.90816401062011
 20
82.08592440185546
 10
56.6714609375
 20
82.00140625000001
 10
56.43298935852053
 20
81.92282305908204
 10
56.19279367675782
 20
81.85000673828126
 10
55.95091829528808
 20
81.78278919677735
 10
55.7074076171875
 20
81.72100234374999
 10
55.46230604553222
 20
81.6644780883789
 10
55.21565798339843
 20
81.61304833984372
 10
54.96750783386231
 20
81.56654500732422
 10
54.7179
 20
81.5248
  0
LWPOLYLINE
  5
60
330
24FC
100
AcDbEntity
  8
LAYER_1
100
AcDbPolyline
 90
       32
 70
     1
 43
0.0
 10
86.18070000000001
 20
88.63379999999999
 10
86.03473281250002
 20
86.91865156250001
 10
86.00007756347656
 20
86.48914777832031
 10
85.96746855468749
 20
86.05970683593751
 10
85.9375615966797
 20
85.63050349121093
 10
85.91101249999999
 20
85.2017125
 10
85.88847707519532
 20
84.77350861816406
 10
85.87061113281249
 20
84.3460666015625
 10
85.85807048339844
 20
83.91956120605469
 10
85.85151093749999
 20
83.49416718749999
 10
85.85158830566406
 20
83.07005930175781
 10
85.85895839843749
 20
82.64741230468748
 10
85.86558315734864
 20
82.43669125061034
 10
85.87427702636718
 20
82.22640095214844
 10
85.88512198181151
 20
82.01656325378417
 10
85.89820000000001
 20
81.80719999999999
 10
85.68887453308105
 20
81.82028795471193
 10
85.47907517089845
 20
81.83114387207032
 10
85.26882372131348
 20
81.83984958190917
 10
85.0581419921875
 20
81.8464869140625
 10
84.6355749267578
 20
81.85388376464844
 10
84.21154843750001
 20
81.8539890625
 10
83.7862369873047
 20
81.84745744628905
 10
83.35981503906252
 20
81.8349435546875
 10
82.93245705566405
 20
81.81710202636718
 10
82.50433749999997
 20
81.79458749999998
 10
82.07563083496093
 20
81.76805461425779
 10
81.64651152343752
 20
81.7381580078125
 10
81.2171540283203
 20
81.70555231933594
 10
80.78773281250002
 20
81.6708921875
 10
79.0729
 20
81.5248
 10
86.18070000000001
 20
81.5248
  0
LWPOLYLINE
  5
61
330
24FC
100
AcDbEntity
  8
LAYER_1
100
AcDbPolyline
 90
      163
 70
     1
 43
0.0
 10
86.18070000000001
 20
112.9892
 10
86.1389816711426
 20
112.7395529510498
 10
86.09250219726563
 20
112.4913603271484
 10
86.04109359741212
 20
112.2446667877197
 10
85.98458789062499
 20
111.9995169921875
 10
85.92281709594725
 20
111.7559555999756
 10
85.85561323242187
 20
111.5140272705078
 10
85.78280831909181
 20
111.273776663208
 10
85.704234375
 20
111.0352484375
 10
85.61972341918945
 20
110.7984872528076
 10
85.52910747070312
 20
110.5635377685547
 10
85.432218548584
 20
110.330444644165
 10
85.32888867187498
 20
110.0992525390625
 10
85.21894985961912
 20
109.8700061126709
 10
85.10223413085936
 20
109.6427500244141
 10
84.97857350463865
 20
109.4175289337158
 10
84.84779999999998
 20
109.1943875
 10
84.7097456359863
 20
108.9733703826904
 10
84.56424243164063
 20
108.7545222412109
 10
84.41112240600585
 20
108.5378877349854
 10
84.25021757812499
 20
108.3235115234375
 10
84.08135996704102
 20
108.1114382659912
 10
83.90438159179687
 20
107.9017126220703
 10
83.71911447143553
 20
107.6943792510986
 10
83.525390625
 20
107.4894828125
 10
83.3230420715332
 20
107.2870679656982
 10
83.11190083007813
 20
107.0871793701172
 10
82.89179891967775
 20
106.8898616851807
 10
82.662568359375
 20
106.6951595703125
 10
82.42404116821287
 20
106.5031176849365
 10
82.17604936523438
 20
106.3137806884766
 10
81.91842496948245
 20
106.1271932403564
 10
81.651
 20
105.9434
 10
81.76005366363524
 20
105.9658716156006
 10
81.86738966064453
 20
105.9858657958984
 10
81.97300800018309
 20
106.0034218536377
 10
82.07690869140625
 20
106.0185791015625
 10
82.17909174346925
 20
106.031376852417
 10
82.27955716552735
 20
106.0418544189453
 10
82.37830496673582
 20
106.0500511138916
 10
82.47533515624999
 20
106.05600625
 10
82.57064774322511
 20
106.0597591400146
 10
82.66424273681641
 20
106.0613490966797
 10
82.75612014617919
 20
106.0608154327393
 10
82.84627998046875
 20
106.0581974609375
 10
82.93472224884032
 20
106.0535344940185
 10
83.02144696044919
 20
106.0468658447266
 10
83.10645412445067
 20
106.0382308258057
 10
83.18974374999998
 20
106.02766875
 10
83.27131584625243
 20
106.0152189300537
 10
83.35117042236328
 20
106.0009206787109
 10
83.42930748748779
 20
105.9848133087158
 10
83.50572705078125
 20
105.9669361328125
 10
83.58042912139893
 20
105.9473284637451
 10
83.65341370849609
 20
105.9260296142578
 10
83.72468082122804
 20
105.9030788970947
 10
83.79423046875
 20
105.878515625
 10
83.86206266021728
 20
105.8523791107178
 10
83.92817740478516
 20
105.8247086669922
 10
83.99257471160892
 20
105.7955436065674
 10
84.05525458984376
 20
105.7649232421875
 10
84.11621704864503
 20
105.7328868865967
 10
84.175462097168
 20
105.6994738525391
 10
84.23298974456788
 20
105.6647234527588
 10
84.28880000000003
 20
105.628675
 10
84.39526837158203
 20
105.5528411865234
 10
84.49486728515628
 20
105.4722869140625
 10
84.58759681396484
 20
105.3873266845703
 10
84.67345703125003
 20
105.298275
 10
84.7524480102539
 20
105.2054463623047
 10
84.82456982421878
 20
105.1091552734375
 10
84.88982254638672
 20
105.0097162353516
 10
84.94820625
 20
104.90744375
 10
84.99972100830078
 20
104.8026523193359
 10
85.04436689453125
 20
104.6956564453125
 10
85.08214398193361
 20
104.5867706298828
 10
85.11305234375001
 20
104.476309375
 10
85.13709205322268
 20
104.3645871826172
 10
85.15426318359377
 20
104.2519185546875
 10
85.16456580810549
 20
104.1386179931641
 10
85.16799999999999
 20
104.025
 10
85.16799999999999
 20
104.0249
 10
85.16799999999999
 20
104.0246
 10
85.16456580810549
 20
103.9109908050537
 10
85.15426318359377
 20
103.7976979248047
 10
85.13709205322268
 20
103.6850359161377
 10
85.11305234375001
 20
103.5733193359375
 10
85.08214398193361
 20
103.4628627410889
 10
85.04436689453125
 20
103.3539806884766
 10
84.99972100830078
 20
103.2469877349854
 10
84.94820625
 20
103.1421984375
 10
84.88982254638672
 20
103.0399273529053
 10
84.82456982421878
 20
102.9404890380859
 10
84.7524480102539
 20
102.8441980499268
 10
84.67345703125003
 20
102.7513689453125
 10
84.58759681396484
 20
102.6623162811279
 10
84.49486728515628
 20
102.5773546142578
 10
84.39526837158203
 20
102.4967985015869
 10
84.28880000000003
 20
102.4209625
 10
84.23298974456788
 20
102.3849128398895
 10
84.175462097168
 20
102.3501611663818
 10
84.11621704864503
 20
102.3167467990875
 10
84.05525458984376
 20
102.2847090576172
 10
83.99257471160892
 20
102.2540872615814
 10
83.92817740478516
 20
102.2249207305908
 10
83.86206266021728
 20
102.197248784256
 10
83.79423046875
 20
102.1711107421875
 10
83.72468082122804
 20
102.146545923996
 10
83.65341370849609
 20
102.123593649292
 10
83.58042912139893
 20
102.1022932376862
 10
83.50572705078125
 20
102.0826840087891
 10
83.42930748748779
 20
102.0648052822113
 10
83.35117042236328
 20
102.0486963775635
 10
83.27131584625243
 20
102.0343966144562
 10
83.18974374999998
 20
102.0219453125
 10
83.10645412445067
 20
102.0113817913055
 10
83.02144696044919
 20
102.0027453704834
 10
82.93472224884032
 20
101.9960753696442
 10
82.84627998046875
 20
101.9914111083984
 10
82.75612014617919
 20
101.9887919063568
 10
82.66424273681641
 20
101.9882570831299
 10
82.57064774322511
 20
101.9898459583282
 10
82.47533515624999
 20
101.9935978515625
 10
82.37830496673582
 20
101.9995520824432
 10
82.27955716552735
 20
102.0077479705811
 10
82.17909174346925
 20
102.0182248355865
 10
82.07690869140625
 20
102.0310219970703
 10
81.97300800018309
 20
102.046178774643
 10
81.86738966064453
 20
102.063734487915
 10
81.76005366363524
 20
102.0837284564972
 10
81.651
 20
102.1062
 10
81.91842468566894
 20
101.9224090515137
 10
82.17604826660156
 20
101.7358282714844
 10
82.42403877868651
 20
101.5465020080566
 10
82.66256425781248
 20
101.354474609375
 10
82.89179273986817
 20
101.159790423584
 10
83.11189226074221
 20
100.9624937988281
 10
83.32303085632323
 20
100.762629083252
 10
83.52537656249999
 20
100.560240625
 10
83.71909741516113
 20
100.3553727722168
 10
83.90436145019531
 20
100.1480698730469
 10
84.08133670349121
 20
99.93837627563477
 10
84.2501912109375
 20
99.72633632812501
 10
84.41109300842283
 20
99.51199437866213
 10
84.56421013183597
 20
99.29539477539062
 10
84.70971061706544
 20
99.07658186645507
 10
84.84776250000001
 20
98.85559999999999
 10
84.97853381652832
 20
98.63249352416993
 10
85.10219260253906
 20
98.40730678710938
 10
85.2189068939209
 20
98.18008413696288
 10
85.32884472656249
 20
97.95086992187499
 10
85.43217413635252
 20
97.71970848999025
 10
85.52906315917971
 20
97.48664418945313
 10
85.61967983093262
 20
97.2517213684082
 10
85.70419218750002
 20
97.01498437499999
 10
85.78276826477049
 20
96.77647755737304
 10
85.85557609863281
 20
96.53624526367188
 10
85.92278372497558
 20
96.29433184204103
 10
85.98455917968752
 20
96.05078164062501
 10
86.04107049865723
 20
95.80563900756835
 10
86.09248571777344
 20
95.55894829101559
 10
86.13897287292481
 20
95.31075383911131
 10
86.18070000000001
 20
95.06109999999999
  0
LWPOLYLINE
  5
62
330
24FC
100
AcDbEntity
  8
LAYER_1
100
AcDbPolyline
 90
       32
 70
     1
 43
0.0
 10
79.0729
 20
126.5248
 10
80.78773281250002
 20
126.3788234375
 10
81.2171540283203
 20
126.3441826904297
 10
81.64651152343752
 20
126.3115931640625
 10
82.07563083496095
 20
126.2817097900391
 10
82.5043375
 20
126.2551875
 10
82.93245705566405
 20
126.2326812255859
 10
83.35981503906252
 20
126.2148458984375
 10
83.7862369873047
 20
126.2023364501953
 10
84.21154843750001
 20
126.1958078125
 10
84.6355749267578
 20
126.1959149169922
 10
85.05814199218752
 20
126.2033126953125
 10
85.26882372131348
 20
126.2099502532959
 10
85.47907517089845
 20
126.2186560791016
 10
85.68887453308105
 20
126.2295120391845
 10
85.89820000000001
 20
126.2426
 10
85.88512992858888
 20
126.0332202941894
 10
85.87429020996095
 20
125.8233705566406
 10
85.86559908752443
 20
125.6130723571777
 10
85.8589748046875
 20
125.402347265625
 10
85.85159973144532
 20
124.9797026855469
 10
85.85151093750003
 20
124.555609375
 10
85.85805437011719
 20
124.1302398925781
 10
85.87057597656251
 20
123.703766796875
 10
85.88842170410156
 20
123.2763626464844
 10
85.9109375
 20
122.8482
 10
85.93746931152344
 20
122.4194514160156
 10
85.96736308593751
 20
121.990289453125
 10
85.99996477050778
 20
121.5608866699219
 10
86.03462031250002
 20
121.131415625
 10
86.18070000000001
 20
119.4163
 10
86.18070000000001
 20
126.5248
  0
LWPOLYLINE
  5
63
330
24FC
100
AcDbEntity
  8
LAYER_1
100
AcDbPolyline
 90
      161
 70
     1
 43
0.0
 10
63.68069999945427
 20
125.5122
 10
63.79433616333008
 20
125.5087660888672
 10
63.90765375976563
 20
125.4984642578125
 10
64.02033832397461
 20
125.4812943603516
 10
64.13207539062499
 20
125.45725625
 10
64.24255049438476
 20
125.4263497802734
 10
64.35144916992188
 20
125.3885748046875
 10
64.45845695190429
 20
125.3439311767578
 10
64.563259375
 20
125.29241875
 10
64.66554197387694
 20
125.2340373779297
 10
64.76499028320311
 20
125.1687869140625
 10
64.86128983764648
 20
125.0966672119141
 10
64.95412617187501
 20
125.017678125
 10
65.04318482055665
 20
124.931819506836
 10
65.12815131835937
 20
124.8390912109375
 10
65.20871119995117
 20
124.7394930908203
 10
65.28455
 20
124.633025
 10
65.32060072402955
 20
124.5772146697998
 10
65.35535325317383
 20
124.5196867919922
 10
65.38876827926635
 20
124.4604413482666
 10
65.42080649414064
 20
124.3994783203125
 10
65.45142858963014
 20
124.3367976898193
 10
65.48059525756837
 20
124.2723994384766
 10
65.50826718978882
 20
124.2062835479736
 10
65.534405078125
 20
124.13845
 10
65.5589696144104
 20
124.0688987762451
 10
65.58192149047852
 20
123.9976298583984
 10
65.60322139816284
 20
123.9246432281494
 10
65.62283002929688
 20
123.8499388671875
 10
65.6407080757141
 20
123.7735167572021
 10
65.65681622924805
 20
123.6953768798828
 10
65.67111518173217
 20
123.6155192169189
 10
65.68356562499999
 20
123.53394375
 10
65.69412825088502
 20
123.4506504608154
 10
65.7027637512207
 20
123.3656393310547
 10
65.70943281784058
 20
123.2789103424072
 10
65.71409614257813
 20
123.1904634765625
 10
65.71671441726684
 20
123.10029871521
 10
65.71724833374023
 20
123.0084160400391
 10
65.71565858383178
 20
122.9148154327393
 10
65.711905859375
 20
122.819496875
 10
65.70595085220337
 20
122.7224603485107
 10
65.69775425415038
 20
122.6237058349609
 10
65.68727675704955
 20
122.52323331604
 10
65.67447905273437
 20
122.4210427734375
 10
65.65932183303832
 20
122.3171341888428
 10
65.64176578979493
 20
122.2115075439453
 10
65.62177161483764
 20
122.1041628204346
 10
65.5993
 20
121.9951
 10
65.78307218933108
 20
122.2625153198242
 10
65.96963415527344
 20
122.5201295898437
 10
66.15894149475098
 20
122.7681109008789
 10
66.3509498046875
 20
123.00662734375
 10
66.54561468200684
 20
123.2358470092773
 10
66.74289172363282
 20
123.4559379882813
 10
66.94273652648925
 20
123.667068371582
 10
67.14510468749999
 20
123.86940625
 10
67.34995180358886
 20
124.0631197143555
 10
67.55723347167971
 20
124.2483768554687
 10
67.76690528869629
 20
124.4253457641602
 10
67.9789228515625
 20
124.59419453125
 10
68.19324175720215
 20
124.7550912475586
 10
68.40981760253907
 20
124.9082040039062
 10
68.62860598449707
 20
125.0537008911133
 10
68.84956249999999
 20
125.19175
 10
69.07264274597167
 20
125.3225194213867
 10
69.29780231933593
 20
125.4461772460937
 10
69.52499681701659
 20
125.5628915649414
 10
69.75418183593749
 20
125.67283046875
 10
69.98531297302246
 20
125.7761620483398
 10
70.21834582519531
 20
125.8730543945313
 10
70.45323598937987
 20
125.9636755981445
 10
70.6899390625
 20
126.04819375
 10
70.92841064147949
 20
126.126776940918
 10
71.16860632324218
 20
126.1995932617187
 10
71.4104817047119
 20
126.2668108032227
 10
71.6539923828125
 20
126.32859765625
 10
71.89909395446775
 20
126.3851219116211
 10
72.14574201660155
 20
126.4365516601563
 10
72.3938921661377
 20
126.4830549926758
 10
72.6435
 20
126.5248
 10
54.7179
 20
126.5248
 10
54.96750783386229
 20
126.4830549926758
 10
55.21565798339843
 20
126.4365516601563
 10
55.46230604553222
 20
126.3851219116211
 10
55.7074076171875
 20
126.32859765625
 10
55.95091829528808
 20
126.2668108032227
 10
56.19279367675782
 20
126.1995932617187
 10
56.4329893585205
 20
126.126776940918
 10
56.6714609375
 20
126.04819375
 10
56.90816401062011
 20
125.9636755981445
 10
57.14305417480467
 20
125.8730543945313
 10
57.37608702697754
 20
125.7761620483398
 10
57.60721816406249
 20
125.67283046875
 10
57.83640318298338
 20
125.5628915649414
 10
58.06359768066406
 20
125.4461772460938
 10
58.28875725402832
 20
125.3225194213867
 10
58.51183749999999
 20
125.19175
 10
58.73279401550293
 20
125.0537008911133
 10
58.95158239746092
 20
124.9082040039062
 10
59.16815824279784
 20
124.7550912475586
 10
59.38247714843749
 20
124.59419453125
 10
59.59449471130371
 20
124.4253457641602
 10
59.80416652832031
 20
124.2483768554687
 10
60.01144819641113
 20
124.0631197143555
 10
60.2162953125
 20
123.86940625
 10
60.41866347351074
 20
123.667068371582
 10
60.61850827636718
 20
123.4559379882813
 10
60.81578531799316
 20
123.2358470092773
 10
61.01045019531249
 20
123.00662734375
 10
61.20245850524902
 20
122.7681109008789
 10
61.39176584472656
 20
122.5201295898437
 10
61.57832781066893
 20
122.2625153198242
 10
61.7621
 20
121.9951
 10
61.73962838516871
 20
122.1041628204021
 10
61.71963421021634
 20
122.2115075438814
 10
61.70207816697638
 20
122.3171341887485
 10
61.68692094728239
 20
122.4210427733138
 10
61.67412324296788
 20
122.523233315888
 10
61.6636457458664
 20
122.6237058347816
 10
61.65544914781147
 20
122.7224603483052
 10
61.64949414063663
 20
122.8194968747692
 10
61.64574141617539
 20
122.9148154324842
 10
61.64415166626132
 20
123.0084160397608
 10
61.64468558272793
 20
123.1002987149096
 10
61.64730385740874
 20
123.190463476241
 10
61.6519671821373
 20
123.2789103420656
 10
61.65863624874713
 20
123.365639330694
 10
61.66727174907177
 20
123.4506504604367
 10
61.67783437494472
 20
123.5339437496043
 10
61.69028481819958
 20
123.6155192165073
 10
61.70458377066982
 20
123.6953768794562
 10
61.72069192418899
 20
123.7735167567617
 10
61.73856997059061
 20
123.849938866734
 10
61.75817860170825
 20
123.9246432276842
 10
61.77947850937541
 20
123.9976298579224
 10
61.80243038542561
 20
124.0688987757593
 10
61.82699492169241
 20
124.1384499995054
 10
61.85313281000935
 20
124.2062835474713
 10
61.88080474220992
 20
124.2723994379676
 10
61.90997141012767
 20
124.3367976893047
 10
61.94059350559615
 20
124.3994783197932
 10
61.97263172044886
 20
124.4604413477437
 10
62.00604674651935
 20
124.5196867914667
 10
62.04079927564116
 20
124.5772146692728
 10
62.0768499996478
 20
124.6330249994725
 10
62.15268879964975
 20
124.7394930902948
 10
62.23324868119341
 20
124.8390912104182
 10
62.3182151789471
 20
124.931819506327
 10
62.407273827579
 20
125.0176781245055
 10
62.5001101617574
 20
125.0966672114381
 10
62.59640971615056
 20
125.1687869136092
 10
62.69585802542671
 20
125.2340373775032
 10
62.79814062425412
 20
125.2924187496044
 10
62.90294304730102
 20
125.3439311763972
 10
63.00995082923567
 20
125.3885748043661
 10
63.11884950472634
 20
125.4263497799953
 10
63.22932460844127
 20
125.4572562497692
 10
63.3410616750487
 20
125.4812943601723
 10
63.45374623921689
 20
125.4984642576889
 10
63.56706383561411
 20
125.5087660888033
  0
ENDSEC
  0
SECTION
  2
OBJECTS
  0
DICTIONARY
  5
2494
330
0
100
AcDbDictionary
281
     1
  3
ACAD_COLOR
350
24F2
  3
ACAD_GROUP
350
2495
  3
ACAD_LAYOUT
350
24F1
  3
ACAD_MATERIAL
350
2498
  3
ACAD_MLEADERSTYLE
350
24F5
  3
ACAD_MLINESTYLE
350
24EE
  3
ACAD_PLOTSETTINGS
350
24F0
  3
ACAD_PLOTSTYLENAME
350
2496
  3
ACAD_SCALELIST
350
24C2
  3
ACAD_TABLESTYLE
350
24F3
  3
ACAD_VISUALSTYLE
350
24B1
  3
ACDB_RECOMPOSE_DATA
350
2516
  3
AcDbVariableDictionary
350
250D
  3
DWGPROPS
350
2517
  0
DICTIONARY
  5
2509
330
24E4
100
AcDbDictionary
280
     1
281
     1
  3
ADSK_XREC_LAYER_RECONCILED
360
250A
  0
DICTIONARY
  5
250B
330
2502
100
AcDbDictionary
280
     1
281
     1
  3
ADSK_XREC_LAYER_RECONCILED
360
250C
  0
DICTIONARY
  5
24F2
102
{ACAD_REACTORS
330
2494
102
}
330
2494
100
AcDbDictionary
281
     1
  0
DICTIONARY
  5
2495
102
{ACAD_REACTORS
330
2494
102
}
330
2494
100
AcDbDictionary
281
     1
  0
DICTIONARY
  5
24F1
102
{ACAD_REACTORS
330
2494
102
}
330
2494
100
AcDbDictionary
281
     1
  3
Model
350
24FF
  3
Présentation1
350
24FB
  0
DICTIONARY
  5
2498
102
{ACAD_REACTORS
330
2494
102
}
330
2494
100
AcDbDictionary
281
     1
  3
ByBlock
350
24A1
  3
ByLayer
350
2499
  3
Global
350
24A9
  0
DICTIONARY
  5
24F5
102
{ACAD_REACTORS
330
2494
102
}
330
2494
100
AcDbDictionary
281
     1
  3
Standard
350
24F6
  0
DICTIONARY
  5
24EE
102
{ACAD_REACTORS
330
2494
102
}
330
2494
100
AcDbDictionary
281
     1
  3
Standard
350
24EF
  0
DICTIONARY
  5
24F0
102
{ACAD_REACTORS
330
2494
102
}
330
2494
100
AcDbDictionary
281
     1
  0
ACDBDICTIONARYWDFLT
  5
2496
102
{ACAD_REACTORS
330
2494
102
}
330
2494
100
AcDbDictionary
281
     1
  3
Normal
350
2497
100
AcDbDictionaryWithDefault
340
2497
  0
DICTIONARY
  5
24C2
102
{ACAD_REACTORS
330
2494
102
}
330
2494
100
AcDbDictionary
281
     1
  3
A0
350
24C3
  3
A1
350
24C4
  3
A2
350
24C5
  3
A3
350
24C6
  3
A4
350
24C7
  3
A5
350
24C8
  3
A6
350
24C9
  3
A7
350
24CA
  3
A8
350
24CB
  3
A9
350
24CC
  3
B0
350
24CD
  3
B1
350
24CE
  3
B2
350
24CF
  3
B3
350
24D0
  3
B4
350
24D1
  3
B5
350
24D2
  3
B6
350
24D3
  3
B7
350
24D4
  3
B8
350
24D5
  3
B9
350
24D6
  3
C0
350
24D7
  3
C1
350
24D8
  3
C2
350
24D9
  3
C3
350
24DA
  3
C4
350
24DB
  3
C5
350
24DC
  3
C6
350
24DD
  3
C7
350
24DE
  3
C8
350
24DF
  3
C9
350
24E0
  3
D0
350
24E1
  3
D1
350
24E2
  3
D2
350
24E3
  0
DICTIONARY
  5
24F3
102
{ACAD_REACTORS
330
2494
102
}
330
2494
100
AcDbDictionary
281
     1
  3
Standard
350
24F4
  0
DICTIONARY
  5
24B1
102
{ACAD_REACTORS
330
2494
102
}
330
2494
100
AcDbDictionary
281
     1
  3
2dWireframe
350
24B7
  3
3D Hidden
350
24B9
  3
3dWireframe
350
24B8
  3
Basic
350
24B6
  3
Brighten
350
24BD
  3
ColorChange
350
24C1
  3
Conceptual
350
24BA
  3
Dim
350
24BC
  3
Facepattern
350
24C0
  3
Flat
350
24B2
  3
FlatWithEdges
350
24B3
  3
Gouraud
350
24B4
  3
GouraudWithEdges
350
24B5
  3
Linepattern
350
24BF
  3
Realistic
350
24BB
  3
Thicken
350
24BE
  0
XRECORD
  5
2516
102
{ACAD_REACTORS
330
2494
102
}
330
2494
100
AcDbXrecord
280
     1
 90
        1
330
24F4
  0
DICTIONARY
  5
250D
102
{ACAD_REACTORS
330
2494
102
}
330
2494
100
AcDbDictionary
281
     1
  3
CANNOSCALE
350
2510
  3
CMLEADERSTYLE
350
250F
  3
CTABLESTYLE
350
250E
  3
DIMASSOC
350
2513
  3
INDEXCTL
350
2512
  3
SORTENTS
350
2511
  0
XRECORD
  5
2517
102
{ACAD_REACTORS
330
2494
102
}
330
2494
100
AcDbXrecord
280
     1
  1
DWGPROPS COOKIE
  2

  3

  4

  6

  7

  8
user
  9

300
=
301
=
302
=
303
=
304
=
305
=
306
=
307
=
308
=
309
=
 40
0.0005552893518519
 41
2454910.5
 42
2457348.724631736
  1

 90
        0
  0
XRECORD
  5
250A
102
{ACAD_REACTORS
330
2509
102
}
330
2509
100
AcDbXrecord
280
     1
290
     1
  0
XRECORD
  5
250C
102
{ACAD_REACTORS
330
250B
102
}
330
250B
100
AcDbXrecord
280
     1
290
     1
  0
LAYOUT
  5
24FF
102
{ACAD_XDICTIONARY
360
251E
102
}
102
{ACAD_REACTORS
330
24F1
102
}
330
24F1
100
AcDbPlotSettings
  1

  2
CutePDF Writer
  4

  6

 40
0.0
 41
0.0
 42
0.0
 43
0.0
 44
0.0
 45
0.0
 46
0.0
 47
0.0
 48
0.0
 49
0.0
140
0.0
141
0.0
142
1.0
143
1.0
 70
  1712
 72
     0
 73
     0
 74
     0
  7

 75
     0
147
1.0
148
0.0
149
0.0
100
AcDbLayout
  1
Model
 70
     1
 71
     0
 10
0.0
 20
0.0
 11
12.0
 21
9.0
 12
0.0
 22
0.0
 32
0.0
 14
0.0
 24
0.0
 34
0.0
 15
0.0
 25
0.0
 35
0.0
146
0.0
 13
0.0
 23
0.0
 33
0.0
 16
1.0
 26
0.0
 36
0.0
 17
0.0
 27
1.0
 37
0.0
 76
     0
330
24FC
331
2500
  0
LAYOUT
  5
24FB
102
{ACAD_XDICTIONARY
360
251C
102
}
102
{ACAD_REACTORS
330
24F1
102
}
330
24F1
100
AcDbPlotSettings
  1

  2
CutePDF Writer
  4

  6

 40
0.0
 41
0.0
 42
0.0
 43
0.0
 44
0.0
 45
0.0
 46
0.0
 47
0.0
 48
0.0
 49
0.0
140
0.0
141
0.0
142
1.0
143
1.0
 70
   688
 72
     0
 73
     0
 74
     5
  7

 75
    16
147
1.0
148
0.0
149
0.0
100
AcDbLayout
  1
Présentation1
 70
     1
 71
     1
 10
0.0
 20
0.0
 11
12.0
 21
9.0
 12
0.0
 22
0.0
 32
0.0
 14
1.000000000000000E+20
 24
1.000000000000000E+20
 34
1.000000000000000E+20
 15
-1.000000000000000E+20
 25
-1.000000000000000E+20
 35
-1.000000000000000E+20
146
0.0
 13
0.0
 23
0.0
 33
0.0
 16
1.0
 26
0.0
 36
0.0
 17
0.0
 27
1.0
 37
0.0
 76
     0
330
24F8
  0
MATERIAL
  5
24A1
102
{ACAD_XDICTIONARY
360
24A2
102
}
102
{ACAD_REACTORS
330
2498
102
}
330
2498
100
AcDbMaterial
  1
ByBlock
 72
     0
 43
0.0208333333333333
 43
0.0
 43
0.0
 43
0.0
 43
0.0
 43
0.0208333333333333
 43
0.0
 43
0.0
 43
0.0
 43
0.0
 43
1.0
 43
0.0
 43
0.0
 43
0.0
 43
0.0
 43
1.0
 77
     0
 47
0.0208333333333333
 47
0.0
 47
0.0
 47
0.0
 47
0.0
 47
0.0208333333333333
 47
0.0
 47
0.0
 47
0.0
 47
0.0
 47
1.0
 47
0.0
 47
0.0
 47
0.0
 47
0.0
 47
1.0
171
     0
 49
0.0208333333333333
 49
0.0
 49
0.0
 49
0.0
 49
0.0
 49
0.0208333333333333
 49
0.0
 49
0.0
 49
0.0
 49
0.0
 49
1.0
 49
0.0
 49
0.0
 49
0.0
 49
0.0
 49
1.0
175
     0
142
0.0208333333333333
142
0.0
142
0.0
142
0.0
142
0.0
142
0.0208333333333333
142
0.0
142
0.0
142
0.0
142
0.0
142
1.0
142
0.0
142
0.0
142
0.0
142
0.0
142
1.0
179
     0
144
0.0208333333333333
144
0.0
144
0.0
144
0.0
144
0.0
144
0.0208333333333333
144
0.0
144
0.0
144
0.0
144
0.0
144
1.0
144
0.0
144
0.0
144
0.0
144
0.0
144
1.0
147
0.0208333333333333
147
0.0
147
0.0
147
0.0
147
0.0
147
0.0208333333333333
147
0.0
147
0.0
147
0.0
147
0.0
147
1.0
147
0.0
147
0.0
147
0.0
147
0.0
147
1.0
  0
MATERIAL
  5
2499
102
{ACAD_XDICTIONARY
360
249A
102
}
102
{ACAD_REACTORS
330
2498
102
}
330
2498
100
AcDbMaterial
  1
ByLayer
 72
     0
 43
0.0208333333333333
 43
0.0
 43
0.0
 43
0.0
 43
0.0
 43
0.0208333333333333
 43
0.0
 43
0.0
 43
0.0
 43
0.0
 43
1.0
 43
0.0
 43
0.0
 43
0.0
 43
0.0
 43
1.0
 77
     0
 47
0.0208333333333333
 47
0.0
 47
0.0
 47
0.0
 47
0.0
 47
0.0208333333333333
 47
0.0
 47
0.0
 47
0.0
 47
0.0
 47
1.0
 47
0.0
 47
0.0
 47
0.0
 47
0.0
 47
1.0
171
     0
 49
0.0208333333333333
 49
0.0
 49
0.0
 49
0.0
 49
0.0
 49
0.0208333333333333
 49
0.0
 49
0.0
 49
0.0
 49
0.0
 49
1.0
 49
0.0
 49
0.0
 49
0.0
 49
0.0
 49
1.0
175
     0
142
0.0208333333333333
142
0.0
142
0.0
142
0.0
142
0.0
142
0.0208333333333333
142
0.0
142
0.0
142
0.0
142
0.0
142
1.0
142
0.0
142
0.0
142
0.0
142
0.0
142
1.0
179
     0
144
0.0208333333333333
144
0.0
144
0.0
144
0.0
144
0.0
144
0.0208333333333333
144
0.0
144
0.0
144
0.0
144
0.0
144
1.0
144
0.0
144
0.0
144
0.0
144
0.0
144
1.0
147
0.0208333333333333
147
0.0
147
0.0
147
0.0
147
0.0
147
0.0208333333333333
147
0.0
147
0.0
147
0.0
147
0.0
147
1.0
147
0.0
147
0.0
147
0.0
147
0.0
147
1.0
  0
MATERIAL
  5
24A9
102
{ACAD_XDICTIONARY
360
24AA
102
}
102
{ACAD_REACTORS
330
2498
102
}
330
2498
100
AcDbMaterial
  1
Global
 72
     0
 43
0.0208333333333333
 43
0.0
 43
0.0
 43
0.0
 43
0.0
 43
0.0208333333333333
 43
0.0
 43
0.0
 43
0.0
 43
0.0
 43
1.0
 43
0.0
 43
0.0
 43
0.0
 43
0.0
 43
1.0
 77
     0
 47
0.0208333333333333
 47
0.0
 47
0.0
 47
0.0
 47
0.0
 47
0.0208333333333333
 47
0.0
 47
0.0
 47
0.0
 47
0.0
 47
1.0
 47
0.0
 47
0.0
 47
0.0
 47
0.0
 47
1.0
171
     0
 49
0.0208333333333333
 49
0.0
 49
0.0
 49
0.0
 49
0.0
 49
0.0208333333333333
 49
0.0
 49
0.0
 49
0.0
 49
0.0
 49
1.0
 49
0.0
 49
0.0
 49
0.0
 49
0.0
 49
1.0
175
     0
142
0.0208333333333333
142
0.0
142
0.0
142
0.0
142
0.0
142
0.0208333333333333
142
0.0
142
0.0
142
0.0
142
0.0
142
1.0
142
0.0
142
0.0
142
0.0
142
0.0
142
1.0
179
     0
144
0.0208333333333333
144
0.0
144
0.0
144
0.0
144
0.0
144
0.0208333333333333
144
0.0
144
0.0
144
0.0
144
0.0
144
1.0
144
0.0
144
0.0
144
0.0
144
0.0
144
1.0
147
0.0208333333333333
147
0.0
147
0.0
147
0.0
147
0.0
147
0.0208333333333333
147
0.0
147
0.0
147
0.0
147
0.0
147
1.0
147
0.0
147
0.0
147
0.0
147
0.0
147
1.0
  0
MLEADERSTYLE
  5
24F6
102
{ACAD_REACTORS
330
24F5
102
}
330
24F5
100
AcDbMLeaderStyle
170
     2
171
     1
172
     0
 90
        2
 40
0.0
 41
0.0
173
     1
 91
-1056964608
340
24EA
 92
       -2
290
     1
 42
0.09
291
     1
 43
0.36
  3
Standard
 44
0.18
300

342
24E5
174
     1
178
     6
175
     1
176
     0
 93
-1056964608
 45
0.18
292
     0
297
     0
 46
0.18
 94
-1056964608
 47
1.0
 49
1.0
140
1.0
293
     1
141
0.0
294
     1
177
     0
142
1.0
295
     0
296
     0
143
0.125
1001
ACAD_MLEADERVER
1070
     2
  0
MLINESTYLE
  5
24EF
102
{ACAD_REACTORS
330
24EE
102
}
330
24EE
100
AcDbMlineStyle
  2
STANDARD
 70
     0
  3

 62
   256
 51
90.0
 52
90.0
 71
     2
 49
0.5
 62
   256
  6
BYLAYER
 49
-0.5
 62
   256
  6
BYLAYER
  0
ACDBPLACEHOLDER
  5
2497
102
{ACAD_REACTORS
330
2496
102
}
330
2496
  0
SCALE
  5
24C3
102
{ACAD_REACTORS
330
24C2
102
}
330
24C2
100
AcDbScale
 70
     0
300
1:1
140
1.0
141
1.0
290
     1
  0
SCALE
  5
24C4
102
{ACAD_REACTORS
330
24C2
102
}
330
24C2
100
AcDbScale
 70
     0
300
1:2
140
1.0
141
2.0
290
     0
  0
SCALE
  5
24C5
102
{ACAD_REACTORS
330
24C2
102
}
330
24C2
100
AcDbScale
 70
     0
300
1:4
140
1.0
141
4.0
290
     0
  0
SCALE
  5
24C6
102
{ACAD_REACTORS
330
24C2
102
}
330
24C2
100
AcDbScale
 70
     0
300
1:5
140
1.0
141
5.0
290
     0
  0
SCALE
  5
24C7
102
{ACAD_REACTORS
330
24C2
102
}
330
24C2
100
AcDbScale
 70
     0
300
1:8
140
1.0
141
8.0
290
     0
  0
SCALE
  5
24C8
102
{ACAD_REACTORS
330
24C2
102
}
330
24C2
100
AcDbScale
 70
     0
300
1:10
140
1.0
141
10.0
290
     0
  0
SCALE
  5
24C9
102
{ACAD_REACTORS
330
24C2
102
}
330
24C2
100
AcDbScale
 70
     0
300
1:16
140
1.0
141
16.0
290
     0
  0
SCALE
  5
24CA
102
{ACAD_REACTORS
330
24C2
102
}
330
24C2
100
AcDbScale
 70
     0
300
1:20
140
1.0
141
20.0
290
     0
  0
SCALE
  5
24CB
102
{ACAD_REACTORS
330
24C2
102
}
330
24C2
100
AcDbScale
 70
     0
300
1:30
140
1.0
141
30.0
290
     0
  0
SCALE
  5
24CC
102
{ACAD_REACTORS
330
24C2
102
}
330
24C2
100
AcDbScale
 70
     0
300
1:40
140
1.0
141
40.0
290
     0
  0
SCALE
  5
24CD
102
{ACAD_REACTORS
330
24C2
102
}
330
24C2
100
AcDbScale
 70
     0
300
1:50
140
1.0
141
50.0
290
     0
  0
SCALE
  5
24CE
102
{ACAD_REACTORS
330
24C2
102
}
330
24C2
100
AcDbScale
 70
     0
300
1:100
140
1.0
141
100.0
290
     0
  0
SCALE
  5
24CF
102
{ACAD_REACTORS
330
24C2
102
}
330
24C2
100
AcDbScale
 70
     0
300
2:1
140
2.0
141
1.0
290
     0
  0
SCALE
  5
24D0
102
{ACAD_REACTORS
330
24C2
102
}
330
24C2
100
AcDbScale
 70
     0
300
4:1
140
4.0
141
1.0
290
     0
  0
SCALE
  5
24D1
102
{ACAD_REACTORS
330
24C2
102
}
330
24C2
100
AcDbScale
 70
     0
300
8:1
140
8.0
141
1.0
290
     0
  0
SCALE
  5
24D2
102
{ACAD_REACTORS
330
24C2
102
}
330
24C2
100
AcDbScale
 70
     0
300
10:1
140
10.0
141
1.0
290
     0
  0
SCALE
  5
24D3
102
{ACAD_REACTORS
330
24C2
102
}
330
24C2
100
AcDbScale
 70
     0
300
100:1
140
100.0
141
1.0
290
     0
  0
SCALE
  5
24D4
102
{ACAD_REACTORS
330
24C2
102
}
330
24C2
100
AcDbScale
 70
     0
300
1/128" = 1'-0"
140
0.0078125
141
12.0
290
     0
  0
SCALE
  5
24D5
102
{ACAD_REACTORS
330
24C2
102
}
330
24C2
100
AcDbScale
 70
     0
300
1/64" = 1'-0"
140
0.015625
141
12.0
290
     0
  0
SCALE
  5
24D6
102
{ACAD_REACTORS
330
24C2
102
}
330
24C2
100
AcDbScale
 70
     0
300
1/32" = 1'-0"
140
0.03125
141
12.0
290
     0
  0
SCALE
  5
24D7
102
{ACAD_REACTORS
330
24C2
102
}
330
24C2
100
AcDbScale
 70
     0
300
1/16" = 1'-0"
140
0.0625
141
12.0
290
     0
  0
SCALE
  5
24D8
102
{ACAD_REACTORS
330
24C2
102
}
330
24C2
100
AcDbScale
 70
     0
300
3/32" = 1'-0"
140
0.09375
141
12.0
290
     0
  0
SCALE
  5
24D9
102
{ACAD_REACTORS
330
24C2
102
}
330
24C2
100
AcDbScale
 70
     0
300
1/8" = 1'-0"
140
0.125
141
12.0
290
     0
  0
SCALE
  5
24DA
102
{ACAD_REACTORS
330
24C2
102
}
330
24C2
100
AcDbScale
 70
     0
300
3/16" = 1'-0"
140
0.1875
141
12.0
290
     0
  0
SCALE
  5
24DB
102
{ACAD_REACTORS
330
24C2
102
}
330
24C2
100
AcDbScale
 70
     0
300
1/4" = 1'-0"
140
0.25
141
12.0
290
     0
  0
SCALE
  5
24DC
102
{ACAD_REACTORS
330
24C2
102
}
330
24C2
100
AcDbScale
 70
     0
300
3/8" = 1'-0"
140
0.375
141
12.0
290
     0
  0
SCALE
  5
24DD
102
{ACAD_REACTORS
330
24C2
102
}
330
24C2
100
AcDbScale
 70
     0
300
1/2" = 1'-0"
140
0.5
141
12.0
290
     0
  0
SCALE
  5
24DE
102
{ACAD_REACTORS
330
24C2
102
}
330
24C2
100
AcDbScale
 70
     0
300
3/4" = 1'-0"
140
0.75
141
12.0
290
     0
  0
SCALE
  5
24DF
102
{ACAD_REACTORS
330
24C2
102
}
330
24C2
100
AcDbScale
 70
     0
300
1" = 1'-0"
140
1.0
141
12.0
290
     0
  0
SCALE
  5
24E0
102
{ACAD_REACTORS
330
24C2
102
}
330
24C2
100
AcDbScale
 70
     0
300
1-1/2" = 1'-0"
140
1.5
141
12.0
290
     0
  0
SCALE
  5
24E1
102
{ACAD_REACTORS
330
24C2
102
}
330
24C2
100
AcDbScale
 70
     0
300
3" = 1'-0"
140
3.0
141
12.0
290
     0
  0
SCALE
  5
24E2
102
{ACAD_REACTORS
330
24C2
102
}
330
24C2
100
AcDbScale
 70
     0
300
6" = 1'-0"
140
6.0
141
12.0
290
     0
  0
SCALE
  5
24E3
102
{ACAD_REACTORS
330
24C2
102
}
330
24C2
100
AcDbScale
 70
     0
300
1'-0" = 1'-0"
140
12.0
141
12.0
290
     0
  0
TABLESTYLE
  5
24F4
102
{ACAD_XDICTIONARY
360
2514
102
}
102
{ACAD_REACTORS
330
24F3
102
}
330
24F3
100
AcDbTableStyle
  3
Standard
 70
     0
 71
     0
 40
0.06
 41
0.06
280
     0
281
     0
  7
STANDARD
140
0.18
170
     2
 62
     0
 63
     7
283
     0
274
    -2
284
     1
 64
     0
275
    -2
285
     1
 65
     0
276
    -2
286
     1
 66
     0
277
    -2
287
     1
 67
     0
278
    -2
288
     1
 68
     0
279
    -2
289
     1
 69
     0
  7
STANDARD
140
0.25
170
     5
 62
     0
 63
     7
283
     0
274
    -2
284
     1
 64
     0
275
    -2
285
     1
 65
     0
276
    -2
286
     1
 66
     0
277
    -2
287
     1
 67
     0
278
    -2
288
     1
 68
     0
279
    -2
289
     1
 69
     0
  7
STANDARD
140
0.18
170
     5
 62
     0
 63
     7
283
     0
274
    -2
284
     1
 64
     0
275
    -2
285
     1
 65
     0
276
    -2
286
     1
 66
     0
277
    -2
287
     1
 67
     0
278
    -2
288
     1
 68
     0
279
    -2
289
     1
 69
     0
  0
VISUALSTYLE
  5
24B7
102
{ACAD_REACTORS
330
24B1
102
}
330
24B1
100
AcDbVisualStyle
  2
2dWireframe
 70
     4
 71
     0
 72
     2
 73
     0
 90
        0
 40
-0.6
 41
-30.0
 62
     5
 63
     7
 74
     1
 91
        4
 64
     7
 65
   257
 75
     1
175
     1
 42
1.0
 92
        0
 66
   257
 43
1.0
 76
     1
 77
     6
 78
     2
 67
     7
 79
     5
170
     0
171
     0
290
     0
174
     0
 93
        1
 44
0.0
173
     0
291
     0
 45
0.0
1001
ACAD
1000
AcDbSavedByObjectVersion
1070
     0
  0
VISUALSTYLE
  5
24B9
102
{ACAD_REACTORS
330
24B1
102
}
330
24B1
100
AcDbVisualStyle
  2
3D Hidden
 70
     6
 71
     1
 72
     2
 73
     2
 90
        0
 40
-0.6
 41
-30.0
 62
     5
 63
     7
 74
     2
 91
        2
 64
     7
 65
   257
 75
     2
175
     1
 42
40.0
 92
        0
 66
   257
 43
1.0
 76
     1
 77
     6
 78
     2
 67
     7
 79
     3
170
     0
171
     0
290
     0
174
     0
 93
        1
 44
0.0
173
     0
291
     0
 45
0.0
1001
ACAD
1000
AcDbSavedByObjectVersion
1070
     0
  0
VISUALSTYLE
  5
24B8
102
{ACAD_REACTORS
330
24B1
102
}
330
24B1
100
AcDbVisualStyle
  2
3dWireframe
 70
     5
 71
     0
 72
     2
 73
     0
 90
        0
 40
-0.6
 41
-30.0
 62
     5
 63
     7
 74
     1
 91
        4
 64
     7
 65
   257
 75
     1
175
     1
 42
1.0
 92
        0
 66
   257
 43
1.0
 76
     1
 77
     6
 78
     2
 67
     7
 79
     5
170
     0
171
     0
290
     0
174
     0
 93
        1
 44
0.0
173
     0
291
     0
 45
0.0
1001
ACAD
1000
AcDbSavedByObjectVersion
1070
     0
  0
VISUALSTYLE
  5
24B6
102
{ACAD_REACTORS
330
24B1
102
}
330
24B1
100
AcDbVisualStyle
  2
Basic
 70
     7
 71
     1
 72
     0
 73
     1
 90
        0
 40
-0.6
 41
-30.0
 62
     5
 63
     7
 74
     0
 91
        4
 64
     7
 65
   257
 75
     1
175
     1
 42
1.0
 92
        8
 66
     7
 43
1.0
 76
     1
 77
     6
 78
     2
 67
     7
 79
     5
170
     0
171
     0
290
     0
174
     0
 93
        1
 44
0.0
173
     0
291
     1
 45
0.0
1001
ACAD
1000
AcDbSavedByObjectVersion
1070
     0
  0
VISUALSTYLE
  5
24BD
102
{ACAD_REACTORS
330
24B1
102
}
330
24B1
100
AcDbVisualStyle
  2
Brighten
 70
    12
 71
     2
 72
     2
 73
     0
 90
        0
 40
-0.6
 41
-30.0
 62
     5
 63
     7
 74
     1
 91
        4
 64
     7
 65
   257
 75
     1
175
     1
 42
1.0
 92
        8
 66
     7
 43
1.0
 76
     1
 77
     6
 78
     2
 67
     7
 79
     5
170
     0
171
     0
290
     0
174
     0
 93
        1
 44
50.0
173
     0
291
     1
 45
0.0
1001
ACAD
1000
AcDbSavedByObjectVersion
1070
     0
  0
VISUALSTYLE
  5
24C1
102
{ACAD_REACTORS
330
24B1
102
}
330
24B1
100
AcDbVisualStyle
  2
ColorChange
 70
    16
 71
     2
 72
     2
 73
     3
 90
        0
 40
-0.6
 41
-30.0
 62
     5
 63
     8
 74
     1
 91
        4
 64
     7
 65
   257
 75
     1
175
     1
 42
1.0
 92
        8
 66
     8
 43
1.0
 76
     1
 77
     6
 78
     2
 67
     7
 79
     5
170
     0
171
     0
290
     0
174
     0
 93
        1
 44
0.0
173
     0
291
     1
 45
0.0
1001
ACAD
1000
AcDbSavedByObjectVersion
1070
     0
  0
VISUALSTYLE
  5
24BA
102
{ACAD_REACTORS
330
24B1
102
}
330
24B1
100
AcDbVisualStyle
  2
Conceptual
 70
     9
 71
     3
 72
     2
 73
     0
 90
        0
 40
-0.6
 41
-30.0
 62
     5
 63
     7
 74
     2
 91
        2
 64
     7
 65
   257
 75
     1
175
     1
 42
40.0
 92
        8
 66
     7
 43
1.0
 76
     1
 77
     6
 78
     2
 67
     7
 79
     3
170
     0
171
     0
290
     0
174
     0
 93
        1
 44
0.0
173
     0
291
     0
 45
0.0
1001
ACAD
1000
AcDbSavedByObjectVersion
1070
     0
  0
VISUALSTYLE
  5
24BC
102
{ACAD_REACTORS
330
24B1
102
}
330
24B1
100
AcDbVisualStyle
  2
Dim
 70
    11
 71
     2
 72
     2
 73
     0
 90
        0
 40
-0.6
 41
-30.0
 62
     5
 63
     7
 74
     1
 91
        4
 64
     7
 65
   257
 75
     1
175
     1
 42
1.0
 92
        8
 66
     7
 43
1.0
 76
     1
 77
     6
 78
     2
 67
     7
 79
     5
170
     0
171
     0
290
     0
174
     0
 93
        1
 44
-50.0
173
     0
291
     1
 45
0.0
1001
ACAD
1000
AcDbSavedByObjectVersion
1070
     0
  0
VISUALSTYLE
  5
24C0
102
{ACAD_REACTORS
330
24B1
102
}
330
24B1
100
AcDbVisualStyle
  2
Facepattern
 70
    15
 71
     2
 72
     2
 73
     0
 90
        0
 40
-0.6
 41
-30.0
 62
     5
 63
     7
 74
     1
 91
        4
 64
     7
 65
   257
 75
     1
175
     1
 42
1.0
 92
        8
 66
     7
 43
1.0
 76
     1
 77
     6
 78
     2
 67
     7
 79
     5
170
     0
171
     0
290
     0
174
     0
 93
        1
 44
0.0
173
     0
291
     1
 45
0.0
1001
ACAD
1000
AcDbSavedByObjectVersion
1070
     0
  0
VISUALSTYLE
  5
24B2
102
{ACAD_REACTORS
330
24B1
102
}
330
24B1
100
AcDbVisualStyle
  2
Flat
 70
     0
 71
     2
 72
     1
 73
     1
 90
        2
 40
-0.6
 41
30.0
 62
     5
 63
     7
 74
     0
 91
        4
 64
     7
 65
   257
 75
     1
175
     1
 42
1.0
 92
        8
 66
     7
 43
1.0
 76
     1
 77
     6
 78
     2
 67
     7
 79
     5
170
     0
171
     0
290
     0
174
     0
 93
       13
 44
0.0
173
     0
291
     1
 45
0.0
1001
ACAD
1000
AcDbSavedByObjectVersion
1070
     0
  0
VISUALSTYLE
  5
24B3
102
{ACAD_REACTORS
330
24B1
102
}
330
24B1
100
AcDbVisualStyle
  2
FlatWithEdges
 70
     1
 71
     2
 72
     1
 73
     1
 90
        2
 40
-0.6
 41
30.0
 62
     5
 63
     7
 74
     1
 91
        4
 64
     7
 65
   257
 75
     1
175
     1
 42
1.0
 92
        0
 66
   257
 43
1.0
 76
     1
 77
     6
 78
     2
 67
     7
 79
     5
170
     0
171
     0
290
     0
174
     0
 93
       13
 44
0.0
173
     0
291
     1
 45
0.0
1001
ACAD
1000
AcDbSavedByObjectVersion
1070
     0
  0
VISUALSTYLE
  5
24B4
102
{ACAD_REACTORS
330
24B1
102
}
330
24B1
100
AcDbVisualStyle
  2
Gouraud
 70
     2
 71
     2
 72
     2
 73
     1
 90
        2
 40
-0.6
 41
30.0
 62
     5
 63
     7
 74
     0
 91
        4
 64
     7
 65
   257
 75
     1
175
     1
 42
1.0
 92
        0
 66
     7
 43
1.0
 76
     1
 77
     6
 78
     2
 67
     7
 79
     5
170
     0
171
     0
290
     0
174
     0
 93
       13
 44
0.0
173
     0
291
     1
 45
0.0
1001
ACAD
1000
AcDbSavedByObjectVersion
1070
     0
  0
VISUALSTYLE
  5
24B5
102
{ACAD_REACTORS
330
24B1
102
}
330
24B1
100
AcDbVisualStyle
  2
GouraudWithEdges
 70
     3
 71
     2
 72
     2
 73
     1
 90
        2
 40
-0.6
 41
30.0
 62
     5
 63
     7
 74
     1
 91
        4
 64
     7
 65
   257
 75
     1
175
     1
 42
1.0
 92
        0
 66
   257
 43
1.0
 76
     1
 77
     6
 78
     2
 67
     7
 79
     5
170
     0
171
     0
290
     0
174
     0
 93
       13
 44
0.0
173
     0
291
     1
 45
0.0
1001
ACAD
1000
AcDbSavedByObjectVersion
1070
     0
  0
VISUALSTYLE
  5
24BF
102
{ACAD_REACTORS
330
24B1
102
}
330
24B1
100
AcDbVisualStyle
  2
Linepattern
 70
    14
 71
     2
 72
     2
 73
     0
 90
        0
 40
-0.6
 41
-30.0
 62
     5
 63
     7
 74
     1
 91
        4
 64
     7
 65
   257
 75
     7
175
     7
 42
1.0
 92
        8
 66
     7
 43
1.0
 76
     1
 77
     6
 78
     2
 67
     7
 79
     5
170
     0
171
     0
290
     0
174
     0
 93
        1
 44
0.0
173
     0
291
     1
 45
0.0
1001
ACAD
1000
AcDbSavedByObjectVersion
1070
     0
  0
VISUALSTYLE
  5
24BB
102
{ACAD_REACTORS
330
24B1
102
}
330
24B1
100
AcDbVisualStyle
  2
Realistic
 70
     8
 71
     2
 72
     2
 73
     0
 90
        0
 40
-0.6
 41
-30.0
 62
     5
 63
     7
 74
     1
 91
        0
 64
     7
 65
   257
 75
     1
175
     1
 42
1.0
 92
        8
 66
     8
 43
1.0
 76
     1
 77
     6
 78
     2
 67
     7
 79
     5
170
     0
171
     0
290
     0
174
     0
 93
       13
 44
0.0
173
     0
291
     0
 45
0.0
1001
ACAD
1000
AcDbSavedByObjectVersion
1070
     0
  0
VISUALSTYLE
  5
24BE
102
{ACAD_REACTORS
330
24B1
102
}
330
24B1
100
AcDbVisualStyle
  2
Thicken
 70
    13
 71
     2
 72
     2
 73
     0
 90
        0
 40
-0.6
 41
-30.0
 62
     5
 63
     7
 74
     1
 91
        4
 64
     7
 65
   257
 75
     1
175
     1
 42
1.0
 92
       12
 66
     7
 43
1.0
 76
     1
 77
     6
 78
     2
 67
     7
 79
     5
170
     0
171
     0
290
     0
174
     0
 93
        1
 44
0.0
173
     0
291
     1
 45
0.0
1001
ACAD
1000
AcDbSavedByObjectVersion
1070
     0
  0
DICTIONARYVAR
  5
2510
102
{ACAD_REACTORS
330
250D
102
}
330
250D
100
DictionaryVariables
280
     0
  1
1:1
  0
DICTIONARYVAR
  5
250F
102
{ACAD_REACTORS
330
250D
102
}
330
250D
100
DictionaryVariables
280
     0
  1
STANDARD
  0
DICTIONARYVAR
  5
250E
102
{ACAD_REACTORS
330
250D
102
}
330
250D
100
DictionaryVariables
280
     0
  1
STANDARD
  0
DICTIONARYVAR
  5
2513
102
{ACAD_REACTORS
330
250D
102
}
330
250D
100
DictionaryVariables
280
     0
  1
1
  0
DICTIONARYVAR
  5
2512
102
{ACAD_REACTORS
330
250D
102
}
330
250D
100
DictionaryVariables
280
     0
  1
0
  0
DICTIONARYVAR
  5
2511
102
{ACAD_REACTORS
330
250D
102
}
330
250D
100
DictionaryVariables
280
     0
  1
127
  0
DICTIONARY
  5
251E
330
24FF
100
AcDbDictionary
280
     1
281
     1
  3
ACAD_XREC_ROUNDTRIP
360
251F
  0
DICTIONARY
  5
251C
330
24FB
100
AcDbDictionary
280
     1
281
     1
  3
ACAD_XREC_ROUNDTRIP
360
251D
  0
DICTIONARY
  5
24A2
330
24A1
100
AcDbDictionary
280
     1
281
     1
  3
ACAD_XREC_ROUNDTRIP
360
2519
  3
BUMPTILE
360
24A4
  3
DIFFUSETILE
360
24A3
  3
OPACITYTILE
360
24A7
  3
REFLECTIONTILE
360
24A6
  3
REFRACTIONTILE
360
24A8
  3
SPECULARTILE
360
24A5
  0
DICTIONARY
  5
249A
330
2499
100
AcDbDictionary
280
     1
281
     1
  3
ACAD_XREC_ROUNDTRIP
360
2518
  3
BUMPTILE
360
249C
  3
DIFFUSETILE
360
249B
  3
OPACITYTILE
360
249F
  3
REFLECTIONTILE
360
249E
  3
REFRACTIONTILE
360
24A0
  3
SPECULARTILE
360
249D
  0
DICTIONARY
  5
24AA
330
24A9
100
AcDbDictionary
280
     1
281
     1
  3
ACAD_XREC_ROUNDTRIP
360
251A
  3
BUMPTILE
360
24AC
  3
DIFFUSETILE
360
24AB
  3
OPACITYTILE
360
24AF
  3
REFLECTIONTILE
360
24AE
  3
REFRACTIONTILE
360
24B0
  3
SPECULARTILE
360
24AD
  0
DICTIONARY
  5
2514
330
24F4
100
AcDbDictionary
280
     1
281
     1
  3
ACAD_ROUNDTRIP_2008_TABLESTYLE_CELLSTYLEMAP
360
2515
  3
ACAD_XREC_ROUNDTRIP
360
251B
  0
XRECORD
  5
251F
102
{ACAD_REACTORS
330
251E
102
}
330
251E
100
AcDbXrecord
280
     1
102
SHADEPLOT
 70
     0
102
SHADEPLOTRESLEVEL
 70
     2
102
SHADEPLOTCUSTOMDPI
 70
   300
  0
XRECORD
  5
251D
102
{ACAD_REACTORS
330
251C
102
}
330
251C
100
AcDbXrecord
280
     1
102
SHADEPLOT
 70
     0
102
SHADEPLOTRESLEVEL
 70
     2
102
SHADEPLOTCUSTOMDPI
 70
   300
  0
XRECORD
  5
2519
102
{ACAD_REACTORS
330
24A2
102
}
330
24A2
100
AcDbXrecord
280
     1
102
MATERIAL
148
0.0
149
0.0
149
0.0
 93
        0
 94
      127
282
     0
 72
     0
 77
     0
171
     0
175
     0
179
     0
273
     0
  0
XRECORD
  5
24A4
102
{ACAD_REACTORS
330
24A2
102
}
330
24A2
100
AcDbXrecord
280
     1
270
     1
271
     1
  0
XRECORD
  5
24A3
102
{ACAD_REACTORS
330
24A2
102
}
330
24A2
100
AcDbXrecord
280
     1
270
     1
271
     1
  0
XRECORD
  5
24A7
102
{ACAD_REACTORS
330
24A2
102
}
330
24A2
100
AcDbXrecord
280
     1
270
     1
271
     1
  0
XRECORD
  5
24A6
102
{ACAD_REACTORS
330
24A2
102
}
330
24A2
100
AcDbXrecord
280
     1
270
     1
271
     1
  0
XRECORD
  5
24A8
102
{ACAD_REACTORS
330
24A2
102
}
330
24A2
100
AcDbXrecord
280
     1
270
     1
271
     1
  0
XRECORD
  5
24A5
102
{ACAD_REACTORS
330
24A2
102
}
330
24A2
100
AcDbXrecord
280
     1
270
     1
271
     1
  0
XRECORD
  5
2518
102
{ACAD_REACTORS
330
249A
102
}
330
249A
100
AcDbXrecord
280
     1
102
MATERIAL
148
0.0
149
0.0
149
0.0
 93
        0
 94
      127
282
     0
 72
     0
 77
     0
171
     0
175
     0
179
     0
273
     0
  0
XRECORD
  5
249C
102
{ACAD_REACTORS
330
249A
102
}
330
249A
100
AcDbXrecord
280
     1
270
     1
271
     1
  0
XRECORD
  5
249B
102
{ACAD_REACTORS
330
249A
102
}
330
249A
100
AcDbXrecord
280
     1
270
     1
271
     1
  0
XRECORD
  5
249F
102
{ACAD_REACTORS
330
249A
102
}
330
249A
100
AcDbXrecord
280
     1
270
     1
271
     1
  0
XRECORD
  5
249E
102
{ACAD_REACTORS
330
249A
102
}
330
249A
100
AcDbXrecord
280
     1
270
     1
271
     1
  0
XRECORD
  5
24A0
102
{ACAD_REACTORS
330
249A
102
}
330
249A
100
AcDbXrecord
280
     1
270
     1
271
     1
  0
XRECORD
  5
249D
102
{ACAD_REACTORS
330
249A
102
}
330
249A
100
AcDbXrecord
280
     1
270
     1
271
     1
  0
XRECORD
  5
251A
102
{ACAD_REACTORS
330
24AA
102
}
330
24AA
100
AcDbXrecord
280
     1
102
MATERIAL
148
0.0
149
0.0
149
0.0
 93
        0
 94
      127
282
     0
 72
     0
 77
     0
171
     0
175
     0
179
     0
273
     0
  0
XRECORD
  5
24AC
102
{ACAD_REACTORS
330
24AA
102
}
330
24AA
100
AcDbXrecord
280
     1
270
     1
271
     1
  0
XRECORD
  5
24AB
102
{ACAD_REACTORS
330
24AA
102
}
330
24AA
100
AcDbXrecord
280
     1
270
     1
271
     1
  0
XRECORD
  5
24AF
102
{ACAD_REACTORS
330
24AA
102
}
330
24AA
100
AcDbXrecord
280
     1
270
     1
271
     1
  0
XRECORD
  5
24AE
102
{ACAD_REACTORS
330
24AA
102
}
330
24AA
100
AcDbXrecord
280
     1
270
     1
271
     1
  0
XRECORD
  5
24B0
102
{ACAD_REACTORS
330
24AA
102
}
330
24AA
100
AcDbXrecord
280
     1
270
     1
271
     1
  0
XRECORD
  5
24AD
102
{ACAD_REACTORS
330
24AA
102
}
330
24AA
100
AcDbXrecord
280
     1
270
     1
271
     1
  0
CELLSTYLEMAP
  5
2515
102
{ACAD_REACTORS
330
2514
102
}
330
2514
100
AcDbCellStyleMap
 90
        3
300
CELLSTYLE
  1
TABLEFORMAT_BEGIN
 90
        5
170
     1
 91
        0
 92
    32768
 62
   257
 93
        1
300
CONTENTFORMAT
  1
CONTENTFORMAT_BEGIN
 90
        0
 91
        0
 92
      512
 93
        0
300

 40
0.0
140
1.0
 94
        5
 62
     0
340
24E5
144
0.25
309
CONTENTFORMAT_END
171
     0
 94
        0
309
TABLEFORMAT_END
  1
CELLSTYLE_BEGIN
 90
        1
 91
        1
300
_TITLE
309
CELLSTYLE_END
300
CELLSTYLE
  1
TABLEFORMAT_BEGIN
 90
        5
170
     1
 91
        0
 92
        0
 62
   257
 93
        1
300
CONTENTFORMAT
  1
CONTENTFORMAT_BEGIN
 90
        0
 91
        0
 92
      512
 93
        0
300

 40
0.0
140
1.0
 94
        5
 62
     0
340
24E5
144
0.18
309
CONTENTFORMAT_END
171
     0
 94
        0
309
TABLEFORMAT_END
  1
CELLSTYLE_BEGIN
 90
        2
 91
        1
300
_HEADER
309
CELLSTYLE_END
300
CELLSTYLE
  1
TABLEFORMAT_BEGIN
 90
        5
170
     1
 91
        0
 92
        0
 62
   257
 93
        1
300
CONTENTFORMAT
  1
CONTENTFORMAT_BEGIN
 90
        0
 91
        0
 92
      512
 93
        0
300

 40
0.0
140
1.0
 94
        2
 62
     0
340
24E5
144
0.18
309
CONTENTFORMAT_END
171
     0
 94
        0
309
TABLEFORMAT_END
  1
CELLSTYLE_BEGIN
 90
        3
 91
        2
300
_DATA
309
CELLSTYLE_END
  0
XRECORD
  5
251B
102
{ACAD_REACTORS
330
2514
102
}
330
2514
100
AcDbXrecord
280
     1
102
ACAD_ROUNDTRIP_PRE2007_TABLESTYLE
 90
      512
 91
        0
  1

 92
      512
 93
        0
  2

 94
      512
 95
        0
  3

  0
ENDSEC
  0
EOF
