  0
SECTION
  2
HEADER
  9
$ACADVER
  1
AC1015
  9
$ACADMAINTVER
 70
    20
  9
$DWGCODEPAGE
  3
ANSI_1252
  9
$INSBASE
 10
0.0
 20
0.0
 30
0.0
  9
$EXTMIN
 10
-99.9995
 20
-100.0005
 30
0.0
  9
$EXTMAX
 10
100.0015
 20
100.0005
 30
0.0
  9
$LIMMIN
 10
0.0
 20
0.0
  9
$LIMMAX
 10
12.0
 20
9.0
  9
$ORTHOMODE
 70
     0
  9
$REGENMODE
 70
     1
  9
$FILLMODE
 70
     1
  9
$QTEXTMODE
 70
     0
  9
$MIRRTEXT
 70
     1
  9
$LTSCALE
 40
1.0
  9
$ATTMODE
 70
     1
  9
$TEXTSIZE
 40
0.2
  9
$TRACEWID
 40
0.05
  9
$TEXTSTYLE
  7
STANDARD
  9
$CLAYER
  8
0
  9
$CELTYPE
  6
ByLayer
  9
$CECOLOR
 62
   256
  9
$CELTSCALE
 40
1.0
  9
$DISPSILH
 70
     0
  9
$DIMSCALE
 40
1.0
  9
$DIMASZ
 40
0.18
  9
$DIMEXO
 40
0.0625
  9
$DIMDLI
 40
0.38
  9
$DIMRND
 40
0.0
  9
$DIMDLE
 40
0.0
  9
$DIMEXE
 40
0.18
  9
$DIMTP
 40
0.0
  9
$DIMTM
 40
0.0
  9
$DIMTXT
 40
0.18
  9
$DIMCEN
 40
0.09
  9
$DIMTSZ
 40
0.0
  9
$DIMTOL
 70
     0
  9
$DIMLIM
 70
     0
  9
$DIMTIH
 70
     1
  9
$DIMTOH
 70
     1
  9
$DIMSE1
 70
     0
  9
$DIMSE2
 70
     0
  9
$DIMTAD
 70
     0
  9
$DIMZIN
 70
     0
  9
$DIMBLK
  1

  9
$DIMASO
 70
     1
  9
$DIMSHO
 70
     1
  9
$DIMPOST
  1

  9
$DIMAPOST
  1

  9
$DIMALT
 70
     0
  9
$DIMALTD
 70
     2
  9
$DIMALTF
 40
25.4
  9
$DIMLFAC
 40
1.0
  9
$DIMTOFL
 70
     0
  9
$DIMTVP
 40
0.0
  9
$DIMTIX
 70
     0
  9
$DIMSOXD
 70
     0
  9
$DIMSAH
 70
     0
  9
$DIMBLK1
  1

  9
$DIMBLK2
  1

  9
$DIMSTYLE
  2
STANDARD
  9
$DIMCLRD
 70
     0
  9
$DIMCLRE
 70
     0
  9
$DIMCLRT
 70
     0
  9
$DIMTFAC
 40
1.0
  9
$DIMGAP
 40
0.09
  9
$DIMJUST
 70
     0
  9
$DIMSD1
 70
     0
  9
$DIMSD2
 70
     0
  9
$DIMTOLJ
 70
     1
  9
$DIMTZIN
 70
     0
  9
$DIMALTZ
 70
     0
  9
$DIMALTTZ
 70
     0
  9
$DIMUPT
 70
     0
  9
$DIMDEC
 70
     4
  9
$DIMTDEC
 70
     4
  9
$DIMALTU
 70
     2
  9
$DIMALTTD
 70
     2
  9
$DIMTXSTY
  7
STANDARD
  9
$DIMAUNIT
 70
     0
  9
$DIMADEC
 70
     0
  9
$DIMALTRND
 40
0.0
  9
$DIMAZIN
 70
     0
  9
$DIMDSEP
 70
    46
  9
$DIMATFIT
 70
     3
  9
$DIMFRAC
 70
     0
  9
$DIMLDRBLK
  1

  9
$DIMLUNIT
 70
     2
  9
$DIMLWD
 70
    -2
  9
$DIMLWE
 70
    -2
  9
$DIMTMOVE
 70
     0
  9
$LUNITS
 70
     2
  9
$LUPREC
 70
     4
  9
$SKETCHINC
 40
0.1
  9
$FILLETRAD
 40
0.5
  9
$AUNITS
 70
     0
  9
$AUPREC
 70
     0
  9
$MENU
  1
.
  9
$ELEVATION
 40
0.0
  9
$PELEVATION
 40
0.0
  9
$THICKNESS
 40
0.0
  9
$LIMCHECK
 70
     0
  9
$CHAMFERA
 40
0.5
  9
$CHAMFERB
 40
0.5
  9
$CHAMFERC
 40
0.0
  9
$CHAMFERD
 40
0.0
  9
$SKPOLY
 70
     0
  9
$TDCREATE
 40
2454910.500000000
  9
$TDUCREATE
 40
2454910.458333334
  9
$TDUPDATE
 40
2457347.641732118
  9
$TDUUPDATE
 40
2457347.600065452
  9
$TDINDWG
 40
0.0003420370
  9
$TDUSRTIMER
 40
0.0003419213
  9
$USRTIMER
 70
     1
  9
$ANGBASE
 50
0.0
  9
$ANGDIR
 70
     0
  9
$PDMODE
 70
     0
  9
$PDSIZE
 40
0.0
  9
$PLINEWID
 40
0.0
  9
$SPLFRAME
 70
     0
  9
$SPLINETYPE
 70
     6
  9
$SPLINESEGS
 70
     8
  9
$HANDSEED
  5
1446
  9
$SURFTAB1
 70
     6
  9
$SURFTAB2
 70
     6
  9
$SURFTYPE
 70
     6
  9
$SURFU
 70
     6
  9
$SURFV
 70
     6
  9
$UCSBASE
  2

  9
$UCSNAME
  2

  9
$UCSORG
 10
0.0
 20
0.0
 30
0.0
  9
$UCSXDIR
 10
1.0
 20
0.0
 30
0.0
  9
$UCSYDIR
 10
0.0
 20
1.0
 30
0.0
  9
$UCSORTHOREF
  2

  9
$UCSORTHOVIEW
 70
     0
  9
$UCSORGTOP
 10
0.0
 20
0.0
 30
0.0
  9
$UCSORGBOTTOM
 10
0.0
 20
0.0
 30
0.0
  9
$UCSORGLEFT
 10
0.0
 20
0.0
 30
0.0
  9
$UCSORGRIGHT
 10
0.0
 20
0.0
 30
0.0
  9
$UCSORGFRONT
 10
0.0
 20
0.0
 30
0.0
  9
$UCSORGBACK
 10
0.0
 20
0.0
 30
0.0
  9
$PUCSBASE
  2

  9
$PUCSNAME
  2

  9
$PUCSORG
 10
0.0
 20
0.0
 30
0.0
  9
$PUCSXDIR
 10
1.0
 20
0.0
 30
0.0
  9
$PUCSYDIR
 10
0.0
 20
1.0
 30
0.0
  9
$PUCSORTHOREF
  2

  9
$PUCSORTHOVIEW
 70
     0
  9
$PUCSORGTOP
 10
0.0
 20
0.0
 30
0.0
  9
$PUCSORGBOTTOM
 10
0.0
 20
0.0
 30
0.0
  9
$PUCSORGLEFT
 10
0.0
 20
0.0
 30
0.0
  9
$PUCSORGRIGHT
 10
0.0
 20
0.0
 30
0.0
  9
$PUCSORGFRONT
 10
0.0
 20
0.0
 30
0.0
  9
$PUCSORGBACK
 10
0.0
 20
0.0
 30
0.0
  9
$USERI1
 70
     0
  9
$USERI2
 70
     0
  9
$USERI3
 70
     0
  9
$USERI4
 70
     0
  9
$USERI5
 70
     0
  9
$USERR1
 40
0.0
  9
$USERR2
 40
0.0
  9
$USERR3
 40
0.0
  9
$USERR4
 40
0.0
  9
$USERR5
 40
0.0
  9
$WORLDVIEW
 70
     1
  9
$SHADEDGE
 70
     3
  9
$SHADEDIF
 70
    70
  9
$TILEMODE
 70
     1
  9
$MAXACTVP
 70
    64
  9
$PINSBASE
 10
0.0
 20
0.0
 30
0.0
  9
$PLIMCHECK
 70
     0
  9
$PEXTMIN
 10
1.000000000000000E+20
 20
1.000000000000000E+20
 30
1.000000000000000E+20
  9
$PEXTMAX
 10
-1.000000000000000E+20
 20
-1.000000000000000E+20
 30
-1.000000000000000E+20
  9
$PLIMMIN
 10
0.0
 20
0.0
  9
$PLIMMAX
 10
12.0
 20
9.0
  9
$UNITMODE
 70
     0
  9
$VISRETAIN
 70
     1
  9
$PLINEGEN
 70
     0
  9
$PSLTSCALE
 70
     1
  9
$TREEDEPTH
 70
  3020
  9
$CMLSTYLE
  2
Standard
  9
$CMLJUST
 70
     0
  9
$CMLSCALE
 40
1.0
  9
$PROXYGRAPHICS
 70
     1
  9
$MEASUREMENT
 70
     0
  9
$CELWEIGHT
370
    -1
  9
$ENDCAPS
280
     0
  9
$JOINSTYLE
280
     0
  9
$LWDISPLAY
290
     0
  9
$INSUNITS
 70
     0
  9
$HYPERLINKBASE
  1

  9
$STYLESHEET
  1

  9
$XEDIT
290
     1
  9
$CEPSNTYPE
380
     0
  9
$PSTYLEMODE
290
     1
  9
$FINGERPRINTGUID
  2
{4FF4B207-5BC4-4E6E-B51C-A7609248FFD0}
  9
$VERSIONGUID
  2
{FD6C8729-B3C7-4B5B-952C-6DD99DFD757D}
  9
$EXTNAMES
290
     1
  9
$PSVPSCALE
 40
0.0
  9
$OLESTARTUP
290
     0
  0
ENDSEC
  0
SECTION
  2
CLASSES
  0
CLASS
  1
ACDBDICTIONARYWDFLT
  2
AcDbDictionaryWithDefault
  3
ObjectDBX Classes
 90
        0
280
     0
281
     0
  0
CLASS
  1
MATERIAL
  2
AcDbMaterial
  3
ObjectDBX Classes
 90
     1153
280
     0
281
     0
  0
CLASS
  1
VISUALSTYLE
  2
AcDbVisualStyle
  3
ObjectDBX Classes
 90
     4095
280
     0
281
     0
  0
CLASS
  1
SCALE
  2
AcDbScale
  3
ObjectDBX Classes
 90
     1153
280
     0
281
     0
  0
CLASS
  1
TABLESTYLE
  2
AcDbTableStyle
  3
ObjectDBX Classes
 90
     4095
280
     0
281
     0
  0
CLASS
  1
MLEADERSTYLE
  2
AcDbMLeaderStyle
  3
ACDB_MLEADERSTYLE_CLASS
 90
     4095
280
     0
281
     0
  0
CLASS
  1
DICTIONARYVAR
  2
AcDbDictionaryVar
  3
ObjectDBX Classes
 90
        0
280
     0
281
     0
  0
CLASS
  1
CELLSTYLEMAP
  2
AcDbCellStyleMap
  3
ObjectDBX Classes
 90
     1152
280
     0
281
     0
  0
CLASS
  1
ACDBPLACEHOLDER
  2
AcDbPlaceHolder
  3
ObjectDBX Classes
 90
        0
280
     0
281
     0
  0
CLASS
  1
LAYOUT
  2
AcDbLayout
  3
ObjectDBX Classes
 90
        0
280
     0
281
     0
  0
ENDSEC
  0
SECTION
  2
TABLES
  0
TABLE
  2
VPORT
  5
13B6
330
0
100
AcDbSymbolTable
 70
     1
  0
VPORT
  5
1426
330
13B6
100
AcDbSymbolTableRecord
100
AcDbViewportTableRecord
  2
*ACTIVE
 70
     0
 10
0.0
 20
0.0
 11
1.0
 21
1.0
 12
-34.54901905905155
 22
-2.054610552830496
 13
0.0
 23
0.0
 14
0.5
 24
0.5
 15
0.5
 25
0.5
 16
0.0
 26
0.0
 36
1.0
 17
0.0
 27
0.0
 37
0.0
 40
268.5571099318118
 41
2.515936254980079
 42
50.0
 43
0.0
 44
0.0
 50
0.0
 51
0.0
 71
     0
 72
   100
 73
     1
 74
     3
 75
     0
 76
     0
 77
     0
 78
     0
281
     0
 65
     1
110
0.0
120
0.0
130
0.0
111
1.0
121
0.0
131
0.0
112
0.0
122
1.0
132
0.0
 79
     0
146
0.0
  0
ENDTAB
  0
TABLE
  2
LTYPE
  5
13B3
330
0
100
AcDbSymbolTable
 70
     2
  0
LTYPE
  5
1410
330
13B3
100
AcDbSymbolTableRecord
100
AcDbLinetypeTableRecord
  2
ByBlock
 70
     0
  3

 72
    65
 73
     0
 40
0.0
  0
LTYPE
  5
1411
330
13B3
100
AcDbSymbolTableRecord
100
AcDbLinetypeTableRecord
  2
ByLayer
 70
     0
  3

 72
    65
 73
     0
 40
0.0
  0
LTYPE
  5
1412
330
13B3
100
AcDbSymbolTableRecord
100
AcDbLinetypeTableRecord
  2
CONTINUOUS
 70
     0
  3
Solid line
 72
    65
 73
     0
 40
0.0
  0
LTYPE
  5
1427
330
13B3
100
AcDbSymbolTableRecord
100
AcDbLinetypeTableRecord
  2
CONTINUOUS2
 70
     0
  3
Solid Line
 72
    65
 73
     0
 40
0.0
  0
ENDTAB
  0
TABLE
  2
LAYER
  5
13B0
330
0
100
AcDbSymbolTable
 70
     2
  0
LAYER
  5
140A
102
{ACAD_XDICTIONARY
360
142F
102
}
330
13B0
100
AcDbSymbolTableRecord
100
AcDbLayerTableRecord
  2
0
 70
     0
 62
     7
  6
CONTINUOUS
370
    -3
390
13BD
  0
LAYER
  5
1428
102
{ACAD_XDICTIONARY
360
1431
102
}
330
13B0
100
AcDbSymbolTableRecord
100
AcDbLayerTableRecord
  2
LAYER_1
 70
     0
 62
    18
  6
CONTINUOUS
370
    -3
390
13BD
  0
ENDTAB
  0
TABLE
  2
STYLE
  5
13B1
330
0
100
AcDbSymbolTable
 70
     2
  0
STYLE
  5
140B
330
13B1
100
AcDbSymbolTableRecord
100
AcDbTextStyleTableRecord
  2
STANDARD
 70
     0
 40
0.0
 41
1.0
 50
0.0
 71
     0
 42
0.2
  3
txt
  4

  0
STYLE
  5
140F
330
13B1
100
AcDbSymbolTableRecord
100
AcDbTextStyleTableRecord
  2
Annotative
 70
     0
 40
0.0
 41
1.0
 50
0.0
 71
     0
 42
0.2
  3
txt
  4

1001
AcadAnnotative
1000
AnnotativeData
1002
{
1070
     1
1070
     1
1002
}
  0
ENDTAB
  0
TABLE
  2
VIEW
  5
13B4
330
0
100
AcDbSymbolTable
 70
     0
  0
ENDTAB
  0
TABLE
  2
UCS
  5
13B5
330
0
100
AcDbSymbolTable
 70
     0
  0
ENDTAB
  0
TABLE
  2
APPID
  5
13B7
330
0
100
AcDbSymbolTable
 70
     3
  0
APPID
  5
140C
330
13B7
100
AcDbSymbolTableRecord
100
AcDbRegAppTableRecord
  2
ACAD
 70
     0
  0
APPID
  5
1413
330
13B7
100
AcDbSymbolTableRecord
100
AcDbRegAppTableRecord
  2
AcadAnnotative
 70
     0
  0
APPID
  5
141D
330
13B7
100
AcDbSymbolTableRecord
100
AcDbRegAppTableRecord
  2
ACAD_MLEADERVER
 70
     0
  0
ENDTAB
  0
TABLE
  2
DIMSTYLE
  5
13B8
330
0
100
AcDbSymbolTable
 70
     2
100
AcDbDimStyleTable
 71
     0
  0
DIMSTYLE
105
140D
330
13B8
100
AcDbSymbolTableRecord
100
AcDbDimStyleTableRecord
  2
STANDARD
 70
     0
279
     2
340
140B
  0
DIMSTYLE
105
140E
330
13B8
100
AcDbSymbolTableRecord
100
AcDbDimStyleTableRecord
  2
Annotative
 70
     0
340
140B
1001
AcadAnnotative
1000
AnnotativeData
1002
{
1070
     1
1070
     1
1002
}
  0
ENDTAB
  0
TABLE
  2
BLOCK_RECORD
  5
13AF
330
0
100
AcDbSymbolTable
 70
     2
  0
BLOCK_RECORD
  5
1422
330
13AF
100
AcDbSymbolTableRecord
100
AcDbBlockTableRecord
  2
*Model_Space
340
1425
  0
BLOCK_RECORD
  5
141E
330
13AF
100
AcDbSymbolTableRecord
100
AcDbBlockTableRecord
  2
*Paper_Space
340
1421
  0
BLOCK_RECORD
  5
142A
330
13AF
100
AcDbSymbolTableRecord
100
AcDbBlockTableRecord
  2
$MODEL_SPACE
340
0
  0
BLOCK_RECORD
  5
142C
330
13AF
100
AcDbSymbolTableRecord
100
AcDbBlockTableRecord
  2
$PAPER_SPACE
340
0
  0
ENDTAB
  0
ENDSEC
  0
SECTION
  2
BLOCKS
  0
BLOCK
  5
1423
330
1422
100
AcDbEntity
  8
0
100
AcDbBlockBegin
  2
*Model_Space
 70
     0
 10
0.0
 20
0.0
 30
0.0
  3
*Model_Space
  1

  0
ENDBLK
  5
1424
330
1422
100
AcDbEntity
  8
0
100
AcDbBlockEnd
  0
BLOCK
  5
141F
330
141E
100
AcDbEntity
 67
     1
  8
0
100
AcDbBlockBegin
  2
*Paper_Space
 70
     0
 10
0.0
 20
0.0
 30
0.0
  3
*Paper_Space
  1

  0
ENDBLK
  5
1420
330
141E
100
AcDbEntity
 67
     1
  8
0
100
AcDbBlockEnd
  0
BLOCK
  5
142B
330
142A
100
AcDbEntity
  8
0
100
AcDbBlockBegin
  2
$MODEL_SPACE
 70
     0
 10
0.0
 20
0.0
 30
0.0
  3
$MODEL_SPACE
  1

  0
ENDBLK
  5
21
330
142A
100
AcDbEntity
  8
0
100
AcDbBlockEnd
  0
BLOCK
  5
142D
330
142C
100
AcDbEntity
  8
0
100
AcDbBlockBegin
  2
$PAPER_SPACE
 70
     0
 10
0.0
 20
0.0
 30
0.0
  3
$PAPER_SPACE
  1

  0
ENDBLK
  5
1D
330
142C
100
AcDbEntity
  8
0
100
AcDbBlockEnd
  0
ENDSEC
  0
SECTION
  2
ENTITIES
  0
LWPOLYLINE
  5
41
330
1422
100
AcDbEntity
  8
LAYER_1
100
AcDbPolyline
 90
        8
 70
     1
 43
0.0
 10
-99.9995
 20
-100.0005
 10
-69.99900000000001
 20
0.0000000000000066
 10
-99.9995
 20
100.0005
 10
0.001
 20
70.0
 10
100.0015
 20
100.0005
 10
70.00099999999999
 20
-0.000000000000002
 10
100.0015
 20
-100.0005
 10
0.001
 20
-70.0
  0
LWPOLYLINE
  5
42
330
1422
100
AcDbEntity
  8
LAYER_1
100
AcDbPolyline
 90
       97
 70
     1
 43
0.0
 10
84.00509844289381
 20
85.97078205691872
 10
84.10807255156793
 20
85.95445038249142
 10
84.31341299297663
 20
85.88337149266743
 10
84.51503175278462
 20
85.76638151363304
 10
84.70943525457503
 20
85.60985200388817
 10
84.89312992193084
 20
85.42015452193219
 10
85.06262217843508
 20
85.20366062626525
 10
85.21441844767059
 20
84.96674187538598
 10
85.34502515322044
 20
84.7157698277947
 10
85.45094871866742
 20
84.45711604199097
 10
85.5286955675948
 20
84.19715207647405
 10
85.57477212358525
 20
83.94224948974377
 10
85.5856848102219
 20
83.69877984029974
 10
85.55794005108776
 20
83.47311468664157
 10
85.52847938672632
 20
83.3689499077632
 10
85.4880442697657
 20
83.27162558726893
 10
85.4361980031539
 20
83.18193816997059
 10
85.37250388983876
 20
83.10068410068085
 10
85.27071380278909
 20
83.03459097635814
 10
85.06361635984033
 20
82.93060698962046
 10
84.39063023886342
 20
82.58873817910616
 10
83.95330697714426
 20
82.34073923043208
 10
83.46780719214418
 20
82.03462116954829
 10
82.94841359201765
 20
81.66532693400631
 10
82.6804699575803
 20
81.45540841872335
 10
82.40940888491921
 20
81.22779946135734
 10
82.13701571255379
 20
80.98186792910253
 10
81.86507577900334
 20
80.71698168915295
 10
81.59537442278724
 20
80.43250860870205
 10
81.32969698242467
 20
80.12781655494409
 10
81.06982879643513
 20
79.80227339507284
 10
80.81755520333771
 20
79.45524699628222
 10
80.5746615416519
 20
79.0861052257663
 10
80.34293314989705
 20
78.69421595071894
 10
80.12415536659233
 20
78.27894703833372
 10
79.92011353025716
 20
77.83966635580499
 10
79.73259297941081
 20
77.37574177032657
 10
79.56337905257261
 20
76.88654114909221
 10
79.41425708826196
 20
76.3714323592961
 10
79.28701242499807
 20
75.82978326813206
 10
79.18343040130015
 20
75.26096174279402
 10
79.10529635568781
 20
74.66433565047528
 10
78.46439432502158
 20
74.42550955945309
 10
77.82762986923081
 20
74.17468454252265
 10
77.19532524390924
 20
73.91203434722573
 10
76.56780270465056
 20
73.63773272110356
 10
75.9453845070485
 20
73.35195341169806
 10
75.32839290669669
 20
73.05487016654986
 10
74.71715015918879
 20
72.74665673320129
 10
74.11197852011863
 20
72.42748685919344
 10
73.51320024507988
 20
72.09753429206796
 10
72.92113758966602
 20
71.75697277936622
 10
72.33611280947094
 20
71.4059760686297
 10
71.75844816008825
 20
71.04471790739982
 10
71.18846589711167
 20
70.67337204321827
 10
70.62648827613493
 20
70.29211222362639
 10
70.07283755275159
 20
69.90111219616577
 10
69.52783598255554
 20
69.50054570837767
 10
70.30749722968455
 20
70.74017073564274
 10
71.10237296332623
 20
71.98018301042266
 10
71.89059698626579
 20
73.22697086000461
 10
72.65030310128857
 20
74.48692261167661
 10
73.01262875670156
 20
75.1238313030739
 10
73.3596251111799
 20
75.76642659272678
 10
73.68855889007166
 20
76.41550702154595
 10
73.996696818725
 20
77.07187113044253
 10
74.28130562248816
 20
77.7363174603274
 10
74.53965202670925
 20
78.4096445521117
 10
74.7690027567364
 20
79.09265094670633
 10
74.96662453791779
 20
79.78613518502256
 10
75.59317069185905
 20
79.75196123487996
 10
76.18941046292231
 20
79.75744557980241
 10
76.7560930578363
 20
79.80008223300105
 10
77.29396768332915
 20
79.87736520768733
 10
77.80378354612945
 20
79.98678851707254
 10
78.28628985296564
 20
80.1258461743677
 10
78.74223581056601
 20
80.29203219278423
 10
79.17237062565924
 20
80.48284058553294
 10
79.57744350497344
 20
80.69576536582559
 10
79.95820365523734
 20
80.92830054687329
 10
80.31540028317905
 20
81.1779401418873
 10
80.64978259552731
 20
81.44217816407872
 10
80.96209979901045
 20
81.71850862665888
 10
81.25310110035677
 20
82.0044255428392
 10
81.52353570629477
 20
82.29742292583075
 10
81.77415282355296
 20
82.59499478884476
 10
82.00570165885968
 20
82.89463514509272
 10
82.21893141894337
 20
83.19383800778547
 10
82.59343054035538
 20
83.78090730535109
 10
82.90364384161645
 20
84.3361547872319
 10
83.15556497655403
 20
84.83953255911751
 10
83.50850536276814
 20
85.61048739566412
 10
83.62151192169964
 20
85.83796867170507
 10
83.66477151617095
 20
85.90343932040651
 10
83.70020092961722
 20
85.93338866051089
 10
83.80072593486628
 20
85.96104764074068
 10
83.90250400497578
 20
85.97324662460584
  0
LWPOLYLINE
  5
43
330
1422
100
AcDbEntity
  8
LAYER_1
100
AcDbPolyline
 90
       72
 70
     1
 43
0.0
 10
-31.24909490674315
 20
79.37513784680823
 10
-31.24618451670845
 20
79.14353575121999
 10
-31.22390652880887
 20
78.500084632741
 10
-31.52104466880248
 20
78.62982745227808
 10
-31.82963671375153
 20
78.74855337890159
 10
-32.14867592572739
 20
78.85617317237351
 10
-32.47715556680082
 20
78.95259759245519
 10
-32.81406889904283
 20
79.03773739890795
 10
-33.15840918452436
 20
79.11150335149351
 10
-33.50916968531634
 20
79.17380620997294
 10
-33.86534366348999
 20
79.22455673410758
 10
-34.22592438111602
 20
79.26366568365931
 10
-34.58990510026544
 20
79.29104381838918
 10
-34.95627908300943
 20
79.3066018980587
 10
-35.3240395914187
 20
79.31025068242937
 10
-35.69217988756436
 20
79.30190093126221
 10
-36.05969323351741
 20
79.28146340431941
 10
-36.42557289134869
 20
79.24884886136159
 10
-36.78881212312925
 20
79.20396806215086
 10
-37.14840419093001
 20
79.14673176644827
 10
-37.50334235682215
 20
79.07705073401515
 10
-37.85261988287646
 20
78.99483572461303
 10
-38.19523003116382
 20
78.89999749800338
 10
-38.53016606375535
 20
78.79244681394759
 10
-38.85642124272207
 20
78.67209443220693
 10
-39.17298883013486
 20
78.53885111254334
 10
-39.47886208806486
 20
78.3926276147176
 10
-39.77303427858282
 20
78.23333469849155
 10
-40.05449866375963
 20
78.06088312362634
 10
-40.32224850566653
 20
77.87518364988364
 10
-40.57527706637435
 20
77.67614703702452
 10
-40.81257760795413
 20
77.46368404481088
 10
-41.03314339247684
 20
77.23770543300353
 10
-41.23596768201346
 20
76.99812196136439
 10
-41.4200437386349
 20
76.74484438965494
 10
-41.72913726631884
 20
76.24955756253591
 10
-42.00511871495982
 20
75.73873075556949
 10
-42.25034142416239
 20
75.21379719345275
 10
-42.46715873353118
 20
74.67619010088228
 10
-42.65792398267097
 20
74.12734270255477
 10
-42.82499051118611
 20
73.5686882231673
 10
-42.97071165868132
 20
73.00165988741646
 10
-43.0974407647612
 20
72.42769091999895
 10
-43.2075311690305
 20
71.84821454561213
 10
-43.30333621109356
 20
71.26466398895243
 10
-43.46150356702013
 20
70.09107322760117
 10
-43.5907695493776
 20
68.91838443352049
 10
-43.70996087500314
 20
67.75806340428468
 10
-46.8579289157512
 20
67.75824475144604
 10
-46.88068792412741
 20
68.60879001701187
 10
-46.87784416409341
 20
69.44013410655704
 10
-46.85018257461661
 20
70.25246952112188
 10
-46.79848809466448
 20
71.04598876174695
 10
-46.72354566320445
 20
71.82088432947269
 10
-46.62614021920397
 20
72.57734872533912
 10
-46.50705670163038
 20
73.31557445038638
 10
-46.36708004945128
 20
74.03575400565529
 10
-46.20699520163408
 20
74.73807989218581
 10
-46.02758709714619
 20
75.42274461101841
 10
-45.82964067495504
 20
76.08994066319353
 10
-45.61394087402816
 20
76.73986054975102
 10
-45.38127263333278
 20
77.37269677173144
 10
-45.13242089183668
 20
77.98864183017565
 10
-44.868170588507
 20
78.58788822612313
 10
-44.58930666231136
 20
79.17062846061485
 10
-44.29661405221707
 20
79.73705503469055
 10
-43.99087769719176
 20
80.28736044939115
 10
-43.6728825362027
 20
80.82173720575644
 10
-43.34341350821742
 20
81.34037780482698
 10
-43.00325555220346
 20
81.84347474764271
 10
-42.653193607128
 20
82.33122053524491
 10
-42.36528393967182
 20
82.71003346315392
  0
LWPOLYLINE
  5
44
330
1422
100
AcDbEntity
  8
LAYER_1
100
AcDbPolyline
 90
       45
 70
     1
 43
0.0
 10
-9.620144468506053
 20
72.88637701438908
 10
-9.650076766714041
 20
72.85821351382407
 10
-9.882723773182942
 20
72.66312757626774
 10
-10.12538276433855
 20
72.47537994441998
 10
-10.37826264078616
 20
72.29543645209197
 10
-10.64157230313152
 20
72.12376293309477
 10
-10.91552065198017
 20
71.96082522124034
 10
-11.2003165879378
 20
71.80708915034021
 10
-11.49616901160988
 20
71.66302055420458
 10
-11.80328682360197
 20
71.52908526664578
 10
-12.12187892451975
 20
71.40574912147491
 10
-12.45215421496871
 20
71.29347795250291
 10
-12.79432159555449
 20
71.19273759354157
 10
-13.14858996688274
 20
71.1039938784021
 10
-13.51516822955884
 20
71.02771264089601
 10
-13.89426528418865
 20
70.9643597148345
 10
-14.28609003137752
 20
70.91440093402869
 10
-14.69085137173118
 20
70.87830213229006
 10
-15.10875820585518
 20
70.85652914343026
 10
-15.5400194343551
 20
70.8495478012602
 10
-15.67574638839795
 20
70.86451687449114
 10
-15.95403750171152
 20
70.91201195333507
 10
-16.35121942627546
 20
70.99613552122021
 10
-16.84361881406908
 20
71.1209900615743
 10
-17.40756231707226
 20
71.29067805782475
 10
-18.01937658726422
 20
71.50930199339993
 10
-18.33583733879981
 20
71.6382469645052
 10
-18.65538827662488
 20
71.78096435172715
 10
-18.97507023223705
 20
71.93796696549437
 10
-19.29192403713365
 20
72.10976761623495
 10
-19.6029905228122
 20
72.29687911437753
 10
-19.90531052077012
 20
72.49981427035044
 10
-20.19592486250477
 20
72.71908589458262
 10
-20.47187437951379
 20
72.95520679750193
 10
-20.73019990329443
 20
73.2086897895373
 10
-20.9679422653442
 20
73.48004768111676
 10
-21.18214229716064
 20
73.76979328266937
 10
-21.36984083024108
 20
74.07843940462341
 10
-21.5280786960831
 20
74.40649885740724
 10
-21.65389672618397
 20
74.75448445144923
 10
-21.7443357520412
 20
75.12290899717803
 10
-21.79643660515229
 20
75.51228530502218
 10
-21.8072401170147
 20
75.92312618540991
 10
-21.7737871191258
 20
76.35594444876997
 10
-21.74408279980885
 20
76.52360094735192
  0
LWPOLYLINE
  5
45
330
1422
100
AcDbEntity
  8
LAYER_1
100
AcDbPolyline
 90
       44
 70
     1
 43
0.0
 10
21.64180618119099
 20
76.35594444876997
 10
21.67525917907991
 20
75.92312618541003
 10
21.66445566721751
 20
75.51228530502218
 10
21.61235481410644
 20
75.12290899717803
 10
21.52191578824913
 20
74.75448445144913
 10
21.39609775814824
 20
74.40649885740724
 10
21.23785989230624
 20
74.07843940462349
 10
21.0501613592258
 20
73.76979328266954
 10
20.83596132740936
 20
73.48004768111689
 10
20.59821896535959
 20
73.20868978953709
 10
20.33989344157894
 20
72.95520679750193
 10
20.06394392456994
 20
72.71908589458255
 10
19.77332958283527
 20
72.49981427035044
 10
19.47100958487732
 20
72.29687911437749
 10
19.1599430991988
 20
72.10976761623488
 10
18.84308929430225
 20
71.93796696549431
 10
18.52340733869011
 20
71.78096435172715
 10
18.20385640086498
 20
71.6382469645052
 10
17.88739564932947
 20
71.50930199339993
 10
17.27558137913741
 20
71.29067805782475
 10
16.71163787613429
 20
71.1209900615743
 10
16.21923848834063
 20
70.99613552122021
 10
15.82205656377674
 20
70.91201195333507
 10
15.54376545046311
 20
70.86451687449109
 10
15.40803849642026
 20
70.84954780126006
 10
14.97677726792039
 20
70.85652914343031
 10
14.55887043379641
 20
70.87830213229006
 10
14.15410909344281
 20
70.91440093402856
 10
13.76228434625382
 20
70.96435971483444
 10
13.38318729162411
 20
71.02771264089601
 10
13.01660902894791
 20
71.10399387840217
 10
12.6623406576197
 20
71.19273759354162
 10
12.32017327703389
 20
71.29347795250291
 10
11.98989798658492
 20
71.40574912147491
 10
11.67130588566712
 20
71.52908526664578
 10
11.36418807367505
 20
71.66302055420451
 10
11.068335650003
 20
71.80708915034021
 10
10.78353971404548
 20
71.96082522124052
 10
10.50959136519681
 20
72.12376293309477
 10
10.24628170285139
 20
72.2954364520919
 10
9.993401826403703
 20
72.47537994441997
 10
9.750742835248194
 20
72.66312757626774
 10
9.520775946962132
 20
72.85596610313786
 10
21.6188638934173
 20
76.4854348301705
  0
LWPOLYLINE
  5
46
330
1422
100
AcDbEntity
  8
LAYER_1
100
AcDbPolyline
 90
       97
 70
     1
 43
0.0
 10
-83.93270687280107
 20
85.9610476407408
 10
-83.832181867552
 20
85.93338866051082
 10
-83.79675245410577
 20
85.90343932040664
 10
-83.75349285963446
 20
85.83796867170507
 10
-83.640486300703
 20
85.61048739566412
 10
-83.28754591448884
 20
84.83953255911739
 10
-83.03562477955134
 20
84.33615478723199
 10
-82.7254114782902
 20
83.78090730535109
 10
-82.35091235687825
 20
83.19383800778537
 10
-82.13768259679445
 20
82.89463514509272
 10
-81.9061337614878
 20
82.59499478884476
 10
-81.65551664422974
 20
82.29742292583075
 10
-81.38508203829164
 20
82.00442554283929
 10
-81.09408073694515
 20
81.71850862665888
 10
-80.78176353346213
 20
81.44217816407872
 10
-80.44738122111395
 20
81.17794014188737
 10
-80.09018459317207
 20
80.92830054687317
 10
-79.70942444290827
 20
80.69576536582559
 10
-79.304351563594
 20
80.48284058553283
 10
-78.8742167485008
 20
80.29203219278423
 10
-78.41827079090042
 20
80.12584617436756
 10
-77.93576448406437
 20
79.98678851707254
 10
-77.425948621264
 20
79.87736520768733
 10
-76.88807399577091
 20
79.80008223300105
 10
-76.32139140085708
 20
79.75744557980234
 10
-75.72515162979382
 20
79.75196123487996
 10
-75.09860547585276
 20
79.78613518502256
 10
-74.90098369467125
 20
79.09265094670627
 10
-74.67163296464403
 20
78.40964455211167
 10
-74.41328656042296
 20
77.7363174603274
 10
-74.12867775665991
 20
77.07187113044243
 10
-73.82053982800645
 20
76.41550702154595
 10
-73.49160604911476
 20
75.76642659272678
 10
-73.14460969463649
 20
75.12383130307383
 10
-72.78228403922331
 20
74.48692261167661
 10
-72.02257792420062
 20
73.22697086000473
 10
-71.23435390126106
 20
71.98018301042266
 10
-70.43947816761944
 20
70.74017073564276
 10
-69.65981692049036
 20
69.50054570837775
 10
-70.20481849068646
 20
69.90111219616564
 10
-70.75846921406974
 20
70.29211222362639
 10
-71.32044683504649
 20
70.6733720432182
 10
-71.89042909802309
 20
71.0447179073999
 10
-72.46809374740569
 20
71.4059760686297
 10
-73.05311852760087
 20
71.75697277936617
 10
-73.64518118301461
 20
72.09753429206789
 10
-74.24395945805357
 20
72.42748685919344
 10
-74.84913109712376
 20
72.74665673320122
 10
-75.46037384463139
 20
73.05487016654986
 10
-76.07736544498343
 20
73.35195341169806
 10
-76.69978364258533
 20
73.63773272110356
 10
-77.32730618184413
 20
73.91203434722573
 10
-77.95961080716548
 20
74.17468454252265
 10
-78.59637526295641
 20
74.42550955945319
 10
-79.23727729362269
 20
74.6643356504753
 10
-79.31541133923506
 20
75.26096174279388
 10
-79.41899336293281
 20
75.82978326813197
 10
-79.54623802619678
 20
76.37143235929617
 10
-79.69535999050747
 20
76.88654114909221
 10
-79.86457391734568
 20
77.37574177032657
 10
-80.05209446819195
 20
77.83966635580499
 10
-80.25613630452715
 20
78.27894703833369
 10
-80.47491408783184
 20
78.69421595071898
 10
-80.7066424795868
 20
79.08610522576622
 10
-80.94953614127256
 20
79.45524699628222
 10
-81.2018097343699
 20
79.80227339507284
 10
-81.46167792035955
 20
80.12781655494414
 10
-81.7273553607221
 20
80.43250860870205
 10
-81.9970567169382
 20
80.71698168915295
 10
-82.26899665048854
 20
80.98186792910269
 10
-82.54138982285395
 20
81.22779946135734
 10
-82.81245089551516
 20
81.45540841872335
 10
-83.08039452995247
 20
81.66532693400625
 10
-83.59978813007904
 20
82.03462116954829
 10
-84.08528791507908
 20
82.34073923043208
 10
-84.52261117679823
 20
82.58873817910618
 10
-85.19559729777515
 20
82.93060698962046
 10
-85.40269474072387
 20
83.03459097635816
 10
-85.50448482777351
 20
83.10068410068085
 10
-85.56817894108872
 20
83.18193816997059
 10
-85.62002520770056
 20
83.27162558726882
 10
-85.66046032466106
 20
83.3689499077632
 10
-85.6899209890226
 20
83.47311468664157
 10
-85.71766574815679
 20
83.69877984029965
 10
-85.70675306152013
 20
83.94224948974377
 10
-85.66067650552957
 20
84.19715207647398
 10
-85.58292965660221
 20
84.45711604199086
 10
-85.47700609115521
 20
84.7157698277947
 10
-85.34639938560543
 20
84.96674187538609
 10
-85.19460311636988
 20
85.20366062626514
 10
-85.02511085986562
 20
85.42015452193224
 10
-84.84141619250996
 20
85.60985200388817
 10
-84.64701269071943
 20
85.76638151363315
 10
-84.44539393091138
 20
85.88337149266743
 10
-84.24005348950272
 20
85.95445038249142
 10
-84.1370793808287
 20
85.97078205691872
 10
-84.03448494291076
 20
85.97324662460597
  0
LWPOLYLINE
  5
47
330
1422
100
AcDbEntity
  8
LAYER_1
100
AcDbPolyline
 90
      105
 70
     1
 43
0.0
 10
77.06468501646488
 20
93.02849503555142
 10
76.55941595210686
 20
92.52299860435085
 10
76.07877108875793
 20
91.98817833882499
 10
75.62567497495866
 20
91.4230978859304
 10
75.20305215924984
 20
90.82682089262277
 10
75.00408215959824
 20
90.51669108298773
 10
74.81382719017194
 20
90.19841100585804
 10
74.63265281953856
 20
89.87186361710319
 10
74.46092461626588
 20
89.53693187259272
 10
74.29900814892113
 20
89.19349872819633
 10
74.14726898607212
 20
88.8414471397829
 10
74.00607269628631
 20
88.48066006322243
 10
73.87578484813139
 20
88.11102045438433
 10
73.7567710101749
 20
87.73241126913807
 10
73.64939675098438
 20
87.34471546335319
 10
73.55402763912751
 20
86.9478159928991
 10
73.47102924317169
 20
86.54159581364556
 10
73.40076713168468
 20
86.12593788146181
 10
73.34360687323401
 20
85.70072515221749
 10
73.04207277569442
 20
85.69560252545427
 10
72.42312087248419
 20
85.67007223501191
 10
71.53549828773022
 20
85.60669470054085
 10
70.4279521455593
 20
85.4880303416909
 10
69.80694121673223
 20
85.40251573426465
 10
69.14922957009837
 20
85.29663957811207
 10
68.4609105961738
 20
85.16822192568998
 10
67.74807768547431
 20
85.01508282945465
 10
67.01682422851575
 20
84.83504234186218
 10
66.27324361581402
 20
84.62592051536875
 10
65.52342923788502
 20
84.38553740243081
 10
64.77347448524439
 20
84.11171305550427
 10
64.02947274840835
 20
83.80226752704562
 10
63.29751741789241
 20
83.45502086951119
 10
62.58370188421274
 20
83.06779313535738
 10
62.23550072572255
 20
82.85850513094048
 10
61.8941195378849
 20
82.63840437703999
 10
61.56031999451421
 20
82.40721838021237
 10
61.2348637694249
 20
82.16467464701549
 10
60.91851253643157
 20
81.91050068400587
 10
60.61202796934867
 20
81.64442399774017
 10
60.31617174199064
 20
81.3661720947762
 10
60.031705528172
 20
81.07547248167056
 10
59.75939100170726
 20
80.77205266498017
 10
59.49998983641076
 20
80.45564015126249
 10
59.25426370609707
 20
80.12596244707404
 10
59.02297428458075
 20
79.78274705897248
 10
58.80688324567625
 20
79.42572149351396
 10
58.60675226319795
 20
79.05461325725635
 10
58.42334301096044
 20
78.66914985675639
 10
58.25741716277811
 20
78.26905879857098
 10
58.10973639246554
 20
77.85406758925706
 10
57.9810623738372
 20
77.42390373537232
 10
57.87215678070746
 20
76.97829474347326
 10
57.78378128689096
 20
76.51696812011653
 10
57.71669756620199
 20
76.03965137186001
 10
57.67166729245537
 20
75.54607200526027
 10
57.64945213946525
 20
75.03595752687409
 10
57.65081378104611
 20
74.50903544325932
 10
57.67651389101271
 20
73.96503326097214
 10
57.72731414317933
 20
73.40367848657009
 10
57.82056264062556
 20
72.76624153853314
 10
57.95447670092059
 20
72.13460833199009
 10
58.12456710331844
 20
71.50927578154986
 10
58.32634462707289
 20
70.89074080182179
 10
58.55532005143796
 20
70.27950030741482
 10
58.80700415566754
 20
69.67605121293797
 10
59.07690771901533
 20
69.080890433001
 10
59.36054152073542
 20
68.49451488221245
 10
54.52064673211804
 20
68.49451488221228
 10
54.39321480252772
 20
69.32655161432044
 10
54.20046761243447
 20
70.36545086152829
 10
53.96977698607601
 20
71.57948745772761
 10
53.72851474769014
 20
72.93693623680983
 10
53.61247296906118
 20
73.65952608052303
 10
53.50405272151456
 20
74.4060720326662
 10
53.40667548308005
 20
75.17260844747607
 10
53.32376273178721
 20
75.95516967918857
 10
53.25873594566589
 20
76.7497900820403
 10
53.21501660274584
 20
77.55250401026781
 10
53.19602618105667
 20
78.35934581810743
 10
53.20518615862813
 20
79.1663498597958
 10
53.24591801348996
 20
79.96955048956888
 10
53.32164322367207
 20
80.76498206166347
 10
53.43578326720381
 20
81.54867893031591
 10
53.59175962211514
 20
82.31667544976271
 10
53.68650562822248
 20
82.69354681423283
 10
53.79299376643576
 20
83.06500597424017
 10
53.91165172150885
 20
83.43055722406434
 10
54.04290717819536
 20
83.78970485798488
 10
54.18718782124916
 20
84.14195317028129
 10
54.34492133542373
 20
84.48680645523301
 10
54.51653540547299
 20
84.82376900711976
 10
54.70245771615053
 20
85.15234512022111
 10
54.9031159522101
 20
85.47203908881666
 10
55.11893779840548
 20
85.78235520718576
 10
55.35035093949028
 20
86.08279776960777
 10
55.59778306021838
 20
86.37287107036316
 10
55.86166184534325
 20
86.65207940373042
 10
56.02421524092374
 20
86.80716065255007
 10
62.84057826310307
 20
88.85209341635514
 10
62.97765708632706
 20
88.87729741502875
 10
63.20731150124469
 20
88.93797584996304
 10
63.43306512810575
 20
89.01203976180772
 10
63.60792081803239
 20
89.08229886851946
 10
77.21480583789755
 20
93.1644119983385
  0
LWPOLYLINE
  5
48
330
1422
100
AcDbEntity
  8
LAYER_1
100
AcDbPolyline
 90
      106
 70
     1
 43
0.0
 10
-63.97470814906933
 20
89.19293635857973
 10
-63.78532409492293
 20
89.10055010736178
 10
-63.5650460660406
 20
89.01203976180765
 10
-63.3392924391795
 20
88.93797584996288
 10
-63.1096380242619
 20
88.87729741502864
 10
-62.64492606994607
 20
88.79185314869568
 10
-62.63437893351485
 20
88.7908329027846
 10
-56.2176533012646
 20
86.8657927546821
 10
-55.993642783278
 20
86.65207940373042
 10
-55.72976399815299
 20
86.37287107036316
 10
-55.48233187742515
 20
86.0827977696079
 10
-55.25091873634025
 20
85.78235520718576
 10
-55.03509689014489
 20
85.47203908881661
 10
-54.83443865408529
 20
85.15234512022111
 10
-54.64851634340788
 20
84.82376900711976
 10
-54.47690227335867
 20
84.48680645523284
 10
-54.319168759184
 20
84.1419531702812
 10
-54.17488811613024
 20
83.78970485798488
 10
-54.04363265944364
 20
83.43055722406429
 10
-53.9249747043707
 20
83.06500597424017
 10
-53.81848656615728
 20
82.69354681423283
 10
-53.72374056004987
 20
82.31667544976271
 10
-53.56776420513856
 20
81.54867893031596
 10
-53.45362416160676
 20
80.76498206166347
 10
-53.37789895142482
 20
79.96955048956865
 10
-53.33716709656299
 20
79.1663498597958
 10
-53.32800711899142
 20
78.35934581810753
 10
-53.34699754068068
 20
77.55250401026781
 10
-53.39071688360073
 20
76.7497900820403
 10
-53.45574366972214
 20
75.95516967918857
 10
-53.53865642101479
 20
75.17260844747607
 10
-53.63603365944932
 20
74.40607203266626
 10
-53.8604956856249
 20
72.93693623680983
 10
-54.10175792401076
 20
71.57948745772761
 10
-54.3324485503694
 20
70.36545086152829
 10
-54.52519574046249
 20
69.32655161432044
 10
-54.5987868518355
 20
68.88269261099715
 10
-54.65262767005295
 20
68.49451488221228
 10
-59.49252245867018
 20
68.49451488221228
 10
-59.20888865695014
 20
69.080890433001
 10
-58.93898509360233
 20
69.67605121293809
 10
-58.68730098937279
 20
70.27950030741482
 10
-58.4583255650077
 20
70.89074080182186
 10
-58.25654804125317
 20
71.50927578154977
 10
-58.08645763885543
 20
72.13460833199015
 10
-57.95254357856027
 20
72.76624153853302
 10
-57.85929508111411
 20
73.40367848657009
 10
-57.80849482894757
 20
73.96503326097224
 10
-57.78279471898103
 20
74.50903544325932
 10
-57.78143307739997
 20
75.03595752687409
 10
-57.80364823039013
 20
75.54607200526013
 10
-57.84867850413686
 20
76.03965137186001
 10
-57.91576222482587
 20
76.51696812011656
 10
-58.00413771864231
 20
76.9782947434732
 10
-58.11304331177202
 20
77.42390373537232
 10
-58.24171733040036
 20
77.85406758925706
 10
-58.38939810071299
 20
78.26905879857108
 10
-58.55532394889524
 20
78.66914985675652
 10
-58.73873320113271
 20
79.05461325725635
 10
-58.93886418361105
 20
79.42572149351396
 10
-59.15495522251561
 20
79.78274705897248
 10
-59.38624464403197
 20
80.12596244707395
 10
-59.63197077434555
 20
80.45564015126245
 10
-59.891371939642
 20
80.77205266498017
 10
-60.16368646610675
 20
81.07547248167071
 10
-60.44815267992547
 20
81.3661720947762
 10
-60.74400890728349
 20
81.64442399774017
 10
-61.0504934743664
 20
81.91050068400592
 10
-61.36684470735989
 20
82.16467464701549
 10
-61.69230093244909
 20
82.40721838021237
 10
-62.02610047581967
 20
82.6384043770401
 10
-62.36748166365734
 20
82.85850513094063
 10
-62.71568282214747
 20
83.06779313535733
 10
-63.42949835582736
 20
83.45502086951134
 10
-64.16145368634321
 20
83.80226752704562
 10
-64.90545542317929
 20
84.11171305550407
 10
-65.65541017581974
 20
84.38553740243069
 10
-66.40522455374885
 20
84.62592051536875
 10
-67.14880516645054
 20
84.83504234186229
 10
-67.88005862340911
 20
85.01508282945449
 10
-68.59289153410855
 20
85.16822192568998
 10
-69.28121050803316
 20
85.296639578112
 10
-69.93892215466688
 20
85.40251573426457
 10
-70.55993308349403
 20
85.4880303416909
 10
-71.66747922566507
 20
85.60669470054085
 10
-72.555101810419
 20
85.67007223501191
 10
-73.17405371362922
 20
85.69560252545436
 10
-73.47558781116886
 20
85.7007251522176
 10
-73.53274806961948
 20
86.12593788146181
 10
-73.6030101811065
 20
86.54159581364556
 10
-73.68600857706225
 20
86.9478159928991
 10
-73.78137768891932
 20
87.34471546335319
 10
-73.88875194810968
 20
87.73241126913813
 10
-74.00776578606616
 20
88.11102045438433
 10
-74.1380536342211
 20
88.48066006322232
 10
-74.27924992400682
 20
88.8414471397829
 10
-74.43098908685596
 20
89.19349872819633
 10
-74.59290555420064
 20
89.53693187259267
 10
-74.7646337574735
 20
89.87186361710334
 10
-74.94580812810681
 20
90.19841100585813
 10
-75.33503309718466
 20
90.8268208926227
 10
-75.75765591289346
 20
91.4230978859304
 10
-76.21075202669266
 20
91.98817833882499
 10
-76.69139689004153
 20
92.52299860435085
 10
-77.19666595439959
 20
93.02849503555142
 10
-77.4131826413319
 20
93.22452574068407
  0
LWPOLYLINE
  5
49
330
1422
100
AcDbEntity
  8
LAYER_1
100
AcDbPolyline
 90
       72
 70
     1
 43
0.0
 10
42.52121266919324
 20
82.33122053524491
 10
42.87127461426871
 20
81.84347474764289
 10
43.21143257028274
 20
81.34037780482683
 10
43.54090159826796
 20
80.82173720575653
 10
43.85889675925702
 20
80.28736044939115
 10
44.16463311428244
 20
79.73705503469055
 10
44.45732572437654
 20
79.17062846061485
 10
44.73618965057226
 20
78.58788822612313
 10
45.00043995390192
 20
77.98864183017577
 10
45.24929169539811
 20
77.37269677173156
 10
45.48195993609335
 20
76.73986054975102
 10
45.69765973702032
 20
76.08994066319353
 10
45.89560615921143
 20
75.42274461101841
 10
46.07501426369935
 20
74.73807989218581
 10
46.23509911151658
 20
74.03575400565522
 10
46.37507576369571
 20
73.31557445038649
 10
46.49415928126923
 20
72.57734872533912
 10
46.59156472526969
 20
71.82088432947269
 10
46.66650715672981
 20
71.04598876174695
 10
46.71820163668197
 20
70.25246952112188
 10
46.7458632261587
 20
69.44013410655699
 10
46.74870698619277
 20
68.6087900170119
 10
46.72594797781641
 20
67.75824475144594
 10
43.57797993706831
 20
67.75806340428474
 10
43.45878861144282
 20
68.91838443352049
 10
43.32952262908525
 20
70.09107322760126
 10
43.17135527315882
 20
71.26466398895243
 10
43.07555023109567
 20
71.84821454561213
 10
42.96545982682649
 20
72.42769091999907
 10
42.83873072074654
 20
73.00165988741646
 10
42.69300957325135
 20
73.5686882231673
 10
42.52594304473623
 20
74.12734270255477
 10
42.33517779559645
 20
74.67619010088228
 10
42.11836048622761
 20
75.21379719345262
 10
41.87313777702502
 20
75.73873075556949
 10
41.59715632838397
 20
76.24955756253602
 10
41.28806280070003
 20
76.74484438965494
 10
41.10398674407863
 20
76.99812196136439
 10
40.901162454542
 20
77.23770543300346
 10
40.6805966700194
 20
77.46368404481088
 10
40.4432961284396
 20
77.67614703702459
 10
40.19026756773171
 20
77.87518364988364
 10
39.92251772582489
 20
78.06088312362634
 10
39.64105334064796
 20
78.23333469849145
 10
39.34688115013005
 20
78.3926276147176
 10
39.04100789220011
 20
78.53885111254334
 10
38.72444030478736
 20
78.67209443220701
 10
38.39818512582065
 20
78.79244681394769
 10
38.0632490932291
 20
78.89999749800333
 10
37.72063894494162
 20
78.99483572461287
 10
37.37136141888742
 20
79.07705073401515
 10
37.01642325299527
 20
79.14673176644822
 10
36.65683118519446
 20
79.20396806215086
 10
36.2935919534139
 20
79.24884886136159
 10
35.92771229558256
 20
79.28146340431933
 10
35.56019894962962
 20
79.30190093126221
 10
35.19205865348398
 20
79.3102506824292
 10
34.82429814507464
 20
79.30660189805863
 10
34.45792416233076
 20
79.29104381838918
 10
34.09394344318128
 20
79.26366568365931
 10
33.73336272555518
 20
79.22455673410768
 10
33.37718874738161
 20
79.17380620997281
 10
33.02642824658951
 20
79.1115033514935
 10
32.68208796110798
 20
79.03773739890795
 10
32.34517462886602
 20
78.95259759245519
 10
32.01669498779253
 20
78.85617317237351
 10
31.69765577581679
 20
78.74855337890171
 10
31.38906373086759
 20
78.62982745227805
 10
31.09192559087413
 20
78.50008463274114
 10
31.11420357877371
 20
79.14353575121987
 10
31.11660695661324
 20
79.3347909910638
 10
42.2581800109395
 20
82.67730190267242
  0
LWPOLYLINE
  5
4A
330
1422
100
AcDbEntity
  8
LAYER_1
100
AcDbPolyline
 90
      262
 70
     1
 43
0.0
 10
0.001
 20
70.0
 10
2.398835163242653
 20
70.7193589413539
 10
2.502005966686875
 20
70.5616646754883
 10
2.930100775555493
 20
69.95630441733941
 10
3.396947516660308
 20
69.34751245176292
 10
3.903709244405296
 20
68.74033774673844
 10
4.451549013194529
 20
68.13982927024595
 10
5.041629877432146
 20
67.55103599026442
 10
5.675114891522093
 20
66.9790068747735
 10
6.35316710986862
 20
66.4287908917529
 10
6.709269375139308
 20
66.1634406274124
 10
7.076949586875651
 20
65.90543700918188
 10
7.456353126878135
 20
65.65541115805872
 10
7.847625376947291
 20
65.41399419504029
 10
8.250911718883646
 20
65.18181724112411
 10
8.666357534487609
 20
64.95951141730754
 10
9.094108205559868
 20
64.74770784458809
 10
9.534309113900793
 20
64.54703764396289
 10
9.987105641310915
 20
64.35813193642998
 10
10.45264316959064
 20
64.18162184298644
 10
10.93106708054074
 20
64.01813848462961
 10
11.4225227559615
 20
63.86831298235703
 10
11.9271555776535
 20
63.73277645716627
 10
12.44511092741729
 20
63.61216003005476
 10
12.97653418705324
 20
63.50709482201967
 10
13.52157073836205
 20
63.41821195405863
 10
14.08036596314414
 20
63.34614254716903
 10
14.65306524319996
 20
63.29151772234848
 10
15.23981396033011
 20
63.25496860059422
 10
15.84075749633501
 20
63.23712630290377
 10
16.45604123301524
 20
63.2386219502745
 10
17.08581055217133
 20
63.260086663704
 10
17.73021083560369
 20
63.30215156418976
 10
18.38938746511289
 20
63.36544777272876
 10
19.02951088989815
 20
63.45354192145521
 10
19.67933604672507
 20
63.57447014920603
 10
20.33783570681389
 20
63.72499908575547
 10
21.00398264138487
 20
63.90189536087878
 10
21.67674962165815
 20
64.10192560435064
 10
22.35510941885399
 20
64.32185644594561
 10
23.03803480419264
 20
64.55845451543884
 10
23.72449854889432
 20
64.80848644260503
 10
25.1039322012674
 20
65.33591838905521
 10
26.48519254573507
 20
65.87828532349496
 10
27.86006175205912
 20
66.40972028412264
 10
29.22032199000119
 20
66.90435630913626
 10
29.89240567387948
 20
67.12979129522517
 10
30.5577554293231
 20
67.33632643673471
 10
31.21534402755197
 20
67.52072836344007
 10
31.86414423978643
 20
67.6797637051161
 10
32.50312883724687
 20
67.81019909153754
 10
33.13127059115326
 20
67.90880115247897
 10
33.74754227272588
 20
67.97233651771533
 10
34.35091665318498
 20
67.99757181702171
 10
34.94036650375081
 20
67.98127368017265
 10
35.51486459564348
 20
67.92020873694297
 10
35.79618572309374
 20
67.87187828473975
 10
36.07338370008339
 20
67.81114361710729
 10
36.34633012301479
 20
67.7376005627669
 10
36.61489658829053
 20
67.6508449504408
 10
36.87895469231326
 20
67.55047260885056
 10
37.1383760314853
 20
67.43607936671812
 10
37.39303220220933
 20
67.30726105276527
 10
37.64279480088779
 20
67.16361349571386
 10
37.88753542392328
 20
67.00473252428588
 10
38.12712566771843
 20
66.8302139672031
 10
38.3614371286755
 20
66.63965365318735
 10
38.59034140319707
 20
66.43264741096047
 10
37.10141901394453
 20
66.00619945110134
 10
35.67112807352482
 20
65.56123474069423
 10
34.29860202635806
 20
65.09973761327024
 10
32.98297431686431
 20
64.62369240235999
 10
31.72337838946375
 20
64.13508344149487
 10
30.51894768857634
 20
63.63589506420533
 10
29.36881565862212
 20
63.1281116040224
 10
28.27211574402121
 20
62.61371739447678
 10
27.22798138919359
 20
62.09469676909993
 10
26.23554603855952
 20
61.57303406142244
 10
25.29394313653899
 20
61.05071360497458
 10
24.40230612755185
 20
60.52971973328826
 10
23.55976845601841
 20
60.012036779894
 10
22.76546356635867
 20
59.49964907832241
 10
22.01852490299272
 20
58.99454096210479
 10
21.31808591034042
 20
58.49869676477178
 10
20.66328003282223
 20
58.01410081985458
 10
20.05324071485783
 20
57.54273746088363
 10
19.48710140086754
 20
57.08659102138991
 10
18.96399553527123
 20
56.64764583490484
 10
18.48305656248921
 20
56.22788623495883
 10
18.04341792694128
 20
55.82929655508277
 10
17.28457544522843
 20
55.10356428966511
 10
16.68053564549326
 20
54.48632370689797
 10
16.22436608309621
 20
53.99344947502971
 10
15.7279078917586
 20
53.44429873697627
 10
15.55137805417312
 20
53.82599042134263
 10
15.30754739131654
 20
54.25928445443381
 10
14.99813896933252
 20
54.73209475171296
 10
14.6248758543645
 20
55.23233522864336
 10
14.18948111255618
 20
55.74791980068859
 10
13.69367781005126
 20
56.26676238331159
 10
13.42366140670742
 20
56.52362852717214
 10
13.13918901299332
 20
56.77677689197595
 10
12.84047601217674
 20
57.024696717156
 10
12.52773778752587
 20
57.26587724214453
 10
12.20118972230856
 20
57.49880770637542
 10
11.86104719979274
 20
57.72197734928122
 10
11.50752560324638
 20
57.93387541029467
 10
11.14084031593748
 20
58.13299112884866
 10
10.76120672113377
 20
58.31781374437646
 10
10.36884020210348
 20
58.48683249631053
 10
9.963956142114472
 20
58.6385366240845
 10
9.546769924434716
 20
58.77141536713034
 10
9.11749693233207
 20
58.88395796488171
 10
8.676352549074549
 20
58.97465365677106
 10
8.223552157930198
 20
59.04199168223147
 10
7.759311142166797
 20
59.08446128069596
 10
7.283844885052372
 20
59.10055169159734
 10
6.797368769854901
 20
59.08875215436854
 10
6.300098179842433
 20
59.04755190844237
 10
5.792248498282684
 20
58.97544019325202
 10
5.391797019373287
 20
58.89793436469756
 10
4.994755942599761
 20
58.80398354810817
 10
4.601374797317651
 20
58.69438291567185
 10
4.211903112882096
 20
58.56992763957633
 10
3.826590418648498
 20
58.43141289200997
 10
3.445686243972218
 20
58.27963384516081
 10
3.069440118208433
 20
58.11538567121729
 10
2.698101570712803
 20
57.93946354236709
 10
1.971145327946485
 20
57.55577810870025
 10
1.26681375051586
 20
57.13493892166482
 10
0.5871030732637023
 20
56.68330735876605
 10
-0.0659904689673756
 20
56.20724479750879
 10
-0.7190840111985099
 20
56.68330735876613
 10
-1.398794688450688
 20
57.13493892166479
 10
-2.103126265881234
 20
57.55577810870025
 10
-2.830082508647609
 20
57.93946354236709
 10
-3.201421056143335
 20
58.11538567121729
 10
-3.57766718190697
 20
58.27963384516081
 10
-3.958571356583343
 20
58.43141289200997
 10
-4.343884050816846
 20
58.56992763957638
 10
-4.733355735252473
 20
58.69438291567185
 10
-5.126736880534584
 20
58.80398354810822
 10
-5.523777957308038
 20
58.89793436469756
 10
-5.924229436217454
 20
58.97544019325188
 10
-6.432079117777222
 20
59.04755190844222
 10
-6.929349707789746
 20
59.08875215436854
 10
-7.415825822987197
 20
59.1005516915974
 10
-7.891292080101549
 20
59.08446128069596
 10
-8.355533095865027
 20
59.04199168223152
 10
-8.808333487009393
 20
58.97465365677106
 10
-9.249477870266895
 20
58.88395796488171
 10
-9.678750862369522
 20
58.77141536713034
 10
-10.09593708004925
 20
58.63853662408462
 10
-10.5008211400383
 20
58.48683249631053
 10
-10.8931876590686
 20
58.31781374437636
 10
-11.27282125387219
 20
58.13299112884858
 10
-11.63950654118117
 20
57.93387541029479
 10
-11.99302813772761
 20
57.7219773492811
 10
-12.33317066024339
 20
57.49880770637552
 10
-12.6597187254608
 20
57.26587724214453
 10
-12.97245695011159
 20
57.02469671715593
 10
-13.27116995092814
 20
56.7767768919759
 10
-13.55564234464219
 20
56.52362852717214
 10
-13.82565874798614
 20
56.2667623833117
 10
-14.32146205049099
 20
55.74791980068859
 10
-14.7568567922993
 20
55.23233522864345
 10
-15.13011990726727
 20
54.73209475171296
 10
-15.43952832925145
 20
54.25928445443381
 10
-15.683358992108
 20
53.82599042134253
 10
-15.85988882969342
 20
53.44429873697627
 10
-16.35634702103094
 20
53.99344947502971
 10
-16.812516583428
 20
54.48632370689813
 10
-17.41655638316324
 20
55.10356428966497
 10
-18.17539886487614
 20
55.82929655508277
 10
-19.09597647320608
 20
56.64764583490494
 10
-19.61908233880238
 20
57.08659102139
 10
-20.18522165279265
 20
57.54273746088376
 10
-20.79526097075694
 20
58.01410081985452
 10
-21.45006684827535
 20
58.49869676477178
 10
-22.15050584092752
 20
58.99454096210472
 10
-22.89744450429344
 20
59.4996490783223
 10
-23.69174939395318
 20
60.012036779894
 10
-24.53428706548673
 20
60.52971973328838
 10
-25.42592407447369
 20
61.05071360497465
 10
-26.36752697649425
 20
61.57303406142244
 10
-27.35996232712846
 20
62.09469676909993
 10
-28.40409668195596
 20
62.61371739447678
 10
-29.50079659655691
 20
63.12811160402249
 10
-30.65092862651115
 20
63.63589506420533
 10
-31.8553593273985
 20
64.13508344149483
 10
-33.11495525479904
 20
64.62369240236006
 10
-34.43058296429279
 20
65.09973761327016
 10
-35.80310901145955
 20
65.56123474069416
 10
-37.23339995187925
 20
66.00619945110134
 10
-38.72232234113184
 20
66.43264741096047
 10
-38.49341806661023
 20
66.63965365318728
 10
-38.25910660565311
 20
66.83021396720302
 10
-38.01951636185811
 20
67.00473252428588
 10
-37.77477573882259
 20
67.16361349571386
 10
-37.52501314014416
 20
67.30726105276527
 10
-37.27035696942005
 20
67.43607936671812
 10
-37.01093563024804
 20
67.55047260885056
 10
-36.74687752622529
 20
67.6508449504408
 10
-36.47831106094957
 20
67.7376005627669
 10
-36.20536463801816
 20
67.81114361710724
 10
-35.9281666610285
 20
67.87187828473975
 10
-35.64684553357829
 20
67.92020873694297
 10
-35.3615296592648
 20
67.95653914499431
 10
-35.07234744168549
 20
67.98127368017265
 10
-34.4828975911198
 20
67.9975718170218
 10
-33.87952321066062
 20
67.97233651771533
 10
-33.26325152908803
 20
67.9088011524789
 10
-32.63510977518168
 20
67.81019909153761
 10
-31.99612517772125
 20
67.6797637051161
 10
-31.3473249654867
 20
67.52072836344002
 10
-30.68973636725786
 20
67.33632643673471
 10
-30.02438661181431
 20
67.12979129522517
 10
-29.35230292793595
 20
66.90435630913632
 10
-27.99204268999397
 20
66.40972028412264
 10
-26.61717348366992
 20
65.87828532349496
 10
-25.23591313920218
 20
65.33591838905521
 10
-23.85647948682908
 20
64.80848644260493
 10
-22.48709035678879
 20
64.32185644594561
 10
-21.80873055959302
 20
64.10192560435061
 10
-21.13596357931963
 20
63.90189536087864
 10
-20.46981664474873
 20
63.72499908575555
 10
-19.81131698465981
 20
63.57447014920613
 10
-19.16149182783293
 20
63.45354192145527
 10
-18.52136840304768
 20
63.36544777272876
 10
-17.86219177353841
 20
63.30215156418976
 10
-17.21779149010609
 20
63.260086663704
 10
-16.58802217095002
 20
63.2386219502745
 10
-15.97273843426986
 20
63.23712630290387
 10
-15.37179489826485
 20
63.25496860059422
 10
-14.78504618113472
 20
63.2915177223484
 10
-14.21234690107895
 20
63.34614254716911
 10
-13.65355167629684
 20
63.41821195405853
 10
-13.10851512498807
 20
63.50709482201967
 10
-12.57709186535208
 20
63.61216003005476
 10
-12.05913651558824
 20
63.73277645716623
 10
-11.55450369389632
 20
63.86831298235712
 10
-11.06304801847553
 20
64.01813848462953
 10
-10.58462410752549
 20
64.18162184298636
 10
-10.11908657924565
 20
64.35813193642998
 10
-9.666290051835542
 20
64.54703764396301
 10
-9.226089143494659
 20
64.74770784458818
 10
-8.798338472422511
 20
64.95951141730754
 10
-8.382892656818397
 20
65.18181724112411
 10
-7.979606314882172
 20
65.41399419504036
 10
-7.588334064812923
 20
65.65541115805881
 10
-7.208930524810437
 20
65.90543700918188
 10
-6.841250313074116
 20
66.1634406274124
 10
-6.485148047803408
 20
66.4287908917529
 10
-6.140478347197884
 20
66.70085668120568
 10
-5.807095829456919
 20
66.9790068747735
 10
-5.173610815366992
 20
67.55103599026442
 10
-4.583529951129336
 20
68.13982927024595
 10
-4.035690182340086
 20
68.74033774673851
 10
-3.528928454595134
 20
69.34751245176292
 10
-3.062081713490375
 20
69.95630441733941
 10
-2.633986904621681
 20
70.5616646754883
 10
-2.508833511641073
 20
70.75295883786569
  0
LWPOLYLINE
  5
4B
330
1422
100
AcDbEntity
  8
LAYER_1
100
AcDbPolyline
 90
       86
 70
     1
 43
0.0
 10
86.74207933276441
 20
55.80294674475791
 10
86.70004640539172
 20
55.76090690990193
 10
86.45201945545428
 20
55.53707958198596
 10
86.1904720280229
 20
55.32486120111497
 10
85.94308259001879
 20
55.15145805594375
 10
85.67228716708326
 20
54.99286368407492
 10
85.37847798981802
 20
54.8485557627067
 10
85.06204728882506
 20
54.71801196903649
 10
84.72338729470623
 20
54.60070998026261
 10
84.36289023806358
 20
54.49612747358252
 10
83.98094834949899
 20
54.40374212619413
 10
83.57795385961432
 20
54.32303161529536
 10
83.15429899901159
 20
54.25347361808436
 10
82.71037599829274
 20
54.19454581175865
 10
81.76329449891413
 20
54.10649148055455
 10
80.73984720629395
 20
54.05469003926619
 10
79.64317196524767
 20
54.03496290547664
 10
78.47640662059068
 20
54.04313149676863
 10
77.24268901713838
 20
54.07501723072469
 10
74.58694841310948
 20
54.19322579696142
 10
71.70105291168447
 20
54.35615994484967
 10
68.61010527138636
 20
54.53039101505247
 10
68.93420536883842
 20
59.57830556359507
 10
69.50637532077431
 20
59.33451445336565
 10
70.08628974907452
 20
59.10219894963577
 10
70.67356980721458
 20
58.88508997864697
 10
71.2678366486695
 20
58.68691846664119
 10
71.86871142691481
 20
58.51141533986028
 10
72.47581529542545
 20
58.36231152454507
 10
73.08876940767688
 20
58.24333794693752
 10
73.70719491714438
 20
58.15822553327959
 10
74.28328856551191
 20
58.10747428105215
 10
74.84073539562636
 20
58.08095095113944
 10
75.37984416927693
 20
58.07792054056275
 10
75.90092364825259
 20
58.09764804634236
 10
76.40428259434279
 20
58.13939846549983
 10
76.89022976933647
 20
58.20243679505583
 10
77.35907393502293
 20
58.28602803203087
 10
77.8111238531913
 20
58.38943717344667
 10
78.24668828563062
 20
58.51192921632398
 10
78.66607599413028
 20
58.65276915768343
 10
79.0695957404793
 20
58.81122199454597
 10
79.45755628646686
 20
58.98655272393272
 10
79.83026639388224
 20
59.17802634286461
 10
80.18803482451449
 20
59.38490784836267
 10
80.53117034015283
 20
59.60646223744726
 10
80.85998170258644
 20
59.84195450714022
 10
81.17477767360444
 20
60.09064965446178
 10
81.47586701499601
 20
60.35181267643321
 10
81.76355848855035
 20
60.62470857007546
 10
82.03816085605662
 20
60.9086023324091
 10
82.29998287930403
 20
61.20275896045529
 10
82.54933332008169
 20
61.50644345123533
 10
82.78652094017882
 20
61.81892080176986
 10
83.0118545013844
 20
62.13945600907965
 10
83.22564276548796
 20
62.46731407018573
 10
83.42819449427839
 20
62.80175998210924
 10
83.80082339307675
 20
63.48747534649153
 10
84.13221129209288
 20
64.1907220783945
 10
84.42482828564022
 20
64.90562015398511
 10
84.68114446803205
 20
65.62628954943114
 10
84.9036299335818
 20
66.34685024090011
 10
85.09475477660277
 20
67.06142220455949
 10
85.25698909140832
 20
67.76412541657653
 10
85.39280297231178
 20
68.4490798531191
 10
85.50466651362661
 20
69.11040549035451
 10
85.59504980966599
 20
69.74222230445025
 10
85.66642295474345
 20
70.33865027157407
 10
85.76201916926583
 20
71.40181956957509
 10
85.81121591170044
 20
72.25287319369752
 10
85.83377393655421
 20
72.84477095328137
 10
85.84945399833395
 20
73.13047265766677
 10
86.54973866772188
 20
73.41418896921914
 10
87.33374336144381
 20
73.77294624567579
 10
88.18692813707404
 20
74.20929114897757
 10
88.63491932359641
 20
74.4573547925511
 10
89.09475305218609
 20
74.72577034106385
 10
89.56461183003977
 20
75.01485612725733
 10
90.04267816435417
 20
75.32493048387485
 10
90.52713456232606
 20
75.65631174365829
 10
91.01616353115216
 20
76.0093182393507
 10
91.50794757802911
 20
76.38426830369401
 10
92.00066921015384
 20
76.78148026943133
 10
92.49251093472295
 20
77.20127246930468
 10
92.98165525893333
 20
77.64396323605706
 10
93.42124440288962
 20
78.06657057086264
  0
LWPOLYLINE
  5
4C
330
1422
100
AcDbEntity
  8
LAYER_1
100
AcDbPolyline
 90
       95
 70
     1
 43
0.0
 10
-93.51493346748499
 20
78.5993138011674
 10
-93.03663642240207
 20
78.10987090243033
 10
-92.55200699135377
 20
77.64396323605706
 10
-92.06286266714348
 20
77.20127246930466
 10
-91.57102094257437
 20
76.78148026943141
 10
-91.07829931044948
 20
76.38426830369401
 10
-90.58651526357264
 20
76.00931823935062
 10
-90.09748629474648
 20
75.65631174365846
 10
-89.61302989677465
 20
75.32493048387475
 10
-89.13496356246023
 20
75.01485612725733
 10
-88.66510478460652
 20
74.72577034106392
 10
-87.75727986949465
 20
74.20929114897747
 10
-86.90409509386444
 20
73.77294624567579
 10
-86.12009040014241
 20
73.41418896921924
 10
-85.4198057307545
 20
73.13047265766677
 10
-85.40412566897479
 20
72.84477095328137
 10
-85.38156764412109
 20
72.25287319369752
 10
-85.33237090168638
 20
71.40181956957495
 10
-85.236774687164
 20
70.33865027157396
 10
-85.16540154208648
 20
69.74222230445025
 10
-85.07501824604705
 20
69.11040549035451
 10
-84.96315470473232
 20
68.4490798531191
 10
-84.82734082382874
 20
67.76412541657663
 10
-84.66510650902321
 20
67.06142220455949
 10
-84.47398166600216
 20
66.3468502409
 10
-84.25149620045251
 20
65.62628954943114
 10
-83.99518001806075
 20
64.90562015398511
 10
-83.70256302451329
 20
64.19072207839443
 10
-83.37117512549712
 20
63.48747534649153
 10
-83.19017018196545
 20
63.14205874187082
 10
-82.99854622669879
 20
62.80175998210924
 10
-82.79599449790849
 20
62.46731407018581
 10
-82.58220623380493
 20
62.13945600907965
 10
-82.35687267259919
 20
61.81892080176986
 10
-82.11968505250212
 20
61.50644345123533
 10
-81.87033461172456
 20
61.20275896045542
 10
-81.60851258847715
 20
60.9086023324091
 10
-81.33391022097077
 20
60.62470857007539
 10
-81.04621874741653
 20
60.3518126764331
 10
-80.74512940602476
 20
60.09064965446178
 10
-80.4303334350069
 20
59.84195450714022
 10
-80.10152207257325
 20
59.60646223744726
 10
-79.75838655693492
 20
59.38490784836261
 10
-79.40061812630265
 20
59.1780263428645
 10
-79.02790801888733
 20
58.98655272393284
 10
-78.63994747289968
 20
58.81122199454597
 10
-78.23642772655083
 20
58.65276915768337
 10
-77.81704001805096
 20
58.51192921632398
 10
-77.38147558561171
 20
58.38943717344667
 10
-76.92942566744346
 20
58.28602803203093
 10
-76.46058150175704
 20
58.2024367950557
 10
-75.97463432676327
 20
58.1393984654997
 10
-75.47127538067306
 20
58.09764804634243
 10
-74.95019590169738
 20
58.07792054056275
 10
-74.41108712804677
 20
58.08095095113944
 10
-73.85364029793237
 20
58.10747428105201
 10
-73.27754664956472
 20
58.15822553327953
 10
-72.65912114009734
 20
58.2433379469376
 10
-72.04616702784595
 20
58.36231152454507
 10
-71.43906315933512
 20
58.51141533986023
 10
-70.83818838109007
 20
58.68691846664137
 10
-70.24392153963501
 20
58.88508997864697
 10
-69.65664148149511
 20
59.10219894963568
 10
-69.07672705319471
 20
59.33451445336565
 10
-68.50455710125891
 20
59.57830556359497
 10
-68.1804570038069
 20
54.53039101505247
 10
-71.27140464410496
 20
54.35615994484967
 10
-74.15730014553012
 20
54.19322579696142
 10
-75.5155087321267
 20
54.12644152492798
 10
-76.81304074955895
 20
54.07501723072469
 10
-78.04675835301117
 20
54.04313149676863
 10
-79.21352369766822
 20
54.03496290547672
 10
-80.31019893871448
 20
54.05469003926619
 10
-81.33364623133457
 20
54.10649148055462
 10
-82.28072773071323
 20
54.1945458117587
 10
-82.72465073143209
 20
54.25347361808436
 10
-83.14830559203484
 20
54.32303161529548
 10
-83.55130008191958
 20
54.40374212619403
 10
-83.93324197048425
 20
54.49612747358252
 10
-84.29373902712672
 20
54.6007099802625
 10
-84.63239902124557
 20
54.71801196903649
 10
-84.94882972223853
 20
54.8485557627067
 10
-85.24263889950384
 20
54.99286368407492
 10
-85.51343432243937
 20
55.15145805594375
 10
-85.76082376044331
 20
55.32486120111497
 10
-86.02237118787476
 20
55.53707958198596
 10
-86.27039813781228
 20
55.76090690990185
 10
-86.50527646215293
 20
55.99582383298386
 10
-86.72737801279396
 20
56.24131099935276
 10
-86.93707464163271
 20
56.49684905712909
 10
-86.95577629754925
 20
56.52192823929841
 10
-89.19307152637111
 20
63.97949199756246
 10
-89.2685700113537
 20
65.29790180308667
 10
-89.61774912974044
 20
65.39506749382879
 10
-93.61030793143564
 20
78.70344156922482
  0
LWPOLYLINE
  5
4D
330
1422
100
AcDbEntity
  8
LAYER_1
100
AcDbPolyline
 90
       29
 70
     1
 43
0.0
 10
57.97750884471746
 20
63.54054499581724
 10
58.56026604041986
 20
63.52590802232184
 10
59.14254272263452
 20
63.49901395878497
 10
59.72390665975815
 20
63.45987821336509
 10
60.30392562018736
 20
63.40851619422068
 10
60.88216737231866
 20
63.34494330951063
 10
61.45819968454865
 20
63.26917496739318
 10
62.03159032527402
 20
63.18122657602692
 10
62.60190706289127
 20
63.08111354357055
 10
63.16871766579697
 20
62.96885127818294
 10
63.0607767235436
 20
60.93095199488715
 10
62.99596991152244
 20
58.8909750868494
 10
62.97432363031163
 20
56.8501667222101
 10
62.99586428048914
 20
54.80977306910968
 10
52.71108785467746
 20
53.16147444101418
 10
52.92025483503825
 20
54.42126722008215
 10
53.11294388549626
 20
55.68374869477455
 10
53.28911964697211
 20
56.94862263031914
 10
53.44874676038595
 20
58.21559279194365
 10
53.5917898666586
 20
59.48436294487649
 10
53.71821360670996
 20
60.75463685434507
 10
53.82798262146096
 20
62.02611828557743
 10
53.92106155183185
 20
63.29851100380186
 10
54.49507985705268
 20
63.37010508903724
 10
55.0716432700096
 20
63.42933422712111
 10
55.65031955909927
 20
63.47621382621185
 10
56.23067649271829
 20
63.51075929446835
 10
56.81228183926328
 20
63.53298604004919
 10
57.39470336713083
 20
63.54290947111264
  0
LWPOLYLINE
  5
4E
330
1422
100
AcDbEntity
  8
LAYER_1
100
AcDbPolyline
 90
       29
 70
     1
 43
0.0
 10
-56.94426277719796
 20
63.5329860400491
 10
-56.36265743065309
 20
63.51075929446835
 10
-55.782300497034
 20
63.47621382621175
 10
-55.20362420794439
 20
63.42933422712111
 10
-54.6270607949874
 20
63.37010508903724
 10
-54.05304248976664
 20
63.29851100380196
 10
-53.95996355939582
 20
62.02611828557743
 10
-53.85019454464476
 20
60.75463685434499
 10
-53.72377080459332
 20
59.48436294487649
 10
-53.58072769832085
 20
58.21559279194371
 10
-53.42110058490696
 20
56.94862263031907
 10
-53.24492482343109
 20
55.68374869477455
 10
-53.05223577297315
 20
54.42126722008215
 10
-52.8430687926122
 20
53.16147444101418
 10
-63.12784521842391
 20
54.80977306910954
 10
-63.10630456824632
 20
56.8501667222101
 10
-63.12795084945721
 20
58.8909750868494
 10
-63.19275766147828
 20
60.93095199488725
 10
-63.30069860373175
 20
62.96885127818286
 10
-62.73388800082603
 20
63.08111354357059
 10
-62.16357126320867
 20
63.18122657602692
 10
-61.59018062248333
 20
63.26917496739318
 10
-61.01414831025341
 20
63.3449433095105
 10
-60.43590655812216
 20
63.40851619422068
 10
-59.85588759769293
 20
63.45987821336509
 10
-59.27452366056929
 20
63.49901395878497
 10
-58.69224697835462
 20
63.52590802232184
 10
-58.10948978265222
 20
63.54054499581716
 10
-57.5266843050656
 20
63.54290947111264
  0
LWPOLYLINE
  5
4F
330
1422
100
AcDbEntity
  8
LAYER_1
100
AcDbPolyline
 90
       69
 70
     1
 43
0.0
 10
-67.4539269259932
 20
47.0210406877195
 10
-67.99409375507981
 20
42.77152078716078
 10
-68.56620586212184
 20
42.98600150167258
 10
-69.15492125817483
 20
43.17192426988072
 10
-69.75645715377749
 20
43.32579395896041
 10
-70.3670307594686
 20
43.44411543608571
 10
-70.98285928578717
 20
43.523393568432
 10
-71.60015994327188
 20
43.56013322317383
 10
-72.21514994246152
 20
43.55083926748624
 10
-72.52059632348919
 20
43.52783745672331
 10
-72.82404649389524
 20
43.49201656854364
 10
-73.23022591277359
 20
43.42704220547111
 10
-73.61940418338206
 20
43.34871147733665
 10
-73.99191661896113
 20
43.2574746618854
 10
-74.3480985327514
 20
43.15378203686265
 10
-74.68828523799359
 20
43.03808388001338
 10
-75.01281204792809
 20
42.91083046908304
 10
-75.32201427579588
 20
42.7724720818169
 10
-75.61622723483724
 20
42.62345899595993
 10
-75.89578623829294
 20
42.4642414892575
 10
-76.1610265994035
 20
42.29526983945485
 10
-76.41228363140965
 20
42.11699432429699
 10
-76.64989264755195
 20
41.9298652215291
 10
-76.87418896107101
 20
41.7343328088967
 10
-77.08550788520736
 20
41.5308473641448
 10
-77.28418473320194
 20
41.31985916501861
 10
-77.47055481829487
 20
41.10181848926337
 10
-77.64495345372714
 20
40.87717561462406
 10
-77.80771595273934
 20
40.64638081884624
 10
-77.95917762857176
 20
40.40988437967492
 10
-78.09967379446534
 20
40.1681365748555
 10
-78.34911084939822
 20
39.67068797925273
 10
-78.55870962346283
 20
39.15763725399939
 10
-78.73115262258393
 20
38.63258662105717
 10
-78.8691223526865
 20
38.09913830238789
 10
-78.9753013196956
 20
37.56089451995322
 10
-79.05237202953594
 20
37.02145749571444
 10
-79.10301698813231
 20
36.48442945163355
 10
-79.12991870140984
 20
35.95341260967238
 10
-79.13575967529372
 20
35.43200919179183
 10
-79.12322241570833
 20
34.92382141995459
 10
-79.09498942857914
 20
34.43245151612156
 10
-79.05374321983045
 20
33.96150170225464
 10
-79.00216629538751
 20
33.51457420031556
 10
-78.94294116117535
 20
33.09527123226584
 10
-78.81227628714263
 20
32.35394778568105
 10
-78.68320864513134
 20
31.76634913819415
 10
-78.57719828254103
 20
31.36129306549779
 10
-78.51570524677112
 20
31.16759734328571
 10
-78.98778498522045
 20
31.25337523575474
 10
-79.38885672307086
 20
31.29915725522729
 10
-82.73505819633513
 20
42.45303203821965
 10
-82.52707064882613
 20
42.62252505620568
 10
-81.87724524651891
 20
43.1097531471044
 10
-81.20052363256652
 20
43.57484593171532
 10
-80.49636429652771
 20
44.01651817436377
 10
-79.76422572796169
 20
44.43348463937552
 10
-79.00356641642773
 20
44.82446009107582
 10
-78.21384485148449
 20
45.18815929379059
 10
-77.39451952269139
 20
45.5232970118456
 10
-76.54504891960725
 20
45.82858800956584
 10
-75.6648915317909
 20
46.10274705127742
 10
-74.75350584880169
 20
46.3444889013056
 10
-73.81035036019857
 20
46.55252832397618
 10
-72.8348835555405
 20
46.72558008361451
 10
-71.82656392438673
 20
46.86235894454646
 10
-70.78484995629594
 20
46.96157967109725
 10
-69.70920014082757
 20
47.02195702759259
 10
-68.59907296754016
 20
47.04220577835817
  0
LWPOLYLINE
  5
50
330
1422
100
AcDbEntity
  8
LAYER_1
100
AcDbPolyline
 90
      152
 70
     1
 43
0.0
 10
44.20884356501742
 20
58.59640960992563
 10
44.21035514880191
 20
58.03686761777581
 10
44.19369764043114
 20
57.4748630587395
 10
44.15913116222557
 20
56.91098705084878
 10
44.10691583650594
 20
56.34583071213471
 10
44.03731178559268
 20
55.77998516062852
 10
43.95057913180648
 20
55.21404151436126
 10
43.84697799746796
 20
54.64859089136478
 10
43.72676850489765
 20
54.08422440967013
 10
43.59021077641631
 20
53.52153318730874
 10
43.43756493434439
 20
52.96110834231164
 10
43.26909110100251
 20
52.40354099271038
 10
43.08504939871142
 20
51.84942225653643
 10
42.88569994979144
 20
51.29934325182066
 10
42.67130287656339
 20
50.75389509659477
 10
42.44211830134789
 20
50.21366890888997
 10
42.19840634646553
 20
49.67925580673757
 10
41.94042713423676
 20
49.15124690816871
 10
41.66844078698234
 20
48.63023333121526
 10
41.3827074270227
 20
48.11680619390777
 10
41.08348717667871
 20
47.61155661427805
 10
40.77104015827074
 20
47.11507571035728
 10
40.44562649411943
 20
46.62795460017693
 10
40.10750630654547
 20
46.15078440176818
 10
39.7569397178695
 20
45.68415623316218
 10
39.39418685041196
 20
45.22866121239063
 10
39.01950782649353
 20
44.78489045748451
 10
38.63316276843482
 20
44.35343508647542
 10
38.23541179855637
 20
43.93488621739439
 10
37.82651503917895
 20
43.52983496827294
 10
37.40673261262295
 20
43.13887245714227
 10
36.9763246412092
 20
42.76258980203386
 10
36.70296204611196
 20
43.58097656140882
 10
36.54367332223721
 20
43.99747795184075
 10
36.36858832048536
 20
44.41416614132815
 10
36.17716354561134
 20
44.82752722379045
 10
35.9688555023704
 20
45.23404729314731
 10
35.74312069551755
 20
45.63021244331831
 10
35.49941562980804
 20
46.01250876822274
 10
35.23719680999711
 20
46.37742236178028
 10
34.95592074083966
 20
46.72143931791
 10
34.65504392709102
 20
47.04104573053155
 10
34.33402287350616
 20
47.33272769356481
 10
33.9923140848403
 20
47.59297130092909
 10
33.62937406584863
 20
47.81826264654355
 10
33.24465932128616
 20
48.005087824328
 10
33.04396658465189
 20
48.08297750463368
 10
32.83762635590806
 20
48.14993292820162
 10
32.37687632651575
 20
48.26337902688732
 10
31.94462712704738
 20
48.32694935775897
 10
31.53996728437952
 20
48.34362662980603
 10
31.1619853253885
 20
48.31639355201662
 10
30.80976977695076
 20
48.24823283338004
 10
30.4824091659427
 20
48.14212718288519
 10
30.17899201924055
 20
48.00105930952054
 10
29.89860686372093
 20
47.82801192227532
 10
29.64034222625997
 20
47.62596773013825
 10
29.40328663373439
 20
47.39790944209796
 10
29.18652861302028
 20
47.14681976714314
 10
28.98915669099418
 20
46.87568141426342
 10
28.81025939453243
 20
46.5874770924471
 10
28.64892525051145
 20
46.28518951068272
 10
28.50424278580761
 20
45.97180137795976
 10
28.37530052729725
 20
45.65029540326644
 10
28.26118700185688
 20
45.32365429559227
 10
28.16099073636278
 20
44.99486076392543
 10
27.99870409271904
 20
44.34274726457028
 10
27.88114881137735
 20
43.71781657711134
 10
27.80103310734858
 20
43.14393037345986
 10
27.75106519564393
 20
42.6449503255262
 10
27.72395329127459
 20
42.24473810522124
 10
27.70913036458601
 20
41.83606383513992
 10
27.72289266897774
 20
41.61464536910031
 10
27.75810191021598
 20
41.19983562866582
 10
27.79440671130243
 20
40.60869083282977
 10
27.81145569523827
 20
39.85826720058565
 10
27.78889748502509
 20
38.96562095092742
 10
27.75640587680059
 20
38.47129441300327
 10
27.70638070366438
 20
37.94780830284832
 10
27.63627804349158
 20
37.39729464783652
 10
27.54355397415756
 20
36.82188547534199
 10
27.42566457353723
 20
36.22371281273916
 10
27.28006591950603
 20
35.60490868740203
 10
27.10421408993894
 20
34.96760512670484
 10
26.89556516271125
 20
34.31393415802197
 10
26.65157521569809
 20
33.64602780872714
 10
26.36970032677468
 20
32.96601810619515
 10
26.0473965738163
 20
32.2760370777996
 10
25.68212003469789
 20
31.57821675091522
 10
25.27132678729483
 20
30.87468915291611
 10
24.81247290948223
 20
30.16758631117606
 10
24.30301447913517
 20
29.45904025306947
 10
23.74040757412907
 20
28.75118300597084
 10
23.122108272339
 20
28.04614659725393
 10
22.44557265164009
 20
27.34606305429319
 10
22.08467124603579
 20
26.99854486602579
 10
21.70825678990758
 20
26.65306440446277
 10
21.3160112929896
 20
26.30988817302574
 10
20.90761676501651
 20
25.9692826751369
 10
20.48275521572257
 20
25.63151441421736
 10
20.04110865484226
 20
25.29684989368951
 10
19.5823590921099
 20
24.96555561697472
 10
19.1061885372599
 20
24.6378980874951
 10
19.09739154778246
 20
25.17287720118039
 10
19.0930902889501
 20
26.21185315210101
 10
19.10640010003463
 20
26.90107415667087
 10
19.13736329359094
 20
27.69317542872538
 10
19.19148968622262
 20
28.58045065432298
 10
19.27428909453299
 20
29.55519351952254
 10
19.39127133512575
 20
30.60969771038199
 10
19.54794622460441
 20
31.73625691296063
 10
19.74982357957234
 20
32.92716481331656
 10
20.00241321663317
 20
34.17471509750873
 10
20.31122495239036
 20
35.47120145159554
 10
20.48843592496874
 20
36.13538743174275
 10
20.68176860344748
 20
36.8089175616355
 10
20.8919117149021
 20
37.49082855203113
 10
21.11955398640797
 20
38.18015711368754
 10
21.36538414504058
 20
38.87593995736126
 10
21.63009091787537
 20
39.57721379380978
 10
21.91436303198777
 20
40.28301533379082
 10
22.21888921445322
 20
40.99238128806128
 10
22.54435819234711
 20
41.70434836737865
 10
22.8914586927449
 20
42.4179532825002
 10
23.26087944272208
 20
43.13223274418357
 10
23.65330916935402
 20
43.84622346318547
 10
24.06943659971627
 20
44.5589621502637
 10
24.5099504608842
 20
45.26948551617555
 10
24.97553947993318
 20
45.97683027167806
 10
25.4668923839387
 20
46.68003312752883
 10
25.98469789997622
 20
47.37813079448533
 10
26.52964475512125
 20
48.07015998330443
 10
27.1024216764491
 20
48.75515740474359
 10
27.70371739103527
 20
49.43215976956036
 10
28.33422062595518
 20
50.10020378851203
 10
28.99462010828429
 20
50.75832617235553
 10
29.68560456509806
 20
51.40556363184878
 10
30.40786272347172
 20
52.0409528777485
 10
31.16208331048108
 20
52.66353062081261
 10
31.94895505320119
 20
53.27233357179784
 10
32.76916667870786
 20
53.8663984414619
 10
33.62340691407631
 20
54.4447619405621
 10
34.51236448638188
 20
55.00646077985567
 10
35.43672812270022
 20
55.55053167009993
 10
36.39718655010674
 20
56.07601132205218
 10
37.39442849567682
 20
56.58193644646978
 10
38.42914268648592
 20
57.06734375411008
 10
39.50201784960944
 20
57.53126995573057
 10
40.61374271212292
 20
57.97275176208803
 10
41.76500600110162
 20
58.39082588394044
 10
42.95649644362112
 20
58.78452903204462
 10
44.18890276675693
 20
59.15289791715814
  0
LWPOLYLINE
  5
51
330
1422
100
AcDbEntity
  8
LAYER_1
100
AcDbPolyline
 90
       70
 70
     1
 43
0.0
 10
69.57721920289262
 20
47.02195702759259
 10
70.65286901836113
 20
46.96157967109729
 10
71.69458298645189
 20
46.86235894454636
 10
72.70290261760564
 20
46.72558008361451
 10
73.67836942226381
 20
46.55252832397618
 10
74.62152491086695
 20
46.3444889013056
 10
75.5329105938561
 20
46.10274705127742
 10
76.41306798167232
 20
45.82858800956584
 10
77.26253858475654
 20
45.52329701184547
 10
78.08186391354984
 20
45.18815929379067
 10
78.87158547849292
 20
44.82446009107582
 10
79.63224479002692
 20
44.43348463937552
 10
80.36438335859282
 20
44.01651817436377
 10
81.0685426946315
 20
43.57484593171522
 10
81.74526430858412
 20
43.1097531471044
 10
82.39508971089142
 20
42.62252505620568
 10
82.7107375596255
 20
42.36529760608428
 10
79.39446516538369
 20
31.31118525594416
 10
79.31247080773013
 20
31.30550338278209
 10
78.85580404728556
 20
31.25337523575474
 10
78.3837243088362
 20
31.16759734328582
 10
78.44521734460619
 20
31.36129306549792
 10
78.55122770719646
 20
31.76634913819403
 10
78.68029534920774
 20
32.3539477856811
 10
78.81096022324057
 20
33.09527123226584
 10
78.87018535745274
 20
33.51457420031556
 10
78.92176228189557
 20
33.96150170225464
 10
78.96300849064418
 20
34.43245151612156
 10
78.99124147777349
 20
34.92382141995471
 10
79.00377873735886
 20
35.43200919179193
 10
78.99793776347514
 20
35.95341260967238
 10
78.97103605019747
 20
36.48442945163355
 10
78.92039109160098
 20
37.02145749571444
 10
78.84332038176076
 20
37.56089451995322
 10
78.73714141475169
 20
38.09913830238797
 10
78.59917168464915
 20
38.63258662105729
 10
78.42672868552806
 20
39.15763725399939
 10
78.21712991146347
 20
39.67068797925273
 10
77.96769285653059
 20
40.1681365748555
 10
77.82719669063697
 20
40.40988437967492
 10
77.67573501480441
 20
40.64638081884624
 10
77.51297251579235
 20
40.87717561462414
 10
77.3385738803601
 20
41.10181848926337
 10
77.15220379526702
 20
41.31985916501861
 10
76.95352694727255
 20
41.5308473641448
 10
76.74220802313617
 20
41.7343328088967
 10
76.51791170961709
 20
41.9298652215291
 10
76.28030269347481
 20
42.11699432429694
 10
76.02904566146865
 20
42.29526983945485
 10
75.76380530035803
 20
42.46424148925757
 10
75.48424629690233
 20
42.62345899595993
 10
75.19003333786106
 20
42.7724720818169
 10
74.88083110999331
 20
42.91083046908304
 10
74.55630430005877
 20
43.03808388001338
 10
74.21611759481661
 20
43.15378203686254
 10
73.85993568102631
 20
43.2574746618855
 10
73.48742324544726
 20
43.34871147733665
 10
73.0982449748388
 20
43.42704220547122
 10
72.69206555596034
 20
43.4920165685437
 10
72.38861538555443
 20
43.52783745672343
 10
72.08316900452681
 20
43.55083926748632
 10
71.46817900533715
 20
43.56013322317386
 10
70.85087834785233
 20
43.52339356843192
 10
70.23504982153387
 20
43.44411543608582
 10
69.62447621584265
 20
43.32579395896031
 10
69.02294032024006
 20
43.17192426988067
 10
68.43422492418712
 20
42.98600150167262
 10
67.86211281714511
 20
42.77152078716078
 10
67.32194598805836
 20
47.0210406877195
 10
68.46709202960529
 20
47.04220577835817
  0
LWPOLYLINE
  5
52
330
1422
100
AcDbEntity
  8
LAYER_1
100
AcDbPolyline
 90
      152
 70
     1
 43
0.0
 10
-43.0884773815559
 20
58.78452903204472
 10
-41.89698693903635
 20
58.39082588394053
 10
-40.74572365005754
 20
57.97275176208794
 10
-39.6339987875442
 20
57.53126995573046
 10
-38.56112362442065
 20
57.06734375411008
 10
-37.52640943361167
 20
56.58193644646964
 10
-36.52916748804154
 20
56.07601132205214
 10
-35.56870906063501
 20
55.55053167009996
 10
-34.64434542431661
 20
55.00646077985563
 10
-33.75538785201092
 20
54.4447619405621
 10
-32.90114761664256
 20
53.8663984414619
 10
-32.08093599113597
 20
53.27233357179784
 10
-31.29406424841571
 20
52.66353062081252
 10
-30.53984366140649
 20
52.04095287774859
 10
-29.81758550303278
 20
51.40556363184878
 10
-29.126601046219
 20
50.75832617235559
 10
-28.46620156388993
 20
50.10020378851212
 10
-27.83569832897006
 20
49.43215976956036
 10
-27.23440261438386
 20
48.75515740474359
 10
-26.66162569305605
 20
48.07015998330436
 10
-26.11667883791104
 20
47.37813079448533
 10
-25.59887332187353
 20
46.68003312752883
 10
-25.10752041786795
 20
45.97683027167819
 10
-24.64193139881898
 20
45.26948551617546
 10
-24.20141753765103
 20
44.5589621502637
 10
-23.78529010728886
 20
43.84622346318547
 10
-23.39286038065682
 20
43.13223274418347
 10
-23.0234396306797
 20
42.4179532825002
 10
-22.67633913028182
 20
41.70434836737871
 10
-22.35087015238795
 20
40.99238128806128
 10
-22.04634396992249
 20
40.28301533379082
 10
-21.76207185581008
 20
39.57721379380978
 10
-21.49736508297539
 20
38.87593995736119
 10
-21.25153492434273
 20
38.18015711368738
 10
-21.02389265283688
 20
37.49082855203113
 10
-20.81374954138228
 20
36.80891756163562
 10
-20.62041686290354
 20
36.13538743174275
 10
-20.44320589032518
 20
35.47120145159554
 10
-20.13439415456805
 20
34.17471509750879
 10
-19.88180451750717
 20
32.92716481331656
 10
-19.67992716253919
 20
31.73625691296063
 10
-19.5232522730606
 20
30.60969771038199
 10
-19.40627003246781
 20
29.55519351952254
 10
-19.32347062415733
 20
28.58045065432298
 10
-19.26934423152577
 20
27.69317542872529
 10
-19.23838103796945
 20
26.90107415667087
 10
-19.22507122688499
 20
26.21185315210101
 10
-19.2293724857173
 20
25.17287720118042
 10
-19.2381694751947
 20
24.6378980874951
 10
-19.71434003004471
 20
24.96555561697472
 10
-20.173089592777
 20
25.29684989368951
 10
-20.61473615365744
 20
25.63151441421736
 10
-21.03959770295132
 20
25.9692826751369
 10
-21.4479922309244
 20
26.30988817302574
 10
-21.84023772784231
 20
26.65306440446277
 10
-22.21665218397057
 20
26.99854486602585
 10
-22.57755358957497
 20
27.34606305429328
 10
-23.25408921027385
 20
28.04614659725386
 10
-23.87238851206391
 20
28.7511830059708
 10
-24.43499541707003
 20
29.45904025306947
 10
-24.94445384741703
 20
30.16758631117606
 10
-25.40330772522963
 20
30.87468915291611
 10
-25.81410097263273
 20
31.57821675091526
 10
-26.17937751175113
 20
32.27603707779973
 10
-26.50168126470953
 20
32.96601810619515
 10
-26.78355615363296
 20
33.64602780872714
 10
-27.02754610064609
 20
34.31393415802197
 10
-27.23619502787376
 20
34.96760512670484
 10
-27.41204685744084
 20
35.60490868740187
 10
-27.55764551147205
 20
36.22371281273924
 10
-27.67553491209238
 20
36.82188547534199
 10
-27.7682589814264
 20
37.3972946478366
 10
-27.83836164159921
 20
37.94780830284841
 10
-27.88838681473545
 20
38.4712944130034
 10
-27.92087842295989
 20
38.96562095092742
 10
-27.94343663317313
 20
39.85826720058557
 10
-27.92638764923713
 20
40.60869083282977
 10
-27.89008284815085
 20
41.19983562866582
 10
-27.85487360691249
 20
41.61464536910031
 10
-27.84111130252084
 20
41.83606383514004
 10
-27.85593422920937
 20
42.24473810522117
 10
-27.8830461335787
 20
42.6449503255262
 10
-27.93301404528335
 20
43.14393037345986
 10
-28.0131297493121
 20
43.71781657711134
 10
-28.13068503065389
 20
44.34274726457028
 10
-28.29297167429755
 20
44.99486076392543
 10
-28.39316793979166
 20
45.32365429559221
 10
-28.50728146523206
 20
45.65029540326644
 10
-28.63622372374234
 20
45.97180137795976
 10
-28.78090618844624
 20
46.28518951068286
 10
-28.94224033246721
 20
46.58747709244702
 10
-29.12113762892901
 20
46.87568141426342
 10
-29.31850955095509
 20
47.14681976714314
 10
-29.53526757166916
 20
47.39790944209796
 10
-29.77232316419477
 20
47.62596773013825
 10
-30.03058780165575
 20
47.82801192227543
 10
-30.31097295717539
 20
48.00105930952061
 10
-30.61439010387748
 20
48.14212718288519
 10
-30.94175071488564
 20
48.24823283338004
 10
-31.29396626332326
 20
48.31639355201662
 10
-31.67194822231432
 20
48.34362662980603
 10
-32.07660806498213
 20
48.32694935775897
 10
-32.50885726445055
 20
48.26337902688727
 10
-32.96960729384291
 20
48.14993292820174
 10
-33.17594752258663
 20
48.08297750463381
 10
-33.37664025922101
 20
48.0050878243281
 10
-33.76135500378335
 20
47.81826264654355
 10
-34.12429502277501
 20
47.59297130092901
 10
-34.46600381144101
 20
47.33272769356481
 10
-34.78702486502577
 20
47.04104573053151
 10
-35.08790167877442
 20
46.72143931791
 10
-35.36917774793181
 20
46.37742236178028
 10
-35.63139656774283
 20
46.01250876822271
 10
-35.87510163345235
 20
45.63021244331831
 10
-36.10083644030519
 20
45.23404729314731
 10
-36.30914448354608
 20
44.82752722379045
 10
-36.50056925842026
 20
44.41416614132815
 10
-36.67565426017197
 20
43.99747795184068
 10
-36.83494298404674
 20
43.58097656140877
 10
-37.1083055791439
 20
42.76258980203386
 10
-37.5387135505577
 20
43.13887245714227
 10
-37.95849597711373
 20
43.52983496827294
 10
-38.36739273649121
 20
43.93488621739439
 10
-38.76514370636964
 20
44.35343508647542
 10
-39.15148876442826
 20
44.78489045748451
 10
-39.52616778834669
 20
45.22866121239063
 10
-39.88892065580433
 20
45.68415623316213
 10
-40.23948724448029
 20
46.15078440176818
 10
-40.57760743205423
 20
46.62795460017693
 10
-40.9030210962055
 20
47.11507571035728
 10
-41.21546811461342
 20
47.61155661427814
 10
-41.51468836495756
 20
48.11680619390772
 10
-41.80042172491714
 20
48.6302333312152
 10
-42.07240807217147
 20
49.15124690816863
 10
-42.33038728440024
 20
49.67925580673757
 10
-42.57409923928274
 20
50.21366890888997
 10
-42.80328381449818
 20
50.75389509659477
 10
-43.01768088772621
 20
51.29934325182066
 10
-43.21703033664603
 20
51.84942225653643
 10
-43.4010720389373
 20
52.4035409927104
 10
-43.5695458722792
 20
52.96110834231164
 10
-43.72219171435097
 20
53.52153318730874
 10
-43.85874944283239
 20
54.08422440967013
 10
-43.97895893540272
 20
54.64859089136478
 10
-44.08256006974114
 20
55.2140415143614
 10
-44.16929272352739
 20
55.77998516062848
 10
-44.23889677444056
 20
56.34583071213471
 10
-44.29111210016037
 20
56.91098705084878
 10
-44.32567857836589
 20
57.4748630587395
 10
-44.34233608673664
 20
58.03686761777581
 10
-44.3408245029521
 20
58.59640960992568
 10
-44.32088370469164
 20
59.15289791715814
  0
LWPOLYLINE
  5
53
330
1422
100
AcDbEntity
  8
LAYER_1
100
AcDbPolyline
 90
      147
 70
     1
 43
0.0
 10
-57.35169992632886
 20
44.70565635234861
 10
-56.57540670239653
 20
44.65356470041821
 10
-55.81792651859132
 20
44.57438472089044
 10
-55.07933149061851
 20
44.46958091833173
 10
-54.35969373418363
 20
44.34061779730833
 10
-53.65908536499198
 20
44.1889598623865
 10
-52.97757849874885
 20
44.01607161813245
 10
-52.31524525115983
 20
43.82341756911269
 10
-51.6721577379302
 20
43.61246221989328
 10
-51.04838807476532
 20
43.38467007504063
 10
-50.44400837737065
 20
43.14150563912074
 10
-49.85909076145159
 20
42.88443341670018
 10
-49.2937073427134
 20
42.61491791234543
 10
-48.74793023686176
 20
42.33442363062205
 10
-48.22183155960154
 20
42.04441507609696
 10
-47.71548342663861
 20
41.74635675333642
 10
-47.2289579536782
 20
41.44171316690613
 10
-46.76232725642581
 20
41.1319488213731
 10
-46.31566345058661
 20
40.81852822130318
 10
-45.88903865186607
 20
40.50291587126282
 10
-45.4825249759696
 20
40.18657627581816
 10
-44.7301194554706
 20
39.55757336698161
 10
-44.0590238147325
 20
38.94323553132347
 10
-43.46981497939871
 20
38.355278805374
 10
-42.96306987511203
 20
37.80541922566346
 10
-42.53936542751574
 20
37.3053728287224
 10
-42.67467175564255
 20
37.25767450134887
 10
-42.9513315033775
 20
37.13973179851578
 10
-43.34290560787434
 20
36.95423962088116
 10
-43.82295500628689
 20
36.70389286910238
 10
-44.365040635769
 20
36.39138644383726
 10
-44.94272343347446
 20
36.01941524574375
 10
-45.23665156327155
 20
35.8119725133416
 10
-45.52956433655698
 20
35.59067417547886
 10
-45.81815687047543
 20
35.35585709473804
 10
-46.09912428217052
 20
35.10785813370086
 10
-46.36916168878701
 20
34.84701415494998
 10
-46.62496420746868
 20
34.57366202106714
 10
-46.86322695536015
 20
34.28813859463521
 10
-47.08064504960538
 20
33.99078073823594
 10
-47.27391360734885
 20
33.68192531445159
 10
-47.43972774573449
 20
33.3619091858642
 10
-47.57478258190667
 20
33.03106921505641
 10
-47.67577323300954
 20
32.68974226461012
 10
-47.73939481618753
 20
32.33826519710765
 10
-47.76234244858456
 20
31.97697487513112
 10
-47.74131124734497
 20
31.60620816126283
 10
-47.67299632961325
 20
31.22630191808492
 10
-47.62007470117031
 20
31.03302674256194
 10
-47.55409281253336
 20
30.83759300817968
 10
-47.47463755334535
 20
30.6400428227613
 10
-47.38129581324936
 20
30.44041829412951
 10
-47.27365448188856
 20
30.23876153010681
 10
-47.15130044890588
 20
30.03511463851616
 10
-46.8608018366469
 20
29.62201890392201
 10
-46.60313278670775
 20
29.31699424790793
 10
-46.32583921715611
 20
29.0420943590413
 10
-46.02990940078967
 20
28.79574891013604
 10
-45.71633161040627
 20
28.57638757400671
 10
-45.3860941188039
 20
28.38244002346721
 10
-45.0401851987801
 20
28.21233593133193
 10
-44.67959312313293
 20
28.06450497041469
 10
-44.30530616465989
 20
27.93737681353019
 10
-43.91831259615911
 20
27.82938113349226
 10
-43.51960069042828
 20
27.7389476031154
 10
-43.11015872026525
 20
27.6645058952133
 10
-42.69097495846789
 20
27.60448568260055
 10
-41.8273351511609
 20
27.52142843449927
 10
-40.93658745089022
 20
27.47721324132541
 10
-39.10539310098739
 20
27.4550585498128
 10
-38.18075881612024
 20
27.45199381650087
 10
-37.26064136781951
 20
27.43752066817031
 10
-36.3529469384676
 20
27.39907648733409
 10
-35.46558171044678
 20
27.3240986565058
 10
-35.03199322893024
 20
27.26898380438016
 10
-34.60645186613995
 20
27.20002455819922
 10
-34.18994589487372
 20
27.11565059077692
 10
-33.78346358792948
 20
27.01429157492742
 10
-33.07068606238997
 20
26.7943975248484
 10
-32.37057552942872
 20
26.53178504719539
 10
-31.68439406835452
 20
26.22881022371179
 10
-31.01340375847684
 20
25.88782913614049
 10
-30.35886667910498
 20
25.51119786622454
 10
-29.72204490954814
 20
25.1012724957072
 10
-29.10420052911549
 20
24.66040910633187
 10
-28.50659561711621
 20
24.19096377984126
 10
-27.9304922528597
 20
23.69529259797884
 10
-27.37715251565507
 20
23.17575164248732
 10
-26.84783848481169
 20
22.63469699511057
 10
-26.34381223963869
 20
22.0744847375911
 10
-25.86633585944532
 20
21.49747095167227
 10
-25.4166714235409
 20
20.90601171909729
 10
-24.99608101123463
 20
20.30246312160907
 10
-24.60582670183556
 20
19.68918124095098
 10
-25.76565929205604
 20
19.70018053951556
 10
-26.90013966511981
 20
19.73906487541118
 10
-28.00950543203798
 20
19.80496417144863
 10
-29.09399420382177
 20
19.8970083504387
 10
-30.15384359148195
 20
20.01432733519277
 10
-31.18929120602978
 20
20.15605104852136
 10
-32.20057465847627
 20
20.32130941323561
 10
-33.1879315598324
 20
20.50923235214644
 10
-34.15159952110923
 20
20.71894978806454
 10
-35.091816153318
 20
20.9495916438012
 10
-36.00881906746952
 20
21.20028784216716
 10
-36.90284587457509
 20
21.47016830597323
 10
-37.77413418564552
 20
21.75836295803053
 10
-38.62292161169201
 20
22.06400172114962
 10
-39.44944576372556
 20
22.386214518142
 10
-40.25394425275734
 20
22.72413127181837
 10
-41.03665468979822
 20
23.0768819049894
 10
-41.79781468585934
 20
23.44359634046629
 10
-42.53766185195171
 20
23.82340450105974
 10
-43.2564337990866
 20
24.21543630958075
 10
-43.95436813827472
 20
24.61882168884045
 10
-44.6317024805274
 20
25.03269056164974
 10
-45.2886744368557
 20
25.45617285081902
 10
-45.92552161827047
 20
25.88839847915999
 10
-46.54248163578282
 20
26.32849736948312
 10
-47.13979210040385
 20
26.77559944459925
 10
-47.71769062314476
 20
27.2288346273197
 10
-48.27641481501635
 20
27.68733284045498
 10
-48.81620228702979
 20
28.1502240068161
 10
-49.33729065019629
 20
28.61663804921433
 10
-49.83991751552659
 20
29.08570489046031
 10
-50.32432049403194
 20
29.55655445336489
 10
-50.79073719672336
 20
30.0283166607391
 10
-51.23940523461204
 20
30.50012143539409
 10
-52.08444576002474
 20
31.44037837778905
 10
-52.86134295835866
 20
32.37036466303727
 10
-53.57199771770213
 20
33.28311967362649
 10
-54.21831092614368
 20
34.17168279204346
 10
-54.80218347177173
 20
35.02909340077613
 10
-55.32551624267467
 20
35.84839088231174
 10
-55.79021012694109
 20
36.62261461913768
 10
-56.19816601265923
 20
37.34480399374112
 10
-56.55128478791769
 20
38.00799838860989
 10
-56.85146734080484
 20
38.60523718623094
 10
-57.10061455940901
 20
39.12955976909179
 10
-57.45340654612275
 20
39.93161382048316
 10
-57.62486785276621
 20
40.35847560268268
 10
-57.82269921810734
 20
40.89425906678257
 10
-58.00414250860839
 20
41.43521423198303
 10
-58.33299231878886
 20
42.52786578774685
 10
-58.6416721907048
 20
43.6268825140959
 10
-58.96043703175307
 20
44.72271665515246
 10
-58.14673407468277
 20
44.72919517211538
  0
LWPOLYLINE
  5
54
330
1422
100
AcDbEntity
  8
LAYER_1
100
AcDbPolyline
 90
      147
 70
     1
 43
0.0
 10
58.82845609381817
 20
44.72271665515246
 10
58.50969125277
 20
43.62688251409596
 10
58.20101138085414
 20
42.52786578774685
 10
57.87216157067361
 20
41.4352142319831
 10
57.69071828017257
 20
40.89425906678257
 10
57.49288691483149
 20
40.35847560268259
 10
57.32142560818799
 20
39.93161382048307
 10
56.96863362147429
 20
39.12955976909185
 10
56.71948640286999
 20
38.60523718623097
 10
56.41930384998296
 20
38.00799838860977
 10
56.06618507472451
 20
37.34480399374124
 10
55.65822918900627
 20
36.62261461913768
 10
55.19353530473996
 20
35.84839088231163
 10
54.67020253383696
 20
35.02909340077613
 10
54.08632998820898
 20
34.17168279204335
 10
53.44001677976735
 20
33.2831196736264
 10
52.72936202042379
 20
32.37036466303735
 10
51.95246482208993
 20
31.44037837778905
 10
51.10742429667721
 20
30.50012143539409
 10
50.65875625878864
 20
30.0283166607391
 10
50.19233955609717
 20
29.55655445336489
 10
49.70793657759178
 20
29.08570489046023
 10
49.2053097122615
 20
28.6166380492142
 10
48.68422134909507
 20
28.15022400681613
 10
48.14443387708165
 20
27.68733284045498
 10
47.58570968520999
 20
27.22883462731961
 10
47.00781116246914
 20
26.7755994445993
 10
46.410500697848
 20
26.32849736948312
 10
45.79354068033564
 20
25.88839847915985
 10
45.15669349892084
 20
25.45617285081902
 10
44.49972154259266
 20
25.03269056164972
 10
43.82238720034
 20
24.61882168884035
 10
43.1244528611518
 20
24.2154363095807
 10
42.40568091401692
 20
23.82340450105965
 10
41.66583374792457
 20
23.44359634046629
 10
40.9046737518634
 20
23.07688190498931
 10
40.1219633148225
 20
22.72413127181837
 10
39.31746482579081
 20
22.38621451814198
 10
38.49094067375721
 20
22.06400172114953
 10
37.64215324771078
 20
21.75836295803043
 10
36.77086493664035
 20
21.47016830597317
 10
35.8768381295348
 20
21.20028784216714
 10
34.95983521538324
 20
20.94959164380114
 10
34.01961858317451
 20
20.71894978806448
 10
33.05595062189766
 20
20.5092323521464
 10
32.06859372054149
 20
20.32130941323556
 10
31.05731026809505
 20
20.15605104852117
 10
30.0218626535472
 20
20.01432733519277
 10
28.96201326588698
 20
19.8970083504387
 10
27.87752449410323
 20
19.80496417144863
 10
26.76815872718506
 20
19.73906487541105
 10
25.63367835412126
 20
19.70018053951556
 10
24.47384576390085
 20
19.68918124095089
 10
24.86410007329982
 20
20.30246312160911
 10
25.28469048560613
 20
20.90601171909729
 10
25.73435492151059
 20
21.49747095167236
 10
26.21183130170396
 20
22.0744847375911
 10
26.71585754687691
 20
22.63469699511057
 10
27.24517157772023
 20
23.17575164248732
 10
27.79851131492497
 20
23.6952925979788
 10
28.3746146791814
 20
24.19096377984114
 10
28.97221959118068
 20
24.6604091063318
 10
29.59006397161333
 20
25.1012724957072
 10
30.22688574117024
 20
25.51119786622454
 10
30.88142282054212
 20
25.88782913614049
 10
31.55241313041976
 20
26.22881022371179
 10
32.2385945914939
 20
26.53178504719539
 10
32.93870512445523
 20
26.7943975248483
 10
33.6514826499947
 20
27.01429157492742
 10
34.05796495693897
 20
27.11565059077692
 10
34.47447092820517
 20
27.20002455819922
 10
34.90001229099544
 20
27.26898380438007
 10
35.33360077251201
 20
27.3240986565058
 10
36.22096600053281
 20
27.39907648733405
 10
37.12866042988476
 20
27.43752066817026
 10
38.04877787818559
 20
27.45199381650093
 10
38.97341216305266
 20
27.4550585498128
 10
40.80460651295549
 20
27.47721324132541
 10
41.69535421322612
 20
27.52142843449927
 10
42.55899402053307
 20
27.60448568260055
 10
42.97817778233055
 20
27.66450589521327
 10
43.3876197524936
 20
27.7389476031154
 10
43.78633165822441
 20
27.82938113349226
 10
44.1733252267252
 20
27.93737681353019
 10
44.54761218519807
 20
28.06450497041469
 10
44.90820426084531
 20
28.21233593133186
 10
45.25411318086919
 20
28.38244002346721
 10
45.58435067247163
 20
28.57638757400675
 10
45.8979284628549
 20
28.79574891013596
 10
46.19385827922138
 20
29.04209435904119
 10
46.471151848773
 20
29.3169942479078
 10
46.72882089871212
 20
29.62201890392194
 10
47.01931951097117
 20
30.03511463851616
 10
47.14167354395382
 20
30.23876153010671
 10
47.24931487531477
 20
30.44041829412951
 10
47.34265661541054
 20
30.6400428227613
 10
47.4221118745985
 20
30.83759300817962
 10
47.48809376323547
 20
31.03302674256194
 10
47.54101539167844
 20
31.22630191808492
 10
47.60933030941035
 20
31.60620816126283
 10
47.63036151064979
 20
31.97697487513112
 10
47.60741387825272
 20
32.33826519710765
 10
47.54379229507476
 20
32.68974226461012
 10
47.44280164397182
 20
33.03106921505631
 10
47.30774680779965
 20
33.36190918586427
 10
47.14193266941404
 20
33.68192531445159
 10
46.94866411167067
 20
33.99078073823583
 10
46.73124601742535
 20
34.28813859463524
 10
46.49298326953396
 20
34.57366202106724
 10
46.23718075085218
 20
34.8470141549499
 10
45.96714334423571
 20
35.10785813370086
 10
45.68617593254056
 20
35.35585709473804
 10
45.39758339862224
 20
35.59067417547886
 10
45.1046706253367
 20
35.8119725133416
 10
44.81074249553969
 20
36.01941524574364
 10
44.23305969783428
 20
36.39138644383737
 10
43.69097406835215
 20
36.70389286910238
 10
43.21092466993957
 20
36.95423962088116
 10
42.8193505654427
 20
37.13973179851578
 10
42.54269081770778
 20
37.25767450134887
 10
42.40738448958097
 20
37.3053728287224
 10
42.83108893717733
 20
37.80541922566346
 10
43.33783404146395
 20
38.355278805374
 10
43.92704287679782
 20
38.94323553132356
 10
44.59813851753586
 20
39.55757336698161
 10
45.35054403803481
 20
40.18657627581816
 10
45.75705771393129
 20
40.50291587126269
 10
46.18368251265178
 20
40.81852822130318
 10
46.63034631849096
 20
41.13194882137306
 10
47.09697701574343
 20
41.44171316690613
 10
47.58350248870384
 20
41.74635675333642
 10
48.08985062166681
 20
42.04441507609696
 10
48.61594929892682
 20
42.33442363062205
 10
49.16172640477865
 20
42.61491791234536
 10
49.72710982351673
 20
42.88443341670018
 10
50.3120274394359
 20
43.14150563912074
 10
50.91640713683055
 20
43.38467007504053
 10
51.54017679999539
 20
43.61246221989338
 10
52.18326431322513
 20
43.82341756911281
 10
52.8455975608141
 20
44.01607161813259
 10
53.52710442705719
 20
44.1889598623865
 10
54.22771279624882
 20
44.34061779730839
 10
54.94735055268379
 20
44.46958091833173
 10
55.68594558065653
 20
44.57438472089044
 10
56.44342576446181
 20
44.65356470041816
 10
57.21971898839401
 20
44.70565635234861
 10
58.01475313674799
 20
44.72919517211546
  0
LWPOLYLINE
  5
55
330
1422
100
AcDbEntity
  8
LAYER_1
100
AcDbPolyline
 90
       89
 70
     1
 43
0.0
 10
0.2428380414094324
 20
49.38348309724029
 10
0.8146926542073636
 20
48.87560316787485
 10
1.604877691320254
 20
48.13220671043064
 10
2.067876719586803
 20
47.67138775237021
 10
2.56869747464235
 20
47.15072722471922
 10
3.101752996723756
 20
46.56990431495479
 10
3.661456326067733
 20
45.92859821055252
 10
4.242220502911064
 20
45.22648809898925
 10
4.838458567490424
 20
44.46325316774148
 10
5.444583560042669
 20
43.63857260428559
 10
6.055008520804537
 20
42.75212559609804
 10
6.664146490012657
 20
41.80359133065534
 10
7.266410507904042
 20
40.79264899543383
 10
7.856213614715268
 20
39.71897777790998
 10
8.427968850683184
 20
38.58225686556032
 10
8.705332592174871
 20
37.99015251991206
 10
8.976089256044529
 20
37.38216544586106
 10
9.239540472321605
 20
36.75825554184168
 10
9.494987871036004
 20
36.11838270628889
 10
9.741733082217022
 20
35.46250683763694
 10
9.979077735894328
 20
34.79058783432015
 10
10.20632346209769
 20
34.10258559477366
 10
10.42277189085645
 20
33.39846001743143
 10
10.62772465220039
 20
32.67817100072823
 10
10.820483376159
 20
31.94167844309904
 10
11.00034969276195
 20
31.18894224297767
 10
11.16662523203875
 20
30.4199222987991
 10
11.31861162401916
 20
29.63457850899809
 10
11.45561049873251
 20
28.83287077200878
 10
11.57692348620863
 20
28.0147589862661
 10
11.68185221647698
 20
27.1802030502041
 10
11.76969831956723
 20
26.32916286225782
 10
11.83976342550889
 20
25.46159832086178
 10
11.89134916433183
 20
24.57746932445021
 10
11.92375716606515
 20
23.67673577145757
 10
11.93628906073887
 20
22.75935756031889
 10
11.9282464783824
 20
21.82529458946874
 10
11.89893104902536
 20
20.87450675734128
 10
11.84764440269738
 20
19.90695396237113
 10
11.77368816942804
 20
18.92259610299313
 10
11.67636397924689
 20
17.92139307764154
 10
11.55497346218359
 20
16.90330478475123
 10
11.40881824826771
 20
15.86829112275651
 10
-0.065990468967413
 20
25.42842316571052
 10
-11.54079918620248
 20
15.86829112275651
 10
-11.68695440011842
 20
16.90330478475123
 10
-11.80834491718164
 20
17.92139307764163
 10
-11.90566910736274
 20
18.92259610299313
 10
-11.97962534063215
 20
19.90695396237102
 10
-12.03091198696007
 20
20.87450675734135
 10
-12.06022741631718
 20
21.82529458946874
 10
-12.06826999867364
 20
22.75935756031889
 10
-12.05573810399994
 20
23.67673577145757
 10
-12.02333010226648
 20
24.57746932445021
 10
-11.97174436344365
 20
25.46159832086178
 10
-11.90167925750198
 20
26.32916286225793
 10
-11.81383315441176
 20
27.18020305020405
 10
-11.70890442414333
 20
28.01475898626599
 10
-11.58759143666734
 20
28.83287077200878
 10
-11.45059256195387
 20
29.63457850899809
 10
-11.29860616997354
 20
30.41992229879923
 10
-11.13233063069674
 20
31.18894224297775
 10
-10.95246431409383
 20
31.94167844309895
 10
-10.7597055901352
 20
32.67817100072829
 10
-10.55475282879128
 20
33.39846001743149
 10
-10.33830440003246
 20
34.10258559477366
 10
-10.11105867382912
 20
34.79058783432015
 10
-9.873714020151831
 20
35.46250683763694
 10
-9.626968808970794
 20
36.11838270628882
 10
-9.371521410256466
 20
36.75825554184174
 10
-9.108070193979283
 20
37.38216544586106
 10
-8.837313530109584
 20
37.99015251991206
 10
-8.559949788617952
 20
38.58225686556032
 10
-8.276677339474678
 20
39.15851858437084
 10
-7.988194552650057
 20
39.71897777790998
 10
-7.398391445838808
 20
40.79264899543383
 10
-6.796127427947464
 20
41.80359133065532
 10
-6.186989458739232
 20
42.75212559609795
 10
-5.576564497977458
 20
43.63857260428559
 10
-4.970439505425191
 20
44.46325316774145
 10
-4.374201440845796
 20
45.22648809898925
 10
-3.793437264002522
 20
45.92859821055244
 10
-3.233733934658564
 20
46.56990431495469
 10
-2.70067841257714
 20
47.15072722471935
 10
-2.199857657521555
 20
47.67138775237021
 10
-1.736858629255098
 20
48.13220671043067
 10
-0.9466735921421522
 20
48.87560316787485
 10
-0.3748189793441836
 20
49.38348309724023
 10
-0.0659904689673756
 20
49.65841299871538
  0
LWPOLYLINE
  5
56
330
1422
100
AcDbEntity
  8
LAYER_1
100
AcDbPolyline
 90
       46
 70
     1
 43
0.0
 10
-74.22829623540521
 20
21.77702522518504
 10
-73.86472999881036
 20
21.71392745522033
 10
-73.50335306840946
 20
21.61053181484187
 10
-73.14483139376294
 20
21.46415937712253
 10
-72.78983092443038
 20
21.27213121513515
 10
-72.43901760997167
 20
21.03176840195215
 10
-72.09305739994691
 20
20.74039201064661
 10
-71.76886140398055
 20
20.42705749148785
 10
-71.47153746583801
 20
20.11264005915087
 10
-71.20040074657466
 20
19.79732812505654
 10
-70.95476640724538
 20
19.48131010062633
 10
-70.73394960890543
 20
19.16477439728031
 10
-70.53726551261002
 20
18.84790942644022
 10
-70.36402927941404
 20
18.53090359952646
 10
-70.21355607037266
 20
18.21394532795995
 10
-70.0851610465411
 20
17.89722302316189
 10
-69.97815936897452
 20
17.58092509655307
 10
-69.89186619872798
 20
17.26523995955428
 10
-69.82559669685658
 20
16.95035602358665
 10
-69.77866602441551
 20
16.63646170007065
 10
-69.75038934246
 20
16.32374540042802
 10
-69.74008181204492
 20
16.01239553607896
 10
-69.74705859422562
 20
15.70260051844443
 10
-69.77063485005711
 20
15.39454875894555
 10
-69.81012574059445
 20
15.08842866900324
 10
-69.86484642689295
 20
14.7844286600386
 10
-69.93411207000765
 20
14.48273714347218
 10
-70.01723783099364
 20
14.18354253072498
 10
-70.11353887090618
 20
13.88703323321793
 10
-70.22233035080036
 20
13.59339766237229
 10
-70.34292743173113
 20
13.30282422960821
 10
-70.61679904092341
 20
12.73161742401045
 10
-70.92967498692407
 20
12.17492010779152
 10
-71.27607655817424
 20
11.63423957231911
 10
-71.65052504311479
 20
11.11108310896042
 10
-72.04754173018682
 20
10.60695800908294
 10
-72.46164790783145
 20
10.12337156405353
 10
-72.88736486448939
 20
9.661831065239946
 10
-72.89519935374794
 20
9.653885217728687
 10
-76.4349060671269
 20
21.45276994269171
 10
-76.41837590969474
 20
21.45937647421343
 10
-76.05565877669372
 20
21.58180846125806
 10
-75.69113525252724
 20
21.68001613945282
 10
-75.32547128675526
 20
21.75132058187005
 10
-74.95933282893766
 20
21.79304286158262
 10
-74.59338582863421
 20
21.80250405166337
  0
LWPOLYLINE
  5
57
330
1422
100
AcDbEntity
  8
LAYER_1
100
AcDbPolyline
 90
       46
 70
     1
 43
0.0
 10
74.82735189100279
 20
21.79304286158262
 10
75.19349034882046
 20
21.75132058186999
 10
75.55915431459252
 20
21.68001613945279
 10
75.92367783875897
 20
21.58180846125799
 10
76.28639497175993
 20
21.45937647421343
 10
76.42256154052025
 20
21.40495541183634
 10
72.8659434449297
 20
9.549700070488675
 10
72.75538392655462
 20
9.661831065239853
 10
72.32966696989659
 20
10.12337156405353
 10
71.91556079225198
 20
10.60695800908294
 10
71.51854410518001
 20
11.11108310896042
 10
71.14409562023936
 20
11.63423957231907
 10
70.79769404898924
 20
12.17492010779155
 10
70.48481810298856
 20
12.73161742401042
 10
70.21094649379631
 20
13.30282422960819
 10
70.09034941286549
 20
13.59339766237222
 10
69.98155793297138
 20
13.88703323321791
 10
69.88525689305889
 20
14.18354253072498
 10
69.80213113207287
 20
14.48273714347218
 10
69.7328654889581
 20
14.78442866003853
 10
69.6781448026596
 20
15.08842866900324
 10
69.63865391212221
 20
15.39454875894549
 10
69.61507765629075
 20
15.70260051844445
 10
69.60810087411021
 20
16.01239553607896
 10
69.61840840452516
 20
16.323745400428
 10
69.64668508648081
 20
16.63646170007065
 10
69.69361575892181
 20
16.95035602358659
 10
69.75988526079323
 20
17.26523995955428
 10
69.84617843103979
 20
17.58092509655301
 10
69.95318010860633
 20
17.89722302316184
 10
70.08157513243784
 20
18.21394532795993
 10
70.23204834147914
 20
18.53090359952646
 10
70.40528457467512
 20
18.84790942644009
 10
70.60196867097069
 20
19.16477439728036
 10
70.82278546931063
 20
19.48131010062633
 10
71.06841980863989
 20
19.79732812505654
 10
71.33955652790326
 20
20.11264005915087
 10
71.63688046604568
 20
20.4270574914877
 10
71.96107646201196
 20
20.74039201064658
 10
72.3070366720368
 20
21.03176840195212
 10
72.65784998649554
 20
21.27213121513503
 10
73.01285045582814
 20
21.46415937712248
 10
73.37137213047483
 20
21.61053181484176
 10
73.73274906087551
 20
21.7139274552203
 10
74.09631529747045
 20
21.77702522518504
 10
74.46140489069944
 20
21.80250405166326
  0
LWPOLYLINE
  5
58
330
1422
100
AcDbEntity
  8
LAYER_1
100
AcDbPolyline
 90
       16
 70
     1
 43
0.0
 10
3.484783578911488
 20
8.580498383915928
 10
8.510447354341012
 20
8.584611916044027
 10
8.506336394364788
 20
3.555803675473097
 10
12.0629242176109
 20
0.0012315895501586
 10
8.50633639436484
 20
-3.553340496372817
 10
8.510447354340941
 20
-8.58214873694362
 10
3.484783578911526
 20
-8.578035204815519
 10
-0.0659904689819839
 20
-12.13684831947232
 10
-3.616764516875437
 20
-8.578035204815575
 10
-8.642428292304925
 20
-8.582148736943578
 10
-8.638317332328828
 20
-3.553340496372779
 10
-12.19490515557494
 20
0.001231589550252
 10
-8.638317332328867
 20
3.555803675473133
 10
-8.642428292304831
 20
8.584611916044027
 10
-3.616764516875493
 20
8.580498383915928
 10
-0.0659904689819839
 20
12.1393114985727
  0
LWPOLYLINE
  5
59
330
1422
100
AcDbEntity
  8
LAYER_1
100
AcDbPolyline
 90
       88
 70
     1
 43
0.0
 10
23.38898829246848
 20
12.30089605988038
 10
24.27243514376552
 20
12.26579094198753
 10
25.13913211040789
 20
12.2111326835264
 10
25.98913279264386
 20
12.1376348355436
 10
26.82249079072166
 20
12.04601094908446
 10
27.63925970488931
 20
11.93697457519496
 10
28.43949313539493
 20
11.81123926492101
 10
29.22324468248697
 20
11.66951856930841
 10
29.99056794641322
 20
11.51252603940282
 10
30.74151652742215
 20
11.3409752262501
 10
31.47614402576174
 20
11.15557968089638
 10
32.19450404168019
 20
10.95705295438723
 10
32.89665017542571
 20
10.74610859776842
 10
33.58263602724635
 20
10.52346016208595
 10
34.25251519739035
 20
10.28982119838559
 10
34.90634128610587
 20
10.04590525771321
 10
35.54416789364112
 20
9.792425891114287
 10
36.16604862024416
 20
9.530096649635385
 10
36.7720370661632
 20
9.259631084321462
 10
37.36218683164643
 20
8.981742746218975
 10
37.93655151694187
 20
8.697145186373543
 10
39.03814004796251
 20
8.110676605636999
 10
40.07723146121032
 20
7.505933750478705
 10
41.05425455867069
 20
6.888625029265281
 10
41.96963814232865
 20
6.264458850363157
 10
42.82381101416981
 20
5.639143622138793
 10
43.6172019761793
 20
5.018387752959171
 10
44.35023983034239
 20
4.407899651190736
 10
45.02335337864436
 20
3.813387725200167
 10
45.63697142307062
 20
3.240560383353913
 10
46.19152276560631
 20
2.695126034018878
 10
46.68743620823674
 20
2.182793085561507
 10
47.12514055294729
 20
1.709269946348318
 10
47.82763715654967
 20
0.9014867291212718
 10
48.30244299229568
 20
0.3174436492709417
 10
48.55298847606764
 20
0.0012315895501586
 10
48.30244299229568
 20
-0.3149804701705871
 10
47.82763715654961
 20
-0.899023550020899
 10
47.12514055294729
 20
-1.706806767247999
 10
46.68743620823674
 20
-2.180329906461229
 10
46.19152276560631
 20
-2.69266285491858
 10
45.63697142307062
 20
-3.238097204253632
 10
45.02335337864439
 20
-3.810924546099887
 10
44.35023983034239
 20
-4.405436472090455
 10
43.6172019761793
 20
-5.015924573858855
 10
42.82381101416986
 20
-5.636680443038494
 10
41.96963814232872
 20
-6.261995671262785
 10
41.05425455867061
 20
-6.886161850164945
 10
40.07723146121036
 20
-7.503470571378536
 10
39.03814004796252
 20
-8.108213426536684
 10
37.93655151694192
 20
-8.694682007273243
 10
37.36218683164643
 20
-8.979279567118656
 10
36.7720370661632
 20
-9.257167905221143
 10
36.16604862024416
 20
-9.527633470535075
 10
35.54416789364112
 20
-9.789962712013952
 10
34.90634128610587
 20
-10.04344207861284
 10
34.25251519739035
 20
-10.28735801928529
 10
33.58263602724635
 20
-10.52099698298558
 10
32.89665017542571
 20
-10.7436454186681
 10
32.19450404168018
 20
-10.9545897752869
 10
31.47614402576174
 20
-11.1531165017961
 10
30.74151652742215
 20
-11.33851204714979
 10
29.99056794641322
 20
-11.51006286030247
 10
29.22324468248697
 20
-11.66705539020809
 10
28.43949313539494
 20
-11.80877608582065
 10
27.63925970488926
 20
-11.93451139609467
 10
26.82249079072166
 20
-12.04354776998415
 10
25.98913279264386
 20
-12.13517165644325
 10
25.13913211040799
 20
-12.20866950442599
 10
24.27243514376552
 20
-12.26332776288723
 10
23.38898829246848
 20
-12.29843288078012
 10
22.48873795626879
 20
-12.31327130705941
 10
21.57163053491812
 20
-12.30712949067967
 10
20.63761242816852
 20
-12.27929388059422
 10
19.6866300357716
 20
-12.22905092575757
 10
18.71862975747927
 20
-12.15568707512414
 10
17.73355799304343
 20
-12.05848877764806
 10
16.73136114221596
 20
-11.93674248228307
 10
15.71198560474853
 20
-11.78973463798392
 10
24.64476827656259
 20
0.0012315895501586
 10
15.71198560474853
 20
11.79219781708424
 10
16.7313611422159
 20
11.93920566138341
 10
17.73355799304345
 20
12.06095195674847
 10
18.71862975747932
 20
12.15815025422448
 10
19.68663003577153
 20
12.23151410485802
 10
20.63761242816852
 20
12.28175705969447
 10
21.57163053491816
 20
12.30959266977997
 10
22.48873795626875
 20
12.31573448615977
  0
LWPOLYLINE
  5
5A
330
1422
100
AcDbEntity
  8
LAYER_1
100
AcDbPolyline
 90
       88
 70
     1
 43
0.0
 10
-21.70361147285293
 20
12.30959266978003
 10
-20.76959336610329
 20
12.28175705969456
 10
-19.81861097370635
 20
12.23151410485807
 10
-18.85061069541409
 20
12.15815025422451
 10
-17.86553893097827
 20
12.06095195674845
 10
-16.86334208015071
 20
11.93920566138346
 10
-15.84396654268332
 20
11.79219781708424
 10
-24.77674921449746
 20
0.001231589550252
 10
-15.84396654268334
 20
-11.78973463798383
 10
-16.86334208015071
 20
-11.93674248228307
 10
-17.86553893097832
 20
-12.05848877764808
 10
-18.85061069541413
 20
-12.15568707512414
 10
-19.81861097370635
 20
-12.22905092575757
 10
-20.76959336610329
 20
-12.27929388059417
 10
-21.70361147285293
 20
-12.30712949067967
 10
-22.62071889420353
 20
-12.31327130705941
 10
-23.52096923040329
 20
-12.29843288078002
 10
-24.40441608170027
 20
-12.26332776288714
 10
-25.27111304834274
 20
-12.20866950442599
 10
-26.12111373057868
 20
-12.13517165644325
 10
-26.95447172865647
 20
-12.04354776998409
 10
-27.77124064282411
 20
-11.93451139609463
 10
-28.57147407332977
 20
-11.80877608582065
 10
-29.35522562042168
 20
-11.66705539020805
 10
-30.12254888434803
 20
-11.51006286030243
 10
-30.87349746535689
 20
-11.33851204714979
 10
-31.60812496369648
 20
-11.15311650179601
 10
-32.32648497961495
 20
-10.95458977528688
 10
-33.02863111336034
 20
-10.74364541866806
 10
-33.71461696518111
 20
-10.52099698298562
 10
-34.38449613532509
 20
-10.28735801928526
 10
-35.03832222404071
 20
-10.04344207861288
 10
-35.67614883157589
 20
-9.789962712013915
 10
-36.2980295581789
 20
-9.527633470535032
 10
-36.90401800409794
 20
-9.257167905221143
 10
-37.49416776958119
 20
-8.979279567118656
 10
-38.06853245487666
 20
-8.694682007273151
 10
-39.17012098589726
 20
-8.108213426536684
 10
-40.20921239914506
 20
-7.503470571378405
 10
-41.18623549660536
 20
-6.886161850164909
 10
-42.10161908026353
 20
-6.261995671262745
 10
-42.9557919521046
 20
-5.636680443038438
 10
-43.74918291411407
 20
-5.015924573858816
 10
-44.48222076827728
 20
-4.405436472090417
 10
-45.15533431657916
 20
-3.810924546099796
 10
-45.76895236100543
 20
-3.238097204253596
 10
-46.32350370354111
 20
-2.692662854918487
 10
-46.81941714617161
 20
-2.180329906461135
 10
-47.25712149088202
 20
-1.706806767247925
 10
-47.95961809448434
 20
-0.8990235500208616
 10
-48.43442393023046
 20
-0.3149804701706431
 10
-48.68496941400244
 20
0.001231589550252
 10
-48.43442393023046
 20
0.3174436492709417
 10
-47.95961809448434
 20
0.9014867291212718
 10
-47.25712149088193
 20
1.709269946348355
 10
-46.81941714617161
 20
2.182793085561507
 10
-46.32350370354111
 20
2.695126034018878
 10
-45.76895236100543
 20
3.240560383354007
 10
-45.15533431657909
 20
3.813387725200225
 10
-44.48222076827728
 20
4.407899651190827
 10
-43.74918291411415
 20
5.018387752959209
 10
-42.9557919521046
 20
5.639143622138849
 10
-42.10161908026353
 20
6.264458850363157
 10
-41.18623549660536
 20
6.888625029265337
 10
-40.20921239914506
 20
7.505933750478831
 10
-39.17012098589726
 20
8.110676605636999
 10
-38.06853245487666
 20
8.697145186373656
 10
-37.49416776958119
 20
8.981742746218975
 10
-36.90401800409794
 20
9.259631084321556
 10
-36.2980295581789
 20
9.53009664963546
 10
-35.67614883157589
 20
9.792425891114305
 10
-35.03832222404071
 20
10.04590525771325
 10
-34.38449613532509
 20
10.2898211983857
 10
-33.71461696518111
 20
10.52346016208595
 10
-33.02863111336034
 20
10.74610859776849
 10
-32.32648497961495
 20
10.95705295438729
 10
-31.60812496369648
 20
11.15557968089642
 10
-30.87349746535689
 20
11.34097522625015
 10
-30.12254888434803
 20
11.51252603940277
 10
-29.35522562042168
 20
11.66951856930841
 10
-28.57147407332977
 20
11.81123926492095
 10
-27.771240642824
 20
11.93697457519503
 10
-26.95447172865644
 20
12.04601094908456
 10
-26.12111373057868
 20
12.1376348355436
 10
-25.27111304834274
 20
12.21113268352642
 10
-24.40441608170033
 20
12.26579094198764
 10
-23.52096923040325
 20
12.30089605988053
 10
-22.62071889420353
 20
12.31573448615977
  0
LWPOLYLINE
  5
5B
330
1422
100
AcDbEntity
  8
LAYER_1
100
AcDbPolyline
 90
       46
 70
     1
 43
0.0
 10
76.42190169438719
 20
-21.40275595038634
 10
76.28639497175993
 20
-21.45691329511305
 10
75.92367783875897
 20
-21.57934528215772
 10
75.55915431459252
 20
-21.67755296035244
 10
75.19349034882046
 20
-21.74885740276972
 10
74.82735189100279
 20
-21.79057968248225
 10
74.46140489069944
 20
-21.80004087256293
 10
74.09631529747045
 20
-21.77456204608459
 10
73.73274906087551
 20
-21.71146427611996
 10
73.37137213047483
 20
-21.60806863574149
 10
73.01285045582817
 20
-21.46169619802219
 10
72.65784998649554
 20
-21.26966803603482
 10
72.3070366720368
 20
-21.02930522285183
 10
71.96107646201196
 20
-20.73792883154625
 10
71.63688046604561
 20
-20.42459431238748
 10
71.33955652790326
 20
-20.11017688005049
 10
71.06841980863989
 20
-19.79486494595622
 10
70.82278546931068
 20
-19.478846921526
 10
70.60196867097069
 20
-19.16231121817997
 10
70.40528457467512
 20
-18.84544624733983
 10
70.23204834147914
 20
-18.52844042042607
 10
70.08157513243784
 20
-18.21148214885965
 10
69.95318010860633
 20
-17.89475984406153
 10
69.84617843103979
 20
-17.57846191745273
 10
69.75988526079323
 20
-17.26277678045393
 10
69.69361575892181
 20
-16.94789284448623
 10
69.64668508648081
 20
-16.63399852097034
 10
69.61840840452516
 20
-16.32128222132771
 10
69.60810087411009
 20
-16.00993235697867
 10
69.61507765629085
 20
-15.7001373393441
 10
69.63865391212225
 20
-15.39208557984516
 10
69.6781448026596
 20
-15.08596548990291
 10
69.7328654889581
 20
-14.78196548093827
 10
69.80213113207287
 20
-14.48027396437183
 10
69.88525689305889
 20
-14.18107935162457
 10
69.98155793297138
 20
-13.88457005411761
 10
70.09034941286549
 20
-13.59093448327186
 10
70.21094649379631
 20
-13.30036105050792
 10
70.48481810298856
 20
-12.72915424491014
 10
70.79769404898924
 20
-12.17245692869114
 10
71.14409562023936
 20
-11.63177639321881
 10
71.51854410517994
 20
-11.10861992986
 10
71.91556079225198
 20
-10.60449482998258
 10
72.32966696989655
 20
-10.12090838495317
 10
72.75538392655462
 20
-9.65936788613957
 10
72.86537687232463
 20
-9.54781151717133
  0
LWPOLYLINE
  5
5C
330
1422
100
AcDbEntity
  8
LAYER_1
100
AcDbPolyline
 90
       46
 70
     1
 43
0.0
 10
-72.88736486448944
 20
-9.65936788613957
 10
-72.46164790783145
 20
-10.12090838495317
 10
-72.04754173018686
 20
-10.60449482998257
 10
-71.65052504311479
 20
-11.10861992986004
 10
-71.27607655817424
 20
-11.63177639321875
 10
-70.92967498692407
 20
-12.1724569286912
 10
-70.61679904092341
 20
-12.72915424491014
 10
-70.34292743173113
 20
-13.30036105050777
 10
-70.22233035080046
 20
-13.5909344832718
 10
-70.11353887090618
 20
-13.88457005411748
 10
-70.01723783099369
 20
-14.18107935162457
 10
-69.93411207000765
 20
-14.48027396437178
 10
-69.86484642689309
 20
-14.78196548093821
 10
-69.81012574059445
 20
-15.08596548990286
 10
-69.77063485005711
 20
-15.3920855798451
 10
-69.74705859422562
 20
-15.70013733934405
 10
-69.74008181204492
 20
-16.00993235697859
 10
-69.7503893424599
 20
-16.32128222132766
 10
-69.77866602441551
 20
-16.63399852097022
 10
-69.82559669685658
 20
-16.94789284448618
 10
-69.89186619872798
 20
-17.26277678045393
 10
-69.97815936897452
 20
-17.5784619174527
 10
-70.0851610465411
 20
-17.89475984406153
 10
-70.21355607037266
 20
-18.21148214885958
 10
-70.36402927941404
 20
-18.52844042042597
 10
-70.53726551261002
 20
-18.84544624733973
 10
-70.73394960890543
 20
-19.16231121817994
 10
-70.95476640724538
 20
-19.47884692152594
 10
-71.20040074657466
 20
-19.79486494595619
 10
-71.47153746583801
 20
-20.11017688005049
 10
-71.76886140398055
 20
-20.42459431238737
 10
-72.09305739994682
 20
-20.73792883154617
 10
-72.43901760997158
 20
-21.02930522285175
 10
-72.78983092443038
 20
-21.26966803603477
 10
-73.14483139376307
 20
-21.46169619802212
 10
-73.5033530684096
 20
-21.60806863574145
 10
-73.86472999881025
 20
-21.7114642761199
 10
-74.22829623540521
 20
-21.77456204608459
 10
-74.59338582863421
 20
-21.80004087256293
 10
-74.95933282893766
 20
-21.79057968248222
 10
-75.32547128675526
 20
-21.74885740276966
 10
-75.69113525252724
 20
-21.67755296035241
 10
-76.05565877669372
 20
-21.57934528215769
 10
-76.41837590969474
 20
-21.456913295113
 10
-76.4342462209938
 20
-21.45057048124163
 10
-72.89463278114283
 20
-9.651996664411306
  0
LWPOLYLINE
  5
5D
330
1422
100
AcDbEntity
  8
LAYER_1
100
AcDbPolyline
 90
       89
 70
     1
 43
0.0
 10
11.55497346218359
 20
-16.90084160565079
 10
11.67636397924689
 20
-17.9189298985412
 10
11.77368816942804
 20
-18.92013292389279
 10
11.84764440269738
 20
-19.90449078327071
 10
11.89893104902536
 20
-20.87204357824102
 10
11.92824647838243
 20
-21.82283141036831
 10
11.93628906073885
 20
-22.7568943812185
 10
11.92375716606515
 20
-23.67427259235724
 10
11.89134916433169
 20
-24.57500614534981
 10
11.83976342550895
 20
-25.45913514176137
 10
11.76969831956723
 20
-26.32669968315761
 10
11.68185221647698
 20
-27.17773987110371
 10
11.57692348620863
 20
-28.01229580716566
 10
11.45561049873251
 20
-28.83040759290847
 10
11.31861162401908
 20
-29.63211532989765
 10
11.16662523203875
 20
-30.41745911969881
 10
11.00034969276197
 20
-31.18647906387733
 10
10.820483376159
 20
-31.93921526399862
 10
10.62772465220045
 20
-32.6757078216279
 10
10.42277189085645
 20
-33.39599683833107
 10
10.20632346209769
 20
-34.10012241567323
 10
9.979077735894373
 20
-34.78812465521974
 10
9.741733082217022
 20
-35.46004365853654
 10
9.494987871036004
 20
-36.11591952718848
 10
9.23954047232168
 20
-36.75579236274134
 10
8.976089256044529
 20
-37.37970226676063
 10
8.705332592174871
 20
-37.98768934081172
 10
8.427968850683184
 20
-38.57979368645993
 10
7.856213614715268
 20
-39.71651459880955
 10
7.266410507904042
 20
-40.79018581633336
 10
6.664146490012657
 20
-41.80112815155496
 10
6.055008520804537
 20
-42.74966241699761
 10
5.444583560042669
 20
-43.63610942518526
 10
4.838458567490424
 20
-44.4607899886411
 10
4.242220502911064
 20
-45.22402491988892
 10
3.661456326067678
 20
-45.92613503145218
 10
3.101752996723702
 20
-46.56744113585435
 10
2.56869747464235
 20
-47.14826404561899
 10
2.067876719586803
 20
-47.66892457326984
 10
1.604877691320254
 20
-48.1297435313303
 10
0.8146926542073821
 20
-48.87313998877452
 10
0.2428380414094324
 20
-49.38101991813988
 10
-0.0659904689673756
 20
-49.65594981961501
 10
-0.3748189793441836
 20
-49.38101991813988
 10
-0.9466735921421147
 20
-48.87313998877462
 10
-1.736858629255005
 20
-48.12974353133036
 10
-2.199857657521555
 20
-47.66892457326984
 10
-2.700678412577102
 20
-47.14826404561889
 10
-3.233733934658526
 20
-46.56744113585447
 10
-3.793437264002522
 20
-45.92613503145211
 10
-4.374201440845796
 20
-45.22402491988892
 10
-4.970439505425249
 20
-44.4607899886411
 10
-5.576564497977458
 20
-43.63610942518526
 10
-6.186989458739287
 20
-42.74966241699761
 10
-6.796127427947464
 20
-41.80112815155496
 10
-7.398391445838808
 20
-40.79018581633336
 10
-7.988194552650057
 20
-39.71651459880955
 10
-8.276677339474678
 20
-39.15605540527053
 10
-8.559949788617952
 20
-38.57979368646004
 10
-8.837313530109636
 20
-37.98768934081165
 10
-9.108070193979225
 20
-37.37970226676063
 10
-9.371521410256466
 20
-36.75579236274134
 10
-9.626968808970794
 20
-36.11591952718848
 10
-9.873714020151831
 20
-35.46004365853654
 10
-10.11105867382912
 20
-34.78812465521974
 10
-10.33830440003246
 20
-34.10012241567323
 10
-10.55475282879128
 20
-33.39599683833107
 10
-10.7597055901352
 20
-32.6757078216279
 10
-10.95246431409386
 20
-31.93921526399869
 10
-11.13233063069674
 20
-31.18647906387733
 10
-11.29860616997354
 20
-30.41745911969881
 10
-11.45059256195392
 20
-29.63211532989765
 10
-11.58759143666734
 20
-28.83040759290847
 10
-11.70890442414333
 20
-28.01229580716566
 10
-11.8138331544118
 20
-27.1777398711038
 10
-11.90167925750198
 20
-26.32669968315752
 10
-11.97174436344365
 20
-25.45913514176144
 10
-12.02333010226652
 20
-24.57500614534981
 10
-12.05573810399994
 20
-23.67427259235724
 10
-12.06826999867364
 20
-22.7568943812185
 10
-12.06022741631718
 20
-21.82283141036831
 10
-12.03091198696016
 20
-20.87204357824095
 10
-11.97962534063217
 20
-19.90449078327081
 10
-11.90566910736283
 20
-18.92013292389279
 10
-11.80834491718164
 20
-17.9189298985412
 10
-11.68695440011833
 20
-16.90084160565079
 10
-11.54079918620251
 20
-15.86582794365609
 10
-0.0659904689673756
 20
-25.42595998661022
 10
11.40881824826765
 20
-15.86582794365609
  0
LWPOLYLINE
  5
5E
330
1422
100
AcDbEntity
  8
LAYER_1
100
AcDbPolyline
 90
      272
 70
     1
 43
0.0
 10
66.02254544109801
 20
38.57123429645583
 10
66.23976734692401
 20
38.33811125726586
 10
66.44193254367694
 20
38.10235492417879
 10
66.62939531156367
 20
37.86411194674589
 10
66.80250993079089
 20
37.62352897451797
 10
66.96163068156528
 20
37.38075265704632
 10
67.10711184409355
 20
37.13592964388235
 10
67.23930769858256
 20
36.88920658457654
 10
67.35857252523887
 20
36.64073012868037
 10
67.4652606042695
 20
36.39064692574486
 10
67.64232364027972
 20
35.88624687696011
 10
67.77333104826745
 20
35.37717963463118
 10
67.86111706988634
 20
34.86461839516654
 10
67.90851594679025
 20
34.34973635497514
 10
67.91836192063316
 20
33.83370671046613
 10
67.89348923306889
 20
33.31770265804759
 10
67.83673212575118
 20
32.80289739412856
 10
67.75092484033415
 20
32.29046411511794
 10
67.63890161847152
 20
31.78157601742445
 10
67.50349670181728
 20
31.27740629745661
 10
67.3475443320251
 20
30.77912815162327
 10
67.17387875074901
 20
30.28791477633346
 10
66.98533419964281
 20
29.80493936799564
 10
66.78474492036045
 20
29.33137512301874
 10
66.57494515455567
 20
28.86839523781152
 10
66.13905112999467
 20
27.97888133234068
 10
65.70032605919076
 20
27.14578322285364
 10
64.90507851177806
 20
25.68637667691061
 10
64.59390390163129
 20
25.07883938299488
 10
64.46984873323629
 20
24.80971841823161
 10
64.37059397816534
 20
24.56526017014304
 10
64.25375757741632
 20
24.24690844838504
 10
64.03814740894013
 20
23.60844820116264
 10
63.76329492236809
 20
22.68558378986491
 10
63.61600638780597
 20
22.12865763562222
 10
63.46873156733147
 20
21.51401957588113
 10
63.32641189214868
 20
20.84613265581601
 10
63.19398879346145
 20
20.12945992060003
 10
63.07640370247378
 20
19.3684644154069
 10
62.97859805038934
 20
18.56760918541046
 10
62.90551326841229
 20
17.73135727578413
 10
62.86209078774628
 20
16.86417173170168
 10
62.85327203959532
 20
15.97051559833671
 10
62.88399845516343
 20
15.05485192086257
 10
62.95921146565436
 20
14.12164374445326
 10
63.01504464124721
 20
13.64985517076456
 10
63.08385250227221
 20
13.17535411428222
 10
63.16625272762991
 20
12.69869845565277
 10
63.26286299622065
 20
12.22044607552314
 10
63.37430098694515
 20
11.74115485453989
 10
63.50118437870378
 20
11.26138267334937
 10
63.64413085039703
 20
10.78168741259906
 10
63.80375808092528
 20
10.30262695293511
 10
63.98068374918921
 20
9.82475917500424
 10
64.17552553408924
 20
9.348641959453372
 10
64.38890111452583
 20
8.874833186929178
 10
64.62142816939944
 20
8.403890738078132
 10
64.87372437761067
 20
7.936372493547304
 10
65.14640741805992
 20
7.472836333983167
 10
65.4400949696477
 20
7.013840140032347
 10
65.75540471127455
 20
6.559941792341543
 10
66.09295432184078
 20
6.111699171557809
 10
66.45336148024711
 20
5.669670158327482
 10
66.83724386539381
 20
5.234412633297215
 10
67.24521915618158
 20
4.806484477114224
 10
67.67790503151077
 20
4.386443570424514
 10
68.13591917028197
 20
3.974847793875369
 10
68.61987925139555
 20
3.572255028113276
 10
69.13040295375207
 20
3.179223153784696
 10
69.66810795625196
 20
2.796310051536772
 10
70.23361193779575
 20
2.42407360201598
 10
70.65194689649953
 20
2.169797674152114
 10
70.00099999999999
 20
-0.000000000000002
 10
70.65132190227612
 20
-2.167714384379058
 10
70.23361193779575
 20
-2.421610422915589
 10
69.66810795625196
 20
-2.793846872436474
 10
69.13040295375207
 20
-3.176759974684379
 10
68.61987925139555
 20
-3.56979184901296
 10
68.13591917028197
 20
-3.972384614775032
 10
67.67790503151077
 20
-4.383980391324141
 10
67.24521915618158
 20
-4.804021298013849
 10
66.83724386539381
 20
-5.23194945419684
 10
66.45336148024711
 20
-5.667206979227186
 10
66.09295432184085
 20
-6.109235992457433
 10
65.7554047112745
 20
-6.557478613241262
 10
65.4400949696477
 20
-7.011376960932031
 10
65.14640741805992
 20
-7.470373154882887
 10
64.87372437761074
 20
-7.933909314447006
 10
64.62142816939952
 20
-8.40142755897782
 10
64.38890111452581
 20
-8.872370007828864
 10
64.17552553408924
 20
-9.346178780353152
 10
63.98068374918921
 20
-9.822295995903957
 10
63.80375808092528
 20
-10.30016377383487
 10
63.64413085039703
 20
-10.7792242334988
 10
63.50118437870378
 20
-11.25891949424911
 10
63.37430098694515
 20
-11.73869167543947
 10
63.26286299622061
 20
-12.21798289642285
 10
63.16625272762991
 20
-12.69623527655245
 10
63.08385250227221
 20
-13.1728909351819
 10
63.01504464124728
 20
-13.64739199166416
 10
62.95921146565444
 20
-14.11918056535289
 10
62.88399845516351
 20
-15.05238874176228
 10
62.85327203959532
 20
-15.96805241923634
 10
62.86209078774628
 20
-16.86170855260136
 10
62.9055132684122
 20
-17.72889409668381
 10
62.97859805038934
 20
-18.56514600631017
 10
63.07640370247378
 20
-19.36600123630662
 10
63.19398879346145
 20
-20.12699674149964
 10
63.32641189214868
 20
-20.84366947671568
 10
63.46873156733147
 20
-21.51155639678079
 10
63.61600638780597
 20
-22.12619445652191
 10
63.76329492236815
 20
-22.68312061076456
 10
64.0381474089401
 20
-23.60598502206228
 10
64.25375757741632
 20
-24.2444452692847
 10
64.37059397816534
 20
-24.56279699104277
 10
64.46984873323625
 20
-24.80725523913132
 10
64.59390390163129
 20
-25.07637620389454
 10
64.90507851177806
 20
-25.68391349781032
 10
65.70032605919076
 20
-27.1433200437533
 10
66.13905112999467
 20
-27.97641815324045
 10
66.57494515455567
 20
-28.8659320587111
 10
66.78474492036045
 20
-29.32891194391851
 10
66.98533419964286
 20
-29.80247618889533
 10
67.17387875074901
 20
-30.28545159723311
 10
67.3475443320251
 20
-30.77666497252301
 10
67.50349670181728
 20
-31.27494311835625
 10
67.63890161847161
 20
-31.77911283832409
 10
67.75092484033416
 20
-32.2880009360175
 10
67.83673212575118
 20
-32.8004342150282
 10
67.89348923306879
 20
-33.31523947894729
 10
67.91836192063311
 20
-33.83124353136574
 10
67.90851594679032
 20
-34.34727317587484
 10
67.86111706988634
 20
-34.86215521606627
 10
67.77333104826742
 20
-35.37471645553079
 10
67.6423236402798
 20
-35.88378369785977
 10
67.46526060426946
 20
-36.38818374664451
 10
67.35857252523892
 20
-36.63826694958001
 10
67.23930769858256
 20
-36.88674340547628
 10
67.10711184409362
 20
-37.13346646478195
 10
66.96163068156528
 20
-37.37828947794606
 10
66.80250993079089
 20
-37.62106579541757
 10
66.62939531156368
 20
-37.86164876764558
 10
66.44193254367694
 20
-38.0998917450784
 10
66.23976734692401
 20
-38.33564807816552
 10
66.02254544109801
 20
-38.56877111735555
 10
65.78991254599221
 20
-38.79911421309738
 10
65.20859711056309
 20
-36.89837722851601
 10
64.8495625896095
 20
-35.81387489165637
 10
64.43724329327941
 20
-34.64626749213779
 10
63.96586404166024
 20
-33.40029315525046
 10
63.42964965483915
 20
-32.08069000628444
 10
62.8228249529036
 20
-30.69219617052996
 10
62.13961475594057
 20
-29.23954977327731
 10
61.7675603531011
 20
-28.49065002824242
 10
61.37424388403758
 20
-27.72748893981668
 10
60.95894345126081
 20
-26.95065877366152
 10
60.52093715728177
 20
-26.16075179543817
 10
60.05950310461138
 20
-25.35836027080787
 10
59.57391939576041
 20
-24.54407646543212
 10
59.06346413324002
 20
-23.71849264497197
 10
58.52741541956088
 20
-22.88220107508837
 10
57.96505135723396
 20
-22.03579402144323
 10
57.3756500487703
 20
-21.17986374969755
 10
56.75848959668066
 20
-20.31500252551278
 10
56.11284810347595
 20
-19.44180261454978
 10
55.43800367166722
 20
-18.56085628247019
 10
54.73323440376522
 20
-17.67275579493488
 10
53.99781840228099
 20
-16.77809341760574
 10
53.23103376972536
 20
-15.87746141614356
 10
53.66208399624433
 20
-15.6552956991252
 10
54.06990261022115
 20
-15.42457705177796
 10
54.45500894283949
 20
-15.18567951876357
 10
54.81792232528316
 20
-14.93897714474464
 10
55.15916208873583
 20
-14.68484397438358
 10
55.47924756438124
 20
-14.42365405234276
 10
55.77869808340327
 20
-14.15578142328409
 10
56.05803297698555
 20
-13.88160013187051
 10
56.31777157631182
 20
-13.6014842227639
 10
56.55843321256597
 20
-13.31580774062675
 10
56.78053721693158
 20
-13.02494473012125
 10
56.98460292059257
 20
-12.72926923590997
 10
57.17114965473245
 20
-12.42915530265497
 10
57.34069675053518
 20
-12.12497697501881
 10
57.49376353918452
 20
-11.81710829766384
 10
57.63086935186404
 20
-11.50592331525225
 10
57.75253351975768
 20
-11.19179607244637
 10
57.85927537404906
 20
-10.87510061390848
 10
57.95161424592206
 20
-10.55621098430117
 10
58.03006946656026
 20
-10.23550122828637
 10
58.0951603671476
 20
-9.913345390526988
 10
58.14740627886759
 20
-9.59011751568468
 10
58.18732653290409
 20
-9.266191648422175
 10
58.21544046044103
 20
-8.941941833401946
 10
58.23832666075058
 20
-8.29396653873661
 10
58.22021952926639
 20
-7.649183988987542
 10
58.16527371545839
 20
-7.010586541453272
 10
58.0776438687964
 20
-6.381166553432695
 10
57.96148463875067
 20
-5.763916382224117
 10
57.82095067479111
 20
-5.161828385126248
 10
57.66019662638778
 20
-4.577894919437746
 10
57.48337714301049
 20
-4.015108342457525
 10
57.29464687412942
 20
-3.476461011484022
 10
57.09816046921448
 20
-2.964945283815871
 10
56.89807257773577
 20
-2.48355351675164
 10
56.69853784916323
 20
-2.035278067589924
 10
56.31774647861656
 20
-1.250045552169438
 10
55.98902355333472
 20
-0.6331865959430273
 10
55.74560626907751
 20
-0.2086400572999826
 10
55.62073182160504
 20
0.0012315895501586
 10
55.74560626907751
 20
0.2111032364003371
 10
55.98902355333461
 20
0.6356497750433447
 10
56.31774647861656
 20
1.252508731269679
 10
56.69853784916323
 20
2.037741246690259
 10
56.8980725777357
 20
2.486016695852049
 10
57.09816046921448
 20
2.967408462916207
 10
57.29464687412942
 20
3.478924190584396
 10
57.48337714301044
 20
4.017571521557805
 10
57.66019662638768
 20
4.580358098538025
 10
57.82095067479111
 20
5.164291564226508
 10
57.96148463875067
 20
5.766379561324415
 10
58.0776438687964
 20
6.383629732533031
 10
58.16527371545839
 20
7.013049720553553
 10
58.22021952926639
 20
7.6516471680879
 10
58.23832666075063
 20
8.296429717836888
 10
58.21544046044103
 20
8.944405012502326
 10
58.18732653290409
 20
9.26865482752251
 10
58.14740627886754
 20
9.592580694784974
 10
58.0951603671475
 20
9.915808569627401
 10
58.03006946656026
 20
10.23796440738666
 10
57.95161424592202
 20
10.55867416340137
 10
57.85927537404906
 20
10.87756379300882
 10
57.75253351975768
 20
11.19425925154671
 10
57.63086935186404
 20
11.50838649435249
 10
57.49376353918452
 20
11.81957147676416
 10
57.34069675053518
 20
12.12744015411906
 10
57.17114965473245
 20
12.43161848175525
 10
56.98460292059248
 20
12.73173241501021
 10
56.78053721693158
 20
13.02740790922155
 10
56.55843321256593
 20
13.31827091972699
 10
56.31777157631182
 20
13.60394740186418
 10
56.05803297698555
 20
13.8840633109709
 10
55.77869808340327
 20
14.15824460238439
 10
55.47924756438128
 20
14.42611723144299
 10
55.15916208873576
 20
14.68730715348394
 10
54.81792232528316
 20
14.94144032384497
 10
54.45500894283952
 20
15.18814269786395
 10
54.06990261022115
 20
15.4270402308783
 10
53.66208399624433
 20
15.65775887822553
 10
53.23103376972536
 20
15.87992459524383
 10
53.99781840228097
 20
16.78055659670608
 10
54.73323440376528
 20
17.67521897403518
 10
55.43800367166722
 20
18.56331946157045
 10
56.11284810347602
 20
19.44426579365006
 10
56.75848959668066
 20
20.31746570461303
 10
57.3756500487703
 20
21.18232692879787
 10
57.96505135723401
 20
22.03825720054354
 10
58.52741541956085
 20
22.88466425418863
 10
59.06346413324002
 20
23.72095582407223
 10
59.57391939576047
 20
24.54653964453239
 10
60.05950310461138
 20
25.36082344990816
 10
60.52093715728186
 20
26.16321497453856
 10
60.95894345126081
 20
26.95312195276182
 10
61.37424388403758
 20
27.72995211891702
 10
61.76756035310122
 20
28.49311320734282
 10
62.13961475594057
 20
29.24201295237767
 10
62.82282495290352
 20
30.69465934963032
 10
63.42964965483925
 20
32.08315318538475
 10
63.96586404166024
 20
33.40275633435079
 10
64.43724329327936
 20
34.64873067123814
 10
64.84956258960946
 20
35.81633807075675
 10
65.20859711056309
 20
36.90084040761631
 10
65.78991254599221
 20
38.80157739219765
  0
LWPOLYLINE
  5
5F
330
1422
100
AcDbEntity
  8
LAYER_1
100
AcDbPolyline
 90
      272
 70
     1
 43
0.0
 10
-65.34057804849796
 20
36.90084040761631
 10
-64.98154352754439
 20
35.81633807075675
 10
-64.56922423121433
 20
34.64873067123814
 10
-64.0978449795951
 20
33.40275633435072
 10
-63.561630592774
 20
32.08315318538467
 10
-62.95480589083836
 20
30.69465934963032
 10
-62.27159569387542
 20
29.24201295237767
 10
-61.89954129103596
 20
28.49311320734282
 10
-61.50622482197235
 20
27.72995211891702
 10
-61.09092438919559
 20
26.95312195276188
 10
-60.65291809521662
 20
26.16321497453856
 10
-60.19148404254612
 20
25.36082344990822
 10
-59.70590033369528
 20
24.54653964453239
 10
-59.19544507117482
 20
23.72095582407229
 10
-58.65939635749562
 20
22.88466425418867
 10
-58.09703229516885
 20
22.03825720054359
 10
-57.5076309867051
 20
21.18232692879792
 10
-56.89047053461548
 20
20.31746570461311
 10
-56.24482904141082
 20
19.44426579365006
 10
-55.569984609602
 20
18.56331946157049
 10
-54.86521534170013
 20
17.6752189740352
 10
-54.12979934021579
 20
16.78055659670603
 10
-53.36301470766007
 20
15.87992459524385
 10
-53.79406493417921
 20
15.65775887822555
 10
-54.20188354815608
 20
15.42704023087835
 10
-54.58698988077427
 20
15.18814269786395
 10
-54.94990326321793
 20
14.94144032384497
 10
-55.29114302667061
 20
14.68730715348395
 10
-55.61122850231609
 20
14.42611723144308
 10
-55.91067902133804
 20
14.15824460238445
 10
-56.19001391492033
 20
13.88406331097092
 10
-56.4497525142466
 20
13.60394740186433
 10
-56.69041415050073
 20
13.31827091972707
 10
-56.91251815486631
 20
13.02740790922163
 10
-57.1165838585274
 20
12.73173241501035
 10
-57.30313059266726
 20
12.43161848175529
 10
-57.47267768847009
 20
12.12744015411917
 10
-57.62574447711931
 20
11.81957147676418
 10
-57.76285028979892
 20
11.50838649435258
 10
-57.88451445769252
 20
11.19425925154675
 10
-57.99125631198378
 20
10.87756379300888
 10
-58.08359518385684
 20
10.5586741634015
 10
-58.16205040449499
 20
10.23796440738666
 10
-58.22714130508229
 20
9.915808569627401
 10
-58.27938721680227
 20
9.592580694785029
 10
-58.31930747083887
 20
9.268654827522569
 10
-58.34742139837578
 20
8.944405012502359
 10
-58.3703075986854
 20
8.296429717836982
 10
-58.35220046720124
 20
7.6516471680879
 10
-58.29725465339321
 20
7.013049720553683
 10
-58.2096248067312
 20
6.383629732533052
 10
-58.0934655766855
 20
5.766379561324508
 10
-57.95293161272596
 20
5.164291564226508
 10
-57.79217756432246
 20
4.580358098538117
 10
-57.61535808094525
 20
4.017571521557897
 10
-57.4266278120641
 20
3.478924190584415
 10
-57.23014140714927
 20
2.967408462916263
 10
-57.03005351567057
 20
2.486016695852049
 10
-56.83051878709792
 20
2.037741246690259
 10
-56.44972741655119
 20
1.252508731269792
 10
-56.12100449126949
 20
0.6356497750433447
 10
-55.87758720701227
 20
0.2111032364003371
 10
-55.75271275953983
 20
0.0012315895502146
 10
-55.87758720701227
 20
-0.2086400572999452
 10
-56.12100449126949
 20
-0.6331865959429902
 10
-56.44972741655136
 20
-1.250045552169325
 10
-56.83051878709804
 20
-2.035278067589924
 10
-57.03005351567057
 20
-2.48355351675164
 10
-57.23014140714927
 20
-2.964945283815871
 10
-57.4266278120641
 20
-3.476461011483984
 10
-57.61535808094532
 20
-4.015108342457431
 10
-57.79217756432246
 20
-4.577894919437688
 10
-57.95293161272596
 20
-5.161828385126117
 10
-58.0934655766855
 20
-5.763916382224096
 10
-58.20962480673128
 20
-6.381166553432639
 10
-58.29725465339321
 20
-7.010586541453272
 10
-58.35220046720124
 20
-7.649183988987505
 10
-58.3703075986854
 20
-8.293966538736574
 10
-58.34742139837578
 20
-8.941941833401946
 10
-58.31930747083887
 20
-9.266191648422175
 10
-58.27938721680227
 20
-9.590117515684603
 10
-58.22714130508237
 20
-9.913345390526988
 10
-58.16205040449507
 20
-10.23550122828627
 10
-58.08359518385684
 20
-10.55621098430105
 10
-57.99125631198378
 20
-10.87510061390846
 10
-57.88451445769252
 20
-11.19179607244634
 10
-57.76285028979892
 20
-11.50592331525225
 10
-57.62574447711939
 20
-11.81710829766378
 10
-57.47267768847005
 20
-12.12497697501872
 10
-57.30313059266726
 20
-12.42915530265484
 10
-57.1165838585274
 20
-12.72926923590993
 10
-56.91251815486631
 20
-13.0249447301212
 10
-56.69041415050073
 20
-13.31580774062669
 10
-56.4497525142466
 20
-13.60148422276384
 10
-56.19001391492033
 20
-13.88160013187051
 10
-55.91067902133804
 20
-14.15578142328396
 10
-55.61122850231609
 20
-14.42365405234271
 10
-55.29114302667061
 20
-14.68484397438358
 10
-54.94990326321793
 20
-14.93897714474464
 10
-54.58698988077427
 20
-15.18567951876357
 10
-54.20188354815608
 20
-15.42457705177791
 10
-53.79406493417913
 20
-15.65529569912514
 10
-53.36301470766007
 20
-15.87746141614345
 10
-54.12979934021579
 20
-16.77809341760565
 10
-54.86521534170013
 20
-17.67275579493484
 10
-55.569984609602
 20
-18.56085628247012
 10
-56.24482904141074
 20
-19.44180261454978
 10
-56.89047053461548
 20
-20.31500252551275
 10
-57.5076309867051
 20
-21.17986374969745
 10
-58.0970322951687
 20
-22.03579402144318
 10
-58.6593963574957
 20
-22.88220107508837
 10
-59.19544507117482
 20
-23.71849264497193
 10
-59.70590033369528
 20
-24.54407646543206
 10
-60.19148404254622
 20
-25.35836027080787
 10
-60.65291809521652
 20
-26.16075179543817
 10
-61.09092438919559
 20
-26.95065877366144
 10
-61.50622482197235
 20
-27.72748893981663
 10
-61.89954129103596
 20
-28.49065002824242
 10
-62.27159569387542
 20
-29.23954977327721
 10
-62.95480589083836
 20
-30.69219617052986
 10
-63.561630592774
 20
-32.08069000628434
 10
-64.09784497959498
 20
-33.4002931552504
 10
-64.56922423121433
 20
-34.64626749213769
 10
-64.98154352754433
 20
-35.81387489165634
 10
-65.34057804849796
 20
-36.8983772285159
 10
-65.92189348392704
 20
-38.79911421309738
 10
-66.15452637903278
 20
-38.56877111735546
 10
-66.37174828485886
 20
-38.33564807816542
 10
-66.5739134816118
 20
-38.09989174507835
 10
-66.76137624949856
 20
-37.86164876764552
 10
-66.93449086872572
 20
-37.62106579541751
 10
-67.09361161950017
 20
-37.37828947794601
 10
-67.23909278202839
 20
-37.13346646478193
 10
-67.37128863651739
 20
-36.88674340547622
 10
-67.49055346317385
 20
-36.63826694957992
 10
-67.59724154220423
 20
-36.38818374664442
 10
-67.77430457821461
 20
-35.88378369785971
 10
-67.90531198620221
 20
-35.37471645553075
 10
-67.99309800782117
 20
-34.86215521606621
 10
-68.04049688472503
 20
-34.34727317587479
 10
-68.05034285856793
 20
-33.83124353136564
 10
-68.02547017100367
 20
-33.31523947894729
 10
-67.96871306368614
 20
-32.80043421502815
 10
-67.88290577826896
 20
-32.2880009360175
 10
-67.77088255640632
 20
-31.77911283832401
 10
-67.6354776397521
 20
-31.27494311835625
 10
-67.47952526995999
 20
-30.77666497252296
 10
-67.30585968868386
 20
-30.28545159723304
 10
-67.11731513757782
 20
-29.80247618889532
 10
-66.91672585829525
 20
-29.32891194391843
 10
-66.70692609249055
 20
-28.8659320587111
 10
-66.27103206792954
 20
-27.97641815324032
 10
-65.83230699712555
 20
-27.14332004375326
 10
-65.03705944971287
 20
-25.68391349781032
 10
-64.72588483956603
 20
-25.07637620389452
 10
-64.60182967117103
 20
-24.80725523913124
 10
-64.50257491610014
 20
-24.56279699104272
 10
-64.38573851535114
 20
-24.24444526928464
 10
-64.17012834687497
 20
-23.60598502206222
 10
-63.89527586030286
 20
-22.68312061076448
 10
-63.74798732574074
 20
-22.12619445652186
 10
-63.60071250526624
 20
-21.51155639678073
 10
-63.45839283008358
 20
-20.84366947671558
 10
-63.3259697313962
 20
-20.12699674149964
 10
-63.20838464040853
 20
-19.36600123630655
 10
-63.11057898832413
 20
-18.5651460063101
 10
-63.03749420634702
 20
-17.72889409668374
 10
-62.99407172568104
 20
-16.86170855260133
 10
-62.98525297753017
 20
-15.96805241923631
 10
-63.01597939309825
 20
-15.05238874176218
 10
-63.09119240358921
 20
-14.11918056535289
 10
-63.14702557918193
 20
-13.64739199166416
 10
-63.21583344020694
 20
-13.17289093518188
 10
-63.2982336655646
 20
-12.69623527655241
 10
-63.39484393415539
 20
-12.21798289642285
 10
-63.50628192487986
 20
-11.73869167543951
 10
-63.6331653166385
 20
-11.25891949424909
 10
-63.77611178833174
 20
-10.77922423349878
 10
-63.93573901886
 20
-10.30016377383474
 10
-64.11266468712398
 20
-9.822295995903921
 10
-64.30750647202396
 20
-9.346178780353096
 10
-64.5208820524606
 20
-8.872370007828809
 10
-64.75340910733428
 20
-8.401427558977722
 10
-65.00570531554557
 20
-7.933909314446895
 10
-65.27838835599479
 20
-7.470373154882887
 10
-65.57207590758229
 20
-7.011376960932031
 10
-65.88738564920932
 20
-6.557478613241244
 10
-66.22493525977565
 20
-6.109235992457397
 10
-66.58534241818188
 20
-5.66720697922713
 10
-66.96922480332863
 20
-5.23194945419684
 10
-67.37720009411631
 20
-4.804021298013849
 10
-67.80988596944554
 20
-4.383980391324104
 10
-68.26790010821675
 20
-3.972384614775015
 10
-68.75186018933034
 20
-3.569791849012903
 10
-69.26238389168677
 20
-3.176759974684379
 10
-69.80008889418673
 20
-2.793846872436454
 10
-70.36559287573054
 20
-2.421610422915589
 10
-70.66998541325665
 20
-2.236591950746517
 10
-69.99900000000001
 20
0.0000000000000066
 10
-70.67061040748005
 20
2.238675240519607
 10
-70.36559287573061
 20
2.424073602015998
 10
-69.80008889418673
 20
2.796310051536865
 10
-69.26238389168685
 20
3.179223153784696
 10
-68.75186018933034
 20
3.572255028113333
 10
-68.26790010821682
 20
3.974847793875424
 10
-67.80988596944554
 20
4.386443570424514
 10
-67.37720009411631
 20
4.806484477114242
 10
-66.96922480332863
 20
5.234412633297215
 10
-66.58534241818178
 20
5.669670158327482
 10
-66.22493525977565
 20
6.111699171557713
 10
-65.88738564920932
 20
6.559941792341656
 10
-65.57207590758229
 20
7.013840140032347
 10
-65.27838835599479
 20
7.472836333983242
 10
-65.00570531554557
 20
7.936372493547437
 10
-64.75340910733428
 20
8.403890738078169
 10
-64.5208820524606
 20
8.874833186929221
 10
-64.30750647202396
 20
9.348641959453487
 10
-64.11266468712398
 20
9.824759175004295
 10
-63.93573901886
 20
10.30262695293519
 10
-63.77611178833174
 20
10.78168741259914
 10
-63.63316531663854
 20
11.26138267334941
 10
-63.50628192487986
 20
11.74115485453989
 10
-63.39484393415539
 20
12.22044607552314
 10
-63.2982336655646
 20
12.69869845565277
 10
-63.21583344020694
 20
13.17535411428229
 10
-63.14702557918193
 20
13.64985517076456
 10
-63.09119240358924
 20
14.12164374445326
 10
-63.01597939309825
 20
15.05485192086262
 10
-62.98525297753017
 20
15.97051559833674
 10
-62.99407172568104
 20
16.86417173170174
 10
-63.03749420634702
 20
17.73135727578419
 10
-63.11057898832413
 20
18.5676091854105
 10
-63.20838464040853
 20
19.36846441540692
 10
-63.3259697313962
 20
20.12945992059997
 10
-63.45839283008358
 20
20.84613265581607
 10
-63.60071250526624
 20
21.51401957588114
 10
-63.74798732574078
 20
22.12865763562225
 10
-63.89527586030286
 20
22.68558378986496
 10
-64.17012834687497
 20
23.60844820116268
 10
-64.38573851535114
 20
24.24690844838504
 10
-64.50257491610014
 20
24.56526017014314
 10
-64.60182967117103
 20
24.80971841823161
 10
-64.72588483956603
 20
25.07883938299488
 10
-65.03705944971284
 20
25.6863766769107
 10
-65.83230699712564
 20
27.14578322285368
 10
-66.27103206792947
 20
27.97888133234081
 10
-66.70692609249055
 20
28.86839523781148
 10
-66.91672585829525
 20
29.33137512301888
 10
-67.11731513757766
 20
29.80493936799573
 10
-67.30585968868386
 20
30.28791477633337
 10
-67.47952526995999
 20
30.7791281516234
 10
-67.6354776397521
 20
31.27740629745661
 10
-67.77088255640632
 20
31.78157601742445
 10
-67.88290577826896
 20
32.29046411511794
 10
-67.96871306368614
 20
32.8028973941285
 10
-68.02547017100367
 20
33.31770265804768
 10
-68.05034285856793
 20
33.83370671046613
 10
-68.04049688472503
 20
34.34973635497514
 10
-67.99309800782125
 20
34.86461839516661
 10
-67.90531198620221
 20
35.37717963463106
 10
-67.77430457821461
 20
35.88624687696007
 10
-67.59724154220423
 20
36.39064692574472
 10
-67.49055346317385
 20
36.64073012868037
 10
-67.37128863651747
 20
36.88920658457668
 10
-67.23909278202839
 20
37.13592964388228
 10
-67.09361161950017
 20
37.38075265704644
 10
-66.93449086872577
 20
37.62352897451797
 10
-66.76137624949856
 20
37.8641119467458
 10
-66.5739134816118
 20
38.10235492417879
 10
-66.37174828485886
 20
38.33811125726586
 10
-66.15452637903278
 20
38.57123429645583
 10
-65.92189348392704
 20
38.80157739219775
  0
LWPOLYLINE
  5
60
330
1422
100
AcDbEntity
  8
LAYER_1
100
AcDbPolyline
 90
       70
 70
     1
 43
0.0
 10
78.85580404728547
 20
-31.2509120566544
 10
79.31247080773013
 20
-31.30304020368174
 10
79.39371051458666
 20
-31.3086697826344
 10
82.71014376687745
 20
-42.36331832001567
 10
82.39508971089142
 20
-42.62006187710532
 10
81.74526430858412
 20
-43.10728996800409
 10
81.06854269463156
 20
-43.57238275261496
 10
80.36438335859282
 20
-44.0140549952634
 10
79.63224479002694
 20
-44.43102146027513
 10
78.87158547849292
 20
-44.82199691197543
 10
78.08186391354984
 20
-45.18569611469033
 10
77.26253858475654
 20
-45.52083383274522
 10
76.41306798167227
 20
-45.82612483046563
 10
75.53291059385604
 20
-46.10028387217717
 10
74.62152491086695
 20
-46.34202572220528
 10
73.67836942226379
 20
-46.5500651448759
 10
72.70290261760573
 20
-46.72311690451425
 10
71.69458298645189
 20
-46.85989576544612
 10
70.65286901836113
 20
-46.95911649199699
 10
69.57721920289262
 20
-47.01949384849229
 10
68.46709202960536
 20
-47.03974259925774
 10
67.32194598805836
 20
-47.0185775086192
 10
67.86211281714511
 20
-42.76905760806058
 10
68.43422492418707
 20
-42.98353832257224
 10
69.02294032024006
 20
-43.16946109078036
 10
69.62447621584265
 20
-43.32333077986003
 10
70.23504982153387
 20
-43.44165225698542
 10
70.85087834785233
 20
-43.52093038933164
 10
71.46817900533715
 20
-43.55767004407353
 10
72.08316900452681
 20
-43.54837608838596
 10
72.38861538555443
 20
-43.52537427762307
 10
72.69206555596039
 20
-43.4895533894434
 10
73.09824497483884
 20
-43.42457902637081
 10
73.48742324544726
 20
-43.34624829823642
 10
73.85993568102627
 20
-43.2550114827851
 10
74.21611759481661
 20
-43.15131885776231
 10
74.55630430005874
 20
-43.0356207009131
 10
74.88083110999337
 20
-42.9083672899828
 10
75.19003333786106
 20
-42.77000890271667
 10
75.48424629690241
 20
-42.62099581685968
 10
75.76380530035807
 20
-42.4617783101572
 10
76.02904566146865
 20
-42.2928066603545
 10
76.28030269347481
 20
-42.11453114519668
 10
76.51791170961709
 20
-41.92740204242883
 10
76.7422080231362
 20
-41.73186962979639
 10
76.95352694727255
 20
-41.52838418504436
 10
77.15220379526707
 20
-41.31739598591825
 10
77.3385738803601
 20
-41.09935531016304
 10
77.51297251579235
 20
-40.87471243552368
 10
77.67573501480436
 20
-40.64391763974593
 10
77.82719669063697
 20
-40.40742120057461
 10
77.96769285653059
 20
-40.16567339575513
 10
78.21712991146347
 20
-39.66822480015238
 10
78.426728685528
 20
-39.15517407489907
 10
78.59917168464915
 20
-38.63012344195692
 10
78.73714141475169
 20
-38.09667512328765
 10
78.84332038176065
 20
-37.55843134085288
 10
78.92039109160098
 20
-37.01899431661405
 10
78.9710360501975
 20
-36.48196627253325
 10
78.99793776347522
 20
-35.95094943057203
 10
79.0037787373589
 20
-35.42954601269154
 10
78.99124147777349
 20
-34.9213582408543
 10
78.96300849064416
 20
-34.4299883370212
 10
78.92176228189557
 20
-33.95903852315429
 10
78.87018535745274
 20
-33.51211102121518
 10
78.81096022324057
 20
-33.09280805316543
 10
78.68029534920768
 20
-32.35148460658074
 10
78.55122770719646
 20
-31.76388595909376
 10
78.44521734460619
 20
-31.35882988639747
 10
78.3837243088362
 20
-31.16513416418533
  0
LWPOLYLINE
  5
61
330
1422
100
AcDbEntity
  8
LAYER_1
100
AcDbPolyline
 90
      147
 70
     1
 43
0.0
 10
-24.99608101123458
 20
-20.2999999425087
 10
-25.4166714235409
 20
-20.90354853999688
 10
-25.8663358594453
 20
-21.49500777257194
 10
-26.34381223963869
 20
-22.07202155849069
 10
-26.84783848481169
 20
-22.63223381601016
 10
-27.37715251565507
 20
-23.17328846338693
 10
-27.93049225285975
 20
-23.69282941887851
 10
-28.50659561711621
 20
-24.18850060074081
 10
-29.10420052911542
 20
-24.65794592723148
 10
-29.72204490954814
 20
-25.0988093166068
 10
-30.35886667910498
 20
-25.50873468712425
 10
-31.01340375847684
 20
-25.8853659570401
 10
-31.68439406835452
 20
-26.2263470446114
 10
-32.37057552942862
 20
-26.52932186809499
 10
-33.07068606238997
 20
-26.79193434574798
 10
-33.78346358792948
 20
-27.01182839582698
 10
-34.18994589487372
 20
-27.11318741167652
 10
-34.60645186613995
 20
-27.19756137909883
 10
-35.03199322893024
 20
-27.26652062527983
 10
-35.46558171044678
 20
-27.32163547740547
 10
-36.3529469384675
 20
-27.39661330823372
 10
-37.26064136781951
 20
-27.43505748906993
 10
-38.18075881612024
 20
-27.44953063740052
 10
-39.10539310098729
 20
-27.45259537071237
 10
-40.93658745089022
 20
-27.47475006222496
 10
-41.8273351511609
 20
-27.51896525539886
 10
-42.69097495846789
 20
-27.60202250350011
 10
-43.11015872026525
 20
-27.66204271611298
 10
-43.51960069042828
 20
-27.73648442401496
 10
-43.91831259615911
 20
-27.82691795439188
 10
-44.30530616465989
 20
-27.93491363442984
 10
-44.67959312313293
 20
-28.06204179131425
 10
-45.0401851987801
 20
-28.20987275223147
 10
-45.3860941188039
 20
-28.37997684436676
 10
-45.71633161040627
 20
-28.57392439490641
 10
-46.02990940078967
 20
-28.79328573103562
 10
-46.32583921715611
 20
-29.03963117994086
 10
-46.60313278670775
 20
-29.31453106880749
 10
-46.86080183664678
 20
-29.61955572482161
 10
-47.15130044890588
 20
-30.03265145941572
 10
-47.27365448188868
 20
-30.23629835100634
 10
-47.38129581324936
 20
-30.43795511502908
 10
-47.47463755334535
 20
-30.63757964366088
 10
-47.55409281253336
 20
-30.83512982907932
 10
-47.62007470117031
 20
-31.03056356346148
 10
-47.67299632961325
 20
-31.22383873898457
 10
-47.74131124734497
 20
-31.60374498216241
 10
-47.76234244858456
 20
-31.97451169603068
 10
-47.73939481618753
 20
-32.33580201800722
 10
-47.67577323300954
 20
-32.68727908550973
 10
-47.57478258190667
 20
-33.028606035956
 10
-47.43972774573442
 20
-33.35944600676392
 10
-47.27391360734885
 20
-33.67946213535117
 10
-47.08064504960538
 20
-33.98831755913553
 10
-46.86322695536015
 20
-34.2856754155349
 10
-46.62496420746878
 20
-34.57119884196686
 10
-46.36916168878701
 20
-34.84455097584956
 10
-46.09912428217052
 20
-35.10539495460059
 10
-45.81815687047533
 20
-35.35339391563754
 10
-45.52956433655698
 20
-35.58821099637851
 10
-45.23665156327155
 20
-35.80950933424117
 10
-44.94272343347446
 20
-36.01695206664336
 10
-44.365040635769
 20
-36.38892326473695
 10
-43.82295500628689
 20
-36.70142969000197
 10
-43.34290560787434
 20
-36.95177644178077
 10
-42.9513315033775
 20
-37.13726861941535
 10
-42.67467175564255
 20
-37.25521132224847
 10
-42.53936542751574
 20
-37.30290964962196
 10
-42.96306987511203
 20
-37.80295604656303
 10
-43.46981497939885
 20
-38.35281562627362
 10
-44.0590238147325
 20
-38.94077235222315
 10
-44.7301194554706
 20
-39.55511018788128
 10
-45.4825249759696
 20
-40.18411309671779
 10
-45.88903865186607
 20
-40.50045269216239
 10
-46.31566345058661
 20
-40.81606504220277
 10
-46.76232725642581
 20
-41.12948564227274
 10
-47.2289579536782
 20
-41.43924998780581
 10
-47.71548342663861
 20
-41.74389357423597
 10
-48.22183155960154
 20
-42.04195189699652
 10
-48.74793023686166
 20
-42.3319604515217
 10
-49.2937073427134
 20
-42.61245473324507
 10
-49.85909076145151
 20
-42.88197023759984
 10
-50.44400837737065
 20
-43.13904246002032
 10
-51.04838807476532
 20
-43.38220689594015
 10
-51.6721577379302
 20
-43.60999904079296
 10
-52.31524525115983
 20
-43.82095439001239
 10
-52.97757849874885
 20
-44.01360843903218
 10
-53.65908536499198
 20
-44.18649668328618
 10
-54.35969373418363
 20
-44.33815461820802
 10
-55.07933149061851
 20
-44.46711773923134
 10
-55.81792651859132
 20
-44.57192154179014
 10
-56.57540670239666
 20
-44.6511015213178
 10
-57.35169992632889
 20
-44.70319317324829
 10
-58.14673407468277
 20
-44.72673199301508
 10
-58.96043703175307
 20
-44.72025347605216
 10
-58.6416721907048
 20
-43.62441933499561
 10
-58.33299231878886
 20
-42.52540260864654
 10
-58.00414250860839
 20
-41.43275105288267
 10
-57.82269921810734
 20
-40.89179588768215
 10
-57.62486785276611
 20
-40.35601242358228
 10
-57.45340654612284
 20
-39.92915064138276
 10
-57.10061455940901
 20
-39.12709658999144
 10
-56.85146734080484
 20
-38.60277400713061
 10
-56.55128478791769
 20
-38.00553520950946
 10
-56.19816601265923
 20
-37.34234081464081
 10
-55.79021012694109
 20
-36.62015144003725
 10
-55.32551624267467
 20
-35.84592770321132
 10
-54.80218347177179
 20
-35.02663022167571
 10
-54.21831092614381
 20
-34.16921961294305
 10
-53.57199771770213
 20
-33.28065649452609
 10
-52.86134295835866
 20
-32.36790148393694
 10
-52.08444576002474
 20
-31.43791519868861
 10
-51.23940523461204
 20
-30.49765825629364
 10
-50.79073719672342
 20
-30.02585348163884
 10
-50.32432049403194
 20
-29.55409127426445
 10
-49.83991751552659
 20
-29.08324171135993
 10
-49.33729065019629
 20
-28.61417487011393
 10
-48.81620228702979
 20
-28.14776082771571
 10
-48.27641481501635
 20
-27.68486966135461
 10
-47.71769062314476
 20
-27.22637144821933
 10
-47.13979210040385
 20
-26.77313626549891
 10
-46.54248163578282
 20
-26.32603419038266
 10
-45.92552161827047
 20
-25.88593530005956
 10
-45.28867443685562
 20
-25.45370967171861
 10
-44.63170248052752
 20
-25.03022738254931
 10
-43.95436813827472
 20
-24.61635850973997
 10
-43.2564337990866
 20
-24.21297313048043
 10
-42.53766185195171
 20
-23.82094132195926
 10
-41.79781468585934
 20
-23.44113316136589
 10
-41.03665468979814
 20
-23.07441872588898
 10
-40.25394425275734
 20
-22.72166809271796
 10
-39.44944576372556
 20
-22.38375133904162
 10
-38.62292161169201
 20
-22.06153854204924
 10
-37.77413418564552
 20
-21.75589977893
 10
-36.90284587457509
 20
-21.46770512687277
 10
-36.00881906746952
 20
-21.19782466306673
 10
-35.091816153318
 20
-20.94712846470079
 10
-34.15159952110923
 20
-20.71648660896415
 10
-33.1879315598324
 20
-20.50676917304599
 10
-32.20057465847627
 20
-20.31884623413525
 10
-31.18929120602989
 20
-20.15358786942087
 10
-30.15384359148195
 20
-20.01186415609235
 10
-29.09399420382177
 20
-19.89454517133824
 10
-28.00950543203798
 20
-19.80250099234828
 10
-26.90013966511981
 20
-19.73660169631071
 10
-25.76565929205604
 20
-19.69771736041515
 10
-24.60582670183561
 20
-19.6867180618505
  0
LWPOLYLINE
  5
62
330
1422
100
AcDbEntity
  8
LAYER_1
100
AcDbPolyline
 90
      147
 70
     1
 43
0.0
 10
25.63367835412126
 20
-19.69771736041515
 10
26.76815872718506
 20
-19.73660169631075
 10
27.87752449410323
 20
-19.8025009923483
 10
28.96201326588698
 20
-19.89454517133826
 10
30.02186265354718
 20
-20.01186415609235
 10
31.05731026809505
 20
-20.15358786942087
 10
32.06859372054149
 20
-20.31884623413529
 10
33.0559506218976
 20
-20.50676917304613
 10
34.01961858317451
 20
-20.71648660896421
 10
34.95983521538319
 20
-20.94712846470083
 10
35.87683812953475
 20
-21.19782466306678
 10
36.77086493664028
 20
-21.46770512687279
 10
37.64215324771072
 20
-21.7558997789301
 10
38.49094067375721
 20
-22.06153854204924
 10
39.31746482579081
 20
-22.38375133904168
 10
40.12196331482252
 20
-22.72166809271798
 10
40.9046737518634
 20
-23.07441872588898
 10
41.66583374792452
 20
-23.44113316136596
 10
42.405680914017
 20
-23.8209413219593
 10
43.12445286115181
 20
-24.21297313048048
 10
43.82238720034
 20
-24.61635850974008
 10
44.49972154259266
 20
-25.03022738254938
 10
45.15669349892084
 20
-25.45370967171872
 10
45.79354068033564
 20
-25.88593530005963
 10
46.410500697848
 20
-26.32603419038266
 10
47.00781116246914
 20
-26.77313626549891
 10
47.58570968521
 20
-27.2263714482193
 10
48.14443387708156
 20
-27.68486966135461
 10
48.68422134909507
 20
-28.14776082771571
 10
49.2053097122615
 20
-28.61417487011393
 10
49.70793657759178
 20
-29.08324171135999
 10
50.19233955609717
 20
-29.55409127426445
 10
50.65875625878864
 20
-30.02585348163879
 10
51.10742429667721
 20
-30.49765825629379
 10
51.95246482208993
 20
-31.43791519868863
 10
52.72936202042384
 20
-32.36790148393694
 10
53.44001677976735
 20
-33.28065649452613
 10
54.08632998820898
 20
-34.16921961294305
 10
54.67020253383701
 20
-35.02663022167582
 10
55.19353530473996
 20
-35.84592770321135
 10
55.65822918900627
 20
-36.6201514400373
 10
56.06618507472443
 20
-37.34234081464089
 10
56.41930384998296
 20
-38.00553520950952
 10
56.71948640286999
 20
-38.60277400713067
 10
56.96863362147432
 20
-39.1270965899915
 10
57.32142560818799
 20
-39.92915064138279
 10
57.4928869148314
 20
-40.35601242358235
 10
57.69071828017257
 20
-40.89179588768224
 10
57.87216157067361
 20
-41.43275105288272
 10
58.20101138085414
 20
-42.52540260864659
 10
58.50969125277
 20
-43.62441933499561
 10
58.82845609381817
 20
-44.72025347605218
 10
58.01475313674799
 20
-44.7267319930151
 10
57.21971898839406
 20
-44.70319317324835
 10
56.44342576446181
 20
-44.65110152131793
 10
55.68594558065653
 20
-44.57192154179018
 10
54.94735055268375
 20
-44.46711773923143
 10
54.22771279624889
 20
-44.33815461820797
 10
53.52710442705719
 20
-44.18649668328618
 10
52.84559756081414
 20
-44.01360843903218
 10
52.18326431322513
 20
-43.82095439001235
 10
51.54017679999539
 20
-43.60999904079296
 10
50.9164071368306
 20
-43.38220689594021
 10
50.3120274394359
 20
-43.13904246002032
 10
49.72710982351677
 20
-42.88197023759984
 10
49.16172640477865
 20
-42.61245473324502
 10
48.61594929892682
 20
-42.3319604515217
 10
48.08985062166676
 20
-42.04195189699659
 10
47.58350248870384
 20
-41.74389357423597
 10
47.09697701574343
 20
-41.43924998780578
 10
46.63034631849096
 20
-41.12948564227274
 10
46.18368251265174
 20
-40.81606504220278
 10
45.75705771393129
 20
-40.5004526921624
 10
45.35054403803484
 20
-40.18411309671786
 10
44.59813851753586
 20
-39.55511018788128
 10
43.92704287679782
 20
-38.94077235222315
 10
43.33783404146389
 20
-38.35281562627362
 10
42.83108893717733
 20
-37.80295604656311
 10
42.40738448958097
 20
-37.30290964962196
 10
42.54269081770778
 20
-37.25521132224856
 10
42.8193505654427
 20
-37.13726861941535
 10
43.21092466993957
 20
-36.95177644178077
 10
43.6909740683521
 20
-36.70142969000197
 10
44.23305969783425
 20
-36.38892326473695
 10
44.81074249553977
 20
-36.01695206664332
 10
45.1046706253367
 20
-35.80950933424126
 10
45.39758339862224
 20
-35.58821099637851
 10
45.68617593254056
 20
-35.35339391563767
 10
45.96714334423577
 20
-35.10539495460058
 10
46.23718075085218
 20
-34.84455097584967
 10
46.49298326953396
 20
-34.57119884196682
 10
46.73124601742538
 20
-34.2856754155349
 10
46.94866411167067
 20
-33.98831755913559
 10
47.14193266941404
 20
-33.67946213535115
 10
47.30774680779965
 20
-33.35944600676388
 10
47.44280164397182
 20
-33.02860603595608
 10
47.54379229507478
 20
-32.68727908550973
 10
47.60741387825268
 20
-32.33580201800722
 10
47.63036151064979
 20
-31.97451169603068
 10
47.60933030941035
 20
-31.60374498216254
 10
47.54101539167849
 20
-31.22383873898466
 10
47.48809376323553
 20
-31.03056356346148
 10
47.4221118745985
 20
-30.83512982907929
 10
47.3426566154106
 20
-30.63757964366095
 10
47.2493148753147
 20
-30.43795511502909
 10
47.14167354395388
 20
-30.23629835100638
 10
47.01931951097114
 20
-30.03265145941572
 10
46.72882089871218
 20
-29.61955572482172
 10
46.471151848773
 20
-29.3145310688075
 10
46.19385827922138
 20
-29.03963117994086
 10
45.89792846285495
 20
-28.79328573103562
 10
45.58435067247163
 20
-28.57392439490635
 10
45.25411318086914
 20
-28.37997684436676
 10
44.90820426084531
 20
-28.2098727522316
 10
44.54761218519807
 20
-28.06204179131425
 10
44.1733252267252
 20
-27.93491363442988
 10
43.78633165822446
 20
-27.82691795439191
 10
43.38761975249354
 20
-27.73648442401496
 10
42.97817778233055
 20
-27.66204271611291
 10
42.55899402053301
 20
-27.60202250350011
 10
41.6953542132262
 20
-27.51896525539886
 10
40.80460651295549
 20
-27.47475006222496
 10
38.97341216305273
 20
-27.45259537071237
 10
38.04877787818559
 20
-27.44953063740052
 10
37.12866042988471
 20
-27.43505748907001
 10
36.22096600053281
 20
-27.39661330823372
 10
35.33360077251207
 20
-27.32163547740547
 10
34.90001229099548
 20
-27.26652062527973
 10
34.47447092820517
 20
-27.1975613790989
 10
34.05796495693897
 20
-27.11318741167652
 10
33.6514826499947
 20
-27.01182839582705
 10
32.93870512445534
 20
-26.79193434574809
 10
32.2385945914939
 20
-26.52932186809499
 10
31.55241313041976
 20
-26.2263470446114
 10
30.88142282054209
 20
-25.8853659570401
 10
30.22688574117024
 20
-25.50873468712425
 10
29.59006397161339
 20
-25.09880931660682
 10
28.97221959118068
 20
-24.65794592723148
 10
28.37461467918146
 20
-24.18850060074081
 10
27.79851131492497
 20
-23.69282941887847
 10
27.24517157772033
 20
-23.17328846338693
 10
26.71585754687688
 20
-22.63223381601016
 10
26.21183130170391
 20
-22.07202155849069
 10
25.73435492151064
 20
-21.49500777257194
 10
25.28469048560614
 20
-20.90354853999699
 10
24.86410007329982
 20
-20.2999999425087
 10
24.47384576390085
 20
-19.68671806185052
  0
LWPOLYLINE
  5
63
330
1422
100
AcDbEntity
  8
LAYER_1
100
AcDbPolyline
 90
       69
 70
     1
 43
0.0
 10
-78.57719828254103
 20
-31.35882988639747
 10
-78.68320864513129
 20
-31.7638859590937
 10
-78.81227628714263
 20
-32.35148460658064
 10
-78.94294116117535
 20
-33.09280805316545
 10
-79.00216629538751
 20
-33.51211102121513
 10
-79.05374321983045
 20
-33.95903852315425
 10
-79.09498942857914
 20
-34.42998833702115
 10
-79.12322241570841
 20
-34.92135824085428
 10
-79.13575967529372
 20
-35.4295460126915
 10
-79.12991870140995
 20
-35.95094943057198
 10
-79.10301698813231
 20
-36.48196627253317
 10
-79.05237202953594
 20
-37.01899431661401
 10
-78.97530131969553
 20
-37.55843134085274
 10
-78.86912235268643
 20
-38.09667512328757
 10
-78.73115262258398
 20
-38.63012344195686
 10
-78.55870962346283
 20
-39.15517407489903
 10
-78.3491108493981
 20
-39.66822480015233
 10
-78.09967379446529
 20
-40.16567339575513
 10
-77.95917762857176
 20
-40.40742120057457
 10
-77.8077159527393
 20
-40.6439176397459
 10
-77.64495345372704
 20
-40.87471243552374
 10
-77.47055481829487
 20
-41.09935531016292
 10
-77.28418473320179
 20
-41.31739598591819
 10
-77.08550788520736
 20
-41.52838418504432
 10
-76.87418896107101
 20
-41.73186962979624
 10
-76.64989264755191
 20
-41.9274020424288
 10
-76.41228363140965
 20
-42.11453114519662
 10
-76.1610265994035
 20
-42.29280666035443
 10
-75.89578623829294
 20
-42.46177831015716
 10
-75.61622723483724
 20
-42.62099581685963
 10
-75.32201427579579
 20
-42.77000890271653
 10
-75.01281204792809
 20
-42.90836728998267
 10
-74.68828523799349
 20
-43.0356207009131
 10
-74.3480985327514
 20
-43.15131885776221
 10
-73.99191661896113
 20
-43.25501148278513
 10
-73.61940418338217
 20
-43.34624829823638
 10
-73.23022591277359
 20
-43.42457902637075
 10
-72.82404649389524
 20
-43.48955338944332
 10
-72.52059632348919
 20
-43.52537427762301
 10
-72.21514994246165
 20
-43.54837608838586
 10
-71.60015994327188
 20
-43.55767004407346
 10
-70.98285928578717
 20
-43.52093038933159
 10
-70.3670307594686
 20
-43.44165225698538
 10
-69.75645715377742
 20
-43.32333077986
 10
-69.15492125817483
 20
-43.16946109078034
 10
-68.56620586212184
 20
-42.98353832257222
 10
-67.99409375507977
 20
-42.76905760806052
 10
-67.4539269259932
 20
-47.01857750861915
 10
-68.59907296754028
 20
-47.03974259925774
 10
-69.70920014082757
 20
-47.01949384849229
 10
-70.78484995629594
 20
-46.95911649199691
 10
-71.82656392438673
 20
-46.85989576544599
 10
-72.8348835555405
 20
-46.72311690451415
 10
-73.81035036019847
 20
-46.55006514487584
 10
-74.75350584880176
 20
-46.34202572220528
 10
-75.6648915317908
 20
-46.10028387217711
 10
-76.54504891960725
 20
-45.82612483046556
 10
-77.39451952269139
 20
-45.52083383274518
 10
-78.21384485148449
 20
-45.18569611469032
 10
-79.00356641642773
 20
-44.82199691197536
 10
-79.76422572796169
 20
-44.43102146027509
 10
-80.49636429652771
 20
-44.01405499526336
 10
-81.20052363256652
 20
-43.5723827526149
 10
-81.87724524651891
 20
-43.10728996800415
 10
-82.52707064882613
 20
-42.62006187710525
 10
-82.73446440358704
 20
-42.45105275215101
 10
-79.38809155750188
 20
-31.29660673308659
 10
-78.98778498522043
 20
-31.25091205665429
 10
-78.51570524677112
 20
-31.16513416418528
  0
LWPOLYLINE
  5
64
330
1422
100
AcDbEntity
  8
LAYER_1
100
AcDbPolyline
 90
      152
 70
     1
 43
0.0
 10
-19.2293724857173
 20
-25.17041402208012
 10
-19.22507122688499
 20
-26.20938997300073
 10
-19.2383810379695
 20
-26.89861097757046
 10
-19.26934423152577
 20
-27.69071224962496
 10
-19.32347062415735
 20
-28.57798747522264
 10
-19.40627003246781
 20
-29.55273034042211
 10
-19.5232522730606
 20
-30.60723453128159
 10
-19.67992716253919
 20
-31.73379373386023
 10
-19.88180451750717
 20
-32.92470163421624
 10
-20.13439415456805
 20
-34.17225191840837
 10
-20.44320589032522
 20
-35.46873827249511
 10
-20.62041686290357
 20
-36.13292425264235
 10
-20.81374954138228
 20
-36.80645438253516
 10
-21.02389265283685
 20
-37.48836537293086
 10
-21.25153492434276
 20
-38.17769393458712
 10
-21.49736508297542
 20
-38.87347677826085
 10
-21.76207185581008
 20
-39.57475061470935
 10
-22.0463439699225
 20
-40.2805521546904
 10
-22.350870152388
 20
-40.98991810896085
 10
-22.67633913028194
 20
-41.70188518827841
 10
-23.0234396306797
 20
-42.41549010339995
 10
-23.39286038065686
 20
-43.12976956508311
 10
-23.78529010728886
 20
-43.84376028408523
 10
-24.20141753765106
 20
-44.55649897116336
 10
-24.64193139881899
 20
-45.26702233707514
 10
-25.10752041786795
 20
-45.97436709257785
 10
-25.59887332187353
 20
-46.67756994842856
 10
-26.11667883791109
 20
-47.37566761538498
 10
-26.66162569305605
 20
-48.06769680420403
 10
-27.2344026143839
 20
-48.75269422564336
 10
-27.83569832897006
 20
-49.42969659046004
 10
-28.46620156388993
 20
-50.09774060941168
 10
-29.126601046219
 20
-50.75586299325527
 10
-29.81758550303278
 20
-51.40310045274841
 10
-30.53984366140651
 20
-52.03848969864822
 10
-31.29406424841573
 20
-52.66106744171222
 10
-32.08093599113599
 20
-53.26987039269758
 10
-32.90114761664256
 20
-53.86393526236147
 10
-33.75538785201095
 20
-54.44229876146176
 10
-34.64434542431661
 20
-55.00399760075538
 10
-35.56870906063502
 20
-55.54806849099957
 10
-36.52916748804154
 20
-56.07354814295196
 10
-37.52640943361167
 20
-56.57947326736933
 10
-38.56112362442065
 20
-57.06488057500969
 10
-39.6339987875442
 20
-57.52880677663013
 10
-40.74572365005757
 20
-57.97028858298761
 10
-41.89698693903635
 20
-58.3883627048402
 10
-43.0884773815559
 20
-58.78206585294432
 10
-44.32088370469174
 20
-59.15043473805777
 10
-44.34082450295214
 20
-58.59394643082542
 10
-44.34233608673657
 20
-58.0344044386754
 10
-44.32567857836586
 20
-57.4723998796391
 10
-44.29111210016037
 20
-56.90852387174843
 10
-44.23889677444056
 20
-56.34336753303436
 10
-44.16929272352746
 20
-55.77752198152822
 10
-44.08256006974114
 20
-55.21157833526111
 10
-43.97895893540272
 20
-54.64612771226445
 10
-43.85874944283239
 20
-54.08176123056982
 10
-43.72219171435097
 20
-53.51907000820849
 10
-43.56954587227912
 20
-52.95864516321131
 10
-43.4010720389373
 20
-52.40107781361005
 10
-43.21703033664605
 20
-51.84695907743607
 10
-43.01768088772624
 20
-51.29688007272033
 10
-42.80328381449818
 20
-50.75143191749454
 10
-42.57409923928275
 20
-50.21120572978962
 10
-42.33038728440024
 20
-49.67679262763725
 10
-42.07240807217147
 20
-49.1487837290683
 10
-41.80042172491718
 20
-48.6277701521148
 10
-41.51468836495756
 20
-48.1143430148074
 10
-41.21546811461358
 20
-47.60909343517774
 10
-40.90302109620552
 20
-47.11261253125699
 10
-40.57760743205423
 20
-46.6254914210766
 10
-40.23948724448029
 20
-46.14832122266785
 10
-39.88892065580422
 20
-45.68169305406182
 10
-39.52616778834669
 20
-45.22619803329026
 10
-39.15148876442826
 20
-44.78242727838416
 10
-38.76514370636964
 20
-44.35097190737507
 10
-38.36739273649121
 20
-43.93242303829404
 10
-37.95849597711373
 20
-43.52737178917256
 10
-37.5387135505577
 20
-43.13640927804192
 10
-37.1083055791439
 20
-42.76012662293343
 10
-36.83494298404674
 20
-43.57851338230852
 10
-36.67565426017197
 20
-43.99501477274043
 10
-36.50056925842015
 20
-44.41170296222781
 10
-36.30914448354608
 20
-44.82506404469021
 10
-36.10083644030519
 20
-45.23158411404696
 10
-35.87510163345235
 20
-45.62774926421788
 10
-35.63139656774283
 20
-46.01004558912236
 10
-35.36917774793181
 20
-46.37495918267986
 10
-35.08790167877442
 20
-46.71897613880957
 10
-34.78702486502582
 20
-47.03858255143119
 10
-34.46600381144096
 20
-47.33026451446447
 10
-34.12429502277504
 20
-47.59050812182867
 10
-33.76135500378335
 20
-47.81579946744322
 10
-33.37664025922101
 20
-48.00262464522765
 10
-33.17594752258663
 20
-48.08051432553337
 10
-32.96960729384291
 20
-48.14746974910129
 10
-32.50885726445061
 20
-48.26091584778694
 10
-32.07660806498213
 20
-48.32448617865861
 10
-31.67194822231432
 20
-48.34116345070571
 10
-31.29396626332326
 20
-48.3139303729162
 10
-30.94175071488564
 20
-48.24576965427968
 10
-30.61439010387748
 20
-48.13966400378497
 10
-30.31097295717542
 20
-47.99859613042019
 10
-30.03058780165575
 20
-47.8255487431751
 10
-29.77232316419479
 20
-47.62350455103785
 10
-29.53526757166922
 20
-47.39544626299753
 10
-29.31850955095509
 20
-47.14435658804286
 10
-29.12113762892901
 20
-46.87321823516318
 10
-28.94224033246721
 20
-46.58501391334669
 10
-28.78090618844624
 20
-46.28272633158243
 10
-28.63622372374245
 20
-45.96933819885951
 10
-28.50728146523212
 20
-45.64783222416614
 10
-28.39316793979166
 20
-45.32119111649196
 10
-28.29297167429755
 20
-44.99239758482504
 10
-28.13068503065389
 20
-44.34028408546982
 10
-28.0131297493121
 20
-43.71535339801098
 10
-27.9330140452834
 20
-43.14146719435943
 10
-27.88304613357878
 20
-42.64248714642581
 10
-27.85593422920934
 20
-42.24227492612084
 10
-27.84111130252084
 20
-41.8336006560396
 10
-27.85487360691249
 20
-41.61218218999987
 10
-27.89008284815085
 20
-41.1973724495655
 10
-27.92638764923715
 20
-40.60622765372946
 10
-27.94343663317308
 20
-39.85580402148526
 10
-27.92087842295989
 20
-38.96315777182704
 10
-27.88838681473545
 20
-38.46883123390303
 10
-27.83836164159921
 20
-37.94534512374799
 10
-27.7682589814264
 20
-37.39483146873618
 10
-27.6755349120924
 20
-36.81942229624175
 10
-27.55764551147205
 20
-36.22124963363881
 10
-27.41204685744084
 20
-35.60244550830158
 10
-27.23619502787376
 20
-34.9651419476044
 10
-27.02754610064608
 20
-34.31147097892154
 10
-26.78355615363287
 20
-33.64356462962671
 10
-26.50168126470953
 20
-32.96355492709482
 10
-26.17937751175113
 20
-32.27357389869928
 10
-25.81410097263273
 20
-31.57575357181484
 10
-25.40330772522963
 20
-30.87222597381571
 10
-24.94445384741703
 20
-30.16512313207582
 10
-24.43499541707003
 20
-29.45657707396915
 10
-23.87238851206391
 20
-28.74871982687047
 10
-23.25408921027381
 20
-28.04368341815364
 10
-22.57755358957497
 20
-27.34359987519297
 10
-22.21665218397057
 20
-26.99608168692544
 10
-21.84023772784235
 20
-26.65060122536247
 10
-21.4479922309244
 20
-26.30742499392532
 10
-21.03959770295132
 20
-25.96681949603647
 10
-20.61473615365744
 20
-25.62905123511705
 10
-20.17308959277707
 20
-25.29438671458912
 10
-19.71434003004471
 20
-24.96309243787436
 10
-19.23816947519478
 20
-24.63543490839468
  0
LWPOLYLINE
  5
65
330
1422
100
AcDbEntity
  8
LAYER_1
100
AcDbPolyline
 90
      262
 70
     1
 43
0.0
 10
16.22436608309618
 20
-53.99098629592935
 10
16.68053564549322
 20
-54.48386052779769
 10
17.28457544522846
 20
-55.10110111056468
 10
18.04341792694128
 20
-55.82683337598245
 10
18.48305656248921
 20
-56.2254230558585
 10
18.96399553527126
 20
-56.64518265580452
 10
19.48710140086754
 20
-57.08412784228972
 10
20.05324071485786
 20
-57.54027428178329
 10
20.66328003282213
 20
-58.01163764075417
 10
21.31808591034047
 20
-58.49623358567138
 10
22.01852490299259
 20
-58.99207778300443
 10
22.7654635663587
 20
-59.49718589922196
 10
23.55976845601841
 20
-60.00957360079364
 10
24.40230612755185
 20
-60.52725655418797
 10
25.29394313653886
 20
-61.04825042587425
 10
26.23554603855949
 20
-61.57057088232202
 10
27.22798138919359
 20
-62.0922335899995
 10
28.27211574402117
 20
-62.61125421537638
 10
29.3688156586221
 20
-63.12564842492207
 10
30.51894768857626
 20
-63.63343188510493
 10
31.72337838946378
 20
-64.13262026239448
 10
32.9829743168643
 20
-64.62122922325964
 10
34.29860202635803
 20
-65.09727443416983
 10
35.67112807352478
 20
-65.5587715615938
 10
37.10141901394449
 20
-66.00373627200089
 10
38.59034140319705
 20
-66.43018423186011
 10
38.36143712867548
 20
-66.63719047408692
 10
38.12712566771832
 20
-66.8277507881028
 10
37.8875354239233
 20
-67.00226934518557
 10
37.64279480088779
 20
-67.16115031661343
 10
37.39303220220933
 20
-67.30479787366495
 10
37.1383760314853
 20
-67.43361618761766
 10
36.8789546923132
 20
-67.54800942975035
 10
36.61489658829053
 20
-67.6483817713404
 10
36.34633012301479
 20
-67.73513738366663
 10
36.07338370008333
 20
-67.80868043800686
 10
35.79618572309374
 20
-67.86941510563943
 10
35.51486459564345
 20
-67.91774555784264
 10
34.94036650375075
 20
-67.97881050107228
 10
34.35091665318504
 20
-67.99510863792135
 10
33.74754227272588
 20
-67.96987333861498
 10
33.13127059115326
 20
-67.90633797337854
 10
32.50312883724683
 20
-67.80773591243718
 10
31.86414423978649
 20
-67.67730052601578
 10
31.215344027552
 20
-67.51826518433968
 10
30.55775542932308
 20
-67.33386325763432
 10
29.89240567387948
 20
-67.12732811612475
 10
29.22032199000114
 20
-66.90189313003589
 10
27.86006175205911
 20
-66.40725710502231
 10
26.48519254573507
 20
-65.87582214439464
 10
25.1039322012674
 20
-65.33345520995485
 10
23.72449854889432
 20
-64.8060232635046
 10
23.03803480419266
 20
-64.5559913363386
 10
22.35510941885404
 20
-64.31939326684535
 10
21.67674962165815
 20
-64.09946242525025
 10
21.00398264138487
 20
-63.89943218177831
 10
20.33783570681393
 20
-63.72253590665515
 10
19.67933604672507
 20
-63.57200697010579
 10
19.02951088989815
 20
-63.45107874235487
 10
18.38938746511289
 20
-63.36298459362847
 10
17.73021083560369
 20
-63.2996883850894
 10
17.08581055217133
 20
-63.25762348460369
 10
16.45604123301524
 20
-63.23615877117426
 10
15.8407574963351
 20
-63.23466312380342
 10
15.23981396033006
 20
-63.2525054214939
 10
14.65306524319996
 20
-63.28905454324806
 10
14.08036596314411
 20
-63.34367936806872
 10
13.52157073836207
 20
-63.41574877495818
 10
12.97653418705324
 20
-63.50463164291926
 10
12.44511092741729
 20
-63.60969685095434
 10
11.92715557765345
 20
-63.7303132780659
 10
11.4225227559615
 20
-63.86584980325675
 10
10.93106708054074
 20
-64.01567530552916
 10
10.45264316959064
 20
-64.17915866388604
 10
9.987105641310915
 20
-64.35566875732964
 10
9.534309113900793
 20
-64.54457446486262
 10
9.094108205559868
 20
-64.74524466548775
 10
8.666357534487662
 20
-64.9570482382072
 10
8.250911718883646
 20
-65.17935406202379
 10
7.847625376947382
 20
-65.41153101593995
 10
7.456353126878116
 20
-65.65294797895848
 10
7.076949586875651
 20
-65.90297383008152
 10
6.709269375139308
 20
-66.16097744831209
 10
6.35316710986862
 20
-66.42632771265272
 10
5.675114891522149
 20
-66.97654369567302
 10
5.041629877432146
 20
-67.54857281116411
 10
4.451549013194529
 20
-68.13736609114551
 10
3.903709244405296
 20
-68.73787456763806
 10
3.396947516660365
 20
-69.3450492726625
 10
2.930100775555493
 20
-69.95384123823915
 10
2.502005966686875
 20
-70.55920149638801
 10
2.397488045653986
 20
-70.71895480136241
 10
0.001
 20
-70.0
 10
-2.50748639405246
 20
-70.75255469787421
 10
-2.633986904621681
 20
-70.5592014963881
 10
-3.062081713490375
 20
-69.95384123823915
 10
-3.528928454595134
 20
-69.3450492726625
 10
-4.035690182340086
 20
-68.73787456763806
 10
-4.583529951129336
 20
-68.1373660911456
 10
-5.173610815366992
 20
-67.54857281116411
 10
-5.807095829456919
 20
-66.97654369567302
 10
-6.140478347197826
 20
-66.69839350210529
 10
-6.485148047803355
 20
-66.42632771265272
 10
-6.841250313074133
 20
-66.16097744831209
 10
-7.208930524810476
 20
-65.9029738300816
 10
-7.58833406481298
 20
-65.65294797895842
 10
-7.97960631488208
 20
-65.41153101593995
 10
-8.382892656818397
 20
-65.17935406202379
 10
-8.798338472422456
 20
-64.9570482382072
 10
-9.226089143494712
 20
-64.74524466548785
 10
-9.666290051835542
 20
-64.54457446486262
 10
-10.11908657924565
 20
-64.35566875732964
 10
-10.58462410752549
 20
-64.17915866388604
 10
-11.06304801847553
 20
-64.01567530552916
 10
-11.55450369389632
 20
-63.86584980325675
 10
-12.05913651558824
 20
-63.7303132780659
 10
-12.57709186535204
 20
-63.60969685095434
 10
-13.10851512498807
 20
-63.50463164291934
 10
-13.65355167629684
 20
-63.41574877495818
 10
-14.21234690107895
 20
-63.34367936806872
 10
-14.78504618113472
 20
-63.28905454324806
 10
-15.37179489826485
 20
-63.2525054214939
 10
-15.97273843426986
 20
-63.23466312380342
 10
-16.58802217094997
 20
-63.23615877117415
 10
-17.21779149010609
 20
-63.25762348460369
 10
-17.86219177353841
 20
-63.2996883850894
 10
-18.52136840304768
 20
-63.36298459362847
 10
-19.16149182783288
 20
-63.45107874235494
 10
-19.81131698465981
 20
-63.57200697010568
 10
-20.46981664474868
 20
-63.72253590665521
 10
-21.13596357931963
 20
-63.89943218177831
 10
-21.80873055959302
 20
-64.09946242525035
 10
-22.48709035678889
 20
-64.31939326684527
 10
-23.85647948682905
 20
-64.8060232635046
 10
-25.23591313920218
 20
-65.33345520995492
 10
-26.61717348366992
 20
-65.87582214439471
 10
-27.99204268999397
 20
-66.40725710502231
 10
-29.35230292793599
 20
-66.90189313003589
 10
-30.02438661181431
 20
-67.12732811612475
 10
-30.68973636725786
 20
-67.33386325763432
 10
-31.34732496548674
 20
-67.51826518433968
 10
-31.99612517772127
 20
-67.67730052601587
 10
-32.6351097751817
 20
-67.80773591243718
 10
-33.26325152908803
 20
-67.90633797337865
 10
-33.87952321066062
 20
-67.96987333861498
 10
-34.48289759111982
 20
-67.99510863792135
 10
-35.0723474416855
 20
-67.97881050107228
 10
-35.3615296592648
 20
-67.954075965894
 10
-35.64684553357832
 20
-67.91774555784264
 10
-35.9281666610285
 20
-67.86941510563943
 10
-36.20536463801816
 20
-67.80868043800686
 10
-36.47831106094952
 20
-67.73513738366663
 10
-36.74687752622529
 20
-67.6483817713404
 10
-37.01093563024805
 20
-67.54800942975027
 10
-37.27035696942005
 20
-67.43361618761766
 10
-37.52501314014416
 20
-67.30479787366495
 10
-37.77477573882259
 20
-67.16115031661343
 10
-38.01951636185814
 20
-67.00226934518557
 10
-38.25910660565311
 20
-66.8277507881027
 10
-38.49341806661025
 20
-66.63719047408697
 10
-38.72232234113184
 20
-66.43018423186011
 10
-37.23339995187925
 20
-66.00373627200089
 10
-35.80310901145955
 20
-65.55877156159393
 10
-34.4305829642928
 20
-65.09727443416983
 10
-33.11495525479904
 20
-64.62122922325964
 10
-31.85535932739853
 20
-64.13262026239448
 10
-30.65092862651115
 20
-63.63343188510493
 10
-29.50079659655691
 20
-63.12564842492207
 10
-28.40409668195601
 20
-62.61125421537638
 10
-27.35996232712846
 20
-62.0922335899995
 10
-26.36752697649433
 20
-61.57057088232213
 10
-25.4259240744737
 20
-61.04825042587425
 10
-24.53428706548668
 20
-60.52725655418797
 10
-23.69174939395323
 20
-60.00957360079372
 10
-22.89744450429344
 20
-59.49718589922196
 10
-22.15050584092752
 20
-58.99207778300436
 10
-21.45006684827535
 20
-58.49623358567138
 10
-20.79526097075703
 20
-58.01163764075417
 10
-20.18522165279265
 20
-57.54027428178329
 10
-19.61908233880236
 20
-57.08412784228958
 10
-19.0959764732061
 20
-56.64518265580452
 10
-18.17539886487614
 20
-55.82683337598245
 10
-17.4165563831633
 20
-55.10110111056478
 10
-16.81251658342801
 20
-54.48386052779769
 10
-16.35634702103094
 20
-53.99098629592935
 10
-15.85988882969342
 20
-53.44183555787595
 10
-15.683358992108
 20
-53.82352724224221
 10
-15.43952832925137
 20
-54.25682127533348
 10
-15.13011990726727
 20
-54.7296315726126
 10
-14.7568567922993
 20
-55.22987204954314
 10
-14.32146205049099
 20
-55.74545662158813
 10
-13.82565874798614
 20
-56.26429920421125
 10
-13.55564234464225
 20
-56.5211653480719
 10
-13.27116995092814
 20
-56.7743137128756
 10
-12.97245695011159
 20
-57.02223353805558
 10
-12.6597187254608
 20
-57.26341406304417
 10
-12.33317066024339
 20
-57.49634452727508
 10
-11.99302813772761
 20
-57.7195141701808
 10
-11.63950654118117
 20
-57.93141223119437
 10
-11.27282125387219
 20
-58.13052794974836
 10
-10.8931876590686
 20
-58.31535056527612
 10
-10.5008211400383
 20
-58.48436931721029
 10
-10.09593708004927
 20
-58.63607344498416
 10
-9.678750862369522
 20
-58.76895218803
 10
-9.249477870266895
 20
-58.88149478578135
 10
-8.808333487009393
 20
-58.97219047767076
 10
-8.355533095864933
 20
-59.03952850313114
 10
-7.891292080101585
 20
-59.08199810159571
 10
-7.415825822987197
 20
-59.098088512497
 10
-6.929349707789746
 20
-59.0862889752681
 10
-6.432079117777222
 20
-59.04508872934206
 10
-5.924229436217454
 20
-58.97297701415165
 10
-5.523777957308038
 20
-58.89547118559723
 10
-5.126736880534584
 20
-58.8015203690079
 10
-4.733355735252419
 20
-58.69191973657141
 10
-4.343884050816846
 20
-58.5674644604761
 10
-3.958571356583267
 20
-58.42894971290964
 10
-3.57766718190697
 20
-58.27717066606048
 10
-3.201421056143314
 20
-58.11292249211696
 10
-2.830082508647555
 20
-57.93700036326681
 10
-2.103126265881234
 20
-57.55331492959992
 10
-1.39879468845065
 20
-57.13247574256446
 10
-0.7190840111985099
 20
-56.6808441796657
 10
-0.0659904689673756
 20
-56.2047816184085
 10
0.5871030732637023
 20
-56.68084417966583
 10
1.266813750515918
 20
-57.13247574256446
 10
1.97114532794639
 20
-57.55331492959992
 10
2.698101570712803
 20
-57.93700036326681
 10
3.06944011820847
 20
-58.11292249211703
 10
3.445686243972163
 20
-58.27717066606048
 10
3.826590418648459
 20
-58.4289497129097
 10
4.211903112882096
 20
-58.56746446047598
 10
4.601374797317651
 20
-58.69191973657141
 10
4.994755942599796
 20
-58.8015203690079
 10
5.39179701937323
 20
-58.89547118559713
 10
5.79224849828263
 20
-58.97297701415158
 10
6.300098179842433
 20
-59.04508872934196
 10
6.797368769854995
 20
-59.08628897526821
 10
7.283844885052409
 20
-59.098088512497
 10
7.759311142166759
 20
-59.08199810159564
 10
8.223552157930198
 20
-59.03952850313121
 10
8.676352549074549
 20
-58.97219047767067
 10
9.11749693233207
 20
-58.88149478578135
 10
9.546769924434716
 20
-58.76895218803
 10
9.963956142114472
 20
-58.63607344498416
 10
10.36884020210348
 20
-58.48436931721022
 10
10.76120672113381
 20
-58.31535056527605
 10
11.14084031593748
 20
-58.13052794974836
 10
11.50752560324638
 20
-57.93141223119437
 10
11.86104719979274
 20
-57.7195141701808
 10
12.20118972230853
 20
-57.49634452727508
 10
12.52773778752597
 20
-57.26341406304417
 10
12.84047601217674
 20
-57.02223353805558
 10
13.13918901299332
 20
-56.7743137128756
 10
13.42366140670739
 20
-56.52116534807178
 10
13.69367781005126
 20
-56.26429920421138
 10
14.18948111255612
 20
-55.74545662158813
 10
14.6248758543645
 20
-55.22987204954314
 10
14.99813896933246
 20
-54.7296315726126
 10
15.30754739131654
 20
-54.25682127533348
 10
15.55137805417316
 20
-53.82352724224221
 10
15.7279078917586
 20
-53.44183555787595
  0
LWPOLYLINE
  5
66
330
1422
100
AcDbEntity
  8
LAYER_1
100
AcDbPolyline
 90
      152
 70
     1
 43
0.0
 10
19.5823590921099
 20
-24.96309243787428
 10
20.04110865484226
 20
-25.29438671458912
 10
20.48275521572257
 20
-25.62905123511705
 10
20.90761676501651
 20
-25.96681949603647
 10
21.31601129298956
 20
-26.30742499392532
 10
21.70825678990747
 20
-26.65060122536247
 10
22.08467124603579
 20
-26.99608168692544
 10
22.44557265164009
 20
-27.34359987519286
 10
23.122108272339
 20
-28.04368341815364
 10
23.74040757412904
 20
-28.74871982687047
 10
24.30301447913521
 20
-29.45657707396915
 10
24.81247290948223
 20
-30.16512313207572
 10
25.27132678729483
 20
-30.87222597381571
 10
25.68212003469789
 20
-31.57575357181496
 10
26.0473965738163
 20
-32.27357389869936
 10
26.36970032677473
 20
-32.96355492709472
 10
26.65157521569811
 20
-33.64356462962671
 10
26.89556516271125
 20
-34.31147097892164
 10
27.10421408993894
 20
-34.9651419476044
 10
27.28006591950603
 20
-35.60244550830158
 10
27.42566457353729
 20
-36.22124963363889
 10
27.54355397415756
 20
-36.81942229624165
 10
27.63627804349164
 20
-37.3948314687363
 10
27.70638070366438
 20
-37.94534512374799
 10
27.75640587680059
 20
-38.46883123390298
 10
27.78889748502509
 20
-38.96315777182704
 10
27.81145569523827
 20
-39.85580402148533
 10
27.79440671130241
 20
-40.60622765372938
 10
27.75810191021598
 20
-41.19737244956539
 10
27.72289266897774
 20
-41.61218218999987
 10
27.70913036458601
 20
-41.8336006560396
 10
27.72395329127459
 20
-42.24227492612084
 10
27.75106519564388
 20
-42.64248714642581
 10
27.8010331073485
 20
-43.14146719435943
 10
27.88114881137724
 20
-43.71535339801098
 10
27.99870409271904
 20
-44.34028408546982
 10
28.16099073636278
 20
-44.99239758482504
 10
28.26118700185691
 20
-45.32119111649186
 10
28.37530052729725
 20
-45.64783222416614
 10
28.50424278580753
 20
-45.9693381988594
 10
28.64892525051137
 20
-46.28272633158243
 10
28.81025939453236
 20
-46.58501391334677
 10
28.98915669099415
 20
-46.87321823516318
 10
29.18652861302028
 20
-47.14435658804286
 10
29.40328663373437
 20
-47.39544626299753
 10
29.64034222626001
 20
-47.62350455103785
 10
29.8986068637209
 20
-47.825548743175
 10
30.17899201924055
 20
-47.99859613042019
 10
30.48240916594273
 20
-48.1396640037849
 10
30.80976977695076
 20
-48.24576965427968
 10
31.16198532538847
 20
-48.3139303729162
 10
31.53996728437952
 20
-48.34116345070579
 10
31.94462712704729
 20
-48.32448617865861
 10
32.3768763265157
 20
-48.26091584778694
 10
32.83762635590815
 20
-48.14746974910129
 10
33.04396658465181
 20
-48.08051432553348
 10
33.24465932128614
 20
-48.00262464522765
 10
33.62937406584858
 20
-47.81579946744322
 10
33.9923140848403
 20
-47.59050812182867
 10
34.33402287350609
 20
-47.33026451446447
 10
34.65504392709099
 20
-47.03858255143119
 10
34.95592074083962
 20
-46.71897613880967
 10
35.23719680999708
 20
-46.37495918267993
 10
35.49941562980811
 20
-46.01004558912236
 10
35.74312069551754
 20
-45.62774926421788
 10
35.96885550237042
 20
-45.23158411404696
 10
36.17716354561134
 20
-44.82506404469021
 10
36.36858832048536
 20
-44.41170296222781
 10
36.54367332223721
 20
-43.99501477274043
 10
36.70296204611196
 20
-43.57851338230846
 10
36.9763246412092
 20
-42.76012662293343
 10
37.40673261262305
 20
-43.13640927804192
 10
37.82651503917897
 20
-43.52737178917263
 10
38.23541179855639
 20
-43.93242303829404
 10
38.63316276843482
 20
-44.35097190737507
 10
39.01950782649353
 20
-44.78242727838424
 10
39.39418685041196
 20
-45.22619803329026
 10
39.7569397178695
 20
-45.68169305406182
 10
40.10750630654547
 20
-46.14832122266792
 10
40.44562649411943
 20
-46.6254914210766
 10
40.77104015827074
 20
-47.11261253125699
 10
41.08348717667871
 20
-47.60909343517774
 10
41.38270742702277
 20
-48.11434301480736
 10
41.66844078698232
 20
-48.62777015211485
 10
41.94042713423679
 20
-49.1487837290683
 10
42.1984063464655
 20
-49.67679262763725
 10
42.44211830134793
 20
-50.21120572978962
 10
42.6713028765635
 20
-50.75143191749444
 10
42.88569994979151
 20
-51.29688007272033
 10
43.0850493987114
 20
-51.84695907743621
 10
43.26909110100255
 20
-52.40107781361005
 10
43.43756493434439
 20
-52.95864516321131
 10
43.59021077641631
 20
-53.5190700082084
 10
43.72676850489767
 20
-54.08176123056982
 10
43.84697799746796
 20
-54.64612771226445
 10
43.95057913180646
 20
-55.21157833526103
 10
44.03731178559266
 20
-55.77752198152814
 10
44.10691583650591
 20
-56.34336753303432
 10
44.15913116222561
 20
-56.90852387174843
 10
44.19369764043108
 20
-57.4723998796391
 10
44.21035514880194
 20
-58.0344044386754
 10
44.20884356501745
 20
-58.59394643082531
 10
44.18890276675685
 20
-59.15043473805777
 10
42.95649644362112
 20
-58.78206585294432
 10
41.76500600110166
 20
-58.38836270484012
 10
40.6137427121229
 20
-57.97028858298761
 10
39.50201784960944
 20
-57.52880677663013
 10
38.42914268648599
 20
-57.06488057500969
 10
37.39442849567693
 20
-56.57947326736942
 10
36.39718655010677
 20
-56.07354814295196
 10
35.43672812270032
 20
-55.54806849099957
 10
34.51236448638188
 20
-55.0039976007553
 10
33.62340691407627
 20
-54.44229876146176
 10
32.76916667870781
 20
-53.8639352623616
 10
31.94895505320122
 20
-53.2698703926975
 10
31.16208331048098
 20
-52.66106744171222
 10
30.40786272347172
 20
-52.03848969864822
 10
29.68560456509791
 20
-51.40310045274848
 10
28.99462010828424
 20
-50.75586299325518
 10
28.33422062595515
 20
-50.09774060941168
 10
27.70371739103521
 20
-49.42969659045996
 10
27.10242167644905
 20
-48.7526942256433
 10
26.52964475512125
 20
-48.06769680420414
 10
25.9846978999762
 20
-47.37566761538498
 10
25.46689238393866
 20
-46.67756994842856
 10
24.97553947993318
 20
-45.97436709257777
 10
24.50995046088418
 20
-45.26702233707514
 10
24.06943659971627
 20
-44.55649897116336
 10
23.65330916935402
 20
-43.84376028408512
 10
23.26087944272201
 20
-43.12976956508311
 10
22.8914586927449
 20
-42.41549010339988
 10
22.54435819234711
 20
-41.70188518827841
 10
22.21888921445319
 20
-40.98991810896094
 10
21.91436303198772
 20
-40.2805521546904
 10
21.63009091787533
 20
-39.57475061470935
 10
21.36538414504058
 20
-38.87347677826085
 10
21.11955398640795
 20
-38.17769393458712
 10
20.8919117149021
 20
-37.48836537293086
 10
20.68176860344748
 20
-36.80645438253516
 10
20.48843592496869
 20
-36.13292425264235
 10
20.31122495239041
 20
-35.46873827249518
 10
20.00241321663317
 20
-34.17225191840837
 10
19.7498235795724
 20
-32.92470163421614
 10
19.54794622460441
 20
-31.73379373386029
 10
19.39127133512577
 20
-30.60723453128159
 10
19.27428909453299
 20
-29.55273034042211
 10
19.19148968622259
 20
-28.57798747522257
 10
19.13736329359094
 20
-27.69071224962496
 10
19.10640010003458
 20
-26.89861097757055
 10
19.09309028895012
 20
-26.20938997300073
 10
19.09739154778246
 20
-25.17041402208012
 10
19.1061885372599
 20
-24.63543490839476
  0
LWPOLYLINE
  5
67
330
1422
100
AcDbEntity
  8
LAYER_1
100
AcDbPolyline
 90
       95
 70
     1
 43
0.0
 10
-78.04675835301117
 20
-54.04066831766825
 10
-76.81304074955881
 20
-54.07255405162433
 10
-75.5155087321267
 20
-54.12397834582765
 10
-74.15730014553012
 20
-54.19076261786115
 10
-71.27140464410496
 20
-54.35369676574921
 10
-68.1804570038069
 20
-54.52792783595211
 10
-68.50455710125885
 20
-59.57584238449463
 10
-69.07672705319471
 20
-59.33205127426524
 10
-69.656641481495
 20
-59.09973577053535
 10
-70.24392153963501
 20
-58.88262679954657
 10
-70.83818838109003
 20
-58.68445528754097
 10
-71.43906315933512
 20
-58.50895216075996
 10
-72.04616702784595
 20
-58.35984834544475
 10
-72.65912114009744
 20
-58.24087476783718
 10
-73.27754664956455
 20
-58.15576235417928
 10
-73.85364029793246
 20
-58.10501110195172
 10
-74.41108712804677
 20
-58.07848777203918
 10
-74.95019590169738
 20
-58.07545736146233
 10
-75.47127538067306
 20
-58.09518486724202
 10
-75.97463432676327
 20
-58.1369352863994
 10
-76.46058150175704
 20
-58.1999736159554
 10
-76.92942566744346
 20
-58.28356485293053
 10
-77.38147558561171
 20
-58.38697399434643
 10
-77.81704001805096
 20
-58.50946603722362
 10
-78.23642772655067
 20
-58.65030597858302
 10
-78.63994747289968
 20
-58.80875881544555
 10
-79.02790801888733
 20
-58.9840895448324
 10
-79.40061812630265
 20
-59.17556316376429
 10
-79.75838655693492
 20
-59.38244466926228
 10
-80.10152207257325
 20
-59.60399905834693
 10
-80.4303334350069
 20
-59.8394913280399
 10
-80.74512940602486
 20
-60.08818647536145
 10
-81.04621874741653
 20
-60.34934949733277
 10
-81.33391022097077
 20
-60.62224539097504
 10
-81.60851258847715
 20
-60.9061391533087
 10
-81.87033461172447
 20
-61.20029578135498
 10
-82.11968505250212
 20
-61.50398027213505
 10
-82.35687267259919
 20
-61.81645762266946
 10
-82.58220623380493
 20
-62.1369928299793
 10
-82.79599449790836
 20
-62.4648508910855
 10
-82.99854622669879
 20
-62.79929680300891
 10
-83.19017018196545
 20
-63.13959556277039
 10
-83.37117512549712
 20
-63.4850121673912
 10
-83.70256302451329
 20
-64.18825889929408
 10
-83.99518001806065
 20
-64.90315697488485
 10
-84.25149620045251
 20
-65.62382637033088
 10
-84.47398166600216
 20
-66.34438706179972
 10
-84.66510650902321
 20
-67.05895902545909
 10
-84.82734082382874
 20
-67.7616622374762
 10
-84.96315470473232
 20
-68.44661667401874
 10
-85.07501824604705
 20
-69.10794231125414
 10
-85.16540154208648
 20
-69.73975912534988
 10
-85.236774687164
 20
-70.33618709247372
 10
-85.33237090168638
 20
-71.39935639047468
 10
-85.38156764412098
 20
-72.25041001459721
 10
-85.40412566897479
 20
-72.84230777418105
 10
-85.4198057307545
 20
-73.12800947856647
 10
-86.12009040014241
 20
-73.41172579011881
 10
-86.90409509386444
 20
-73.77048306657556
 10
-87.75727986949448
 20
-74.20682796987708
 10
-88.66510478460652
 20
-74.72330716196352
 10
-89.13496356246032
 20
-75.01239294815703
 10
-89.61302989677465
 20
-75.32246730477442
 10
-90.09748629474648
 20
-75.65384856455809
 10
-90.58651526357259
 20
-76.00685506025023
 10
-91.07829931044969
 20
-76.38180512459371
 10
-91.57102094257437
 20
-76.77901709033102
 10
-92.06286266714348
 20
-77.19880929020431
 10
-92.55200699135377
 20
-77.64150005695673
 10
-93.03663642240207
 20
-78.10740772332987
 10
-93.5149334674849
 20
-78.59685062206708
 10
-93.60920904170338
 20
-78.6997786461845
 10
-89.61694285854317
 20
-65.39237995452561
 10
-89.2685700113537
 20
-65.29543862398629
 10
-89.19324585596505
 20
-63.98007308942959
 10
-86.95453993592622
 20
-56.51780708196827
 10
-86.93707464163264
 20
-56.49438587802864
 10
-86.72737801279396
 20
-56.2388478202524
 10
-86.50527646215293
 20
-55.9933606538835
 10
-86.27039813781228
 20
-55.75844373080149
 10
-86.02237118787476
 20
-55.53461640288556
 10
-85.76082376044331
 20
-55.32239802201461
 10
-85.51343432243937
 20
-55.14899487684342
 10
-85.24263889950384
 20
-54.99040050497466
 10
-84.94882972223853
 20
-54.84609258360635
 10
-84.63239902124557
 20
-54.71554878993617
 10
-84.29373902712677
 20
-54.5982468011622
 10
-83.93324197048425
 20
-54.49366429448218
 10
-83.55130008191949
 20
-54.40127894709371
 10
-83.14830559203484
 20
-54.32056843619504
 10
-82.72465073143209
 20
-54.25101043898403
 10
-82.28072773071323
 20
-54.19208263265832
 10
-81.33364623133457
 20
-54.10402830145421
 10
-80.31019893871448
 20
-54.05222686016588
 10
-79.21352369766822
 20
-54.03249972637628
  0
LWPOLYLINE
  5
68
330
1422
100
AcDbEntity
  8
LAYER_1
100
AcDbPolyline
 90
       29
 70
     1
 43
0.0
 10
62.99586428048914
 20
-54.80730989000931
 10
62.97432363031163
 20
-56.84770354310973
 10
62.99596991152249
 20
-58.8885119077491
 10
63.0607767235436
 20
-60.92848881578682
 10
63.16871766579697
 20
-62.96638809908253
 10
62.60190706289124
 20
-63.07865036447022
 10
62.03159032527402
 20
-63.1787633969266
 10
61.4581996845487
 20
-63.26671178829283
 10
60.88216737231866
 20
-63.34248013041017
 10
60.30392562018736
 20
-63.40605301512034
 10
59.72390665975815
 20
-63.45741503426467
 10
59.14254272263457
 20
-63.49655077968471
 10
58.56026604041986
 20
-63.52344484322152
 10
57.97750884471746
 20
-63.5380818167169
 10
57.39470336713083
 20
-63.54044629201218
 10
56.81228183926328
 20
-63.53052286094877
 10
56.23067649271835
 20
-63.508296115368
 10
55.65031955909927
 20
-63.47375064711147
 10
55.0716432700096
 20
-63.42687104802068
 10
54.49507985705264
 20
-63.36764190993699
 10
53.92106155183189
 20
-63.2960478247016
 10
53.82798262146096
 20
-62.02365510647713
 10
53.71821360671003
 20
-60.75217367524477
 10
53.59178986665853
 20
-59.48189976577604
 10
53.44874676038595
 20
-58.21312961284332
 10
53.28911964697205
 20
-56.94615945121872
 10
53.11294388549626
 20
-55.68128551567422
 10
52.92025483503825
 20
-54.41880404098179
 10
52.71108785467745
 20
-53.15901126191375
  0
LWPOLYLINE
  5
69
330
1422
100
AcDbEntity
  8
LAYER_1
100
AcDbPolyline
 90
       29
 70
     1
 43
0.0
 10
-53.05223577297315
 20
-54.41880404098179
 10
-53.24492482343109
 20
-55.68128551567422
 10
-53.42110058490685
 20
-56.94615945121872
 10
-53.58072769832085
 20
-58.21312961284332
 10
-53.72377080459337
 20
-59.48189976577604
 10
-53.85019454464476
 20
-60.75217367524468
 10
-53.95996355939582
 20
-62.02365510647713
 10
-54.05304248976664
 20
-63.29604782470156
 10
-54.6270607949874
 20
-63.3676419099369
 10
-55.20362420794439
 20
-63.42687104802076
 10
-55.7823004970341
 20
-63.47375064711147
 10
-56.36265743065309
 20
-63.508296115368
 10
-56.94426277719796
 20
-63.53052286094882
 10
-57.5266843050656
 20
-63.54044629201218
 10
-58.10948978265222
 20
-63.5380818167169
 10
-58.69224697835462
 20
-63.52344484322152
 10
-59.27452366056929
 20
-63.49655077968471
 10
-59.85588759769293
 20
-63.45741503426467
 10
-60.43590655812216
 20
-63.40605301512034
 10
-61.0141483102533
 20
-63.34248013041017
 10
-61.59018062248345
 20
-63.26671178829283
 10
-62.16357126320879
 20
-63.17876339692652
 10
-62.73388800082603
 20
-63.07865036447022
 10
-63.30069860373175
 20
-62.96638809908253
 10
-63.19275766147839
 20
-60.92848881578693
 10
-63.12795084945721
 20
-58.8885119077491
 10
-63.10630456824643
 20
-56.84770354310973
 10
-63.12784521842391
 20
-54.80730989000925
 10
-52.8430687926122
 20
-53.15901126191375
  0
LWPOLYLINE
  5
6A
330
1422
100
AcDbEntity
  8
LAYER_1
100
AcDbPolyline
 90
       44
 70
     1
 43
0.0
 10
15.54376545046311
 20
-70.86205369539072
 10
15.82205656377674
 20
-70.9095487742347
 10
16.21923848834065
 20
-70.99367234211985
 10
16.71163787613422
 20
-71.11852688247383
 10
17.27558137913735
 20
-71.28821487872456
 10
17.88739564932947
 20
-71.5068388142995
 10
18.20385640086496
 20
-71.6357837854048
 10
18.52340733869011
 20
-71.77850117262683
 10
18.84308929430225
 20
-71.93550378639397
 10
19.15994309919886
 20
-72.10730443713453
 10
19.47100958487734
 20
-72.29441593527714
 10
19.77332958283527
 20
-72.49735109125019
 10
20.06394392456994
 20
-72.71662271548219
 10
20.33989344157892
 20
-72.95274361840156
 10
20.59821896535959
 20
-73.2062266104369
 10
20.83596132740936
 20
-73.47758450201651
 10
21.0501613592258
 20
-73.76733010356912
 10
21.23785989230622
 20
-74.07597622552309
 10
21.39609775814824
 20
-74.40403567830699
 10
21.5219157882491
 20
-74.75202127234891
 10
21.61235481410641
 20
-75.12044581807777
 10
21.66445566721745
 20
-75.50982212592176
 10
21.67525917907988
 20
-75.92066300630965
 10
21.64180618119099
 20
-76.35348126966963
 10
21.61844950858733
 20
-76.48531051327117
 10
9.51861251674064
 20
-72.85531706649944
 10
9.750742835248194
 20
-72.66066439716745
 10
9.993401826403703
 20
-72.47291676531969
 10
10.24628170285139
 20
-72.29297327299154
 10
10.50959136519681
 20
-72.12129975399458
 10
10.78353971404544
 20
-71.9583620421401
 10
11.068335650003
 20
-71.8046259712398
 10
11.36418807367505
 20
-71.66055737510411
 10
11.67130588566712
 20
-71.52662208754548
 10
11.98989798658502
 20
-71.40328594237456
 10
12.32017327703393
 20
-71.29101477340265
 10
12.66234065761974
 20
-71.19027441444124
 10
13.01660902894788
 20
-71.10153069930188
 10
13.38318729162407
 20
-71.0252494617957
 10
13.76228434625384
 20
-70.96189653573405
 10
14.15410909344281
 20
-70.91193775492826
 10
14.55887043379641
 20
-70.87583895318967
 10
14.97677726792039
 20
-70.8540659643299
 10
15.40803849642031
 20
-70.84708462215974
  0
LWPOLYLINE
  5
6B
330
1422
100
AcDbEntity
  8
LAYER_1
100
AcDbPolyline
 90
       45
 70
     1
 43
0.0
 10
-15.10875820585513
 20
-70.8540659643299
 10
-14.69085137173118
 20
-70.87583895318967
 10
-14.28609003137752
 20
-70.91193775492826
 10
-13.89426528418865
 20
-70.96189653573415
 10
-13.5151682295589
 20
-71.02524946179563
 10
-13.14858996688274
 20
-71.10153069930174
 10
-12.79432159555449
 20
-71.19027441444135
 10
-12.45215421496871
 20
-71.29101477340265
 10
-12.12187892451973
 20
-71.40328594237456
 10
-11.80328682360197
 20
-71.52662208754553
 10
-11.49616901160988
 20
-71.6605573751042
 10
-11.2003165879378
 20
-71.8046259712398
 10
-10.91552065198021
 20
-71.9583620421401
 10
-10.64157230313152
 20
-72.12129975399448
 10
-10.37826264078616
 20
-72.29297327299154
 10
-10.12538276433855
 20
-72.47291676531961
 10
-9.882723773183002
 20
-72.66066439716745
 10
-9.650076766713988
 20
-72.85575033472373
 10
-9.618159490819248
 20
-72.88578151413566
 10
-21.74366841497887
 20
-76.52347663045258
 10
-21.77378711912578
 20
-76.35348126966963
 10
-21.80724011701466
 20
-75.92066300630965
 10
-21.79643660515232
 20
-75.50982212592176
 10
-21.74433575204121
 20
-75.12044581807777
 10
-21.65389672618397
 20
-74.75202127234881
 10
-21.52807869608306
 20
-74.40403567830689
 10
-21.3698408302411
 20
-74.07597622552309
 10
-21.18214229716064
 20
-73.76733010356912
 10
-20.9679422653442
 20
-73.47758450201651
 10
-20.73019990329443
 20
-73.20622661043685
 10
-20.47187437951375
 20
-72.95274361840156
 10
-20.19592486250477
 20
-72.71662271548219
 10
-19.90531052077007
 20
-72.49735109125008
 10
-19.6029905228122
 20
-72.29441593527714
 10
-19.2919240371336
 20
-72.10730443713453
 10
-18.97507023223708
 20
-71.93550378639397
 10
-18.65538827662493
 20
-71.77850117262683
 10
-18.33583733879982
 20
-71.6357837854048
 10
-18.01937658726435
 20
-71.5068388142995
 10
-17.40756231707219
 20
-71.28821487872447
 10
-16.84361881406908
 20
-71.11852688247395
 10
-16.35121942627545
 20
-70.99367234211985
 10
-15.95403750171152
 20
-70.90954877423481
 10
-15.67574638839795
 20
-70.86205369539072
 10
-15.54001943435506
 20
-70.84708462215974
  0
LWPOLYLINE
  5
6C
330
1422
100
AcDbEntity
  8
LAYER_1
100
AcDbPolyline
 90
       97
 70
     1
 43
0.0
 10
80.17821800077978
 20
-54.05222686016588
 10
81.20166529339986
 20
-54.10402830145421
 10
82.14874679277844
 20
-54.19208263265832
 10
82.5926697934973
 20
-54.25101043898403
 10
83.01632465410005
 20
-54.32056843619514
 10
83.4193191439847
 20
-54.40127894709371
 10
83.80126103254928
 20
-54.49366429448225
 10
84.16175808919195
 20
-54.5982468011622
 10
84.50041808331077
 20
-54.71554878993617
 10
84.81684878430362
 20
-54.84609258360635
 10
85.11065796156897
 20
-54.99040050497459
 10
85.38145338450453
 20
-55.14899487684342
 10
85.62884282250847
 20
-55.32239802201456
 10
85.89039024993994
 20
-55.53461640288556
 10
86.13841719987741
 20
-55.75844373080154
 10
86.37329552421805
 20
-55.9933606538835
 10
86.59539707485913
 20
-56.23884782025243
 10
86.80509370369779
 20
-56.49438587802866
 10
87.00275726263132
 20
-56.75945547533356
 10
87.04985617333106
 20
-56.82885757774672
 10
89.01018714979935
 20
-63.36321793215146
 10
89.05961711309545
 20
-63.95129791355564
 10
89.13658907341888
 20
-65.29543862398634
 10
89.59905107760629
 20
-65.42412741925686
 10
89.63031497576617
 20
-65.43028656969402
 10
93.67646731640807
 20
-78.91730369075403
 10
93.38295252955013
 20
-78.59685062206707
 10
92.90465548446734
 20
-78.10740772332988
 10
92.420026053419
 20
-77.64150005695677
 10
91.93088172920866
 20
-77.19880929020442
 10
91.43904000463949
 20
-76.77901709033105
 10
90.94631837251483
 20
-76.38180512459368
 10
90.45453432563782
 20
-76.00685506025037
 10
89.96550535681171
 20
-75.65384856455802
 10
89.48104895883984
 20
-75.32246730477442
 10
89.00298262452547
 20
-75.01239294815698
 10
88.53312384667177
 20
-74.72330716196345
 10
88.07329011808215
 20
-74.45489161345077
 10
87.62529893155965
 20
-74.20682796987714
 10
86.77211415592958
 20
-73.77048306657549
 10
85.98810946220758
 20
-73.41172579011881
 10
85.28782479281963
 20
-73.12800947856647
 10
85.2721447310399
 20
-72.84230777418118
 10
85.24958670618614
 20
-72.25041001459721
 10
85.20038996375152
 20
-71.39935639047476
 10
85.10479374922914
 20
-70.33618709247384
 10
85.03342060415169
 20
-69.73975912534988
 10
84.9430373081123
 20
-69.10794231125419
 10
84.83117376679746
 20
-68.44661667401878
 10
84.69535988589397
 20
-67.7616622374762
 10
84.53312557108842
 20
-67.05895902545916
 10
84.34200072806742
 20
-66.34438706179965
 10
84.11951526251774
 20
-65.62382637033088
 10
83.86319908012593
 20
-64.9031569748848
 10
83.57058208657855
 20
-64.18825889929408
 10
83.23919418756238
 20
-63.48501216739126
 10
82.86656528876411
 20
-62.79929680300891
 10
82.66401355997365
 20
-62.46485089108539
 10
82.45022529587018
 20
-62.1369928299793
 10
82.22489173466451
 20
-61.81645762266946
 10
81.98770411456738
 20
-61.50398027213505
 10
81.73835367378972
 20
-61.20029578135511
 10
81.47653165054231
 20
-60.9061391533087
 10
81.20192928303609
 20
-60.62224539097504
 10
80.91423780948169
 20
-60.34934949733287
 10
80.61314846809013
 20
-60.08818647536145
 10
80.29835249707213
 20
-59.8394913280399
 10
79.96954113463853
 20
-59.60399905834693
 10
79.62640561900008
 20
-59.38244466926228
 10
79.26863718836791
 20
-59.17556316376429
 10
78.89592708095256
 20
-58.9840895448325
 10
78.50796653496494
 20
-58.80875881544555
 10
78.10444678861597
 20
-58.65030597858302
 10
77.6850590801163
 20
-58.50946603722362
 10
77.24949464767696
 20
-58.38697399434633
 10
76.79744472950858
 20
-58.28356485293053
 10
76.32860056382225
 20
-58.1999736159554
 10
75.84265338882848
 20
-58.1369352863994
 10
75.33929444273834
 20
-58.09518486724202
 10
74.81821496376261
 20
-58.07545736146243
 10
74.27910619011204
 20
-58.0784877720391
 10
73.7216593599976
 20
-58.10501110195172
 10
73.14556571162997
 20
-58.15576235417918
 10
72.52714020216256
 20
-58.24087476783718
 10
71.91418608991114
 20
-58.35984834544475
 10
71.3070822214004
 20
-58.5089521607599
 10
70.70620744315518
 20
-58.68445528754097
 10
70.11194060170024
 20
-58.88262679954657
 10
69.52466054356023
 20
-59.09973577053535
 10
68.94474611525986
 20
-59.33205127426524
 10
68.3725761633241
 20
-59.57584238449471
 10
68.04847606587205
 20
-54.52792783595211
 10
71.13942370617012
 20
-54.35369676574921
 10
74.02531920759526
 20
-54.19076261786115
 10
76.68105981162409
 20
-54.07255405162433
 10
77.91477741507645
 20
-54.04066831766825
 10
79.08154275973337
 20
-54.03249972637638
  0
LWPOLYLINE
  5
6D
330
1422
100
AcDbEntity
  8
LAYER_1
100
AcDbPolyline
 90
       72
 70
     1
 43
0.0
 10
46.72594797781646
 20
-67.75578157234561
 10
46.7487069861927
 20
-68.60632683791156
 10
46.74586322615874
 20
-69.43767092745678
 10
46.71820163668195
 20
-70.25000634202157
 10
46.66650715672985
 20
-71.04352558264655
 10
46.59156472526967
 20
-71.81842115037236
 10
46.49415928126923
 20
-72.57488554623868
 10
46.37507576369564
 20
-73.31311127128606
 10
46.23509911151656
 20
-74.0332908265549
 10
46.07501426369931
 20
-74.73561671308548
 10
45.89560615921143
 20
-75.42028143191814
 10
45.69765973702032
 20
-76.0874774840931
 10
45.48195993609334
 20
-76.73739737065069
 10
45.24929169539811
 20
-77.37023359263114
 10
45.00043995390185
 20
-77.98617865107536
 10
44.73618965057219
 20
-78.58542504702275
 10
44.45732572437654
 20
-79.1681652815145
 10
44.16463311428231
 20
-79.73459185559026
 10
43.85889675925702
 20
-80.28489727029073
 10
43.54090159826796
 20
-80.81927402665602
 10
43.21143257028268
 20
-81.3379146257265
 10
42.87127461426865
 20
-81.84101156854262
 10
42.52121266919324
 20
-82.32875735614468
 10
42.25665552008753
 20
-82.67684455008112
 10
31.11663802688566
 20
-79.33480031225427
 10
31.1142035787737
 20
-79.14107257211951
 10
31.09192559087412
 20
-78.49762145364081
 10
31.38906373086762
 20
-78.62736427317769
 10
31.69765577581677
 20
-78.74609019980126
 10
32.01669498779253
 20
-78.85370999327318
 10
32.34517462886595
 20
-78.95013441335485
 10
32.68208796110795
 20
-79.03527421980765
 10
33.02642824658946
 20
-79.10904017239317
 10
33.37718874738162
 20
-79.17134303087253
 10
33.7333627255552
 20
-79.22209355500725
 10
34.09394344318125
 20
-79.26120250455905
 10
34.45792416233076
 20
-79.28858063928879
 10
34.82429814507464
 20
-79.30413871895826
 10
35.19205865348393
 20
-79.30778750332892
 10
35.5601989496296
 20
-79.29943775216192
 10
35.92771229558259
 20
-79.27900022521895
 10
36.29359195341387
 20
-79.24638568226125
 10
36.65683118519453
 20
-79.20150488305044
 10
37.01642325299527
 20
-79.14426858734784
 10
37.3713614188874
 20
-79.07458755491481
 10
37.72063894494162
 20
-78.99237254551263
 10
38.06324909322906
 20
-78.89753431890301
 10
38.39818512582063
 20
-78.78998363484734
 10
38.72444030478736
 20
-78.66963125310658
 10
39.04100789220014
 20
-78.53638793344301
 10
39.34688115013003
 20
-78.39016443561725
 10
39.64105334064796
 20
-78.2308715193911
 10
39.92251772582487
 20
-78.05841994452601
 10
40.19026756773171
 20
-77.87272047078331
 10
40.44329612843956
 20
-77.6736838579242
 10
40.68059667001931
 20
-77.46122086571052
 10
40.901162454542
 20
-77.23524225390312
 10
41.10398674407861
 20
-76.99565878226408
 10
41.28806280070003
 20
-76.74238121055458
 10
41.59715632838397
 20
-76.24709438343554
 10
41.87313777702502
 20
-75.73626757646923
 10
42.11836048622765
 20
-75.21133401435228
 10
42.3351777955965
 20
-74.67372692178194
 10
42.5259430447362
 20
-74.12487952345442
 10
42.69300957325128
 20
-73.56622504406684
 10
42.83873072074654
 20
-72.99919670831617
 10
42.96545982682643
 20
-72.42522774089869
 10
43.07555023109562
 20
-71.84575136651179
 10
43.17135527315875
 20
-71.26220080985198
 10
43.32952262908529
 20
-70.08861004850093
 10
43.45878861144275
 20
-68.91592125442016
 10
43.57797993706831
 20
-67.75560022518435
  0
LWPOLYLINE
  5
6E
330
1422
100
AcDbEntity
  8
LAYER_1
100
AcDbPolyline
 90
       97
 70
     1
 43
0.0
 10
-70.43947816761944
 20
-70.7377075565425
 10
-71.23435390126106
 20
-71.97771983132233
 10
-72.02257792420062
 20
-73.22450768090428
 10
-72.78228403922344
 20
-74.48445943257621
 10
-73.14460969463649
 20
-75.12136812397351
 10
-73.49160604911476
 20
-75.76396341362637
 10
-73.82053982800645
 20
-76.4130438424455
 10
-74.12867775665988
 20
-77.06940795134213
 10
-74.41328656042296
 20
-77.733854281227
 10
-74.67163296464403
 20
-78.40718137301134
 10
-74.90098369467125
 20
-79.090187767606
 10
-75.09860547585276
 20
-79.78367200592216
 10
-75.72515162979382
 20
-79.7494980557796
 10
-76.32139140085708
 20
-79.75498240070187
 10
-76.88807399577105
 20
-79.79761905390069
 10
-77.4259486212639
 20
-79.87490202858706
 10
-77.93576448406437
 20
-79.9843253379721
 10
-78.41827079090042
 20
-80.1233829952673
 10
-78.8742167485008
 20
-80.28956901368371
 10
-79.304351563594
 20
-80.48037740643257
 10
-79.70942444290827
 20
-80.69330218672529
 10
-80.09018459317207
 20
-80.92583736777294
 10
-80.44738122111395
 20
-81.17547696278691
 10
-80.78176353346213
 20
-81.4397149849784
 10
-81.09408073694515
 20
-81.71604544755849
 10
-81.38508203829147
 20
-82.00196236373884
 10
-81.65551664422974
 20
-82.29495974673035
 10
-81.9061337614878
 20
-82.59253160974434
 10
-82.13768259679445
 20
-82.8921719659924
 10
-82.3509123568783
 20
-83.1913748286851
 10
-82.7254114782902
 20
-83.77844412625066
 10
-83.03562477955127
 20
-84.33369160813159
 10
-83.28754591448884
 20
-84.83706938001711
 10
-83.640486300703
 20
-85.60802421656385
 10
-83.75349285963446
 20
-85.83550549260476
 10
-83.7967524541057
 20
-85.90097614130627
 10
-83.832181867552
 20
-85.93092548141044
 10
-83.93270687280098
 20
-85.95858446164045
 10
-84.03448494291078
 20
-85.97078344550554
 10
-84.1370793808287
 20
-85.96831887781839
 10
-84.24005348950272
 20
-85.9519872033911
 10
-84.44539393091138
 20
-85.88090831356701
 10
-84.64701269071943
 20
-85.76391833453275
 10
-84.84141619250996
 20
-85.60738882478784
 10
-85.02511085986578
 20
-85.41769134283192
 10
-85.19460311636988
 20
-85.20119744716472
 10
-85.34639938560543
 20
-84.96427869628572
 10
-85.4770060911553
 20
-84.71330664869435
 10
-85.58292965660221
 20
-84.45465286289055
 10
-85.66067650552948
 20
-84.19468889737363
 10
-85.70675306152013
 20
-83.9397863106434
 10
-85.71766574815679
 20
-83.69631666119927
 10
-85.68992098902269
 20
-83.47065150754129
 10
-85.66046032466106
 20
-83.36648672866287
 10
-85.62002520770048
 20
-83.26916240816846
 10
-85.56817894108872
 20
-83.17947499087022
 10
-85.50448482777341
 20
-83.09822092158055
 10
-85.40269474072387
 20
-83.03212779725777
 10
-85.19559729777515
 20
-82.9281438105202
 10
-84.52261117679823
 20
-82.58627500000581
 10
-84.08528791507908
 20
-82.33827605133164
 10
-83.59978813007904
 20
-82.03215799044794
 10
-83.08039452995247
 20
-81.66286375490585
 10
-82.81245089551502
 20
-81.45294523962281
 10
-82.54138982285395
 20
-81.22533628225699
 10
-82.26899665048854
 20
-80.97940475000234
 10
-81.9970567169382
 20
-80.71451851005257
 10
-81.72735536072204
 20
-80.43004542960161
 10
-81.46167792035955
 20
-80.12535337584372
 10
-81.2018097343699
 20
-79.79981021597254
 10
-80.94953614127256
 20
-79.45278381718181
 10
-80.70664247958669
 20
-79.08364204666596
 10
-80.47491408783184
 20
-78.69175277161869
 10
-80.25613630452715
 20
-78.27648385923338
 10
-80.05209446819195
 20
-77.83720317670464
 10
-79.86457391734558
 20
-77.37327859122626
 10
-79.69535999050747
 20
-76.88407796999195
 10
-79.5462380261969
 20
-76.36896918019577
 10
-79.41899336293281
 20
-75.8273200890317
 10
-79.31541133923506
 20
-75.25849856369369
 10
-79.23727729362269
 20
-74.66187247137492
 10
-78.59637526295641
 20
-74.42304638035276
 10
-77.95961080716569
 20
-74.17222136342231
 10
-77.32730618184421
 20
-73.90957116812541
 10
-76.69978364258533
 20
-73.63526954200335
 10
-76.07736544498336
 20
-73.34949023259766
 10
-75.46037384463147
 20
-73.05240698744949
 10
-74.84913109712373
 20
-72.74419355410097
 10
-74.24395945805357
 20
-72.42502368009308
 10
-73.64518118301461
 20
-72.0950711129677
 10
-73.05311852760087
 20
-71.75450960026591
 10
-72.46809374740569
 20
-71.40351288952941
 10
-71.89042909802309
 20
-71.04225472829948
 10
-71.32044683504649
 20
-70.6709088641179
 10
-70.7584692140697
 20
-70.28964904452611
 10
-70.20481849068646
 20
-69.89864901706535
 10
-69.65981692049036
 20
-69.49808252927734
  0
LWPOLYLINE
  5
6F
330
1422
100
AcDbEntity
  8
LAYER_1
100
AcDbPolyline
 90
       72
 70
     1
 43
0.0
 10
-43.59076954937768
 20
-68.91592125442016
 10
-43.46150356702
 20
-70.08861004850082
 10
-43.30333621109356
 20
-71.26220080985209
 10
-43.20753116903045
 20
-71.84575136651179
 10
-43.0974407647612
 20
-72.42522774089869
 10
-42.97071165868136
 20
-72.99919670831617
 10
-42.82499051118614
 20
-73.56622504406684
 10
-42.65792398267084
 20
-74.12487952345442
 10
-42.46715873353118
 20
-74.67372692178194
 10
-42.25034142416245
 20
-75.21133401435228
 10
-42.00511871495985
 20
-75.73626757646923
 10
-41.72913726631884
 20
-76.24709438343569
 10
-41.42004373863486
 20
-76.74238121055458
 10
-41.23596768201346
 20
-76.99565878226408
 10
-41.03314339247686
 20
-77.23524225390312
 10
-40.81257760795413
 20
-77.46122086571052
 10
-40.57527706637438
 20
-77.6736838579242
 10
-40.32224850566655
 20
-77.87272047078339
 10
-40.0544986637597
 20
-78.05841994452601
 10
-39.77303427858273
 20
-78.2308715193911
 10
-39.47886208806475
 20
-78.39016443561725
 10
-39.17298883013486
 20
-78.53638793344301
 10
-38.85642124272211
 20
-78.66963125310658
 10
-38.53016606375549
 20
-78.78998363484727
 10
-38.19523003116382
 20
-78.89753431890301
 10
-37.85261988287646
 20
-78.99237254551271
 10
-37.50334235682215
 20
-79.07458755491487
 10
-37.14840419093001
 20
-79.14426858734784
 10
-36.78881212312929
 20
-79.20150488305044
 10
-36.42557289134874
 20
-79.24638568226132
 10
-36.05969323351741
 20
-79.27900022521905
 10
-35.69217988756436
 20
-79.29943775216192
 10
-35.3240395914187
 20
-79.30778750332892
 10
-34.95627908300943
 20
-79.30413871895826
 10
-34.58990510026545
 20
-79.28858063928887
 10
-34.22592438111603
 20
-79.26120250455898
 10
-33.86534366348999
 20
-79.22209355500732
 10
-33.50916968531634
 20
-79.17134303087253
 10
-33.15840918452436
 20
-79.10904017239317
 10
-32.81406889904283
 20
-79.03527421980765
 10
-32.47715556680084
 20
-78.95013441335485
 10
-32.14867592572739
 20
-78.85370999327318
 10
-31.82963671375156
 20
-78.74609019980126
 10
-31.52104466880248
 20
-78.62736427317769
 10
-31.22390652880887
 20
-78.49762145364074
 10
-31.24618451670849
 20
-79.14107257211951
 10
-31.24912597701562
 20
-79.37514716799873
 10
-42.36375944881987
 20
-82.70957611056266
 10
-42.653193607128
 20
-82.32875735614459
 10
-43.00325555220346
 20
-81.84101156854257
 10
-43.34341350821742
 20
-81.3379146257265
 10
-43.6728825362027
 20
-80.81927402665602
 10
-43.99087769719176
 20
-80.28489727029066
 10
-44.29661405221716
 20
-79.73459185559026
 10
-44.58930666231136
 20
-79.1681652815145
 10
-44.86817058850705
 20
-78.58542504702275
 10
-45.13242089183679
 20
-77.98617865107536
 10
-45.38127263333278
 20
-77.37023359263121
 10
-45.61394087402816
 20
-76.73739737065069
 10
-45.82964067495504
 20
-76.0874774840931
 10
-46.02758709714619
 20
-75.42028143191804
 10
-46.20699520163408
 20
-74.73561671308556
 10
-46.36708004945136
 20
-74.0332908265549
 10
-46.50705670163048
 20
-73.31311127128606
 10
-46.62614021920403
 20
-72.57488554623868
 10
-46.72354566320445
 20
-71.81842115037236
 10
-46.79848809466448
 20
-71.04352558264655
 10
-46.85018257461663
 20
-70.25000634202157
 10
-46.87784416409344
 20
-69.43767092745668
 10
-46.88068792412741
 20
-68.60632683791147
 10
-46.85792891575107
 20
-67.75578157234561
 10
-43.70996087500314
 20
-67.75560022518435
  0
LWPOLYLINE
  5
70
330
1422
100
AcDbEntity
  8
LAYER_1
100
AcDbPolyline
 90
       97
 70
     1
 43
0.0
 10
70.07283755275165
 20
-69.89864901706535
 10
70.62648827613493
 20
-70.28964904452611
 10
71.1884658971117
 20
-70.67090886411786
 10
71.75844816008828
 20
-71.04225472829948
 10
72.33611280947089
 20
-71.40351288952934
 10
72.92113758966602
 20
-71.7545096002658
 10
73.51320024507988
 20
-72.0950711129676
 10
74.11197852011873
 20
-72.42502368009308
 10
74.71715015918879
 20
-72.74419355410097
 10
75.32839290669669
 20
-73.05240698744949
 10
75.9453845070485
 20
-73.3494902325978
 10
76.56780270465062
 20
-73.63526954200327
 10
77.19532524390924
 20
-73.90957116812541
 10
77.82762986923081
 20
-74.17222136342231
 10
78.46439432502158
 20
-74.42304638035276
 10
79.10529635568785
 20
-74.66187247137502
 10
79.18343040130022
 20
-75.25849856369358
 10
79.28701242499801
 20
-75.82732008903163
 10
79.41425708826196
 20
-76.36896918019577
 10
79.56337905257264
 20
-76.88407796999195
 10
79.7325929794108
 20
-77.37327859122626
 10
79.92011353025713
 20
-77.83720317670464
 10
80.12415536659233
 20
-78.27648385923338
 10
80.34293314989705
 20
-78.69175277161859
 10
80.5746615416519
 20
-79.08364204666584
 10
80.81755520333771
 20
-79.45278381718181
 10
81.06982879643513
 20
-79.79981021597254
 10
81.32969698242467
 20
-80.12535337584372
 10
81.59537442278724
 20
-80.43004542960161
 10
81.86507577900341
 20
-80.71451851005257
 10
82.13701571255379
 20
-80.97940475000225
 10
82.40940888491921
 20
-81.22533628225699
 10
82.6804699575803
 20
-81.45294523962281
 10
82.94841359201765
 20
-81.66286375490585
 10
83.46780719214418
 20
-82.03215799044794
 10
83.95330697714426
 20
-82.33827605133177
 10
84.39063023886342
 20
-82.58627500000581
 10
85.06361635984031
 20
-82.92814381052016
 10
85.27071380278909
 20
-83.03212779725777
 10
85.37250388983876
 20
-83.09822092158048
 10
85.4361980031539
 20
-83.17947499087022
 10
85.4880442697657
 20
-83.26916240816855
 10
85.52847938672632
 20
-83.36648672866294
 10
85.55794005108776
 20
-83.47065150754122
 10
85.58568481022195
 20
-83.69631666119934
 10
85.57477212358525
 20
-83.9397863106434
 10
85.5286955675948
 20
-84.19468889737363
 10
85.45094871866742
 20
-84.45465286289058
 10
85.34502515322035
 20
-84.71330664869435
 10
85.21441844767059
 20
-84.96427869628567
 10
85.06262217843508
 20
-85.20119744716472
 10
84.89312992193084
 20
-85.41769134283192
 10
84.70943525457512
 20
-85.60738882478785
 10
84.5150317527846
 20
-85.76391833453275
 10
84.31341299297663
 20
-85.88090831356701
 10
84.10807255156798
 20
-85.95198720339103
 10
84.00509844289381
 20
-85.96831887781849
 10
83.90250400497581
 20
-85.97078344550551
 10
83.80072593486623
 20
-85.95858446164037
 10
83.70020092961722
 20
-85.93092548141044
 10
83.66477151617095
 20
-85.90097614130634
 10
83.62151192169969
 20
-85.83550549260479
 10
83.50850536276821
 20
-85.60802421656385
 10
83.15556497655403
 20
-84.83706938001711
 10
82.90364384161653
 20
-84.33369160813159
 10
82.59343054035545
 20
-83.77844412625066
 10
82.21893141894337
 20
-83.1913748286851
 10
82.00570165885968
 20
-82.8921719659924
 10
81.77415282355296
 20
-82.59253160974447
 10
81.52353570629477
 20
-82.29495974673035
 10
81.25310110035677
 20
-82.00196236373884
 10
80.96209979901045
 20
-81.7160454475586
 10
80.64978259552731
 20
-81.4397149849784
 10
80.31540028317905
 20
-81.17547696278688
 10
79.95820365523728
 20
-80.92583736777283
 10
79.57744350497344
 20
-80.69330218672522
 10
79.17237062565918
 20
-80.4803774064325
 10
78.74223581056608
 20
-80.28956901368379
 10
78.28628985296564
 20
-80.1233829952673
 10
77.80378354612951
 20
-79.9843253379721
 10
77.29396768332915
 20
-79.87490202858698
 10
76.7560930578363
 20
-79.79761905390069
 10
76.18941046292231
 20
-79.75498240070187
 10
75.59317069185905
 20
-79.7494980557796
 10
74.96662453791779
 20
-79.78367200592216
 10
74.7690027567364
 20
-79.090187767606
 10
74.53965202670921
 20
-78.40718137301134
 10
74.28130562248816
 20
-77.73385428122714
 10
73.996696818725
 20
-77.06940795134213
 10
73.68855889007166
 20
-76.4130438424455
 10
73.35962511117985
 20
-75.76396341362637
 10
73.01262875670161
 20
-75.12136812397351
 10
72.65030310128857
 20
-74.48445943257621
 10
71.89059698626579
 20
-73.22450768090428
 10
71.10237296332623
 20
-71.97771983132233
 10
70.30749722968455
 20
-70.73770755654243
 10
69.52783598255554
 20
-69.49808252927734
  0
LWPOLYLINE
  5
71
330
1422
100
AcDbEntity
  8
LAYER_1
100
AcDbPolyline
 90
      105
 70
     1
 43
0.0
 10
59.07690771901533
 20
-69.07842725390064
 10
58.80700415566746
 20
-69.67358803383764
 10
58.55532005143796
 20
-70.27703712831439
 10
58.32634462707297
 20
-70.88827762272154
 10
58.12456710331844
 20
-71.50681260244946
 10
57.95447670092059
 20
-72.13214515288981
 10
57.82056264062556
 20
-72.76377835943279
 10
57.72731414317933
 20
-73.40121530746973
 10
57.67651389101264
 20
-73.96257008187181
 10
57.65081378104611
 20
-74.50657226415896
 10
57.64945213946525
 20
-75.03349434777374
 10
57.67166729245531
 20
-75.54360882615994
 10
57.71669756620205
 20
-76.03718819275958
 10
57.78378128689096
 20
-76.51450494101621
 10
57.87215678070746
 20
-76.97583156437282
 10
57.98106237383714
 20
-77.42144055627204
 10
58.10973639246558
 20
-77.85160441015674
 10
58.25741716277816
 20
-78.26659561947065
 10
58.42334301096044
 20
-78.66668667765613
 10
58.60675226319795
 20
-79.05215007815616
 10
58.80688324567625
 20
-79.42325831441363
 10
59.02297428458078
 20
-79.78028387987205
 10
59.25426370609711
 20
-80.12349926797369
 10
59.49998983641076
 20
-80.45317697216219
 10
59.75939100170728
 20
-80.76958948587979
 10
60.031705528172
 20
-81.0730093025703
 10
60.31617174199064
 20
-81.36370891567585
 10
60.61202796934867
 20
-81.64196081863991
 10
60.91851253643157
 20
-81.90803750490555
 10
61.23486376942498
 20
-82.16221146791516
 10
61.56031999451421
 20
-82.4047552011123
 10
61.8941195378849
 20
-82.63594119793964
 10
62.23550072572255
 20
-82.85604195184024
 10
62.58370188421274
 20
-83.06532995625692
 10
63.29751741789246
 20
-83.45255769041086
 10
64.02947274840835
 20
-83.7998043479453
 10
64.77347448524449
 20
-84.10924987640385
 10
65.52342923788502
 20
-84.38307422333044
 10
66.27324361581402
 20
-84.62345733626836
 10
67.01682422851579
 20
-84.83257916276183
 10
67.74807768547431
 20
-85.01261965035444
 10
68.4609105961738
 20
-85.16575874658968
 10
69.14922957009837
 20
-85.29417639901179
 10
69.80694121673223
 20
-85.4000525551641
 10
70.4279521455593
 20
-85.48556716259048
 10
71.53549828773019
 20
-85.60423152144061
 10
72.42312087248425
 20
-85.6676090559117
 10
73.04207277569442
 20
-85.69313934635401
 10
73.34360687323401
 20
-85.69826197311737
 10
73.4007671316847
 20
-86.1234747023616
 10
73.47102924317164
 20
-86.53913263454532
 10
73.55402763912751
 20
-86.94535281379875
 10
73.6493967509844
 20
-87.34225228425291
 10
73.75677101017486
 20
-87.72994809003774
 10
73.87578484813134
 20
-88.10855727528389
 10
74.00607269628636
 20
-88.47819688412201
 10
74.14726898607212
 20
-88.83898396068262
 10
74.29900814892119
 20
-89.19103554909593
 10
74.46092461626588
 20
-89.53446869349235
 10
74.63265281953866
 20
-89.86940043800293
 10
74.81382719017194
 20
-90.1959478267577
 10
75.00408215959824
 20
-90.51422790388743
 10
75.20305215924984
 20
-90.82435771352235
 10
75.62567497495866
 20
-91.42063470682993
 10
76.07877108875789
 20
-91.98571515972462
 10
76.55941595210684
 20
-92.52053542525043
 10
77.06468501646485
 20
-93.02603185645116
 10
77.21887465054038
 20
-93.16563265637206
 10
63.63211506679263
 20
-89.08955722782698
 10
63.43306512810575
 20
-89.00957658270732
 10
63.20731150124469
 20
-88.9355126708625
 10
62.97765708632706
 20
-88.87483423592835
 10
62.81936928217947
 20
-88.84573064784701
 10
56.02798140188522
 20
-86.80829051402
 10
55.86166184534325
 20
-86.64961622463005
 10
55.59778306021838
 20
-86.37040789126276
 10
55.35035093949028
 20
-86.08033459050755
 10
55.11893779840548
 20
-85.77989202808529
 10
54.9031159522101
 20
-85.46957590971624
 10
54.70245771615053
 20
-85.14988194112076
 10
54.51653540547299
 20
-84.82130582801948
 10
54.34492133542373
 20
-84.48434327613261
 10
54.18718782124916
 20
-84.13948999118078
 10
54.04290717819539
 20
-83.78724167888446
 10
53.91165172150885
 20
-83.42809404496403
 10
53.79299376643576
 20
-83.0625427951398
 10
53.68650562822242
 20
-82.69108363513238
 10
53.59175962211514
 20
-82.3142122706624
 10
53.43578326720384
 20
-81.54621575121561
 10
53.32164322367207
 20
-80.76251888256315
 10
53.24591801348996
 20
-79.96708731046855
 10
53.20518615862813
 20
-79.16388668069537
 10
53.19602618105667
 20
-78.3568826390071
 10
53.21501660274584
 20
-77.55004083116737
 10
53.25873594566589
 20
-76.74732690293989
 10
53.32376273178725
 20
-75.95270650008821
 10
53.40667548308005
 20
-75.17014526837572
 10
53.50405272151456
 20
-74.40360885356589
 10
53.61247296906114
 20
-73.65706290142269
 10
53.72851474769014
 20
-72.93447305770945
 10
53.96977698607601
 20
-71.5770242786273
 10
54.20046761243439
 20
-70.362987682428
 10
54.39321480252772
 20
-69.32408843521999
 10
54.52064673211802
 20
-68.49205170311197
 10
59.36054152073542
 20
-68.49205170311197
  0
LWPOLYLINE
  5
72
330
1422
100
AcDbEntity
  8
LAYER_1
100
AcDbPolyline
 90
      106
 70
     1
 43
0.0
 10
-54.65262767005295
 20
-68.49205170311214
 10
-54.5987868518355
 20
-68.88022943189678
 10
-54.52519574046249
 20
-69.32408843521999
 10
-54.3324485503694
 20
-70.362987682428
 10
-54.10175792401076
 20
-71.5770242786273
 10
-53.8604956856249
 20
-72.93447305770955
 10
-53.63603365944932
 20
-74.40360885356589
 10
-53.53865642101479
 20
-75.17014526837572
 10
-53.45574366972206
 20
-75.95270650008821
 10
-53.39071688360073
 20
-76.74732690293994
 10
-53.34699754068068
 20
-77.55004083116737
 10
-53.32800711899142
 20
-78.35688263900713
 10
-53.33716709656287
 20
-79.16388668069537
 10
-53.37789895142482
 20
-79.96708731046848
 10
-53.45362416160676
 20
-80.76251888256315
 10
-53.56776420513856
 20
-81.54621575121561
 10
-53.72374056004987
 20
-82.3142122706624
 10
-53.81848656615728
 20
-82.69108363513238
 10
-53.9249747043707
 20
-83.0625427951398
 10
-54.04363265944364
 20
-83.42809404496403
 10
-54.17488811613024
 20
-83.78724167888446
 10
-54.319168759184
 20
-84.13948999118078
 10
-54.47690227335861
 20
-84.48434327613261
 10
-54.64851634340788
 20
-84.82130582801953
 10
-54.83443865408529
 20
-85.14988194112076
 10
-55.03509689014489
 20
-85.46957590971633
 10
-55.25091873634025
 20
-85.77989202808529
 10
-55.48233187742515
 20
-86.08033459050755
 10
-55.72976399815304
 20
-86.37040789126285
 10
-55.993642783278
 20
-86.64961622463016
 10
-56.22141946222604
 20
-86.86692261615204
 10
-62.62226125121997
 20
-88.78719755568447
 10
-62.64492606994607
 20
-88.78938996959517
 10
-63.1096380242619
 20
-88.87483423592835
 10
-63.33929243917943
 20
-88.93551267086259
 10
-63.5650460660406
 20
-89.00957658270737
 10
-63.78532409492293
 20
-89.09808692826151
 10
-63.98782262654417
 20
-89.19687074772264
 10
-77.41725145397476
 20
-93.22574639871771
 10
-77.19666595439959
 20
-93.02603185645116
 10
-76.69139689004158
 20
-92.52053542525043
 10
-76.21075202669281
 20
-91.98571515972462
 10
-75.75765591289346
 20
-91.42063470682993
 10
-75.33503309718466
 20
-90.82435771352235
 10
-74.94580812810674
 20
-90.1959478267577
 10
-74.7646337574735
 20
-89.86940043800293
 10
-74.59290555420054
 20
-89.53446869349241
 10
-74.43098908685596
 20
-89.19103554909602
 10
-74.27924992400694
 20
-88.83898396068266
 10
-74.1380536342211
 20
-88.47819688412201
 10
-74.00776578606616
 20
-88.10855727528389
 10
-73.88875194810968
 20
-87.72994809003774
 10
-73.78137768891932
 20
-87.34225228425291
 10
-73.68600857706218
 20
-86.94535281379886
 10
-73.6030101811065
 20
-86.53913263454532
 10
-73.53274806961962
 20
-86.1234747023616
 10
-73.47558781116886
 20
-85.69826197311726
 10
-73.17405371362922
 20
-85.69313934635401
 10
-72.555101810419
 20
-85.6676090559117
 10
-71.66747922566507
 20
-85.60423152144046
 10
-70.55993308349403
 20
-85.48556716259048
 10
-69.93892215466688
 20
-85.40005255516424
 10
-69.28121050803316
 20
-85.2941763990117
 10
-68.59289153410855
 20
-85.16575874658968
 10
-67.88005862340911
 20
-85.01261965035435
 10
-67.14880516645054
 20
-84.83257916276183
 10
-66.40522455374894
 20
-84.62345733626836
 10
-65.65541017581974
 20
-84.38307422333037
 10
-64.90545542317929
 20
-84.10924987640392
 10
-64.1614536863431
 20
-83.79980434794537
 10
-63.42949835582725
 20
-83.45255769041086
 10
-62.71568282214747
 20
-83.06532995625692
 10
-62.36748166365734
 20
-82.85604195184031
 10
-62.02610047581967
 20
-82.63594119793964
 10
-61.69230093244909
 20
-82.4047552011123
 10
-61.3668447073598
 20
-82.1622114679152
 10
-61.0504934743664
 20
-81.90803750490555
 10
-60.74400890728349
 20
-81.64196081863991
 10
-60.44815267992547
 20
-81.36370891567592
 10
-60.16368646610675
 20
-81.0730093025703
 10
-59.891371939642
 20
-80.76958948587979
 10
-59.63197077434555
 20
-80.45317697216214
 10
-59.38624464403189
 20
-80.12349926797364
 10
-59.15495522251561
 20
-79.78028387987212
 10
-58.93886418361105
 20
-79.42325831441363
 10
-58.73873320113258
 20
-79.05215007815616
 10
-58.55532394889524
 20
-78.66668667765613
 10
-58.38939810071286
 20
-78.26659561947065
 10
-58.24171733040036
 20
-77.85160441015674
 10
-58.11304331177202
 20
-77.42144055627204
 10
-58.00413771864231
 20
-76.97583156437282
 10
-57.91576222482587
 20
-76.51450494101628
 10
-57.84867850413686
 20
-76.03718819275968
 10
-57.80364823039013
 20
-75.54360882615984
 10
-57.78143307739997
 20
-75.03349434777374
 10
-57.78279471898103
 20
-74.50657226415896
 10
-57.80849482894757
 20
-73.96257008187181
 10
-57.85929508111411
 20
-73.40121530746987
 10
-57.9525435785604
 20
-72.76377835943273
 10
-58.08645763885539
 20
-72.13214515288972
 10
-58.25654804125317
 20
-71.50681260244946
 10
-58.4583255650077
 20
-70.88827762272154
 10
-58.68730098937279
 20
-70.27703712831439
 10
-58.93898509360223
 20
-69.67358803383764
 10
-59.20888865695014
 20
-69.07842725390064
 10
-59.49252245867018
 20
-68.49205170311197
  0
ENDSEC
  0
SECTION
  2
OBJECTS
  0
DICTIONARY
  5
13BA
330
0
100
AcDbDictionary
281
     1
  3
ACAD_COLOR
350
1418
  3
ACAD_GROUP
350
13BB
  3
ACAD_LAYOUT
350
1417
  3
ACAD_MATERIAL
350
13BE
  3
ACAD_MLEADERSTYLE
350
141B
  3
ACAD_MLINESTYLE
350
1414
  3
ACAD_PLOTSETTINGS
350
1416
  3
ACAD_PLOTSTYLENAME
350
13BC
  3
ACAD_SCALELIST
350
13E8
  3
ACAD_TABLESTYLE
350
1419
  3
ACAD_VISUALSTYLE
350
13D7
  3
ACDB_RECOMPOSE_DATA
350
143C
  3
AcDbVariableDictionary
350
1433
  3
DWGPROPS
350
143D
  0
DICTIONARY
  5
142F
330
140A
100
AcDbDictionary
280
     1
281
     1
  3
ADSK_XREC_LAYER_RECONCILED
360
1430
  0
DICTIONARY
  5
1431
330
1428
100
AcDbDictionary
280
     1
281
     1
  3
ADSK_XREC_LAYER_RECONCILED
360
1432
  0
DICTIONARY
  5
1418
102
{ACAD_REACTORS
330
13BA
102
}
330
13BA
100
AcDbDictionary
281
     1
  0
DICTIONARY
  5
13BB
102
{ACAD_REACTORS
330
13BA
102
}
330
13BA
100
AcDbDictionary
281
     1
  0
DICTIONARY
  5
1417
102
{ACAD_REACTORS
330
13BA
102
}
330
13BA
100
AcDbDictionary
281
     1
  3
Model
350
1425
  3
Présentation1
350
1421
  0
DICTIONARY
  5
13BE
102
{ACAD_REACTORS
330
13BA
102
}
330
13BA
100
AcDbDictionary
281
     1
  3
ByBlock
350
13C7
  3
ByLayer
350
13BF
  3
Global
350
13CF
  0
DICTIONARY
  5
141B
102
{ACAD_REACTORS
330
13BA
102
}
330
13BA
100
AcDbDictionary
281
     1
  3
Standard
350
141C
  0
DICTIONARY
  5
1414
102
{ACAD_REACTORS
330
13BA
102
}
330
13BA
100
AcDbDictionary
281
     1
  3
Standard
350
1415
  0
DICTIONARY
  5
1416
102
{ACAD_REACTORS
330
13BA
102
}
330
13BA
100
AcDbDictionary
281
     1
  0
ACDBDICTIONARYWDFLT
  5
13BC
102
{ACAD_REACTORS
330
13BA
102
}
330
13BA
100
AcDbDictionary
281
     1
  3
Normal
350
13BD
100
AcDbDictionaryWithDefault
340
13BD
  0
DICTIONARY
  5
13E8
102
{ACAD_REACTORS
330
13BA
102
}
330
13BA
100
AcDbDictionary
281
     1
  3
A0
350
13E9
  3
A1
350
13EA
  3
A2
350
13EB
  3
A3
350
13EC
  3
A4
350
13ED
  3
A5
350
13EE
  3
A6
350
13EF
  3
A7
350
13F0
  3
A8
350
13F1
  3
A9
350
13F2
  3
B0
350
13F3
  3
B1
350
13F4
  3
B2
350
13F5
  3
B3
350
13F6
  3
B4
350
13F7
  3
B5
350
13F8
  3
B6
350
13F9
  3
B7
350
13FA
  3
B8
350
13FB
  3
B9
350
13FC
  3
C0
350
13FD
  3
C1
350
13FE
  3
C2
350
13FF
  3
C3
350
1400
  3
C4
350
1401
  3
C5
350
1402
  3
C6
350
1403
  3
C7
350
1404
  3
C8
350
1405
  3
C9
350
1406
  3
D0
350
1407
  3
D1
350
1408
  3
D2
350
1409
  0
DICTIONARY
  5
1419
102
{ACAD_REACTORS
330
13BA
102
}
330
13BA
100
AcDbDictionary
281
     1
  3
Standard
350
141A
  0
DICTIONARY
  5
13D7
102
{ACAD_REACTORS
330
13BA
102
}
330
13BA
100
AcDbDictionary
281
     1
  3
2dWireframe
350
13DD
  3
3D Hidden
350
13DF
  3
3dWireframe
350
13DE
  3
Basic
350
13DC
  3
Brighten
350
13E3
  3
ColorChange
350
13E7
  3
Conceptual
350
13E0
  3
Dim
350
13E2
  3
Facepattern
350
13E6
  3
Flat
350
13D8
  3
FlatWithEdges
350
13D9
  3
Gouraud
350
13DA
  3
GouraudWithEdges
350
13DB
  3
Linepattern
350
13E5
  3
Realistic
350
13E1
  3
Thicken
350
13E4
  0
XRECORD
  5
143C
102
{ACAD_REACTORS
330
13BA
102
}
330
13BA
100
AcDbXrecord
280
     1
 90
        1
330
141A
  0
DICTIONARY
  5
1433
102
{ACAD_REACTORS
330
13BA
102
}
330
13BA
100
AcDbDictionary
281
     1
  3
CANNOSCALE
350
1436
  3
CMLEADERSTYLE
350
1435
  3
CTABLESTYLE
350
1434
  3
DIMASSOC
350
1439
  3
INDEXCTL
350
1438
  3
SORTENTS
350
1437
  0
XRECORD
  5
143D
102
{ACAD_REACTORS
330
13BA
102
}
330
13BA
100
AcDbXrecord
280
     1
  1
DWGPROPS COOKIE
  2

  3

  4

  6

  7

  8
user
  9

300
=
301
=
302
=
303
=
304
=
305
=
306
=
307
=
308
=
309
=
 40
0.000342037037037
 41
2454910.5
 42
2457347.641732118
  1

 90
        0
  0
XRECORD
  5
1430
102
{ACAD_REACTORS
330
142F
102
}
330
142F
100
AcDbXrecord
280
     1
290
     1
  0
XRECORD
  5
1432
102
{ACAD_REACTORS
330
1431
102
}
330
1431
100
AcDbXrecord
280
     1
290
     1
  0
LAYOUT
  5
1425
102
{ACAD_XDICTIONARY
360
1444
102
}
102
{ACAD_REACTORS
330
1417
102
}
330
1417
100
AcDbPlotSettings
  1

  2
CutePDF Writer
  4

  6

 40
0.0
 41
0.0
 42
0.0
 43
0.0
 44
0.0
 45
0.0
 46
0.0
 47
0.0
 48
0.0
 49
0.0
140
0.0
141
0.0
142
1.0
143
1.0
 70
  1712
 72
     0
 73
     0
 74
     0
  7

 75
     0
147
1.0
148
0.0
149
0.0
100
AcDbLayout
  1
Model
 70
     1
 71
     0
 10
0.0
 20
0.0
 11
12.0
 21
9.0
 12
0.0
 22
0.0
 32
0.0
 14
0.0
 24
0.0
 34
0.0
 15
0.0
 25
0.0
 35
0.0
146
0.0
 13
0.0
 23
0.0
 33
0.0
 16
1.0
 26
0.0
 36
0.0
 17
0.0
 27
1.0
 37
0.0
 76
     0
330
1422
331
1426
  0
LAYOUT
  5
1421
102
{ACAD_XDICTIONARY
360
1442
102
}
102
{ACAD_REACTORS
330
1417
102
}
330
1417
100
AcDbPlotSettings
  1

  2
CutePDF Writer
  4

  6

 40
0.0
 41
0.0
 42
0.0
 43
0.0
 44
0.0
 45
0.0
 46
0.0
 47
0.0
 48
0.0
 49
0.0
140
0.0
141
0.0
142
1.0
143
1.0
 70
   688
 72
     0
 73
     0
 74
     5
  7

 75
    16
147
1.0
148
0.0
149
0.0
100
AcDbLayout
  1
Présentation1
 70
     1
 71
     1
 10
0.0
 20
0.0
 11
12.0
 21
9.0
 12
0.0
 22
0.0
 32
0.0
 14
1.000000000000000E+20
 24
1.000000000000000E+20
 34
1.000000000000000E+20
 15
-1.000000000000000E+20
 25
-1.000000000000000E+20
 35
-1.000000000000000E+20
146
0.0
 13
0.0
 23
0.0
 33
0.0
 16
1.0
 26
0.0
 36
0.0
 17
0.0
 27
1.0
 37
0.0
 76
     0
330
141E
  0
MATERIAL
  5
13C7
102
{ACAD_XDICTIONARY
360
13C8
102
}
102
{ACAD_REACTORS
330
13BE
102
}
330
13BE
100
AcDbMaterial
  1
ByBlock
 72
     0
 43
0.0208333333333333
 43
0.0
 43
0.0
 43
0.0
 43
0.0
 43
0.0208333333333333
 43
0.0
 43
0.0
 43
0.0
 43
0.0
 43
1.0
 43
0.0
 43
0.0
 43
0.0
 43
0.0
 43
1.0
 77
     0
 47
0.0208333333333333
 47
0.0
 47
0.0
 47
0.0
 47
0.0
 47
0.0208333333333333
 47
0.0
 47
0.0
 47
0.0
 47
0.0
 47
1.0
 47
0.0
 47
0.0
 47
0.0
 47
0.0
 47
1.0
171
     0
 49
0.0208333333333333
 49
0.0
 49
0.0
 49
0.0
 49
0.0
 49
0.0208333333333333
 49
0.0
 49
0.0
 49
0.0
 49
0.0
 49
1.0
 49
0.0
 49
0.0
 49
0.0
 49
0.0
 49
1.0
175
     0
142
0.0208333333333333
142
0.0
142
0.0
142
0.0
142
0.0
142
0.0208333333333333
142
0.0
142
0.0
142
0.0
142
0.0
142
1.0
142
0.0
142
0.0
142
0.0
142
0.0
142
1.0
179
     0
144
0.0208333333333333
144
0.0
144
0.0
144
0.0
144
0.0
144
0.0208333333333333
144
0.0
144
0.0
144
0.0
144
0.0
144
1.0
144
0.0
144
0.0
144
0.0
144
0.0
144
1.0
147
0.0208333333333333
147
0.0
147
0.0
147
0.0
147
0.0
147
0.0208333333333333
147
0.0
147
0.0
147
0.0
147
0.0
147
1.0
147
0.0
147
0.0
147
0.0
147
0.0
147
1.0
  0
MATERIAL
  5
13BF
102
{ACAD_XDICTIONARY
360
13C0
102
}
102
{ACAD_REACTORS
330
13BE
102
}
330
13BE
100
AcDbMaterial
  1
ByLayer
 72
     0
 43
0.0208333333333333
 43
0.0
 43
0.0
 43
0.0
 43
0.0
 43
0.0208333333333333
 43
0.0
 43
0.0
 43
0.0
 43
0.0
 43
1.0
 43
0.0
 43
0.0
 43
0.0
 43
0.0
 43
1.0
 77
     0
 47
0.0208333333333333
 47
0.0
 47
0.0
 47
0.0
 47
0.0
 47
0.0208333333333333
 47
0.0
 47
0.0
 47
0.0
 47
0.0
 47
1.0
 47
0.0
 47
0.0
 47
0.0
 47
0.0
 47
1.0
171
     0
 49
0.0208333333333333
 49
0.0
 49
0.0
 49
0.0
 49
0.0
 49
0.0208333333333333
 49
0.0
 49
0.0
 49
0.0
 49
0.0
 49
1.0
 49
0.0
 49
0.0
 49
0.0
 49
0.0
 49
1.0
175
     0
142
0.0208333333333333
142
0.0
142
0.0
142
0.0
142
0.0
142
0.0208333333333333
142
0.0
142
0.0
142
0.0
142
0.0
142
1.0
142
0.0
142
0.0
142
0.0
142
0.0
142
1.0
179
     0
144
0.0208333333333333
144
0.0
144
0.0
144
0.0
144
0.0
144
0.0208333333333333
144
0.0
144
0.0
144
0.0
144
0.0
144
1.0
144
0.0
144
0.0
144
0.0
144
0.0
144
1.0
147
0.0208333333333333
147
0.0
147
0.0
147
0.0
147
0.0
147
0.0208333333333333
147
0.0
147
0.0
147
0.0
147
0.0
147
1.0
147
0.0
147
0.0
147
0.0
147
0.0
147
1.0
  0
MATERIAL
  5
13CF
102
{ACAD_XDICTIONARY
360
13D0
102
}
102
{ACAD_REACTORS
330
13BE
102
}
330
13BE
100
AcDbMaterial
  1
Global
 72
     0
 43
0.0208333333333333
 43
0.0
 43
0.0
 43
0.0
 43
0.0
 43
0.0208333333333333
 43
0.0
 43
0.0
 43
0.0
 43
0.0
 43
1.0
 43
0.0
 43
0.0
 43
0.0
 43
0.0
 43
1.0
 77
     0
 47
0.0208333333333333
 47
0.0
 47
0.0
 47
0.0
 47
0.0
 47
0.0208333333333333
 47
0.0
 47
0.0
 47
0.0
 47
0.0
 47
1.0
 47
0.0
 47
0.0
 47
0.0
 47
0.0
 47
1.0
171
     0
 49
0.0208333333333333
 49
0.0
 49
0.0
 49
0.0
 49
0.0
 49
0.0208333333333333
 49
0.0
 49
0.0
 49
0.0
 49
0.0
 49
1.0
 49
0.0
 49
0.0
 49
0.0
 49
0.0
 49
1.0
175
     0
142
0.0208333333333333
142
0.0
142
0.0
142
0.0
142
0.0
142
0.0208333333333333
142
0.0
142
0.0
142
0.0
142
0.0
142
1.0
142
0.0
142
0.0
142
0.0
142
0.0
142
1.0
179
     0
144
0.0208333333333333
144
0.0
144
0.0
144
0.0
144
0.0
144
0.0208333333333333
144
0.0
144
0.0
144
0.0
144
0.0
144
1.0
144
0.0
144
0.0
144
0.0
144
0.0
144
1.0
147
0.0208333333333333
147
0.0
147
0.0
147
0.0
147
0.0
147
0.0208333333333333
147
0.0
147
0.0
147
0.0
147
0.0
147
1.0
147
0.0
147
0.0
147
0.0
147
0.0
147
1.0
  0
MLEADERSTYLE
  5
141C
102
{ACAD_REACTORS
330
141B
102
}
330
141B
100
AcDbMLeaderStyle
170
     2
171
     1
172
     0
 90
        2
 40
0.0
 41
0.0
173
     1
 91
-1056964608
340
1410
 92
       -2
290
     1
 42
0.09
291
     1
 43
0.36
  3
Standard
 44
0.18
300

342
140B
174
     1
178
     6
175
     1
176
     0
 93
-1056964608
 45
0.18
292
     0
297
     0
 46
0.18
 94
-1056964608
 47
1.0
 49
1.0
140
1.0
293
     1
141
0.0
294
     1
177
     0
142
1.0
295
     0
296
     0
143
0.125
1001
ACAD_MLEADERVER
1070
     2
  0
MLINESTYLE
  5
1415
102
{ACAD_REACTORS
330
1414
102
}
330
1414
100
AcDbMlineStyle
  2
STANDARD
 70
     0
  3

 62
   256
 51
90.0
 52
90.0
 71
     2
 49
0.5
 62
   256
  6
BYLAYER
 49
-0.5
 62
   256
  6
BYLAYER
  0
ACDBPLACEHOLDER
  5
13BD
102
{ACAD_REACTORS
330
13BC
102
}
330
13BC
  0
SCALE
  5
13E9
102
{ACAD_REACTORS
330
13E8
102
}
330
13E8
100
AcDbScale
 70
     0
300
1:1
140
1.0
141
1.0
290
     1
  0
SCALE
  5
13EA
102
{ACAD_REACTORS
330
13E8
102
}
330
13E8
100
AcDbScale
 70
     0
300
1:2
140
1.0
141
2.0
290
     0
  0
SCALE
  5
13EB
102
{ACAD_REACTORS
330
13E8
102
}
330
13E8
100
AcDbScale
 70
     0
300
1:4
140
1.0
141
4.0
290
     0
  0
SCALE
  5
13EC
102
{ACAD_REACTORS
330
13E8
102
}
330
13E8
100
AcDbScale
 70
     0
300
1:5
140
1.0
141
5.0
290
     0
  0
SCALE
  5
13ED
102
{ACAD_REACTORS
330
13E8
102
}
330
13E8
100
AcDbScale
 70
     0
300
1:8
140
1.0
141
8.0
290
     0
  0
SCALE
  5
13EE
102
{ACAD_REACTORS
330
13E8
102
}
330
13E8
100
AcDbScale
 70
     0
300
1:10
140
1.0
141
10.0
290
     0
  0
SCALE
  5
13EF
102
{ACAD_REACTORS
330
13E8
102
}
330
13E8
100
AcDbScale
 70
     0
300
1:16
140
1.0
141
16.0
290
     0
  0
SCALE
  5
13F0
102
{ACAD_REACTORS
330
13E8
102
}
330
13E8
100
AcDbScale
 70
     0
300
1:20
140
1.0
141
20.0
290
     0
  0
SCALE
  5
13F1
102
{ACAD_REACTORS
330
13E8
102
}
330
13E8
100
AcDbScale
 70
     0
300
1:30
140
1.0
141
30.0
290
     0
  0
SCALE
  5
13F2
102
{ACAD_REACTORS
330
13E8
102
}
330
13E8
100
AcDbScale
 70
     0
300
1:40
140
1.0
141
40.0
290
     0
  0
SCALE
  5
13F3
102
{ACAD_REACTORS
330
13E8
102
}
330
13E8
100
AcDbScale
 70
     0
300
1:50
140
1.0
141
50.0
290
     0
  0
SCALE
  5
13F4
102
{ACAD_REACTORS
330
13E8
102
}
330
13E8
100
AcDbScale
 70
     0
300
1:100
140
1.0
141
100.0
290
     0
  0
SCALE
  5
13F5
102
{ACAD_REACTORS
330
13E8
102
}
330
13E8
100
AcDbScale
 70
     0
300
2:1
140
2.0
141
1.0
290
     0
  0
SCALE
  5
13F6
102
{ACAD_REACTORS
330
13E8
102
}
330
13E8
100
AcDbScale
 70
     0
300
4:1
140
4.0
141
1.0
290
     0
  0
SCALE
  5
13F7
102
{ACAD_REACTORS
330
13E8
102
}
330
13E8
100
AcDbScale
 70
     0
300
8:1
140
8.0
141
1.0
290
     0
  0
SCALE
  5
13F8
102
{ACAD_REACTORS
330
13E8
102
}
330
13E8
100
AcDbScale
 70
     0
300
10:1
140
10.0
141
1.0
290
     0
  0
SCALE
  5
13F9
102
{ACAD_REACTORS
330
13E8
102
}
330
13E8
100
AcDbScale
 70
     0
300
100:1
140
100.0
141
1.0
290
     0
  0
SCALE
  5
13FA
102
{ACAD_REACTORS
330
13E8
102
}
330
13E8
100
AcDbScale
 70
     0
300
1/128" = 1'-0"
140
0.0078125
141
12.0
290
     0
  0
SCALE
  5
13FB
102
{ACAD_REACTORS
330
13E8
102
}
330
13E8
100
AcDbScale
 70
     0
300
1/64" = 1'-0"
140
0.015625
141
12.0
290
     0
  0
SCALE
  5
13FC
102
{ACAD_REACTORS
330
13E8
102
}
330
13E8
100
AcDbScale
 70
     0
300
1/32" = 1'-0"
140
0.03125
141
12.0
290
     0
  0
SCALE
  5
13FD
102
{ACAD_REACTORS
330
13E8
102
}
330
13E8
100
AcDbScale
 70
     0
300
1/16" = 1'-0"
140
0.0625
141
12.0
290
     0
  0
SCALE
  5
13FE
102
{ACAD_REACTORS
330
13E8
102
}
330
13E8
100
AcDbScale
 70
     0
300
3/32" = 1'-0"
140
0.09375
141
12.0
290
     0
  0
SCALE
  5
13FF
102
{ACAD_REACTORS
330
13E8
102
}
330
13E8
100
AcDbScale
 70
     0
300
1/8" = 1'-0"
140
0.125
141
12.0
290
     0
  0
SCALE
  5
1400
102
{ACAD_REACTORS
330
13E8
102
}
330
13E8
100
AcDbScale
 70
     0
300
3/16" = 1'-0"
140
0.1875
141
12.0
290
     0
  0
SCALE
  5
1401
102
{ACAD_REACTORS
330
13E8
102
}
330
13E8
100
AcDbScale
 70
     0
300
1/4" = 1'-0"
140
0.25
141
12.0
290
     0
  0
SCALE
  5
1402
102
{ACAD_REACTORS
330
13E8
102
}
330
13E8
100
AcDbScale
 70
     0
300
3/8" = 1'-0"
140
0.375
141
12.0
290
     0
  0
SCALE
  5
1403
102
{ACAD_REACTORS
330
13E8
102
}
330
13E8
100
AcDbScale
 70
     0
300
1/2" = 1'-0"
140
0.5
141
12.0
290
     0
  0
SCALE
  5
1404
102
{ACAD_REACTORS
330
13E8
102
}
330
13E8
100
AcDbScale
 70
     0
300
3/4" = 1'-0"
140
0.75
141
12.0
290
     0
  0
SCALE
  5
1405
102
{ACAD_REACTORS
330
13E8
102
}
330
13E8
100
AcDbScale
 70
     0
300
1" = 1'-0"
140
1.0
141
12.0
290
     0
  0
SCALE
  5
1406
102
{ACAD_REACTORS
330
13E8
102
}
330
13E8
100
AcDbScale
 70
     0
300
1-1/2" = 1'-0"
140
1.5
141
12.0
290
     0
  0
SCALE
  5
1407
102
{ACAD_REACTORS
330
13E8
102
}
330
13E8
100
AcDbScale
 70
     0
300
3" = 1'-0"
140
3.0
141
12.0
290
     0
  0
SCALE
  5
1408
102
{ACAD_REACTORS
330
13E8
102
}
330
13E8
100
AcDbScale
 70
     0
300
6" = 1'-0"
140
6.0
141
12.0
290
     0
  0
SCALE
  5
1409
102
{ACAD_REACTORS
330
13E8
102
}
330
13E8
100
AcDbScale
 70
     0
300
1'-0" = 1'-0"
140
12.0
141
12.0
290
     0
  0
TABLESTYLE
  5
141A
102
{ACAD_XDICTIONARY
360
143A
102
}
102
{ACAD_REACTORS
330
1419
102
}
330
1419
100
AcDbTableStyle
  3
Standard
 70
     0
 71
     0
 40
0.06
 41
0.06
280
     0
281
     0
  7
STANDARD
140
0.18
170
     2
 62
     0
 63
     7
283
     0
274
    -2
284
     1
 64
     0
275
    -2
285
     1
 65
     0
276
    -2
286
     1
 66
     0
277
    -2
287
     1
 67
     0
278
    -2
288
     1
 68
     0
279
    -2
289
     1
 69
     0
  7
STANDARD
140
0.25
170
     5
 62
     0
 63
     7
283
     0
274
    -2
284
     1
 64
     0
275
    -2
285
     1
 65
     0
276
    -2
286
     1
 66
     0
277
    -2
287
     1
 67
     0
278
    -2
288
     1
 68
     0
279
    -2
289
     1
 69
     0
  7
STANDARD
140
0.18
170
     5
 62
     0
 63
     7
283
     0
274
    -2
284
     1
 64
     0
275
    -2
285
     1
 65
     0
276
    -2
286
     1
 66
     0
277
    -2
287
     1
 67
     0
278
    -2
288
     1
 68
     0
279
    -2
289
     1
 69
     0
  0
VISUALSTYLE
  5
13DD
102
{ACAD_REACTORS
330
13D7
102
}
330
13D7
100
AcDbVisualStyle
  2
2dWireframe
 70
     4
 71
     0
 72
     2
 73
     0
 90
        0
 40
-0.6
 41
-30.0
 62
     5
 63
     7
 74
     1
 91
        4
 64
     7
 65
   257
 75
     1
175
     1
 42
1.0
 92
        0
 66
   257
 43
1.0
 76
     1
 77
     6
 78
     2
 67
     7
 79
     5
170
     0
171
     0
290
     0
174
     0
 93
        1
 44
0.0
173
     0
291
     0
 45
0.0
1001
ACAD
1000
AcDbSavedByObjectVersion
1070
     0
  0
VISUALSTYLE
  5
13DF
102
{ACAD_REACTORS
330
13D7
102
}
330
13D7
100
AcDbVisualStyle
  2
3D Hidden
 70
     6
 71
     1
 72
     2
 73
     2
 90
        0
 40
-0.6
 41
-30.0
 62
     5
 63
     7
 74
     2
 91
        2
 64
     7
 65
   257
 75
     2
175
     1
 42
40.0
 92
        0
 66
   257
 43
1.0
 76
     1
 77
     6
 78
     2
 67
     7
 79
     3
170
     0
171
     0
290
     0
174
     0
 93
        1
 44
0.0
173
     0
291
     0
 45
0.0
1001
ACAD
1000
AcDbSavedByObjectVersion
1070
     0
  0
VISUALSTYLE
  5
13DE
102
{ACAD_REACTORS
330
13D7
102
}
330
13D7
100
AcDbVisualStyle
  2
3dWireframe
 70
     5
 71
     0
 72
     2
 73
     0
 90
        0
 40
-0.6
 41
-30.0
 62
     5
 63
     7
 74
     1
 91
        4
 64
     7
 65
   257
 75
     1
175
     1
 42
1.0
 92
        0
 66
   257
 43
1.0
 76
     1
 77
     6
 78
     2
 67
     7
 79
     5
170
     0
171
     0
290
     0
174
     0
 93
        1
 44
0.0
173
     0
291
     0
 45
0.0
1001
ACAD
1000
AcDbSavedByObjectVersion
1070
     0
  0
VISUALSTYLE
  5
13DC
102
{ACAD_REACTORS
330
13D7
102
}
330
13D7
100
AcDbVisualStyle
  2
Basic
 70
     7
 71
     1
 72
     0
 73
     1
 90
        0
 40
-0.6
 41
-30.0
 62
     5
 63
     7
 74
     0
 91
        4
 64
     7
 65
   257
 75
     1
175
     1
 42
1.0
 92
        8
 66
     7
 43
1.0
 76
     1
 77
     6
 78
     2
 67
     7
 79
     5
170
     0
171
     0
290
     0
174
     0
 93
        1
 44
0.0
173
     0
291
     1
 45
0.0
1001
ACAD
1000
AcDbSavedByObjectVersion
1070
     0
  0
VISUALSTYLE
  5
13E3
102
{ACAD_REACTORS
330
13D7
102
}
330
13D7
100
AcDbVisualStyle
  2
Brighten
 70
    12
 71
     2
 72
     2
 73
     0
 90
        0
 40
-0.6
 41
-30.0
 62
     5
 63
     7
 74
     1
 91
        4
 64
     7
 65
   257
 75
     1
175
     1
 42
1.0
 92
        8
 66
     7
 43
1.0
 76
     1
 77
     6
 78
     2
 67
     7
 79
     5
170
     0
171
     0
290
     0
174
     0
 93
        1
 44
50.0
173
     0
291
     1
 45
0.0
1001
ACAD
1000
AcDbSavedByObjectVersion
1070
     0
  0
VISUALSTYLE
  5
13E7
102
{ACAD_REACTORS
330
13D7
102
}
330
13D7
100
AcDbVisualStyle
  2
ColorChange
 70
    16
 71
     2
 72
     2
 73
     3
 90
        0
 40
-0.6
 41
-30.0
 62
     5
 63
     8
 74
     1
 91
        4
 64
     7
 65
   257
 75
     1
175
     1
 42
1.0
 92
        8
 66
     8
 43
1.0
 76
     1
 77
     6
 78
     2
 67
     7
 79
     5
170
     0
171
     0
290
     0
174
     0
 93
        1
 44
0.0
173
     0
291
     1
 45
0.0
1001
ACAD
1000
AcDbSavedByObjectVersion
1070
     0
  0
VISUALSTYLE
  5
13E0
102
{ACAD_REACTORS
330
13D7
102
}
330
13D7
100
AcDbVisualStyle
  2
Conceptual
 70
     9
 71
     3
 72
     2
 73
     0
 90
        0
 40
-0.6
 41
-30.0
 62
     5
 63
     7
 74
     2
 91
        2
 64
     7
 65
   257
 75
     1
175
     1
 42
40.0
 92
        8
 66
     7
 43
1.0
 76
     1
 77
     6
 78
     2
 67
     7
 79
     3
170
     0
171
     0
290
     0
174
     0
 93
        1
 44
0.0
173
     0
291
     0
 45
0.0
1001
ACAD
1000
AcDbSavedByObjectVersion
1070
     0
  0
VISUALSTYLE
  5
13E2
102
{ACAD_REACTORS
330
13D7
102
}
330
13D7
100
AcDbVisualStyle
  2
Dim
 70
    11
 71
     2
 72
     2
 73
     0
 90
        0
 40
-0.6
 41
-30.0
 62
     5
 63
     7
 74
     1
 91
        4
 64
     7
 65
   257
 75
     1
175
     1
 42
1.0
 92
        8
 66
     7
 43
1.0
 76
     1
 77
     6
 78
     2
 67
     7
 79
     5
170
     0
171
     0
290
     0
174
     0
 93
        1
 44
-50.0
173
     0
291
     1
 45
0.0
1001
ACAD
1000
AcDbSavedByObjectVersion
1070
     0
  0
VISUALSTYLE
  5
13E6
102
{ACAD_REACTORS
330
13D7
102
}
330
13D7
100
AcDbVisualStyle
  2
Facepattern
 70
    15
 71
     2
 72
     2
 73
     0
 90
        0
 40
-0.6
 41
-30.0
 62
     5
 63
     7
 74
     1
 91
        4
 64
     7
 65
   257
 75
     1
175
     1
 42
1.0
 92
        8
 66
     7
 43
1.0
 76
     1
 77
     6
 78
     2
 67
     7
 79
     5
170
     0
171
     0
290
     0
174
     0
 93
        1
 44
0.0
173
     0
291
     1
 45
0.0
1001
ACAD
1000
AcDbSavedByObjectVersion
1070
     0
  0
VISUALSTYLE
  5
13D8
102
{ACAD_REACTORS
330
13D7
102
}
330
13D7
100
AcDbVisualStyle
  2
Flat
 70
     0
 71
     2
 72
     1
 73
     1
 90
        2
 40
-0.6
 41
30.0
 62
     5
 63
     7
 74
     0
 91
        4
 64
     7
 65
   257
 75
     1
175
     1
 42
1.0
 92
        8
 66
     7
 43
1.0
 76
     1
 77
     6
 78
     2
 67
     7
 79
     5
170
     0
171
     0
290
     0
174
     0
 93
       13
 44
0.0
173
     0
291
     1
 45
0.0
1001
ACAD
1000
AcDbSavedByObjectVersion
1070
     0
  0
VISUALSTYLE
  5
13D9
102
{ACAD_REACTORS
330
13D7
102
}
330
13D7
100
AcDbVisualStyle
  2
FlatWithEdges
 70
     1
 71
     2
 72
     1
 73
     1
 90
        2
 40
-0.6
 41
30.0
 62
     5
 63
     7
 74
     1
 91
        4
 64
     7
 65
   257
 75
     1
175
     1
 42
1.0
 92
        0
 66
   257
 43
1.0
 76
     1
 77
     6
 78
     2
 67
     7
 79
     5
170
     0
171
     0
290
     0
174
     0
 93
       13
 44
0.0
173
     0
291
     1
 45
0.0
1001
ACAD
1000
AcDbSavedByObjectVersion
1070
     0
  0
VISUALSTYLE
  5
13DA
102
{ACAD_REACTORS
330
13D7
102
}
330
13D7
100
AcDbVisualStyle
  2
Gouraud
 70
     2
 71
     2
 72
     2
 73
     1
 90
        2
 40
-0.6
 41
30.0
 62
     5
 63
     7
 74
     0
 91
        4
 64
     7
 65
   257
 75
     1
175
     1
 42
1.0
 92
        0
 66
     7
 43
1.0
 76
     1
 77
     6
 78
     2
 67
     7
 79
     5
170
     0
171
     0
290
     0
174
     0
 93
       13
 44
0.0
173
     0
291
     1
 45
0.0
1001
ACAD
1000
AcDbSavedByObjectVersion
1070
     0
  0
VISUALSTYLE
  5
13DB
102
{ACAD_REACTORS
330
13D7
102
}
330
13D7
100
AcDbVisualStyle
  2
GouraudWithEdges
 70
     3
 71
     2
 72
     2
 73
     1
 90
        2
 40
-0.6
 41
30.0
 62
     5
 63
     7
 74
     1
 91
        4
 64
     7
 65
   257
 75
     1
175
     1
 42
1.0
 92
        0
 66
   257
 43
1.0
 76
     1
 77
     6
 78
     2
 67
     7
 79
     5
170
     0
171
     0
290
     0
174
     0
 93
       13
 44
0.0
173
     0
291
     1
 45
0.0
1001
ACAD
1000
AcDbSavedByObjectVersion
1070
     0
  0
VISUALSTYLE
  5
13E5
102
{ACAD_REACTORS
330
13D7
102
}
330
13D7
100
AcDbVisualStyle
  2
Linepattern
 70
    14
 71
     2
 72
     2
 73
     0
 90
        0
 40
-0.6
 41
-30.0
 62
     5
 63
     7
 74
     1
 91
        4
 64
     7
 65
   257
 75
     7
175
     7
 42
1.0
 92
        8
 66
     7
 43
1.0
 76
     1
 77
     6
 78
     2
 67
     7
 79
     5
170
     0
171
     0
290
     0
174
     0
 93
        1
 44
0.0
173
     0
291
     1
 45
0.0
1001
ACAD
1000
AcDbSavedByObjectVersion
1070
     0
  0
VISUALSTYLE
  5
13E1
102
{ACAD_REACTORS
330
13D7
102
}
330
13D7
100
AcDbVisualStyle
  2
Realistic
 70
     8
 71
     2
 72
     2
 73
     0
 90
        0
 40
-0.6
 41
-30.0
 62
     5
 63
     7
 74
     1
 91
        0
 64
     7
 65
   257
 75
     1
175
     1
 42
1.0
 92
        8
 66
     8
 43
1.0
 76
     1
 77
     6
 78
     2
 67
     7
 79
     5
170
     0
171
     0
290
     0
174
     0
 93
       13
 44
0.0
173
     0
291
     0
 45
0.0
1001
ACAD
1000
AcDbSavedByObjectVersion
1070
     0
  0
VISUALSTYLE
  5
13E4
102
{ACAD_REACTORS
330
13D7
102
}
330
13D7
100
AcDbVisualStyle
  2
Thicken
 70
    13
 71
     2
 72
     2
 73
     0
 90
        0
 40
-0.6
 41
-30.0
 62
     5
 63
     7
 74
     1
 91
        4
 64
     7
 65
   257
 75
     1
175
     1
 42
1.0
 92
       12
 66
     7
 43
1.0
 76
     1
 77
     6
 78
     2
 67
     7
 79
     5
170
     0
171
     0
290
     0
174
     0
 93
        1
 44
0.0
173
     0
291
     1
 45
0.0
1001
ACAD
1000
AcDbSavedByObjectVersion
1070
     0
  0
DICTIONARYVAR
  5
1436
102
{ACAD_REACTORS
330
1433
102
}
330
1433
100
DictionaryVariables
280
     0
  1
1:1
  0
DICTIONARYVAR
  5
1435
102
{ACAD_REACTORS
330
1433
102
}
330
1433
100
DictionaryVariables
280
     0
  1
STANDARD
  0
DICTIONARYVAR
  5
1434
102
{ACAD_REACTORS
330
1433
102
}
330
1433
100
DictionaryVariables
280
     0
  1
STANDARD
  0
DICTIONARYVAR
  5
1439
102
{ACAD_REACTORS
330
1433
102
}
330
1433
100
DictionaryVariables
280
     0
  1
1
  0
DICTIONARYVAR
  5
1438
102
{ACAD_REACTORS
330
1433
102
}
330
1433
100
DictionaryVariables
280
     0
  1
0
  0
DICTIONARYVAR
  5
1437
102
{ACAD_REACTORS
330
1433
102
}
330
1433
100
DictionaryVariables
280
     0
  1
127
  0
DICTIONARY
  5
1444
330
1425
100
AcDbDictionary
280
     1
281
     1
  3
ACAD_XREC_ROUNDTRIP
360
1445
  0
DICTIONARY
  5
1442
330
1421
100
AcDbDictionary
280
     1
281
     1
  3
ACAD_XREC_ROUNDTRIP
360
1443
  0
DICTIONARY
  5
13C8
330
13C7
100
AcDbDictionary
280
     1
281
     1
  3
ACAD_XREC_ROUNDTRIP
360
143F
  3
BUMPTILE
360
13CA
  3
DIFFUSETILE
360
13C9
  3
OPACITYTILE
360
13CD
  3
REFLECTIONTILE
360
13CC
  3
REFRACTIONTILE
360
13CE
  3
SPECULARTILE
360
13CB
  0
DICTIONARY
  5
13C0
330
13BF
100
AcDbDictionary
280
     1
281
     1
  3
ACAD_XREC_ROUNDTRIP
360
143E
  3
BUMPTILE
360
13C2
  3
DIFFUSETILE
360
13C1
  3
OPACITYTILE
360
13C5
  3
REFLECTIONTILE
360
13C4
  3
REFRACTIONTILE
360
13C6
  3
SPECULARTILE
360
13C3
  0
DICTIONARY
  5
13D0
330
13CF
100
AcDbDictionary
280
     1
281
     1
  3
ACAD_XREC_ROUNDTRIP
360
1440
  3
BUMPTILE
360
13D2
  3
DIFFUSETILE
360
13D1
  3
OPACITYTILE
360
13D5
  3
REFLECTIONTILE
360
13D4
  3
REFRACTIONTILE
360
13D6
  3
SPECULARTILE
360
13D3
  0
DICTIONARY
  5
143A
330
141A
100
AcDbDictionary
280
     1
281
     1
  3
ACAD_ROUNDTRIP_2008_TABLESTYLE_CELLSTYLEMAP
360
143B
  3
ACAD_XREC_ROUNDTRIP
360
1441
  0
XRECORD
  5
1445
102
{ACAD_REACTORS
330
1444
102
}
330
1444
100
AcDbXrecord
280
     1
102
SHADEPLOT
 70
     0
102
SHADEPLOTRESLEVEL
 70
     2
102
SHADEPLOTCUSTOMDPI
 70
   300
  0
XRECORD
  5
1443
102
{ACAD_REACTORS
330
1442
102
}
330
1442
100
AcDbXrecord
280
     1
102
SHADEPLOT
 70
     0
102
SHADEPLOTRESLEVEL
 70
     2
102
SHADEPLOTCUSTOMDPI
 70
   300
  0
XRECORD
  5
143F
102
{ACAD_REACTORS
330
13C8
102
}
330
13C8
100
AcDbXrecord
280
     1
102
MATERIAL
148
0.0
149
0.0
149
0.0
 93
        0
 94
      127
282
     0
 72
     0
 77
     0
171
     0
175
     0
179
     0
273
     0
  0
XRECORD
  5
13CA
102
{ACAD_REACTORS
330
13C8
102
}
330
13C8
100
AcDbXrecord
280
     1
270
     1
271
     1
  0
XRECORD
  5
13C9
102
{ACAD_REACTORS
330
13C8
102
}
330
13C8
100
AcDbXrecord
280
     1
270
     1
271
     1
  0
XRECORD
  5
13CD
102
{ACAD_REACTORS
330
13C8
102
}
330
13C8
100
AcDbXrecord
280
     1
270
     1
271
     1
  0
XRECORD
  5
13CC
102
{ACAD_REACTORS
330
13C8
102
}
330
13C8
100
AcDbXrecord
280
     1
270
     1
271
     1
  0
XRECORD
  5
13CE
102
{ACAD_REACTORS
330
13C8
102
}
330
13C8
100
AcDbXrecord
280
     1
270
     1
271
     1
  0
XRECORD
  5
13CB
102
{ACAD_REACTORS
330
13C8
102
}
330
13C8
100
AcDbXrecord
280
     1
270
     1
271
     1
  0
XRECORD
  5
143E
102
{ACAD_REACTORS
330
13C0
102
}
330
13C0
100
AcDbXrecord
280
     1
102
MATERIAL
148
0.0
149
0.0
149
0.0
 93
        0
 94
      127
282
     0
 72
     0
 77
     0
171
     0
175
     0
179
     0
273
     0
  0
XRECORD
  5
13C2
102
{ACAD_REACTORS
330
13C0
102
}
330
13C0
100
AcDbXrecord
280
     1
270
     1
271
     1
  0
XRECORD
  5
13C1
102
{ACAD_REACTORS
330
13C0
102
}
330
13C0
100
AcDbXrecord
280
     1
270
     1
271
     1
  0
XRECORD
  5
13C5
102
{ACAD_REACTORS
330
13C0
102
}
330
13C0
100
AcDbXrecord
280
     1
270
     1
271
     1
  0
XRECORD
  5
13C4
102
{ACAD_REACTORS
330
13C0
102
}
330
13C0
100
AcDbXrecord
280
     1
270
     1
271
     1
  0
XRECORD
  5
13C6
102
{ACAD_REACTORS
330
13C0
102
}
330
13C0
100
AcDbXrecord
280
     1
270
     1
271
     1
  0
XRECORD
  5
13C3
102
{ACAD_REACTORS
330
13C0
102
}
330
13C0
100
AcDbXrecord
280
     1
270
     1
271
     1
  0
XRECORD
  5
1440
102
{ACAD_REACTORS
330
13D0
102
}
330
13D0
100
AcDbXrecord
280
     1
102
MATERIAL
148
0.0
149
0.0
149
0.0
 93
        0
 94
      127
282
     0
 72
     0
 77
     0
171
     0
175
     0
179
     0
273
     0
  0
XRECORD
  5
13D2
102
{ACAD_REACTORS
330
13D0
102
}
330
13D0
100
AcDbXrecord
280
     1
270
     1
271
     1
  0
XRECORD
  5
13D1
102
{ACAD_REACTORS
330
13D0
102
}
330
13D0
100
AcDbXrecord
280
     1
270
     1
271
     1
  0
XRECORD
  5
13D5
102
{ACAD_REACTORS
330
13D0
102
}
330
13D0
100
AcDbXrecord
280
     1
270
     1
271
     1
  0
XRECORD
  5
13D4
102
{ACAD_REACTORS
330
13D0
102
}
330
13D0
100
AcDbXrecord
280
     1
270
     1
271
     1
  0
XRECORD
  5
13D6
102
{ACAD_REACTORS
330
13D0
102
}
330
13D0
100
AcDbXrecord
280
     1
270
     1
271
     1
  0
XRECORD
  5
13D3
102
{ACAD_REACTORS
330
13D0
102
}
330
13D0
100
AcDbXrecord
280
     1
270
     1
271
     1
  0
CELLSTYLEMAP
  5
143B
102
{ACAD_REACTORS
330
143A
102
}
330
143A
100
AcDbCellStyleMap
 90
        3
300
CELLSTYLE
  1
TABLEFORMAT_BEGIN
 90
        5
170
     1
 91
        0
 92
    32768
 62
   257
 93
        1
300
CONTENTFORMAT
  1
CONTENTFORMAT_BEGIN
 90
        0
 91
        0
 92
      512
 93
        0
300

 40
0.0
140
1.0
 94
        5
 62
     0
340
140B
144
0.25
309
CONTENTFORMAT_END
171
     0
 94
        0
309
TABLEFORMAT_END
  1
CELLSTYLE_BEGIN
 90
        1
 91
        1
300
_TITLE
309
CELLSTYLE_END
300
CELLSTYLE
  1
TABLEFORMAT_BEGIN
 90
        5
170
     1
 91
        0
 92
        0
 62
   257
 93
        1
300
CONTENTFORMAT
  1
CONTENTFORMAT_BEGIN
 90
        0
 91
        0
 92
      512
 93
        0
300

 40
0.0
140
1.0
 94
        5
 62
     0
340
140B
144
0.18
309
CONTENTFORMAT_END
171
     0
 94
        0
309
TABLEFORMAT_END
  1
CELLSTYLE_BEGIN
 90
        2
 91
        1
300
_HEADER
309
CELLSTYLE_END
300
CELLSTYLE
  1
TABLEFORMAT_BEGIN
 90
        5
170
     1
 91
        0
 92
        0
 62
   257
 93
        1
300
CONTENTFORMAT
  1
CONTENTFORMAT_BEGIN
 90
        0
 91
        0
 92
      512
 93
        0
300

 40
0.0
140
1.0
 94
        2
 62
     0
340
140B
144
0.18
309
CONTENTFORMAT_END
171
     0
 94
        0
309
TABLEFORMAT_END
  1
CELLSTYLE_BEGIN
 90
        3
 91
        2
300
_DATA
309
CELLSTYLE_END
  0
XRECORD
  5
1441
102
{ACAD_REACTORS
330
143A
102
}
330
143A
100
AcDbXrecord
280
     1
102
ACAD_ROUNDTRIP_PRE2007_TABLESTYLE
 90
      512
 91
        0
  1

 92
      512
 93
        0
  2

 94
      512
 95
        0
  3

  0
ENDSEC
  0
EOF
